<?xml version='1.0' encoding='utf-8'?>
<osm version="0.6" generator="OSMnx 1.9.1"><node id="245664547" timestamp="2026-04-01T21:47:02Z" uid="1" user="OSMnx" version="1" changeset="1" lat="19.050685" lon="72.837003" /><node id="245664667" timestamp="2026-04-01T21:47:02Z" uid="1" user="OSMnx" version="1" changeset="1" lat="19.05095" lon="72.838214"><tag k="highway" v="traffic_signals" /></node><node id="245665786" timestamp="2026-04-01T21:47:02Z" uid="1" user="OSMnx" version="1" changeset="1" lat="19.058596" lon="72.836734" /><node id="245666187" timestamp="2026-04-01T21:47:02Z" uid="1" user="OSMnx" version="1" changeset="1" lat="19.063708" lon="72.833824" /><node id="245666615" timestamp="2026-04-01T21:47:02Z" uid="1" user="OSMnx" version="1" changeset="1" lat="19.06393" lon="72.837202" /><node id="245666879" timestamp="2026-04-01T21:47:02Z" uid="1" user="OSMnx" version="1" changeset="1" lat="19.065678" lon="72.837183" /><node id="245667153" timestamp="2026-04-01T21:47:02Z" uid="1" user="OSMnx" version="1" changeset="1" lat="19.067735" lon="72.83721"><tag k="highway" v="traffic_signals" /></node><node id="245667328" timestamp="2026-04-01T21:47:02Z" uid="1" user="OSMnx" version="1" changeset="1" lat="19.07018" lon="72.834693" /><node id="245667331" timestamp="2026-04-01T21:47:02Z" uid="1" user="OSMnx" version="1" changeset="1" lat="19.070012" lon="72.836331" /><node id="245667348" timestamp="2026-04-01T21:47:02Z" uid="1" user="OSMnx" version="1" changeset="1" lat="19.070219" lon="72.826381" /><node id="245667366" timestamp="2026-04-01T21:47:02Z" uid="1" user="OSMnx" version="1" changeset="1" lat="19.070351" lon="72.832983" /><node id="245667399" timestamp="2026-04-01T21:47:02Z" uid="1" user="OSMnx" version="1" changeset="1" lat="19.070759" lon="72.832043" /><node id="245667430" timestamp="2026-04-01T21:47:02Z" uid="1" user="OSMnx" version="1" changeset="1" lat="19.070842" lon="72.826365" /><node id="245667431" timestamp="2026-04-01T21:47:02Z" uid="1" user="OSMnx" version="1" changeset="1" lat="19.071175" lon="72.831249" /><node id="245667444" timestamp="2026-04-01T21:47:02Z" uid="1" user="OSMnx" version="1" changeset="1" lat="19.071528" lon="72.830271" /><node id="245667457" timestamp="2026-04-01T21:47:02Z" uid="1" user="OSMnx" version="1" changeset="1" lat="19.07137" lon="72.83733"><tag k="highway" v="traffic_signals" /></node><node id="245667466" timestamp="2026-04-01T21:47:02Z" uid="1" user="OSMnx" version="1" changeset="1" lat="19.07177" lon="72.829513" /><node id="245667479" timestamp="2026-04-01T21:47:02Z" uid="1" user="OSMnx" version="1" changeset="1" lat="19.071938" lon="72.835708" /><node id="245667480" timestamp="2026-04-01T21:47:02Z" uid="1" user="OSMnx" version="1" changeset="1" lat="19.07143" lon="72.836545" /><node id="245667501" timestamp="2026-04-01T21:47:02Z" uid="1" user="OSMnx" version="1" changeset="1" lat="19.071886" lon="72.829133" /><node id="245667503" timestamp="2026-04-01T21:47:02Z" uid="1" user="OSMnx" version="1" changeset="1" lat="19.071605" lon="72.834874" /><node id="245667566" timestamp="2026-04-01T21:47:02Z" uid="1" user="OSMnx" version="1" changeset="1" lat="19.071954" lon="72.825508" /><node id="245667584" timestamp="2026-04-01T21:47:02Z" uid="1" user="OSMnx" version="1" changeset="1" lat="19.072546" lon="72.837426" /><node id="245667593" timestamp="2026-04-01T21:47:02Z" uid="1" user="OSMnx" version="1" changeset="1" lat="19.07213" lon="72.826094" /><node id="245667594" timestamp="2026-04-01T21:47:02Z" uid="1" user="OSMnx" version="1" changeset="1" lat="19.072702" lon="72.83583" /><node id="245667595" timestamp="2026-04-01T21:47:02Z" uid="1" user="OSMnx" version="1" changeset="1" lat="19.072644" lon="72.836682" /><node id="245667605" timestamp="2026-04-01T21:47:02Z" uid="1" user="OSMnx" version="1" changeset="1" lat="19.072592" lon="72.832431" /><node id="245667607" timestamp="2026-04-01T21:47:02Z" uid="1" user="OSMnx" version="1" changeset="1" lat="19.072956" lon="72.834038" /><node id="245667608" timestamp="2026-04-01T21:47:02Z" uid="1" user="OSMnx" version="1" changeset="1" lat="19.072839" lon="72.835032" /><node id="245667644" timestamp="2026-04-01T21:47:02Z" uid="1" user="OSMnx" version="1" changeset="1" lat="19.072831" lon="72.831921" /><node id="245667667" timestamp="2026-04-01T21:47:02Z" uid="1" user="OSMnx" version="1" changeset="1" lat="19.073173" lon="72.831106" /><node id="245667684" timestamp="2026-04-01T21:47:02Z" uid="1" user="OSMnx" version="1" changeset="1" lat="19.073571" lon="72.830189"><tag k="highway" v="traffic_signals" /></node><node id="245667695" timestamp="2026-04-01T21:47:02Z" uid="1" user="OSMnx" version="1" changeset="1" lat="19.072051" lon="72.839259" /><node id="245667705" timestamp="2026-04-01T21:47:02Z" uid="1" user="OSMnx" version="1" changeset="1" lat="19.073551" lon="72.839413" /><node id="245667716" timestamp="2026-04-01T21:47:02Z" uid="1" user="OSMnx" version="1" changeset="1" lat="19.07383" lon="72.829412" /><node id="245667719" timestamp="2026-04-01T21:47:02Z" uid="1" user="OSMnx" version="1" changeset="1" lat="19.073755" lon="72.83748" /><node id="245667726" timestamp="2026-04-01T21:47:02Z" uid="1" user="OSMnx" version="1" changeset="1" lat="19.073838" lon="72.835159" /><node id="245667727" timestamp="2026-04-01T21:47:02Z" uid="1" user="OSMnx" version="1" changeset="1" lat="19.073798" lon="72.835955" /><node id="245667728" timestamp="2026-04-01T21:47:02Z" uid="1" user="OSMnx" version="1" changeset="1" lat="19.073773" lon="72.836767" /><node id="245667737" timestamp="2026-04-01T21:47:02Z" uid="1" user="OSMnx" version="1" changeset="1" lat="19.073964" lon="72.829021" /><node id="245667755" timestamp="2026-04-01T21:47:02Z" uid="1" user="OSMnx" version="1" changeset="1" lat="19.074053" lon="72.833165" /><node id="245667763" timestamp="2026-04-01T21:47:02Z" uid="1" user="OSMnx" version="1" changeset="1" lat="19.074173" lon="72.834079" /><node id="245667778" timestamp="2026-04-01T21:47:02Z" uid="1" user="OSMnx" version="1" changeset="1" lat="19.074092" lon="72.828662" /><node id="245667802" timestamp="2026-04-01T21:47:02Z" uid="1" user="OSMnx" version="1" changeset="1" lat="19.074214" lon="72.825846" /><node id="245667816" timestamp="2026-04-01T21:47:02Z" uid="1" user="OSMnx" version="1" changeset="1" lat="19.074435" lon="72.824694" /><node id="245667826" timestamp="2026-04-01T21:47:02Z" uid="1" user="OSMnx" version="1" changeset="1" lat="19.074354" lon="72.827898" /><node id="245667850" timestamp="2026-04-01T21:47:02Z" uid="1" user="OSMnx" version="1" changeset="1" lat="19.075037" lon="72.83947" /><node id="245667860" timestamp="2026-04-01T21:47:02Z" uid="1" user="OSMnx" version="1" changeset="1" lat="19.075234" lon="72.836045" /><node id="245667861" timestamp="2026-04-01T21:47:02Z" uid="1" user="OSMnx" version="1" changeset="1" lat="19.075201" lon="72.836817" /><node id="245667874" timestamp="2026-04-01T21:47:02Z" uid="1" user="OSMnx" version="1" changeset="1" lat="19.075366" lon="72.834133"><tag k="highway" v="traffic_signals" /></node><node id="245667875" timestamp="2026-04-01T21:47:02Z" uid="1" user="OSMnx" version="1" changeset="1" lat="19.075266" lon="72.835341" /><node id="245667877" timestamp="2026-04-01T21:47:02Z" uid="1" user="OSMnx" version="1" changeset="1" lat="19.075536" lon="72.840458" /><node id="245667893" timestamp="2026-04-01T21:47:02Z" uid="1" user="OSMnx" version="1" changeset="1" lat="19.075394" lon="72.833455" /><node id="245667894" timestamp="2026-04-01T21:47:02Z" uid="1" user="OSMnx" version="1" changeset="1" lat="19.075585" lon="72.839473" /><node id="245667908" timestamp="2026-04-01T21:47:02Z" uid="1" user="OSMnx" version="1" changeset="1" lat="19.075455" lon="72.832657" /><node id="245667916" timestamp="2026-04-01T21:47:02Z" uid="1" user="OSMnx" version="1" changeset="1" lat="19.075314" lon="72.826013" /><node id="245667917" timestamp="2026-04-01T21:47:02Z" uid="1" user="OSMnx" version="1" changeset="1" lat="19.075703" lon="72.830102" /><node id="245667918" timestamp="2026-04-01T21:47:02Z" uid="1" user="OSMnx" version="1" changeset="1" lat="19.075546" lon="72.831026" /><node id="245667919" timestamp="2026-04-01T21:47:02Z" uid="1" user="OSMnx" version="1" changeset="1" lat="19.075492" lon="72.831854" /><node id="245667930" timestamp="2026-04-01T21:47:02Z" uid="1" user="OSMnx" version="1" changeset="1" lat="19.075799" lon="72.829271" /><node id="245667937" timestamp="2026-04-01T21:47:02Z" uid="1" user="OSMnx" version="1" changeset="1" lat="19.075107" lon="72.822803" /><node id="245667939" timestamp="2026-04-01T21:47:02Z" uid="1" user="OSMnx" version="1" changeset="1" lat="19.07573" lon="72.827016" /><node id="245667940" timestamp="2026-04-01T21:47:02Z" uid="1" user="OSMnx" version="1" changeset="1" lat="19.076088" lon="72.828522" /><node id="245667949" timestamp="2026-04-01T21:47:02Z" uid="1" user="OSMnx" version="1" changeset="1" lat="19.076118" lon="72.839464" /><node id="245667966" timestamp="2026-04-01T21:47:02Z" uid="1" user="OSMnx" version="1" changeset="1" lat="19.075866" lon="72.827844" /><node id="245667995" timestamp="2026-04-01T21:47:02Z" uid="1" user="OSMnx" version="1" changeset="1" lat="19.076575" lon="72.823678" /><node id="245668010" timestamp="2026-04-01T21:47:02Z" uid="1" user="OSMnx" version="1" changeset="1" lat="19.076309" lon="72.828251" /><node id="245668011" timestamp="2026-04-01T21:47:02Z" uid="1" user="OSMnx" version="1" changeset="1" lat="19.07676" lon="72.837632" /><node id="245668023" timestamp="2026-04-01T21:47:02Z" uid="1" user="OSMnx" version="1" changeset="1" lat="19.076924" lon="72.834223" /><node id="245668024" timestamp="2026-04-01T21:47:02Z" uid="1" user="OSMnx" version="1" changeset="1" lat="19.076886" lon="72.835448" /><node id="245668025" timestamp="2026-04-01T21:47:02Z" uid="1" user="OSMnx" version="1" changeset="1" lat="19.076862" lon="72.836206" /><node id="245668026" timestamp="2026-04-01T21:47:02Z" uid="1" user="OSMnx" version="1" changeset="1" lat="19.076802" lon="72.836933" /><node id="245668034" timestamp="2026-04-01T21:47:02Z" uid="1" user="OSMnx" version="1" changeset="1" lat="19.076962" lon="72.83353" /><node id="245668046" timestamp="2026-04-01T21:47:02Z" uid="1" user="OSMnx" version="1" changeset="1" lat="19.077057" lon="72.831089" /><node id="245668047" timestamp="2026-04-01T21:47:02Z" uid="1" user="OSMnx" version="1" changeset="1" lat="19.077016" lon="72.831955" /><node id="245668048" timestamp="2026-04-01T21:47:02Z" uid="1" user="OSMnx" version="1" changeset="1" lat="19.076988" lon="72.832791" /><node id="245668060" timestamp="2026-04-01T21:47:02Z" uid="1" user="OSMnx" version="1" changeset="1" lat="19.077085" lon="72.830181" /><node id="245668078" timestamp="2026-04-01T21:47:02Z" uid="1" user="OSMnx" version="1" changeset="1" lat="19.077119" lon="72.829514" /><node id="245668089" timestamp="2026-04-01T21:47:02Z" uid="1" user="OSMnx" version="1" changeset="1" lat="19.077199" lon="72.828695" /><node id="245668145" timestamp="2026-04-01T21:47:02Z" uid="1" user="OSMnx" version="1" changeset="1" lat="19.080044" lon="72.840567" /><node id="245668175" timestamp="2026-04-01T21:47:02Z" uid="1" user="OSMnx" version="1" changeset="1" lat="19.078346" lon="72.837706" /><node id="245668183" timestamp="2026-04-01T21:47:02Z" uid="1" user="OSMnx" version="1" changeset="1" lat="19.078359" lon="72.836992" /><node id="245668195" timestamp="2026-04-01T21:47:02Z" uid="1" user="OSMnx" version="1" changeset="1" lat="19.078424" lon="72.836323" /><node id="245668206" timestamp="2026-04-01T21:47:02Z" uid="1" user="OSMnx" version="1" changeset="1" lat="19.077605" lon="72.829502" /><node id="245668207" timestamp="2026-04-01T21:47:02Z" uid="1" user="OSMnx" version="1" changeset="1" lat="19.07846" lon="72.835589" /><node id="245668221" timestamp="2026-04-01T21:47:02Z" uid="1" user="OSMnx" version="1" changeset="1" lat="19.07855" lon="72.83432"><tag k="highway" v="traffic_signals" /></node><node id="245668222" timestamp="2026-04-01T21:47:02Z" uid="1" user="OSMnx" version="1" changeset="1" lat="19.078964" lon="72.837733" /><node id="245668236" timestamp="2026-04-01T21:47:02Z" uid="1" user="OSMnx" version="1" changeset="1" lat="19.078563" lon="72.833594" /><node id="245668247" timestamp="2026-04-01T21:47:02Z" uid="1" user="OSMnx" version="1" changeset="1" lat="19.078613" lon="72.832892" /><node id="245668248" timestamp="2026-04-01T21:47:02Z" uid="1" user="OSMnx" version="1" changeset="1" lat="19.079097" lon="72.836506" /><node id="245668256" timestamp="2026-04-01T21:47:02Z" uid="1" user="OSMnx" version="1" changeset="1" lat="19.078748" lon="72.831228" /><node id="245668257" timestamp="2026-04-01T21:47:02Z" uid="1" user="OSMnx" version="1" changeset="1" lat="19.078685" lon="72.832057" /><node id="245668268" timestamp="2026-04-01T21:47:02Z" uid="1" user="OSMnx" version="1" changeset="1" lat="19.078798" lon="72.830317" /><node id="245668273" timestamp="2026-04-01T21:47:02Z" uid="1" user="OSMnx" version="1" changeset="1" lat="19.078845" lon="72.829648" /><node id="245668275" timestamp="2026-04-01T21:47:02Z" uid="1" user="OSMnx" version="1" changeset="1" lat="19.07914" lon="72.83838" /><node id="245668285" timestamp="2026-04-01T21:47:02Z" uid="1" user="OSMnx" version="1" changeset="1" lat="19.078915" lon="72.829201" /><node id="245668301" timestamp="2026-04-01T21:47:02Z" uid="1" user="OSMnx" version="1" changeset="1" lat="19.079357" lon="72.831262" /><node id="245668323" timestamp="2026-04-01T21:47:02Z" uid="1" user="OSMnx" version="1" changeset="1" lat="19.07943" lon="72.830343" /><node id="245668328" timestamp="2026-04-01T21:47:02Z" uid="1" user="OSMnx" version="1" changeset="1" lat="19.079487" lon="72.829399" /><node id="245668329" timestamp="2026-04-01T21:47:02Z" uid="1" user="OSMnx" version="1" changeset="1" lat="19.079911" lon="72.837797" /><node id="245668342" timestamp="2026-04-01T21:47:02Z" uid="1" user="OSMnx" version="1" changeset="1" lat="19.079918" lon="72.836704" /><node id="245668349" timestamp="2026-04-01T21:47:02Z" uid="1" user="OSMnx" version="1" changeset="1" lat="19.079933" lon="72.831279" /><node id="245668361" timestamp="2026-04-01T21:47:02Z" uid="1" user="OSMnx" version="1" changeset="1" lat="19.08001" lon="72.830324" /><node id="245668371" timestamp="2026-04-01T21:47:02Z" uid="1" user="OSMnx" version="1" changeset="1" lat="19.080101" lon="72.829672" /><node id="245668379" timestamp="2026-04-01T21:47:02Z" uid="1" user="OSMnx" version="1" changeset="1" lat="19.080633" lon="72.834407" /><node id="245668394" timestamp="2026-04-01T21:47:02Z" uid="1" user="OSMnx" version="1" changeset="1" lat="19.080728" lon="72.832901" /><node id="245668395" timestamp="2026-04-01T21:47:02Z" uid="1" user="OSMnx" version="1" changeset="1" lat="19.080671" lon="72.833759" /><node id="245668396" timestamp="2026-04-01T21:47:02Z" uid="1" user="OSMnx" version="1" changeset="1" lat="19.080581" lon="72.836836" /><node id="245668397" timestamp="2026-04-01T21:47:02Z" uid="1" user="OSMnx" version="1" changeset="1" lat="19.080541" lon="72.837841" /><node id="245668404" timestamp="2026-04-01T21:47:02Z" uid="1" user="OSMnx" version="1" changeset="1" lat="19.080744" lon="72.832394" /><node id="245668424" timestamp="2026-04-01T21:47:02Z" uid="1" user="OSMnx" version="1" changeset="1" lat="19.080814" lon="72.831998" /><node id="296362012" timestamp="2026-04-01T21:47:02Z" uid="1" user="OSMnx" version="1" changeset="1" lat="19.052525" lon="72.838074" /><node id="296362014" timestamp="2026-04-01T21:47:02Z" uid="1" user="OSMnx" version="1" changeset="1" lat="19.055402" lon="72.837458" /><node id="296362019" timestamp="2026-04-01T21:47:02Z" uid="1" user="OSMnx" version="1" changeset="1" lat="19.059475" lon="72.836826"><tag k="highway" v="traffic_signals" /></node><node id="296362023" timestamp="2026-04-01T21:47:02Z" uid="1" user="OSMnx" version="1" changeset="1" lat="19.06158" lon="72.837171" /><node id="346604267" timestamp="2026-04-01T21:47:02Z" uid="1" user="OSMnx" version="1" changeset="1" lat="19.046842" lon="72.828221" /><node id="346604594" timestamp="2026-04-01T21:47:02Z" uid="1" user="OSMnx" version="1" changeset="1" lat="19.046954" lon="72.828284" /><node id="346605046" timestamp="2026-04-01T21:47:02Z" uid="1" user="OSMnx" version="1" changeset="1" lat="19.047734" lon="72.827189" /><node id="346606123" timestamp="2026-04-01T21:47:02Z" uid="1" user="OSMnx" version="1" changeset="1" lat="19.0521" lon="72.832199" /><node id="346610898" timestamp="2026-04-01T21:47:02Z" uid="1" user="OSMnx" version="1" changeset="1" lat="19.052854" lon="72.827415" /><node id="346610903" timestamp="2026-04-01T21:47:02Z" uid="1" user="OSMnx" version="1" changeset="1" lat="19.051068" lon="72.82574" /><node id="346611218" timestamp="2026-04-01T21:47:02Z" uid="1" user="OSMnx" version="1" changeset="1" lat="19.051915" lon="72.823998" /><node id="346611229" timestamp="2026-04-01T21:47:02Z" uid="1" user="OSMnx" version="1" changeset="1" lat="19.050626" lon="72.821632" /><node id="346611230" timestamp="2026-04-01T21:47:02Z" uid="1" user="OSMnx" version="1" changeset="1" lat="19.049968" lon="72.821577" /><node id="346611239" timestamp="2026-04-01T21:47:02Z" uid="1" user="OSMnx" version="1" changeset="1" lat="19.046239" lon="72.819683"><tag k="highway" v="crossing" /></node><node id="346611554" timestamp="2026-04-01T21:47:02Z" uid="1" user="OSMnx" version="1" changeset="1" lat="19.050029" lon="72.821298" /><node id="346613457" timestamp="2026-04-01T21:47:02Z" uid="1" user="OSMnx" version="1" changeset="1" lat="19.045518" lon="72.819423" /><node id="346613538" timestamp="2026-04-01T21:47:02Z" uid="1" user="OSMnx" version="1" changeset="1" lat="19.042791" lon="72.818562" /><node id="346614371" timestamp="2026-04-01T21:47:02Z" uid="1" user="OSMnx" version="1" changeset="1" lat="19.04615" lon="72.819652" /><node id="346619785" timestamp="2026-04-01T21:47:02Z" uid="1" user="OSMnx" version="1" changeset="1" lat="19.051139" lon="72.827859" /><node id="346620035" timestamp="2026-04-01T21:47:02Z" uid="1" user="OSMnx" version="1" changeset="1" lat="19.050352" lon="72.82664" /><node id="346620827" timestamp="2026-04-01T21:47:02Z" uid="1" user="OSMnx" version="1" changeset="1" lat="19.053792" lon="72.830726" /><node id="346620841" timestamp="2026-04-01T21:47:02Z" uid="1" user="OSMnx" version="1" changeset="1" lat="19.054003" lon="72.832854" /><node id="346621506" timestamp="2026-04-01T21:47:02Z" uid="1" user="OSMnx" version="1" changeset="1" lat="19.052608" lon="72.827556" /><node id="346621512" timestamp="2026-04-01T21:47:02Z" uid="1" user="OSMnx" version="1" changeset="1" lat="19.054109" lon="72.828451" /><node id="346621846" timestamp="2026-04-01T21:47:02Z" uid="1" user="OSMnx" version="1" changeset="1" lat="19.0476" lon="72.825052" /><node id="346622396" timestamp="2026-04-01T21:47:02Z" uid="1" user="OSMnx" version="1" changeset="1" lat="19.049646" lon="72.829724" /><node id="346622403" timestamp="2026-04-01T21:47:02Z" uid="1" user="OSMnx" version="1" changeset="1" lat="19.049633" lon="72.827961" /><node id="346622920" timestamp="2026-04-01T21:47:02Z" uid="1" user="OSMnx" version="1" changeset="1" lat="19.05318" lon="72.822212" /><node id="346627066" timestamp="2026-04-01T21:47:02Z" uid="1" user="OSMnx" version="1" changeset="1" lat="19.047673" lon="72.825409" /><node id="346627068" timestamp="2026-04-01T21:47:02Z" uid="1" user="OSMnx" version="1" changeset="1" lat="19.046882" lon="72.825343" /><node id="346627201" timestamp="2026-04-01T21:47:02Z" uid="1" user="OSMnx" version="1" changeset="1" lat="19.046785" lon="72.825817" /><node id="346633199" timestamp="2026-04-01T21:47:02Z" uid="1" user="OSMnx" version="1" changeset="1" lat="19.056069" lon="72.835282" /><node id="346633203" timestamp="2026-04-01T21:47:02Z" uid="1" user="OSMnx" version="1" changeset="1" lat="19.055972" lon="72.834067"><tag k="highway" v="traffic_signals" /></node><node id="346633207" timestamp="2026-04-01T21:47:02Z" uid="1" user="OSMnx" version="1" changeset="1" lat="19.055662" lon="72.832582" /><node id="346633210" timestamp="2026-04-01T21:47:02Z" uid="1" user="OSMnx" version="1" changeset="1" lat="19.055282" lon="72.830828" /><node id="346633216" timestamp="2026-04-01T21:47:02Z" uid="1" user="OSMnx" version="1" changeset="1" lat="19.054785" lon="72.826782"><tag k="highway" v="traffic_signals" /></node><node id="346633397" timestamp="2026-04-01T21:47:02Z" uid="1" user="OSMnx" version="1" changeset="1" lat="19.054694" lon="72.826054" /><node id="346644270" timestamp="2026-04-01T21:47:02Z" uid="1" user="OSMnx" version="1" changeset="1" lat="19.051674" lon="72.829275" /><node id="346644272" timestamp="2026-04-01T21:47:02Z" uid="1" user="OSMnx" version="1" changeset="1" lat="19.050817" lon="72.829797"><tag k="highway" v="traffic_signals" /></node><node id="346646637" timestamp="2026-04-01T21:47:02Z" uid="1" user="OSMnx" version="1" changeset="1" lat="19.05418" lon="72.826847" /><node id="346648380" timestamp="2026-04-01T21:47:02Z" uid="1" user="OSMnx" version="1" changeset="1" lat="19.051877" lon="72.823247" /><node id="347042170" timestamp="2026-04-01T21:47:02Z" uid="1" user="OSMnx" version="1" changeset="1" lat="19.052643" lon="72.831243" /><node id="347042177" timestamp="2026-04-01T21:47:02Z" uid="1" user="OSMnx" version="1" changeset="1" lat="19.051841" lon="72.831711" /><node id="347042252" timestamp="2026-04-01T21:47:02Z" uid="1" user="OSMnx" version="1" changeset="1" lat="19.052343" lon="72.832709" /><node id="347042528" timestamp="2026-04-01T21:47:02Z" uid="1" user="OSMnx" version="1" changeset="1" lat="19.052353" lon="72.830641" /><node id="347042532" timestamp="2026-04-01T21:47:02Z" uid="1" user="OSMnx" version="1" changeset="1" lat="19.051523" lon="72.831118" /><node id="347106948" timestamp="2026-04-01T21:47:02Z" uid="1" user="OSMnx" version="1" changeset="1" lat="19.054719" lon="72.825415"><tag k="highway" v="traffic_signals" /></node><node id="347106949" timestamp="2026-04-01T21:47:02Z" uid="1" user="OSMnx" version="1" changeset="1" lat="19.055112" lon="72.825254" /><node id="347106961" timestamp="2026-04-01T21:47:02Z" uid="1" user="OSMnx" version="1" changeset="1" lat="19.056746" lon="72.825235" /><node id="347106962" timestamp="2026-04-01T21:47:02Z" uid="1" user="OSMnx" version="1" changeset="1" lat="19.057132" lon="72.825233" /><node id="347106967" timestamp="2026-04-01T21:47:02Z" uid="1" user="OSMnx" version="1" changeset="1" lat="19.059636" lon="72.825096" /><node id="347108037" timestamp="2026-04-01T21:47:02Z" uid="1" user="OSMnx" version="1" changeset="1" lat="19.057831" lon="72.823699" /><node id="347108043" timestamp="2026-04-01T21:47:02Z" uid="1" user="OSMnx" version="1" changeset="1" lat="19.058596" lon="72.822806" /><node id="347110092" timestamp="2026-04-01T21:47:02Z" uid="1" user="OSMnx" version="1" changeset="1" lat="19.059026" lon="72.821764" /><node id="347110096" timestamp="2026-04-01T21:47:02Z" uid="1" user="OSMnx" version="1" changeset="1" lat="19.058338" lon="72.821977" /><node id="347112673" timestamp="2026-04-01T21:47:02Z" uid="1" user="OSMnx" version="1" changeset="1" lat="19.0575" lon="72.832212" /><node id="347112674" timestamp="2026-04-01T21:47:02Z" uid="1" user="OSMnx" version="1" changeset="1" lat="19.057798" lon="72.832163" /><node id="347112990" timestamp="2026-04-01T21:47:02Z" uid="1" user="OSMnx" version="1" changeset="1" lat="19.057284" lon="72.82829" /><node id="347115324" timestamp="2026-04-01T21:47:02Z" uid="1" user="OSMnx" version="1" changeset="1" lat="19.059448" lon="72.832337"><tag k="highway" v="traffic_signals" /></node><node id="347115644" timestamp="2026-04-01T21:47:02Z" uid="1" user="OSMnx" version="1" changeset="1" lat="19.059566" lon="72.829237" /><node id="347115647" timestamp="2026-04-01T21:47:02Z" uid="1" user="OSMnx" version="1" changeset="1" lat="19.059664" lon="72.828893" /><node id="347115650" timestamp="2026-04-01T21:47:02Z" uid="1" user="OSMnx" version="1" changeset="1" lat="19.059773" lon="72.82812" /><node id="347116059" timestamp="2026-04-01T21:47:02Z" uid="1" user="OSMnx" version="1" changeset="1" lat="19.059801" lon="72.824108" /><node id="347140349" timestamp="2026-04-01T21:47:02Z" uid="1" user="OSMnx" version="1" changeset="1" lat="19.045181" lon="72.821127" /><node id="347143753" timestamp="2026-04-01T21:47:02Z" uid="1" user="OSMnx" version="1" changeset="1" lat="19.049632" lon="72.82435" /><node id="347143881" timestamp="2026-04-01T21:47:02Z" uid="1" user="OSMnx" version="1" changeset="1" lat="19.050286" lon="72.824432" /><node id="347143883" timestamp="2026-04-01T21:47:02Z" uid="1" user="OSMnx" version="1" changeset="1" lat="19.050091" lon="72.825332" /><node id="347144002" timestamp="2026-04-01T21:47:02Z" uid="1" user="OSMnx" version="1" changeset="1" lat="19.050398" lon="72.825434" /><node id="347144010" timestamp="2026-04-01T21:47:02Z" uid="1" user="OSMnx" version="1" changeset="1" lat="19.050714" lon="72.826213" /><node id="347146491" timestamp="2026-04-01T21:47:02Z" uid="1" user="OSMnx" version="1" changeset="1" lat="19.054101" lon="72.833196" /><node id="347146492" timestamp="2026-04-01T21:47:02Z" uid="1" user="OSMnx" version="1" changeset="1" lat="19.054471" lon="72.833858" /><node id="347146498" timestamp="2026-04-01T21:47:02Z" uid="1" user="OSMnx" version="1" changeset="1" lat="19.054484" lon="72.8346" /><node id="347146508" timestamp="2026-04-01T21:47:02Z" uid="1" user="OSMnx" version="1" changeset="1" lat="19.054221" lon="72.83621" /><node id="347146661" timestamp="2026-04-01T21:47:02Z" uid="1" user="OSMnx" version="1" changeset="1" lat="19.05387" lon="72.836149" /><node id="347147042" timestamp="2026-04-01T21:47:02Z" uid="1" user="OSMnx" version="1" changeset="1" lat="19.053284" lon="72.833858" /><node id="347147268" timestamp="2026-04-01T21:47:02Z" uid="1" user="OSMnx" version="1" changeset="1" lat="19.054782" lon="72.831575" /><node id="347149014" timestamp="2026-04-01T21:47:02Z" uid="1" user="OSMnx" version="1" changeset="1" lat="19.056481" lon="72.836783"><tag k="highway" v="traffic_signals" /></node><node id="347149835" timestamp="2026-04-01T21:47:02Z" uid="1" user="OSMnx" version="1" changeset="1" lat="19.059401" lon="72.835232" /><node id="347168939" timestamp="2026-04-01T21:47:02Z" uid="1" user="OSMnx" version="1" changeset="1" lat="19.052957" lon="72.82512" /><node id="347168989" timestamp="2026-04-01T21:47:02Z" uid="1" user="OSMnx" version="1" changeset="1" lat="19.054797" lon="72.827786" /><node id="347169478" timestamp="2026-04-01T21:47:02Z" uid="1" user="OSMnx" version="1" changeset="1" lat="19.063055" lon="72.822504" /><node id="347169483" timestamp="2026-04-01T21:47:02Z" uid="1" user="OSMnx" version="1" changeset="1" lat="19.063056" lon="72.823561" /><node id="347169735" timestamp="2026-04-01T21:47:02Z" uid="1" user="OSMnx" version="1" changeset="1" lat="19.062747" lon="72.828183" /><node id="347169739" timestamp="2026-04-01T21:47:02Z" uid="1" user="OSMnx" version="1" changeset="1" lat="19.062785" lon="72.82939" /><node id="347169923" timestamp="2026-04-01T21:47:02Z" uid="1" user="OSMnx" version="1" changeset="1" lat="19.061642" lon="72.829534" /><node id="347170693" timestamp="2026-04-01T21:47:02Z" uid="1" user="OSMnx" version="1" changeset="1" lat="19.060027" lon="72.83243" /><node id="347170699" timestamp="2026-04-01T21:47:02Z" uid="1" user="OSMnx" version="1" changeset="1" lat="19.06229" lon="72.832833" /><node id="347171126" timestamp="2026-04-01T21:47:02Z" uid="1" user="OSMnx" version="1" changeset="1" lat="19.060552" lon="72.826835" /><node id="347171128" timestamp="2026-04-01T21:47:02Z" uid="1" user="OSMnx" version="1" changeset="1" lat="19.061293" lon="72.827301"><tag k="highway" v="mini_roundabout" /></node><node id="347171383" timestamp="2026-04-01T21:47:02Z" uid="1" user="OSMnx" version="1" changeset="1" lat="19.062729" lon="72.827642" /><node id="347171533" timestamp="2026-04-01T21:47:02Z" uid="1" user="OSMnx" version="1" changeset="1" lat="19.06148" lon="72.828024" /><node id="347172870" timestamp="2026-04-01T21:47:02Z" uid="1" user="OSMnx" version="1" changeset="1" lat="19.058686" lon="72.830701" /><node id="347175185" timestamp="2026-04-01T21:47:02Z" uid="1" user="OSMnx" version="1" changeset="1" lat="19.058064" lon="72.835289" /><node id="347176149" timestamp="2026-04-01T21:47:02Z" uid="1" user="OSMnx" version="1" changeset="1" lat="19.063671" lon="72.835011"><tag k="highway" v="traffic_signals" /></node><node id="347176820" timestamp="2026-04-01T21:47:02Z" uid="1" user="OSMnx" version="1" changeset="1" lat="19.0571" lon="72.838711" /><node id="347178709" timestamp="2026-04-01T21:47:02Z" uid="1" user="OSMnx" version="1" changeset="1" lat="19.059962" lon="72.83423" /><node id="347178712" timestamp="2026-04-01T21:47:02Z" uid="1" user="OSMnx" version="1" changeset="1" lat="19.060205" lon="72.835099" /><node id="347178715" timestamp="2026-04-01T21:47:02Z" uid="1" user="OSMnx" version="1" changeset="1" lat="19.061001" lon="72.835135" /><node id="347178799" timestamp="2026-04-01T21:47:02Z" uid="1" user="OSMnx" version="1" changeset="1" lat="19.061061" lon="72.836108" /><node id="347178928" timestamp="2026-04-01T21:47:02Z" uid="1" user="OSMnx" version="1" changeset="1" lat="19.06019" lon="72.836488" /><node id="347179075" timestamp="2026-04-01T21:47:02Z" uid="1" user="OSMnx" version="1" changeset="1" lat="19.062113" lon="72.835237" /><node id="347179288" timestamp="2026-04-01T21:47:02Z" uid="1" user="OSMnx" version="1" changeset="1" lat="19.061945" lon="72.835745" /><node id="347179817" timestamp="2026-04-01T21:47:02Z" uid="1" user="OSMnx" version="1" changeset="1" lat="19.062364" lon="72.830784" /><node id="347180846" timestamp="2026-04-01T21:47:02Z" uid="1" user="OSMnx" version="1" changeset="1" lat="19.05996" lon="72.833319" /><node id="347181735" timestamp="2026-04-01T21:47:02Z" uid="1" user="OSMnx" version="1" changeset="1" lat="19.054128" lon="72.833428" /><node id="347182456" timestamp="2026-04-01T21:47:02Z" uid="1" user="OSMnx" version="1" changeset="1" lat="19.053823" lon="72.829372" /><node id="347182460" timestamp="2026-04-01T21:47:02Z" uid="1" user="OSMnx" version="1" changeset="1" lat="19.053199" lon="72.829266" /><node id="347184007" timestamp="2026-04-01T21:47:02Z" uid="1" user="OSMnx" version="1" changeset="1" lat="19.05269" lon="72.82625" /><node id="347184698" timestamp="2026-04-01T21:47:02Z" uid="1" user="OSMnx" version="1" changeset="1" lat="19.05438" lon="72.832275" /><node id="347185088" timestamp="2026-04-01T21:47:02Z" uid="1" user="OSMnx" version="1" changeset="1" lat="19.054257" lon="72.832255" /><node id="347185453" timestamp="2026-04-01T21:47:02Z" uid="1" user="OSMnx" version="1" changeset="1" lat="19.057187" lon="72.82595" /><node id="347192305" timestamp="2026-04-01T21:47:02Z" uid="1" user="OSMnx" version="1" changeset="1" lat="19.064837" lon="72.829726" /><node id="347192306" timestamp="2026-04-01T21:47:02Z" uid="1" user="OSMnx" version="1" changeset="1" lat="19.06557" lon="72.829839" /><node id="347193221" timestamp="2026-04-01T21:47:02Z" uid="1" user="OSMnx" version="1" changeset="1" lat="19.062312" lon="72.831576" /><node id="347193270" timestamp="2026-04-01T21:47:02Z" uid="1" user="OSMnx" version="1" changeset="1" lat="19.062304" lon="72.832348" /><node id="347194068" timestamp="2026-04-01T21:47:02Z" uid="1" user="OSMnx" version="1" changeset="1" lat="19.067496" lon="72.833555" /><node id="347194070" timestamp="2026-04-01T21:47:02Z" uid="1" user="OSMnx" version="1" changeset="1" lat="19.067866" lon="72.833481"><tag k="highway" v="traffic_signals" /></node><node id="347194745" timestamp="2026-04-01T21:47:02Z" uid="1" user="OSMnx" version="1" changeset="1" lat="19.06998" lon="72.829827" /><node id="347194749" timestamp="2026-04-01T21:47:02Z" uid="1" user="OSMnx" version="1" changeset="1" lat="19.07022" lon="72.828778" /><node id="347195038" timestamp="2026-04-01T21:47:02Z" uid="1" user="OSMnx" version="1" changeset="1" lat="19.071282" lon="72.823866" /><node id="347195199" timestamp="2026-04-01T21:47:02Z" uid="1" user="OSMnx" version="1" changeset="1" lat="19.07417" lon="72.826143" /><node id="347195203" timestamp="2026-04-01T21:47:02Z" uid="1" user="OSMnx" version="1" changeset="1" lat="19.073175" lon="72.826782" /><node id="347195204" timestamp="2026-04-01T21:47:02Z" uid="1" user="OSMnx" version="1" changeset="1" lat="19.072761" lon="72.827024" /><node id="347197290" timestamp="2026-04-01T21:47:02Z" uid="1" user="OSMnx" version="1" changeset="1" lat="19.062955" lon="72.826493"><tag k="highway" v="mini_roundabout" /></node><node id="347197393" timestamp="2026-04-01T21:47:02Z" uid="1" user="OSMnx" version="1" changeset="1" lat="19.061978" lon="72.823793" /><node id="347276740" timestamp="2026-04-01T21:47:02Z" uid="1" user="OSMnx" version="1" changeset="1" lat="19.062687" lon="72.824628" /><node id="347276745" timestamp="2026-04-01T21:47:02Z" uid="1" user="OSMnx" version="1" changeset="1" lat="19.06062" lon="72.824408" /><node id="348125127" timestamp="2026-04-01T21:47:02Z" uid="1" user="OSMnx" version="1" changeset="1" lat="19.068746" lon="72.823324" /><node id="348125132" timestamp="2026-04-01T21:47:02Z" uid="1" user="OSMnx" version="1" changeset="1" lat="19.069108" lon="72.82447" /><node id="348125339" timestamp="2026-04-01T21:47:02Z" uid="1" user="OSMnx" version="1" changeset="1" lat="19.068008" lon="72.825023" /><node id="348125344" timestamp="2026-04-01T21:47:02Z" uid="1" user="OSMnx" version="1" changeset="1" lat="19.066596" lon="72.824825" /><node id="348125902" timestamp="2026-04-01T21:47:02Z" uid="1" user="OSMnx" version="1" changeset="1" lat="19.067092" lon="72.824564" /><node id="348125903" timestamp="2026-04-01T21:47:02Z" uid="1" user="OSMnx" version="1" changeset="1" lat="19.067208" lon="72.824245" /><node id="348126297" timestamp="2026-04-01T21:47:02Z" uid="1" user="OSMnx" version="1" changeset="1" lat="19.067366" lon="72.823515" /><node id="348126977" timestamp="2026-04-01T21:47:02Z" uid="1" user="OSMnx" version="1" changeset="1" lat="19.070734" lon="72.824026" /><node id="348126978" timestamp="2026-04-01T21:47:02Z" uid="1" user="OSMnx" version="1" changeset="1" lat="19.070982" lon="72.823971" /><node id="348128217" timestamp="2026-04-01T21:47:02Z" uid="1" user="OSMnx" version="1" changeset="1" lat="19.060702" lon="72.826909" /><node id="357797396" timestamp="2026-04-01T21:47:02Z" uid="1" user="OSMnx" version="1" changeset="1" lat="19.052955" lon="72.82813" /><node id="357797398" timestamp="2026-04-01T21:47:02Z" uid="1" user="OSMnx" version="1" changeset="1" lat="19.052869" lon="72.828734" /><node id="357798071" timestamp="2026-04-01T21:47:02Z" uid="1" user="OSMnx" version="1" changeset="1" lat="19.066415" lon="72.835945" /><node id="357798218" timestamp="2026-04-01T21:47:02Z" uid="1" user="OSMnx" version="1" changeset="1" lat="19.065842" lon="72.838769" /><node id="357798246" timestamp="2026-04-01T21:47:02Z" uid="1" user="OSMnx" version="1" changeset="1" lat="19.065678" lon="72.837938" /><node id="357798382" timestamp="2026-04-01T21:47:02Z" uid="1" user="OSMnx" version="1" changeset="1" lat="19.069015" lon="72.837926" /><node id="357798384" timestamp="2026-04-01T21:47:02Z" uid="1" user="OSMnx" version="1" changeset="1" lat="19.069943" lon="72.837971" /><node id="357798426" timestamp="2026-04-01T21:47:02Z" uid="1" user="OSMnx" version="1" changeset="1" lat="19.068988" lon="72.83879" /><node id="357798619" timestamp="2026-04-01T21:47:02Z" uid="1" user="OSMnx" version="1" changeset="1" lat="19.067964" lon="72.838469" /><node id="357798621" timestamp="2026-04-01T21:47:02Z" uid="1" user="OSMnx" version="1" changeset="1" lat="19.068325" lon="72.83911" /><node id="357798623" timestamp="2026-04-01T21:47:02Z" uid="1" user="OSMnx" version="1" changeset="1" lat="19.069005" lon="72.839462" /><node id="357798628" timestamp="2026-04-01T21:47:02Z" uid="1" user="OSMnx" version="1" changeset="1" lat="19.070254" lon="72.839275" /><node id="357798629" timestamp="2026-04-01T21:47:02Z" uid="1" user="OSMnx" version="1" changeset="1" lat="19.070417" lon="72.839006" /><node id="357798681" timestamp="2026-04-01T21:47:02Z" uid="1" user="OSMnx" version="1" changeset="1" lat="19.07014" lon="72.838974" /><node id="471550921" timestamp="2026-04-01T21:47:02Z" uid="1" user="OSMnx" version="1" changeset="1" lat="19.071541" lon="72.835255" /><node id="471550922" timestamp="2026-04-01T21:47:02Z" uid="1" user="OSMnx" version="1" changeset="1" lat="19.071489" lon="72.836109" /><node id="471550926" timestamp="2026-04-01T21:47:02Z" uid="1" user="OSMnx" version="1" changeset="1" lat="19.071132" lon="72.835632" /><node id="471553751" timestamp="2026-04-01T21:47:02Z" uid="1" user="OSMnx" version="1" changeset="1" lat="19.070943" lon="72.838093" /><node id="471553752" timestamp="2026-04-01T21:47:02Z" uid="1" user="OSMnx" version="1" changeset="1" lat="19.07172" lon="72.838169" /><node id="471553753" timestamp="2026-04-01T21:47:02Z" uid="1" user="OSMnx" version="1" changeset="1" lat="19.071581" lon="72.839175" /><node id="471554052" timestamp="2026-04-01T21:47:02Z" uid="1" user="OSMnx" version="1" changeset="1" lat="19.067822" lon="72.837927" /><node id="471554800" timestamp="2026-04-01T21:47:02Z" uid="1" user="OSMnx" version="1" changeset="1" lat="19.069935" lon="72.837274"><tag k="highway" v="traffic_signals" /></node><node id="471555694" timestamp="2026-04-01T21:47:02Z" uid="1" user="OSMnx" version="1" changeset="1" lat="19.067904" lon="72.833237" /><node id="471556494" timestamp="2026-04-01T21:47:02Z" uid="1" user="OSMnx" version="1" changeset="1" lat="19.070016" lon="72.833776" /><node id="471556495" timestamp="2026-04-01T21:47:02Z" uid="1" user="OSMnx" version="1" changeset="1" lat="19.068418" lon="72.831148" /><node id="471556496" timestamp="2026-04-01T21:47:02Z" uid="1" user="OSMnx" version="1" changeset="1" lat="19.06849" lon="72.830518" /><node id="471556497" timestamp="2026-04-01T21:47:02Z" uid="1" user="OSMnx" version="1" changeset="1" lat="19.06853" lon="72.830063" /><node id="471566261" timestamp="2026-04-01T21:47:02Z" uid="1" user="OSMnx" version="1" changeset="1" lat="19.065441" lon="72.832575" /><node id="471566263" timestamp="2026-04-01T21:47:02Z" uid="1" user="OSMnx" version="1" changeset="1" lat="19.067942" lon="72.832773" /><node id="471566278" timestamp="2026-04-01T21:47:02Z" uid="1" user="OSMnx" version="1" changeset="1" lat="19.068321" lon="72.831956" /><node id="471566285" timestamp="2026-04-01T21:47:02Z" uid="1" user="OSMnx" version="1" changeset="1" lat="19.06661" lon="72.837226" /><node id="471566289" timestamp="2026-04-01T21:47:02Z" uid="1" user="OSMnx" version="1" changeset="1" lat="19.062426" lon="72.829488" /><node id="471566294" timestamp="2026-04-01T21:47:02Z" uid="1" user="OSMnx" version="1" changeset="1" lat="19.06223" lon="72.83369" /><node id="471566305" timestamp="2026-04-01T21:47:02Z" uid="1" user="OSMnx" version="1" changeset="1" lat="19.065421" lon="72.833286" /><node id="471566313" timestamp="2026-04-01T21:47:02Z" uid="1" user="OSMnx" version="1" changeset="1" lat="19.065505" lon="72.830979" /><node id="471566318" timestamp="2026-04-01T21:47:02Z" uid="1" user="OSMnx" version="1" changeset="1" lat="19.065464" lon="72.83174" /><node id="471566319" timestamp="2026-04-01T21:47:02Z" uid="1" user="OSMnx" version="1" changeset="1" lat="19.065393" lon="72.834341"><tag k="highway" v="traffic_signals" /></node><node id="471569256" timestamp="2026-04-01T21:47:02Z" uid="1" user="OSMnx" version="1" changeset="1" lat="19.065961" lon="72.839246" /><node id="471570065" timestamp="2026-04-01T21:47:02Z" uid="1" user="OSMnx" version="1" changeset="1" lat="19.064332" lon="72.838674" /><node id="471570073" timestamp="2026-04-01T21:47:02Z" uid="1" user="OSMnx" version="1" changeset="1" lat="19.06378" lon="72.833042" /><node id="471570103" timestamp="2026-04-01T21:47:02Z" uid="1" user="OSMnx" version="1" changeset="1" lat="19.064453" lon="72.837924" /><node id="471581474" timestamp="2026-04-01T21:47:02Z" uid="1" user="OSMnx" version="1" changeset="1" lat="19.056818" lon="72.826698" /><node id="471581475" timestamp="2026-04-01T21:47:02Z" uid="1" user="OSMnx" version="1" changeset="1" lat="19.057215" lon="72.826692" /><node id="471581476" timestamp="2026-04-01T21:47:02Z" uid="1" user="OSMnx" version="1" changeset="1" lat="19.057364" lon="72.829764" /><node id="471582045" timestamp="2026-04-01T21:47:02Z" uid="1" user="OSMnx" version="1" changeset="1" lat="19.060525" lon="72.828063" /><node id="471584530" timestamp="2026-04-01T21:47:02Z" uid="1" user="OSMnx" version="1" changeset="1" lat="19.06165" lon="72.830718" /><node id="471584531" timestamp="2026-04-01T21:47:02Z" uid="1" user="OSMnx" version="1" changeset="1" lat="19.061565" lon="72.832688" /><node id="471584533" timestamp="2026-04-01T21:47:02Z" uid="1" user="OSMnx" version="1" changeset="1" lat="19.061542" lon="72.833573" /><node id="471586454" timestamp="2026-04-01T21:47:02Z" uid="1" user="OSMnx" version="1" changeset="1" lat="19.05974" lon="72.827354" /><node id="471586471" timestamp="2026-04-01T21:47:02Z" uid="1" user="OSMnx" version="1" changeset="1" lat="19.057254" lon="72.827485" /><node id="471587920" timestamp="2026-04-01T21:47:02Z" uid="1" user="OSMnx" version="1" changeset="1" lat="19.058308" lon="72.828214" /><node id="471587922" timestamp="2026-04-01T21:47:02Z" uid="1" user="OSMnx" version="1" changeset="1" lat="19.058381" lon="72.829674" /><node id="471589564" timestamp="2026-04-01T21:47:02Z" uid="1" user="OSMnx" version="1" changeset="1" lat="19.059498" lon="72.830671" /><node id="471591704" timestamp="2026-04-01T21:47:02Z" uid="1" user="OSMnx" version="1" changeset="1" lat="19.058711" lon="72.832206" /><node id="471591705" timestamp="2026-04-01T21:47:02Z" uid="1" user="OSMnx" version="1" changeset="1" lat="19.058694" lon="72.834087" /><node id="471591706" timestamp="2026-04-01T21:47:02Z" uid="1" user="OSMnx" version="1" changeset="1" lat="19.05777" lon="72.833955" /><node id="471591707" timestamp="2026-04-01T21:47:02Z" uid="1" user="OSMnx" version="1" changeset="1" lat="19.059369" lon="72.834162" /><node id="472840749" timestamp="2026-04-01T21:47:02Z" uid="1" user="OSMnx" version="1" changeset="1" lat="19.052209" lon="72.824018" /><node id="472858907" timestamp="2026-04-01T21:47:02Z" uid="1" user="OSMnx" version="1" changeset="1" lat="19.051797" lon="72.825947" /><node id="473612070" timestamp="2026-04-01T21:47:02Z" uid="1" user="OSMnx" version="1" changeset="1" lat="19.069659" lon="72.839627" /><node id="473616484" timestamp="2026-04-01T21:47:02Z" uid="1" user="OSMnx" version="1" changeset="1" lat="19.078412" lon="72.840604" /><node id="475733395" timestamp="2026-04-01T21:47:02Z" uid="1" user="OSMnx" version="1" changeset="1" lat="19.080133" lon="72.832899" /><node id="475736065" timestamp="2026-04-01T21:47:02Z" uid="1" user="OSMnx" version="1" changeset="1" lat="19.075776" lon="72.829443" /><node id="475785272" timestamp="2026-04-01T21:47:02Z" uid="1" user="OSMnx" version="1" changeset="1" lat="19.074521" lon="72.824106" /><node id="498661100" timestamp="2026-04-01T21:47:02Z" uid="1" user="OSMnx" version="1" changeset="1" lat="19.065562" lon="72.828333" /><node id="498668271" timestamp="2026-04-01T21:47:02Z" uid="1" user="OSMnx" version="1" changeset="1" lat="19.06472" lon="72.824878" /><node id="498668275" timestamp="2026-04-01T21:47:02Z" uid="1" user="OSMnx" version="1" changeset="1" lat="19.064576" lon="72.8259" /><node id="526168563" timestamp="2026-04-01T21:47:02Z" uid="1" user="OSMnx" version="1" changeset="1" lat="19.070873" lon="72.823254" /><node id="537791259" timestamp="2026-04-01T21:47:02Z" uid="1" user="OSMnx" version="1" changeset="1" lat="19.058895" lon="72.82515" /><node id="537791262" timestamp="2026-04-01T21:47:02Z" uid="1" user="OSMnx" version="1" changeset="1" lat="19.058038" lon="72.825201" /><node id="556803856" timestamp="2026-04-01T21:47:02Z" uid="1" user="OSMnx" version="1" changeset="1" lat="19.071812" lon="72.824935" /><node id="615517868" timestamp="2026-04-01T21:47:02Z" uid="1" user="OSMnx" version="1" changeset="1" lat="19.045562" lon="72.824746" /><node id="619227661" timestamp="2026-04-01T21:47:02Z" uid="1" user="OSMnx" version="1" changeset="1" lat="19.050728" lon="72.838337"><tag k="highway" v="traffic_signals" /></node><node id="622395125" timestamp="2026-04-01T21:47:02Z" uid="1" user="OSMnx" version="1" changeset="1" lat="19.069658" lon="72.831198" /><node id="622395126" timestamp="2026-04-01T21:47:02Z" uid="1" user="OSMnx" version="1" changeset="1" lat="19.069812" lon="72.830542" /><node id="622395132" timestamp="2026-04-01T21:47:02Z" uid="1" user="OSMnx" version="1" changeset="1" lat="19.069037" lon="72.830501" /><node id="622395134" timestamp="2026-04-01T21:47:02Z" uid="1" user="OSMnx" version="1" changeset="1" lat="19.069047" lon="72.830025" /><node id="706122760" timestamp="2026-04-01T21:47:02Z" uid="1" user="OSMnx" version="1" changeset="1" lat="19.0572" lon="72.83112" /><node id="706122775" timestamp="2026-04-01T21:47:02Z" uid="1" user="OSMnx" version="1" changeset="1" lat="19.056573" lon="72.832384" /><node id="867153397" timestamp="2026-04-01T21:47:02Z" uid="1" user="OSMnx" version="1" changeset="1" lat="19.078995" lon="72.824216" /><node id="867157961" timestamp="2026-04-01T21:47:02Z" uid="1" user="OSMnx" version="1" changeset="1" lat="19.077032" lon="72.824047" /><node id="923872557" timestamp="2026-04-01T21:47:02Z" uid="1" user="OSMnx" version="1" changeset="1" lat="19.061589" lon="72.831813" /><node id="923872559" timestamp="2026-04-01T21:47:02Z" uid="1" user="OSMnx" version="1" changeset="1" lat="19.060087" lon="72.831764" /><node id="1381733746" timestamp="2026-04-01T21:47:02Z" uid="1" user="OSMnx" version="1" changeset="1" lat="19.077979" lon="72.824025" /><node id="1468337691" timestamp="2026-04-01T21:47:02Z" uid="1" user="OSMnx" version="1" changeset="1" lat="19.062197" lon="72.834507"><tag k="highway" v="traffic_signals" /></node><node id="1514451661" timestamp="2026-04-01T21:47:02Z" uid="1" user="OSMnx" version="1" changeset="1" lat="19.074395" lon="72.82489" /><node id="1514451662" timestamp="2026-04-01T21:47:02Z" uid="1" user="OSMnx" version="1" changeset="1" lat="19.074455" lon="72.823371" /><node id="1514453223" timestamp="2026-04-01T21:47:02Z" uid="1" user="OSMnx" version="1" changeset="1" lat="19.07313" lon="72.826321" /><node id="1575062272" timestamp="2026-04-01T21:47:02Z" uid="1" user="OSMnx" version="1" changeset="1" lat="19.062985" lon="72.838931" /><node id="1640746626" timestamp="2026-04-01T21:47:02Z" uid="1" user="OSMnx" version="1" changeset="1" lat="19.065784" lon="72.825588" /><node id="1640746639" timestamp="2026-04-01T21:47:02Z" uid="1" user="OSMnx" version="1" changeset="1" lat="19.075815" lon="72.825304" /><node id="1641744372" timestamp="2026-04-01T21:47:02Z" uid="1" user="OSMnx" version="1" changeset="1" lat="19.072558" lon="72.822772" /><node id="1641761947" timestamp="2026-04-01T21:47:02Z" uid="1" user="OSMnx" version="1" changeset="1" lat="19.071556" lon="72.824362" /><node id="1641761992" timestamp="2026-04-01T21:47:02Z" uid="1" user="OSMnx" version="1" changeset="1" lat="19.07214" lon="72.824485" /><node id="1641764059" timestamp="2026-04-01T21:47:02Z" uid="1" user="OSMnx" version="1" changeset="1" lat="19.071544" lon="72.822526" /><node id="1641764060" timestamp="2026-04-01T21:47:02Z" uid="1" user="OSMnx" version="1" changeset="1" lat="19.071669" lon="72.822987" /><node id="1641793902" timestamp="2026-04-01T21:47:02Z" uid="1" user="OSMnx" version="1" changeset="1" lat="19.07184" lon="72.825065" /><node id="1642243276" timestamp="2026-04-01T21:47:02Z" uid="1" user="OSMnx" version="1" changeset="1" lat="19.073297" lon="72.827965" /><node id="1642244014" timestamp="2026-04-01T21:47:02Z" uid="1" user="OSMnx" version="1" changeset="1" lat="19.075194" lon="72.825221" /><node id="1654348796" timestamp="2026-04-01T21:47:02Z" uid="1" user="OSMnx" version="1" changeset="1" lat="19.051798" lon="72.824862" /><node id="1654348806" timestamp="2026-04-01T21:47:02Z" uid="1" user="OSMnx" version="1" changeset="1" lat="19.051839" lon="72.824671" /><node id="1654348843" timestamp="2026-04-01T21:47:02Z" uid="1" user="OSMnx" version="1" changeset="1" lat="19.053463" lon="72.836768" /><node id="1654348856" timestamp="2026-04-01T21:47:02Z" uid="1" user="OSMnx" version="1" changeset="1" lat="19.05508" lon="72.836336" /><node id="1654363414" timestamp="2026-04-01T21:47:02Z" uid="1" user="OSMnx" version="1" changeset="1" lat="19.061502" lon="72.834418" /><node id="1654363420" timestamp="2026-04-01T21:47:02Z" uid="1" user="OSMnx" version="1" changeset="1" lat="19.063665" lon="72.834677" /><node id="1936355361" timestamp="2026-04-01T21:47:02Z" uid="1" user="OSMnx" version="1" changeset="1" lat="19.059477" lon="72.836912"><tag k="highway" v="traffic_signals" /></node><node id="1936355368" timestamp="2026-04-01T21:47:02Z" uid="1" user="OSMnx" version="1" changeset="1" lat="19.061576" lon="72.83725" /><node id="1936355375" timestamp="2026-04-01T21:47:02Z" uid="1" user="OSMnx" version="1" changeset="1" lat="19.063933" lon="72.837275" /><node id="1936355377" timestamp="2026-04-01T21:47:02Z" uid="1" user="OSMnx" version="1" changeset="1" lat="19.065675" lon="72.837329" /><node id="1936355384" timestamp="2026-04-01T21:47:02Z" uid="1" user="OSMnx" version="1" changeset="1" lat="19.067814" lon="72.837371"><tag k="highway" v="traffic_signals" /></node><node id="1936355393" timestamp="2026-04-01T21:47:02Z" uid="1" user="OSMnx" version="1" changeset="1" lat="19.069925" lon="72.837459"><tag k="highway" v="traffic_signals" /></node><node id="1936355394" timestamp="2026-04-01T21:47:02Z" uid="1" user="OSMnx" version="1" changeset="1" lat="19.071342" lon="72.837472"><tag k="highway" v="traffic_signals" /></node><node id="1936355399" timestamp="2026-04-01T21:47:02Z" uid="1" user="OSMnx" version="1" changeset="1" lat="19.073743" lon="72.837559" /><node id="1936355407" timestamp="2026-04-01T21:47:02Z" uid="1" user="OSMnx" version="1" changeset="1" lat="19.075691" lon="72.837662" /><node id="1936355410" timestamp="2026-04-01T21:47:02Z" uid="1" user="OSMnx" version="1" changeset="1" lat="19.076237" lon="72.837685" /><node id="1936355422" timestamp="2026-04-01T21:47:02Z" uid="1" user="OSMnx" version="1" changeset="1" lat="19.076768" lon="72.837723" /><node id="1936355426" timestamp="2026-04-01T21:47:02Z" uid="1" user="OSMnx" version="1" changeset="1" lat="19.078309" lon="72.837854" /><node id="1936355432" timestamp="2026-04-01T21:47:02Z" uid="1" user="OSMnx" version="1" changeset="1" lat="19.079134" lon="72.837922" /><node id="1975033498" timestamp="2026-04-01T21:47:02Z" uid="1" user="OSMnx" version="1" changeset="1" lat="19.065542" lon="72.830414" /><node id="1975033551" timestamp="2026-04-01T21:47:02Z" uid="1" user="OSMnx" version="1" changeset="1" lat="19.069312" lon="72.8272" /><node id="1975033555" timestamp="2026-04-01T21:47:02Z" uid="1" user="OSMnx" version="1" changeset="1" lat="19.06755" lon="72.827515" /><node id="1975048942" timestamp="2026-04-01T21:47:02Z" uid="1" user="OSMnx" version="1" changeset="1" lat="19.058143" lon="72.836694" /><node id="1975073674" timestamp="2026-04-01T21:47:02Z" uid="1" user="OSMnx" version="1" changeset="1" lat="19.065906" lon="72.836345" /><node id="1975073683" timestamp="2026-04-01T21:47:02Z" uid="1" user="OSMnx" version="1" changeset="1" lat="19.065893" lon="72.837197" /><node id="1975074700" timestamp="2026-04-01T21:47:02Z" uid="1" user="OSMnx" version="1" changeset="1" lat="19.067623" lon="72.835149" /><node id="1975074702" timestamp="2026-04-01T21:47:02Z" uid="1" user="OSMnx" version="1" changeset="1" lat="19.067752" lon="72.834334" /><node id="2031470945" timestamp="2026-04-01T21:47:02Z" uid="1" user="OSMnx" version="1" changeset="1" lat="19.051712" lon="72.826348" /><node id="2128601587" timestamp="2026-04-01T21:47:02Z" uid="1" user="OSMnx" version="1" changeset="1" lat="19.052404" lon="72.839286" /><node id="2173585363" timestamp="2026-04-01T21:47:02Z" uid="1" user="OSMnx" version="1" changeset="1" lat="19.060568" lon="72.83065" /><node id="2173585383" timestamp="2026-04-01T21:47:02Z" uid="1" user="OSMnx" version="1" changeset="1" lat="19.060562" lon="72.831105" /><node id="2173585387" timestamp="2026-04-01T21:47:02Z" uid="1" user="OSMnx" version="1" changeset="1" lat="19.061133" lon="72.830708" /><node id="2173685586" timestamp="2026-04-01T21:47:02Z" uid="1" user="OSMnx" version="1" changeset="1" lat="19.062112" lon="72.828307" /><node id="2173707418" timestamp="2026-04-01T21:47:02Z" uid="1" user="OSMnx" version="1" changeset="1" lat="19.062023" lon="72.827498" /><node id="2244797150" timestamp="2026-04-01T21:47:02Z" uid="1" user="OSMnx" version="1" changeset="1" lat="19.061684" lon="72.836528" /><node id="2244797174" timestamp="2026-04-01T21:47:02Z" uid="1" user="OSMnx" version="1" changeset="1" lat="19.062396" lon="72.830128" /><node id="2244797183" timestamp="2026-04-01T21:47:02Z" uid="1" user="OSMnx" version="1" changeset="1" lat="19.062699" lon="72.830136" /><node id="2244797205" timestamp="2026-04-01T21:47:02Z" uid="1" user="OSMnx" version="1" changeset="1" lat="19.062921" lon="72.829921" /><node id="2244797209" timestamp="2026-04-01T21:47:02Z" uid="1" user="OSMnx" version="1" changeset="1" lat="19.062896" lon="72.829395" /><node id="2244797213" timestamp="2026-04-01T21:47:02Z" uid="1" user="OSMnx" version="1" changeset="1" lat="19.06293" lon="72.829603" /><node id="2244797217" timestamp="2026-04-01T21:47:02Z" uid="1" user="OSMnx" version="1" changeset="1" lat="19.062995" lon="72.82965" /><node id="2244797219" timestamp="2026-04-01T21:47:02Z" uid="1" user="OSMnx" version="1" changeset="1" lat="19.062984" lon="72.829751" /><node id="2244797224" timestamp="2026-04-01T21:47:02Z" uid="1" user="OSMnx" version="1" changeset="1" lat="19.063337" lon="72.830045" /><node id="2244797252" timestamp="2026-04-01T21:47:02Z" uid="1" user="OSMnx" version="1" changeset="1" lat="19.063502" lon="72.829392" /><node id="2244797254" timestamp="2026-04-01T21:47:02Z" uid="1" user="OSMnx" version="1" changeset="1" lat="19.06357" lon="72.830198" /><node id="2244797263" timestamp="2026-04-01T21:47:02Z" uid="1" user="OSMnx" version="1" changeset="1" lat="19.06377" lon="72.836023" /><node id="2244797268" timestamp="2026-04-01T21:47:02Z" uid="1" user="OSMnx" version="1" changeset="1" lat="19.063816" lon="72.836434" /><node id="2244797303" timestamp="2026-04-01T21:47:02Z" uid="1" user="OSMnx" version="1" changeset="1" lat="19.064458" lon="72.8372" /><node id="2244797328" timestamp="2026-04-01T21:47:02Z" uid="1" user="OSMnx" version="1" changeset="1" lat="19.065262" lon="72.836028" /><node id="2244797355" timestamp="2026-04-01T21:47:02Z" uid="1" user="OSMnx" version="1" changeset="1" lat="19.065849" lon="72.826231" /><node id="2244797367" timestamp="2026-04-01T21:47:02Z" uid="1" user="OSMnx" version="1" changeset="1" lat="19.065901" lon="72.824798" /><node id="2244797369" timestamp="2026-04-01T21:47:02Z" uid="1" user="OSMnx" version="1" changeset="1" lat="19.065916" lon="72.835244" /><node id="2244797395" timestamp="2026-04-01T21:47:02Z" uid="1" user="OSMnx" version="1" changeset="1" lat="19.066263" lon="72.823994" /><node id="2244797397" timestamp="2026-04-01T21:47:02Z" uid="1" user="OSMnx" version="1" changeset="1" lat="19.066548" lon="72.836752" /><node id="2244797402" timestamp="2026-04-01T21:47:02Z" uid="1" user="OSMnx" version="1" changeset="1" lat="19.066866" lon="72.83474" /><node id="2244797404" timestamp="2026-04-01T21:47:02Z" uid="1" user="OSMnx" version="1" changeset="1" lat="19.06697" lon="72.835907" /><node id="2244797408" timestamp="2026-04-01T21:47:02Z" uid="1" user="OSMnx" version="1" changeset="1" lat="19.067108" lon="72.836718" /><node id="2244797409" timestamp="2026-04-01T21:47:02Z" uid="1" user="OSMnx" version="1" changeset="1" lat="19.067134" lon="72.825422" /><node id="2244797418" timestamp="2026-04-01T21:47:02Z" uid="1" user="OSMnx" version="1" changeset="1" lat="19.067154" lon="72.825074" /><node id="2244797437" timestamp="2026-04-01T21:47:02Z" uid="1" user="OSMnx" version="1" changeset="1" lat="19.067588" lon="72.835856" /><node id="2244797442" timestamp="2026-04-01T21:47:02Z" uid="1" user="OSMnx" version="1" changeset="1" lat="19.067674" lon="72.836698" /><node id="2244797445" timestamp="2026-04-01T21:47:02Z" uid="1" user="OSMnx" version="1" changeset="1" lat="19.067718" lon="72.834572" /><node id="2244797448" timestamp="2026-04-01T21:47:02Z" uid="1" user="OSMnx" version="1" changeset="1" lat="19.067872" lon="72.837188"><tag k="highway" v="traffic_signals" /></node><node id="2244797465" timestamp="2026-04-01T21:47:02Z" uid="1" user="OSMnx" version="1" changeset="1" lat="19.06863" lon="72.835308" /><node id="2244797469" timestamp="2026-04-01T21:47:02Z" uid="1" user="OSMnx" version="1" changeset="1" lat="19.069018" lon="72.836265" /><node id="2244797478" timestamp="2026-04-01T21:47:02Z" uid="1" user="OSMnx" version="1" changeset="1" lat="19.06938" lon="72.834591" /><node id="2244797650" timestamp="2026-04-01T21:47:02Z" uid="1" user="OSMnx" version="1" changeset="1" lat="19.076085" lon="72.840527" /><node id="2244797678" timestamp="2026-04-01T21:47:02Z" uid="1" user="OSMnx" version="1" changeset="1" lat="19.076706" lon="72.84059" /><node id="2247989020" timestamp="2026-04-01T21:47:02Z" uid="1" user="OSMnx" version="1" changeset="1" lat="19.045811" lon="72.823573" /><node id="2247989176" timestamp="2026-04-01T21:47:02Z" uid="1" user="OSMnx" version="1" changeset="1" lat="19.052464" lon="72.834801" /><node id="2247989185" timestamp="2026-04-01T21:47:02Z" uid="1" user="OSMnx" version="1" changeset="1" lat="19.053069" lon="72.83459" /><node id="2247989191" timestamp="2026-04-01T21:47:02Z" uid="1" user="OSMnx" version="1" changeset="1" lat="19.053244" lon="72.834936" /><node id="2247989194" timestamp="2026-04-01T21:47:02Z" uid="1" user="OSMnx" version="1" changeset="1" lat="19.053912" lon="72.837047" /><node id="2247989204" timestamp="2026-04-01T21:47:02Z" uid="1" user="OSMnx" version="1" changeset="1" lat="19.05468" lon="72.837072" /><node id="2247989218" timestamp="2026-04-01T21:47:02Z" uid="1" user="OSMnx" version="1" changeset="1" lat="19.054934" lon="72.839695" /><node id="2247989252" timestamp="2026-04-01T21:47:02Z" uid="1" user="OSMnx" version="1" changeset="1" lat="19.055534" lon="72.83762" /><node id="2247989255" timestamp="2026-04-01T21:47:02Z" uid="1" user="OSMnx" version="1" changeset="1" lat="19.056077" lon="72.834701" /><node id="2247989258" timestamp="2026-04-01T21:47:02Z" uid="1" user="OSMnx" version="1" changeset="1" lat="19.056814" lon="72.833961" /><node id="2247989261" timestamp="2026-04-01T21:47:02Z" uid="1" user="OSMnx" version="1" changeset="1" lat="19.056826" lon="72.835278" /><node id="2250795734" timestamp="2026-04-01T21:47:02Z" uid="1" user="OSMnx" version="1" changeset="1" lat="19.050882" lon="72.838014" /><node id="2299496543" timestamp="2026-04-01T21:47:02Z" uid="1" user="OSMnx" version="1" changeset="1" lat="19.062018" lon="72.822249" /><node id="2440075900" timestamp="2026-04-01T21:47:02Z" uid="1" user="OSMnx" version="1" changeset="1" lat="19.05548" lon="72.837535" /><node id="2440075904" timestamp="2026-04-01T21:47:02Z" uid="1" user="OSMnx" version="1" changeset="1" lat="19.064907" lon="72.830297" /><node id="2442390174" timestamp="2026-04-01T21:47:02Z" uid="1" user="OSMnx" version="1" changeset="1" lat="19.063216" lon="72.830841" /><node id="2442390177" timestamp="2026-04-01T21:47:02Z" uid="1" user="OSMnx" version="1" changeset="1" lat="19.064534" lon="72.830528" /><node id="2449734810" timestamp="2026-04-01T21:47:02Z" uid="1" user="OSMnx" version="1" changeset="1" lat="19.062869" lon="72.829702" /><node id="2629418467" timestamp="2026-04-01T21:47:02Z" uid="1" user="OSMnx" version="1" changeset="1" lat="19.057159" lon="72.838713" /><node id="2629418476" timestamp="2026-04-01T21:47:02Z" uid="1" user="OSMnx" version="1" changeset="1" lat="19.058526" lon="72.839245" /><node id="2629418478" timestamp="2026-04-01T21:47:02Z" uid="1" user="OSMnx" version="1" changeset="1" lat="19.059542" lon="72.836834"><tag k="highway" v="traffic_signals" /></node><node id="2629418492" timestamp="2026-04-01T21:47:02Z" uid="1" user="OSMnx" version="1" changeset="1" lat="19.06182" lon="72.835967" /><node id="2629418495" timestamp="2026-04-01T21:47:02Z" uid="1" user="OSMnx" version="1" changeset="1" lat="19.063684" lon="72.835127"><tag k="highway" v="traffic_signals" /></node><node id="2629418497" timestamp="2026-04-01T21:47:02Z" uid="1" user="OSMnx" version="1" changeset="1" lat="19.064466" lon="72.834703" /><node id="2629418498" timestamp="2026-04-01T21:47:02Z" uid="1" user="OSMnx" version="1" changeset="1" lat="19.064808" lon="72.834695" /><node id="2629418499" timestamp="2026-04-01T21:47:02Z" uid="1" user="OSMnx" version="1" changeset="1" lat="19.06542" lon="72.834452"><tag k="highway" v="traffic_signals" /></node><node id="2629418501" timestamp="2026-04-01T21:47:02Z" uid="1" user="OSMnx" version="1" changeset="1" lat="19.06786" lon="72.83358"><tag k="highway" v="traffic_signals" /></node><node id="2629418520" timestamp="2026-04-01T21:47:02Z" uid="1" user="OSMnx" version="1" changeset="1" lat="19.070312" lon="72.833936" /><node id="2629418526" timestamp="2026-04-01T21:47:02Z" uid="1" user="OSMnx" version="1" changeset="1" lat="19.071703" lon="72.834099"><tag k="highway" v="traffic_signals" /></node><node id="2629418527" timestamp="2026-04-01T21:47:02Z" uid="1" user="OSMnx" version="1" changeset="1" lat="19.072961" lon="72.834142" /><node id="2629418528" timestamp="2026-04-01T21:47:02Z" uid="1" user="OSMnx" version="1" changeset="1" lat="19.074142" lon="72.834193" /><node id="2629418529" timestamp="2026-04-01T21:47:02Z" uid="1" user="OSMnx" version="1" changeset="1" lat="19.07536" lon="72.834254"><tag k="highway" v="traffic_signals" /></node><node id="2629418530" timestamp="2026-04-01T21:47:02Z" uid="1" user="OSMnx" version="1" changeset="1" lat="19.07692" lon="72.834334" /><node id="2629418531" timestamp="2026-04-01T21:47:02Z" uid="1" user="OSMnx" version="1" changeset="1" lat="19.078545" lon="72.834419"><tag k="highway" v="traffic_signals" /></node><node id="2629418532" timestamp="2026-04-01T21:47:02Z" uid="1" user="OSMnx" version="1" changeset="1" lat="19.080041" lon="72.834412" /><node id="2629418533" timestamp="2026-04-01T21:47:02Z" uid="1" user="OSMnx" version="1" changeset="1" lat="19.08002" lon="72.834483" /><node id="2841960950" timestamp="2026-04-01T21:47:02Z" uid="1" user="OSMnx" version="1" changeset="1" lat="19.051976" lon="72.824517" /><node id="2852214021" timestamp="2026-04-01T21:47:02Z" uid="1" user="OSMnx" version="1" changeset="1" lat="19.049226" lon="72.824296" /><node id="2852214022" timestamp="2026-04-01T21:47:02Z" uid="1" user="OSMnx" version="1" changeset="1" lat="19.049262" lon="72.823739" /><node id="2852214023" timestamp="2026-04-01T21:47:02Z" uid="1" user="OSMnx" version="1" changeset="1" lat="19.049091" lon="72.82369" /><node id="3047087313" timestamp="2026-04-01T21:47:02Z" uid="1" user="OSMnx" version="1" changeset="1" lat="19.070086" lon="72.829571" /><node id="3405685925" timestamp="2026-04-01T21:47:02Z" uid="1" user="OSMnx" version="1" changeset="1" lat="19.072645" lon="72.826903" /><node id="3405719580" timestamp="2026-04-01T21:47:02Z" uid="1" user="OSMnx" version="1" changeset="1" lat="19.073267" lon="72.826234" /><node id="3628311669" timestamp="2026-04-01T21:47:02Z" uid="1" user="OSMnx" version="1" changeset="1" lat="19.063137" lon="72.824805" /><node id="3803075012" timestamp="2026-04-01T21:47:02Z" uid="1" user="OSMnx" version="1" changeset="1" lat="19.069214" lon="72.822942" /><node id="3803643812" timestamp="2026-04-01T21:47:02Z" uid="1" user="OSMnx" version="1" changeset="1" lat="19.062156" lon="72.828572" /><node id="3803643852" timestamp="2026-04-01T21:47:02Z" uid="1" user="OSMnx" version="1" changeset="1" lat="19.063989" lon="72.825918" /><node id="3803645185" timestamp="2026-04-01T21:47:02Z" uid="1" user="OSMnx" version="1" changeset="1" lat="19.064581" lon="72.838936" /><node id="3803645189" timestamp="2026-04-01T21:47:02Z" uid="1" user="OSMnx" version="1" changeset="1" lat="19.064378" lon="72.837847" /><node id="3803645191" timestamp="2026-04-01T21:47:02Z" uid="1" user="OSMnx" version="1" changeset="1" lat="19.064463" lon="72.83732" /><node id="3803645207" timestamp="2026-04-01T21:47:02Z" uid="1" user="OSMnx" version="1" changeset="1" lat="19.065463" lon="72.838745" /><node id="3803645231" timestamp="2026-04-01T21:47:02Z" uid="1" user="OSMnx" version="1" changeset="1" lat="19.069168" lon="72.833687" /><node id="3803645238" timestamp="2026-04-01T21:47:02Z" uid="1" user="OSMnx" version="1" changeset="1" lat="19.069358" lon="72.835391" /><node id="3803645240" timestamp="2026-04-01T21:47:02Z" uid="1" user="OSMnx" version="1" changeset="1" lat="19.070105" lon="72.835487" /><node id="3803645241" timestamp="2026-04-01T21:47:02Z" uid="1" user="OSMnx" version="1" changeset="1" lat="19.070231" lon="72.827851" /><node id="3803645243" timestamp="2026-04-01T21:47:02Z" uid="1" user="OSMnx" version="1" changeset="1" lat="19.070482" lon="72.829661" /><node id="3803645247" timestamp="2026-04-01T21:47:02Z" uid="1" user="OSMnx" version="1" changeset="1" lat="19.071167" lon="72.827467" /><node id="3803645363" timestamp="2026-04-01T21:47:02Z" uid="1" user="OSMnx" version="1" changeset="1" lat="19.074514" lon="72.827468" /><node id="3803645371" timestamp="2026-04-01T21:47:02Z" uid="1" user="OSMnx" version="1" changeset="1" lat="19.075489" lon="72.827428" /><node id="3803645380" timestamp="2026-04-01T21:47:02Z" uid="1" user="OSMnx" version="1" changeset="1" lat="19.075715" lon="72.826902" /><node id="3803645393" timestamp="2026-04-01T21:47:02Z" uid="1" user="OSMnx" version="1" changeset="1" lat="19.076122" lon="72.822481" /><node id="3803645401" timestamp="2026-04-01T21:47:02Z" uid="1" user="OSMnx" version="1" changeset="1" lat="19.076214" lon="72.828173" /><node id="3803645413" timestamp="2026-04-01T21:47:02Z" uid="1" user="OSMnx" version="1" changeset="1" lat="19.078714" lon="72.831683" /><node id="3803645416" timestamp="2026-04-01T21:47:02Z" uid="1" user="OSMnx" version="1" changeset="1" lat="19.07896" lon="72.829213" /><node id="3803645421" timestamp="2026-04-01T21:47:02Z" uid="1" user="OSMnx" version="1" changeset="1" lat="19.07958" lon="72.834383" /><node id="3803645423" timestamp="2026-04-01T21:47:02Z" uid="1" user="OSMnx" version="1" changeset="1" lat="19.079587" lon="72.833634" /><node id="3803645429" timestamp="2026-04-01T21:47:02Z" uid="1" user="OSMnx" version="1" changeset="1" lat="19.079861" lon="72.83586" /><node id="3803645430" timestamp="2026-04-01T21:47:02Z" uid="1" user="OSMnx" version="1" changeset="1" lat="19.080175" lon="72.833647" /><node id="3803645437" timestamp="2026-04-01T21:47:02Z" uid="1" user="OSMnx" version="1" changeset="1" lat="19.07996" lon="72.835175" /><node id="3803645440" timestamp="2026-04-01T21:47:02Z" uid="1" user="OSMnx" version="1" changeset="1" lat="19.080162" lon="72.831753" /><node id="3803645442" timestamp="2026-04-01T21:47:02Z" uid="1" user="OSMnx" version="1" changeset="1" lat="19.080248" lon="72.831287" /><node id="4309664910" timestamp="2026-04-01T21:47:02Z" uid="1" user="OSMnx" version="1" changeset="1" lat="19.046161" lon="72.825273" /><node id="4309664914" timestamp="2026-04-01T21:47:02Z" uid="1" user="OSMnx" version="1" changeset="1" lat="19.045959" lon="72.825997" /><node id="4310475420" timestamp="2026-04-01T21:47:02Z" uid="1" user="OSMnx" version="1" changeset="1" lat="19.052898" lon="72.828446" /><node id="4310550234" timestamp="2026-04-01T21:47:02Z" uid="1" user="OSMnx" version="1" changeset="1" lat="19.056528" lon="72.836879"><tag k="highway" v="traffic_signals" /></node><node id="4328027958" timestamp="2026-04-01T21:47:02Z" uid="1" user="OSMnx" version="1" changeset="1" lat="19.051956" lon="72.840961" /><node id="4328027977" timestamp="2026-04-01T21:47:02Z" uid="1" user="OSMnx" version="1" changeset="1" lat="19.05239" lon="72.838572" /><node id="4328028027" timestamp="2026-04-01T21:47:02Z" uid="1" user="OSMnx" version="1" changeset="1" lat="19.053291" lon="72.840283" /><node id="4328028045" timestamp="2026-04-01T21:47:02Z" uid="1" user="OSMnx" version="1" changeset="1" lat="19.053612" lon="72.838301" /><node id="4328028201" timestamp="2026-04-01T21:47:02Z" uid="1" user="OSMnx" version="1" changeset="1" lat="19.054171" lon="72.838868" /><node id="4328028263" timestamp="2026-04-01T21:47:02Z" uid="1" user="OSMnx" version="1" changeset="1" lat="19.054979" lon="72.839108" /><node id="4328035957" timestamp="2026-04-01T21:47:02Z" uid="1" user="OSMnx" version="1" changeset="1" lat="19.054145" lon="72.837792"><tag k="highway" v="traffic_signals" /></node><node id="4328035970" timestamp="2026-04-01T21:47:02Z" uid="1" user="OSMnx" version="1" changeset="1" lat="19.055135" lon="72.830045"><tag k="highway" v="traffic_signals" /></node><node id="4345662337" timestamp="2026-04-01T21:47:02Z" uid="1" user="OSMnx" version="1" changeset="1" lat="19.056864" lon="72.832329" /><node id="4345662338" timestamp="2026-04-01T21:47:02Z" uid="1" user="OSMnx" version="1" changeset="1" lat="19.056922" lon="72.833063" /><node id="4350660441" timestamp="2026-04-01T21:47:02Z" uid="1" user="OSMnx" version="1" changeset="1" lat="19.053556" lon="72.828307" /><node id="4350660442" timestamp="2026-04-01T21:47:02Z" uid="1" user="OSMnx" version="1" changeset="1" lat="19.05358" lon="72.827866" /><node id="4352203867" timestamp="2026-04-01T21:47:02Z" uid="1" user="OSMnx" version="1" changeset="1" lat="19.077248" lon="72.828709" /><node id="4352203883" timestamp="2026-04-01T21:47:02Z" uid="1" user="OSMnx" version="1" changeset="1" lat="19.067004" lon="72.833479" /><node id="4352203884" timestamp="2026-04-01T21:47:02Z" uid="1" user="OSMnx" version="1" changeset="1" lat="19.049928" lon="72.830291" /><node id="4352203887" timestamp="2026-04-01T21:47:02Z" uid="1" user="OSMnx" version="1" changeset="1" lat="19.054035" lon="72.833866" /><node id="4352220330" timestamp="2026-04-01T21:47:02Z" uid="1" user="OSMnx" version="1" changeset="1" lat="19.058288" lon="72.823542" /><node id="4352220331" timestamp="2026-04-01T21:47:02Z" uid="1" user="OSMnx" version="1" changeset="1" lat="19.058104" lon="72.823426" /><node id="4352220332" timestamp="2026-04-01T21:47:02Z" uid="1" user="OSMnx" version="1" changeset="1" lat="19.058421" lon="72.824524" /><node id="4352220333" timestamp="2026-04-01T21:47:02Z" uid="1" user="OSMnx" version="1" changeset="1" lat="19.058459" lon="72.825176" /><node id="4352220334" timestamp="2026-04-01T21:47:02Z" uid="1" user="OSMnx" version="1" changeset="1" lat="19.061719" lon="72.82683" /><node id="4352220335" timestamp="2026-04-01T21:47:02Z" uid="1" user="OSMnx" version="1" changeset="1" lat="19.061551" lon="72.827386" /><node id="4352220336" timestamp="2026-04-01T21:47:02Z" uid="1" user="OSMnx" version="1" changeset="1" lat="19.065782" lon="72.836265" /><node id="4352220342" timestamp="2026-04-01T21:47:02Z" uid="1" user="OSMnx" version="1" changeset="1" lat="19.065628" lon="72.827684" /><node id="4352220345" timestamp="2026-04-01T21:47:02Z" uid="1" user="OSMnx" version="1" changeset="1" lat="19.065291" lon="72.827191" /><node id="4352220354" timestamp="2026-04-01T21:47:02Z" uid="1" user="OSMnx" version="1" changeset="1" lat="19.060627" lon="72.82389" /><node id="4352220356" timestamp="2026-04-01T21:47:02Z" uid="1" user="OSMnx" version="1" changeset="1" lat="19.060079" lon="72.823572" /><node id="4352220362" timestamp="2026-04-01T21:47:02Z" uid="1" user="OSMnx" version="1" changeset="1" lat="19.060988" lon="72.824533" /><node id="4362546047" timestamp="2026-04-01T21:47:02Z" uid="1" user="OSMnx" version="1" changeset="1" lat="19.046971" lon="72.820104" /><node id="4362546055" timestamp="2026-04-01T21:47:02Z" uid="1" user="OSMnx" version="1" changeset="1" lat="19.05003" lon="72.822752" /><node id="4362546059" timestamp="2026-04-01T21:47:02Z" uid="1" user="OSMnx" version="1" changeset="1" lat="19.048967" lon="72.822123" /><node id="4362546062" timestamp="2026-04-01T21:47:02Z" uid="1" user="OSMnx" version="1" changeset="1" lat="19.050514" lon="72.823888" /><node id="4362546067" timestamp="2026-04-01T21:47:02Z" uid="1" user="OSMnx" version="1" changeset="1" lat="19.048849" lon="72.826074" /><node id="4362546075" timestamp="2026-04-01T21:47:02Z" uid="1" user="OSMnx" version="1" changeset="1" lat="19.054485" lon="72.834524" /><node id="4362546076" timestamp="2026-04-01T21:47:02Z" uid="1" user="OSMnx" version="1" changeset="1" lat="19.053987" lon="72.834547" /><node id="4362555758" timestamp="2026-04-01T21:47:02Z" uid="1" user="OSMnx" version="1" changeset="1" lat="19.05397" lon="72.83544" /><node id="4362560823" timestamp="2026-04-01T21:47:02Z" uid="1" user="OSMnx" version="1" changeset="1" lat="19.053683" lon="72.836484" /><node id="4362560824" timestamp="2026-04-01T21:47:02Z" uid="1" user="OSMnx" version="1" changeset="1" lat="19.053058" lon="72.836066" /><node id="4362560825" timestamp="2026-04-01T21:47:02Z" uid="1" user="OSMnx" version="1" changeset="1" lat="19.054316" lon="72.835246" /><node id="4362560826" timestamp="2026-04-01T21:47:02Z" uid="1" user="OSMnx" version="1" changeset="1" lat="19.053983" lon="72.835224" /><node id="4362576434" timestamp="2026-04-01T21:47:02Z" uid="1" user="OSMnx" version="1" changeset="1" lat="19.059384" lon="72.838876" /><node id="4362576435" timestamp="2026-04-01T21:47:02Z" uid="1" user="OSMnx" version="1" changeset="1" lat="19.060429" lon="72.838765" /><node id="4362576436" timestamp="2026-04-01T21:47:02Z" uid="1" user="OSMnx" version="1" changeset="1" lat="19.058503" lon="72.838996" /><node id="4362576439" timestamp="2026-04-01T21:47:02Z" uid="1" user="OSMnx" version="1" changeset="1" lat="19.055375" lon="72.836369" /><node id="4362576442" timestamp="2026-04-01T21:47:02Z" uid="1" user="OSMnx" version="1" changeset="1" lat="19.055476" lon="72.836908" /><node id="4362576447" timestamp="2026-04-01T21:47:02Z" uid="1" user="OSMnx" version="1" changeset="1" lat="19.053392" lon="72.837201" /><node id="4362576448" timestamp="2026-04-01T21:47:02Z" uid="1" user="OSMnx" version="1" changeset="1" lat="19.053245" lon="72.83707" /><node id="4362576449" timestamp="2026-04-01T21:47:02Z" uid="1" user="OSMnx" version="1" changeset="1" lat="19.053109" lon="72.836969" /><node id="4362576450" timestamp="2026-04-01T21:47:02Z" uid="1" user="OSMnx" version="1" changeset="1" lat="19.051741" lon="72.837573" /><node id="4362576452" timestamp="2026-04-01T21:47:02Z" uid="1" user="OSMnx" version="1" changeset="1" lat="19.051346" lon="72.83822" /><node id="4362576453" timestamp="2026-04-01T21:47:02Z" uid="1" user="OSMnx" version="1" changeset="1" lat="19.052057" lon="72.838284" /><node id="4362576456" timestamp="2026-04-01T21:47:02Z" uid="1" user="OSMnx" version="1" changeset="1" lat="19.051793" lon="72.838923" /><node id="4362576458" timestamp="2026-04-01T21:47:02Z" uid="1" user="OSMnx" version="1" changeset="1" lat="19.052122" lon="72.839269" /><node id="4364457173" timestamp="2026-04-01T21:47:02Z" uid="1" user="OSMnx" version="1" changeset="1" lat="19.055804" lon="72.829338" /><node id="4364457175" timestamp="2026-04-01T21:47:02Z" uid="1" user="OSMnx" version="1" changeset="1" lat="19.054992" lon="72.829366" /><node id="4515118890" timestamp="2026-04-01T21:47:02Z" uid="1" user="OSMnx" version="1" changeset="1" lat="19.046916" lon="72.82112" /><node id="4598737148" timestamp="2026-04-01T21:47:02Z" uid="1" user="OSMnx" version="1" changeset="1" lat="19.061595" lon="72.824623" /><node id="4685195753" timestamp="2026-04-01T21:47:02Z" uid="1" user="OSMnx" version="1" changeset="1" lat="19.077323" lon="72.8218" /><node id="4685195761" timestamp="2026-04-01T21:47:02Z" uid="1" user="OSMnx" version="1" changeset="1" lat="19.078602" lon="72.822879" /><node id="4685195763" timestamp="2026-04-01T21:47:02Z" uid="1" user="OSMnx" version="1" changeset="1" lat="19.078951" lon="72.823283" /><node id="4697295583" timestamp="2026-04-01T21:47:02Z" uid="1" user="OSMnx" version="1" changeset="1" lat="19.064614" lon="72.829668" /><node id="4869507727" timestamp="2026-04-01T21:47:02Z" uid="1" user="OSMnx" version="1" changeset="1" lat="19.050575" lon="72.825515" /><node id="5265547246" timestamp="2026-04-01T21:47:02Z" uid="1" user="OSMnx" version="1" changeset="1" lat="19.059135" lon="72.836791" /><node id="5265559170" timestamp="2026-04-01T21:47:02Z" uid="1" user="OSMnx" version="1" changeset="1" lat="19.059832" lon="72.837013" /><node id="5269393012" timestamp="2026-04-01T21:47:02Z" uid="1" user="OSMnx" version="1" changeset="1" lat="19.063206" lon="72.824525" /><node id="5332431181" timestamp="2026-04-01T21:47:02Z" uid="1" user="OSMnx" version="1" changeset="1" lat="19.061591" lon="72.828768" /><node id="5342165303" timestamp="2026-04-01T21:47:02Z" uid="1" user="OSMnx" version="1" changeset="1" lat="19.058375" lon="72.837978" /><node id="5342165306" timestamp="2026-04-01T21:47:02Z" uid="1" user="OSMnx" version="1" changeset="1" lat="19.059419" lon="72.837364" /><node id="5342165308" timestamp="2026-04-01T21:47:02Z" uid="1" user="OSMnx" version="1" changeset="1" lat="19.059542" lon="72.836925"><tag k="highway" v="traffic_signals" /></node><node id="5342165315" timestamp="2026-04-01T21:47:02Z" uid="1" user="OSMnx" version="1" changeset="1" lat="19.058489" lon="72.837896" /><node id="5344166505" timestamp="2026-04-01T21:47:02Z" uid="1" user="OSMnx" version="1" changeset="1" lat="19.059405" lon="72.837917" /><node id="5348737171" timestamp="2026-04-01T21:47:02Z" uid="1" user="OSMnx" version="1" changeset="1" lat="19.050187" lon="72.833305" /><node id="5353822010" timestamp="2026-04-01T21:47:02Z" uid="1" user="OSMnx" version="1" changeset="1" lat="19.059426" lon="72.834167" /><node id="5353822012" timestamp="2026-04-01T21:47:02Z" uid="1" user="OSMnx" version="1" changeset="1" lat="19.059505" lon="72.832347"><tag k="highway" v="traffic_signals" /></node><node id="5353822013" timestamp="2026-04-01T21:47:02Z" uid="1" user="OSMnx" version="1" changeset="1" lat="19.059551" lon="72.830671" /><node id="5353822017" timestamp="2026-04-01T21:47:02Z" uid="1" user="OSMnx" version="1" changeset="1" lat="19.059357" lon="72.835234" /><node id="5372158161" timestamp="2026-04-01T21:47:02Z" uid="1" user="OSMnx" version="1" changeset="1" lat="19.057693" lon="72.832193" /><node id="5372158169" timestamp="2026-04-01T21:47:02Z" uid="1" user="OSMnx" version="1" changeset="1" lat="19.057493" lon="72.830827" /><node id="5458251867" timestamp="2026-04-01T21:47:02Z" uid="1" user="OSMnx" version="1" changeset="1" lat="19.060536" lon="72.825768" /><node id="5494560187" timestamp="2026-04-01T21:47:02Z" uid="1" user="OSMnx" version="1" changeset="1" lat="19.051295" lon="72.828366" /><node id="5494564054" timestamp="2026-04-01T21:47:02Z" uid="1" user="OSMnx" version="1" changeset="1" lat="19.059682" lon="72.825801" /><node id="5494564055" timestamp="2026-04-01T21:47:02Z" uid="1" user="OSMnx" version="1" changeset="1" lat="19.059722" lon="72.826566" /><node id="5887563939" timestamp="2026-04-01T21:47:02Z" uid="1" user="OSMnx" version="1" changeset="1" lat="19.06702" lon="72.833816"><tag k="highway" v="traffic_signals" /></node><node id="5887563940" timestamp="2026-04-01T21:47:02Z" uid="1" user="OSMnx" version="1" changeset="1" lat="19.066995" lon="72.833712"><tag k="highway" v="traffic_signals" /></node><node id="6271834098" timestamp="2026-04-01T21:47:02Z" uid="1" user="OSMnx" version="1" changeset="1" lat="19.075158" lon="72.823662" /><node id="6271834099" timestamp="2026-04-01T21:47:02Z" uid="1" user="OSMnx" version="1" changeset="1" lat="19.075221" lon="72.824043" /><node id="6271834100" timestamp="2026-04-01T21:47:02Z" uid="1" user="OSMnx" version="1" changeset="1" lat="19.075274" lon="72.824502" /><node id="6280229504" timestamp="2026-04-01T21:47:02Z" uid="1" user="OSMnx" version="1" changeset="1" lat="19.059437" lon="72.836516" /><node id="6280229508" timestamp="2026-04-01T21:47:02Z" uid="1" user="OSMnx" version="1" changeset="1" lat="19.059499" lon="72.836455" /><node id="6280378088" timestamp="2026-04-01T21:47:02Z" uid="1" user="OSMnx" version="1" changeset="1" lat="19.05944" lon="72.837192" /><node id="6292531321" timestamp="2026-04-01T21:47:02Z" uid="1" user="OSMnx" version="1" changeset="1" lat="19.060275" lon="72.823236" /><node id="6292777302" timestamp="2026-04-01T21:47:02Z" uid="1" user="OSMnx" version="1" changeset="1" lat="19.05952" lon="72.837202" /><node id="6292784553" timestamp="2026-04-01T21:47:02Z" uid="1" user="OSMnx" version="1" changeset="1" lat="19.059849" lon="72.83665" /><node id="6295206335" timestamp="2026-04-01T21:47:02Z" uid="1" user="OSMnx" version="1" changeset="1" lat="19.059184" lon="72.836886" /><node id="6428591616" timestamp="2026-04-01T21:47:02Z" uid="1" user="OSMnx" version="1" changeset="1" lat="19.073649" lon="72.838294" /><node id="6428886626" timestamp="2026-04-01T21:47:02Z" uid="1" user="OSMnx" version="1" changeset="1" lat="19.059352" lon="72.838538" /><node id="6429718915" timestamp="2026-04-01T21:47:02Z" uid="1" user="OSMnx" version="1" changeset="1" lat="19.069151" lon="72.833578" /><node id="6430382336" timestamp="2026-04-01T21:47:02Z" uid="1" user="OSMnx" version="1" changeset="1" lat="19.051271" lon="72.836433" /><node id="6430382337" timestamp="2026-04-01T21:47:02Z" uid="1" user="OSMnx" version="1" changeset="1" lat="19.051629" lon="72.836506" /><node id="6435814632" timestamp="2026-04-01T21:47:02Z" uid="1" user="OSMnx" version="1" changeset="1" lat="19.069985" lon="72.83386" /><node id="6489866777" timestamp="2026-04-01T21:47:02Z" uid="1" user="OSMnx" version="1" changeset="1" lat="19.057711" lon="72.838356" /><node id="6489866778" timestamp="2026-04-01T21:47:02Z" uid="1" user="OSMnx" version="1" changeset="1" lat="19.057723" lon="72.838381" /><node id="6491141862" timestamp="2026-04-01T21:47:02Z" uid="1" user="OSMnx" version="1" changeset="1" lat="19.079037" lon="72.83946" /><node id="6491141863" timestamp="2026-04-01T21:47:02Z" uid="1" user="OSMnx" version="1" changeset="1" lat="19.078657" lon="72.840256" /><node id="6491157509" timestamp="2026-04-01T21:47:02Z" uid="1" user="OSMnx" version="1" changeset="1" lat="19.07816" lon="72.840688" /><node id="6491157510" timestamp="2026-04-01T21:47:02Z" uid="1" user="OSMnx" version="1" changeset="1" lat="19.078347" lon="72.840156" /><node id="6573898409" timestamp="2026-04-01T21:47:02Z" uid="1" user="OSMnx" version="1" changeset="1" lat="19.061753" lon="72.825995" /><node id="6581453222" timestamp="2026-04-01T21:47:02Z" uid="1" user="OSMnx" version="1" changeset="1" lat="19.068557" lon="72.82702" /><node id="6581471571" timestamp="2026-04-01T21:47:02Z" uid="1" user="OSMnx" version="1" changeset="1" lat="19.068568" lon="72.826235" /><node id="6583717548" timestamp="2026-04-01T21:47:02Z" uid="1" user="OSMnx" version="1" changeset="1" lat="19.07911" lon="72.831274" /><node id="6583717550" timestamp="2026-04-01T21:47:02Z" uid="1" user="OSMnx" version="1" changeset="1" lat="19.079077" lon="72.831696" /><node id="6590248275" timestamp="2026-04-01T21:47:02Z" uid="1" user="OSMnx" version="1" changeset="1" lat="19.057115" lon="72.838742" /><node id="6950628981" timestamp="2026-04-01T21:47:02Z" uid="1" user="OSMnx" version="1" changeset="1" lat="19.052517" lon="72.834941" /><node id="6950628984" timestamp="2026-04-01T21:47:02Z" uid="1" user="OSMnx" version="1" changeset="1" lat="19.052086" lon="72.836042" /><node id="6950683785" timestamp="2026-04-01T21:47:02Z" uid="1" user="OSMnx" version="1" changeset="1" lat="19.052536" lon="72.83458" /><node id="6950683786" timestamp="2026-04-01T21:47:02Z" uid="1" user="OSMnx" version="1" changeset="1" lat="19.052477" lon="72.835184" /><node id="7043548004" timestamp="2026-04-01T21:47:02Z" uid="1" user="OSMnx" version="1" changeset="1" lat="19.060597" lon="72.837131" /><node id="7206394771" timestamp="2026-04-01T21:47:02Z" uid="1" user="OSMnx" version="1" changeset="1" lat="19.051768" lon="72.83175" /><node id="7206394772" timestamp="2026-04-01T21:47:02Z" uid="1" user="OSMnx" version="1" changeset="1" lat="19.052464" lon="72.834094" /><node id="7206394773" timestamp="2026-04-01T21:47:02Z" uid="1" user="OSMnx" version="1" changeset="1" lat="19.052531" lon="72.834089" /><node id="7206394774" timestamp="2026-04-01T21:47:02Z" uid="1" user="OSMnx" version="1" changeset="1" lat="19.052038" lon="72.832235" /><node id="7206394775" timestamp="2026-04-01T21:47:02Z" uid="1" user="OSMnx" version="1" changeset="1" lat="19.052294" lon="72.832734" /><node id="7206394784" timestamp="2026-04-01T21:47:02Z" uid="1" user="OSMnx" version="1" changeset="1" lat="19.051456" lon="72.831155" /><node id="7206407288" timestamp="2026-04-01T21:47:02Z" uid="1" user="OSMnx" version="1" changeset="1" lat="19.050751" lon="72.829843"><tag k="highway" v="traffic_signals" /></node><node id="7206407290" timestamp="2026-04-01T21:47:02Z" uid="1" user="OSMnx" version="1" changeset="1" lat="19.050398" lon="72.829272" /><node id="7206407294" timestamp="2026-04-01T21:47:02Z" uid="1" user="OSMnx" version="1" changeset="1" lat="19.04955" lon="72.828013" /><node id="7206407299" timestamp="2026-04-01T21:47:02Z" uid="1" user="OSMnx" version="1" changeset="1" lat="19.048201" lon="72.827286" /><node id="7206407301" timestamp="2026-04-01T21:47:02Z" uid="1" user="OSMnx" version="1" changeset="1" lat="19.047814" lon="72.82727" /><node id="7206407305" timestamp="2026-04-01T21:47:02Z" uid="1" user="OSMnx" version="1" changeset="1" lat="19.05247" lon="72.83427" /><node id="7241563884" timestamp="2026-04-01T21:47:02Z" uid="1" user="OSMnx" version="1" changeset="1" lat="19.058648" lon="72.822817" /><node id="7241583727" timestamp="2026-04-01T21:47:02Z" uid="1" user="OSMnx" version="1" changeset="1" lat="19.074793" lon="72.825973" /><node id="7241583735" timestamp="2026-04-01T21:47:02Z" uid="1" user="OSMnx" version="1" changeset="1" lat="19.07386" lon="72.82211" /><node id="7241601886" timestamp="2026-04-01T21:47:02Z" uid="1" user="OSMnx" version="1" changeset="1" lat="19.061843" lon="72.823119" /><node id="7244539582" timestamp="2026-04-01T21:47:02Z" uid="1" user="OSMnx" version="1" changeset="1" lat="19.072186" lon="72.839273" /><node id="7244551186" timestamp="2026-04-01T21:47:02Z" uid="1" user="OSMnx" version="1" changeset="1" lat="19.055087" lon="72.833924" /><node id="7244551187" timestamp="2026-04-01T21:47:02Z" uid="1" user="OSMnx" version="1" changeset="1" lat="19.058914" lon="72.836763" /><node id="7244551188" timestamp="2026-04-01T21:47:02Z" uid="1" user="OSMnx" version="1" changeset="1" lat="19.072501" lon="72.837518" /><node id="7298841985" timestamp="2026-04-01T21:47:02Z" uid="1" user="OSMnx" version="1" changeset="1" lat="19.075167" lon="72.824055" /><node id="7298841998" timestamp="2026-04-01T21:47:02Z" uid="1" user="OSMnx" version="1" changeset="1" lat="19.073852" lon="72.822175" /><node id="7298842002" timestamp="2026-04-01T21:47:02Z" uid="1" user="OSMnx" version="1" changeset="1" lat="19.075208" lon="72.824746" /><node id="7298842020" timestamp="2026-04-01T21:47:02Z" uid="1" user="OSMnx" version="1" changeset="1" lat="19.070616" lon="72.822434" /><node id="7298842024" timestamp="2026-04-01T21:47:02Z" uid="1" user="OSMnx" version="1" changeset="1" lat="19.069187" lon="72.823026" /><node id="7298842041" timestamp="2026-04-01T21:47:02Z" uid="1" user="OSMnx" version="1" changeset="1" lat="19.063037" lon="72.822595" /><node id="7298842042" timestamp="2026-04-01T21:47:02Z" uid="1" user="OSMnx" version="1" changeset="1" lat="19.062004" lon="72.822341" /><node id="7298892222" timestamp="2026-04-01T21:47:02Z" uid="1" user="OSMnx" version="1" changeset="1" lat="19.069052" lon="72.824145" /><node id="7298892245" timestamp="2026-04-01T21:47:02Z" uid="1" user="OSMnx" version="1" changeset="1" lat="19.057854" lon="72.823715" /><node id="7320265241" timestamp="2026-04-01T21:47:02Z" uid="1" user="OSMnx" version="1" changeset="1" lat="19.05422" lon="72.824386" /><node id="7320265243" timestamp="2026-04-01T21:47:02Z" uid="1" user="OSMnx" version="1" changeset="1" lat="19.050636" lon="72.821561" /><node id="7320265259" timestamp="2026-04-01T21:47:02Z" uid="1" user="OSMnx" version="1" changeset="1" lat="19.053199" lon="72.822145" /><node id="7320265268" timestamp="2026-04-01T21:47:02Z" uid="1" user="OSMnx" version="1" changeset="1" lat="19.053752" lon="72.833858" /><node id="7358515097" timestamp="2026-04-01T21:47:02Z" uid="1" user="OSMnx" version="1" changeset="1" lat="19.054228" lon="72.833913" /><node id="7358515098" timestamp="2026-04-01T21:47:02Z" uid="1" user="OSMnx" version="1" changeset="1" lat="19.05418" lon="72.834538" /><node id="7384246037" timestamp="2026-04-01T21:47:02Z" uid="1" user="OSMnx" version="1" changeset="1" lat="19.078916" lon="72.839626" /><node id="8145876796" timestamp="2026-04-01T21:47:02Z" uid="1" user="OSMnx" version="1" changeset="1" lat="19.077253" lon="72.824035" /><node id="8212157010" timestamp="2026-04-01T21:47:02Z" uid="1" user="OSMnx" version="1" changeset="1" lat="19.077488" lon="72.823987" /><node id="8474572848" timestamp="2026-04-01T21:47:02Z" uid="1" user="OSMnx" version="1" changeset="1" lat="19.075908" lon="72.824544" /><node id="8488697651" timestamp="2026-04-01T21:47:02Z" uid="1" user="OSMnx" version="1" changeset="1" lat="19.077674" lon="72.822123" /><node id="8589026517" timestamp="2026-04-01T21:47:02Z" uid="1" user="OSMnx" version="1" changeset="1" lat="19.054286" lon="72.838877" /><node id="8589101223" timestamp="2026-04-01T21:47:02Z" uid="1" user="OSMnx" version="1" changeset="1" lat="19.074618" lon="72.827055" /><node id="8589101224" timestamp="2026-04-01T21:47:02Z" uid="1" user="OSMnx" version="1" changeset="1" lat="19.074464" lon="72.827459" /><node id="8589101225" timestamp="2026-04-01T21:47:02Z" uid="1" user="OSMnx" version="1" changeset="1" lat="19.074308" lon="72.827898" /><node id="8589101227" timestamp="2026-04-01T21:47:02Z" uid="1" user="OSMnx" version="1" changeset="1" lat="19.074046" lon="72.82866" /><node id="8589101228" timestamp="2026-04-01T21:47:02Z" uid="1" user="OSMnx" version="1" changeset="1" lat="19.073528" lon="72.830192"><tag k="highway" v="traffic_signals" /></node><node id="8589101229" timestamp="2026-04-01T21:47:02Z" uid="1" user="OSMnx" version="1" changeset="1" lat="19.073102" lon="72.83111" /><node id="8589101230" timestamp="2026-04-01T21:47:02Z" uid="1" user="OSMnx" version="1" changeset="1" lat="19.07276" lon="72.831924" /><node id="8589101231" timestamp="2026-04-01T21:47:02Z" uid="1" user="OSMnx" version="1" changeset="1" lat="19.072533" lon="72.832422" /><node id="8589101233" timestamp="2026-04-01T21:47:02Z" uid="1" user="OSMnx" version="1" changeset="1" lat="19.07223" lon="72.83307" /><node id="8589101235" timestamp="2026-04-01T21:47:02Z" uid="1" user="OSMnx" version="1" changeset="1" lat="19.073921" lon="72.829022" /><node id="8589101236" timestamp="2026-04-01T21:47:02Z" uid="1" user="OSMnx" version="1" changeset="1" lat="19.073786" lon="72.829414" /><node id="8589101237" timestamp="2026-04-01T21:47:02Z" uid="1" user="OSMnx" version="1" changeset="1" lat="19.074673" lon="72.827073" /><node id="8695589328" timestamp="2026-04-01T21:47:02Z" uid="1" user="OSMnx" version="1" changeset="1" lat="19.079823" lon="72.827726" /><node id="8695589329" timestamp="2026-04-01T21:47:02Z" uid="1" user="OSMnx" version="1" changeset="1" lat="19.079866" lon="72.827762" /><node id="8711186082" timestamp="2026-04-01T21:47:02Z" uid="1" user="OSMnx" version="1" changeset="1" lat="19.049286" lon="72.824304" /><node id="8711186083" timestamp="2026-04-01T21:47:02Z" uid="1" user="OSMnx" version="1" changeset="1" lat="19.049161" lon="72.824871" /><node id="9198800273" timestamp="2026-04-01T21:47:02Z" uid="1" user="OSMnx" version="1" changeset="1" lat="19.042663" lon="72.820286" /><node id="9263370380" timestamp="2026-04-01T21:47:02Z" uid="1" user="OSMnx" version="1" changeset="1" lat="19.075528" lon="72.825888" /><node id="9263370389" timestamp="2026-04-01T21:47:02Z" uid="1" user="OSMnx" version="1" changeset="1" lat="19.076259" lon="72.8258" /><node id="9681688972" timestamp="2026-04-01T21:47:02Z" uid="1" user="OSMnx" version="1" changeset="1" lat="19.055745" lon="72.833468" /><node id="9681688973" timestamp="2026-04-01T21:47:02Z" uid="1" user="OSMnx" version="1" changeset="1" lat="19.055212" lon="72.830826" /><node id="9681688974" timestamp="2026-04-01T21:47:02Z" uid="1" user="OSMnx" version="1" changeset="1" lat="19.052172" lon="72.824086" /><node id="9681688977" timestamp="2026-04-01T21:47:02Z" uid="1" user="OSMnx" version="1" changeset="1" lat="19.05379" lon="72.824421" /><node id="9681688983" timestamp="2026-04-01T21:47:02Z" uid="1" user="OSMnx" version="1" changeset="1" lat="19.054715" lon="72.826784"><tag k="highway" v="traffic_signals" /></node><node id="9681688986" timestamp="2026-04-01T21:47:02Z" uid="1" user="OSMnx" version="1" changeset="1" lat="19.055326" lon="72.831508" /><node id="9681688988" timestamp="2026-04-01T21:47:02Z" uid="1" user="OSMnx" version="1" changeset="1" lat="19.055981" lon="72.834711" /><node id="9681688994" timestamp="2026-04-01T21:47:02Z" uid="1" user="OSMnx" version="1" changeset="1" lat="19.055019" lon="72.836328" /><node id="9681688995" timestamp="2026-04-01T21:47:02Z" uid="1" user="OSMnx" version="1" changeset="1" lat="19.054539" lon="72.837144" /><node id="9681688997" timestamp="2026-04-01T21:47:02Z" uid="1" user="OSMnx" version="1" changeset="1" lat="19.055511" lon="72.832221" /><node id="9681688998" timestamp="2026-04-01T21:47:02Z" uid="1" user="OSMnx" version="1" changeset="1" lat="19.054728" lon="72.827787" /><node id="9681688999" timestamp="2026-04-01T21:47:02Z" uid="1" user="OSMnx" version="1" changeset="1" lat="19.054848" lon="72.828362" /><node id="9681689000" timestamp="2026-04-01T21:47:02Z" uid="1" user="OSMnx" version="1" changeset="1" lat="19.054775" lon="72.828374" /><node id="9681689002" timestamp="2026-04-01T21:47:02Z" uid="1" user="OSMnx" version="1" changeset="1" lat="19.054649" lon="72.825432"><tag k="highway" v="traffic_signals" /></node><node id="9739285675" timestamp="2026-04-01T21:47:02Z" uid="1" user="OSMnx" version="1" changeset="1" lat="19.054352" lon="72.839752" /><node id="9739950371" timestamp="2026-04-01T21:47:02Z" uid="1" user="OSMnx" version="1" changeset="1" lat="19.054057" lon="72.837934"><tag k="highway" v="traffic_signals" /></node><node id="9739950372" timestamp="2026-04-01T21:47:02Z" uid="1" user="OSMnx" version="1" changeset="1" lat="19.054043" lon="72.837806"><tag k="highway" v="traffic_signals" /></node><node id="9739950373" timestamp="2026-04-01T21:47:02Z" uid="1" user="OSMnx" version="1" changeset="1" lat="19.054157" lon="72.837915"><tag k="highway" v="traffic_signals" /></node><node id="9784861778" timestamp="2026-04-01T21:47:02Z" uid="1" user="OSMnx" version="1" changeset="1" lat="19.055381" lon="72.837431" /><node id="9787156063" timestamp="2026-04-01T21:47:02Z" uid="1" user="OSMnx" version="1" changeset="1" lat="19.055842" lon="72.83345" /><node id="9852339280" timestamp="2026-04-01T21:47:02Z" uid="1" user="OSMnx" version="1" changeset="1" lat="19.050463" lon="72.833146" /><node id="9859474278" timestamp="2026-04-01T21:47:02Z" uid="1" user="OSMnx" version="1" changeset="1" lat="19.055593" lon="72.832612" /><node id="9916444554" timestamp="2026-04-01T21:47:02Z" uid="1" user="OSMnx" version="1" changeset="1" lat="19.055074" lon="72.830054"><tag k="highway" v="traffic_signals" /></node><node id="9920649226" timestamp="2026-04-01T21:47:02Z" uid="1" user="OSMnx" version="1" changeset="1" lat="19.077647" lon="72.822745" /><node id="9920649231" timestamp="2026-04-01T21:47:02Z" uid="1" user="OSMnx" version="1" changeset="1" lat="19.077831" lon="72.822863" /><node id="9979171944" timestamp="2026-04-01T21:47:02Z" uid="1" user="OSMnx" version="1" changeset="1" lat="19.068475" lon="72.831174" /><node id="9979171945" timestamp="2026-04-01T21:47:02Z" uid="1" user="OSMnx" version="1" changeset="1" lat="19.068461" lon="72.831092" /><node id="9979171946" timestamp="2026-04-01T21:47:02Z" uid="1" user="OSMnx" version="1" changeset="1" lat="19.068274" lon="72.831943" /><node id="9979171947" timestamp="2026-04-01T21:47:02Z" uid="1" user="OSMnx" version="1" changeset="1" lat="19.068035" lon="72.832718" /><node id="9979171948" timestamp="2026-04-01T21:47:02Z" uid="1" user="OSMnx" version="1" changeset="1" lat="19.067788" lon="72.83349"><tag k="highway" v="traffic_signals" /></node><node id="9979171951" timestamp="2026-04-01T21:47:02Z" uid="1" user="OSMnx" version="1" changeset="1" lat="19.067969" lon="72.832696" /><node id="9979171952" timestamp="2026-04-01T21:47:02Z" uid="1" user="OSMnx" version="1" changeset="1" lat="19.068013" lon="72.832789" /><node id="9979171953" timestamp="2026-04-01T21:47:02Z" uid="1" user="OSMnx" version="1" changeset="1" lat="19.067626" lon="72.834561" /><node id="9979171954" timestamp="2026-04-01T21:47:02Z" uid="1" user="OSMnx" version="1" changeset="1" lat="19.0675" lon="72.835872" /><node id="9979171955" timestamp="2026-04-01T21:47:02Z" uid="1" user="OSMnx" version="1" changeset="1" lat="19.067571" lon="72.836696" /><node id="9979171956" timestamp="2026-04-01T21:47:02Z" uid="1" user="OSMnx" version="1" changeset="1" lat="19.067734" lon="72.837371"><tag k="highway" v="traffic_signals" /></node><node id="9979171957" timestamp="2026-04-01T21:47:02Z" uid="1" user="OSMnx" version="1" changeset="1" lat="19.067783" lon="72.833593"><tag k="highway" v="traffic_signals" /></node><node id="9979171964" timestamp="2026-04-01T21:47:02Z" uid="1" user="OSMnx" version="1" changeset="1" lat="19.06765" lon="72.837212"><tag k="highway" v="traffic_signals" /></node><node id="9979171965" timestamp="2026-04-01T21:47:02Z" uid="1" user="OSMnx" version="1" changeset="1" lat="19.06765" lon="72.837371"><tag k="highway" v="traffic_signals" /></node><node id="9979171966" timestamp="2026-04-01T21:47:02Z" uid="1" user="OSMnx" version="1" changeset="1" lat="19.067669" lon="72.834319" /><node id="9979171968" timestamp="2026-04-01T21:47:02Z" uid="1" user="OSMnx" version="1" changeset="1" lat="19.067526" lon="72.835138" /><node id="9992653316" timestamp="2026-04-01T21:47:02Z" uid="1" user="OSMnx" version="1" changeset="1" lat="19.05242" lon="72.835173" /><node id="9992653317" timestamp="2026-04-01T21:47:02Z" uid="1" user="OSMnx" version="1" changeset="1" lat="19.052453" lon="72.834938" /><node id="10082236368" timestamp="2026-04-01T21:47:02Z" uid="1" user="OSMnx" version="1" changeset="1" lat="19.072007" lon="72.825606" /><node id="10082236370" timestamp="2026-04-01T21:47:02Z" uid="1" user="OSMnx" version="1" changeset="1" lat="19.07066" lon="72.822404" /><node id="10082236380" timestamp="2026-04-01T21:47:02Z" uid="1" user="OSMnx" version="1" changeset="1" lat="19.071855" lon="72.824917" /><node id="10082236383" timestamp="2026-04-01T21:47:02Z" uid="1" user="OSMnx" version="1" changeset="1" lat="19.070935" lon="72.823235" /><node id="10082236384" timestamp="2026-04-01T21:47:02Z" uid="1" user="OSMnx" version="1" changeset="1" lat="19.071335" lon="72.823813" /><node id="10082236386" timestamp="2026-04-01T21:47:02Z" uid="1" user="OSMnx" version="1" changeset="1" lat="19.071622" lon="72.824342" /><node id="10082236387" timestamp="2026-04-01T21:47:02Z" uid="1" user="OSMnx" version="1" changeset="1" lat="19.072016" lon="72.825481" /><node id="10082236388" timestamp="2026-04-01T21:47:02Z" uid="1" user="OSMnx" version="1" changeset="1" lat="19.07189" lon="72.825043" /><node id="10089667071" timestamp="2026-04-01T21:47:02Z" uid="1" user="OSMnx" version="1" changeset="1" lat="19.051353" lon="72.82856" /><node id="10089667076" timestamp="2026-04-01T21:47:02Z" uid="1" user="OSMnx" version="1" changeset="1" lat="19.051707" lon="72.829352" /><node id="10089667078" timestamp="2026-04-01T21:47:02Z" uid="1" user="OSMnx" version="1" changeset="1" lat="19.050859" lon="72.82986"><tag k="highway" v="traffic_signals" /></node><node id="10089667079" timestamp="2026-04-01T21:47:02Z" uid="1" user="OSMnx" version="1" changeset="1" lat="19.050789" lon="72.829906"><tag k="highway" v="traffic_signals" /></node><node id="10091567336" timestamp="2026-04-01T21:47:02Z" uid="1" user="OSMnx" version="1" changeset="1" lat="19.076186" lon="72.826987" /><node id="10097054034" timestamp="2026-04-01T21:47:02Z" uid="1" user="OSMnx" version="1" changeset="1" lat="19.072533" lon="72.837519" /><node id="10106787079" timestamp="2026-04-01T21:47:02Z" uid="1" user="OSMnx" version="1" changeset="1" lat="19.05422" lon="72.826688" /><node id="10106787084" timestamp="2026-04-01T21:47:02Z" uid="1" user="OSMnx" version="1" changeset="1" lat="19.053758" lon="72.826274" /><node id="10118530702" timestamp="2026-04-01T21:47:02Z" uid="1" user="OSMnx" version="1" changeset="1" lat="19.075248" lon="72.825224" /><node id="10151360137" timestamp="2026-04-01T21:47:02Z" uid="1" user="OSMnx" version="1" changeset="1" lat="19.075463" lon="72.840449" /><node id="10156049799" timestamp="2026-04-01T21:47:02Z" uid="1" user="OSMnx" version="1" changeset="1" lat="19.052027" lon="72.835986" /><node id="10171052191" timestamp="2026-04-01T21:47:02Z" uid="1" user="OSMnx" version="1" changeset="1" lat="19.067482" lon="72.827016" /><node id="10172786327" timestamp="2026-04-01T21:47:02Z" uid="1" user="OSMnx" version="1" changeset="1" lat="19.055918" lon="72.835528" /><node id="10174942976" timestamp="2026-04-01T21:47:02Z" uid="1" user="OSMnx" version="1" changeset="1" lat="19.070409" lon="72.825965" /><node id="10174942979" timestamp="2026-04-01T21:47:02Z" uid="1" user="OSMnx" version="1" changeset="1" lat="19.069308" lon="72.826071" /><node id="10198782960" timestamp="2026-04-01T21:47:02Z" uid="1" user="OSMnx" version="1" changeset="1" lat="19.064391" lon="72.83096" /><node id="10198782961" timestamp="2026-04-01T21:47:02Z" uid="1" user="OSMnx" version="1" changeset="1" lat="19.064348" lon="72.831301" /><node id="10198782962" timestamp="2026-04-01T21:47:02Z" uid="1" user="OSMnx" version="1" changeset="1" lat="19.064556" lon="72.830969" /><node id="10227877564" timestamp="2026-04-01T21:47:02Z" uid="1" user="OSMnx" version="1" changeset="1" lat="19.073336" lon="72.823377" /><node id="10257903078" timestamp="2026-04-01T21:47:02Z" uid="1" user="OSMnx" version="1" changeset="1" lat="19.054448" lon="72.839656" /><node id="10264805107" timestamp="2026-04-01T21:47:02Z" uid="1" user="OSMnx" version="1" changeset="1" lat="19.055961" lon="72.835263" /><node id="10264805108" timestamp="2026-04-01T21:47:02Z" uid="1" user="OSMnx" version="1" changeset="1" lat="19.055817" lon="72.835436" /><node id="10272736790" timestamp="2026-04-01T21:47:02Z" uid="1" user="OSMnx" version="1" changeset="1" lat="19.059628" lon="72.836856"><tag k="highway" v="traffic_signals" /></node><node id="10277700917" timestamp="2026-04-01T21:47:02Z" uid="1" user="OSMnx" version="1" changeset="1" lat="19.054345" lon="72.837517" /><node id="10277700921" timestamp="2026-04-01T21:47:02Z" uid="1" user="OSMnx" version="1" changeset="1" lat="19.054426" lon="72.837732" /><node id="10281883196" timestamp="2026-04-01T21:47:02Z" uid="1" user="OSMnx" version="1" changeset="1" lat="19.045923" lon="72.822129" /><node id="10540292296" timestamp="2026-04-01T21:47:02Z" uid="1" user="OSMnx" version="1" changeset="1" lat="19.077596" lon="72.822335" /><node id="10540292299" timestamp="2026-04-01T21:47:02Z" uid="1" user="OSMnx" version="1" changeset="1" lat="19.077096" lon="72.822306" /><node id="10577255861" timestamp="2026-04-01T21:47:02Z" uid="1" user="OSMnx" version="1" changeset="1" lat="19.068218" lon="72.823463" /><node id="10577255862" timestamp="2026-04-01T21:47:02Z" uid="1" user="OSMnx" version="1" changeset="1" lat="19.068428" lon="72.824185" /><node id="10577255863" timestamp="2026-04-01T21:47:02Z" uid="1" user="OSMnx" version="1" changeset="1" lat="19.068826" lon="72.824038" /><node id="10577255870" timestamp="2026-04-01T21:47:02Z" uid="1" user="OSMnx" version="1" changeset="1" lat="19.068336" lon="72.823892" /><node id="10577255871" timestamp="2026-04-01T21:47:02Z" uid="1" user="OSMnx" version="1" changeset="1" lat="19.068082" lon="72.824123" /><node id="10577255872" timestamp="2026-04-01T21:47:02Z" uid="1" user="OSMnx" version="1" changeset="1" lat="19.06767" lon="72.824212" /><node id="10591500468" timestamp="2026-04-01T21:47:02Z" uid="1" user="OSMnx" version="1" changeset="1" lat="19.074084" lon="72.82234" /><node id="10591500471" timestamp="2026-04-01T21:47:02Z" uid="1" user="OSMnx" version="1" changeset="1" lat="19.073247" lon="72.822274" /><node id="10591500472" timestamp="2026-04-01T21:47:02Z" uid="1" user="OSMnx" version="1" changeset="1" lat="19.07466" lon="72.823056" /><node id="10591500473" timestamp="2026-04-01T21:47:02Z" uid="1" user="OSMnx" version="1" changeset="1" lat="19.073284" lon="72.823042" /><node id="10591500474" timestamp="2026-04-01T21:47:02Z" uid="1" user="OSMnx" version="1" changeset="1" lat="19.073833" lon="72.822356" /><node id="10591500477" timestamp="2026-04-01T21:47:02Z" uid="1" user="OSMnx" version="1" changeset="1" lat="19.073832" lon="72.823048" /><node id="10591500479" timestamp="2026-04-01T21:47:02Z" uid="1" user="OSMnx" version="1" changeset="1" lat="19.072619" lon="72.822376" /><node id="10591500480" timestamp="2026-04-01T21:47:02Z" uid="1" user="OSMnx" version="1" changeset="1" lat="19.073267" lon="72.822681" /><node id="10591500481" timestamp="2026-04-01T21:47:02Z" uid="1" user="OSMnx" version="1" changeset="1" lat="19.072782" lon="72.822725" /><node id="10591500482" timestamp="2026-04-01T21:47:02Z" uid="1" user="OSMnx" version="1" changeset="1" lat="19.073281" lon="72.822967" /><node id="10591500483" timestamp="2026-04-01T21:47:02Z" uid="1" user="OSMnx" version="1" changeset="1" lat="19.072814" lon="72.822939" /><node id="10598764751" timestamp="2026-04-01T21:47:02Z" uid="1" user="OSMnx" version="1" changeset="1" lat="19.060211" lon="72.823212" /><node id="10598764756" timestamp="2026-04-01T21:47:02Z" uid="1" user="OSMnx" version="1" changeset="1" lat="19.060266" lon="72.823116" /><node id="10598764758" timestamp="2026-04-01T21:47:02Z" uid="1" user="OSMnx" version="1" changeset="1" lat="19.060333" lon="72.823138" /><node id="10603240106" timestamp="2026-04-01T21:47:02Z" uid="1" user="OSMnx" version="1" changeset="1" lat="19.054131" lon="72.82451"><tag k="highway" v="traffic_signals" /></node><node id="10603240107" timestamp="2026-04-01T21:47:02Z" uid="1" user="OSMnx" version="1" changeset="1" lat="19.054114" lon="72.824561"><tag k="highway" v="traffic_signals" /></node><node id="10603240108" timestamp="2026-04-01T21:47:02Z" uid="1" user="OSMnx" version="1" changeset="1" lat="19.054231" lon="72.824556"><tag k="highway" v="traffic_signals" /></node><node id="10603240109" timestamp="2026-04-01T21:47:02Z" uid="1" user="OSMnx" version="1" changeset="1" lat="19.054219" lon="72.824606"><tag k="highway" v="traffic_signals" /></node><node id="10631005829" timestamp="2026-04-01T21:47:02Z" uid="1" user="OSMnx" version="1" changeset="1" lat="19.05906" lon="72.821651" /><node id="10635534062" timestamp="2026-04-01T21:47:02Z" uid="1" user="OSMnx" version="1" changeset="1" lat="19.071709" lon="72.83401"><tag k="highway" v="traffic_signals" /></node><node id="10657225552" timestamp="2026-04-01T21:47:02Z" uid="1" user="OSMnx" version="1" changeset="1" lat="19.051618" lon="72.829307" /><node id="10657225553" timestamp="2026-04-01T21:47:02Z" uid="1" user="OSMnx" version="1" changeset="1" lat="19.051649" lon="72.829381" /><node id="10678500261" timestamp="2026-04-01T21:47:02Z" uid="1" user="OSMnx" version="1" changeset="1" lat="19.052321" lon="72.830663" /><node id="10685130180" timestamp="2026-04-01T21:47:02Z" uid="1" user="OSMnx" version="1" changeset="1" lat="19.051794" lon="72.82449" /><node id="10770749309" timestamp="2026-04-01T21:47:02Z" uid="1" user="OSMnx" version="1" changeset="1" lat="19.055867" lon="72.834095"><tag k="highway" v="traffic_signals" /></node><node id="10878501990" timestamp="2026-04-01T21:47:02Z" uid="1" user="OSMnx" version="1" changeset="1" lat="19.06383" lon="72.834949"><tag k="highway" v="traffic_signals" /></node><node id="10878501991" timestamp="2026-04-01T21:47:02Z" uid="1" user="OSMnx" version="1" changeset="1" lat="19.063878" lon="72.835052"><tag k="highway" v="traffic_signals" /></node><node id="10882694911" timestamp="2026-04-01T21:47:02Z" uid="1" user="OSMnx" version="1" changeset="1" lat="19.060624" lon="72.822327" /><node id="10882694912" timestamp="2026-04-01T21:47:02Z" uid="1" user="OSMnx" version="1" changeset="1" lat="19.060721" lon="72.822364" /><node id="10882694913" timestamp="2026-04-01T21:47:02Z" uid="1" user="OSMnx" version="1" changeset="1" lat="19.060557" lon="72.822432" /><node id="10882694914" timestamp="2026-04-01T21:47:02Z" uid="1" user="OSMnx" version="1" changeset="1" lat="19.060627" lon="72.822464" /><node id="10882696217" timestamp="2026-04-01T21:47:02Z" uid="1" user="OSMnx" version="1" changeset="1" lat="19.075044" lon="72.825976" /><node id="10882696219" timestamp="2026-04-01T21:47:02Z" uid="1" user="OSMnx" version="1" changeset="1" lat="19.075088" lon="72.825988" /><node id="10882702403" timestamp="2026-04-01T21:47:02Z" uid="1" user="OSMnx" version="1" changeset="1" lat="19.051203" lon="72.836377" /><node id="10882715555" timestamp="2026-04-01T21:47:02Z" uid="1" user="OSMnx" version="1" changeset="1" lat="19.059608" lon="72.828898" /><node id="10882715558" timestamp="2026-04-01T21:47:02Z" uid="1" user="OSMnx" version="1" changeset="1" lat="19.059512" lon="72.829529" /><node id="10882715559" timestamp="2026-04-01T21:47:02Z" uid="1" user="OSMnx" version="1" changeset="1" lat="19.059564" lon="72.829527" /><node id="10882715560" timestamp="2026-04-01T21:47:02Z" uid="1" user="OSMnx" version="1" changeset="1" lat="19.059734" lon="72.824089" /><node id="10882715562" timestamp="2026-04-01T21:47:02Z" uid="1" user="OSMnx" version="1" changeset="1" lat="19.059581" lon="72.8251" /><node id="10882715563" timestamp="2026-04-01T21:47:02Z" uid="1" user="OSMnx" version="1" changeset="1" lat="19.059627" lon="72.825806" /><node id="10882715564" timestamp="2026-04-01T21:47:02Z" uid="1" user="OSMnx" version="1" changeset="1" lat="19.05966" lon="72.826569" /><node id="10882715565" timestamp="2026-04-01T21:47:02Z" uid="1" user="OSMnx" version="1" changeset="1" lat="19.059681" lon="72.82736" /><node id="10882715566" timestamp="2026-04-01T21:47:02Z" uid="1" user="OSMnx" version="1" changeset="1" lat="19.059716" lon="72.828123" /><node id="10882715571" timestamp="2026-04-01T21:47:02Z" uid="1" user="OSMnx" version="1" changeset="1" lat="19.059521" lon="72.829222" /><node id="10882715573" timestamp="2026-04-01T21:47:02Z" uid="1" user="OSMnx" version="1" changeset="1" lat="19.060016" lon="72.823543" /><node id="10882727459" timestamp="2026-04-01T21:47:02Z" uid="1" user="OSMnx" version="1" changeset="1" lat="19.05943" lon="72.829534" /><node id="10882727462" timestamp="2026-04-01T21:47:02Z" uid="1" user="OSMnx" version="1" changeset="1" lat="19.058378" lon="72.82961" /><node id="10882727463" timestamp="2026-04-01T21:47:02Z" uid="1" user="OSMnx" version="1" changeset="1" lat="19.05736" lon="72.829702" /><node id="10882727464" timestamp="2026-04-01T21:47:02Z" uid="1" user="OSMnx" version="1" changeset="1" lat="19.055123" lon="72.829988"><tag k="highway" v="traffic_signals" /></node><node id="10882727465" timestamp="2026-04-01T21:47:02Z" uid="1" user="OSMnx" version="1" changeset="1" lat="19.055064" lon="72.829994"><tag k="highway" v="traffic_signals" /></node><node id="10882768313" timestamp="2026-04-01T21:47:02Z" uid="1" user="OSMnx" version="1" changeset="1" lat="19.052467" lon="72.834196" /><node id="10882768320" timestamp="2026-04-01T21:47:02Z" uid="1" user="OSMnx" version="1" changeset="1" lat="19.051582" lon="72.836461" /><node id="10921540397" timestamp="2026-04-01T21:47:02Z" uid="1" user="OSMnx" version="1" changeset="1" lat="19.056374" lon="72.839175" /><node id="10921540403" timestamp="2026-04-01T21:47:02Z" uid="1" user="OSMnx" version="1" changeset="1" lat="19.056805" lon="72.839341" /><node id="10921550007" timestamp="2026-04-01T21:47:02Z" uid="1" user="OSMnx" version="1" changeset="1" lat="19.055862" lon="72.834068" /><node id="10921550009" timestamp="2026-04-01T21:47:02Z" uid="1" user="OSMnx" version="1" changeset="1" lat="19.055341" lon="72.834082" /><node id="10923887867" timestamp="2026-04-01T21:47:02Z" uid="1" user="OSMnx" version="1" changeset="1" lat="19.072255" lon="72.839668" /><node id="10925762894" timestamp="2026-04-01T21:47:02Z" uid="1" user="OSMnx" version="1" changeset="1" lat="19.073581" lon="72.838293" /><node id="10925774614" timestamp="2026-04-01T21:47:02Z" uid="1" user="OSMnx" version="1" changeset="1" lat="19.072483" lon="72.837592" /><node id="10925774615" timestamp="2026-04-01T21:47:02Z" uid="1" user="OSMnx" version="1" changeset="1" lat="19.072207" lon="72.839172" /><node id="10926237361" timestamp="2026-04-01T21:47:02Z" uid="1" user="OSMnx" version="1" changeset="1" lat="19.072248" lon="72.827426" /><node id="10938889165" timestamp="2026-04-01T21:47:02Z" uid="1" user="OSMnx" version="1" changeset="1" lat="19.066442" lon="72.823863" /><node id="10938889166" timestamp="2026-04-01T21:47:02Z" uid="1" user="OSMnx" version="1" changeset="1" lat="19.066821" lon="72.823503" /><node id="11031578721" timestamp="2026-04-01T21:47:02Z" uid="1" user="OSMnx" version="1" changeset="1" lat="19.070709" lon="72.83013" /><node id="11031578722" timestamp="2026-04-01T21:47:02Z" uid="1" user="OSMnx" version="1" changeset="1" lat="19.070788" lon="72.829712" /><node id="11032196064" timestamp="2026-04-01T21:47:02Z" uid="1" user="OSMnx" version="1" changeset="1" lat="19.07715" lon="72.82919" /><node id="11032196065" timestamp="2026-04-01T21:47:02Z" uid="1" user="OSMnx" version="1" changeset="1" lat="19.077608" lon="72.829222" /><node id="11033681799" timestamp="2026-04-01T21:47:02Z" uid="1" user="OSMnx" version="1" changeset="1" lat="19.047906" lon="72.822298" /><node id="11033807714" timestamp="2026-04-01T21:47:02Z" uid="1" user="OSMnx" version="1" changeset="1" lat="19.047174" lon="72.825373" /><node id="11033807718" timestamp="2026-04-01T21:47:02Z" uid="1" user="OSMnx" version="1" changeset="1" lat="19.047072" lon="72.825867" /><node id="11033840373" timestamp="2026-04-01T21:47:02Z" uid="1" user="OSMnx" version="1" changeset="1" lat="19.046114" lon="72.824679" /><node id="11036567792" timestamp="2026-04-01T21:47:02Z" uid="1" user="OSMnx" version="1" changeset="1" lat="19.04781" lon="72.824173" /><node id="11036640589" timestamp="2026-04-01T21:47:02Z" uid="1" user="OSMnx" version="1" changeset="1" lat="19.072073" lon="72.827563" /><node id="11036640590" timestamp="2026-04-01T21:47:02Z" uid="1" user="OSMnx" version="1" changeset="1" lat="19.0718" lon="72.827187" /><node id="11036688923" timestamp="2026-04-01T21:47:02Z" uid="1" user="OSMnx" version="1" changeset="1" lat="19.066671" lon="72.823986" /><node id="11036688926" timestamp="2026-04-01T21:47:02Z" uid="1" user="OSMnx" version="1" changeset="1" lat="19.067306" lon="72.823819" /><node id="11036689491" timestamp="2026-04-01T21:47:02Z" uid="1" user="OSMnx" version="1" changeset="1" lat="19.071184" lon="72.826769" /><node id="11037037916" timestamp="2026-04-01T21:47:02Z" uid="1" user="OSMnx" version="1" changeset="1" lat="19.052078" lon="72.83828" /><node id="11041641849" timestamp="2026-04-01T21:47:02Z" uid="1" user="OSMnx" version="1" changeset="1" lat="19.058901" lon="72.836141" /><node id="11041647021" timestamp="2026-04-01T21:47:02Z" uid="1" user="OSMnx" version="1" changeset="1" lat="19.05851" lon="72.835996" /><node id="11041724852" timestamp="2026-04-01T21:47:02Z" uid="1" user="OSMnx" version="1" changeset="1" lat="19.065788" lon="72.823982" /><node id="11041728473" timestamp="2026-04-01T21:47:02Z" uid="1" user="OSMnx" version="1" changeset="1" lat="19.066041" lon="72.824247" /><node id="11041745471" timestamp="2026-04-01T21:47:02Z" uid="1" user="OSMnx" version="1" changeset="1" lat="19.063128" lon="72.823784" /><node id="11041745472" timestamp="2026-04-01T21:47:02Z" uid="1" user="OSMnx" version="1" changeset="1" lat="19.063794" lon="72.823782" /><node id="11043390465" timestamp="2026-04-01T21:47:02Z" uid="1" user="OSMnx" version="1" changeset="1" lat="19.071984" lon="72.839333" /><node id="11043802706" timestamp="2026-04-01T21:47:02Z" uid="1" user="OSMnx" version="1" changeset="1" lat="19.058768" lon="72.83526" /><node id="11043802707" timestamp="2026-04-01T21:47:02Z" uid="1" user="OSMnx" version="1" changeset="1" lat="19.058755" lon="72.834862" /><node id="11050952239" timestamp="2026-04-01T21:47:02Z" uid="1" user="OSMnx" version="1" changeset="1" lat="19.080097" lon="72.832798" /><node id="11052675960" timestamp="2026-04-01T21:47:02Z" uid="1" user="OSMnx" version="1" changeset="1" lat="19.04584" lon="72.827285" /><node id="11057897312" timestamp="2026-04-01T21:47:02Z" uid="1" user="OSMnx" version="1" changeset="1" lat="19.050632" lon="72.825215" /><node id="11057906714" timestamp="2026-04-01T21:47:02Z" uid="1" user="OSMnx" version="1" changeset="1" lat="19.054691" lon="72.826015" /><node id="11057906719" timestamp="2026-04-01T21:47:02Z" uid="1" user="OSMnx" version="1" changeset="1" lat="19.053973" lon="72.825819" /><node id="11057906722" timestamp="2026-04-01T21:47:02Z" uid="1" user="OSMnx" version="1" changeset="1" lat="19.053766" lon="72.825529" /><node id="11064822734" timestamp="2026-04-01T21:47:02Z" uid="1" user="OSMnx" version="1" changeset="1" lat="19.075259" lon="72.824243" /><node id="11064822737" timestamp="2026-04-01T21:47:02Z" uid="1" user="OSMnx" version="1" changeset="1" lat="19.075574" lon="72.824316" /><node id="11064868474" timestamp="2026-04-01T21:47:02Z" uid="1" user="OSMnx" version="1" changeset="1" lat="19.07377" lon="72.824055" /><node id="11072733820" timestamp="2026-04-01T21:47:02Z" uid="1" user="OSMnx" version="1" changeset="1" lat="19.061556" lon="72.838103" /><node id="11137606769" timestamp="2026-04-01T21:47:02Z" uid="1" user="OSMnx" version="1" changeset="1" lat="19.067125" lon="72.824574" /><node id="11141000305" timestamp="2026-04-01T21:47:02Z" uid="1" user="OSMnx" version="1" changeset="1" lat="19.063278" lon="72.830414" /><node id="11190310736" timestamp="2026-04-01T21:47:02Z" uid="1" user="OSMnx" version="1" changeset="1" lat="19.071997" lon="72.82242" /><node id="11296371084" timestamp="2026-04-01T21:47:02Z" uid="1" user="OSMnx" version="1" changeset="1" lat="19.060199" lon="72.830657" /><node id="11296371085" timestamp="2026-04-01T21:47:02Z" uid="1" user="OSMnx" version="1" changeset="1" lat="19.060207" lon="72.83016" /><node id="11482187985" timestamp="2026-04-01T21:47:02Z" uid="1" user="OSMnx" version="1" changeset="1" lat="19.053168" lon="72.828206" /><node id="11482187986" timestamp="2026-04-01T21:47:02Z" uid="1" user="OSMnx" version="1" changeset="1" lat="19.053197" lon="72.82779" /><node id="11482188047" timestamp="2026-04-01T21:47:02Z" uid="1" user="OSMnx" version="1" changeset="1" lat="19.058802" lon="72.823317" /><node id="11482202185" timestamp="2026-04-01T21:47:02Z" uid="1" user="OSMnx" version="1" changeset="1" lat="19.060135" lon="72.822251" /><node id="11482202186" timestamp="2026-04-01T21:47:02Z" uid="1" user="OSMnx" version="1" changeset="1" lat="19.060177" lon="72.822142" /><node id="11482202224" timestamp="2026-04-01T21:47:02Z" uid="1" user="OSMnx" version="1" changeset="1" lat="19.062192" lon="72.823182" /><node id="11497379659" timestamp="2026-04-01T21:47:02Z" uid="1" user="OSMnx" version="1" changeset="1" lat="19.070328" lon="72.833833" /><node id="11954333366" timestamp="2026-04-01T21:47:02Z" uid="1" user="OSMnx" version="1" changeset="1" lat="19.05216" lon="72.835796" /><node id="11954345379" timestamp="2026-04-01T21:47:02Z" uid="1" user="OSMnx" version="1" changeset="1" lat="19.050504" lon="72.834554" /><node id="12069189881" timestamp="2026-04-01T21:47:02Z" uid="1" user="OSMnx" version="1" changeset="1" lat="19.068482" lon="72.830665" /><node id="12069661574" timestamp="2026-04-01T21:47:02Z" uid="1" user="OSMnx" version="1" changeset="1" lat="19.061649" lon="72.823095" /><node id="12079592111" timestamp="2026-04-01T21:47:02Z" uid="1" user="OSMnx" version="1" changeset="1" lat="19.059227" lon="72.837459" /><node id="12079592112" timestamp="2026-04-01T21:47:02Z" uid="1" user="OSMnx" version="1" changeset="1" lat="19.05923" lon="72.837913" /><node id="12192784817" timestamp="2026-04-01T21:47:02Z" uid="1" user="OSMnx" version="1" changeset="1" lat="19.05886" lon="72.823576" /><node id="12192784830" timestamp="2026-04-01T21:47:02Z" uid="1" user="OSMnx" version="1" changeset="1" lat="19.058436" lon="72.82381" /><node id="12192784831" timestamp="2026-04-01T21:47:02Z" uid="1" user="OSMnx" version="1" changeset="1" lat="19.058452" lon="72.823595" /><node id="12293439549" timestamp="2026-04-01T21:47:02Z" uid="1" user="OSMnx" version="1" changeset="1" lat="19.056" lon="72.835576" /><node id="12293795280" timestamp="2026-04-01T21:47:02Z" uid="1" user="OSMnx" version="1" changeset="1" lat="19.055387" lon="72.831497" /><node id="12298747861" timestamp="2026-04-01T21:47:02Z" uid="1" user="OSMnx" version="1" changeset="1" lat="19.074066" lon="72.824076" /><node id="12298747862" timestamp="2026-04-01T21:47:02Z" uid="1" user="OSMnx" version="1" changeset="1" lat="19.073866" lon="72.823433" /><node id="12298766410" timestamp="2026-04-01T21:47:02Z" uid="1" user="OSMnx" version="1" changeset="1" lat="19.074835" lon="72.822661" /><node id="12298766414" timestamp="2026-04-01T21:47:02Z" uid="1" user="OSMnx" version="1" changeset="1" lat="19.075059" lon="72.822812" /><node id="12298788109" timestamp="2026-04-01T21:47:02Z" uid="1" user="OSMnx" version="1" changeset="1" lat="19.072197" lon="72.824915" /><node id="12298814779" timestamp="2026-04-01T21:47:02Z" uid="1" user="OSMnx" version="1" changeset="1" lat="19.072362" lon="72.828023" /><node id="12299384611" timestamp="2026-04-01T21:47:02Z" uid="1" user="OSMnx" version="1" changeset="1" lat="19.074306" lon="72.838742" /><node id="12346531469" timestamp="2026-04-01T21:47:02Z" uid="1" user="OSMnx" version="1" changeset="1" lat="19.054343" lon="72.832324" /><node id="12347814313" timestamp="2026-04-01T21:47:02Z" uid="1" user="OSMnx" version="1" changeset="1" lat="19.052534" lon="72.834265" /><node id="12347814314" timestamp="2026-04-01T21:47:02Z" uid="1" user="OSMnx" version="1" changeset="1" lat="19.052534" lon="72.834198" /><node id="12361260646" timestamp="2026-04-01T21:47:02Z" uid="1" user="OSMnx" version="1" changeset="1" lat="19.052216" lon="72.835832" /><node id="12695051724" timestamp="2026-04-01T21:47:02Z" uid="1" user="OSMnx" version="1" changeset="1" lat="19.057132" lon="72.82469" /><node id="12716963180" timestamp="2026-04-01T21:47:02Z" uid="1" user="OSMnx" version="1" changeset="1" lat="19.055756" lon="72.833033" /><node id="12905637200" timestamp="2026-04-01T21:47:02Z" uid="1" user="OSMnx" version="1" changeset="1" lat="19.063726" lon="72.834682" /><node id="12926034665" timestamp="2026-04-01T21:47:02Z" uid="1" user="OSMnx" version="1" changeset="1" lat="19.062013" lon="72.83554" /><node id="12926034666" timestamp="2026-04-01T21:47:02Z" uid="1" user="OSMnx" version="1" changeset="1" lat="19.062147" lon="72.835665" /><node id="12926508526" timestamp="2026-04-01T21:47:02Z" uid="1" user="OSMnx" version="1" changeset="1" lat="19.049294" lon="72.825534" /><node id="12927277249" timestamp="2026-04-01T21:47:02Z" uid="1" user="OSMnx" version="1" changeset="1" lat="19.049446" lon="72.823789" /><node id="12927629251" timestamp="2026-04-01T21:47:02Z" uid="1" user="OSMnx" version="1" changeset="1" lat="19.058903" lon="72.823892" /><node id="12974666366" timestamp="2026-04-01T21:47:02Z" uid="1" user="OSMnx" version="1" changeset="1" lat="19.046553" lon="72.819865" /><node id="12974666367" timestamp="2026-04-01T21:47:02Z" uid="1" user="OSMnx" version="1" changeset="1" lat="19.046575" lon="72.81971" /><node id="12996344235" timestamp="2026-04-01T21:47:02Z" uid="1" user="OSMnx" version="1" changeset="1" lat="19.049914" lon="72.824181" /><node id="13009284660" timestamp="2026-04-01T21:47:02Z" uid="1" user="OSMnx" version="1" changeset="1" lat="19.05361" lon="72.824299" /><node id="13009284661" timestamp="2026-04-01T21:47:02Z" uid="1" user="OSMnx" version="1" changeset="1" lat="19.053592" lon="72.824354" /><node id="13009284666" timestamp="2026-04-01T21:47:02Z" uid="1" user="OSMnx" version="1" changeset="1" lat="19.052874" lon="72.824104" /><node id="13009290209" timestamp="2026-04-01T21:47:02Z" uid="1" user="OSMnx" version="1" changeset="1" lat="19.045944" lon="72.82227" /><node id="13009290210" timestamp="2026-04-01T21:47:02Z" uid="1" user="OSMnx" version="1" changeset="1" lat="19.04616" lon="72.822244" /><node id="13015040851" timestamp="2026-04-01T21:47:02Z" uid="1" user="OSMnx" version="1" changeset="1" lat="19.045327" lon="72.820157" /><node id="13015040852" timestamp="2026-04-01T21:47:02Z" uid="1" user="OSMnx" version="1" changeset="1" lat="19.044783" lon="72.820012" /><node id="13063238673" timestamp="2026-04-01T21:47:02Z" uid="1" user="OSMnx" version="1" changeset="1" lat="19.058154" lon="72.839322" /><node id="13063238674" timestamp="2026-04-01T21:47:02Z" uid="1" user="OSMnx" version="1" changeset="1" lat="19.058147" lon="72.839092" /><node id="13063238716" timestamp="2026-04-01T21:47:02Z" uid="1" user="OSMnx" version="1" changeset="1" lat="19.059985" lon="72.838504" /><node id="13064056829" timestamp="2026-04-01T21:47:02Z" uid="1" user="OSMnx" version="1" changeset="1" lat="19.053525" lon="72.825073" /><node id="13067310092" timestamp="2026-04-01T21:47:02Z" uid="1" user="OSMnx" version="1" changeset="1" lat="19.054069" lon="72.828697" /><node id="13067310094" timestamp="2026-04-01T21:47:02Z" uid="1" user="OSMnx" version="1" changeset="1" lat="19.053549" lon="72.828917" /><node id="13082053973" timestamp="2026-04-01T21:47:02Z" uid="1" user="OSMnx" version="1" changeset="1" lat="19.056131" lon="72.827799" /><node id="13105749791" timestamp="2026-04-01T21:47:02Z" uid="1" user="OSMnx" version="1" changeset="1" lat="19.062944" lon="72.834621" /><node id="13105749792" timestamp="2026-04-01T21:47:02Z" uid="1" user="OSMnx" version="1" changeset="1" lat="19.062918" lon="72.834966" /><node id="13299168585" timestamp="2026-04-01T21:47:02Z" uid="1" user="OSMnx" version="1" changeset="1" lat="19.054188" lon="72.823582" /><node id="13476283029" timestamp="2026-04-01T21:47:02Z" uid="1" user="OSMnx" version="1" changeset="1" lat="19.056692" lon="72.832927" /><node id="13476464226" timestamp="2026-04-01T21:47:02Z" uid="1" user="OSMnx" version="1" changeset="1" lat="19.072663" lon="72.832268" /><node id="13476464229" timestamp="2026-04-01T21:47:02Z" uid="1" user="OSMnx" version="1" changeset="1" lat="19.072726" lon="72.832446" /><node id="13478797530" timestamp="2026-04-01T21:47:02Z" uid="1" user="OSMnx" version="1" changeset="1" lat="19.071947" lon="72.838194" /><node id="13503191875" timestamp="2026-04-01T21:47:02Z" uid="1" user="OSMnx" version="1" changeset="1" lat="19.077845" lon="72.839931" /><node id="13503191888" timestamp="2026-04-01T21:47:02Z" uid="1" user="OSMnx" version="1" changeset="1" lat="19.077585" lon="72.840597" /><node id="13503249966" timestamp="2026-04-01T21:47:02Z" uid="1" user="OSMnx" version="1" changeset="1" lat="19.0752" lon="72.839931" /><node id="13503249967" timestamp="2026-04-01T21:47:02Z" uid="1" user="OSMnx" version="1" changeset="1" lat="19.075134" lon="72.839955" /><node id="13503275918" timestamp="2026-04-01T21:47:02Z" uid="1" user="OSMnx" version="1" changeset="1" lat="19.075102" lon="72.837543" /><node id="13503275919" timestamp="2026-04-01T21:47:02Z" uid="1" user="OSMnx" version="1" changeset="1" lat="19.0751" lon="72.837658" /><node id="13503275923" timestamp="2026-04-01T21:47:02Z" uid="1" user="OSMnx" version="1" changeset="1" lat="19.075004" lon="72.838818" /><node id="13503275924" timestamp="2026-04-01T21:47:02Z" uid="1" user="OSMnx" version="1" changeset="1" lat="19.074978" lon="72.839464" /><node id="13503275932" timestamp="2026-04-01T21:47:02Z" uid="1" user="OSMnx" version="1" changeset="1" lat="19.075153" lon="72.837448" /><node id="13503275933" timestamp="2026-04-01T21:47:02Z" uid="1" user="OSMnx" version="1" changeset="1" lat="19.075163" lon="72.837659" /><node id="13503275934" timestamp="2026-04-01T21:47:02Z" uid="1" user="OSMnx" version="1" changeset="1" lat="19.075168" lon="72.837548" /><node id="13503325281" timestamp="2026-04-01T21:47:02Z" uid="1" user="OSMnx" version="1" changeset="1" lat="19.07869" lon="72.83916" /><node id="13503325282" timestamp="2026-04-01T21:47:02Z" uid="1" user="OSMnx" version="1" changeset="1" lat="19.078646" lon="72.839288" /><node id="13503325288" timestamp="2026-04-01T21:47:02Z" uid="1" user="OSMnx" version="1" changeset="1" lat="19.078752" lon="72.839525" /><node id="13503523477" timestamp="2026-04-01T21:47:02Z" uid="1" user="OSMnx" version="1" changeset="1" lat="19.077684" lon="72.828853" /><node id="13503523491" timestamp="2026-04-01T21:47:02Z" uid="1" user="OSMnx" version="1" changeset="1" lat="19.077687" lon="72.828837" /><node id="13503549885" timestamp="2026-04-01T21:47:02Z" uid="1" user="OSMnx" version="1" changeset="1" lat="19.072268" lon="72.832993" /><node id="13503728764" timestamp="2026-04-01T21:47:02Z" uid="1" user="OSMnx" version="1" changeset="1" lat="19.074469" lon="72.837514" /><node id="13503944689" timestamp="2026-04-01T21:47:02Z" uid="1" user="OSMnx" version="1" changeset="1" lat="19.05941" lon="72.834858" /><node id="13503944696" timestamp="2026-04-01T21:47:02Z" uid="1" user="OSMnx" version="1" changeset="1" lat="19.059361" lon="72.834856" /><node id="13504126725" timestamp="2026-04-01T21:47:02Z" uid="1" user="OSMnx" version="1" changeset="1" lat="19.072092" lon="72.828428" /><node id="13504126727" timestamp="2026-04-01T21:47:02Z" uid="1" user="OSMnx" version="1" changeset="1" lat="19.072213" lon="72.828065" /><node id="13504126735" timestamp="2026-04-01T21:47:02Z" uid="1" user="OSMnx" version="1" changeset="1" lat="19.072225" lon="72.828429" /><node id="13506288256" timestamp="2026-04-01T21:47:02Z" uid="1" user="OSMnx" version="1" changeset="1" lat="19.063067" lon="72.829741" /><node id="13506288266" timestamp="2026-04-01T21:47:02Z" uid="1" user="OSMnx" version="1" changeset="1" lat="19.063162" lon="72.829669" /><node id="13507076612" timestamp="2026-04-01T21:47:02Z" uid="1" user="OSMnx" version="1" changeset="1" lat="19.052883" lon="72.828599" /><node id="13508497778" timestamp="2026-04-01T21:47:02Z" uid="1" user="OSMnx" version="1" changeset="1" lat="19.051919" lon="72.829903" /><node id="13508497780" timestamp="2026-04-01T21:47:02Z" uid="1" user="OSMnx" version="1" changeset="1" lat="19.051967" lon="72.829875" /><node id="13508577381" timestamp="2026-04-01T21:47:02Z" uid="1" user="OSMnx" version="1" changeset="1" lat="19.053626" lon="72.822456" /><node id="13508778910" timestamp="2026-04-01T21:47:02Z" uid="1" user="OSMnx" version="1" changeset="1" lat="19.053775" lon="72.822566" /><node id="13508778912" timestamp="2026-04-01T21:47:02Z" uid="1" user="OSMnx" version="1" changeset="1" lat="19.05374" lon="72.822651" /><node id="13508799085" timestamp="2026-04-01T21:47:02Z" uid="1" user="OSMnx" version="1" changeset="1" lat="19.05418" lon="72.823408" /><node id="13508799086" timestamp="2026-04-01T21:47:02Z" uid="1" user="OSMnx" version="1" changeset="1" lat="19.054244" lon="72.82342" /><node id="13508799087" timestamp="2026-04-01T21:47:02Z" uid="1" user="OSMnx" version="1" changeset="1" lat="19.054255" lon="72.823595" /><node id="13509415591" timestamp="2026-04-01T21:47:02Z" uid="1" user="OSMnx" version="1" changeset="1" lat="19.053087" lon="72.824122" /><node id="13509415600" timestamp="2026-04-01T21:47:02Z" uid="1" user="OSMnx" version="1" changeset="1" lat="19.053115" lon="72.823941" /><node id="13509430501" timestamp="2026-04-01T21:47:02Z" uid="1" user="OSMnx" version="1" changeset="1" lat="19.052898" lon="72.823911" /><node id="13509430532" timestamp="2026-04-01T21:47:02Z" uid="1" user="OSMnx" version="1" changeset="1" lat="19.05239" lon="72.823493" /><node id="13509430538" timestamp="2026-04-01T21:47:02Z" uid="1" user="OSMnx" version="1" changeset="1" lat="19.052042" lon="72.82355" /><node id="13514297393" timestamp="2026-04-01T21:47:02Z" uid="1" user="OSMnx" version="1" changeset="1" lat="19.050884" lon="72.829756" /><node id="13514297394" timestamp="2026-04-01T21:47:02Z" uid="1" user="OSMnx" version="1" changeset="1" lat="19.050922" lon="72.829821" /><node id="13514498300" timestamp="2026-04-01T21:47:02Z" uid="1" user="OSMnx" version="1" changeset="1" lat="19.05956" lon="72.829288" /><node id="13514568901" timestamp="2026-04-01T21:47:02Z" uid="1" user="OSMnx" version="1" changeset="1" lat="19.059515" lon="72.829281" /><node id="13514568910" timestamp="2026-04-01T21:47:02Z" uid="1" user="OSMnx" version="1" changeset="1" lat="19.059147" lon="72.829531" /><node id="13514568911" timestamp="2026-04-01T21:47:02Z" uid="1" user="OSMnx" version="1" changeset="1" lat="19.059153" lon="72.829595" /><node id="13514731253" timestamp="2026-04-01T21:47:02Z" uid="1" user="OSMnx" version="1" changeset="1" lat="19.055569" lon="72.832219" /><node id="13514783244" timestamp="2026-04-01T21:47:02Z" uid="1" user="OSMnx" version="1" changeset="1" lat="19.054148" lon="72.824374" /><node id="13516051353" timestamp="2026-04-01T21:47:02Z" uid="1" user="OSMnx" version="1" changeset="1" lat="19.074976" lon="72.82615" /><node id="13516051357" timestamp="2026-04-01T21:47:02Z" uid="1" user="OSMnx" version="1" changeset="1" lat="19.074844" lon="72.825972" /><node id="13516967378" timestamp="2026-04-01T21:47:02Z" uid="1" user="OSMnx" version="1" changeset="1" lat="19.048226" lon="72.827214" /><node id="13518714598" timestamp="2026-04-01T21:47:02Z" uid="1" user="OSMnx" version="1" changeset="1" lat="19.070412" lon="72.824102" /><node id="13518785211" timestamp="2026-04-01T21:47:02Z" uid="1" user="OSMnx" version="1" changeset="1" lat="19.07018" lon="72.824386" /><node id="13518920660" timestamp="2026-04-01T21:47:02Z" uid="1" user="OSMnx" version="1" changeset="1" lat="19.078781" lon="72.837725" /><node id="13518920662" timestamp="2026-04-01T21:47:02Z" uid="1" user="OSMnx" version="1" changeset="1" lat="19.078785" lon="72.837655" /><node id="13518920667" timestamp="2026-04-01T21:47:02Z" uid="1" user="OSMnx" version="1" changeset="1" lat="19.079366" lon="72.837766" /><node id="13518920669" timestamp="2026-04-01T21:47:02Z" uid="1" user="OSMnx" version="1" changeset="1" lat="19.07937" lon="72.837694" /><node id="13519081577" timestamp="2026-04-01T21:47:02Z" uid="1" user="OSMnx" version="1" changeset="1" lat="19.07473" lon="72.822953" /><node id="13519081578" timestamp="2026-04-01T21:47:02Z" uid="1" user="OSMnx" version="1" changeset="1" lat="19.074756" lon="72.822924" /><node id="13519137921" timestamp="2026-04-01T21:47:02Z" uid="1" user="OSMnx" version="1" changeset="1" lat="19.077325" lon="72.822684" /><node id="13519137922" timestamp="2026-04-01T21:47:02Z" uid="1" user="OSMnx" version="1" changeset="1" lat="19.077724" lon="72.822544" /><node id="13519137927" timestamp="2026-04-01T21:47:02Z" uid="1" user="OSMnx" version="1" changeset="1" lat="19.077582" lon="72.822986" /><node id="13519173573" timestamp="2026-04-01T21:47:02Z" uid="1" user="OSMnx" version="1" changeset="1" lat="19.056588" lon="72.83329" /><node id="13519173576" timestamp="2026-04-01T21:47:02Z" uid="1" user="OSMnx" version="1" changeset="1" lat="19.055811" lon="72.8333" /><node id="13519412694" timestamp="2026-04-01T21:47:02Z" uid="1" user="OSMnx" version="1" changeset="1" lat="19.073856" lon="72.824728" /><node id="13519412696" timestamp="2026-04-01T21:47:02Z" uid="1" user="OSMnx" version="1" changeset="1" lat="19.074255" lon="72.824734" /><node id="13519774680" timestamp="2026-04-01T21:47:02Z" uid="1" user="OSMnx" version="1" changeset="1" lat="19.075045" lon="72.826445" /><node id="13519774681" timestamp="2026-04-01T21:47:02Z" uid="1" user="OSMnx" version="1" changeset="1" lat="19.074919" lon="72.826443" /><node id="13519795291" timestamp="2026-04-01T21:47:02Z" uid="1" user="OSMnx" version="1" changeset="1" lat="19.077999" lon="72.823735" /><node id="13520099253" timestamp="2026-04-01T21:47:02Z" uid="1" user="OSMnx" version="1" changeset="1" lat="19.055614" lon="72.829925" /><node id="13520099254" timestamp="2026-04-01T21:47:02Z" uid="1" user="OSMnx" version="1" changeset="1" lat="19.05562" lon="72.829984" /><node id="13520099255" timestamp="2026-04-01T21:47:02Z" uid="1" user="OSMnx" version="1" changeset="1" lat="19.055524" lon="72.829937" /><node id="13520099256" timestamp="2026-04-01T21:47:02Z" uid="1" user="OSMnx" version="1" changeset="1" lat="19.055528" lon="72.829995" /><node id="13520933659" timestamp="2026-04-01T21:47:02Z" uid="1" user="OSMnx" version="1" changeset="1" lat="19.058869" lon="72.82956" /><node id="13520933660" timestamp="2026-04-01T21:47:02Z" uid="1" user="OSMnx" version="1" changeset="1" lat="19.058873" lon="72.829624" /><node id="13520933661" timestamp="2026-04-01T21:47:02Z" uid="1" user="OSMnx" version="1" changeset="1" lat="19.058968" lon="72.82955" /><node id="13520933662" timestamp="2026-04-01T21:47:02Z" uid="1" user="OSMnx" version="1" changeset="1" lat="19.058972" lon="72.829614" /><node id="13520933663" timestamp="2026-04-01T21:47:02Z" uid="1" user="OSMnx" version="1" changeset="1" lat="19.058126" lon="72.829632" /><node id="13520933664" timestamp="2026-04-01T21:47:02Z" uid="1" user="OSMnx" version="1" changeset="1" lat="19.058132" lon="72.829696" /><node id="13520933667" timestamp="2026-04-01T21:47:02Z" uid="1" user="OSMnx" version="1" changeset="1" lat="19.057606" lon="72.82968" /><node id="13520933668" timestamp="2026-04-01T21:47:02Z" uid="1" user="OSMnx" version="1" changeset="1" lat="19.057611" lon="72.829742" /><node id="13520933669" timestamp="2026-04-01T21:47:02Z" uid="1" user="OSMnx" version="1" changeset="1" lat="19.0563" lon="72.829838" /><node id="13520933670" timestamp="2026-04-01T21:47:02Z" uid="1" user="OSMnx" version="1" changeset="1" lat="19.056307" lon="72.829897" /><node id="13520939011" timestamp="2026-04-01T21:47:02Z" uid="1" user="OSMnx" version="1" changeset="1" lat="19.048124" lon="72.822357" /><node id="13521060696" timestamp="2026-04-01T21:47:02Z" uid="1" user="OSMnx" version="1" changeset="1" lat="19.076662" lon="72.823747" /><node id="13521071802" timestamp="2026-04-01T21:47:02Z" uid="1" user="OSMnx" version="1" changeset="1" lat="19.076453" lon="72.823768" /><node id="13521071832" timestamp="2026-04-01T21:47:02Z" uid="1" user="OSMnx" version="1" changeset="1" lat="19.07629" lon="72.82414" /><node id="13521071835" timestamp="2026-04-01T21:47:02Z" uid="1" user="OSMnx" version="1" changeset="1" lat="19.076868" lon="72.824158" /><node id="13521071836" timestamp="2026-04-01T21:47:02Z" uid="1" user="OSMnx" version="1" changeset="1" lat="19.076864" lon="72.824085" /><node id="13521071839" timestamp="2026-04-01T21:47:02Z" uid="1" user="OSMnx" version="1" changeset="1" lat="19.076792" lon="72.824349" /><node id="13521071851" timestamp="2026-04-01T21:47:02Z" uid="1" user="OSMnx" version="1" changeset="1" lat="19.077183" lon="72.823804" /><node id="13521071852" timestamp="2026-04-01T21:47:02Z" uid="1" user="OSMnx" version="1" changeset="1" lat="19.077179" lon="72.823836" /><node id="13521071864" timestamp="2026-04-01T21:47:02Z" uid="1" user="OSMnx" version="1" changeset="1" lat="19.076842" lon="72.823606" /><node id="13521071868" timestamp="2026-04-01T21:47:02Z" uid="1" user="OSMnx" version="1" changeset="1" lat="19.076866" lon="72.82391" /><node id="13521071869" timestamp="2026-04-01T21:47:02Z" uid="1" user="OSMnx" version="1" changeset="1" lat="19.0763" lon="72.823239" /><node id="13521071876" timestamp="2026-04-01T21:47:02Z" uid="1" user="OSMnx" version="1" changeset="1" lat="19.077124" lon="72.823324" /><node id="13521071879" timestamp="2026-04-01T21:47:02Z" uid="1" user="OSMnx" version="1" changeset="1" lat="19.076776" lon="72.82333" /><node id="13521071890" timestamp="2026-04-01T21:47:02Z" uid="1" user="OSMnx" version="1" changeset="1" lat="19.076785" lon="72.822594" /><node id="13521149002" timestamp="2026-04-01T21:47:02Z" uid="1" user="OSMnx" version="1" changeset="1" lat="19.062829" lon="72.822448" /><node id="13521149003" timestamp="2026-04-01T21:47:02Z" uid="1" user="OSMnx" version="1" changeset="1" lat="19.062808" lon="72.822539" /><node id="13521190682" timestamp="2026-04-01T21:47:02Z" uid="1" user="OSMnx" version="1" changeset="1" lat="19.077739" lon="72.823918" /><node id="13521237106" timestamp="2026-04-01T21:47:02Z" uid="1" user="OSMnx" version="1" changeset="1" lat="19.059669" lon="72.826848" /><node id="13521237115" timestamp="2026-04-01T21:47:02Z" uid="1" user="OSMnx" version="1" changeset="1" lat="19.059728" lon="72.826845" /><node id="13521371103" timestamp="2026-04-01T21:47:02Z" uid="1" user="OSMnx" version="1" changeset="1" lat="19.06783" lon="72.833236" /><node id="13522243177" timestamp="2026-04-01T21:47:02Z" uid="1" user="OSMnx" version="1" changeset="1" lat="19.077673" lon="72.823936" /><node id="13522243181" timestamp="2026-04-01T21:47:02Z" uid="1" user="OSMnx" version="1" changeset="1" lat="19.07809" lon="72.824921" /><node id="13522243186" timestamp="2026-04-01T21:47:02Z" uid="1" user="OSMnx" version="1" changeset="1" lat="19.078256" lon="72.824781" /><node id="13522243187" timestamp="2026-04-01T21:47:02Z" uid="1" user="OSMnx" version="1" changeset="1" lat="19.077964" lon="72.824461" /><node id="13522243192" timestamp="2026-04-01T21:47:02Z" uid="1" user="OSMnx" version="1" changeset="1" lat="19.077819" lon="72.823943" /><node id="13522294904" timestamp="2026-04-01T21:47:02Z" uid="1" user="OSMnx" version="1" changeset="1" lat="19.059694" lon="72.828617" /><node id="13522294905" timestamp="2026-04-01T21:47:02Z" uid="1" user="OSMnx" version="1" changeset="1" lat="19.059759" lon="72.828617" /><node id="13523326214" timestamp="2026-04-01T21:47:02Z" uid="1" user="OSMnx" version="1" changeset="1" lat="19.054822" lon="72.828102" /><node id="13523326236" timestamp="2026-04-01T21:47:02Z" uid="1" user="OSMnx" version="1" changeset="1" lat="19.054745" lon="72.8281" /><node id="13523554733" timestamp="2026-04-01T21:47:02Z" uid="1" user="OSMnx" version="1" changeset="1" lat="19.060594" lon="72.837172" /><node id="13523554734" timestamp="2026-04-01T21:47:02Z" uid="1" user="OSMnx" version="1" changeset="1" lat="19.065893" lon="72.837334" /><node id="13523554735" timestamp="2026-04-01T21:47:02Z" uid="1" user="OSMnx" version="1" changeset="1" lat="19.066616" lon="72.837349" /><node id="13523554736" timestamp="2026-04-01T21:47:02Z" uid="1" user="OSMnx" version="1" changeset="1" lat="19.074467" lon="72.837612" /><node id="13523554737" timestamp="2026-04-01T21:47:02Z" uid="1" user="OSMnx" version="1" changeset="1" lat="19.075692" lon="72.837576" /><node id="13523554738" timestamp="2026-04-01T21:47:02Z" uid="1" user="OSMnx" version="1" changeset="1" lat="19.076239" lon="72.837604" /><node id="13523554740" timestamp="2026-04-01T21:47:02Z" uid="1" user="OSMnx" version="1" changeset="1" lat="19.072298" lon="72.837406" /><node id="13523554741" timestamp="2026-04-01T21:47:02Z" uid="1" user="OSMnx" version="1" changeset="1" lat="19.072296" lon="72.83751" /><node id="13523657584" timestamp="2026-04-01T21:47:02Z" uid="1" user="OSMnx" version="1" changeset="1" lat="19.058696" lon="72.833864" /><node id="13523657588" timestamp="2026-04-01T21:47:02Z" uid="1" user="OSMnx" version="1" changeset="1" lat="19.058981" lon="72.833948" /><node id="13528565679" timestamp="2026-04-01T21:47:02Z" uid="1" user="OSMnx" version="1" changeset="1" lat="19.062042" lon="72.824631" /><node id="13528565680" timestamp="2026-04-01T21:47:02Z" uid="1" user="OSMnx" version="1" changeset="1" lat="19.06188" lon="72.825747" /><node id="13528689952" timestamp="2026-04-01T21:47:02Z" uid="1" user="OSMnx" version="1" changeset="1" lat="19.052524" lon="72.834808" /><node id="13528689953" timestamp="2026-04-01T21:47:02Z" uid="1" user="OSMnx" version="1" changeset="1" lat="19.052503" lon="72.835035" /><node id="13528689954" timestamp="2026-04-01T21:47:02Z" uid="1" user="OSMnx" version="1" changeset="1" lat="19.052441" lon="72.835022" /><node id="13528689955" timestamp="2026-04-01T21:47:02Z" uid="1" user="OSMnx" version="1" changeset="1" lat="19.053584" lon="72.838014" /><node id="13528689956" timestamp="2026-04-01T21:47:02Z" uid="1" user="OSMnx" version="1" changeset="1" lat="19.053562" lon="72.837887" /><node id="13529118173" timestamp="2026-04-01T21:47:02Z" uid="1" user="OSMnx" version="1" changeset="1" lat="19.057713" lon="72.832516" /><node id="13534655598" timestamp="2026-04-01T21:47:02Z" uid="1" user="OSMnx" version="1" changeset="1" lat="19.056412" lon="72.832744" /><node id="13534655599" timestamp="2026-04-01T21:47:02Z" uid="1" user="OSMnx" version="1" changeset="1" lat="19.055713" lon="72.83283" /><node id="13534656947" timestamp="2026-04-01T21:47:02Z" uid="1" user="OSMnx" version="1" changeset="1" lat="19.05567" lon="72.833047" /><node id="13537225634" timestamp="2026-04-01T21:47:02Z" uid="1" user="OSMnx" version="1" changeset="1" lat="19.075103" lon="72.823671" /><node id="13537225635" timestamp="2026-04-01T21:47:02Z" uid="1" user="OSMnx" version="1" changeset="1" lat="19.075215" lon="72.824502" /><node id="13537225636" timestamp="2026-04-01T21:47:02Z" uid="1" user="OSMnx" version="1" changeset="1" lat="19.075267" lon="72.824746" /><node id="13537225637" timestamp="2026-04-01T21:47:02Z" uid="1" user="OSMnx" version="1" changeset="1" lat="19.075133" lon="72.825533" /><node id="13537225638" timestamp="2026-04-01T21:47:02Z" uid="1" user="OSMnx" version="1" changeset="1" lat="19.075188" lon="72.825543" /><node id="13551006685" timestamp="2026-04-01T21:47:02Z" uid="1" user="OSMnx" version="1" changeset="1" lat="19.058341" lon="72.83066" /><node id="13551006686" timestamp="2026-04-01T21:47:02Z" uid="1" user="OSMnx" version="1" changeset="1" lat="19.058346" lon="72.830718" /><node id="13551006693" timestamp="2026-04-01T21:47:02Z" uid="1" user="OSMnx" version="1" changeset="1" lat="19.058543" lon="72.830681" /><node id="13551006694" timestamp="2026-04-01T21:47:02Z" uid="1" user="OSMnx" version="1" changeset="1" lat="19.058545" lon="72.830708" /><node id="13565951412" timestamp="2026-04-01T21:47:02Z" uid="1" user="OSMnx" version="1" changeset="1" lat="19.055222" lon="72.836088" /><node id="13565951418" timestamp="2026-04-01T21:47:02Z" uid="1" user="OSMnx" version="1" changeset="1" lat="19.055271" lon="72.836143" /><node id="13569791103" timestamp="2026-04-01T21:47:02Z" uid="1" user="OSMnx" version="1" changeset="1" lat="19.077531" lon="72.823257" /><node id="13569791111" timestamp="2026-04-01T21:47:02Z" uid="1" user="OSMnx" version="1" changeset="1" lat="19.077484" lon="72.823745" /><node id="13569791114" timestamp="2026-04-01T21:47:02Z" uid="1" user="OSMnx" version="1" changeset="1" lat="19.077567" lon="72.823966" /><node id="13569791121" timestamp="2026-04-01T21:47:02Z" uid="1" user="OSMnx" version="1" changeset="1" lat="19.077211" lon="72.823814" /><way id="0" timestamp="2026-04-01T21:47:02Z" uid="1" user="OSMnx" version="1" changeset="1"><nd ref="245664547" /><nd ref="2250795734" /><tag k="highway" v="motorway_link" /><tag k="name" v="Bandra Worli Sea Link Flyover" /><tag k="oneway" v="no" /></way><way id="1" timestamp="2026-04-01T21:47:02Z" uid="1" user="OSMnx" version="1" changeset="1"><nd ref="245664547" /><nd ref="10882768320" /><tag k="highway" v="tertiary" /><tag k="name" v="K C Marg" /><tag k="oneway" v="no" /></way><way id="2" timestamp="2026-04-01T21:47:02Z" uid="1" user="OSMnx" version="1" changeset="1"><nd ref="245664667" /><nd ref="4362576452" /><tag k="highway" v="primary" /><tag k="name" v="Swami Vivekanand Road" /><tag k="oneway" v="no" /></way><way id="3" timestamp="2026-04-01T21:47:02Z" uid="1" user="OSMnx" version="1" changeset="1"><nd ref="245665786" /><nd ref="7244551187" /><tag k="highway" v="primary" /><tag k="name" v="Swami Vivekanand Road" /><tag k="oneway" v="no" /></way><way id="4" timestamp="2026-04-01T21:47:02Z" uid="1" user="OSMnx" version="1" changeset="1"><nd ref="245666187" /><nd ref="1654363420" /><tag k="highway" v="residential" /><tag k="name" v="32nd Road" /><tag k="oneway" v="no" /></way><way id="5" timestamp="2026-04-01T21:47:02Z" uid="1" user="OSMnx" version="1" changeset="1"><nd ref="245666615" /><nd ref="2244797303" /><tag k="highway" v="primary" /><tag k="name" v="Swami Vivekanand Road" /><tag k="oneway" v="no" /></way><way id="6" timestamp="2026-04-01T21:47:02Z" uid="1" user="OSMnx" version="1" changeset="1"><nd ref="245666615" /><nd ref="1936355375" /><tag k="highway" v="tertiary" /><tag k="name" v="PG Kher Marg" /><tag k="oneway" v="no" /></way><way id="7" timestamp="2026-04-01T21:47:02Z" uid="1" user="OSMnx" version="1" changeset="1"><nd ref="245666879" /><nd ref="1936355377" /><tag k="highway" v="residential" /><tag k="name" v="1st Road" /><tag k="oneway" v="no" /></way><way id="8" timestamp="2026-04-01T21:47:02Z" uid="1" user="OSMnx" version="1" changeset="1"><nd ref="245666879" /><nd ref="1975073683" /><tag k="highway" v="primary" /><tag k="name" v="Swami Vivekanand Road" /><tag k="oneway" v="no" /></way><way id="9" timestamp="2026-04-01T21:47:02Z" uid="1" user="OSMnx" version="1" changeset="1"><nd ref="245667153" /><nd ref="2244797448" /><tag k="highway" v="primary" /><tag k="name" v="Swami Vivekanand Road" /><tag k="oneway" v="no" /></way><way id="10" timestamp="2026-04-01T21:47:02Z" uid="1" user="OSMnx" version="1" changeset="1"><nd ref="245667153" /><nd ref="9979171956" /><tag k="highway" v="tertiary" /><tag k="name" v="Chitrakar Durandhar Road (2nd Road)" /><tag k="oneway" v="no" /></way><way id="11" timestamp="2026-04-01T21:47:02Z" uid="1" user="OSMnx" version="1" changeset="1"><nd ref="245667328" /><nd ref="2629418520" /><tag k="highway" v="tertiary" /><tag k="name" v="Ramrao Nayak Marg" /><tag k="oneway" v="no" /></way><way id="12" timestamp="2026-04-01T21:47:02Z" uid="1" user="OSMnx" version="1" changeset="1"><nd ref="245667328" /><nd ref="245667503" /><tag k="highway" v="residential" /><tag k="name" v="12th Road" /><tag k="oneway" v="no" /></way><way id="13" timestamp="2026-04-01T21:47:02Z" uid="1" user="OSMnx" version="1" changeset="1"><nd ref="245667331" /><nd ref="3803645240" /><tag k="highway" v="tertiary" /><tag k="name" v="Ramrao Nayak Marg" /><tag k="oneway" v="no" /></way><way id="14" timestamp="2026-04-01T21:47:02Z" uid="1" user="OSMnx" version="1" changeset="1"><nd ref="245667331" /><nd ref="245667480" /><tag k="highway" v="residential" /><tag k="name" v="10th Road" /><tag k="oneway" v="no" /></way><way id="15" timestamp="2026-04-01T21:47:02Z" uid="1" user="OSMnx" version="1" changeset="1"><nd ref="245667348" /><nd ref="10174942976" /><tag k="highway" v="residential" /><tag k="name" v="Road No 5" /><tag k="oneway" v="no" /></way><way id="16" timestamp="2026-04-01T21:47:02Z" uid="1" user="OSMnx" version="1" changeset="1"><nd ref="245667348" /><nd ref="1975033551" /><tag k="highway" v="residential" /><tag k="name" v="Nargis Dutt Road" /><tag k="oneway" v="no" /></way><way id="17" timestamp="2026-04-01T21:47:02Z" uid="1" user="OSMnx" version="1" changeset="1"><nd ref="245667366" /><nd ref="9979171947" /><tag k="highway" v="residential" /><tag k="name" v="14th Road" /><tag k="oneway" v="no" /></way><way id="18" timestamp="2026-04-01T21:47:02Z" uid="1" user="OSMnx" version="1" changeset="1"><nd ref="245667366" /><nd ref="245667399" /><tag k="highway" v="residential" /><tag k="lanes" v="2" /><tag k="name" v="13th Road" /><tag k="oneway" v="no" /></way><way id="19" timestamp="2026-04-01T21:47:02Z" uid="1" user="OSMnx" version="1" changeset="1"><nd ref="245667399" /><nd ref="245667431" /><tag k="highway" v="residential" /><tag k="lanes" v="2" /><tag k="name" v="13th Road" /><tag k="oneway" v="no" /></way><way id="20" timestamp="2026-04-01T21:47:02Z" uid="1" user="OSMnx" version="1" changeset="1"><nd ref="245667399" /><nd ref="8589101230" /><tag k="highway" v="residential" /><tag k="name" v="15th Road" /><tag k="oneway" v="no" /></way><way id="21" timestamp="2026-04-01T21:47:02Z" uid="1" user="OSMnx" version="1" changeset="1"><nd ref="245667430" /><nd ref="245667566" /><tag k="highway" v="residential" /><tag k="name" v="Road No 4" /><tag k="oneway" v="no" /></way><way id="22" timestamp="2026-04-01T21:47:02Z" uid="1" user="OSMnx" version="1" changeset="1"><nd ref="245667430" /><nd ref="245667348" /><tag k="highway" v="residential" /><tag k="oneway" v="no" /></way><way id="23" timestamp="2026-04-01T21:47:02Z" uid="1" user="OSMnx" version="1" changeset="1"><nd ref="245667431" /><nd ref="245667444" /><tag k="highway" v="residential" /><tag k="lanes" v="2" /><tag k="name" v="13th Road" /><tag k="oneway" v="no" /></way><way id="24" timestamp="2026-04-01T21:47:02Z" uid="1" user="OSMnx" version="1" changeset="1"><nd ref="245667431" /><nd ref="622395125" /><tag k="highway" v="residential" /><tag k="name" v="Padmashree Mohammed Rafi Marg (16th Road)" /><tag k="oneway" v="no" /></way><way id="25" timestamp="2026-04-01T21:47:02Z" uid="1" user="OSMnx" version="1" changeset="1"><nd ref="245667444" /><nd ref="245667466" /><tag k="highway" v="residential" /><tag k="lanes" v="2" /><tag k="name" v="13th Road" /><tag k="oneway" v="no" /></way><way id="26" timestamp="2026-04-01T21:47:02Z" uid="1" user="OSMnx" version="1" changeset="1"><nd ref="245667444" /><nd ref="8589101228" /><tag k="highway" v="residential" /><tag k="name" v="17th Road" /><tag k="oneway" v="no" /></way><way id="27" timestamp="2026-04-01T21:47:02Z" uid="1" user="OSMnx" version="1" changeset="1"><nd ref="245667457" /><nd ref="1936355394" /><tag k="highway" v="tertiary" /><tag k="name" v="Chitrakar Durandhar Road (2nd Road)" /><tag k="oneway" v="no" /></way><way id="28" timestamp="2026-04-01T21:47:02Z" uid="1" user="OSMnx" version="1" changeset="1"><nd ref="245667457" /><nd ref="13523554740" /><tag k="highway" v="primary" /><tag k="name" v="Swami Vivekanand Road" /><tag k="oneway" v="no" /></way><way id="29" timestamp="2026-04-01T21:47:02Z" uid="1" user="OSMnx" version="1" changeset="1"><nd ref="245667466" /><nd ref="8589101236" /><tag k="highway" v="residential" /><tag k="name" v="18th Road" /><tag k="oneway" v="no" /></way><way id="30" timestamp="2026-04-01T21:47:02Z" uid="1" user="OSMnx" version="1" changeset="1"><nd ref="245667466" /><nd ref="245667501" /><tag k="highway" v="residential" /><tag k="lanes" v="2" /><tag k="name" v="13th Road" /><tag k="oneway" v="no" /></way><way id="31" timestamp="2026-04-01T21:47:02Z" uid="1" user="OSMnx" version="1" changeset="1"><nd ref="245667479" /><nd ref="245667594" /><tag k="highway" v="residential" /><tag k="name" v="11th Road" /><tag k="oneway" v="no" /></way><way id="32" timestamp="2026-04-01T21:47:02Z" uid="1" user="OSMnx" version="1" changeset="1"><nd ref="245667479" /><nd ref="471550922" /><tag k="highway" v="tertiary" /><tag k="name" v="Chitrakar Durandhar Road (2nd Road)" /><tag k="oneway" v="no" /></way><way id="33" timestamp="2026-04-01T21:47:02Z" uid="1" user="OSMnx" version="1" changeset="1"><nd ref="245667480" /><nd ref="245667457" /><tag k="highway" v="tertiary" /><tag k="name" v="Chitrakar Durandhar Road (2nd Road)" /><tag k="oneway" v="no" /></way><way id="34" timestamp="2026-04-01T21:47:02Z" uid="1" user="OSMnx" version="1" changeset="1"><nd ref="245667501" /><nd ref="8589101235" /><tag k="highway" v="residential" /><tag k="oneway" v="no" /></way><way id="35" timestamp="2026-04-01T21:47:02Z" uid="1" user="OSMnx" version="1" changeset="1"><nd ref="245667501" /><nd ref="8589101227" /><tag k="highway" v="residential" /><tag k="lanes" v="2" /><tag k="name" v="['19th Road', '13th Road']" /><tag k="oneway" v="no" /></way><way id="36" timestamp="2026-04-01T21:47:02Z" uid="1" user="OSMnx" version="1" changeset="1"><nd ref="245667503" /><nd ref="471550921" /><tag k="highway" v="tertiary" /><tag k="name" v="Chitrakar Durandhar Road (2nd Road)" /><tag k="oneway" v="no" /></way><way id="37" timestamp="2026-04-01T21:47:02Z" uid="1" user="OSMnx" version="1" changeset="1"><nd ref="245667566" /><nd ref="10082236387" /><tag k="highway" v="residential" /><tag k="name" v="Nargis Dutt Road" /><tag k="oneway" v="no" /></way><way id="38" timestamp="2026-04-01T21:47:02Z" uid="1" user="OSMnx" version="1" changeset="1"><nd ref="245667566" /><nd ref="1641793902" /><tag k="highway" v="tertiary" /><tag k="lanes" v="2" /><tag k="name" v="Khau Galli" /><tag k="oneway" v="no" /></way><way id="39" timestamp="2026-04-01T21:47:02Z" uid="1" user="OSMnx" version="1" changeset="1"><nd ref="245667584" /><nd ref="245667595" /><tag k="highway" v="residential" /><tag k="name" v="8th Road" /><tag k="oneway" v="no" /></way><way id="40" timestamp="2026-04-01T21:47:02Z" uid="1" user="OSMnx" version="1" changeset="1"><nd ref="245667584" /><nd ref="245667719" /><tag k="highway" v="primary" /><tag k="name" v="Swami Vivekanand Road" /><tag k="oneway" v="no" /></way><way id="41" timestamp="2026-04-01T21:47:02Z" uid="1" user="OSMnx" version="1" changeset="1"><nd ref="245667593" /><nd ref="245667430" /><tag k="highway" v="residential" /><tag k="name" v="Road Nr 3" /><tag k="oneway" v="no" /></way><way id="42" timestamp="2026-04-01T21:47:02Z" uid="1" user="OSMnx" version="1" changeset="1"><nd ref="245667593" /><nd ref="3405685925" /><tag k="highway" v="tertiary" /><tag k="lanes" v="2" /><tag k="name" v="Groove Street" /><tag k="oneway" v="no" /></way><way id="43" timestamp="2026-04-01T21:47:02Z" uid="1" user="OSMnx" version="1" changeset="1"><nd ref="245667594" /><nd ref="245667608" /><tag k="highway" v="residential" /><tag k="name" v="8th Road" /><tag k="oneway" v="no" /></way><way id="44" timestamp="2026-04-01T21:47:02Z" uid="1" user="OSMnx" version="1" changeset="1"><nd ref="245667594" /><nd ref="245667727" /><tag k="highway" v="residential" /><tag k="name" v="11th Road" /><tag k="oneway" v="no" /></way><way id="45" timestamp="2026-04-01T21:47:02Z" uid="1" user="OSMnx" version="1" changeset="1"><nd ref="245667595" /><nd ref="245667594" /><tag k="highway" v="residential" /><tag k="name" v="8th Road" /><tag k="oneway" v="no" /></way><way id="46" timestamp="2026-04-01T21:47:02Z" uid="1" user="OSMnx" version="1" changeset="1"><nd ref="245667595" /><nd ref="245667480" /><tag k="highway" v="residential" /><tag k="name" v="10th Road" /><tag k="oneway" v="no" /></way><way id="47" timestamp="2026-04-01T21:47:02Z" uid="1" user="OSMnx" version="1" changeset="1"><nd ref="245667605" /><nd ref="8589101231" /><tag k="highway" v="residential" /><tag k="name" v="Ahinsa Marg" /><tag k="oneway" v="no" /></way><way id="48" timestamp="2026-04-01T21:47:02Z" uid="1" user="OSMnx" version="1" changeset="1"><nd ref="245667605" /><nd ref="13503549885" /><tag k="highway" v="secondary" /><tag k="lanes" v="2" /><tag k="name" v="Chitrakar Dhurandar Road" /><tag k="oneway" v="no" /></way><way id="49" timestamp="2026-04-01T21:47:02Z" uid="1" user="OSMnx" version="1" changeset="1"><nd ref="245667607" /><nd ref="245667763" /><tag k="highway" v="secondary" /><tag k="name" v="Linking Road" /><tag k="oneway" v="no" /></way><way id="50" timestamp="2026-04-01T21:47:02Z" uid="1" user="OSMnx" version="1" changeset="1"><nd ref="245667608" /><nd ref="245667503" /><tag k="highway" v="residential" /><tag k="name" v="12th Road" /><tag k="oneway" v="no" /></way><way id="51" timestamp="2026-04-01T21:47:02Z" uid="1" user="OSMnx" version="1" changeset="1"><nd ref="245667608" /><nd ref="2629418527" /><tag k="highway" v="residential" /><tag k="name" v="8th Road" /><tag k="oneway" v="no" /></way><way id="52" timestamp="2026-04-01T21:47:02Z" uid="1" user="OSMnx" version="1" changeset="1"><nd ref="245667644" /><nd ref="13476464226" /><tag k="highway" v="secondary" /><tag k="lanes" v="2" /><tag k="name" v="Chitrakar Dhurandar Road" /><tag k="oneway" v="no" /></way><way id="53" timestamp="2026-04-01T21:47:02Z" uid="1" user="OSMnx" version="1" changeset="1"><nd ref="245667644" /><nd ref="245667919" /><tag k="highway" v="residential" /><tag k="name" v="15th Road" /><tag k="oneway" v="no" /></way><way id="54" timestamp="2026-04-01T21:47:02Z" uid="1" user="OSMnx" version="1" changeset="1"><nd ref="245667667" /><nd ref="8589101229" /><tag k="highway" v="residential" /><tag k="name" v="Padmashree Mohammed Rafi Marg (16th Road)" /><tag k="oneway" v="no" /></way><way id="55" timestamp="2026-04-01T21:47:02Z" uid="1" user="OSMnx" version="1" changeset="1"><nd ref="245667667" /><nd ref="245667644" /><tag k="highway" v="secondary" /><tag k="lanes" v="2" /><tag k="name" v="Chitrakar Dhurandar Road" /><tag k="oneway" v="no" /></way><way id="56" timestamp="2026-04-01T21:47:02Z" uid="1" user="OSMnx" version="1" changeset="1"><nd ref="245667684" /><nd ref="245667917" /><tag k="highway" v="residential" /><tag k="name" v="17th Road" /><tag k="oneway" v="no" /></way><way id="57" timestamp="2026-04-01T21:47:02Z" uid="1" user="OSMnx" version="1" changeset="1"><nd ref="245667684" /><nd ref="245667667" /><tag k="highway" v="secondary" /><tag k="lanes" v="2" /><tag k="name" v="Chitrakar Dhurandar Road" /><tag k="oneway" v="no" /></way><way id="58" timestamp="2026-04-01T21:47:02Z" uid="1" user="OSMnx" version="1" changeset="1"><nd ref="245667695" /><nd ref="471553753" /><tag k="highway" v="tertiary" /><tag k="name" v="Hasanabad Road No 2" /><tag k="oneway" v="no" /></way><way id="59" timestamp="2026-04-01T21:47:02Z" uid="1" user="OSMnx" version="1" changeset="1"><nd ref="245667695" /><nd ref="11043390465" /><tag k="highway" v="residential" /><tag k="name" v="3rd Road" /><tag k="oneway" v="no" /></way><way id="60" timestamp="2026-04-01T21:47:02Z" uid="1" user="OSMnx" version="1" changeset="1"><nd ref="245667705" /><nd ref="6428591616" /><tag k="highway" v="residential" /><tag k="name" v="9th Road" /><tag k="oneway" v="no" /></way><way id="61" timestamp="2026-04-01T21:47:02Z" uid="1" user="OSMnx" version="1" changeset="1"><nd ref="245667705" /><nd ref="7244539582" /><tag k="highway" v="tertiary" /><tag k="name" v="Hasanabad Road No 2" /><tag k="oneway" v="no" /></way><way id="62" timestamp="2026-04-01T21:47:02Z" uid="1" user="OSMnx" version="1" changeset="1"><nd ref="245667716" /><nd ref="245667684" /><tag k="highway" v="secondary" /><tag k="lanes" v="2" /><tag k="name" v="Chitrakar Dhurandar Road" /><tag k="oneway" v="no" /></way><way id="63" timestamp="2026-04-01T21:47:02Z" uid="1" user="OSMnx" version="1" changeset="1"><nd ref="245667716" /><nd ref="245667930" /><tag k="highway" v="residential" /><tag k="name" v="18th Road" /><tag k="oneway" v="no" /></way><way id="64" timestamp="2026-04-01T21:47:02Z" uid="1" user="OSMnx" version="1" changeset="1"><nd ref="245667719" /><nd ref="245667728" /><tag k="highway" v="residential" /><tag k="name" v="9th Road" /><tag k="oneway" v="no" /></way><way id="65" timestamp="2026-04-01T21:47:02Z" uid="1" user="OSMnx" version="1" changeset="1"><nd ref="245667719" /><nd ref="13503728764" /><tag k="highway" v="primary" /><tag k="name" v="Swami Vivekanand Road" /><tag k="oneway" v="no" /></way><way id="66" timestamp="2026-04-01T21:47:02Z" uid="1" user="OSMnx" version="1" changeset="1"><nd ref="245667726" /><nd ref="2629418528" /><tag k="highway" v="residential" /><tag k="name" v="9th Road" /><tag k="oneway" v="no" /></way><way id="67" timestamp="2026-04-01T21:47:02Z" uid="1" user="OSMnx" version="1" changeset="1"><nd ref="245667726" /><nd ref="245667608" /><tag k="highway" v="residential" /><tag k="name" v="12th Road" /><tag k="oneway" v="no" /></way><way id="68" timestamp="2026-04-01T21:47:02Z" uid="1" user="OSMnx" version="1" changeset="1"><nd ref="245667727" /><nd ref="245667726" /><tag k="highway" v="residential" /><tag k="name" v="9th Road" /><tag k="oneway" v="no" /></way><way id="69" timestamp="2026-04-01T21:47:02Z" uid="1" user="OSMnx" version="1" changeset="1"><nd ref="245667727" /><nd ref="245667860" /><tag k="highway" v="residential" /><tag k="name" v="11th Road" /><tag k="oneway" v="no" /></way><way id="70" timestamp="2026-04-01T21:47:02Z" uid="1" user="OSMnx" version="1" changeset="1"><nd ref="245667728" /><nd ref="245667727" /><tag k="highway" v="residential" /><tag k="name" v="9th Road" /><tag k="oneway" v="no" /></way><way id="71" timestamp="2026-04-01T21:47:02Z" uid="1" user="OSMnx" version="1" changeset="1"><nd ref="245667728" /><nd ref="245667595" /><tag k="highway" v="residential" /><tag k="name" v="10th Road" /><tag k="oneway" v="no" /></way><way id="72" timestamp="2026-04-01T21:47:02Z" uid="1" user="OSMnx" version="1" changeset="1"><nd ref="245667737" /><nd ref="245667716" /><tag k="highway" v="secondary" /><tag k="lanes" v="2" /><tag k="name" v="Chitrakar Dhurandar Road" /><tag k="oneway" v="no" /></way><way id="73" timestamp="2026-04-01T21:47:02Z" uid="1" user="OSMnx" version="1" changeset="1"><nd ref="245667755" /><nd ref="245667893" /><tag k="highway" v="residential" /><tag k="name" v="14th B Road" /><tag k="oneway" v="no" /></way><way id="74" timestamp="2026-04-01T21:47:02Z" uid="1" user="OSMnx" version="1" changeset="1"><nd ref="245667763" /><nd ref="245667874" /><tag k="highway" v="secondary" /><tag k="name" v="Linking Road" /><tag k="oneway" v="no" /></way><way id="75" timestamp="2026-04-01T21:47:02Z" uid="1" user="OSMnx" version="1" changeset="1"><nd ref="245667763" /><nd ref="8589101233" /><tag k="highway" v="residential" /><tag k="name" v="14th Road" /><tag k="oneway" v="no" /></way><way id="76" timestamp="2026-04-01T21:47:02Z" uid="1" user="OSMnx" version="1" changeset="1"><nd ref="245667778" /><nd ref="245667737" /><tag k="highway" v="secondary" /><tag k="lanes" v="2" /><tag k="name" v="Chitrakar Dhurandar Road" /><tag k="oneway" v="no" /></way><way id="77" timestamp="2026-04-01T21:47:02Z" uid="1" user="OSMnx" version="1" changeset="1"><nd ref="245667778" /><nd ref="245667940" /><tag k="highway" v="residential" /><tag k="name" v="19th Road" /><tag k="oneway" v="no" /></way><way id="78" timestamp="2026-04-01T21:47:02Z" uid="1" user="OSMnx" version="1" changeset="1"><nd ref="245667802" /><nd ref="347195199" /><tag k="highway" v="residential" /><tag k="name" v="Chuim Village Road" /><tag k="oneway" v="no" /></way><way id="79" timestamp="2026-04-01T21:47:02Z" uid="1" user="OSMnx" version="1" changeset="1"><nd ref="245667802" /><nd ref="7241583727" /><tag k="highway" v="residential" /><tag k="lanes" v="1" /><tag k="name" v="Chuim Village Road" /><tag k="oneway" v="no" /></way><way id="80" timestamp="2026-04-01T21:47:02Z" uid="1" user="OSMnx" version="1" changeset="1"><nd ref="245667816" /><nd ref="1514451661" /><tag k="highway" v="residential" /><tag k="name" v="Chuim Village Road" /><tag k="oneway" v="no" /></way><way id="81" timestamp="2026-04-01T21:47:02Z" uid="1" user="OSMnx" version="1" changeset="1"><nd ref="245667826" /><nd ref="245667778" /><tag k="highway" v="secondary" /><tag k="lanes" v="2" /><tag k="name" v="Chitrakar Dhurandar Road" /><tag k="oneway" v="no" /></way><way id="82" timestamp="2026-04-01T21:47:02Z" uid="1" user="OSMnx" version="1" changeset="1"><nd ref="245667826" /><nd ref="245667966" /><tag k="highway" v="residential" /><tag k="name" v="20th Road, St.Elias Marg" /><tag k="oneway" v="no" /></way><way id="83" timestamp="2026-04-01T21:47:02Z" uid="1" user="OSMnx" version="1" changeset="1"><nd ref="245667850" /><nd ref="13503275924" /><tag k="highway" v="tertiary" /><tag k="name" v="Hasanabad Road No 2" /><tag k="oneway" v="no" /></way><way id="84" timestamp="2026-04-01T21:47:02Z" uid="1" user="OSMnx" version="1" changeset="1"><nd ref="245667850" /><nd ref="13503249966" /><tag k="highway" v="tertiary" /><tag k="name" v="Church Avenue" /><tag k="oneway" v="no" /></way><way id="85" timestamp="2026-04-01T21:47:02Z" uid="1" user="OSMnx" version="1" changeset="1"><nd ref="245667860" /><nd ref="245668025" /><tag k="highway" v="residential" /><tag k="name" v="Central Avenue" /><tag k="oneway" v="no" /></way><way id="86" timestamp="2026-04-01T21:47:02Z" uid="1" user="OSMnx" version="1" changeset="1"><nd ref="245667860" /><nd ref="245667861" /><tag k="highway" v="tertiary" /><tag k="lanes" v="2" /><tag k="name" v="South Avenue" /><tag k="oneway" v="no" /></way><way id="87" timestamp="2026-04-01T21:47:02Z" uid="1" user="OSMnx" version="1" changeset="1"><nd ref="245667861" /><nd ref="245667728" /><tag k="highway" v="residential" /><tag k="name" v="10th Road" /><tag k="oneway" v="no" /></way><way id="88" timestamp="2026-04-01T21:47:02Z" uid="1" user="OSMnx" version="1" changeset="1"><nd ref="245667861" /><nd ref="13503275932" /><tag k="highway" v="tertiary" /><tag k="lanes" v="2" /><tag k="name" v="South Avenue" /><tag k="oneway" v="no" /></way><way id="89" timestamp="2026-04-01T21:47:02Z" uid="1" user="OSMnx" version="1" changeset="1"><nd ref="245667861" /><nd ref="245668026" /><tag k="highway" v="residential" /><tag k="lanes" v="2" /><tag k="name" v="S Chatterji Marg (East Avenue)" /><tag k="oneway" v="no" /></way><way id="90" timestamp="2026-04-01T21:47:02Z" uid="1" user="OSMnx" version="1" changeset="1"><nd ref="245667874" /><nd ref="245667893" /><tag k="highway" v="tertiary" /><tag k="name" v="Ramakrishna Mission Road" /><tag k="oneway" v="no" /></way><way id="91" timestamp="2026-04-01T21:47:02Z" uid="1" user="OSMnx" version="1" changeset="1"><nd ref="245667874" /><nd ref="2629418529" /><tag k="highway" v="tertiary" /><tag k="oneway" v="no" /></way><way id="92" timestamp="2026-04-01T21:47:02Z" uid="1" user="OSMnx" version="1" changeset="1"><nd ref="245667874" /><nd ref="245668023" /><tag k="highway" v="secondary" /><tag k="name" v="Linking Road" /><tag k="oneway" v="no" /></way><way id="93" timestamp="2026-04-01T21:47:02Z" uid="1" user="OSMnx" version="1" changeset="1"><nd ref="245667875" /><nd ref="245667860" /><tag k="highway" v="tertiary" /><tag k="lanes" v="2" /><tag k="name" v="South Avenue" /><tag k="oneway" v="no" /></way><way id="94" timestamp="2026-04-01T21:47:02Z" uid="1" user="OSMnx" version="1" changeset="1"><nd ref="245667875" /><nd ref="245667726" /><tag k="highway" v="residential" /><tag k="name" v="12th Road" /><tag k="oneway" v="no" /></way><way id="95" timestamp="2026-04-01T21:47:02Z" uid="1" user="OSMnx" version="1" changeset="1"><nd ref="245667877" /><nd ref="245667894" /><tag k="highway" v="residential" /><tag k="name" v="Saint Francis Road" /><tag k="oneway" v="no" /></way><way id="96" timestamp="2026-04-01T21:47:02Z" uid="1" user="OSMnx" version="1" changeset="1"><nd ref="245667877" /><nd ref="10151360137" /><tag k="highway" v="residential" /><tag k="name" v="St. Joseph's Avenue" /><tag k="oneway" v="no" /></way><way id="97" timestamp="2026-04-01T21:47:02Z" uid="1" user="OSMnx" version="1" changeset="1"><nd ref="245667893" /><nd ref="245667908" /><tag k="highway" v="tertiary" /><tag k="name" v="Ramakrishna Mission Road" /><tag k="oneway" v="no" /></way><way id="98" timestamp="2026-04-01T21:47:02Z" uid="1" user="OSMnx" version="1" changeset="1"><nd ref="245667893" /><nd ref="245668034" /><tag k="highway" v="residential" /><tag k="name" v="SV Patel Road" /><tag k="oneway" v="no" /></way><way id="99" timestamp="2026-04-01T21:47:02Z" uid="1" user="OSMnx" version="1" changeset="1"><nd ref="245667894" /><nd ref="1936355407" /><tag k="highway" v="residential" /><tag k="name" v="Saint Francis Road" /><tag k="oneway" v="no" /></way><way id="100" timestamp="2026-04-01T21:47:02Z" uid="1" user="OSMnx" version="1" changeset="1"><nd ref="245667894" /><nd ref="245667850" /><tag k="highway" v="tertiary" /><tag k="name" v="Hasanabad Road No 2" /><tag k="oneway" v="no" /></way><way id="101" timestamp="2026-04-01T21:47:02Z" uid="1" user="OSMnx" version="1" changeset="1"><nd ref="245667908" /><nd ref="245667919" /><tag k="highway" v="tertiary" /><tag k="name" v="Ramakrishna Mission Road" /><tag k="oneway" v="no" /></way><way id="102" timestamp="2026-04-01T21:47:02Z" uid="1" user="OSMnx" version="1" changeset="1"><nd ref="245667908" /><nd ref="13476464229" /><tag k="highway" v="residential" /><tag k="name" v="Ahinsa Marg" /><tag k="oneway" v="no" /></way><way id="103" timestamp="2026-04-01T21:47:02Z" uid="1" user="OSMnx" version="1" changeset="1"><nd ref="245667916" /><nd ref="9263370380" /><tag k="highway" v="residential" /><tag k="oneway" v="no" /></way><way id="104" timestamp="2026-04-01T21:47:02Z" uid="1" user="OSMnx" version="1" changeset="1"><nd ref="245667916" /><nd ref="3803645380" /><tag k="highway" v="tertiary" /><tag k="lanes" v="2" /><tag k="maxspeed" v="30" /><tag k="name" v="Maru Aai Mandir Road" /><tag k="oneway" v="no" /></way><way id="105" timestamp="2026-04-01T21:47:02Z" uid="1" user="OSMnx" version="1" changeset="1"><nd ref="245667917" /><nd ref="475736065" /><tag k="highway" v="tertiary" /><tag k="name" v="Ramakrishna Mission Road" /><tag k="oneway" v="no" /></way><way id="106" timestamp="2026-04-01T21:47:02Z" uid="1" user="OSMnx" version="1" changeset="1"><nd ref="245667917" /><nd ref="245668060" /><tag k="highway" v="residential" /><tag k="name" v="17th Road" /><tag k="oneway" v="no" /></way><way id="107" timestamp="2026-04-01T21:47:02Z" uid="1" user="OSMnx" version="1" changeset="1"><nd ref="245667918" /><nd ref="245667917" /><tag k="highway" v="tertiary" /><tag k="name" v="Ramakrishna Mission Road" /><tag k="oneway" v="no" /></way><way id="108" timestamp="2026-04-01T21:47:02Z" uid="1" user="OSMnx" version="1" changeset="1"><nd ref="245667918" /><nd ref="245667667" /><tag k="highway" v="residential" /><tag k="name" v="16th Road" /><tag k="oneway" v="no" /></way><way id="109" timestamp="2026-04-01T21:47:02Z" uid="1" user="OSMnx" version="1" changeset="1"><nd ref="245667919" /><nd ref="245667918" /><tag k="highway" v="tertiary" /><tag k="name" v="Ramakrishna Mission Road" /><tag k="oneway" v="no" /></way><way id="110" timestamp="2026-04-01T21:47:02Z" uid="1" user="OSMnx" version="1" changeset="1"><nd ref="245667919" /><nd ref="245668047" /><tag k="highway" v="residential" /><tag k="name" v="15th Road" /><tag k="oneway" v="no" /></way><way id="111" timestamp="2026-04-01T21:47:02Z" uid="1" user="OSMnx" version="1" changeset="1"><nd ref="245667930" /><nd ref="245667940" /><tag k="highway" v="tertiary" /><tag k="name" v="Ramakrishna Mission Road" /><tag k="oneway" v="no" /></way><way id="112" timestamp="2026-04-01T21:47:02Z" uid="1" user="OSMnx" version="1" changeset="1"><nd ref="245667937" /><nd ref="3803645393" /><tag k="highway" v="living_street" /><tag k="name" v="Varinpada Gully" /><tag k="oneway" v="no" /></way><way id="113" timestamp="2026-04-01T21:47:02Z" uid="1" user="OSMnx" version="1" changeset="1"><nd ref="245667937" /><nd ref="13521071869" /><tag k="highway" v="residential" /><tag k="name" v="M Dandekar Marg" /><tag k="oneway" v="no" /></way><way id="114" timestamp="2026-04-01T21:47:02Z" uid="1" user="OSMnx" version="1" changeset="1"><nd ref="245667939" /><nd ref="245667966" /><tag k="highway" v="tertiary" /><tag k="lanes" v="2" /><tag k="maxspeed" v="30" /><tag k="name" v="Maru Aai Mandir Road" /><tag k="oneway" v="no" /></way><way id="115" timestamp="2026-04-01T21:47:02Z" uid="1" user="OSMnx" version="1" changeset="1"><nd ref="245667940" /><nd ref="245668010" /><tag k="highway" v="tertiary" /><tag k="name" v="Ramakrishna Mission Road" /><tag k="oneway" v="no" /></way><way id="116" timestamp="2026-04-01T21:47:02Z" uid="1" user="OSMnx" version="1" changeset="1"><nd ref="245667949" /><nd ref="245667894" /><tag k="highway" v="tertiary" /><tag k="name" v="Hasanabad Road No 2" /><tag k="oneway" v="no" /></way><way id="117" timestamp="2026-04-01T21:47:02Z" uid="1" user="OSMnx" version="1" changeset="1"><nd ref="245667949" /><nd ref="2244797650" /><tag k="highway" v="residential" /><tag k="name" v="Convent Avenue" /><tag k="oneway" v="no" /></way><way id="118" timestamp="2026-04-01T21:47:02Z" uid="1" user="OSMnx" version="1" changeset="1"><nd ref="245667966" /><nd ref="3803645401" /><tag k="highway" v="tertiary" /><tag k="lanes" v="2" /><tag k="maxspeed" v="30" /><tag k="name" v="Maru Aai Mandir Road" /><tag k="oneway" v="no" /></way><way id="119" timestamp="2026-04-01T21:47:02Z" uid="1" user="OSMnx" version="1" changeset="1"><nd ref="245667995" /><nd ref="13521060696" /><tag k="highway" v="residential" /><tag k="name" v="M Dandekar Marg" /><tag k="oneway" v="no" /></way><way id="120" timestamp="2026-04-01T21:47:02Z" uid="1" user="OSMnx" version="1" changeset="1"><nd ref="245667995" /><nd ref="13521071802" /><tag k="highway" v="living_street" /><tag k="oneway" v="no" /></way><way id="121" timestamp="2026-04-01T21:47:02Z" uid="1" user="OSMnx" version="1" changeset="1"><nd ref="245668010" /><nd ref="245668089" /><tag k="highway" v="tertiary" /><tag k="name" v="S B Patil Road" /><tag k="oneway" v="no" /></way><way id="122" timestamp="2026-04-01T21:47:02Z" uid="1" user="OSMnx" version="1" changeset="1"><nd ref="245668011" /><nd ref="245668026" /><tag k="highway" v="residential" /><tag k="name" v="BC Chatterjee Marg" /><tag k="oneway" v="no" /></way><way id="123" timestamp="2026-04-01T21:47:02Z" uid="1" user="OSMnx" version="1" changeset="1"><nd ref="245668011" /><nd ref="245668175" /><tag k="highway" v="primary" /><tag k="name" v="Swami Vivekanand Road" /><tag k="oneway" v="no" /></way><way id="124" timestamp="2026-04-01T21:47:02Z" uid="1" user="OSMnx" version="1" changeset="1"><nd ref="245668023" /><nd ref="245668034" /><tag k="highway" v="residential" /><tag k="name" v="B C Chatterjee Marg (Main Avenue)" /><tag k="oneway" v="no" /></way><way id="125" timestamp="2026-04-01T21:47:02Z" uid="1" user="OSMnx" version="1" changeset="1"><nd ref="245668023" /><nd ref="245668221" /><tag k="highway" v="secondary" /><tag k="name" v="Linking Road" /><tag k="oneway" v="no" /></way><way id="126" timestamp="2026-04-01T21:47:02Z" uid="1" user="OSMnx" version="1" changeset="1"><nd ref="245668024" /><nd ref="245667875" /><tag k="highway" v="residential" /><tag k="name" v="West Avenue" /><tag k="oneway" v="no" /></way><way id="127" timestamp="2026-04-01T21:47:02Z" uid="1" user="OSMnx" version="1" changeset="1"><nd ref="245668024" /><nd ref="2629418530" /><tag k="highway" v="residential" /><tag k="name" v="BC Chatterjee Marg" /><tag k="oneway" v="no" /></way><way id="128" timestamp="2026-04-01T21:47:02Z" uid="1" user="OSMnx" version="1" changeset="1"><nd ref="245668025" /><nd ref="245668024" /><tag k="highway" v="residential" /><tag k="name" v="BC Chatterjee Marg" /><tag k="oneway" v="no" /></way><way id="129" timestamp="2026-04-01T21:47:02Z" uid="1" user="OSMnx" version="1" changeset="1"><nd ref="245668025" /><nd ref="245668195" /><tag k="highway" v="residential" /><tag k="name" v="Central Avenue" /><tag k="oneway" v="no" /></way><way id="130" timestamp="2026-04-01T21:47:02Z" uid="1" user="OSMnx" version="1" changeset="1"><nd ref="245668026" /><nd ref="245668025" /><tag k="highway" v="residential" /><tag k="name" v="BC Chatterjee Marg" /><tag k="oneway" v="no" /></way><way id="131" timestamp="2026-04-01T21:47:02Z" uid="1" user="OSMnx" version="1" changeset="1"><nd ref="245668026" /><nd ref="245668183" /><tag k="highway" v="residential" /><tag k="lanes" v="2" /><tag k="name" v="S Chatterji Marg (East Avenue)" /><tag k="oneway" v="no" /></way><way id="132" timestamp="2026-04-01T21:47:02Z" uid="1" user="OSMnx" version="1" changeset="1"><nd ref="245668034" /><nd ref="245668236" /><tag k="highway" v="residential" /><tag k="name" v="SV Patel Road" /><tag k="oneway" v="no" /></way><way id="133" timestamp="2026-04-01T21:47:02Z" uid="1" user="OSMnx" version="1" changeset="1"><nd ref="245668034" /><nd ref="245668048" /><tag k="highway" v="residential" /><tag k="name" v="B C Chatterjee Marg (Main Avenue)" /><tag k="oneway" v="no" /></way><way id="134" timestamp="2026-04-01T21:47:02Z" uid="1" user="OSMnx" version="1" changeset="1"><nd ref="245668046" /><nd ref="245668060" /><tag k="highway" v="residential" /><tag k="name" v="B C Chatterjee Marg (Main Avenue)" /><tag k="oneway" v="no" /></way><way id="135" timestamp="2026-04-01T21:47:02Z" uid="1" user="OSMnx" version="1" changeset="1"><nd ref="245668046" /><nd ref="245667918" /><tag k="highway" v="residential" /><tag k="name" v="16th Road" /><tag k="oneway" v="no" /></way><way id="136" timestamp="2026-04-01T21:47:02Z" uid="1" user="OSMnx" version="1" changeset="1"><nd ref="245668047" /><nd ref="245668046" /><tag k="highway" v="residential" /><tag k="name" v="B C Chatterjee Marg (Main Avenue)" /><tag k="oneway" v="no" /></way><way id="137" timestamp="2026-04-01T21:47:02Z" uid="1" user="OSMnx" version="1" changeset="1"><nd ref="245668047" /><nd ref="245668257" /><tag k="highway" v="residential" /><tag k="name" v="15th Road" /><tag k="oneway" v="no" /></way><way id="138" timestamp="2026-04-01T21:47:02Z" uid="1" user="OSMnx" version="1" changeset="1"><nd ref="245668048" /><nd ref="245667908" /><tag k="highway" v="residential" /><tag k="name" v="Sarojini Road" /><tag k="oneway" v="no" /></way><way id="139" timestamp="2026-04-01T21:47:02Z" uid="1" user="OSMnx" version="1" changeset="1"><nd ref="245668048" /><nd ref="245668047" /><tag k="highway" v="residential" /><tag k="name" v="B C Chatterjee Marg (Main Avenue)" /><tag k="oneway" v="no" /></way><way id="140" timestamp="2026-04-01T21:47:02Z" uid="1" user="OSMnx" version="1" changeset="1"><nd ref="245668060" /><nd ref="245668078" /><tag k="highway" v="residential" /><tag k="name" v="B C Chatterjee Marg (Main Avenue)" /><tag k="oneway" v="no" /></way><way id="141" timestamp="2026-04-01T21:47:02Z" uid="1" user="OSMnx" version="1" changeset="1"><nd ref="245668060" /><nd ref="245668268" /><tag k="highway" v="residential" /><tag k="name" v="17th Road" /><tag k="oneway" v="no" /></way><way id="142" timestamp="2026-04-01T21:47:02Z" uid="1" user="OSMnx" version="1" changeset="1"><nd ref="245668078" /><nd ref="11032196064" /><tag k="highway" v="residential" /><tag k="name" v="B C Chatterjee Marg (Main Avenue)" /><tag k="oneway" v="no" /></way><way id="143" timestamp="2026-04-01T21:47:02Z" uid="1" user="OSMnx" version="1" changeset="1"><nd ref="245668078" /><nd ref="475736065" /><tag k="highway" v="residential" /><tag k="oneway" v="no" /></way><way id="144" timestamp="2026-04-01T21:47:02Z" uid="1" user="OSMnx" version="1" changeset="1"><nd ref="245668089" /><nd ref="4352203867" /><tag k="highway" v="tertiary" /><tag k="name" v="S B Patil Road" /><tag k="oneway" v="no" /></way><way id="145" timestamp="2026-04-01T21:47:02Z" uid="1" user="OSMnx" version="1" changeset="1"><nd ref="245668145" /><nd ref="6491141863" /><tag k="highway" v="tertiary" /><tag k="name" v="Hasanabad Road No 2" /><tag k="oneway" v="no" /></way><way id="146" timestamp="2026-04-01T21:47:02Z" uid="1" user="OSMnx" version="1" changeset="1"><nd ref="245668175" /><nd ref="245668183" /><tag k="highway" v="tertiary" /><tag k="name" v="North Avenue" /><tag k="oneway" v="no" /></way><way id="147" timestamp="2026-04-01T21:47:02Z" uid="1" user="OSMnx" version="1" changeset="1"><nd ref="245668175" /><nd ref="13518920660" /><tag k="highway" v="primary" /><tag k="name" v="Swami Vivekanand Road" /><tag k="oneway" v="no" /></way><way id="148" timestamp="2026-04-01T21:47:02Z" uid="1" user="OSMnx" version="1" changeset="1"><nd ref="245668183" /><nd ref="245668195" /><tag k="highway" v="tertiary" /><tag k="name" v="North Avenue" /><tag k="oneway" v="no" /></way><way id="149" timestamp="2026-04-01T21:47:02Z" uid="1" user="OSMnx" version="1" changeset="1"><nd ref="245668195" /><nd ref="245668207" /><tag k="highway" v="tertiary" /><tag k="name" v="North Avenue" /><tag k="oneway" v="no" /></way><way id="150" timestamp="2026-04-01T21:47:02Z" uid="1" user="OSMnx" version="1" changeset="1"><nd ref="245668195" /><nd ref="245668248" /><tag k="highway" v="residential" /><tag k="name" v="Jain Derasar Marg" /><tag k="oneway" v="no" /></way><way id="151" timestamp="2026-04-01T21:47:02Z" uid="1" user="OSMnx" version="1" changeset="1"><nd ref="245668206" /><nd ref="245668273" /><tag k="highway" v="residential" /><tag k="oneway" v="no" /></way><way id="152" timestamp="2026-04-01T21:47:02Z" uid="1" user="OSMnx" version="1" changeset="1"><nd ref="245668207" /><nd ref="2629418531" /><tag k="highway" v="tertiary" /><tag k="name" v="North Avenue" /><tag k="oneway" v="no" /></way><way id="153" timestamp="2026-04-01T21:47:02Z" uid="1" user="OSMnx" version="1" changeset="1"><nd ref="245668207" /><nd ref="245668024" /><tag k="highway" v="residential" /><tag k="name" v="West Avenue" /><tag k="oneway" v="no" /></way><way id="154" timestamp="2026-04-01T21:47:02Z" uid="1" user="OSMnx" version="1" changeset="1"><nd ref="245668207" /><nd ref="3803645429" /><tag k="highway" v="residential" /><tag k="oneway" v="no" /></way><way id="155" timestamp="2026-04-01T21:47:02Z" uid="1" user="OSMnx" version="1" changeset="1"><nd ref="245668221" /><nd ref="3803645421" /><tag k="highway" v="secondary" /><tag k="name" v="Linking Road" /><tag k="oneway" v="no" /></way><way id="156" timestamp="2026-04-01T21:47:02Z" uid="1" user="OSMnx" version="1" changeset="1"><nd ref="245668221" /><nd ref="245668236" /><tag k="highway" v="tertiary" /><tag k="name" v="North Avenue" /><tag k="oneway" v="no" /></way><way id="157" timestamp="2026-04-01T21:47:02Z" uid="1" user="OSMnx" version="1" changeset="1"><nd ref="245668222" /><nd ref="245668248" /><tag k="highway" v="residential" /><tag k="oneway" v="no" /></way><way id="158" timestamp="2026-04-01T21:47:02Z" uid="1" user="OSMnx" version="1" changeset="1"><nd ref="245668222" /><nd ref="13518920667" /><tag k="highway" v="primary" /><tag k="name" v="Swami Vivekanand Road" /><tag k="oneway" v="no" /></way><way id="159" timestamp="2026-04-01T21:47:02Z" uid="1" user="OSMnx" version="1" changeset="1"><nd ref="245668236" /><nd ref="245668247" /><tag k="highway" v="tertiary" /><tag k="name" v="North Avenue" /><tag k="oneway" v="no" /></way><way id="160" timestamp="2026-04-01T21:47:02Z" uid="1" user="OSMnx" version="1" changeset="1"><nd ref="245668236" /><nd ref="3803645423" /><tag k="highway" v="residential" /><tag k="name" v="SV Patel Road" /><tag k="oneway" v="no" /></way><way id="161" timestamp="2026-04-01T21:47:02Z" uid="1" user="OSMnx" version="1" changeset="1"><nd ref="245668247" /><nd ref="245668257" /><tag k="highway" v="tertiary" /><tag k="name" v="North Avenue" /><tag k="oneway" v="no" /></way><way id="162" timestamp="2026-04-01T21:47:02Z" uid="1" user="OSMnx" version="1" changeset="1"><nd ref="245668247" /><nd ref="245668048" /><tag k="highway" v="residential" /><tag k="name" v="Sarojini Road" /><tag k="oneway" v="no" /></way><way id="163" timestamp="2026-04-01T21:47:02Z" uid="1" user="OSMnx" version="1" changeset="1"><nd ref="245668248" /><nd ref="245668342" /><tag k="highway" v="residential" /><tag k="name" v="Jain Derasar Marg" /><tag k="oneway" v="no" /></way><way id="164" timestamp="2026-04-01T21:47:02Z" uid="1" user="OSMnx" version="1" changeset="1"><nd ref="245668256" /><nd ref="245668046" /><tag k="highway" v="residential" /><tag k="name" v="16th Road" /><tag k="oneway" v="no" /></way><way id="165" timestamp="2026-04-01T21:47:02Z" uid="1" user="OSMnx" version="1" changeset="1"><nd ref="245668256" /><nd ref="245668268" /><tag k="highway" v="tertiary" /><tag k="name" v="North Avenue" /><tag k="oneway" v="no" /></way><way id="166" timestamp="2026-04-01T21:47:02Z" uid="1" user="OSMnx" version="1" changeset="1"><nd ref="245668257" /><nd ref="3803645413" /><tag k="highway" v="tertiary" /><tag k="name" v="North Avenue" /><tag k="oneway" v="no" /></way><way id="167" timestamp="2026-04-01T21:47:02Z" uid="1" user="OSMnx" version="1" changeset="1"><nd ref="245668257" /><nd ref="11050952239" /><tag k="highway" v="residential" /><tag k="name" v="15th Road" /><tag k="oneway" v="no" /></way><way id="168" timestamp="2026-04-01T21:47:02Z" uid="1" user="OSMnx" version="1" changeset="1"><nd ref="245668268" /><nd ref="245668273" /><tag k="highway" v="tertiary" /><tag k="name" v="North Avenue" /><tag k="oneway" v="no" /></way><way id="169" timestamp="2026-04-01T21:47:02Z" uid="1" user="OSMnx" version="1" changeset="1"><nd ref="245668268" /><nd ref="245668323" /><tag k="highway" v="residential" /><tag k="oneway" v="no" /></way><way id="170" timestamp="2026-04-01T21:47:02Z" uid="1" user="OSMnx" version="1" changeset="1"><nd ref="245668273" /><nd ref="245668285" /><tag k="highway" v="tertiary" /><tag k="name" v="North Avenue" /><tag k="oneway" v="no" /></way><way id="171" timestamp="2026-04-01T21:47:02Z" uid="1" user="OSMnx" version="1" changeset="1"><nd ref="245668285" /><nd ref="3803645416" /><tag k="highway" v="tertiary" /><tag k="name" v="S B Patil Road" /><tag k="oneway" v="no" /></way><way id="172" timestamp="2026-04-01T21:47:02Z" uid="1" user="OSMnx" version="1" changeset="1"><nd ref="245668301" /><nd ref="245668256" /><tag k="highway" v="residential" /><tag k="oneway" v="no" /></way><way id="173" timestamp="2026-04-01T21:47:02Z" uid="1" user="OSMnx" version="1" changeset="1"><nd ref="245668323" /><nd ref="245668301" /><tag k="highway" v="residential" /><tag k="oneway" v="no" /></way><way id="174" timestamp="2026-04-01T21:47:02Z" uid="1" user="OSMnx" version="1" changeset="1"><nd ref="245668323" /><nd ref="245668328" /><tag k="highway" v="residential" /><tag k="oneway" v="no" /></way><way id="175" timestamp="2026-04-01T21:47:02Z" uid="1" user="OSMnx" version="1" changeset="1"><nd ref="245668323" /><nd ref="245668361" /><tag k="highway" v="residential" /><tag k="oneway" v="no" /></way><way id="176" timestamp="2026-04-01T21:47:02Z" uid="1" user="OSMnx" version="1" changeset="1"><nd ref="245668328" /><nd ref="245668371" /><tag k="highway" v="tertiary" /><tag k="name" v="S B Patil Road" /><tag k="oneway" v="no" /></way><way id="177" timestamp="2026-04-01T21:47:02Z" uid="1" user="OSMnx" version="1" changeset="1"><nd ref="245668329" /><nd ref="245668342" /><tag k="highway" v="residential" /><tag k="oneway" v="no" /></way><way id="178" timestamp="2026-04-01T21:47:02Z" uid="1" user="OSMnx" version="1" changeset="1"><nd ref="245668329" /><nd ref="245668397" /><tag k="highway" v="primary" /><tag k="name" v="Swami Vivekanand Road" /><tag k="oneway" v="no" /></way><way id="179" timestamp="2026-04-01T21:47:02Z" uid="1" user="OSMnx" version="1" changeset="1"><nd ref="245668342" /><nd ref="245668396" /><tag k="highway" v="residential" /><tag k="name" v="Jain Derasar Marg" /><tag k="oneway" v="no" /></way><way id="180" timestamp="2026-04-01T21:47:02Z" uid="1" user="OSMnx" version="1" changeset="1"><nd ref="245668349" /><nd ref="245668301" /><tag k="highway" v="residential" /><tag k="oneway" v="no" /></way><way id="181" timestamp="2026-04-01T21:47:02Z" uid="1" user="OSMnx" version="1" changeset="1"><nd ref="245668349" /><nd ref="3803645442" /><tag k="highway" v="residential" /><tag k="oneway" v="no" /></way><way id="182" timestamp="2026-04-01T21:47:02Z" uid="1" user="OSMnx" version="1" changeset="1"><nd ref="245668361" /><nd ref="245668349" /><tag k="highway" v="residential" /><tag k="oneway" v="no" /></way><way id="183" timestamp="2026-04-01T21:47:02Z" uid="1" user="OSMnx" version="1" changeset="1"><nd ref="245668361" /><nd ref="245668424" /><tag k="highway" v="residential" /><tag k="name" v="Talmaki Road" /><tag k="oneway" v="no" /></way><way id="184" timestamp="2026-04-01T21:47:02Z" uid="1" user="OSMnx" version="1" changeset="1"><nd ref="245668371" /><nd ref="245668361" /><tag k="highway" v="residential" /><tag k="oneway" v="no" /></way><way id="185" timestamp="2026-04-01T21:47:02Z" uid="1" user="OSMnx" version="1" changeset="1"><nd ref="245668394" /><nd ref="245668395" /><tag k="highway" v="residential" /><tag k="name" v="Talmaki Road" /><tag k="oneway" v="no" /></way><way id="186" timestamp="2026-04-01T21:47:02Z" uid="1" user="OSMnx" version="1" changeset="1"><nd ref="245668395" /><nd ref="245668379" /><tag k="highway" v="residential" /><tag k="name" v="Talmaki Road" /><tag k="oneway" v="no" /></way><way id="187" timestamp="2026-04-01T21:47:02Z" uid="1" user="OSMnx" version="1" changeset="1"><nd ref="245668396" /><nd ref="245668397" /><tag k="highway" v="residential" /><tag k="oneway" v="no" /></way><way id="188" timestamp="2026-04-01T21:47:02Z" uid="1" user="OSMnx" version="1" changeset="1"><nd ref="245668404" /><nd ref="245668394" /><tag k="highway" v="residential" /><tag k="name" v="Talmaki Road" /><tag k="oneway" v="no" /></way><way id="189" timestamp="2026-04-01T21:47:02Z" uid="1" user="OSMnx" version="1" changeset="1"><nd ref="245668424" /><nd ref="245668404" /><tag k="highway" v="residential" /><tag k="name" v="Talmaki Road" /><tag k="oneway" v="no" /></way><way id="190" timestamp="2026-04-01T21:47:02Z" uid="1" user="OSMnx" version="1" changeset="1"><nd ref="296362012" /><nd ref="13528689956" /><tag k="highway" v="primary" /><tag k="name" v="Swami Vivekanand Road" /><tag k="oneway" v="no" /></way><way id="191" timestamp="2026-04-01T21:47:02Z" uid="1" user="OSMnx" version="1" changeset="1"><nd ref="296362014" /><nd ref="347149014" /><tag k="highway" v="primary" /><tag k="name" v="Swami Vivekanand Road" /><tag k="oneway" v="no" /></way><way id="192" timestamp="2026-04-01T21:47:02Z" uid="1" user="OSMnx" version="1" changeset="1"><nd ref="296362019" /><nd ref="2629418478" /><tag k="highway" v="primary" /><tag k="name" v="Swami Vivekanand Road" /><tag k="oneway" v="no" /></way><way id="193" timestamp="2026-04-01T21:47:02Z" uid="1" user="OSMnx" version="1" changeset="1"><nd ref="296362019" /><nd ref="6280229504" /><tag k="highway" v="secondary" /><tag k="lanes" v="1" /><tag k="name" v="Gurunanak Marg" /><tag k="oneway" v="no" /></way><way id="194" timestamp="2026-04-01T21:47:02Z" uid="1" user="OSMnx" version="1" changeset="1"><nd ref="296362023" /><nd ref="2244797150" /><tag k="highway" v="residential" /><tag k="name" v="30th Road" /><tag k="oneway" v="no" /></way><way id="195" timestamp="2026-04-01T21:47:02Z" uid="1" user="OSMnx" version="1" changeset="1"><nd ref="296362023" /><nd ref="245666615" /><tag k="highway" v="primary" /><tag k="name" v="Swami Vivekanand Road" /><tag k="oneway" v="no" /></way><way id="196" timestamp="2026-04-01T21:47:02Z" uid="1" user="OSMnx" version="1" changeset="1"><nd ref="346604267" /><nd ref="346605046" /><tag k="highway" v="secondary" /><tag k="oneway" v="no" /></way><way id="197" timestamp="2026-04-01T21:47:02Z" uid="1" user="OSMnx" version="1" changeset="1"><nd ref="346605046" /><nd ref="7206407301" /><tag k="highway" v="residential" /><tag k="oneway" v="no" /></way><way id="198" timestamp="2026-04-01T21:47:02Z" uid="1" user="OSMnx" version="1" changeset="1"><nd ref="346605046" /><nd ref="13516967378" /><tag k="highway" v="secondary" /><tag k="name" v="K C Marg" /><tag k="oneway" v="no" /></way><way id="199" timestamp="2026-04-01T21:47:02Z" uid="1" user="OSMnx" version="1" changeset="1"><nd ref="346606123" /><nd ref="7206394774" /><tag k="highway" v="residential" /><tag k="lanes" v="2" /><tag k="oneway" v="no" /></way><way id="200" timestamp="2026-04-01T21:47:02Z" uid="1" user="OSMnx" version="1" changeset="1"><nd ref="346606123" /><nd ref="347042252" /><tag k="highway" v="secondary" /><tag k="name" v="K C Marg" /><tag k="oneway" v="no" /></way><way id="201" timestamp="2026-04-01T21:47:02Z" uid="1" user="OSMnx" version="1" changeset="1"><nd ref="346610898" /><nd ref="347184007" /><tag k="highway" v="residential" /><tag k="name" v="St Roque Road" /><tag k="oneway" v="no" /></way><way id="202" timestamp="2026-04-01T21:47:02Z" uid="1" user="OSMnx" version="1" changeset="1"><nd ref="346610903" /><nd ref="2031470945" /><tag k="highway" v="residential" /><tag k="name" v="Rebello Road" /><tag k="oneway" v="no" /></way><way id="203" timestamp="2026-04-01T21:47:02Z" uid="1" user="OSMnx" version="1" changeset="1"><nd ref="346610903" /><nd ref="1654348796" /><tag k="highway" v="secondary" /><tag k="name" v="St Sebastian Road" /><tag k="oneway" v="no" /></way><way id="204" timestamp="2026-04-01T21:47:02Z" uid="1" user="OSMnx" version="1" changeset="1"><nd ref="346611218" /><nd ref="346648380" /><tag k="highway" v="tertiary" /><tag k="name" v="Pereira Road" /><tag k="oneway" v="no" /></way><way id="205" timestamp="2026-04-01T21:47:02Z" uid="1" user="OSMnx" version="1" changeset="1"><nd ref="346611218" /><nd ref="4362546062" /><tag k="highway" v="residential" /><tag k="oneway" v="no" /></way><way id="206" timestamp="2026-04-01T21:47:02Z" uid="1" user="OSMnx" version="1" changeset="1"><nd ref="346611218" /><nd ref="472840749" /><tag k="highway" v="secondary" /><tag k="name" v="Mehboob Kahn Chowk" /><tag k="oneway" v="no" /></way><way id="207" timestamp="2026-04-01T21:47:02Z" uid="1" user="OSMnx" version="1" changeset="1"><nd ref="346611229" /><nd ref="7320265243" /><tag k="highway" v="tertiary_link" /><tag k="oneway" v="no" /></way><way id="208" timestamp="2026-04-01T21:47:02Z" uid="1" user="OSMnx" version="1" changeset="1"><nd ref="346611229" /><nd ref="346611230" /><tag k="highway" v="tertiary" /><tag k="name" v="HK Bhaba Road" /><tag k="oneway" v="no" /></way><way id="209" timestamp="2026-04-01T21:47:02Z" uid="1" user="OSMnx" version="1" changeset="1"><nd ref="346611229" /><nd ref="346622920" /><tag k="highway" v="tertiary" /><tag k="name" v="Byramji Jeejeebhoy Road" /><tag k="oneway" v="no" /></way><way id="210" timestamp="2026-04-01T21:47:02Z" uid="1" user="OSMnx" version="1" changeset="1"><nd ref="346611230" /><nd ref="4362546047" /><tag k="highway" v="tertiary" /><tag k="name" v="HK Bhaba Road" /><tag k="oneway" v="no" /></way><way id="211" timestamp="2026-04-01T21:47:02Z" uid="1" user="OSMnx" version="1" changeset="1"><nd ref="346611239" /><nd ref="346614371" /><tag k="highway" v="tertiary" /><tag k="name" v="Byramji Jeejeebhoy Road" /><tag k="oneway" v="no" /></way><way id="212" timestamp="2026-04-01T21:47:02Z" uid="1" user="OSMnx" version="1" changeset="1"><nd ref="346611239" /><nd ref="12974666367" /><tag k="highway" v="tertiary" /><tag k="name" v="Byramji Jeejeebhoy Road" /><tag k="oneway" v="no" /></way><way id="213" timestamp="2026-04-01T21:47:02Z" uid="1" user="OSMnx" version="1" changeset="1"><nd ref="346611554" /><nd ref="7320265243" /><tag k="highway" v="tertiary" /><tag k="name" v="Byramji Jeejeebhoy Road" /><tag k="oneway" v="no" /></way><way id="214" timestamp="2026-04-01T21:47:02Z" uid="1" user="OSMnx" version="1" changeset="1"><nd ref="346611554" /><nd ref="346611230" /><tag k="highway" v="tertiary_link" /><tag k="oneway" v="no" /></way><way id="215" timestamp="2026-04-01T21:47:02Z" uid="1" user="OSMnx" version="1" changeset="1"><nd ref="346613457" /><nd ref="346613538" /><tag k="highway" v="tertiary" /><tag k="name" v="Byramji Jeejeebhoy Road" /><tag k="oneway" v="no" /></way><way id="216" timestamp="2026-04-01T21:47:02Z" uid="1" user="OSMnx" version="1" changeset="1"><nd ref="346613457" /><nd ref="13015040851" /><tag k="highway" v="residential" /><tag k="name" v="Bullock Road" /><tag k="oneway" v="no" /></way><way id="217" timestamp="2026-04-01T21:47:02Z" uid="1" user="OSMnx" version="1" changeset="1"><nd ref="346614371" /><nd ref="346613457" /><tag k="highway" v="tertiary" /><tag k="name" v="Byramji Jeejeebhoy Road" /><tag k="oneway" v="no" /></way><way id="218" timestamp="2026-04-01T21:47:02Z" uid="1" user="OSMnx" version="1" changeset="1"><nd ref="346614371" /><nd ref="10281883196" /><tag k="highway" v="residential" /><tag k="name" v="Kane Road" /><tag k="oneway" v="no" /></way><way id="219" timestamp="2026-04-01T21:47:02Z" uid="1" user="OSMnx" version="1" changeset="1"><nd ref="346619785" /><nd ref="5494560187" /><tag k="highway" v="secondary" /><tag k="lanes" v="4" /><tag k="name" v="Chapel Road" /><tag k="oneway" v="no" /></way><way id="220" timestamp="2026-04-01T21:47:02Z" uid="1" user="OSMnx" version="1" changeset="1"><nd ref="346619785" /><nd ref="346621506" /><tag k="highway" v="residential" /><tag k="name" v="Veronica Road" /><tag k="oneway" v="no" /></way><way id="221" timestamp="2026-04-01T21:47:02Z" uid="1" user="OSMnx" version="1" changeset="1"><nd ref="346619785" /><nd ref="346620035" /><tag k="highway" v="secondary" /><tag k="lanes" v="2" /><tag k="name" v="Chapel Road" /><tag k="oneway" v="no" /></way><way id="222" timestamp="2026-04-01T21:47:02Z" uid="1" user="OSMnx" version="1" changeset="1"><nd ref="346620035" /><nd ref="347144010" /><tag k="highway" v="secondary" /><tag k="name" v="St Sebastian Road" /><tag k="oneway" v="no" /></way><way id="223" timestamp="2026-04-01T21:47:02Z" uid="1" user="OSMnx" version="1" changeset="1"><nd ref="346620035" /><nd ref="4362546067" /><tag k="highway" v="residential" /><tag k="name" v="St John Baptist Road" /><tag k="oneway" v="no" /></way><way id="224" timestamp="2026-04-01T21:47:02Z" uid="1" user="OSMnx" version="1" changeset="1"><nd ref="346620827" /><nd ref="347182460" /><tag k="highway" v="tertiary" /><tag k="lanes" v="1" /><tag k="name" v="Chapel Road" /><tag k="oneway" v="no" /></way><way id="225" timestamp="2026-04-01T21:47:02Z" uid="1" user="OSMnx" version="1" changeset="1"><nd ref="346620841" /><nd ref="347147042" /><tag k="highway" v="residential" /><tag k="oneway" v="no" /></way><way id="226" timestamp="2026-04-01T21:47:02Z" uid="1" user="OSMnx" version="1" changeset="1"><nd ref="346621506" /><nd ref="357797396" /><tag k="highway" v="residential" /><tag k="name" v="Veronica Road" /><tag k="oneway" v="no" /></way><way id="227" timestamp="2026-04-01T21:47:02Z" uid="1" user="OSMnx" version="1" changeset="1"><nd ref="346621506" /><nd ref="346610898" /><tag k="highway" v="residential" /><tag k="name" v="Veronica Road" /><tag k="oneway" v="no" /></way><way id="228" timestamp="2026-04-01T21:47:02Z" uid="1" user="OSMnx" version="1" changeset="1"><nd ref="346621512" /><nd ref="13067310092" /><tag k="highway" v="tertiary" /><tag k="name" v="Waroda Road" /><tag k="oneway" v="no" /></way><way id="229" timestamp="2026-04-01T21:47:02Z" uid="1" user="OSMnx" version="1" changeset="1"><nd ref="346621512" /><nd ref="346646637" /><tag k="highway" v="tertiary" /><tag k="name" v="Waroda Road" /><tag k="oneway" v="no" /></way><way id="230" timestamp="2026-04-01T21:47:02Z" uid="1" user="OSMnx" version="1" changeset="1"><nd ref="346621846" /><nd ref="11033840373" /><tag k="highway" v="residential" /><tag k="name" v="D. P. Marg" /><tag k="oneway" v="no" /></way><way id="231" timestamp="2026-04-01T21:47:02Z" uid="1" user="OSMnx" version="1" changeset="1"><nd ref="346621846" /><nd ref="11036567792" /><tag k="highway" v="residential" /><tag k="oneway" v="no" /></way><way id="232" timestamp="2026-04-01T21:47:02Z" uid="1" user="OSMnx" version="1" changeset="1"><nd ref="346622396" /><nd ref="4352203884" /><tag k="highway" v="residential" /><tag k="oneway" v="no" /></way><way id="233" timestamp="2026-04-01T21:47:02Z" uid="1" user="OSMnx" version="1" changeset="1"><nd ref="346622396" /><nd ref="7206407294" /><tag k="highway" v="residential" /><tag k="name" v="Nityanand Street" /><tag k="oneway" v="no" /></way><way id="234" timestamp="2026-04-01T21:47:02Z" uid="1" user="OSMnx" version="1" changeset="1"><nd ref="346622403" /><nd ref="346644272" /><tag k="highway" v="secondary" /><tag k="name" v="K C Marg" /><tag k="oneway" v="no" /></way><way id="235" timestamp="2026-04-01T21:47:02Z" uid="1" user="OSMnx" version="1" changeset="1"><nd ref="346622920" /><nd ref="7320265259" /><tag k="highway" v="residential" /><tag k="oneway" v="no" /></way><way id="236" timestamp="2026-04-01T21:47:02Z" uid="1" user="OSMnx" version="1" changeset="1"><nd ref="346622920" /><nd ref="13508577381" /><tag k="highway" v="tertiary" /><tag k="name" v="Byramji Jeejeebhoy Road" /><tag k="oneway" v="no" /></way><way id="237" timestamp="2026-04-01T21:47:02Z" uid="1" user="OSMnx" version="1" changeset="1"><nd ref="346627066" /><nd ref="346621846" /><tag k="highway" v="residential" /><tag k="name" v="St John Baptist Road" /><tag k="oneway" v="no" /></way><way id="238" timestamp="2026-04-01T21:47:02Z" uid="1" user="OSMnx" version="1" changeset="1"><nd ref="346627066" /><nd ref="11033807714" /><tag k="highway" v="residential" /><tag k="lanes" v="2" /><tag k="maxspeed" v="20" /><tag k="name" v="Kadeshwari Mandir Marg" /><tag k="oneway" v="no" /></way><way id="239" timestamp="2026-04-01T21:47:02Z" uid="1" user="OSMnx" version="1" changeset="1"><nd ref="346627068" /><nd ref="346627201" /><tag k="highway" v="residential" /><tag k="oneway" v="no" /></way><way id="240" timestamp="2026-04-01T21:47:02Z" uid="1" user="OSMnx" version="1" changeset="1"><nd ref="346627068" /><nd ref="4309664910" /><tag k="highway" v="residential" /><tag k="lanes" v="2" /><tag k="maxspeed" v="20" /><tag k="name" v="Kadeshwari Mandir Marg" /><tag k="oneway" v="no" /></way><way id="241" timestamp="2026-04-01T21:47:02Z" uid="1" user="OSMnx" version="1" changeset="1"><nd ref="346633199" /><nd ref="10264805107" /><tag k="highway" v="residential" /><tag k="oneway" v="no" /></way><way id="242" timestamp="2026-04-01T21:47:02Z" uid="1" user="OSMnx" version="1" changeset="1"><nd ref="346633199" /><nd ref="10172786327" /><tag k="highway" v="secondary" /><tag k="maxspeed" v="30" /><tag k="name" v="Hill Road" /><tag k="oneway" v="no" /></way><way id="243" timestamp="2026-04-01T21:47:02Z" uid="1" user="OSMnx" version="1" changeset="1"><nd ref="346633199" /><nd ref="2247989261" /><tag k="highway" v="residential" /><tag k="name" v="St. Martin's Road" /><tag k="oneway" v="no" /></way><way id="244" timestamp="2026-04-01T21:47:02Z" uid="1" user="OSMnx" version="1" changeset="1"><nd ref="346633203" /><nd ref="10770749309" /><tag k="highway" v="tertiary" /><tag k="oneway" v="no" /></way><way id="245" timestamp="2026-04-01T21:47:02Z" uid="1" user="OSMnx" version="1" changeset="1"><nd ref="346633203" /><nd ref="2247989255" /><tag k="highway" v="secondary" /><tag k="maxspeed" v="30" /><tag k="name" v="Hill Road" /><tag k="oneway" v="no" /></way><way id="246" timestamp="2026-04-01T21:47:02Z" uid="1" user="OSMnx" version="1" changeset="1"><nd ref="346633207" /><nd ref="13534655599" /><tag k="highway" v="secondary" /><tag k="maxspeed" v="30" /><tag k="name" v="Hill Road" /><tag k="oneway" v="no" /></way><way id="247" timestamp="2026-04-01T21:47:02Z" uid="1" user="OSMnx" version="1" changeset="1"><nd ref="346633207" /><nd ref="9859474278" /><tag k="highway" v="residential" /><tag k="oneway" v="no" /></way><way id="248" timestamp="2026-04-01T21:47:02Z" uid="1" user="OSMnx" version="1" changeset="1"><nd ref="346633210" /><nd ref="12293795280" /><tag k="highway" v="secondary" /><tag k="maxspeed" v="30" /><tag k="name" v="Hill Road" /><tag k="oneway" v="no" /></way><way id="249" timestamp="2026-04-01T21:47:02Z" uid="1" user="OSMnx" version="1" changeset="1"><nd ref="346633210" /><nd ref="9681688973" /><tag k="highway" v="tertiary" /><tag k="oneway" v="no" /></way><way id="250" timestamp="2026-04-01T21:47:02Z" uid="1" user="OSMnx" version="1" changeset="1"><nd ref="346633216" /><nd ref="347168989" /><tag k="highway" v="secondary" /><tag k="maxspeed" v="30" /><tag k="name" v="Hill Road" /><tag k="oneway" v="no" /></way><way id="251" timestamp="2026-04-01T21:47:02Z" uid="1" user="OSMnx" version="1" changeset="1"><nd ref="346633216" /><nd ref="9681688983" /><tag k="highway" v="residential" /><tag k="oneway" v="no" /></way><way id="252" timestamp="2026-04-01T21:47:02Z" uid="1" user="OSMnx" version="1" changeset="1"><nd ref="346633397" /><nd ref="11057906714" /><tag k="highway" v="secondary" /><tag k="maxspeed" v="30" /><tag k="name" v="Hill Road" /><tag k="oneway" v="no" /></way><way id="253" timestamp="2026-04-01T21:47:02Z" uid="1" user="OSMnx" version="1" changeset="1"><nd ref="346644270" /><nd ref="10089667076" /><tag k="highway" v="secondary" /><tag k="name" v="General Arun Kumar Vaidya Marg" /><tag k="oneway" v="no" /></way><way id="254" timestamp="2026-04-01T21:47:02Z" uid="1" user="OSMnx" version="1" changeset="1"><nd ref="346644272" /><nd ref="10089667078" /><tag k="highway" v="secondary" /><tag k="name" v="K C Marg" /><tag k="oneway" v="no" /></way><way id="255" timestamp="2026-04-01T21:47:02Z" uid="1" user="OSMnx" version="1" changeset="1"><nd ref="346644272" /><nd ref="13514297393" /><tag k="highway" v="secondary" /><tag k="lanes" v="2" /><tag k="name" v="KC Marg" /><tag k="oneway" v="no" /></way><way id="256" timestamp="2026-04-01T21:47:02Z" uid="1" user="OSMnx" version="1" changeset="1"><nd ref="346646637" /><nd ref="346610898" /><tag k="highway" v="residential" /><tag k="name" v="Veronica Street" /><tag k="oneway" v="no" /></way><way id="257" timestamp="2026-04-01T21:47:02Z" uid="1" user="OSMnx" version="1" changeset="1"><nd ref="346646637" /><nd ref="10106787079" /><tag k="highway" v="tertiary" /><tag k="name" v="Waroda Road" /><tag k="oneway" v="no" /></way><way id="258" timestamp="2026-04-01T21:47:02Z" uid="1" user="OSMnx" version="1" changeset="1"><nd ref="346648380" /><nd ref="346611229" /><tag k="highway" v="tertiary" /><tag k="name" v="Pereira Road" /><tag k="oneway" v="no" /></way><way id="259" timestamp="2026-04-01T21:47:02Z" uid="1" user="OSMnx" version="1" changeset="1"><nd ref="347042170" /><nd ref="347042177" /><tag k="highway" v="residential" /><tag k="oneway" v="no" /></way><way id="260" timestamp="2026-04-01T21:47:02Z" uid="1" user="OSMnx" version="1" changeset="1"><nd ref="347042170" /><nd ref="347042252" /><tag k="highway" v="residential" /><tag k="name" v="General Arun Kumar Vaidya Marg" /><tag k="oneway" v="no" /></way><way id="261" timestamp="2026-04-01T21:47:02Z" uid="1" user="OSMnx" version="1" changeset="1"><nd ref="347042170" /><nd ref="10678500261" /><tag k="highway" v="residential" /><tag k="name" v="General Arun Kumar Vaidya Marg" /><tag k="oneway" v="no" /></way><way id="262" timestamp="2026-04-01T21:47:02Z" uid="1" user="OSMnx" version="1" changeset="1"><nd ref="347042177" /><nd ref="7206394771" /><tag k="highway" v="residential" /><tag k="oneway" v="no" /></way><way id="263" timestamp="2026-04-01T21:47:02Z" uid="1" user="OSMnx" version="1" changeset="1"><nd ref="347042177" /><nd ref="346606123" /><tag k="highway" v="secondary" /><tag k="name" v="K C Marg" /><tag k="oneway" v="no" /></way><way id="264" timestamp="2026-04-01T21:47:02Z" uid="1" user="OSMnx" version="1" changeset="1"><nd ref="347042252" /><nd ref="7206394775" /><tag k="highway" v="residential" /><tag k="name" v="General Arun Kumar Vaidya Marg" /><tag k="oneway" v="no" /></way><way id="265" timestamp="2026-04-01T21:47:02Z" uid="1" user="OSMnx" version="1" changeset="1"><nd ref="347042252" /><nd ref="7206394773" /><tag k="highway" v="secondary" /><tag k="name" v="K C Marg" /><tag k="oneway" v="no" /></way><way id="266" timestamp="2026-04-01T21:47:02Z" uid="1" user="OSMnx" version="1" changeset="1"><nd ref="347042528" /><nd ref="347042170" /><tag k="highway" v="residential" /><tag k="name" v="General Arun Kumar Vaidya Marg" /><tag k="oneway" v="no" /></way><way id="267" timestamp="2026-04-01T21:47:02Z" uid="1" user="OSMnx" version="1" changeset="1"><nd ref="347042532" /><nd ref="347042177" /><tag k="highway" v="secondary" /><tag k="name" v="K C Marg" /><tag k="oneway" v="no" /></way><way id="268" timestamp="2026-04-01T21:47:02Z" uid="1" user="OSMnx" version="1" changeset="1"><nd ref="347042532" /><nd ref="10678500261" /><tag k="highway" v="residential" /><tag k="lanes" v="1" /><tag k="name" v="Smt. Shobha Bhaskar Joshi Marg" /><tag k="oneway" v="no" /></way><way id="269" timestamp="2026-04-01T21:47:02Z" uid="1" user="OSMnx" version="1" changeset="1"><nd ref="347106948" /><nd ref="347106949" /><tag k="highway" v="tertiary" /><tag k="name" v="St. Paul Road" /><tag k="oneway" v="no" /></way><way id="270" timestamp="2026-04-01T21:47:02Z" uid="1" user="OSMnx" version="1" changeset="1"><nd ref="347106948" /><nd ref="346633216" /><tag k="highway" v="secondary" /><tag k="maxspeed" v="30" /><tag k="name" v="Hill Road" /><tag k="oneway" v="no" /></way><way id="271" timestamp="2026-04-01T21:47:02Z" uid="1" user="OSMnx" version="1" changeset="1"><nd ref="347106949" /><nd ref="347106961" /><tag k="highway" v="tertiary" /><tag k="name" v="St. Paul Road" /><tag k="oneway" v="no" /></way><way id="272" timestamp="2026-04-01T21:47:02Z" uid="1" user="OSMnx" version="1" changeset="1"><nd ref="347106949" /><nd ref="347108037" /><tag k="highway" v="residential" /><tag k="name" v="Chimbai Road" /><tag k="oneway" v="no" /></way><way id="273" timestamp="2026-04-01T21:47:02Z" uid="1" user="OSMnx" version="1" changeset="1"><nd ref="347106961" /><nd ref="347106962" /><tag k="highway" v="tertiary" /><tag k="name" v="St. Paul Road" /><tag k="oneway" v="no" /></way><way id="274" timestamp="2026-04-01T21:47:02Z" uid="1" user="OSMnx" version="1" changeset="1"><nd ref="347106961" /><nd ref="471581474" /><tag k="highway" v="residential" /><tag k="name" v="St. Francis Road" /><tag k="oneway" v="no" /></way><way id="275" timestamp="2026-04-01T21:47:02Z" uid="1" user="OSMnx" version="1" changeset="1"><nd ref="347106962" /><nd ref="347185453" /><tag k="highway" v="residential" /><tag k="maxspeed" v="30" /><tag k="name" v="St. Dominic Road" /><tag k="oneway" v="no" /></way><way id="276" timestamp="2026-04-01T21:47:02Z" uid="1" user="OSMnx" version="1" changeset="1"><nd ref="347106962" /><nd ref="12695051724" /><tag k="highway" v="residential" /><tag k="oneway" v="no" /></way><way id="277" timestamp="2026-04-01T21:47:02Z" uid="1" user="OSMnx" version="1" changeset="1"><nd ref="347106962" /><nd ref="537791262" /><tag k="highway" v="tertiary" /><tag k="name" v="St. Paul Road" /><tag k="oneway" v="no" /></way><way id="278" timestamp="2026-04-01T21:47:02Z" uid="1" user="OSMnx" version="1" changeset="1"><nd ref="347106967" /><nd ref="5494564054" /><tag k="highway" v="secondary" /><tag k="lanes" v="2" /><tag k="name" v="Perry Road" /><tag k="oneway" v="no" /></way><way id="279" timestamp="2026-04-01T21:47:02Z" uid="1" user="OSMnx" version="1" changeset="1"><nd ref="347106967" /><nd ref="5458251867" /><tag k="highway" v="residential" /><tag k="lanes" v="1" /><tag k="name" v="['St John Road Extension', 'St Paul Road Extension']" /><tag k="oneway" v="no" /></way><way id="280" timestamp="2026-04-01T21:47:02Z" uid="1" user="OSMnx" version="1" changeset="1"><nd ref="347108037" /><nd ref="4352220331" /><tag k="highway" v="residential" /><tag k="name" v="Chimbai Road" /><tag k="oneway" v="no" /></way><way id="281" timestamp="2026-04-01T21:47:02Z" uid="1" user="OSMnx" version="1" changeset="1"><nd ref="347108043" /><nd ref="7241563884" /><tag k="highway" v="residential" /><tag k="lanes" v="1" /><tag k="name" v="Perry Cross Road" /><tag k="oneway" v="no" /></way><way id="282" timestamp="2026-04-01T21:47:02Z" uid="1" user="OSMnx" version="1" changeset="1"><nd ref="347108043" /><nd ref="347110096" /><tag k="highway" v="residential" /><tag k="name" v="Naushad Ali Road" /><tag k="oneway" v="no" /></way><way id="283" timestamp="2026-04-01T21:47:02Z" uid="1" user="OSMnx" version="1" changeset="1"><nd ref="347110092" /><nd ref="10631005829" /><tag k="highway" v="residential" /><tag k="oneway" v="no" /></way><way id="284" timestamp="2026-04-01T21:47:02Z" uid="1" user="OSMnx" version="1" changeset="1"><nd ref="347110092" /><nd ref="347110096" /><tag k="highway" v="residential" /><tag k="lanes" v="1" /><tag k="name" v="Naushad Ali Road" /><tag k="oneway" v="no" /></way><way id="285" timestamp="2026-04-01T21:47:02Z" uid="1" user="OSMnx" version="1" changeset="1"><nd ref="347110096" /><nd ref="10631005829" /><tag k="highway" v="residential" /><tag k="lanes" v="1" /><tag k="name" v="Naushad Ali Road" /><tag k="oneway" v="no" /></way><way id="286" timestamp="2026-04-01T21:47:02Z" uid="1" user="OSMnx" version="1" changeset="1"><nd ref="347112673" /><nd ref="4345662337" /><tag k="highway" v="residential" /><tag k="name" v="Almeida Park Road" /><tag k="oneway" v="no" /></way><way id="287" timestamp="2026-04-01T21:47:02Z" uid="1" user="OSMnx" version="1" changeset="1"><nd ref="347112673" /><nd ref="706122760" /><tag k="highway" v="residential" /><tag k="name" v="6th Road" /><tag k="oneway" v="no" /></way><way id="288" timestamp="2026-04-01T21:47:02Z" uid="1" user="OSMnx" version="1" changeset="1"><nd ref="347112673" /><nd ref="13529118173" /><tag k="highway" v="residential" /><tag k="oneway" v="no" /></way><way id="289" timestamp="2026-04-01T21:47:02Z" uid="1" user="OSMnx" version="1" changeset="1"><nd ref="347112674" /><nd ref="5372158161" /><tag k="highway" v="residential" /><tag k="name" v="5th Road" /><tag k="oneway" v="no" /></way><way id="290" timestamp="2026-04-01T21:47:02Z" uid="1" user="OSMnx" version="1" changeset="1"><nd ref="347112990" /><nd ref="10882727463" /><tag k="highway" v="residential" /><tag k="maxspeed" v="30" /><tag k="name" v="St. Dominic Road" /><tag k="oneway" v="no" /></way><way id="291" timestamp="2026-04-01T21:47:02Z" uid="1" user="OSMnx" version="1" changeset="1"><nd ref="347112990" /><nd ref="471587920" /><tag k="highway" v="residential" /><tag k="name" v="St. Cyril Road" /><tag k="oneway" v="no" /></way><way id="292" timestamp="2026-04-01T21:47:02Z" uid="1" user="OSMnx" version="1" changeset="1"><nd ref="347115324" /><nd ref="471591704" /><tag k="highway" v="residential" /><tag k="name" v="Almeida Park Road" /><tag k="oneway" v="no" /></way><way id="293" timestamp="2026-04-01T21:47:02Z" uid="1" user="OSMnx" version="1" changeset="1"><nd ref="347115324" /><nd ref="5353822012" /><tag k="highway" v="residential" /><tag k="name" v="23rd Road (St. Theresa's Road)" /><tag k="oneway" v="no" /></way><way id="294" timestamp="2026-04-01T21:47:02Z" uid="1" user="OSMnx" version="1" changeset="1"><nd ref="347115324" /><nd ref="471589564" /><tag k="highway" v="secondary" /><tag k="lanes" v="1" /><tag k="name" v="Gurunanak Marg" /><tag k="oneway" v="no" /></way><way id="295" timestamp="2026-04-01T21:47:02Z" uid="1" user="OSMnx" version="1" changeset="1"><nd ref="347115644" /><nd ref="13514498300" /><tag k="highway" v="secondary" /><tag k="lanes" v="2" /><tag k="name" v="Perry Road" /><tag k="oneway" v="no" /></way><way id="296" timestamp="2026-04-01T21:47:02Z" uid="1" user="OSMnx" version="1" changeset="1"><nd ref="347115647" /><nd ref="10882715555" /><tag k="highway" v="residential" /><tag k="name" v="St. Alexius Road" /><tag k="oneway" v="no" /></way><way id="297" timestamp="2026-04-01T21:47:02Z" uid="1" user="OSMnx" version="1" changeset="1"><nd ref="347115647" /><nd ref="347115644" /><tag k="highway" v="secondary" /><tag k="lanes" v="2" /><tag k="name" v="Perry Road" /><tag k="oneway" v="no" /></way><way id="298" timestamp="2026-04-01T21:47:02Z" uid="1" user="OSMnx" version="1" changeset="1"><nd ref="347115650" /><nd ref="471582045" /><tag k="highway" v="residential" /><tag k="name" v="St. Cyril Road Extension" /><tag k="oneway" v="no" /></way><way id="299" timestamp="2026-04-01T21:47:02Z" uid="1" user="OSMnx" version="1" changeset="1"><nd ref="347115650" /><nd ref="13522294905" /><tag k="highway" v="secondary" /><tag k="lanes" v="2" /><tag k="name" v="Perry Road" /><tag k="oneway" v="no" /></way><way id="300" timestamp="2026-04-01T21:47:02Z" uid="1" user="OSMnx" version="1" changeset="1"><nd ref="347116059" /><nd ref="10882715560" /><tag k="highway" v="secondary_link" /><tag k="name" v="Perry Road" /><tag k="oneway" v="no" /></way><way id="301" timestamp="2026-04-01T21:47:02Z" uid="1" user="OSMnx" version="1" changeset="1"><nd ref="347116059" /><nd ref="347106967" /><tag k="highway" v="secondary" /><tag k="lanes" v="2" /><tag k="name" v="Perry Road" /><tag k="oneway" v="no" /></way><way id="302" timestamp="2026-04-01T21:47:02Z" uid="1" user="OSMnx" version="1" changeset="1"><nd ref="347143753" /><nd ref="8711186082" /><tag k="highway" v="residential" /><tag k="name" v="Dr. Peter Dias Road" /><tag k="oneway" v="no" /></way><way id="303" timestamp="2026-04-01T21:47:02Z" uid="1" user="OSMnx" version="1" changeset="1"><nd ref="347143753" /><nd ref="347143883" /><tag k="highway" v="residential" /><tag k="name" v="['Cross Road 2', 'Rebello Road']" /><tag k="oneway" v="no" /></way><way id="304" timestamp="2026-04-01T21:47:02Z" uid="1" user="OSMnx" version="1" changeset="1"><nd ref="347143881" /><nd ref="347143883" /><tag k="highway" v="residential" /><tag k="name" v="Cross Road 1" /><tag k="oneway" v="no" /></way><way id="305" timestamp="2026-04-01T21:47:02Z" uid="1" user="OSMnx" version="1" changeset="1"><nd ref="347143881" /><nd ref="347143753" /><tag k="highway" v="residential" /><tag k="name" v="Dr. Peter Dias Road" /><tag k="oneway" v="no" /></way><way id="306" timestamp="2026-04-01T21:47:02Z" uid="1" user="OSMnx" version="1" changeset="1"><nd ref="347143881" /><nd ref="12996344235" /><tag k="highway" v="residential" /><tag k="name" v="Cross Road" /><tag k="oneway" v="no" /></way><way id="307" timestamp="2026-04-01T21:47:02Z" uid="1" user="OSMnx" version="1" changeset="1"><nd ref="347143883" /><nd ref="347144002" /><tag k="highway" v="residential" /><tag k="name" v="Rebello Road" /><tag k="oneway" v="no" /></way><way id="308" timestamp="2026-04-01T21:47:02Z" uid="1" user="OSMnx" version="1" changeset="1"><nd ref="347144002" /><nd ref="4869507727" /><tag k="highway" v="residential" /><tag k="name" v="Rebello Road" /><tag k="oneway" v="no" /></way><way id="309" timestamp="2026-04-01T21:47:02Z" uid="1" user="OSMnx" version="1" changeset="1"><nd ref="347144002" /><nd ref="347144010" /><tag k="highway" v="residential" /><tag k="name" v="St Sebastian Cross Road" /><tag k="oneway" v="no" /></way><way id="310" timestamp="2026-04-01T21:47:02Z" uid="1" user="OSMnx" version="1" changeset="1"><nd ref="347144010" /><nd ref="346610903" /><tag k="highway" v="secondary" /><tag k="name" v="St Sebastian Road" /><tag k="oneway" v="no" /></way><way id="311" timestamp="2026-04-01T21:47:02Z" uid="1" user="OSMnx" version="1" changeset="1"><nd ref="347146492" /><nd ref="4362546075" /><tag k="highway" v="residential" /><tag k="lanes" v="1" /><tag k="maxspeed" v="20" /><tag k="name" v="D'monte Street" /><tag k="oneway" v="no" /></way><way id="312" timestamp="2026-04-01T21:47:02Z" uid="1" user="OSMnx" version="1" changeset="1"><nd ref="347146492" /><nd ref="7244551186" /><tag k="highway" v="residential" /><tag k="oneway" v="no" /></way><way id="313" timestamp="2026-04-01T21:47:02Z" uid="1" user="OSMnx" version="1" changeset="1"><nd ref="347146498" /><nd ref="4362560825" /><tag k="highway" v="residential" /><tag k="lanes" v="1" /><tag k="maxspeed" v="20" /><tag k="name" v="D'monte Street" /><tag k="oneway" v="no" /></way><way id="314" timestamp="2026-04-01T21:47:02Z" uid="1" user="OSMnx" version="1" changeset="1"><nd ref="347146498" /><nd ref="9681688988" /><tag k="highway" v="residential" /><tag k="name" v="Chinchpokli Rd" /><tag k="oneway" v="no" /></way><way id="315" timestamp="2026-04-01T21:47:02Z" uid="1" user="OSMnx" version="1" changeset="1"><nd ref="347146508" /><nd ref="347146661" /><tag k="highway" v="residential" /><tag k="oneway" v="no" /></way><way id="316" timestamp="2026-04-01T21:47:02Z" uid="1" user="OSMnx" version="1" changeset="1"><nd ref="347146661" /><nd ref="4362560823" /><tag k="highway" v="residential" /><tag k="name" v="N Dayabhai Road" /><tag k="oneway" v="no" /></way><way id="317" timestamp="2026-04-01T21:47:02Z" uid="1" user="OSMnx" version="1" changeset="1"><nd ref="347147042" /><nd ref="7206394773" /><tag k="highway" v="residential" /><tag k="oneway" v="no" /></way><way id="318" timestamp="2026-04-01T21:47:02Z" uid="1" user="OSMnx" version="1" changeset="1"><nd ref="347149014" /><nd ref="4362576439" /><tag k="highway" v="residential" /><tag k="name" v="Jarimari Road" /><tag k="oneway" v="no" /></way><way id="319" timestamp="2026-04-01T21:47:02Z" uid="1" user="OSMnx" version="1" changeset="1"><nd ref="347149014" /><nd ref="1975048942" /><tag k="highway" v="primary" /><tag k="name" v="Swami Vivekanand Road" /><tag k="oneway" v="no" /></way><way id="320" timestamp="2026-04-01T21:47:02Z" uid="1" user="OSMnx" version="1" changeset="1"><nd ref="347149835" /><nd ref="6280229508" /><tag k="highway" v="secondary" /><tag k="lanes" v="1" /><tag k="name" v="Gurunanak Marg" /><tag k="oneway" v="no" /></way><way id="321" timestamp="2026-04-01T21:47:02Z" uid="1" user="OSMnx" version="1" changeset="1"><nd ref="347168939" /><nd ref="13064056829" /><tag k="highway" v="residential" /><tag k="oneway" v="no" /></way><way id="322" timestamp="2026-04-01T21:47:02Z" uid="1" user="OSMnx" version="1" changeset="1"><nd ref="347168989" /><nd ref="9681688998" /><tag k="highway" v="residential" /><tag k="oneway" v="no" /></way><way id="323" timestamp="2026-04-01T21:47:02Z" uid="1" user="OSMnx" version="1" changeset="1"><nd ref="347168989" /><nd ref="13523326214" /><tag k="highway" v="secondary" /><tag k="maxspeed" v="30" /><tag k="name" v="Hill Road" /><tag k="oneway" v="no" /></way><way id="324" timestamp="2026-04-01T21:47:02Z" uid="1" user="OSMnx" version="1" changeset="1"><nd ref="347168989" /><nd ref="13082053973" /><tag k="highway" v="residential" /><tag k="name" v="Somnath Lane" /><tag k="oneway" v="no" /></way><way id="325" timestamp="2026-04-01T21:47:02Z" uid="1" user="OSMnx" version="1" changeset="1"><nd ref="347169478" /><nd ref="7298842041" /><tag k="highway" v="residential" /><tag k="lanes" v="2" /><tag k="name" v="Pali Mala Road" /><tag k="oneway" v="no" /></way><way id="326" timestamp="2026-04-01T21:47:02Z" uid="1" user="OSMnx" version="1" changeset="1"><nd ref="347169483" /><nd ref="11041745471" /><tag k="highway" v="residential" /><tag k="lanes" v="2" /><tag k="name" v="Pali Mala Road" /><tag k="oneway" v="no" /></way><way id="327" timestamp="2026-04-01T21:47:02Z" uid="1" user="OSMnx" version="1" changeset="1"><nd ref="347169735" /><nd ref="347169739" /><tag k="highway" v="residential" /><tag k="name" v="Pali Mala Road" /><tag k="oneway" v="no" /></way><way id="328" timestamp="2026-04-01T21:47:02Z" uid="1" user="OSMnx" version="1" changeset="1"><nd ref="347169739" /><nd ref="2244797209" /><tag k="highway" v="tertiary" /><tag k="lanes" v="2" /><tag k="name" v="Dr. BR Ambedkar Road" /><tag k="oneway" v="no" /></way><way id="329" timestamp="2026-04-01T21:47:02Z" uid="1" user="OSMnx" version="1" changeset="1"><nd ref="347169923" /><nd ref="5332431181" /><tag k="highway" v="residential" /><tag k="name" v="St. John Street" /><tag k="oneway" v="no" /></way><way id="330" timestamp="2026-04-01T21:47:02Z" uid="1" user="OSMnx" version="1" changeset="1"><nd ref="347169923" /><nd ref="471566289" /><tag k="highway" v="tertiary" /><tag k="lanes" v="2" /><tag k="name" v="Dr. BR Ambedkar Road" /><tag k="oneway" v="no" /></way><way id="331" timestamp="2026-04-01T21:47:02Z" uid="1" user="OSMnx" version="1" changeset="1"><nd ref="347170693" /><nd ref="347180846" /><tag k="highway" v="residential" /><tag k="lanes" v="2" /><tag k="name" v="28th Road" /><tag k="oneway" v="no" /></way><way id="332" timestamp="2026-04-01T21:47:02Z" uid="1" user="OSMnx" version="1" changeset="1"><nd ref="347170693" /><nd ref="471584531" /><tag k="highway" v="residential" /><tag k="name" v="24th Road (St. Theresa's Road)" /><tag k="oneway" v="no" /></way><way id="333" timestamp="2026-04-01T21:47:02Z" uid="1" user="OSMnx" version="1" changeset="1"><nd ref="347170699" /><nd ref="471566294" /><tag k="highway" v="residential" /><tag k="name" v="Dr KS Hedgewar Road (30th Road)" /><tag k="oneway" v="no" /></way><way id="334" timestamp="2026-04-01T21:47:02Z" uid="1" user="OSMnx" version="1" changeset="1"><nd ref="347170699" /><nd ref="471570073" /><tag k="highway" v="residential" /><tag k="name" v="24th Road (St. Theresa's Road)" /><tag k="oneway" v="no" /></way><way id="335" timestamp="2026-04-01T21:47:02Z" uid="1" user="OSMnx" version="1" changeset="1"><nd ref="347171126" /><nd ref="348128217" /><tag k="highway" v="residential" /><tag k="lanes" v="1" /><tag k="name" v="St. Andrews Road Extension" /><tag k="oneway" v="no" /></way><way id="336" timestamp="2026-04-01T21:47:02Z" uid="1" user="OSMnx" version="1" changeset="1"><nd ref="347171128" /><nd ref="4352220335" /><tag k="highway" v="residential" /><tag k="lanes" v="1" /><tag k="name" v="St. Andrew Road Extension" /><tag k="oneway" v="no" /></way><way id="337" timestamp="2026-04-01T21:47:02Z" uid="1" user="OSMnx" version="1" changeset="1"><nd ref="347171383" /><nd ref="347169735" /><tag k="highway" v="residential" /><tag k="name" v="Pali Mala Road" /><tag k="oneway" v="no" /></way><way id="338" timestamp="2026-04-01T21:47:02Z" uid="1" user="OSMnx" version="1" changeset="1"><nd ref="347171383" /><nd ref="347197290" /><tag k="highway" v="residential" /><tag k="lanes" v="2" /><tag k="name" v="Pali Mala Road" /><tag k="oneway" v="no" /></way><way id="339" timestamp="2026-04-01T21:47:02Z" uid="1" user="OSMnx" version="1" changeset="1"><nd ref="347171533" /><nd ref="347171128" /><tag k="highway" v="residential" /><tag k="name" v="St. John Street" /><tag k="oneway" v="no" /></way><way id="340" timestamp="2026-04-01T21:47:02Z" uid="1" user="OSMnx" version="1" changeset="1"><nd ref="347172870" /><nd ref="471591704" /><tag k="highway" v="residential" /><tag k="name" v="1st Road" /><tag k="oneway" v="no" /></way><way id="341" timestamp="2026-04-01T21:47:02Z" uid="1" user="OSMnx" version="1" changeset="1"><nd ref="347172870" /><nd ref="471589564" /><tag k="highway" v="residential" /><tag k="name" v="3rd Road" /><tag k="oneway" v="no" /></way><way id="342" timestamp="2026-04-01T21:47:02Z" uid="1" user="OSMnx" version="1" changeset="1"><nd ref="347175185" /><nd ref="11043802706" /><tag k="highway" v="residential" /><tag k="name" v="St. Martin's Road" /><tag k="oneway" v="no" /></way><way id="343" timestamp="2026-04-01T21:47:02Z" uid="1" user="OSMnx" version="1" changeset="1"><nd ref="347175185" /><nd ref="1975048942" /><tag k="highway" v="residential" /><tag k="name" v="Dr. Raghunath Road" /><tag k="oneway" v="no" /></way><way id="344" timestamp="2026-04-01T21:47:02Z" uid="1" user="OSMnx" version="1" changeset="1"><nd ref="347176149" /><nd ref="2629418495" /><tag k="highway" v="tertiary" /><tag k="name" v="PG Kher Marg" /><tag k="oneway" v="no" /></way><way id="345" timestamp="2026-04-01T21:47:02Z" uid="1" user="OSMnx" version="1" changeset="1"><nd ref="347176149" /><nd ref="10878501990" /><tag k="highway" v="secondary" /><tag k="name" v="Linking Road" /><tag k="oneway" v="no" /></way><way id="346" timestamp="2026-04-01T21:47:02Z" uid="1" user="OSMnx" version="1" changeset="1"><nd ref="347176149" /><nd ref="1654363420" /><tag k="highway" v="tertiary" /><tag k="name" v="PG Kher Marg" /><tag k="oneway" v="no" /></way><way id="347" timestamp="2026-04-01T21:47:02Z" uid="1" user="OSMnx" version="1" changeset="1"><nd ref="347176820" /><nd ref="6590248275" /><tag k="highway" v="residential" /><tag k="oneway" v="no" /></way><way id="348" timestamp="2026-04-01T21:47:02Z" uid="1" user="OSMnx" version="1" changeset="1"><nd ref="347176820" /><nd ref="6489866777" /><tag k="highway" v="secondary" /><tag k="lanes" v="1" /><tag k="name" v="Gurunanak Marg" /><tag k="oneway" v="no" /></way><way id="349" timestamp="2026-04-01T21:47:02Z" uid="1" user="OSMnx" version="1" changeset="1"><nd ref="347178709" /><nd ref="347178712" /><tag k="highway" v="residential" /><tag k="name" v="28th Road" /><tag k="oneway" v="no" /></way><way id="350" timestamp="2026-04-01T21:47:02Z" uid="1" user="OSMnx" version="1" changeset="1"><nd ref="347178709" /><nd ref="5353822010" /><tag k="highway" v="tertiary" /><tag k="lanes" v="2" /><tag k="name" v="['RK Patkar Marg', 'RK Patkar Marg (Waterfield Road)']" /><tag k="oneway" v="no" /></way><way id="351" timestamp="2026-04-01T21:47:02Z" uid="1" user="OSMnx" version="1" changeset="1"><nd ref="347178712" /><nd ref="347178715" /><tag k="highway" v="residential" /><tag k="name" v="27th Road (Pandurang Ashram Marg)" /><tag k="oneway" v="no" /></way><way id="352" timestamp="2026-04-01T21:47:02Z" uid="1" user="OSMnx" version="1" changeset="1"><nd ref="347178715" /><nd ref="347179075" /><tag k="highway" v="residential" /><tag k="name" v="27th Road (Pandurang Ashram Marg)" /><tag k="oneway" v="no" /></way><way id="353" timestamp="2026-04-01T21:47:02Z" uid="1" user="OSMnx" version="1" changeset="1"><nd ref="347178799" /><nd ref="347178715" /><tag k="highway" v="residential" /><tag k="name" v="31st Road" /><tag k="oneway" v="no" /></way><way id="354" timestamp="2026-04-01T21:47:02Z" uid="1" user="OSMnx" version="1" changeset="1"><nd ref="347178799" /><nd ref="347179288" /><tag k="highway" v="secondary" /><tag k="name" v="Linking Road" /><tag k="oneway" v="no" /></way><way id="355" timestamp="2026-04-01T21:47:02Z" uid="1" user="OSMnx" version="1" changeset="1"><nd ref="347178928" /><nd ref="347178712" /><tag k="highway" v="residential" /><tag k="name" v="28th Road" /><tag k="oneway" v="no" /></way><way id="356" timestamp="2026-04-01T21:47:02Z" uid="1" user="OSMnx" version="1" changeset="1"><nd ref="347178928" /><nd ref="347178799" /><tag k="highway" v="secondary" /><tag k="name" v="Linking Road" /><tag k="oneway" v="no" /></way><way id="357" timestamp="2026-04-01T21:47:02Z" uid="1" user="OSMnx" version="1" changeset="1"><nd ref="347179075" /><nd ref="1468337691" /><tag k="highway" v="residential" /><tag k="name" v="30th Road (Dr KS Hedgewar Road)" /><tag k="oneway" v="no" /></way><way id="358" timestamp="2026-04-01T21:47:02Z" uid="1" user="OSMnx" version="1" changeset="1"><nd ref="347179288" /><nd ref="12926034665" /><tag k="highway" v="residential" /><tag k="name" v="30th Road (Dr KS Hedgewar Road)" /><tag k="oneway" v="no" /></way><way id="359" timestamp="2026-04-01T21:47:02Z" uid="1" user="OSMnx" version="1" changeset="1"><nd ref="347179288" /><nd ref="12926034666" /><tag k="highway" v="secondary" /><tag k="name" v="Linking Road" /><tag k="oneway" v="no" /></way><way id="360" timestamp="2026-04-01T21:47:02Z" uid="1" user="OSMnx" version="1" changeset="1"><nd ref="347179817" /><nd ref="347193221" /><tag k="highway" v="residential" /><tag k="name" v="Dr KS Hedgewar Road (30th Road)" /><tag k="oneway" v="no" /></way><way id="361" timestamp="2026-04-01T21:47:02Z" uid="1" user="OSMnx" version="1" changeset="1"><nd ref="347179817" /><nd ref="471584530" /><tag k="highway" v="residential" /><tag k="name" v="Padmashree Mohammed Rafi Marg (16th Road)" /><tag k="oneway" v="no" /></way><way id="362" timestamp="2026-04-01T21:47:02Z" uid="1" user="OSMnx" version="1" changeset="1"><nd ref="347180846" /><nd ref="347178709" /><tag k="highway" v="residential" /><tag k="lanes" v="2" /><tag k="name" v="28th Road" /><tag k="oneway" v="no" /></way><way id="363" timestamp="2026-04-01T21:47:02Z" uid="1" user="OSMnx" version="1" changeset="1"><nd ref="347180846" /><nd ref="471584533" /><tag k="highway" v="residential" /><tag k="name" v="25th Road" /><tag k="oneway" v="no" /></way><way id="364" timestamp="2026-04-01T21:47:02Z" uid="1" user="OSMnx" version="1" changeset="1"><nd ref="347181735" /><nd ref="347146492" /><tag k="highway" v="residential" /><tag k="lanes" v="1" /><tag k="maxspeed" v="20" /><tag k="name" v="D'monte Street" /><tag k="oneway" v="no" /></way><way id="365" timestamp="2026-04-01T21:47:02Z" uid="1" user="OSMnx" version="1" changeset="1"><nd ref="347181735" /><nd ref="4352203887" /><tag k="highway" v="residential" /><tag k="name" v="N Dayabhai Road" /><tag k="oneway" v="no" /></way><way id="366" timestamp="2026-04-01T21:47:02Z" uid="1" user="OSMnx" version="1" changeset="1"><nd ref="347181735" /><nd ref="347146491" /><tag k="highway" v="residential" /><tag k="oneway" v="no" /></way><way id="367" timestamp="2026-04-01T21:47:02Z" uid="1" user="OSMnx" version="1" changeset="1"><nd ref="347182456" /><nd ref="346620827" /><tag k="highway" v="tertiary" /><tag k="name" v="Waroda Road" /><tag k="oneway" v="no" /></way><way id="368" timestamp="2026-04-01T21:47:02Z" uid="1" user="OSMnx" version="1" changeset="1"><nd ref="347182456" /><nd ref="347182460" /><tag k="highway" v="living_street" /><tag k="name" v="Church Street" /><tag k="oneway" v="no" /></way><way id="369" timestamp="2026-04-01T21:47:02Z" uid="1" user="OSMnx" version="1" changeset="1"><nd ref="347182460" /><nd ref="357797398" /><tag k="highway" v="tertiary" /><tag k="lanes" v="1" /><tag k="name" v="Chapel Road" /><tag k="oneway" v="no" /></way><way id="370" timestamp="2026-04-01T21:47:02Z" uid="1" user="OSMnx" version="1" changeset="1"><nd ref="347184007" /><nd ref="472858907" /><tag k="highway" v="residential" /><tag k="name" v="St Roque Road" /><tag k="oneway" v="no" /></way><way id="371" timestamp="2026-04-01T21:47:02Z" uid="1" user="OSMnx" version="1" changeset="1"><nd ref="347184007" /><nd ref="10106787084" /><tag k="highway" v="residential" /><tag k="oneway" v="no" /></way><way id="372" timestamp="2026-04-01T21:47:02Z" uid="1" user="OSMnx" version="1" changeset="1"><nd ref="347185088" /><nd ref="347184698" /><tag k="highway" v="residential" /><tag k="maxspeed" v="15" /><tag k="name" v="Ice Factory Lane" /><tag k="oneway" v="no" /></way><way id="373" timestamp="2026-04-01T21:47:02Z" uid="1" user="OSMnx" version="1" changeset="1"><nd ref="347185453" /><nd ref="471581475" /><tag k="highway" v="residential" /><tag k="maxspeed" v="30" /><tag k="name" v="St. Dominic Road" /><tag k="oneway" v="no" /></way><way id="374" timestamp="2026-04-01T21:47:02Z" uid="1" user="OSMnx" version="1" changeset="1"><nd ref="347185453" /><nd ref="10882715563" /><tag k="highway" v="residential" /><tag k="name" v="D'Monte Road" /><tag k="oneway" v="no" /></way><way id="375" timestamp="2026-04-01T21:47:02Z" uid="1" user="OSMnx" version="1" changeset="1"><nd ref="347192305" /><nd ref="347192306" /><tag k="highway" v="tertiary" /><tag k="lanes" v="2" /><tag k="name" v="Dr. BR Ambedkar Road" /><tag k="oneway" v="no" /></way><way id="376" timestamp="2026-04-01T21:47:02Z" uid="1" user="OSMnx" version="1" changeset="1"><nd ref="347192306" /><nd ref="1975033498" /><tag k="highway" v="tertiary" /><tag k="name" v="33rd Road" /><tag k="oneway" v="no" /></way><way id="377" timestamp="2026-04-01T21:47:02Z" uid="1" user="OSMnx" version="1" changeset="1"><nd ref="347192306" /><nd ref="471556497" /><tag k="highway" v="tertiary" /><tag k="lanes" v="2" /><tag k="name" v="Dr. BR Ambedkar Road" /><tag k="oneway" v="no" /></way><way id="378" timestamp="2026-04-01T21:47:02Z" uid="1" user="OSMnx" version="1" changeset="1"><nd ref="347193221" /><nd ref="347193270" /><tag k="highway" v="residential" /><tag k="name" v="Dr KS Hedgewar Road (30th Road)" /><tag k="oneway" v="no" /></way><way id="379" timestamp="2026-04-01T21:47:02Z" uid="1" user="OSMnx" version="1" changeset="1"><nd ref="347193221" /><nd ref="471566318" /><tag k="highway" v="residential" /><tag k="name" v="15th Road" /><tag k="oneway" v="no" /></way><way id="380" timestamp="2026-04-01T21:47:02Z" uid="1" user="OSMnx" version="1" changeset="1"><nd ref="347193270" /><nd ref="471566261" /><tag k="highway" v="residential" /><tag k="name" v="14th Road" /><tag k="oneway" v="no" /></way><way id="381" timestamp="2026-04-01T21:47:02Z" uid="1" user="OSMnx" version="1" changeset="1"><nd ref="347193270" /><nd ref="347170699" /><tag k="highway" v="residential" /><tag k="name" v="Dr KS Hedgewar Road (30th Road)" /><tag k="oneway" v="no" /></way><way id="382" timestamp="2026-04-01T21:47:02Z" uid="1" user="OSMnx" version="1" changeset="1"><nd ref="347194068" /><nd ref="9979171948" /><tag k="highway" v="secondary" /><tag k="name" v="Linking Road" /><tag k="oneway" v="no" /></way><way id="383" timestamp="2026-04-01T21:47:02Z" uid="1" user="OSMnx" version="1" changeset="1"><nd ref="347194070" /><nd ref="2629418501" /><tag k="highway" v="tertiary" /><tag k="name" v="PD Hinduja Road (Khar Pali Road)" /><tag k="oneway" v="no" /></way><way id="384" timestamp="2026-04-01T21:47:02Z" uid="1" user="OSMnx" version="1" changeset="1"><nd ref="347194070" /><nd ref="6429718915" /><tag k="highway" v="secondary" /><tag k="name" v="Linking Road" /><tag k="oneway" v="no" /></way><way id="385" timestamp="2026-04-01T21:47:02Z" uid="1" user="OSMnx" version="1" changeset="1"><nd ref="347194745" /><nd ref="11031578721" /><tag k="highway" v="residential" /><tag k="name" v="17th Road" /><tag k="oneway" v="no" /></way><way id="386" timestamp="2026-04-01T21:47:02Z" uid="1" user="OSMnx" version="1" changeset="1"><nd ref="347194749" /><nd ref="3047087313" /><tag k="highway" v="tertiary" /><tag k="lanes" v="2" /><tag k="name" v="Dr. BR Ambedkar Road" /><tag k="oneway" v="no" /></way><way id="387" timestamp="2026-04-01T21:47:02Z" uid="1" user="OSMnx" version="1" changeset="1"><nd ref="347194749" /><nd ref="3803645241" /><tag k="highway" v="residential" /><tag k="name" v="Union Park Road" /><tag k="oneway" v="no" /></way><way id="388" timestamp="2026-04-01T21:47:02Z" uid="1" user="OSMnx" version="1" changeset="1"><nd ref="347195038" /><nd ref="526168563" /><tag k="highway" v="tertiary" /><tag k="lanes" v="2" /><tag k="name" v="Khau Galli" /><tag k="oneway" v="no" /></way><way id="389" timestamp="2026-04-01T21:47:02Z" uid="1" user="OSMnx" version="1" changeset="1"><nd ref="347195038" /><nd ref="348126978" /><tag k="highway" v="residential" /><tag k="oneway" v="no" /></way><way id="390" timestamp="2026-04-01T21:47:02Z" uid="1" user="OSMnx" version="1" changeset="1"><nd ref="347195199" /><nd ref="347195203" /><tag k="highway" v="tertiary" /><tag k="lanes" v="2" /><tag k="name" v="Dr BR Ambedkar Road" /><tag k="oneway" v="no" /></way><way id="391" timestamp="2026-04-01T21:47:02Z" uid="1" user="OSMnx" version="1" changeset="1"><nd ref="347195203" /><nd ref="347195204" /><tag k="highway" v="tertiary" /><tag k="lanes" v="2" /><tag k="name" v="Dr BR Ambedkar Road" /><tag k="oneway" v="no" /></way><way id="392" timestamp="2026-04-01T21:47:02Z" uid="1" user="OSMnx" version="1" changeset="1"><nd ref="347195203" /><nd ref="1642243276" /><tag k="highway" v="residential" /><tag k="name" v="20th Road, St.Elias Marg" /><tag k="oneway" v="no" /></way><way id="393" timestamp="2026-04-01T21:47:02Z" uid="1" user="OSMnx" version="1" changeset="1"><nd ref="347195204" /><nd ref="10926237361" /><tag k="highway" v="tertiary" /><tag k="lanes" v="2" /><tag k="name" v="Dr. BR Ambedkar Road" /><tag k="oneway" v="no" /></way><way id="394" timestamp="2026-04-01T21:47:02Z" uid="1" user="OSMnx" version="1" changeset="1"><nd ref="347197393" /><nd ref="4598737148" /><tag k="highway" v="residential" /><tag k="oneway" v="no" /></way><way id="395" timestamp="2026-04-01T21:47:02Z" uid="1" user="OSMnx" version="1" changeset="1"><nd ref="347197393" /><nd ref="347169483" /><tag k="highway" v="residential" /><tag k="name" v="Perry Cross Road" /><tag k="oneway" v="no" /></way><way id="396" timestamp="2026-04-01T21:47:02Z" uid="1" user="OSMnx" version="1" changeset="1"><nd ref="347276740" /><nd ref="13528565679" /><tag k="highway" v="residential" /><tag k="lanes" v="1" /><tag k="name" v="New Kantwadi Road" /><tag k="oneway" v="no" /></way><way id="397" timestamp="2026-04-01T21:47:02Z" uid="1" user="OSMnx" version="1" changeset="1"><nd ref="347276745" /><nd ref="4352220354" /><tag k="highway" v="residential" /><tag k="oneway" v="no" /></way><way id="398" timestamp="2026-04-01T21:47:02Z" uid="1" user="OSMnx" version="1" changeset="1"><nd ref="347276745" /><nd ref="347116059" /><tag k="highway" v="residential" /><tag k="name" v="New Kantwadi Road" /><tag k="oneway" v="no" /></way><way id="399" timestamp="2026-04-01T21:47:02Z" uid="1" user="OSMnx" version="1" changeset="1"><nd ref="348125127" /><nd ref="7298892222" /><tag k="highway" v="residential" /><tag k="name" v="Rizvi College Road" /><tag k="oneway" v="no" /></way><way id="400" timestamp="2026-04-01T21:47:02Z" uid="1" user="OSMnx" version="1" changeset="1"><nd ref="348125127" /><nd ref="10577255861" /><tag k="highway" v="residential" /><tag k="lanes" v="2" /><tag k="name" v="Graffiti Lane" /><tag k="oneway" v="no" /></way><way id="401" timestamp="2026-04-01T21:47:02Z" uid="1" user="OSMnx" version="1" changeset="1"><nd ref="348125132" /><nd ref="348125339" /><tag k="highway" v="residential" /><tag k="oneway" v="no" /></way><way id="402" timestamp="2026-04-01T21:47:02Z" uid="1" user="OSMnx" version="1" changeset="1"><nd ref="348125132" /><nd ref="348125339" /><tag k="highway" v="residential" /><tag k="name" v="Rizvi College Road" /><tag k="oneway" v="no" /></way><way id="403" timestamp="2026-04-01T21:47:02Z" uid="1" user="OSMnx" version="1" changeset="1"><nd ref="348125339" /><nd ref="2244797418" /><tag k="highway" v="residential" /><tag k="lanes" v="2" /><tag k="name" v="Sherly Rajan Road" /><tag k="oneway" v="no" /></way><way id="404" timestamp="2026-04-01T21:47:02Z" uid="1" user="OSMnx" version="1" changeset="1"><nd ref="348125344" /><nd ref="2244797367" /><tag k="highway" v="residential" /><tag k="lanes" v="2" /><tag k="name" v="Sherly Rajan Road" /><tag k="oneway" v="no" /></way><way id="405" timestamp="2026-04-01T21:47:02Z" uid="1" user="OSMnx" version="1" changeset="1"><nd ref="348125344" /><nd ref="348125902" /><tag k="highway" v="residential" /><tag k="oneway" v="no" /></way><way id="406" timestamp="2026-04-01T21:47:02Z" uid="1" user="OSMnx" version="1" changeset="1"><nd ref="348125902" /><nd ref="348125903" /><tag k="highway" v="residential" /><tag k="name" v="Munjra Street" /><tag k="oneway" v="no" /></way><way id="407" timestamp="2026-04-01T21:47:02Z" uid="1" user="OSMnx" version="1" changeset="1"><nd ref="348125902" /><nd ref="11137606769" /><tag k="highway" v="residential" /><tag k="name" v="Smokers lane" /><tag k="oneway" v="no" /></way><way id="408" timestamp="2026-04-01T21:47:02Z" uid="1" user="OSMnx" version="1" changeset="1"><nd ref="348125903" /><nd ref="11036688926" /><tag k="highway" v="residential" /><tag k="name" v="Munjra Street" /><tag k="oneway" v="no" /></way><way id="409" timestamp="2026-04-01T21:47:02Z" uid="1" user="OSMnx" version="1" changeset="1"><nd ref="348125903" /><nd ref="11036688923" /><tag k="highway" v="residential" /><tag k="name" v="Sufras Street" /><tag k="oneway" v="no" /></way><way id="410" timestamp="2026-04-01T21:47:02Z" uid="1" user="OSMnx" version="1" changeset="1"><nd ref="348126297" /><nd ref="10938889166" /><tag k="highway" v="residential" /><tag k="oneway" v="no" /></way><way id="411" timestamp="2026-04-01T21:47:02Z" uid="1" user="OSMnx" version="1" changeset="1"><nd ref="348126977" /><nd ref="7298892222" /><tag k="highway" v="residential" /><tag k="oneway" v="no" /></way><way id="412" timestamp="2026-04-01T21:47:02Z" uid="1" user="OSMnx" version="1" changeset="1"><nd ref="348126977" /><nd ref="13518714598" /><tag k="highway" v="residential" /><tag k="oneway" v="no" /></way><way id="413" timestamp="2026-04-01T21:47:02Z" uid="1" user="OSMnx" version="1" changeset="1"><nd ref="348126978" /><nd ref="348126977" /><tag k="highway" v="residential" /><tag k="oneway" v="no" /></way><way id="414" timestamp="2026-04-01T21:47:02Z" uid="1" user="OSMnx" version="1" changeset="1"><nd ref="348126978" /><nd ref="13518785211" /><tag k="highway" v="residential" /><tag k="oneway" v="no" /></way><way id="415" timestamp="2026-04-01T21:47:02Z" uid="1" user="OSMnx" version="1" changeset="1"><nd ref="348128217" /><nd ref="347171128" /><tag k="highway" v="residential" /><tag k="lanes" v="1" /><tag k="name" v="St. Andrews Road Extension" /><tag k="oneway" v="no" /></way><way id="416" timestamp="2026-04-01T21:47:02Z" uid="1" user="OSMnx" version="1" changeset="1"><nd ref="357797396" /><nd ref="11482187985" /><tag k="highway" v="residential" /><tag k="name" v="Veronica Road" /><tag k="oneway" v="no" /></way><way id="417" timestamp="2026-04-01T21:47:02Z" uid="1" user="OSMnx" version="1" changeset="1"><nd ref="357797396" /><nd ref="4310475420" /><tag k="highway" v="residential" /><tag k="oneway" v="no" /></way><way id="418" timestamp="2026-04-01T21:47:02Z" uid="1" user="OSMnx" version="1" changeset="1"><nd ref="357797398" /><nd ref="5494560187" /><tag k="highway" v="tertiary" /><tag k="lanes" v="1" /><tag k="name" v="Chapel Road" /><tag k="oneway" v="no" /></way><way id="419" timestamp="2026-04-01T21:47:02Z" uid="1" user="OSMnx" version="1" changeset="1"><nd ref="357798071" /><nd ref="2244797369" /><tag k="highway" v="residential" /><tag k="name" v="33rd Road" /><tag k="oneway" v="no" /></way><way id="420" timestamp="2026-04-01T21:47:02Z" uid="1" user="OSMnx" version="1" changeset="1"><nd ref="357798071" /><nd ref="2244797397" /><tag k="highway" v="residential" /><tag k="name" v="9th Road" /><tag k="oneway" v="no" /></way><way id="421" timestamp="2026-04-01T21:47:02Z" uid="1" user="OSMnx" version="1" changeset="1"><nd ref="357798071" /><nd ref="1975073674" /><tag k="highway" v="residential" /><tag k="name" v="7th Road" /><tag k="oneway" v="no" /></way><way id="422" timestamp="2026-04-01T21:47:02Z" uid="1" user="OSMnx" version="1" changeset="1"><nd ref="357798218" /><nd ref="471569256" /><tag k="highway" v="residential" /><tag k="name" v="1st Road" /><tag k="oneway" v="no" /></way><way id="423" timestamp="2026-04-01T21:47:02Z" uid="1" user="OSMnx" version="1" changeset="1"><nd ref="357798218" /><nd ref="357798621" /><tag k="highway" v="residential" /><tag k="name" v="3rd Road" /><tag k="oneway" v="no" /></way><way id="424" timestamp="2026-04-01T21:47:02Z" uid="1" user="OSMnx" version="1" changeset="1"><nd ref="357798246" /><nd ref="471570103" /><tag k="highway" v="residential" /><tag k="name" v="5th Road" /><tag k="oneway" v="no" /></way><way id="425" timestamp="2026-04-01T21:47:02Z" uid="1" user="OSMnx" version="1" changeset="1"><nd ref="357798246" /><nd ref="357798218" /><tag k="highway" v="residential" /><tag k="name" v="1st Road" /><tag k="oneway" v="no" /></way><way id="426" timestamp="2026-04-01T21:47:02Z" uid="1" user="OSMnx" version="1" changeset="1"><nd ref="357798382" /><nd ref="471554052" /><tag k="highway" v="residential" /><tag k="name" v="5th Road" /><tag k="oneway" v="no" /></way><way id="427" timestamp="2026-04-01T21:47:02Z" uid="1" user="OSMnx" version="1" changeset="1"><nd ref="357798384" /><nd ref="1936355393" /><tag k="highway" v="tertiary" /><tag k="name" v="Ramrao Nayak Marg" /><tag k="oneway" v="no" /></way><way id="428" timestamp="2026-04-01T21:47:02Z" uid="1" user="OSMnx" version="1" changeset="1"><nd ref="357798384" /><nd ref="357798382" /><tag k="highway" v="residential" /><tag k="name" v="5th Road" /><tag k="oneway" v="no" /></way><way id="429" timestamp="2026-04-01T21:47:02Z" uid="1" user="OSMnx" version="1" changeset="1"><nd ref="357798426" /><nd ref="357798382" /><tag k="highway" v="residential" /><tag k="name" v="3rd Cross Road" /><tag k="oneway" v="no" /></way><way id="430" timestamp="2026-04-01T21:47:02Z" uid="1" user="OSMnx" version="1" changeset="1"><nd ref="357798426" /><nd ref="357798619" /><tag k="highway" v="residential" /><tag k="name" v="4th Road" /><tag k="oneway" v="no" /></way><way id="431" timestamp="2026-04-01T21:47:02Z" uid="1" user="OSMnx" version="1" changeset="1"><nd ref="357798619" /><nd ref="471554052" /><tag k="highway" v="tertiary" /><tag k="name" v="Chitrakar Durandhar Road (2nd Road)" /><tag k="oneway" v="no" /></way><way id="432" timestamp="2026-04-01T21:47:02Z" uid="1" user="OSMnx" version="1" changeset="1"><nd ref="357798621" /><nd ref="357798619" /><tag k="highway" v="tertiary" /><tag k="name" v="Chitrakar Durandhar Road (2nd Road)" /><tag k="oneway" v="no" /></way><way id="433" timestamp="2026-04-01T21:47:02Z" uid="1" user="OSMnx" version="1" changeset="1"><nd ref="357798623" /><nd ref="357798426" /><tag k="highway" v="residential" /><tag k="name" v="3rd Cross Road" /><tag k="oneway" v="no" /></way><way id="434" timestamp="2026-04-01T21:47:02Z" uid="1" user="OSMnx" version="1" changeset="1"><nd ref="357798623" /><nd ref="357798621" /><tag k="highway" v="tertiary" /><tag k="name" v="Chitrakar Durandhar Road (2nd Road)" /><tag k="oneway" v="no" /></way><way id="435" timestamp="2026-04-01T21:47:02Z" uid="1" user="OSMnx" version="1" changeset="1"><nd ref="357798628" /><nd ref="357798681" /><tag k="highway" v="tertiary" /><tag k="name" v="Ramrao Nayak Marg" /><tag k="oneway" v="no" /></way><way id="436" timestamp="2026-04-01T21:47:02Z" uid="1" user="OSMnx" version="1" changeset="1"><nd ref="357798628" /><nd ref="473612070" /><tag k="highway" v="tertiary" /><tag k="name" v="Chitrakar Durandhar Road (2nd Road)" /><tag k="oneway" v="no" /></way><way id="437" timestamp="2026-04-01T21:47:02Z" uid="1" user="OSMnx" version="1" changeset="1"><nd ref="357798629" /><nd ref="357798628" /><tag k="highway" v="tertiary" /><tag k="name" v="Chitrakar Durandhar Road (2nd Road)" /><tag k="oneway" v="no" /></way><way id="438" timestamp="2026-04-01T21:47:02Z" uid="1" user="OSMnx" version="1" changeset="1"><nd ref="357798629" /><nd ref="357798681" /><tag k="highway" v="tertiary" /><tag k="name" v="4th Road" /><tag k="oneway" v="no" /></way><way id="439" timestamp="2026-04-01T21:47:02Z" uid="1" user="OSMnx" version="1" changeset="1"><nd ref="357798681" /><nd ref="357798426" /><tag k="highway" v="residential" /><tag k="name" v="4th Road" /><tag k="oneway" v="no" /></way><way id="440" timestamp="2026-04-01T21:47:02Z" uid="1" user="OSMnx" version="1" changeset="1"><nd ref="357798681" /><nd ref="357798384" /><tag k="highway" v="tertiary" /><tag k="name" v="Ramrao Nayak Marg" /><tag k="oneway" v="no" /></way><way id="441" timestamp="2026-04-01T21:47:02Z" uid="1" user="OSMnx" version="1" changeset="1"><nd ref="471550921" /><nd ref="245667479" /><tag k="highway" v="tertiary" /><tag k="name" v="Chitrakar Durandhar Road (2nd Road)" /><tag k="oneway" v="no" /></way><way id="442" timestamp="2026-04-01T21:47:02Z" uid="1" user="OSMnx" version="1" changeset="1"><nd ref="471550922" /><nd ref="245667480" /><tag k="highway" v="tertiary" /><tag k="name" v="Chitrakar Durandhar Road (2nd Road)" /><tag k="oneway" v="no" /></way><way id="443" timestamp="2026-04-01T21:47:02Z" uid="1" user="OSMnx" version="1" changeset="1"><nd ref="471550922" /><nd ref="471550926" /><tag k="highway" v="tertiary" /><tag k="name" v="Chitrakar Durandhar Road (2nd Road)" /><tag k="oneway" v="no" /></way><way id="444" timestamp="2026-04-01T21:47:02Z" uid="1" user="OSMnx" version="1" changeset="1"><nd ref="471550926" /><nd ref="3803645240" /><tag k="highway" v="residential" /><tag k="name" v="11th Road" /><tag k="oneway" v="no" /></way><way id="445" timestamp="2026-04-01T21:47:02Z" uid="1" user="OSMnx" version="1" changeset="1"><nd ref="471550926" /><nd ref="471550921" /><tag k="highway" v="tertiary" /><tag k="name" v="Chitrakar Durandhar Road (2nd Road)" /><tag k="oneway" v="no" /></way><way id="446" timestamp="2026-04-01T21:47:02Z" uid="1" user="OSMnx" version="1" changeset="1"><nd ref="471553751" /><nd ref="357798629" /><tag k="highway" v="tertiary" /><tag k="name" v="Chitrakar Durandhar Road (2nd Road)" /><tag k="oneway" v="no" /></way><way id="447" timestamp="2026-04-01T21:47:02Z" uid="1" user="OSMnx" version="1" changeset="1"><nd ref="471553751" /><nd ref="357798384" /><tag k="highway" v="residential" /><tag k="name" v="5th Road" /><tag k="oneway" v="no" /></way><way id="448" timestamp="2026-04-01T21:47:02Z" uid="1" user="OSMnx" version="1" changeset="1"><nd ref="471553752" /><nd ref="471553751" /><tag k="highway" v="residential" /><tag k="name" v="5th Road" /><tag k="oneway" v="no" /></way><way id="449" timestamp="2026-04-01T21:47:02Z" uid="1" user="OSMnx" version="1" changeset="1"><nd ref="471553752" /><nd ref="13478797530" /><tag k="highway" v="residential" /><tag k="oneway" v="no" /></way><way id="450" timestamp="2026-04-01T21:47:02Z" uid="1" user="OSMnx" version="1" changeset="1"><nd ref="471553753" /><nd ref="357798629" /><tag k="highway" v="tertiary" /><tag k="name" v="4th Road" /><tag k="oneway" v="no" /></way><way id="451" timestamp="2026-04-01T21:47:02Z" uid="1" user="OSMnx" version="1" changeset="1"><nd ref="471553753" /><nd ref="471553752" /><tag k="highway" v="residential" /><tag k="name" v="5th Road" /><tag k="oneway" v="no" /></way><way id="452" timestamp="2026-04-01T21:47:02Z" uid="1" user="OSMnx" version="1" changeset="1"><nd ref="471554052" /><nd ref="1936355384" /><tag k="highway" v="tertiary" /><tag k="name" v="Chitrakar Durandhar Road (2nd Road)" /><tag k="oneway" v="no" /></way><way id="453" timestamp="2026-04-01T21:47:02Z" uid="1" user="OSMnx" version="1" changeset="1"><nd ref="471554052" /><nd ref="357798246" /><tag k="highway" v="residential" /><tag k="name" v="5th Road" /><tag k="oneway" v="no" /></way><way id="454" timestamp="2026-04-01T21:47:02Z" uid="1" user="OSMnx" version="1" changeset="1"><nd ref="471554800" /><nd ref="245667331" /><tag k="highway" v="tertiary" /><tag k="name" v="Ramrao Nayak Marg" /><tag k="oneway" v="no" /></way><way id="455" timestamp="2026-04-01T21:47:02Z" uid="1" user="OSMnx" version="1" changeset="1"><nd ref="471554800" /><nd ref="245667457" /><tag k="highway" v="primary" /><tag k="name" v="Swami Vivekanand Road" /><tag k="oneway" v="no" /></way><way id="456" timestamp="2026-04-01T21:47:02Z" uid="1" user="OSMnx" version="1" changeset="1"><nd ref="471555694" /><nd ref="347194070" /><tag k="highway" v="tertiary" /><tag k="name" v="PD Hinduja Road (Khar Pali Road)" /><tag k="oneway" v="no" /></way><way id="457" timestamp="2026-04-01T21:47:02Z" uid="1" user="OSMnx" version="1" changeset="1"><nd ref="471555694" /><nd ref="13521371103" /><tag k="highway" v="residential" /><tag k="oneway" v="no" /></way><way id="458" timestamp="2026-04-01T21:47:02Z" uid="1" user="OSMnx" version="1" changeset="1"><nd ref="471556494" /><nd ref="11497379659" /><tag k="highway" v="secondary" /><tag k="name" v="Linking Road" /><tag k="oneway" v="no" /></way><way id="459" timestamp="2026-04-01T21:47:02Z" uid="1" user="OSMnx" version="1" changeset="1"><nd ref="471556494" /><nd ref="245667366" /><tag k="highway" v="residential" /><tag k="lanes" v="2" /><tag k="name" v="13th Road" /><tag k="oneway" v="no" /></way><way id="460" timestamp="2026-04-01T21:47:02Z" uid="1" user="OSMnx" version="1" changeset="1"><nd ref="471556495" /><nd ref="471566313" /><tag k="highway" v="residential" /><tag k="name" v="Padmashree Mohammed Rafi Marg (16th Road)" /><tag k="oneway" v="no" /></way><way id="461" timestamp="2026-04-01T21:47:02Z" uid="1" user="OSMnx" version="1" changeset="1"><nd ref="471556495" /><nd ref="9979171945" /><tag k="highway" v="tertiary" /><tag k="name" v="PD Hinduja Road (Khar Pali Road)" /><tag k="oneway" v="no" /></way><way id="462" timestamp="2026-04-01T21:47:02Z" uid="1" user="OSMnx" version="1" changeset="1"><nd ref="471556496" /><nd ref="471556497" /><tag k="highway" v="tertiary" /><tag k="name" v="PD Hinduja Road (Khar Pali Road)" /><tag k="oneway" v="no" /></way><way id="463" timestamp="2026-04-01T21:47:02Z" uid="1" user="OSMnx" version="1" changeset="1"><nd ref="471556497" /><nd ref="622395134" /><tag k="highway" v="tertiary" /><tag k="lanes" v="2" /><tag k="name" v="Dr. BR Ambedkar Road" /><tag k="oneway" v="no" /></way><way id="464" timestamp="2026-04-01T21:47:02Z" uid="1" user="OSMnx" version="1" changeset="1"><nd ref="471566261" /><nd ref="471566305" /><tag k="highway" v="tertiary" /><tag k="name" v="33rd Road" /><tag k="oneway" v="no" /></way><way id="465" timestamp="2026-04-01T21:47:02Z" uid="1" user="OSMnx" version="1" changeset="1"><nd ref="471566261" /><nd ref="471566263" /><tag k="highway" v="residential" /><tag k="name" v="14th Road" /><tag k="oneway" v="no" /></way><way id="466" timestamp="2026-04-01T21:47:02Z" uid="1" user="OSMnx" version="1" changeset="1"><nd ref="471566263" /><nd ref="9979171952" /><tag k="highway" v="residential" /><tag k="name" v="14th Road" /><tag k="oneway" v="no" /></way><way id="467" timestamp="2026-04-01T21:47:02Z" uid="1" user="OSMnx" version="1" changeset="1"><nd ref="471566263" /><nd ref="9979171951" /><tag k="highway" v="tertiary" /><tag k="name" v="PD Hinduja Road (Khar Pali Road)" /><tag k="oneway" v="no" /></way><way id="468" timestamp="2026-04-01T21:47:02Z" uid="1" user="OSMnx" version="1" changeset="1"><nd ref="471566278" /><nd ref="9979171947" /><tag k="highway" v="tertiary" /><tag k="name" v="PD Hinduja Road (Khar Pali Road)" /><tag k="oneway" v="no" /></way><way id="469" timestamp="2026-04-01T21:47:02Z" uid="1" user="OSMnx" version="1" changeset="1"><nd ref="471566278" /><nd ref="9979171946" /><tag k="highway" v="residential" /><tag k="oneway" v="no" /></way><way id="470" timestamp="2026-04-01T21:47:02Z" uid="1" user="OSMnx" version="1" changeset="1"><nd ref="471566278" /><nd ref="245667399" /><tag k="highway" v="residential" /><tag k="name" v="15th Road" /><tag k="oneway" v="no" /></way><way id="471" timestamp="2026-04-01T21:47:02Z" uid="1" user="OSMnx" version="1" changeset="1"><nd ref="471566285" /><nd ref="9979171964" /><tag k="highway" v="primary" /><tag k="name" v="Swami Vivekanand Road" /><tag k="oneway" v="no" /></way><way id="472" timestamp="2026-04-01T21:47:02Z" uid="1" user="OSMnx" version="1" changeset="1"><nd ref="471566285" /><nd ref="13523554735" /><tag k="highway" v="residential" /><tag k="oneway" v="no" /></way><way id="473" timestamp="2026-04-01T21:47:02Z" uid="1" user="OSMnx" version="1" changeset="1"><nd ref="471566289" /><nd ref="2244797174" /><tag k="highway" v="residential" /><tag k="name" v="Dr KS Hedgewar Road (30th Road)" /><tag k="oneway" v="no" /></way><way id="474" timestamp="2026-04-01T21:47:02Z" uid="1" user="OSMnx" version="1" changeset="1"><nd ref="471566289" /><nd ref="347169739" /><tag k="highway" v="tertiary" /><tag k="lanes" v="2" /><tag k="name" v="Dr. BR Ambedkar Road" /><tag k="oneway" v="no" /></way><way id="475" timestamp="2026-04-01T21:47:02Z" uid="1" user="OSMnx" version="1" changeset="1"><nd ref="471566294" /><nd ref="1468337691" /><tag k="highway" v="residential" /><tag k="name" v="Dr KS Hedgewar Road (30th Road)" /><tag k="oneway" v="no" /></way><way id="476" timestamp="2026-04-01T21:47:02Z" uid="1" user="OSMnx" version="1" changeset="1"><nd ref="471566294" /><nd ref="245666187" /><tag k="highway" v="residential" /><tag k="lanes" v="2" /><tag k="name" v="26th Road (Sumatilal Manilal Shah Marg)" /><tag k="oneway" v="no" /></way><way id="477" timestamp="2026-04-01T21:47:02Z" uid="1" user="OSMnx" version="1" changeset="1"><nd ref="471566305" /><nd ref="471566319" /><tag k="highway" v="tertiary" /><tag k="name" v="33rd Road" /><tag k="oneway" v="no" /></way><way id="478" timestamp="2026-04-01T21:47:02Z" uid="1" user="OSMnx" version="1" changeset="1"><nd ref="471566305" /><nd ref="471570073" /><tag k="highway" v="residential" /><tag k="name" v="24th Road (St. Theresa's Road)" /><tag k="oneway" v="no" /></way><way id="479" timestamp="2026-04-01T21:47:02Z" uid="1" user="OSMnx" version="1" changeset="1"><nd ref="471566313" /><nd ref="10198782962" /><tag k="highway" v="residential" /><tag k="name" v="Padmashree Mohammed Rafi Marg (16th Road)" /><tag k="oneway" v="no" /></way><way id="480" timestamp="2026-04-01T21:47:02Z" uid="1" user="OSMnx" version="1" changeset="1"><nd ref="471566313" /><nd ref="471566318" /><tag k="highway" v="tertiary" /><tag k="name" v="33rd Road" /><tag k="oneway" v="no" /></way><way id="481" timestamp="2026-04-01T21:47:02Z" uid="1" user="OSMnx" version="1" changeset="1"><nd ref="471566318" /><nd ref="471566261" /><tag k="highway" v="tertiary" /><tag k="name" v="33rd Road" /><tag k="oneway" v="no" /></way><way id="482" timestamp="2026-04-01T21:47:02Z" uid="1" user="OSMnx" version="1" changeset="1"><nd ref="471566318" /><nd ref="9979171946" /><tag k="highway" v="residential" /><tag k="name" v="15th Road" /><tag k="oneway" v="no" /></way><way id="483" timestamp="2026-04-01T21:47:02Z" uid="1" user="OSMnx" version="1" changeset="1"><nd ref="471566319" /><nd ref="5887563940" /><tag k="highway" v="secondary" /><tag k="name" v="Linking Road" /><tag k="oneway" v="no" /></way><way id="484" timestamp="2026-04-01T21:47:02Z" uid="1" user="OSMnx" version="1" changeset="1"><nd ref="471570065" /><nd ref="3803645207" /><tag k="highway" v="residential" /><tag k="name" v="3rd Road" /><tag k="oneway" v="no" /></way><way id="485" timestamp="2026-04-01T21:47:02Z" uid="1" user="OSMnx" version="1" changeset="1"><nd ref="471570073" /><nd ref="245666187" /><tag k="highway" v="residential" /><tag k="name" v="32nd Road" /><tag k="oneway" v="no" /></way><way id="486" timestamp="2026-04-01T21:47:02Z" uid="1" user="OSMnx" version="1" changeset="1"><nd ref="471581474" /><nd ref="346633216" /><tag k="highway" v="residential" /><tag k="name" v="St. Andrews Road" /><tag k="oneway" v="no" /></way><way id="487" timestamp="2026-04-01T21:47:02Z" uid="1" user="OSMnx" version="1" changeset="1"><nd ref="471581475" /><nd ref="471581474" /><tag k="highway" v="residential" /><tag k="name" v="St. Andrews Road" /><tag k="oneway" v="no" /></way><way id="488" timestamp="2026-04-01T21:47:02Z" uid="1" user="OSMnx" version="1" changeset="1"><nd ref="471581475" /><nd ref="471586471" /><tag k="highway" v="residential" /><tag k="maxspeed" v="30" /><tag k="name" v="St. Dominic Road" /><tag k="oneway" v="no" /></way><way id="489" timestamp="2026-04-01T21:47:02Z" uid="1" user="OSMnx" version="1" changeset="1"><nd ref="471581476" /><nd ref="13520933670" /><tag k="highway" v="secondary" /><tag k="lanes" v="2" /><tag k="maxspeed" v="30" /><tag k="name" v="Manuel Gonsalves Road" /><tag k="oneway" v="no" /></way><way id="490" timestamp="2026-04-01T21:47:02Z" uid="1" user="OSMnx" version="1" changeset="1"><nd ref="471581476" /><nd ref="5372158169" /><tag k="highway" v="residential" /><tag k="name" v="7th Road" /><tag k="oneway" v="no" /></way><way id="491" timestamp="2026-04-01T21:47:02Z" uid="1" user="OSMnx" version="1" changeset="1"><nd ref="471582045" /><nd ref="347171533" /><tag k="highway" v="residential" /><tag k="name" v="St. Cyril Road Extension" /><tag k="oneway" v="no" /></way><way id="492" timestamp="2026-04-01T21:47:02Z" uid="1" user="OSMnx" version="1" changeset="1"><nd ref="471582045" /><nd ref="347171126" /><tag k="highway" v="residential" /><tag k="name" v="Convent Road" /><tag k="oneway" v="no" /></way><way id="493" timestamp="2026-04-01T21:47:02Z" uid="1" user="OSMnx" version="1" changeset="1"><nd ref="471584530" /><nd ref="2173585387" /><tag k="highway" v="residential" /><tag k="name" v="Padmashree Mohammed Rafi Marg (16th Road)" /><tag k="oneway" v="no" /></way><way id="494" timestamp="2026-04-01T21:47:02Z" uid="1" user="OSMnx" version="1" changeset="1"><nd ref="471584530" /><nd ref="347169923" /><tag k="highway" v="residential" /><tag k="name" v="29th Road" /><tag k="oneway" v="no" /></way><way id="495" timestamp="2026-04-01T21:47:02Z" uid="1" user="OSMnx" version="1" changeset="1"><nd ref="471584531" /><nd ref="923872557" /><tag k="highway" v="residential" /><tag k="name" v="29th Road" /><tag k="oneway" v="no" /></way><way id="496" timestamp="2026-04-01T21:47:02Z" uid="1" user="OSMnx" version="1" changeset="1"><nd ref="471584531" /><nd ref="347170699" /><tag k="highway" v="residential" /><tag k="name" v="24th Road (St. Theresa's Road)" /><tag k="oneway" v="no" /></way><way id="497" timestamp="2026-04-01T21:47:02Z" uid="1" user="OSMnx" version="1" changeset="1"><nd ref="471584533" /><nd ref="471584531" /><tag k="highway" v="residential" /><tag k="name" v="29th Road" /><tag k="oneway" v="no" /></way><way id="498" timestamp="2026-04-01T21:47:02Z" uid="1" user="OSMnx" version="1" changeset="1"><nd ref="471586454" /><nd ref="347115650" /><tag k="highway" v="secondary" /><tag k="lanes" v="2" /><tag k="name" v="Perry Road" /><tag k="oneway" v="no" /></way><way id="499" timestamp="2026-04-01T21:47:02Z" uid="1" user="OSMnx" version="1" changeset="1"><nd ref="471586454" /><nd ref="10882715565" /><tag k="highway" v="residential" /><tag k="name" v="St. Leo Road" /><tag k="oneway" v="no" /></way><way id="500" timestamp="2026-04-01T21:47:02Z" uid="1" user="OSMnx" version="1" changeset="1"><nd ref="471586471" /><nd ref="347112990" /><tag k="highway" v="residential" /><tag k="maxspeed" v="30" /><tag k="name" v="St. Dominic Road" /><tag k="oneway" v="no" /></way><way id="501" timestamp="2026-04-01T21:47:02Z" uid="1" user="OSMnx" version="1" changeset="1"><nd ref="471587920" /><nd ref="10882715566" /><tag k="highway" v="residential" /><tag k="name" v="St. Cyril Road" /><tag k="oneway" v="no" /></way><way id="502" timestamp="2026-04-01T21:47:02Z" uid="1" user="OSMnx" version="1" changeset="1"><nd ref="471587922" /><nd ref="13520933664" /><tag k="highway" v="secondary" /><tag k="lanes" v="2" /><tag k="maxspeed" v="30" /><tag k="name" v="Manuel Gonsalves Road" /><tag k="oneway" v="no" /></way><way id="503" timestamp="2026-04-01T21:47:02Z" uid="1" user="OSMnx" version="1" changeset="1"><nd ref="471587922" /><nd ref="10882727462" /><tag k="highway" v="residential" /><tag k="name" v="St. Anthony Road" /><tag k="oneway" v="no" /></way><way id="504" timestamp="2026-04-01T21:47:02Z" uid="1" user="OSMnx" version="1" changeset="1"><nd ref="471589564" /><nd ref="5353822013" /><tag k="highway" v="residential" /><tag k="oneway" v="no" /></way><way id="505" timestamp="2026-04-01T21:47:02Z" uid="1" user="OSMnx" version="1" changeset="1"><nd ref="471589564" /><nd ref="10882715558" /><tag k="highway" v="secondary" /><tag k="lanes" v="1" /><tag k="name" v="Gurunanak Marg" /><tag k="oneway" v="no" /></way><way id="506" timestamp="2026-04-01T21:47:02Z" uid="1" user="OSMnx" version="1" changeset="1"><nd ref="471591704" /><nd ref="347112674" /><tag k="highway" v="residential" /><tag k="name" v="Almeida Park Road" /><tag k="oneway" v="no" /></way><way id="507" timestamp="2026-04-01T21:47:02Z" uid="1" user="OSMnx" version="1" changeset="1"><nd ref="471591704" /><nd ref="13523657584" /><tag k="highway" v="residential" /><tag k="name" v="1st Road" /><tag k="oneway" v="no" /></way><way id="508" timestamp="2026-04-01T21:47:02Z" uid="1" user="OSMnx" version="1" changeset="1"><nd ref="471591705" /><nd ref="471591706" /><tag k="highway" v="tertiary" /><tag k="name" v="RK Patkar Marg" /><tag k="oneway" v="no" /></way><way id="509" timestamp="2026-04-01T21:47:02Z" uid="1" user="OSMnx" version="1" changeset="1"><nd ref="471591706" /><nd ref="2247989258" /><tag k="highway" v="tertiary" /><tag k="name" v="RK Patkar Marg" /><tag k="oneway" v="no" /></way><way id="510" timestamp="2026-04-01T21:47:02Z" uid="1" user="OSMnx" version="1" changeset="1"><nd ref="471591707" /><nd ref="347115324" /><tag k="highway" v="secondary" /><tag k="lanes" v="1" /><tag k="name" v="Gurunanak Marg" /><tag k="oneway" v="no" /></way><way id="511" timestamp="2026-04-01T21:47:02Z" uid="1" user="OSMnx" version="1" changeset="1"><nd ref="471591707" /><nd ref="471591705" /><tag k="highway" v="tertiary" /><tag k="lanes" v="2" /><tag k="name" v="['RK Patkar Marg', 'RK Patkar Marg (Waterfield Road)']" /><tag k="oneway" v="no" /></way><way id="512" timestamp="2026-04-01T21:47:02Z" uid="1" user="OSMnx" version="1" changeset="1"><nd ref="472840749" /><nd ref="9681688974" /><tag k="highway" v="secondary" /><tag k="name" v="Mehboob Kahn Chowk" /><tag k="oneway" v="no" /></way><way id="513" timestamp="2026-04-01T21:47:02Z" uid="1" user="OSMnx" version="1" changeset="1"><nd ref="472840749" /><nd ref="13009284666" /><tag k="highway" v="secondary" /><tag k="name" v="Hill Road" /><tag k="oneway" v="no" /></way><way id="514" timestamp="2026-04-01T21:47:02Z" uid="1" user="OSMnx" version="1" changeset="1"><nd ref="472858907" /><nd ref="2031470945" /><tag k="highway" v="secondary" /><tag k="name" v="Mount Carmel Road" /><tag k="oneway" v="no" /></way><way id="515" timestamp="2026-04-01T21:47:02Z" uid="1" user="OSMnx" version="1" changeset="1"><nd ref="473612070" /><nd ref="357798623" /><tag k="highway" v="tertiary" /><tag k="name" v="Chitrakar Durandhar Road (2nd Road)" /><tag k="oneway" v="no" /></way><way id="516" timestamp="2026-04-01T21:47:02Z" uid="1" user="OSMnx" version="1" changeset="1"><nd ref="473616484" /><nd ref="245668145" /><tag k="highway" v="residential" /><tag k="oneway" v="no" /></way><way id="517" timestamp="2026-04-01T21:47:02Z" uid="1" user="OSMnx" version="1" changeset="1"><nd ref="475733395" /><nd ref="245668247" /><tag k="highway" v="residential" /><tag k="name" v="Sarojini Road" /><tag k="oneway" v="no" /></way><way id="518" timestamp="2026-04-01T21:47:02Z" uid="1" user="OSMnx" version="1" changeset="1"><nd ref="475736065" /><nd ref="245667930" /><tag k="highway" v="tertiary" /><tag k="name" v="Ramakrishna Mission Road" /><tag k="oneway" v="no" /></way><way id="519" timestamp="2026-04-01T21:47:02Z" uid="1" user="OSMnx" version="1" changeset="1"><nd ref="475785272" /><nd ref="245667816" /><tag k="highway" v="residential" /><tag k="name" v="Chuim Village Road" /><tag k="oneway" v="no" /></way><way id="520" timestamp="2026-04-01T21:47:02Z" uid="1" user="OSMnx" version="1" changeset="1"><nd ref="475785272" /><nd ref="12298747861" /><tag k="highway" v="residential" /><tag k="oneway" v="no" /></way><way id="521" timestamp="2026-04-01T21:47:02Z" uid="1" user="OSMnx" version="1" changeset="1"><nd ref="498661100" /><nd ref="347197290" /><tag k="highway" v="residential" /><tag k="name" v="Nargis Dutt Road" /><tag k="oneway" v="no" /></way><way id="522" timestamp="2026-04-01T21:47:02Z" uid="1" user="OSMnx" version="1" changeset="1"><nd ref="498668271" /><nd ref="5269393012" /><tag k="highway" v="residential" /><tag k="lanes" v="2" /><tag k="name" v="Sherly Rajan Road" /><tag k="oneway" v="no" /></way><way id="523" timestamp="2026-04-01T21:47:02Z" uid="1" user="OSMnx" version="1" changeset="1"><nd ref="498668271" /><nd ref="498668275" /><tag k="highway" v="residential" /><tag k="lanes" v="1" /><tag k="name" v="St Anne's Road" /><tag k="oneway" v="no" /></way><way id="524" timestamp="2026-04-01T21:47:02Z" uid="1" user="OSMnx" version="1" changeset="1"><nd ref="526168563" /><nd ref="7298842020" /><tag k="highway" v="tertiary" /><tag k="lanes" v="2" /><tag k="name" v="Khau Galli" /><tag k="oneway" v="no" /></way><way id="525" timestamp="2026-04-01T21:47:02Z" uid="1" user="OSMnx" version="1" changeset="1"><nd ref="526168563" /><nd ref="10082236383" /><tag k="highway" v="residential" /><tag k="name" v="YMCA Road" /><tag k="oneway" v="no" /></way><way id="526" timestamp="2026-04-01T21:47:02Z" uid="1" user="OSMnx" version="1" changeset="1"><nd ref="537791259" /><nd ref="10882715562" /><tag k="highway" v="tertiary" /><tag k="name" v="St. Paul Road" /><tag k="oneway" v="no" /></way><way id="527" timestamp="2026-04-01T21:47:02Z" uid="1" user="OSMnx" version="1" changeset="1"><nd ref="537791262" /><nd ref="4352220333" /><tag k="highway" v="tertiary" /><tag k="name" v="St. Paul Road" /><tag k="oneway" v="no" /></way><way id="528" timestamp="2026-04-01T21:47:02Z" uid="1" user="OSMnx" version="1" changeset="1"><nd ref="556803856" /><nd ref="1641761947" /><tag k="highway" v="tertiary" /><tag k="lanes" v="2" /><tag k="name" v="Khau Galli" /><tag k="oneway" v="no" /></way><way id="529" timestamp="2026-04-01T21:47:02Z" uid="1" user="OSMnx" version="1" changeset="1"><nd ref="556803856" /><nd ref="10082236380" /><tag k="highway" v="residential" /><tag k="name" v="Road No 5" /><tag k="oneway" v="no" /></way><way id="530" timestamp="2026-04-01T21:47:02Z" uid="1" user="OSMnx" version="1" changeset="1"><nd ref="615517868" /><nd ref="9198800273" /><tag k="highway" v="residential" /><tag k="lanes" v="2" /><tag k="maxspeed" v="20" /><tag k="name" v="Kadeshwari Mandir Marg" /><tag k="oneway" v="no" /></way><way id="531" timestamp="2026-04-01T21:47:02Z" uid="1" user="OSMnx" version="1" changeset="1"><nd ref="615517868" /><nd ref="2247989020" /><tag k="highway" v="residential" /><tag k="lanes" v="1" /><tag k="maxspeed" v="20" /><tag k="name" v="Kadeshwari Mandir Marg" /><tag k="oneway" v="no" /></way><way id="532" timestamp="2026-04-01T21:47:02Z" uid="1" user="OSMnx" version="1" changeset="1"><nd ref="622395125" /><nd ref="9979171944" /><tag k="highway" v="residential" /><tag k="name" v="Padmashree Mohammed Rafi Marg (16th Road)" /><tag k="oneway" v="no" /></way><way id="533" timestamp="2026-04-01T21:47:02Z" uid="1" user="OSMnx" version="1" changeset="1"><nd ref="622395125" /><nd ref="622395126" /><tag k="highway" v="residential" /><tag k="name" v="16th Cross Road" /><tag k="oneway" v="no" /></way><way id="534" timestamp="2026-04-01T21:47:02Z" uid="1" user="OSMnx" version="1" changeset="1"><nd ref="622395126" /><nd ref="347194745" /><tag k="highway" v="residential" /><tag k="name" v="16th Cross Road" /><tag k="oneway" v="no" /></way><way id="535" timestamp="2026-04-01T21:47:02Z" uid="1" user="OSMnx" version="1" changeset="1"><nd ref="622395126" /><nd ref="622395132" /><tag k="highway" v="residential" /><tag k="name" v="21st Road" /><tag k="oneway" v="no" /></way><way id="536" timestamp="2026-04-01T21:47:02Z" uid="1" user="OSMnx" version="1" changeset="1"><nd ref="622395132" /><nd ref="622395134" /><tag k="highway" v="residential" /><tag k="oneway" v="no" /></way><way id="537" timestamp="2026-04-01T21:47:02Z" uid="1" user="OSMnx" version="1" changeset="1"><nd ref="622395132" /><nd ref="471556496" /><tag k="highway" v="residential" /><tag k="name" v="21st Road" /><tag k="oneway" v="no" /></way><way id="538" timestamp="2026-04-01T21:47:02Z" uid="1" user="OSMnx" version="1" changeset="1"><nd ref="622395134" /><nd ref="347194745" /><tag k="highway" v="tertiary" /><tag k="lanes" v="2" /><tag k="name" v="Dr. BR Ambedkar Road" /><tag k="oneway" v="no" /></way><way id="539" timestamp="2026-04-01T21:47:02Z" uid="1" user="OSMnx" version="1" changeset="1"><nd ref="706122760" /><nd ref="706122775" /><tag k="highway" v="residential" /><tag k="name" v="['10th Road', '9th Road']" /><tag k="oneway" v="no" /></way><way id="540" timestamp="2026-04-01T21:47:02Z" uid="1" user="OSMnx" version="1" changeset="1"><nd ref="706122760" /><nd ref="5372158169" /><tag k="highway" v="residential" /><tag k="name" v="6th Road" /><tag k="oneway" v="no" /></way><way id="541" timestamp="2026-04-01T21:47:02Z" uid="1" user="OSMnx" version="1" changeset="1"><nd ref="706122775" /><nd ref="346633207" /><tag k="highway" v="residential" /><tag k="name" v="Almeida Park Road" /><tag k="oneway" v="no" /></way><way id="542" timestamp="2026-04-01T21:47:02Z" uid="1" user="OSMnx" version="1" changeset="1"><nd ref="867153397" /><nd ref="13522243186" /><tag k="highway" v="residential" /><tag k="name" v="Danda Creek Road" /><tag k="oneway" v="no" /></way><way id="543" timestamp="2026-04-01T21:47:02Z" uid="1" user="OSMnx" version="1" changeset="1"><nd ref="867157961" /><nd ref="8145876796" /><tag k="highway" v="residential" /><tag k="name" v="M Dandekar Marg" /><tag k="oneway" v="no" /></way><way id="544" timestamp="2026-04-01T21:47:02Z" uid="1" user="OSMnx" version="1" changeset="1"><nd ref="867157961" /><nd ref="13521071835" /><tag k="highway" v="living_street" /><tag k="oneway" v="no" /></way><way id="545" timestamp="2026-04-01T21:47:02Z" uid="1" user="OSMnx" version="1" changeset="1"><nd ref="923872557" /><nd ref="923872559" /><tag k="highway" v="residential" /><tag k="name" v="23rd Road" /><tag k="oneway" v="no" /></way><way id="546" timestamp="2026-04-01T21:47:02Z" uid="1" user="OSMnx" version="1" changeset="1"><nd ref="923872557" /><nd ref="471584530" /><tag k="highway" v="residential" /><tag k="name" v="29th Road" /><tag k="oneway" v="no" /></way><way id="547" timestamp="2026-04-01T21:47:02Z" uid="1" user="OSMnx" version="1" changeset="1"><nd ref="923872559" /><nd ref="347170693" /><tag k="highway" v="residential" /><tag k="lanes" v="2" /><tag k="name" v="28th Road" /><tag k="oneway" v="no" /></way><way id="548" timestamp="2026-04-01T21:47:02Z" uid="1" user="OSMnx" version="1" changeset="1"><nd ref="1381733746" /><nd ref="867153397" /><tag k="highway" v="residential" /><tag k="name" v="M Dandekar Marg" /><tag k="oneway" v="no" /></way><way id="549" timestamp="2026-04-01T21:47:02Z" uid="1" user="OSMnx" version="1" changeset="1"><nd ref="1468337691" /><nd ref="1654363414" /><tag k="highway" v="tertiary" /><tag k="lanes" v="2" /><tag k="name" v="RK Patkar Marg" /><tag k="oneway" v="no" /></way><way id="550" timestamp="2026-04-01T21:47:02Z" uid="1" user="OSMnx" version="1" changeset="1"><nd ref="1514451661" /><nd ref="1642244014" /><tag k="highway" v="residential" /><tag k="name" v="Danda Avenue" /><tag k="oneway" v="no" /></way><way id="551" timestamp="2026-04-01T21:47:02Z" uid="1" user="OSMnx" version="1" changeset="1"><nd ref="1514451661" /><nd ref="245667802" /><tag k="highway" v="residential" /><tag k="name" v="Chuim Village Road" /><tag k="oneway" v="no" /></way><way id="552" timestamp="2026-04-01T21:47:02Z" uid="1" user="OSMnx" version="1" changeset="1"><nd ref="1514451662" /><nd ref="475785272" /><tag k="highway" v="residential" /><tag k="name" v="Chuim Village Road" /><tag k="oneway" v="no" /></way><way id="553" timestamp="2026-04-01T21:47:02Z" uid="1" user="OSMnx" version="1" changeset="1"><nd ref="1514451662" /><nd ref="12298747862" /><tag k="highway" v="residential" /><tag k="oneway" v="no" /></way><way id="554" timestamp="2026-04-01T21:47:02Z" uid="1" user="OSMnx" version="1" changeset="1"><nd ref="1514453223" /><nd ref="3405719580" /><tag k="highway" v="residential" /><tag k="lanes" v="1" /><tag k="name" v="Chuim Village Road" /><tag k="oneway" v="no" /></way><way id="555" timestamp="2026-04-01T21:47:02Z" uid="1" user="OSMnx" version="1" changeset="1"><nd ref="1575062272" /><nd ref="11072733820" /><tag k="highway" v="residential" /><tag k="name" v="30th Cross Road" /><tag k="oneway" v="no" /></way><way id="556" timestamp="2026-04-01T21:47:02Z" uid="1" user="OSMnx" version="1" changeset="1"><nd ref="1640746626" /><nd ref="2244797367" /><tag k="highway" v="residential" /><tag k="oneway" v="no" /></way><way id="557" timestamp="2026-04-01T21:47:02Z" uid="1" user="OSMnx" version="1" changeset="1"><nd ref="1640746626" /><nd ref="498668271" /><tag k="highway" v="residential" /><tag k="oneway" v="no" /></way><way id="558" timestamp="2026-04-01T21:47:02Z" uid="1" user="OSMnx" version="1" changeset="1"><nd ref="1641761947" /><nd ref="10082236386" /><tag k="highway" v="residential" /><tag k="oneway" v="no" /></way><way id="559" timestamp="2026-04-01T21:47:02Z" uid="1" user="OSMnx" version="1" changeset="1"><nd ref="1641761947" /><nd ref="347195038" /><tag k="highway" v="tertiary" /><tag k="lanes" v="2" /><tag k="name" v="Khau Galli" /><tag k="oneway" v="no" /></way><way id="560" timestamp="2026-04-01T21:47:02Z" uid="1" user="OSMnx" version="1" changeset="1"><nd ref="1641764059" /><nd ref="1641764060" /><tag k="highway" v="residential" /><tag k="oneway" v="no" /></way><way id="561" timestamp="2026-04-01T21:47:02Z" uid="1" user="OSMnx" version="1" changeset="1"><nd ref="1641764059" /><nd ref="11190310736" /><tag k="highway" v="living_street" /><tag k="oneway" v="no" /></way><way id="562" timestamp="2026-04-01T21:47:02Z" uid="1" user="OSMnx" version="1" changeset="1"><nd ref="1641764060" /><nd ref="1641744372" /><tag k="highway" v="residential" /><tag k="name" v="YMCA Road" /><tag k="oneway" v="no" /></way><way id="563" timestamp="2026-04-01T21:47:02Z" uid="1" user="OSMnx" version="1" changeset="1"><nd ref="1641793902" /><nd ref="10082236388" /><tag k="highway" v="residential" /><tag k="oneway" v="no" /></way><way id="564" timestamp="2026-04-01T21:47:02Z" uid="1" user="OSMnx" version="1" changeset="1"><nd ref="1641793902" /><nd ref="556803856" /><tag k="highway" v="tertiary" /><tag k="lanes" v="2" /><tag k="name" v="Khau Galli" /><tag k="oneway" v="no" /></way><way id="565" timestamp="2026-04-01T21:47:02Z" uid="1" user="OSMnx" version="1" changeset="1"><nd ref="1642243276" /><nd ref="8589101225" /><tag k="highway" v="residential" /><tag k="name" v="20th Road, St.Elias Marg" /><tag k="oneway" v="no" /></way><way id="566" timestamp="2026-04-01T21:47:02Z" uid="1" user="OSMnx" version="1" changeset="1"><nd ref="1642244014" /><nd ref="10118530702" /><tag k="highway" v="residential" /><tag k="name" v="Danda Avenue" /><tag k="oneway" v="no" /></way><way id="567" timestamp="2026-04-01T21:47:02Z" uid="1" user="OSMnx" version="1" changeset="1"><nd ref="1642244014" /><nd ref="7298842002" /><tag k="highway" v="secondary" /><tag k="lanes" v="2" /><tag k="name" v="Danda Boulevard" /><tag k="oneway" v="no" /></way><way id="568" timestamp="2026-04-01T21:47:02Z" uid="1" user="OSMnx" version="1" changeset="1"><nd ref="1654348796" /><nd ref="1654348806" /><tag k="highway" v="secondary" /><tag k="name" v="St Sebastian Road" /><tag k="oneway" v="no" /></way><way id="569" timestamp="2026-04-01T21:47:02Z" uid="1" user="OSMnx" version="1" changeset="1"><nd ref="1654348796" /><nd ref="472858907" /><tag k="highway" v="secondary" /><tag k="name" v="Mount Carmel Road" /><tag k="oneway" v="no" /></way><way id="570" timestamp="2026-04-01T21:47:02Z" uid="1" user="OSMnx" version="1" changeset="1"><nd ref="1654348806" /><nd ref="347143881" /><tag k="highway" v="residential" /><tag k="name" v="Dr. Peter Dias Road" /><tag k="oneway" v="no" /></way><way id="571" timestamp="2026-04-01T21:47:02Z" uid="1" user="OSMnx" version="1" changeset="1"><nd ref="1654348806" /><nd ref="10685130180" /><tag k="highway" v="secondary" /><tag k="name" v="St Sebastian Road" /><tag k="oneway" v="no" /></way><way id="572" timestamp="2026-04-01T21:47:02Z" uid="1" user="OSMnx" version="1" changeset="1"><nd ref="1654348843" /><nd ref="4362576448" /><tag k="highway" v="residential" /><tag k="name" v="N Dayabhai Road" /><tag k="oneway" v="no" /></way><way id="573" timestamp="2026-04-01T21:47:02Z" uid="1" user="OSMnx" version="1" changeset="1"><nd ref="1654348843" /><nd ref="9739950372" /><tag k="highway" v="residential" /><tag k="oneway" v="no" /></way><way id="574" timestamp="2026-04-01T21:47:02Z" uid="1" user="OSMnx" version="1" changeset="1"><nd ref="1654348856" /><nd ref="9681688994" /><tag k="highway" v="residential" /><tag k="oneway" v="no" /></way><way id="575" timestamp="2026-04-01T21:47:02Z" uid="1" user="OSMnx" version="1" changeset="1"><nd ref="1654348856" /><nd ref="2247989204" /><tag k="highway" v="secondary" /><tag k="maxspeed" v="30" /><tag k="name" v="Hill Road" /><tag k="oneway" v="no" /></way><way id="576" timestamp="2026-04-01T21:47:02Z" uid="1" user="OSMnx" version="1" changeset="1"><nd ref="1654363414" /><nd ref="347178709" /><tag k="highway" v="tertiary" /><tag k="lanes" v="2" /><tag k="name" v="RK Patkar Marg" /><tag k="oneway" v="no" /></way><way id="577" timestamp="2026-04-01T21:47:02Z" uid="1" user="OSMnx" version="1" changeset="1"><nd ref="1654363414" /><nd ref="471584533" /><tag k="highway" v="residential" /><tag k="name" v="29th Road" /><tag k="oneway" v="no" /></way><way id="578" timestamp="2026-04-01T21:47:02Z" uid="1" user="OSMnx" version="1" changeset="1"><nd ref="1654363420" /><nd ref="12905637200" /><tag k="highway" v="tertiary" /><tag k="name" v="RK Patkar Marg (Waterfield Road)" /><tag k="oneway" v="no" /></way><way id="579" timestamp="2026-04-01T21:47:02Z" uid="1" user="OSMnx" version="1" changeset="1"><nd ref="1654363420" /><nd ref="13105749791" /><tag k="highway" v="tertiary" /><tag k="lanes" v="2" /><tag k="name" v="RK Patkar Marg" /><tag k="oneway" v="no" /></way><way id="580" timestamp="2026-04-01T21:47:02Z" uid="1" user="OSMnx" version="1" changeset="1"><nd ref="1936355361" /><nd ref="296362019" /><tag k="highway" v="secondary" /><tag k="lanes" v="1" /><tag k="name" v="Gurunanak Marg" /><tag k="oneway" v="no" /></way><way id="581" timestamp="2026-04-01T21:47:02Z" uid="1" user="OSMnx" version="1" changeset="1"><nd ref="1936355361" /><nd ref="6295206335" /><tag k="highway" v="primary" /><tag k="name" v="Swami Vivekanand Road" /><tag k="oneway" v="no" /></way><way id="582" timestamp="2026-04-01T21:47:02Z" uid="1" user="OSMnx" version="1" changeset="1"><nd ref="1936355368" /><nd ref="296362023" /><tag k="highway" v="residential" /><tag k="name" v="30th Road" /><tag k="oneway" v="no" /></way><way id="583" timestamp="2026-04-01T21:47:02Z" uid="1" user="OSMnx" version="1" changeset="1"><nd ref="1936355368" /><nd ref="13523554733" /><tag k="highway" v="primary" /><tag k="name" v="Swami Vivekanand Road" /><tag k="oneway" v="no" /></way><way id="584" timestamp="2026-04-01T21:47:02Z" uid="1" user="OSMnx" version="1" changeset="1"><nd ref="1936355375" /><nd ref="1936355368" /><tag k="highway" v="primary" /><tag k="name" v="Swami Vivekanand Road" /><tag k="oneway" v="no" /></way><way id="585" timestamp="2026-04-01T21:47:02Z" uid="1" user="OSMnx" version="1" changeset="1"><nd ref="1936355377" /><nd ref="357798246" /><tag k="highway" v="residential" /><tag k="name" v="1st Road" /><tag k="oneway" v="no" /></way><way id="586" timestamp="2026-04-01T21:47:02Z" uid="1" user="OSMnx" version="1" changeset="1"><nd ref="1936355377" /><nd ref="3803645191" /><tag k="highway" v="primary" /><tag k="name" v="Swami Vivekanand Road" /><tag k="oneway" v="no" /></way><way id="587" timestamp="2026-04-01T21:47:02Z" uid="1" user="OSMnx" version="1" changeset="1"><nd ref="1936355384" /><nd ref="2244797448" /><tag k="highway" v="residential" /><tag k="name" v="10th Road" /><tag k="oneway" v="no" /></way><way id="588" timestamp="2026-04-01T21:47:02Z" uid="1" user="OSMnx" version="1" changeset="1"><nd ref="1936355384" /><nd ref="9979171956" /><tag k="highway" v="primary" /><tag k="name" v="Swami Vivekanand Road" /><tag k="oneway" v="no" /></way><way id="589" timestamp="2026-04-01T21:47:02Z" uid="1" user="OSMnx" version="1" changeset="1"><nd ref="1936355393" /><nd ref="471554800" /><tag k="highway" v="tertiary" /><tag k="name" v="Ramrao Nayak Marg" /><tag k="oneway" v="no" /></way><way id="590" timestamp="2026-04-01T21:47:02Z" uid="1" user="OSMnx" version="1" changeset="1"><nd ref="1936355393" /><nd ref="1936355384" /><tag k="highway" v="primary" /><tag k="name" v="Swami Vivekanand Road" /><tag k="oneway" v="no" /></way><way id="591" timestamp="2026-04-01T21:47:02Z" uid="1" user="OSMnx" version="1" changeset="1"><nd ref="1936355394" /><nd ref="1936355393" /><tag k="highway" v="primary" /><tag k="name" v="Swami Vivekanand Road" /><tag k="oneway" v="no" /></way><way id="592" timestamp="2026-04-01T21:47:02Z" uid="1" user="OSMnx" version="1" changeset="1"><nd ref="1936355394" /><nd ref="471553751" /><tag k="highway" v="tertiary" /><tag k="name" v="Chitrakar Durandhar Road (2nd Road)" /><tag k="oneway" v="no" /></way><way id="593" timestamp="2026-04-01T21:47:02Z" uid="1" user="OSMnx" version="1" changeset="1"><nd ref="1936355399" /><nd ref="10097054034" /><tag k="highway" v="primary" /><tag k="name" v="Swami Vivekanand Road" /><tag k="oneway" v="no" /></way><way id="594" timestamp="2026-04-01T21:47:02Z" uid="1" user="OSMnx" version="1" changeset="1"><nd ref="1936355407" /><nd ref="13503275933" /><tag k="highway" v="primary" /><tag k="name" v="Swami Vivekanand Road" /><tag k="oneway" v="no" /></way><way id="595" timestamp="2026-04-01T21:47:02Z" uid="1" user="OSMnx" version="1" changeset="1"><nd ref="1936355407" /><nd ref="13523554737" /><tag k="highway" v="residential" /><tag k="oneway" v="no" /></way><way id="596" timestamp="2026-04-01T21:47:02Z" uid="1" user="OSMnx" version="1" changeset="1"><nd ref="1936355410" /><nd ref="13523554738" /><tag k="highway" v="residential" /><tag k="oneway" v="no" /></way><way id="597" timestamp="2026-04-01T21:47:02Z" uid="1" user="OSMnx" version="1" changeset="1"><nd ref="1936355410" /><nd ref="245667949" /><tag k="highway" v="residential" /><tag k="name" v="Convent Avenue" /><tag k="oneway" v="no" /></way><way id="598" timestamp="2026-04-01T21:47:02Z" uid="1" user="OSMnx" version="1" changeset="1"><nd ref="1936355410" /><nd ref="1936355407" /><tag k="highway" v="primary" /><tag k="name" v="Swami Vivekanand Road" /><tag k="oneway" v="no" /></way><way id="599" timestamp="2026-04-01T21:47:02Z" uid="1" user="OSMnx" version="1" changeset="1"><nd ref="1936355422" /><nd ref="245668011" /><tag k="highway" v="residential" /><tag k="name" v="BC Chatterjee Marg" /><tag k="oneway" v="no" /></way><way id="600" timestamp="2026-04-01T21:47:02Z" uid="1" user="OSMnx" version="1" changeset="1"><nd ref="1936355422" /><nd ref="1936355410" /><tag k="highway" v="primary" /><tag k="name" v="Swami Vivekanand Road" /><tag k="oneway" v="no" /></way><way id="601" timestamp="2026-04-01T21:47:02Z" uid="1" user="OSMnx" version="1" changeset="1"><nd ref="1936355426" /><nd ref="245668175" /><tag k="highway" v="tertiary" /><tag k="name" v="North Avenue" /><tag k="oneway" v="no" /></way><way id="602" timestamp="2026-04-01T21:47:02Z" uid="1" user="OSMnx" version="1" changeset="1"><nd ref="1936355426" /><nd ref="1936355422" /><tag k="highway" v="primary" /><tag k="name" v="Swami Vivekanand Road" /><tag k="oneway" v="no" /></way><way id="603" timestamp="2026-04-01T21:47:02Z" uid="1" user="OSMnx" version="1" changeset="1"><nd ref="1936355432" /><nd ref="245668275" /><tag k="highway" v="residential" /><tag k="name" v="Chapel Lane" /><tag k="oneway" v="no" /></way><way id="604" timestamp="2026-04-01T21:47:02Z" uid="1" user="OSMnx" version="1" changeset="1"><nd ref="1936355432" /><nd ref="1936355426" /><tag k="highway" v="primary" /><tag k="name" v="Swami Vivekanand Road" /><tag k="oneway" v="no" /></way><way id="605" timestamp="2026-04-01T21:47:02Z" uid="1" user="OSMnx" version="1" changeset="1"><nd ref="1975033498" /><nd ref="471566313" /><tag k="highway" v="tertiary" /><tag k="name" v="33rd Road" /><tag k="oneway" v="no" /></way><way id="606" timestamp="2026-04-01T21:47:02Z" uid="1" user="OSMnx" version="1" changeset="1"><nd ref="1975033498" /><nd ref="2440075904" /><tag k="highway" v="residential" /><tag k="name" v="21st Road" /><tag k="oneway" v="no" /></way><way id="607" timestamp="2026-04-01T21:47:02Z" uid="1" user="OSMnx" version="1" changeset="1"><nd ref="1975033551" /><nd ref="498661100" /><tag k="highway" v="residential" /><tag k="name" v="Nargis Dutt Road" /><tag k="oneway" v="no" /></way><way id="608" timestamp="2026-04-01T21:47:02Z" uid="1" user="OSMnx" version="1" changeset="1"><nd ref="1975033555" /><nd ref="6581453222" /><tag k="highway" v="residential" /><tag k="name" v="Nargis Dutt Road" /><tag k="oneway" v="no" /></way><way id="609" timestamp="2026-04-01T21:47:02Z" uid="1" user="OSMnx" version="1" changeset="1"><nd ref="1975048942" /><nd ref="245665786" /><tag k="highway" v="primary" /><tag k="name" v="Swami Vivekanand Road" /><tag k="oneway" v="no" /></way><way id="610" timestamp="2026-04-01T21:47:02Z" uid="1" user="OSMnx" version="1" changeset="1"><nd ref="1975073674" /><nd ref="4352220336" /><tag k="highway" v="residential" /><tag k="name" v="34th Road" /><tag k="oneway" v="no" /></way><way id="611" timestamp="2026-04-01T21:47:02Z" uid="1" user="OSMnx" version="1" changeset="1"><nd ref="1975073674" /><nd ref="1975073683" /><tag k="highway" v="residential" /><tag k="name" v="St. Dominic Road" /><tag k="oneway" v="no" /></way><way id="612" timestamp="2026-04-01T21:47:02Z" uid="1" user="OSMnx" version="1" changeset="1"><nd ref="1975073683" /><nd ref="471566285" /><tag k="highway" v="primary" /><tag k="name" v="Swami Vivekanand Road" /><tag k="oneway" v="no" /></way><way id="613" timestamp="2026-04-01T21:47:02Z" uid="1" user="OSMnx" version="1" changeset="1"><nd ref="1975073683" /><nd ref="13523554734" /><tag k="highway" v="residential" /><tag k="oneway" v="no" /></way><way id="614" timestamp="2026-04-01T21:47:02Z" uid="1" user="OSMnx" version="1" changeset="1"><nd ref="1975074700" /><nd ref="2244797437" /><tag k="highway" v="tertiary" /><tag k="name" v="PD Hinduja Road (Khar Pali Road)" /><tag k="oneway" v="no" /></way><way id="615" timestamp="2026-04-01T21:47:02Z" uid="1" user="OSMnx" version="1" changeset="1"><nd ref="1975074700" /><nd ref="9979171968" /><tag k="highway" v="residential" /><tag k="name" v="11th Road" /><tag k="oneway" v="no" /></way><way id="616" timestamp="2026-04-01T21:47:02Z" uid="1" user="OSMnx" version="1" changeset="1"><nd ref="1975074702" /><nd ref="2244797478" /><tag k="highway" v="residential" /><tag k="name" v="12th Road" /><tag k="oneway" v="no" /></way><way id="617" timestamp="2026-04-01T21:47:02Z" uid="1" user="OSMnx" version="1" changeset="1"><nd ref="1975074702" /><nd ref="2244797445" /><tag k="highway" v="tertiary" /><tag k="name" v="PD Hinduja Road (Khar Pali Road)" /><tag k="oneway" v="no" /></way><way id="618" timestamp="2026-04-01T21:47:02Z" uid="1" user="OSMnx" version="1" changeset="1"><nd ref="2031470945" /><nd ref="346610898" /><tag k="highway" v="residential" /><tag k="name" v="Rebello Road" /><tag k="oneway" v="no" /></way><way id="619" timestamp="2026-04-01T21:47:02Z" uid="1" user="OSMnx" version="1" changeset="1"><nd ref="2031470945" /><nd ref="346619785" /><tag k="highway" v="secondary" /><tag k="name" v="Mount Carmel Road" /><tag k="oneway" v="no" /></way><way id="620" timestamp="2026-04-01T21:47:02Z" uid="1" user="OSMnx" version="1" changeset="1"><nd ref="2128601587" /><nd ref="4362576458" /><tag k="highway" v="residential" /><tag k="oneway" v="no" /></way><way id="621" timestamp="2026-04-01T21:47:02Z" uid="1" user="OSMnx" version="1" changeset="1"><nd ref="2128601587" /><nd ref="4328028027" /><tag k="highway" v="residential" /><tag k="oneway" v="no" /></way><way id="622" timestamp="2026-04-01T21:47:02Z" uid="1" user="OSMnx" version="1" changeset="1"><nd ref="2173585363" /><nd ref="2173585387" /><tag k="highway" v="residential" /><tag k="name" v="Padmashree Mohammed Rafi Marg (16th Road)" /><tag k="oneway" v="no" /></way><way id="623" timestamp="2026-04-01T21:47:02Z" uid="1" user="OSMnx" version="1" changeset="1"><nd ref="2173585363" /><nd ref="2173585383" /><tag k="highway" v="residential" /><tag k="lanes" v="1" /><tag k="oneway" v="no" /></way><way id="624" timestamp="2026-04-01T21:47:02Z" uid="1" user="OSMnx" version="1" changeset="1"><nd ref="2173585383" /><nd ref="923872559" /><tag k="highway" v="residential" /><tag k="lanes" v="['1', '2']" /><tag k="name" v="28th Road" /><tag k="oneway" v="no" /></way><way id="625" timestamp="2026-04-01T21:47:02Z" uid="1" user="OSMnx" version="1" changeset="1"><nd ref="2173585387" /><nd ref="2173585383" /><tag k="highway" v="residential" /><tag k="lanes" v="1" /><tag k="oneway" v="no" /></way><way id="626" timestamp="2026-04-01T21:47:02Z" uid="1" user="OSMnx" version="1" changeset="1"><nd ref="2173685586" /><nd ref="347169735" /><tag k="highway" v="residential" /><tag k="name" v="Pali Market Road" /><tag k="oneway" v="no" /></way><way id="627" timestamp="2026-04-01T21:47:02Z" uid="1" user="OSMnx" version="1" changeset="1"><nd ref="2173685586" /><nd ref="3803643812" /><tag k="highway" v="residential" /><tag k="oneway" v="no" /></way><way id="628" timestamp="2026-04-01T21:47:02Z" uid="1" user="OSMnx" version="1" changeset="1"><nd ref="2173707418" /><nd ref="2173685586" /><tag k="highway" v="residential" /><tag k="oneway" v="no" /></way><way id="629" timestamp="2026-04-01T21:47:02Z" uid="1" user="OSMnx" version="1" changeset="1"><nd ref="2173707418" /><nd ref="347171383" /><tag k="highway" v="residential" /><tag k="lanes" v="1" /><tag k="name" v="St. Andrew Road Extension" /><tag k="oneway" v="no" /></way><way id="630" timestamp="2026-04-01T21:47:02Z" uid="1" user="OSMnx" version="1" changeset="1"><nd ref="2244797150" /><nd ref="2629418492" /><tag k="highway" v="residential" /><tag k="name" v="30th Road" /><tag k="oneway" v="no" /></way><way id="631" timestamp="2026-04-01T21:47:02Z" uid="1" user="OSMnx" version="1" changeset="1"><nd ref="2244797174" /><nd ref="347179817" /><tag k="highway" v="residential" /><tag k="name" v="Dr KS Hedgewar Road (30th Road)" /><tag k="oneway" v="no" /></way><way id="632" timestamp="2026-04-01T21:47:02Z" uid="1" user="OSMnx" version="1" changeset="1"><nd ref="2244797174" /><nd ref="2244797183" /><tag k="highway" v="residential" /><tag k="oneway" v="no" /></way><way id="633" timestamp="2026-04-01T21:47:02Z" uid="1" user="OSMnx" version="1" changeset="1"><nd ref="2244797183" /><nd ref="2244797205" /><tag k="highway" v="residential" /><tag k="oneway" v="no" /></way><way id="634" timestamp="2026-04-01T21:47:02Z" uid="1" user="OSMnx" version="1" changeset="1"><nd ref="2244797183" /><nd ref="11141000305" /><tag k="highway" v="residential" /><tag k="oneway" v="no" /></way><way id="635" timestamp="2026-04-01T21:47:02Z" uid="1" user="OSMnx" version="1" changeset="1"><nd ref="2244797205" /><nd ref="2244797219" /><tag k="highway" v="residential" /><tag k="oneway" v="no" /></way><way id="636" timestamp="2026-04-01T21:47:02Z" uid="1" user="OSMnx" version="1" changeset="1"><nd ref="2244797205" /><nd ref="2244797224" /><tag k="highway" v="residential" /><tag k="oneway" v="no" /></way><way id="637" timestamp="2026-04-01T21:47:02Z" uid="1" user="OSMnx" version="1" changeset="1"><nd ref="2244797209" /><nd ref="2244797252" /><tag k="highway" v="tertiary" /><tag k="lanes" v="2" /><tag k="name" v="Dr. BR Ambedkar Road" /><tag k="oneway" v="no" /></way><way id="638" timestamp="2026-04-01T21:47:02Z" uid="1" user="OSMnx" version="1" changeset="1"><nd ref="2244797213" /><nd ref="2244797209" /><tag k="highway" v="residential" /><tag k="oneway" v="no" /></way><way id="639" timestamp="2026-04-01T21:47:02Z" uid="1" user="OSMnx" version="1" changeset="1"><nd ref="2244797213" /><nd ref="2449734810" /><tag k="highway" v="residential" /><tag k="oneway" v="no" /></way><way id="640" timestamp="2026-04-01T21:47:02Z" uid="1" user="OSMnx" version="1" changeset="1"><nd ref="2244797217" /><nd ref="2244797213" /><tag k="highway" v="residential" /><tag k="oneway" v="no" /></way><way id="641" timestamp="2026-04-01T21:47:02Z" uid="1" user="OSMnx" version="1" changeset="1"><nd ref="2244797219" /><nd ref="2244797217" /><tag k="highway" v="residential" /><tag k="oneway" v="no" /></way><way id="642" timestamp="2026-04-01T21:47:02Z" uid="1" user="OSMnx" version="1" changeset="1"><nd ref="2244797219" /><nd ref="13506288256" /><tag k="highway" v="residential" /><tag k="oneway" v="no" /></way><way id="643" timestamp="2026-04-01T21:47:02Z" uid="1" user="OSMnx" version="1" changeset="1"><nd ref="2244797224" /><nd ref="11141000305" /><tag k="highway" v="living_street" /><tag k="oneway" v="no" /></way><way id="644" timestamp="2026-04-01T21:47:02Z" uid="1" user="OSMnx" version="1" changeset="1"><nd ref="2244797252" /><nd ref="4697295583" /><tag k="highway" v="tertiary" /><tag k="lanes" v="2" /><tag k="name" v="Dr. BR Ambedkar Road" /><tag k="oneway" v="no" /></way><way id="645" timestamp="2026-04-01T21:47:02Z" uid="1" user="OSMnx" version="1" changeset="1"><nd ref="2244797252" /><nd ref="2244797224" /><tag k="highway" v="living_street" /><tag k="oneway" v="no" /></way><way id="646" timestamp="2026-04-01T21:47:02Z" uid="1" user="OSMnx" version="1" changeset="1"><nd ref="2244797254" /><nd ref="2244797224" /><tag k="highway" v="living_street" /><tag k="oneway" v="no" /></way><way id="647" timestamp="2026-04-01T21:47:02Z" uid="1" user="OSMnx" version="1" changeset="1"><nd ref="2244797254" /><nd ref="11141000305" /><tag k="highway" v="living_street" /><tag k="oneway" v="no" /></way><way id="648" timestamp="2026-04-01T21:47:02Z" uid="1" user="OSMnx" version="1" changeset="1"><nd ref="2244797263" /><nd ref="2244797268" /><tag k="highway" v="tertiary" /><tag k="name" v="PG Kher Marg" /><tag k="oneway" v="no" /></way><way id="649" timestamp="2026-04-01T21:47:02Z" uid="1" user="OSMnx" version="1" changeset="1"><nd ref="2244797263" /><nd ref="2244797328" /><tag k="highway" v="residential" /><tag k="name" v="37th Road" /><tag k="oneway" v="no" /></way><way id="650" timestamp="2026-04-01T21:47:02Z" uid="1" user="OSMnx" version="1" changeset="1"><nd ref="2244797268" /><nd ref="245666615" /><tag k="highway" v="tertiary" /><tag k="name" v="PG Kher Marg" /><tag k="oneway" v="no" /></way><way id="651" timestamp="2026-04-01T21:47:02Z" uid="1" user="OSMnx" version="1" changeset="1"><nd ref="2244797268" /><nd ref="2244797150" /><tag k="highway" v="residential" /><tag k="name" v="36th Road" /><tag k="oneway" v="no" /></way><way id="652" timestamp="2026-04-01T21:47:02Z" uid="1" user="OSMnx" version="1" changeset="1"><nd ref="2244797303" /><nd ref="3803645191" /><tag k="highway" v="residential" /><tag k="oneway" v="no" /></way><way id="653" timestamp="2026-04-01T21:47:02Z" uid="1" user="OSMnx" version="1" changeset="1"><nd ref="2244797303" /><nd ref="245666879" /><tag k="highway" v="primary" /><tag k="name" v="Swami Vivekanand Road" /><tag k="oneway" v="no" /></way><way id="654" timestamp="2026-04-01T21:47:02Z" uid="1" user="OSMnx" version="1" changeset="1"><nd ref="2244797303" /><nd ref="2244797268" /><tag k="highway" v="residential" /><tag k="name" v="36th Road" /><tag k="oneway" v="no" /></way><way id="655" timestamp="2026-04-01T21:47:02Z" uid="1" user="OSMnx" version="1" changeset="1"><nd ref="2244797328" /><nd ref="2629418498" /><tag k="highway" v="residential" /><tag k="name" v="35th Road" /><tag k="oneway" v="no" /></way><way id="656" timestamp="2026-04-01T21:47:02Z" uid="1" user="OSMnx" version="1" changeset="1"><nd ref="2244797355" /><nd ref="1640746626" /><tag k="highway" v="residential" /><tag k="oneway" v="no" /></way><way id="657" timestamp="2026-04-01T21:47:02Z" uid="1" user="OSMnx" version="1" changeset="1"><nd ref="2244797355" /><nd ref="10171052191" /><tag k="highway" v="residential" /><tag k="oneway" v="no" /></way><way id="658" timestamp="2026-04-01T21:47:02Z" uid="1" user="OSMnx" version="1" changeset="1"><nd ref="2244797367" /><nd ref="498668271" /><tag k="highway" v="residential" /><tag k="lanes" v="2" /><tag k="name" v="Sherly Rajan Road" /><tag k="oneway" v="no" /></way><way id="659" timestamp="2026-04-01T21:47:02Z" uid="1" user="OSMnx" version="1" changeset="1"><nd ref="2244797367" /><nd ref="11041728473" /><tag k="highway" v="residential" /><tag k="oneway" v="no" /></way><way id="660" timestamp="2026-04-01T21:47:02Z" uid="1" user="OSMnx" version="1" changeset="1"><nd ref="2244797369" /><nd ref="2629418499" /><tag k="highway" v="residential" /><tag k="name" v="33rd Road" /><tag k="oneway" v="no" /></way><way id="661" timestamp="2026-04-01T21:47:02Z" uid="1" user="OSMnx" version="1" changeset="1"><nd ref="2244797395" /><nd ref="10938889165" /><tag k="highway" v="residential" /><tag k="oneway" v="no" /></way><way id="662" timestamp="2026-04-01T21:47:02Z" uid="1" user="OSMnx" version="1" changeset="1"><nd ref="2244797397" /><nd ref="471566285" /><tag k="highway" v="residential" /><tag k="name" v="9th Road" /><tag k="oneway" v="no" /></way><way id="663" timestamp="2026-04-01T21:47:02Z" uid="1" user="OSMnx" version="1" changeset="1"><nd ref="2244797402" /><nd ref="2244797404" /><tag k="highway" v="residential" /><tag k="name" v="8th Road" /><tag k="oneway" v="no" /></way><way id="664" timestamp="2026-04-01T21:47:02Z" uid="1" user="OSMnx" version="1" changeset="1"><nd ref="2244797402" /><nd ref="2244797369" /><tag k="highway" v="residential" /><tag k="name" v="13th Road" /><tag k="oneway" v="no" /></way><way id="665" timestamp="2026-04-01T21:47:02Z" uid="1" user="OSMnx" version="1" changeset="1"><nd ref="2244797404" /><nd ref="357798071" /><tag k="highway" v="residential" /><tag k="name" v="7th Road" /><tag k="oneway" v="no" /></way><way id="666" timestamp="2026-04-01T21:47:02Z" uid="1" user="OSMnx" version="1" changeset="1"><nd ref="2244797404" /><nd ref="2244797408" /><tag k="highway" v="residential" /><tag k="name" v="8th Road" /><tag k="oneway" v="no" /></way><way id="667" timestamp="2026-04-01T21:47:02Z" uid="1" user="OSMnx" version="1" changeset="1"><nd ref="2244797408" /><nd ref="2244797397" /><tag k="highway" v="residential" /><tag k="name" v="6th Road" /><tag k="oneway" v="no" /></way><way id="668" timestamp="2026-04-01T21:47:02Z" uid="1" user="OSMnx" version="1" changeset="1"><nd ref="2244797409" /><nd ref="1640746626" /><tag k="highway" v="residential" /><tag k="oneway" v="no" /></way><way id="669" timestamp="2026-04-01T21:47:02Z" uid="1" user="OSMnx" version="1" changeset="1"><nd ref="2244797409" /><nd ref="2244797355" /><tag k="highway" v="residential" /><tag k="oneway" v="no" /></way><way id="670" timestamp="2026-04-01T21:47:02Z" uid="1" user="OSMnx" version="1" changeset="1"><nd ref="2244797418" /><nd ref="2244797409" /><tag k="highway" v="residential" /><tag k="oneway" v="no" /></way><way id="671" timestamp="2026-04-01T21:47:02Z" uid="1" user="OSMnx" version="1" changeset="1"><nd ref="2244797418" /><nd ref="348125344" /><tag k="highway" v="residential" /><tag k="lanes" v="2" /><tag k="name" v="Sherly Rajan Road" /><tag k="oneway" v="no" /></way><way id="672" timestamp="2026-04-01T21:47:02Z" uid="1" user="OSMnx" version="1" changeset="1"><nd ref="2244797437" /><nd ref="9979171954" /><tag k="highway" v="residential" /><tag k="name" v="7th Road" /><tag k="oneway" v="no" /></way><way id="673" timestamp="2026-04-01T21:47:02Z" uid="1" user="OSMnx" version="1" changeset="1"><nd ref="2244797437" /><nd ref="2244797442" /><tag k="highway" v="tertiary" /><tag k="name" v="PD Hinduja Road (Khar Pali Road)" /><tag k="oneway" v="no" /></way><way id="674" timestamp="2026-04-01T21:47:02Z" uid="1" user="OSMnx" version="1" changeset="1"><nd ref="2244797442" /><nd ref="9979171955" /><tag k="highway" v="residential" /><tag k="name" v="6th Road" /><tag k="oneway" v="no" /></way><way id="675" timestamp="2026-04-01T21:47:02Z" uid="1" user="OSMnx" version="1" changeset="1"><nd ref="2244797442" /><nd ref="245667153" /><tag k="highway" v="tertiary" /><tag k="name" v="PD Hinduja Road (Khar Pali Road)" /><tag k="oneway" v="no" /></way><way id="676" timestamp="2026-04-01T21:47:02Z" uid="1" user="OSMnx" version="1" changeset="1"><nd ref="2244797445" /><nd ref="9979171953" /><tag k="highway" v="residential" /><tag k="name" v="13th Road" /><tag k="oneway" v="no" /></way><way id="677" timestamp="2026-04-01T21:47:02Z" uid="1" user="OSMnx" version="1" changeset="1"><nd ref="2244797445" /><nd ref="1975074700" /><tag k="highway" v="tertiary" /><tag k="name" v="PD Hinduja Road (Khar Pali Road)" /><tag k="oneway" v="no" /></way><way id="678" timestamp="2026-04-01T21:47:02Z" uid="1" user="OSMnx" version="1" changeset="1"><nd ref="2244797448" /><nd ref="471554800" /><tag k="highway" v="primary" /><tag k="name" v="Swami Vivekanand Road" /><tag k="oneway" v="no" /></way><way id="679" timestamp="2026-04-01T21:47:02Z" uid="1" user="OSMnx" version="1" changeset="1"><nd ref="2244797448" /><nd ref="2244797469" /><tag k="highway" v="residential" /><tag k="name" v="10th Road" /><tag k="oneway" v="no" /></way><way id="680" timestamp="2026-04-01T21:47:02Z" uid="1" user="OSMnx" version="1" changeset="1"><nd ref="2244797465" /><nd ref="1975074700" /><tag k="highway" v="residential" /><tag k="name" v="11th Road" /><tag k="oneway" v="no" /></way><way id="681" timestamp="2026-04-01T21:47:02Z" uid="1" user="OSMnx" version="1" changeset="1"><nd ref="2244797465" /><nd ref="2244797437" /><tag k="highway" v="residential" /><tag k="name" v="9th Road" /><tag k="oneway" v="no" /></way><way id="682" timestamp="2026-04-01T21:47:02Z" uid="1" user="OSMnx" version="1" changeset="1"><nd ref="2244797469" /><nd ref="245667331" /><tag k="highway" v="residential" /><tag k="name" v="10th Road" /><tag k="oneway" v="no" /></way><way id="683" timestamp="2026-04-01T21:47:02Z" uid="1" user="OSMnx" version="1" changeset="1"><nd ref="2244797469" /><nd ref="3803645238" /><tag k="highway" v="residential" /><tag k="name" v="Guru Gangeshwar Marg" /><tag k="oneway" v="no" /></way><way id="684" timestamp="2026-04-01T21:47:02Z" uid="1" user="OSMnx" version="1" changeset="1"><nd ref="2244797478" /><nd ref="245667328" /><tag k="highway" v="residential" /><tag k="name" v="12th Road" /><tag k="oneway" v="no" /></way><way id="685" timestamp="2026-04-01T21:47:02Z" uid="1" user="OSMnx" version="1" changeset="1"><nd ref="2244797650" /><nd ref="245667877" /><tag k="highway" v="residential" /><tag k="name" v="St. Joseph's Avenue" /><tag k="oneway" v="no" /></way><way id="686" timestamp="2026-04-01T21:47:02Z" uid="1" user="OSMnx" version="1" changeset="1"><nd ref="2244797678" /><nd ref="2244797650" /><tag k="highway" v="residential" /><tag k="name" v="St. Joseph's Avenue" /><tag k="oneway" v="no" /></way><way id="687" timestamp="2026-04-01T21:47:02Z" uid="1" user="OSMnx" version="1" changeset="1"><nd ref="2247989176" /><nd ref="13528689952" /><tag k="highway" v="tertiary_link" /><tag k="oneway" v="no" /></way><way id="688" timestamp="2026-04-01T21:47:02Z" uid="1" user="OSMnx" version="1" changeset="1"><nd ref="2247989176" /><nd ref="7206407305" /><tag k="highway" v="tertiary" /><tag k="name" v="K C Marg" /><tag k="oneway" v="no" /></way><way id="689" timestamp="2026-04-01T21:47:02Z" uid="1" user="OSMnx" version="1" changeset="1"><nd ref="2247989185" /><nd ref="6950683785" /><tag k="highway" v="residential" /><tag k="oneway" v="no" /></way><way id="690" timestamp="2026-04-01T21:47:02Z" uid="1" user="OSMnx" version="1" changeset="1"><nd ref="2247989191" /><nd ref="6950628981" /><tag k="highway" v="living_street" /><tag k="oneway" v="no" /></way><way id="691" timestamp="2026-04-01T21:47:02Z" uid="1" user="OSMnx" version="1" changeset="1"><nd ref="2247989194" /><nd ref="9681688995" /><tag k="highway" v="living_street" /><tag k="name" v="NL Road" /><tag k="oneway" v="no" /></way><way id="692" timestamp="2026-04-01T21:47:02Z" uid="1" user="OSMnx" version="1" changeset="1"><nd ref="2247989204" /><nd ref="10277700917" /><tag k="highway" v="secondary" /><tag k="maxspeed" v="30" /><tag k="name" v="Hill Road" /><tag k="oneway" v="no" /></way><way id="693" timestamp="2026-04-01T21:47:02Z" uid="1" user="OSMnx" version="1" changeset="1"><nd ref="2247989204" /><nd ref="9784861778" /><tag k="highway" v="residential" /><tag k="name" v="Prabhu Ramchandra Mandir Road" /><tag k="oneway" v="no" /></way><way id="694" timestamp="2026-04-01T21:47:02Z" uid="1" user="OSMnx" version="1" changeset="1"><nd ref="2247989218" /><nd ref="347176820" /><tag k="highway" v="secondary" /><tag k="lanes" v="1" /><tag k="name" v="['Gurunanak Marg (Turner Road)', 'Gurunanak Marg']" /><tag k="oneway" v="no" /></way><way id="695" timestamp="2026-04-01T21:47:02Z" uid="1" user="OSMnx" version="1" changeset="1"><nd ref="2247989252" /><nd ref="347176820" /><tag k="highway" v="residential" /><tag k="name" v="SG Joshi Marg" /><tag k="oneway" v="no" /></way><way id="696" timestamp="2026-04-01T21:47:02Z" uid="1" user="OSMnx" version="1" changeset="1"><nd ref="2247989252" /><nd ref="4328028263" /><tag k="highway" v="residential" /><tag k="name" v="National Library Road / Nandi Galli" /><tag k="oneway" v="no" /></way><way id="697" timestamp="2026-04-01T21:47:02Z" uid="1" user="OSMnx" version="1" changeset="1"><nd ref="2247989255" /><nd ref="346633199" /><tag k="highway" v="secondary" /><tag k="maxspeed" v="30" /><tag k="name" v="Hill Road" /><tag k="oneway" v="no" /></way><way id="698" timestamp="2026-04-01T21:47:02Z" uid="1" user="OSMnx" version="1" changeset="1"><nd ref="2247989258" /><nd ref="346633203" /><tag k="highway" v="tertiary" /><tag k="name" v="RK Patkar Marg" /><tag k="oneway" v="no" /></way><way id="699" timestamp="2026-04-01T21:47:02Z" uid="1" user="OSMnx" version="1" changeset="1"><nd ref="2247989261" /><nd ref="347175185" /><tag k="highway" v="residential" /><tag k="name" v="St. Martin's Road" /><tag k="oneway" v="no" /></way><way id="700" timestamp="2026-04-01T21:47:02Z" uid="1" user="OSMnx" version="1" changeset="1"><nd ref="2247989261" /><nd ref="2247989258" /><tag k="highway" v="residential" /><tag k="oneway" v="no" /></way><way id="701" timestamp="2026-04-01T21:47:02Z" uid="1" user="OSMnx" version="1" changeset="1"><nd ref="2250795734" /><nd ref="245664667" /><tag k="highway" v="motorway_link" /><tag k="oneway" v="no" /></way><way id="702" timestamp="2026-04-01T21:47:02Z" uid="1" user="OSMnx" version="1" changeset="1"><nd ref="2299496543" /><nd ref="13521149002" /><tag k="highway" v="secondary" /><tag k="lanes" v="4" /><tag k="name" v="Carter Road" /><tag k="oneway" v="no" /></way><way id="703" timestamp="2026-04-01T21:47:02Z" uid="1" user="OSMnx" version="1" changeset="1"><nd ref="2299496543" /><nd ref="7298842042" /><tag k="highway" v="residential" /><tag k="name" v="Sanjana Lane" /><tag k="oneway" v="no" /></way><way id="704" timestamp="2026-04-01T21:47:02Z" uid="1" user="OSMnx" version="1" changeset="1"><nd ref="2440075900" /><nd ref="2247989252" /><tag k="highway" v="residential" /><tag k="name" v="SG Joshi Marg" /><tag k="oneway" v="no" /></way><way id="705" timestamp="2026-04-01T21:47:02Z" uid="1" user="OSMnx" version="1" changeset="1"><nd ref="2440075900" /><nd ref="9739950373" /><tag k="highway" v="primary" /><tag k="name" v="Swami Vivekanand Road" /><tag k="oneway" v="no" /></way><way id="706" timestamp="2026-04-01T21:47:02Z" uid="1" user="OSMnx" version="1" changeset="1"><nd ref="2440075904" /><nd ref="347192305" /><tag k="highway" v="residential" /><tag k="name" v="21st Road" /><tag k="oneway" v="no" /></way><way id="707" timestamp="2026-04-01T21:47:02Z" uid="1" user="OSMnx" version="1" changeset="1"><nd ref="2440075904" /><nd ref="2442390177" /><tag k="highway" v="residential" /><tag k="oneway" v="no" /></way><way id="708" timestamp="2026-04-01T21:47:02Z" uid="1" user="OSMnx" version="1" changeset="1"><nd ref="2442390174" /><nd ref="11141000305" /><tag k="highway" v="residential" /><tag k="oneway" v="no" /></way><way id="709" timestamp="2026-04-01T21:47:02Z" uid="1" user="OSMnx" version="1" changeset="1"><nd ref="2442390174" /><nd ref="347179817" /><tag k="highway" v="residential" /><tag k="name" v="Padmashree Mohammed Rafi Marg (16th Road)" /><tag k="oneway" v="no" /></way><way id="710" timestamp="2026-04-01T21:47:02Z" uid="1" user="OSMnx" version="1" changeset="1"><nd ref="2442390177" /><nd ref="10198782962" /><tag k="highway" v="residential" /><tag k="oneway" v="no" /></way><way id="711" timestamp="2026-04-01T21:47:02Z" uid="1" user="OSMnx" version="1" changeset="1"><nd ref="2442390177" /><nd ref="2244797254" /><tag k="highway" v="living_street" /><tag k="oneway" v="no" /></way><way id="712" timestamp="2026-04-01T21:47:02Z" uid="1" user="OSMnx" version="1" changeset="1"><nd ref="2629418467" /><nd ref="6590248275" /><tag k="highway" v="secondary" /><tag k="name" v="Gurunanak Marg (Turner Road)" /><tag k="oneway" v="no" /></way><way id="713" timestamp="2026-04-01T21:47:02Z" uid="1" user="OSMnx" version="1" changeset="1"><nd ref="2629418467" /><nd ref="13063238673" /><tag k="highway" v="residential" /><tag k="lanes" v="2" /><tag k="name" v="S. G. Joshi Marg" /><tag k="oneway" v="no" /></way><way id="714" timestamp="2026-04-01T21:47:02Z" uid="1" user="OSMnx" version="1" changeset="1"><nd ref="2629418478" /><nd ref="5342165308" /><tag k="highway" v="secondary" /><tag k="lanes" v="1" /><tag k="name" v="Gurunanak Marg" /><tag k="oneway" v="no" /></way><way id="715" timestamp="2026-04-01T21:47:02Z" uid="1" user="OSMnx" version="1" changeset="1"><nd ref="2629418478" /><nd ref="10272736790" /><tag k="highway" v="primary" /><tag k="name" v="Swami Vivekanand Road" /><tag k="oneway" v="no" /></way><way id="716" timestamp="2026-04-01T21:47:02Z" uid="1" user="OSMnx" version="1" changeset="1"><nd ref="2629418478" /><nd ref="6292784553" /><tag k="highway" v="secondary" /><tag k="name" v="Linking Road" /><tag k="oneway" v="no" /></way><way id="717" timestamp="2026-04-01T21:47:02Z" uid="1" user="OSMnx" version="1" changeset="1"><nd ref="2629418492" /><nd ref="347179288" /><tag k="highway" v="residential" /><tag k="name" v="30th Road" /><tag k="oneway" v="no" /></way><way id="718" timestamp="2026-04-01T21:47:02Z" uid="1" user="OSMnx" version="1" changeset="1"><nd ref="2629418492" /><nd ref="10272736790" /><tag k="highway" v="secondary" /><tag k="name" v="Linking Road" /><tag k="oneway" v="no" /></way><way id="719" timestamp="2026-04-01T21:47:02Z" uid="1" user="OSMnx" version="1" changeset="1"><nd ref="2629418495" /><nd ref="2244797263" /><tag k="highway" v="tertiary" /><tag k="name" v="PG Kher Marg" /><tag k="oneway" v="no" /></way><way id="720" timestamp="2026-04-01T21:47:02Z" uid="1" user="OSMnx" version="1" changeset="1"><nd ref="2629418495" /><nd ref="2629418492" /><tag k="highway" v="secondary" /><tag k="name" v="Linking Road" /><tag k="oneway" v="no" /></way><way id="721" timestamp="2026-04-01T21:47:02Z" uid="1" user="OSMnx" version="1" changeset="1"><nd ref="2629418497" /><nd ref="471566319" /><tag k="highway" v="secondary" /><tag k="name" v="Linking Road" /><tag k="oneway" v="no" /></way><way id="722" timestamp="2026-04-01T21:47:02Z" uid="1" user="OSMnx" version="1" changeset="1"><nd ref="2629418498" /><nd ref="10878501991" /><tag k="highway" v="secondary" /><tag k="name" v="Linking Road" /><tag k="oneway" v="no" /></way><way id="723" timestamp="2026-04-01T21:47:02Z" uid="1" user="OSMnx" version="1" changeset="1"><nd ref="2629418499" /><nd ref="2629418498" /><tag k="highway" v="secondary" /><tag k="name" v="Linking Road" /><tag k="oneway" v="no" /></way><way id="724" timestamp="2026-04-01T21:47:02Z" uid="1" user="OSMnx" version="1" changeset="1"><nd ref="2629418501" /><nd ref="9979171957" /><tag k="highway" v="secondary" /><tag k="name" v="Linking Road" /><tag k="oneway" v="no" /></way><way id="725" timestamp="2026-04-01T21:47:02Z" uid="1" user="OSMnx" version="1" changeset="1"><nd ref="2629418501" /><nd ref="1975074702" /><tag k="highway" v="tertiary" /><tag k="name" v="PD Hinduja Road (Khar Pali Road)" /><tag k="oneway" v="no" /></way><way id="726" timestamp="2026-04-01T21:47:02Z" uid="1" user="OSMnx" version="1" changeset="1"><nd ref="2629418520" /><nd ref="6435814632" /><tag k="highway" v="secondary" /><tag k="name" v="Linking Road" /><tag k="oneway" v="no" /></way><way id="727" timestamp="2026-04-01T21:47:02Z" uid="1" user="OSMnx" version="1" changeset="1"><nd ref="2629418520" /><nd ref="11497379659" /><tag k="highway" v="tertiary" /><tag k="name" v="Ramrao Nayak Marg" /><tag k="oneway" v="no" /></way><way id="728" timestamp="2026-04-01T21:47:02Z" uid="1" user="OSMnx" version="1" changeset="1"><nd ref="2629418526" /><nd ref="245667503" /><tag k="highway" v="tertiary" /><tag k="name" v="Chitrakar Durandhar Road (2nd Road)" /><tag k="oneway" v="no" /></way><way id="729" timestamp="2026-04-01T21:47:02Z" uid="1" user="OSMnx" version="1" changeset="1"><nd ref="2629418526" /><nd ref="2629418520" /><tag k="highway" v="secondary" /><tag k="name" v="Linking Road" /><tag k="oneway" v="no" /></way><way id="730" timestamp="2026-04-01T21:47:02Z" uid="1" user="OSMnx" version="1" changeset="1"><nd ref="2629418527" /><nd ref="2629418526" /><tag k="highway" v="secondary" /><tag k="name" v="Linking Road" /><tag k="oneway" v="no" /></way><way id="731" timestamp="2026-04-01T21:47:02Z" uid="1" user="OSMnx" version="1" changeset="1"><nd ref="2629418527" /><nd ref="245667607" /><tag k="highway" v="residential" /><tag k="name" v="8th Road" /><tag k="oneway" v="no" /></way><way id="732" timestamp="2026-04-01T21:47:02Z" uid="1" user="OSMnx" version="1" changeset="1"><nd ref="2629418528" /><nd ref="245667763" /><tag k="highway" v="residential" /><tag k="name" v="9th Road" /><tag k="oneway" v="no" /></way><way id="733" timestamp="2026-04-01T21:47:02Z" uid="1" user="OSMnx" version="1" changeset="1"><nd ref="2629418528" /><nd ref="2629418527" /><tag k="highway" v="secondary" /><tag k="name" v="Linking Road" /><tag k="oneway" v="no" /></way><way id="734" timestamp="2026-04-01T21:47:02Z" uid="1" user="OSMnx" version="1" changeset="1"><nd ref="2629418529" /><nd ref="245667875" /><tag k="highway" v="tertiary" /><tag k="lanes" v="2" /><tag k="name" v="South Avenue" /><tag k="oneway" v="no" /></way><way id="735" timestamp="2026-04-01T21:47:02Z" uid="1" user="OSMnx" version="1" changeset="1"><nd ref="2629418529" /><nd ref="2629418528" /><tag k="highway" v="secondary" /><tag k="name" v="Linking Road" /><tag k="oneway" v="no" /></way><way id="736" timestamp="2026-04-01T21:47:02Z" uid="1" user="OSMnx" version="1" changeset="1"><nd ref="2629418530" /><nd ref="245668023" /><tag k="highway" v="residential" /><tag k="name" v="BC Chatterjee Marg" /><tag k="oneway" v="no" /></way><way id="737" timestamp="2026-04-01T21:47:02Z" uid="1" user="OSMnx" version="1" changeset="1"><nd ref="2629418530" /><nd ref="2629418529" /><tag k="highway" v="secondary" /><tag k="name" v="Linking Road" /><tag k="oneway" v="no" /></way><way id="738" timestamp="2026-04-01T21:47:02Z" uid="1" user="OSMnx" version="1" changeset="1"><nd ref="2629418531" /><nd ref="245668221" /><tag k="highway" v="tertiary" /><tag k="name" v="North Avenue" /><tag k="oneway" v="no" /></way><way id="739" timestamp="2026-04-01T21:47:02Z" uid="1" user="OSMnx" version="1" changeset="1"><nd ref="2629418531" /><nd ref="2629418530" /><tag k="highway" v="secondary" /><tag k="name" v="Linking Road" /><tag k="oneway" v="no" /></way><way id="740" timestamp="2026-04-01T21:47:02Z" uid="1" user="OSMnx" version="1" changeset="1"><nd ref="2629418532" /><nd ref="245668379" /><tag k="highway" v="secondary" /><tag k="name" v="Linking Road" /><tag k="oneway" v="no" /></way><way id="741" timestamp="2026-04-01T21:47:02Z" uid="1" user="OSMnx" version="1" changeset="1"><nd ref="2629418533" /><nd ref="2629418532" /><tag k="highway" v="residential" /><tag k="oneway" v="no" /></way><way id="742" timestamp="2026-04-01T21:47:02Z" uid="1" user="OSMnx" version="1" changeset="1"><nd ref="2629418533" /><nd ref="2629418531" /><tag k="highway" v="secondary" /><tag k="name" v="Linking Road" /><tag k="oneway" v="no" /></way><way id="743" timestamp="2026-04-01T21:47:02Z" uid="1" user="OSMnx" version="1" changeset="1"><nd ref="2841960950" /><nd ref="1654348806" /><tag k="highway" v="secondary" /><tag k="name" v="Mount Carmel Road" /><tag k="oneway" v="no" /></way><way id="744" timestamp="2026-04-01T21:47:02Z" uid="1" user="OSMnx" version="1" changeset="1"><nd ref="2841960950" /><nd ref="10685130180" /><tag k="highway" v="secondary_link" /><tag k="name" v="Mehboob Kahn Chowk" /><tag k="oneway" v="no" /></way><way id="745" timestamp="2026-04-01T21:47:02Z" uid="1" user="OSMnx" version="1" changeset="1"><nd ref="2852214021" /><nd ref="2852214022" /><tag k="highway" v="residential" /><tag k="name" v="Tertullian Road" /><tag k="oneway" v="no" /></way><way id="746" timestamp="2026-04-01T21:47:02Z" uid="1" user="OSMnx" version="1" changeset="1"><nd ref="2852214021" /><nd ref="346621846" /><tag k="highway" v="residential" /><tag k="name" v="['Rebello Road', 'Dr. Peter Dias Road']" /><tag k="oneway" v="no" /></way><way id="747" timestamp="2026-04-01T21:47:02Z" uid="1" user="OSMnx" version="1" changeset="1"><nd ref="2852214022" /><nd ref="2852214023" /><tag k="highway" v="residential" /><tag k="name" v="Tertullian Road" /><tag k="oneway" v="no" /></way><way id="748" timestamp="2026-04-01T21:47:02Z" uid="1" user="OSMnx" version="1" changeset="1"><nd ref="2852214022" /><nd ref="12927277249" /><tag k="highway" v="residential" /><tag k="oneway" v="no" /></way><way id="749" timestamp="2026-04-01T21:47:02Z" uid="1" user="OSMnx" version="1" changeset="1"><nd ref="3047087313" /><nd ref="3803645243" /><tag k="highway" v="residential" /><tag k="oneway" v="no" /></way><way id="750" timestamp="2026-04-01T21:47:02Z" uid="1" user="OSMnx" version="1" changeset="1"><nd ref="3047087313" /><nd ref="347194745" /><tag k="highway" v="tertiary" /><tag k="lanes" v="2" /><tag k="name" v="Dr. BR Ambedkar Road" /><tag k="oneway" v="no" /></way><way id="751" timestamp="2026-04-01T21:47:02Z" uid="1" user="OSMnx" version="1" changeset="1"><nd ref="3405685925" /><nd ref="347195204" /><tag k="highway" v="tertiary" /><tag k="lanes" v="2" /><tag k="name" v="Groove Street" /><tag k="oneway" v="no" /></way><way id="752" timestamp="2026-04-01T21:47:02Z" uid="1" user="OSMnx" version="1" changeset="1"><nd ref="3405685925" /><nd ref="1514453223" /><tag k="highway" v="residential" /><tag k="lanes" v="1" /><tag k="name" v="Chuim Village Road" /><tag k="oneway" v="no" /></way><way id="753" timestamp="2026-04-01T21:47:02Z" uid="1" user="OSMnx" version="1" changeset="1"><nd ref="3405719580" /><nd ref="245667802" /><tag k="highway" v="residential" /><tag k="lanes" v="1" /><tag k="name" v="Chuim Village Road" /><tag k="oneway" v="no" /></way><way id="754" timestamp="2026-04-01T21:47:02Z" uid="1" user="OSMnx" version="1" changeset="1"><nd ref="3405719580" /><nd ref="1514453223" /><tag k="highway" v="residential" /><tag k="oneway" v="no" /></way><way id="755" timestamp="2026-04-01T21:47:02Z" uid="1" user="OSMnx" version="1" changeset="1"><nd ref="3628311669" /><nd ref="347197290" /><tag k="highway" v="residential" /><tag k="lanes" v="2" /><tag k="name" v="Pali Mala Road" /><tag k="oneway" v="no" /></way><way id="756" timestamp="2026-04-01T21:47:02Z" uid="1" user="OSMnx" version="1" changeset="1"><nd ref="3628311669" /><nd ref="347276740" /><tag k="highway" v="residential" /><tag k="name" v="New Kantwadi Road" /><tag k="oneway" v="no" /></way><way id="757" timestamp="2026-04-01T21:47:02Z" uid="1" user="OSMnx" version="1" changeset="1"><nd ref="3803075012" /><nd ref="7298842024" /><tag k="highway" v="residential" /><tag k="lanes" v="2" /><tag k="name" v="Graffiti Lane" /><tag k="oneway" v="no" /></way><way id="758" timestamp="2026-04-01T21:47:02Z" uid="1" user="OSMnx" version="1" changeset="1"><nd ref="3803643852" /><nd ref="3628311669" /><tag k="highway" v="residential" /><tag k="lanes" v="1" /><tag k="name" v="St. Anne's Lane" /><tag k="oneway" v="no" /></way><way id="759" timestamp="2026-04-01T21:47:02Z" uid="1" user="OSMnx" version="1" changeset="1"><nd ref="3803645189" /><nd ref="3803645191" /><tag k="highway" v="residential" /><tag k="name" v="5th Road" /><tag k="oneway" v="no" /></way><way id="760" timestamp="2026-04-01T21:47:02Z" uid="1" user="OSMnx" version="1" changeset="1"><nd ref="3803645191" /><nd ref="1936355375" /><tag k="highway" v="primary" /><tag k="name" v="Swami Vivekanand Road" /><tag k="oneway" v="no" /></way><way id="761" timestamp="2026-04-01T21:47:02Z" uid="1" user="OSMnx" version="1" changeset="1"><nd ref="3803645207" /><nd ref="357798218" /><tag k="highway" v="residential" /><tag k="name" v="3rd Road" /><tag k="oneway" v="no" /></way><way id="762" timestamp="2026-04-01T21:47:02Z" uid="1" user="OSMnx" version="1" changeset="1"><nd ref="3803645207" /><nd ref="3803645185" /><tag k="highway" v="residential" /><tag k="oneway" v="no" /></way><way id="763" timestamp="2026-04-01T21:47:02Z" uid="1" user="OSMnx" version="1" changeset="1"><nd ref="3803645231" /><nd ref="2244797478" /><tag k="highway" v="residential" /><tag k="name" v="Guru Gangeshwar Marg" /><tag k="oneway" v="no" /></way><way id="764" timestamp="2026-04-01T21:47:02Z" uid="1" user="OSMnx" version="1" changeset="1"><nd ref="3803645231" /><nd ref="2629418501" /><tag k="highway" v="secondary" /><tag k="name" v="Linking Road" /><tag k="oneway" v="no" /></way><way id="765" timestamp="2026-04-01T21:47:02Z" uid="1" user="OSMnx" version="1" changeset="1"><nd ref="3803645238" /><nd ref="2244797465" /><tag k="highway" v="residential" /><tag k="name" v="11th Road" /><tag k="oneway" v="no" /></way><way id="766" timestamp="2026-04-01T21:47:02Z" uid="1" user="OSMnx" version="1" changeset="1"><nd ref="3803645238" /><nd ref="2244797478" /><tag k="highway" v="residential" /><tag k="name" v="Guru Gangeshwar Marg" /><tag k="oneway" v="no" /></way><way id="767" timestamp="2026-04-01T21:47:02Z" uid="1" user="OSMnx" version="1" changeset="1"><nd ref="3803645240" /><nd ref="245667328" /><tag k="highway" v="tertiary" /><tag k="name" v="Ramrao Nayak Marg" /><tag k="oneway" v="no" /></way><way id="768" timestamp="2026-04-01T21:47:02Z" uid="1" user="OSMnx" version="1" changeset="1"><nd ref="3803645240" /><nd ref="3803645238" /><tag k="highway" v="residential" /><tag k="name" v="11th Road" /><tag k="oneway" v="no" /></way><way id="769" timestamp="2026-04-01T21:47:02Z" uid="1" user="OSMnx" version="1" changeset="1"><nd ref="3803645241" /><nd ref="245667348" /><tag k="highway" v="residential" /><tag k="name" v="Union Park Road" /><tag k="oneway" v="no" /></way><way id="770" timestamp="2026-04-01T21:47:02Z" uid="1" user="OSMnx" version="1" changeset="1"><nd ref="3803645241" /><nd ref="3803645247" /><tag k="highway" v="residential" /><tag k="oneway" v="no" /></way><way id="771" timestamp="2026-04-01T21:47:02Z" uid="1" user="OSMnx" version="1" changeset="1"><nd ref="3803645363" /><nd ref="245667826" /><tag k="highway" v="secondary" /><tag k="lanes" v="2" /><tag k="name" v="Chitrakar Dhurandar Road" /><tag k="oneway" v="no" /></way><way id="772" timestamp="2026-04-01T21:47:02Z" uid="1" user="OSMnx" version="1" changeset="1"><nd ref="3803645363" /><nd ref="3803645371" /><tag k="highway" v="residential" /><tag k="name" v="20th A Road" /><tag k="oneway" v="no" /></way><way id="773" timestamp="2026-04-01T21:47:02Z" uid="1" user="OSMnx" version="1" changeset="1"><nd ref="3803645380" /><nd ref="245667939" /><tag k="highway" v="tertiary" /><tag k="lanes" v="2" /><tag k="maxspeed" v="30" /><tag k="name" v="Maru Aai Mandir Road" /><tag k="oneway" v="no" /></way><way id="774" timestamp="2026-04-01T21:47:02Z" uid="1" user="OSMnx" version="1" changeset="1"><nd ref="3803645393" /><nd ref="13521071890" /><tag k="highway" v="living_street" /><tag k="oneway" v="no" /></way><way id="775" timestamp="2026-04-01T21:47:02Z" uid="1" user="OSMnx" version="1" changeset="1"><nd ref="3803645401" /><nd ref="245668010" /><tag k="highway" v="tertiary" /><tag k="lanes" v="2" /><tag k="maxspeed" v="30" /><tag k="name" v="Maru Aai Mandir Road" /><tag k="oneway" v="no" /></way><way id="776" timestamp="2026-04-01T21:47:02Z" uid="1" user="OSMnx" version="1" changeset="1"><nd ref="3803645401" /><nd ref="10091567336" /><tag k="highway" v="residential" /><tag k="name" v="Chavkute Lane" /><tag k="oneway" v="no" /></way><way id="777" timestamp="2026-04-01T21:47:02Z" uid="1" user="OSMnx" version="1" changeset="1"><nd ref="3803645413" /><nd ref="245668256" /><tag k="highway" v="tertiary" /><tag k="name" v="North Avenue" /><tag k="oneway" v="no" /></way><way id="778" timestamp="2026-04-01T21:47:02Z" uid="1" user="OSMnx" version="1" changeset="1"><nd ref="3803645413" /><nd ref="6583717550" /><tag k="highway" v="residential" /><tag k="oneway" v="no" /></way><way id="779" timestamp="2026-04-01T21:47:02Z" uid="1" user="OSMnx" version="1" changeset="1"><nd ref="3803645416" /><nd ref="245668328" /><tag k="highway" v="tertiary" /><tag k="name" v="S B Patil Road" /><tag k="oneway" v="no" /></way><way id="780" timestamp="2026-04-01T21:47:02Z" uid="1" user="OSMnx" version="1" changeset="1"><nd ref="3803645416" /><nd ref="8695589329" /><tag k="highway" v="residential" /><tag k="name" v="Bandh Creek Road 2" /><tag k="oneway" v="no" /></way><way id="781" timestamp="2026-04-01T21:47:02Z" uid="1" user="OSMnx" version="1" changeset="1"><nd ref="3803645421" /><nd ref="2629418532" /><tag k="highway" v="secondary" /><tag k="name" v="Linking Road" /><tag k="oneway" v="no" /></way><way id="782" timestamp="2026-04-01T21:47:02Z" uid="1" user="OSMnx" version="1" changeset="1"><nd ref="3803645423" /><nd ref="3803645430" /><tag k="highway" v="residential" /><tag k="name" v="SV Patel Road" /><tag k="oneway" v="no" /></way><way id="783" timestamp="2026-04-01T21:47:02Z" uid="1" user="OSMnx" version="1" changeset="1"><nd ref="3803645423" /><nd ref="3803645421" /><tag k="highway" v="residential" /><tag k="oneway" v="no" /></way><way id="784" timestamp="2026-04-01T21:47:02Z" uid="1" user="OSMnx" version="1" changeset="1"><nd ref="3803645429" /><nd ref="3803645437" /><tag k="highway" v="residential" /><tag k="oneway" v="no" /></way><way id="785" timestamp="2026-04-01T21:47:02Z" uid="1" user="OSMnx" version="1" changeset="1"><nd ref="3803645437" /><nd ref="2629418533" /><tag k="highway" v="residential" /><tag k="oneway" v="no" /></way><way id="786" timestamp="2026-04-01T21:47:02Z" uid="1" user="OSMnx" version="1" changeset="1"><nd ref="4309664910" /><nd ref="615517868" /><tag k="highway" v="residential" /><tag k="lanes" v="2" /><tag k="maxspeed" v="20" /><tag k="name" v="Kadeshwari Mandir Marg" /><tag k="oneway" v="no" /></way><way id="787" timestamp="2026-04-01T21:47:02Z" uid="1" user="OSMnx" version="1" changeset="1"><nd ref="4309664910" /><nd ref="4309664914" /><tag k="highway" v="residential" /><tag k="name" v="Cemetry Road" /><tag k="oneway" v="no" /></way><way id="788" timestamp="2026-04-01T21:47:02Z" uid="1" user="OSMnx" version="1" changeset="1"><nd ref="4310550234" /><nd ref="347149014" /><tag k="highway" v="residential" /><tag k="oneway" v="no" /></way><way id="789" timestamp="2026-04-01T21:47:02Z" uid="1" user="OSMnx" version="1" changeset="1"><nd ref="4310550234" /><nd ref="2440075900" /><tag k="highway" v="primary" /><tag k="name" v="Swami Vivekanand Road" /><tag k="oneway" v="no" /></way><way id="790" timestamp="2026-04-01T21:47:02Z" uid="1" user="OSMnx" version="1" changeset="1"><nd ref="4328027958" /><nd ref="4328028027" /><tag k="highway" v="living_street" /><tag k="oneway" v="no" /></way><way id="791" timestamp="2026-04-01T21:47:02Z" uid="1" user="OSMnx" version="1" changeset="1"><nd ref="4328027977" /><nd ref="2128601587" /><tag k="highway" v="residential" /><tag k="oneway" v="no" /></way><way id="792" timestamp="2026-04-01T21:47:02Z" uid="1" user="OSMnx" version="1" changeset="1"><nd ref="4328027977" /><nd ref="4328028045" /><tag k="highway" v="living_street" /><tag k="oneway" v="no" /></way><way id="793" timestamp="2026-04-01T21:47:02Z" uid="1" user="OSMnx" version="1" changeset="1"><nd ref="4328028027" /><nd ref="9739285675" /><tag k="highway" v="residential" /><tag k="oneway" v="no" /></way><way id="794" timestamp="2026-04-01T21:47:02Z" uid="1" user="OSMnx" version="1" changeset="1"><nd ref="4328028201" /><nd ref="8589026517" /><tag k="highway" v="living_street" /><tag k="oneway" v="no" /></way><way id="795" timestamp="2026-04-01T21:47:02Z" uid="1" user="OSMnx" version="1" changeset="1"><nd ref="4328028201" /><nd ref="9739950371" /><tag k="highway" v="secondary" /><tag k="name" v="Bandra Station Road" /><tag k="oneway" v="no" /></way><way id="796" timestamp="2026-04-01T21:47:02Z" uid="1" user="OSMnx" version="1" changeset="1"><nd ref="4328028263" /><nd ref="2247989218" /><tag k="highway" v="residential" /><tag k="name" v="National Library Road / Nandi Galli" /><tag k="oneway" v="no" /></way><way id="797" timestamp="2026-04-01T21:47:02Z" uid="1" user="OSMnx" version="1" changeset="1"><nd ref="4328035957" /><nd ref="10277700921" /><tag k="highway" v="primary" /><tag k="name" v="Swami Vivekanand Road" /><tag k="oneway" v="no" /></way><way id="798" timestamp="2026-04-01T21:47:02Z" uid="1" user="OSMnx" version="1" changeset="1"><nd ref="4328035957" /><nd ref="9739950373" /><tag k="highway" v="secondary" /><tag k="maxspeed" v="30" /><tag k="name" v="Hill Road" /><tag k="oneway" v="no" /></way><way id="799" timestamp="2026-04-01T21:47:02Z" uid="1" user="OSMnx" version="1" changeset="1"><nd ref="4328035970" /><nd ref="346633210" /><tag k="highway" v="secondary" /><tag k="maxspeed" v="30" /><tag k="name" v="Hill Road" /><tag k="oneway" v="no" /></way><way id="800" timestamp="2026-04-01T21:47:02Z" uid="1" user="OSMnx" version="1" changeset="1"><nd ref="4328035970" /><nd ref="9916444554" /><tag k="highway" v="secondary" /><tag k="oneway" v="no" /></way><way id="801" timestamp="2026-04-01T21:47:02Z" uid="1" user="OSMnx" version="1" changeset="1"><nd ref="4345662337" /><nd ref="706122775" /><tag k="highway" v="residential" /><tag k="name" v="Almeida Park Road" /><tag k="oneway" v="no" /></way><way id="802" timestamp="2026-04-01T21:47:02Z" uid="1" user="OSMnx" version="1" changeset="1"><nd ref="4345662337" /><nd ref="4345662338" /><tag k="highway" v="residential" /><tag k="oneway" v="no" /></way><way id="803" timestamp="2026-04-01T21:47:02Z" uid="1" user="OSMnx" version="1" changeset="1"><nd ref="4350660441" /><nd ref="4350660442" /><tag k="highway" v="residential" /><tag k="oneway" v="no" /></way><way id="804" timestamp="2026-04-01T21:47:02Z" uid="1" user="OSMnx" version="1" changeset="1"><nd ref="4350660441" /><nd ref="346621512" /><tag k="highway" v="residential" /><tag k="name" v="Veronica Road" /><tag k="oneway" v="no" /></way><way id="805" timestamp="2026-04-01T21:47:02Z" uid="1" user="OSMnx" version="1" changeset="1"><nd ref="4352203867" /><nd ref="13503523491" /><tag k="highway" v="tertiary" /><tag k="name" v="S B Patil Road" /><tag k="oneway" v="no" /></way><way id="806" timestamp="2026-04-01T21:47:02Z" uid="1" user="OSMnx" version="1" changeset="1"><nd ref="4352203867" /><nd ref="8695589328" /><tag k="highway" v="residential" /><tag k="name" v="Bandh Creek Road 1" /><tag k="oneway" v="no" /></way><way id="807" timestamp="2026-04-01T21:47:02Z" uid="1" user="OSMnx" version="1" changeset="1"><nd ref="4352203883" /><nd ref="5887563940" /><tag k="highway" v="residential" /><tag k="oneway" v="no" /></way><way id="808" timestamp="2026-04-01T21:47:02Z" uid="1" user="OSMnx" version="1" changeset="1"><nd ref="4352203883" /><nd ref="347194068" /><tag k="highway" v="residential" /><tag k="name" v="23rd Road (St. Theresa's Road)" /><tag k="oneway" v="no" /></way><way id="809" timestamp="2026-04-01T21:47:02Z" uid="1" user="OSMnx" version="1" changeset="1"><nd ref="4352203883" /><nd ref="471566305" /><tag k="highway" v="residential" /><tag k="name" v="23rd Road (St. Theresa's Road)" /><tag k="oneway" v="no" /></way><way id="810" timestamp="2026-04-01T21:47:02Z" uid="1" user="OSMnx" version="1" changeset="1"><nd ref="4352203887" /><nd ref="4362546076" /><tag k="highway" v="residential" /><tag k="name" v="N Dayabhai Road" /><tag k="oneway" v="no" /></way><way id="811" timestamp="2026-04-01T21:47:02Z" uid="1" user="OSMnx" version="1" changeset="1"><nd ref="4352220330" /><nd ref="4352220331" /><tag k="highway" v="residential" /><tag k="oneway" v="no" /></way><way id="812" timestamp="2026-04-01T21:47:02Z" uid="1" user="OSMnx" version="1" changeset="1"><nd ref="4352220331" /><nd ref="347108043" /><tag k="highway" v="residential" /><tag k="name" v="Chimbai Road" /><tag k="oneway" v="no" /></way><way id="813" timestamp="2026-04-01T21:47:02Z" uid="1" user="OSMnx" version="1" changeset="1"><nd ref="4352220332" /><nd ref="4352220333" /><tag k="highway" v="residential" /><tag k="oneway" v="no" /></way><way id="814" timestamp="2026-04-01T21:47:02Z" uid="1" user="OSMnx" version="1" changeset="1"><nd ref="4352220333" /><nd ref="537791259" /><tag k="highway" v="tertiary" /><tag k="name" v="St. Paul Road" /><tag k="oneway" v="no" /></way><way id="815" timestamp="2026-04-01T21:47:02Z" uid="1" user="OSMnx" version="1" changeset="1"><nd ref="4352220334" /><nd ref="4352220335" /><tag k="highway" v="residential" /><tag k="lanes" v="1" /><tag k="oneway" v="no" /></way><way id="816" timestamp="2026-04-01T21:47:02Z" uid="1" user="OSMnx" version="1" changeset="1"><nd ref="4352220335" /><nd ref="2173707418" /><tag k="highway" v="residential" /><tag k="lanes" v="1" /><tag k="name" v="St. Andrew Road Extension" /><tag k="oneway" v="no" /></way><way id="817" timestamp="2026-04-01T21:47:02Z" uid="1" user="OSMnx" version="1" changeset="1"><nd ref="4352220336" /><nd ref="2244797328" /><tag k="highway" v="residential" /><tag k="name" v="34th Road" /><tag k="oneway" v="no" /></way><way id="818" timestamp="2026-04-01T21:47:02Z" uid="1" user="OSMnx" version="1" changeset="1"><nd ref="4352220336" /><nd ref="245666879" /><tag k="highway" v="residential" /><tag k="oneway" v="no" /></way><way id="819" timestamp="2026-04-01T21:47:02Z" uid="1" user="OSMnx" version="1" changeset="1"><nd ref="4352220342" /><nd ref="498661100" /><tag k="highway" v="residential" /><tag k="name" v="Nibbana Road" /><tag k="oneway" v="no" /></way><way id="820" timestamp="2026-04-01T21:47:02Z" uid="1" user="OSMnx" version="1" changeset="1"><nd ref="4352220342" /><nd ref="4352220345" /><tag k="highway" v="residential" /><tag k="name" v="4th Lane" /><tag k="oneway" v="no" /></way><way id="821" timestamp="2026-04-01T21:47:02Z" uid="1" user="OSMnx" version="1" changeset="1"><nd ref="4352220354" /><nd ref="4352220356" /><tag k="highway" v="residential" /><tag k="oneway" v="no" /></way><way id="822" timestamp="2026-04-01T21:47:02Z" uid="1" user="OSMnx" version="1" changeset="1"><nd ref="4352220354" /><nd ref="4352220362" /><tag k="highway" v="residential" /><tag k="oneway" v="no" /></way><way id="823" timestamp="2026-04-01T21:47:02Z" uid="1" user="OSMnx" version="1" changeset="1"><nd ref="4352220356" /><nd ref="10882715573" /><tag k="highway" v="residential" /><tag k="oneway" v="no" /></way><way id="824" timestamp="2026-04-01T21:47:02Z" uid="1" user="OSMnx" version="1" changeset="1"><nd ref="4352220356" /><nd ref="347116059" /><tag k="highway" v="secondary" /><tag k="lanes" v="2" /><tag k="name" v="['Master Vinayak Road (Perry Road)', 'Perry Road']" /><tag k="oneway" v="no" /></way><way id="825" timestamp="2026-04-01T21:47:02Z" uid="1" user="OSMnx" version="1" changeset="1"><nd ref="4352220362" /><nd ref="347276745" /><tag k="highway" v="residential" /><tag k="name" v="New Kantwadi Road" /><tag k="oneway" v="no" /></way><way id="826" timestamp="2026-04-01T21:47:02Z" uid="1" user="OSMnx" version="1" changeset="1"><nd ref="4362546047" /><nd ref="12974666366" /><tag k="highway" v="tertiary" /><tag k="name" v="HK Bhaba Road" /><tag k="oneway" v="no" /></way><way id="827" timestamp="2026-04-01T21:47:02Z" uid="1" user="OSMnx" version="1" changeset="1"><nd ref="4362546047" /><nd ref="4515118890" /><tag k="highway" v="residential" /><tag k="oneway" v="no" /></way><way id="828" timestamp="2026-04-01T21:47:02Z" uid="1" user="OSMnx" version="1" changeset="1"><nd ref="4362546055" /><nd ref="346648380" /><tag k="highway" v="residential" /><tag k="name" v="Mount Mary Road" /><tag k="oneway" v="no" /></way><way id="829" timestamp="2026-04-01T21:47:02Z" uid="1" user="OSMnx" version="1" changeset="1"><nd ref="4362546055" /><nd ref="4362546059" /><tag k="highway" v="residential" /><tag k="name" v="Bimal Roy Lane" /><tag k="oneway" v="no" /></way><way id="830" timestamp="2026-04-01T21:47:02Z" uid="1" user="OSMnx" version="1" changeset="1"><nd ref="4362546067" /><nd ref="346627066" /><tag k="highway" v="residential" /><tag k="name" v="St John Baptist Road" /><tag k="oneway" v="no" /></way><way id="831" timestamp="2026-04-01T21:47:02Z" uid="1" user="OSMnx" version="1" changeset="1"><nd ref="4362546075" /><nd ref="347146498" /><tag k="highway" v="residential" /><tag k="lanes" v="1" /><tag k="maxspeed" v="20" /><tag k="name" v="D'monte Street" /><tag k="oneway" v="no" /></way><way id="832" timestamp="2026-04-01T21:47:02Z" uid="1" user="OSMnx" version="1" changeset="1"><nd ref="4362546075" /><nd ref="7358515098" /><tag k="highway" v="living_street" /><tag k="oneway" v="no" /></way><way id="833" timestamp="2026-04-01T21:47:02Z" uid="1" user="OSMnx" version="1" changeset="1"><nd ref="4362546076" /><nd ref="4362560826" /><tag k="highway" v="residential" /><tag k="name" v="N Dayabhai Road" /><tag k="oneway" v="no" /></way><way id="834" timestamp="2026-04-01T21:47:02Z" uid="1" user="OSMnx" version="1" changeset="1"><nd ref="4362555758" /><nd ref="347146661" /><tag k="highway" v="residential" /><tag k="name" v="N Dayabhai Road" /><tag k="oneway" v="no" /></way><way id="835" timestamp="2026-04-01T21:47:02Z" uid="1" user="OSMnx" version="1" changeset="1"><nd ref="4362555758" /><nd ref="6950683786" /><tag k="highway" v="living_street" /><tag k="oneway" v="no" /></way><way id="836" timestamp="2026-04-01T21:47:02Z" uid="1" user="OSMnx" version="1" changeset="1"><nd ref="4362560823" /><nd ref="1654348843" /><tag k="highway" v="residential" /><tag k="name" v="N Dayabhai Road" /><tag k="oneway" v="no" /></way><way id="837" timestamp="2026-04-01T21:47:02Z" uid="1" user="OSMnx" version="1" changeset="1"><nd ref="4362560823" /><nd ref="4362560824" /><tag k="highway" v="living_street" /><tag k="oneway" v="no" /></way><way id="838" timestamp="2026-04-01T21:47:02Z" uid="1" user="OSMnx" version="1" changeset="1"><nd ref="4362560825" /><nd ref="4362560826" /><tag k="highway" v="living_street" /><tag k="oneway" v="no" /></way><way id="839" timestamp="2026-04-01T21:47:02Z" uid="1" user="OSMnx" version="1" changeset="1"><nd ref="4362560825" /><nd ref="347146508" /><tag k="highway" v="residential" /><tag k="lanes" v="1" /><tag k="maxspeed" v="20" /><tag k="name" v="D'monte Street" /><tag k="oneway" v="no" /></way><way id="840" timestamp="2026-04-01T21:47:02Z" uid="1" user="OSMnx" version="1" changeset="1"><nd ref="4362560826" /><nd ref="4362555758" /><tag k="highway" v="residential" /><tag k="name" v="N Dayabhai Road" /><tag k="oneway" v="no" /></way><way id="841" timestamp="2026-04-01T21:47:02Z" uid="1" user="OSMnx" version="1" changeset="1"><nd ref="4362576434" /><nd ref="4362576436" /><tag k="highway" v="residential" /><tag k="name" v="R. B. Vasudevrao Anant Bambardekar Road" /><tag k="oneway" v="no" /></way><way id="842" timestamp="2026-04-01T21:47:02Z" uid="1" user="OSMnx" version="1" changeset="1"><nd ref="4362576435" /><nd ref="4362576434" /><tag k="highway" v="residential" /><tag k="name" v="R. B. Vasudevrao Anant Bambardekar Road" /><tag k="oneway" v="no" /></way><way id="843" timestamp="2026-04-01T21:47:02Z" uid="1" user="OSMnx" version="1" changeset="1"><nd ref="4362576436" /><nd ref="5342165303" /><tag k="highway" v="residential" /><tag k="name" v="R. B. Vasudevrao Anant Bambardekar Road" /><tag k="oneway" v="no" /></way><way id="844" timestamp="2026-04-01T21:47:02Z" uid="1" user="OSMnx" version="1" changeset="1"><nd ref="4362576436" /><nd ref="2629418476" /><tag k="highway" v="residential" /><tag k="oneway" v="no" /></way><way id="845" timestamp="2026-04-01T21:47:02Z" uid="1" user="OSMnx" version="1" changeset="1"><nd ref="4362576439" /><nd ref="1654348856" /><tag k="highway" v="residential" /><tag k="name" v="Jarimari Road" /><tag k="oneway" v="no" /></way><way id="846" timestamp="2026-04-01T21:47:02Z" uid="1" user="OSMnx" version="1" changeset="1"><nd ref="4362576439" /><nd ref="4362576442" /><tag k="highway" v="residential" /><tag k="oneway" v="no" /></way><way id="847" timestamp="2026-04-01T21:47:02Z" uid="1" user="OSMnx" version="1" changeset="1"><nd ref="4362576447" /><nd ref="4362576448" /><tag k="highway" v="living_street" /><tag k="oneway" v="no" /></way><way id="848" timestamp="2026-04-01T21:47:02Z" uid="1" user="OSMnx" version="1" changeset="1"><nd ref="4362576448" /><nd ref="4362576449" /><tag k="highway" v="living_street" /><tag k="oneway" v="no" /></way><way id="849" timestamp="2026-04-01T21:47:02Z" uid="1" user="OSMnx" version="1" changeset="1"><nd ref="4362576448" /><nd ref="296362012" /><tag k="highway" v="residential" /><tag k="name" v="N Dayabhai Road" /><tag k="oneway" v="no" /></way><way id="850" timestamp="2026-04-01T21:47:02Z" uid="1" user="OSMnx" version="1" changeset="1"><nd ref="4362576450" /><nd ref="4362576452" /><tag k="highway" v="residential" /><tag k="oneway" v="no" /></way><way id="851" timestamp="2026-04-01T21:47:02Z" uid="1" user="OSMnx" version="1" changeset="1"><nd ref="4362576452" /><nd ref="296362012" /><tag k="highway" v="primary" /><tag k="name" v="Swami Vivekanand Road" /><tag k="oneway" v="no" /></way><way id="852" timestamp="2026-04-01T21:47:02Z" uid="1" user="OSMnx" version="1" changeset="1"><nd ref="4362576453" /><nd ref="4362576456" /><tag k="highway" v="living_street" /><tag k="oneway" v="no" /></way><way id="853" timestamp="2026-04-01T21:47:02Z" uid="1" user="OSMnx" version="1" changeset="1"><nd ref="4362576453" /><nd ref="619227661" /><tag k="highway" v="primary" /><tag k="name" v="Swami Vivekanand Road" /><tag k="oneway" v="no" /></way><way id="854" timestamp="2026-04-01T21:47:02Z" uid="1" user="OSMnx" version="1" changeset="1"><nd ref="4364457173" /><nd ref="4364457175" /><tag k="highway" v="residential" /><tag k="oneway" v="no" /></way><way id="855" timestamp="2026-04-01T21:47:02Z" uid="1" user="OSMnx" version="1" changeset="1"><nd ref="4364457175" /><nd ref="10882727464" /><tag k="highway" v="secondary" /><tag k="maxspeed" v="30" /><tag k="name" v="Hill Road" /><tag k="oneway" v="no" /></way><way id="856" timestamp="2026-04-01T21:47:02Z" uid="1" user="OSMnx" version="1" changeset="1"><nd ref="4598737148" /><nd ref="4352220362" /><tag k="highway" v="residential" /><tag k="name" v="New Kantwadi Road" /><tag k="oneway" v="no" /></way><way id="857" timestamp="2026-04-01T21:47:02Z" uid="1" user="OSMnx" version="1" changeset="1"><nd ref="4685195753" /><nd ref="8488697651" /><tag k="highway" v="residential" /><tag k="name" v="Danda Seaface Promenade" /><tag k="oneway" v="no" /></way><way id="858" timestamp="2026-04-01T21:47:02Z" uid="1" user="OSMnx" version="1" changeset="1"><nd ref="4685195753" /><nd ref="10540292299" /><tag k="highway" v="residential" /><tag k="oneway" v="no" /></way><way id="859" timestamp="2026-04-01T21:47:02Z" uid="1" user="OSMnx" version="1" changeset="1"><nd ref="4685195761" /><nd ref="4685195763" /><tag k="highway" v="residential" /><tag k="name" v="Danda Seaface Promenade" /><tag k="oneway" v="no" /></way><way id="860" timestamp="2026-04-01T21:47:02Z" uid="1" user="OSMnx" version="1" changeset="1"><nd ref="4685195761" /><nd ref="9920649231" /><tag k="highway" v="living_street" /><tag k="oneway" v="no" /></way><way id="861" timestamp="2026-04-01T21:47:02Z" uid="1" user="OSMnx" version="1" changeset="1"><nd ref="4685195763" /><nd ref="867153397" /><tag k="highway" v="residential" /><tag k="name" v="['Danda Creek Road', 'Danda Seaface Promenade']" /><tag k="oneway" v="no" /></way><way id="862" timestamp="2026-04-01T21:47:02Z" uid="1" user="OSMnx" version="1" changeset="1"><nd ref="4685195763" /><nd ref="13519795291" /><tag k="highway" v="living_street" /><tag k="oneway" v="no" /></way><way id="863" timestamp="2026-04-01T21:47:02Z" uid="1" user="OSMnx" version="1" changeset="1"><nd ref="4697295583" /><nd ref="347192305" /><tag k="highway" v="tertiary" /><tag k="lanes" v="2" /><tag k="name" v="Dr. BR Ambedkar Road" /><tag k="oneway" v="no" /></way><way id="864" timestamp="2026-04-01T21:47:02Z" uid="1" user="OSMnx" version="1" changeset="1"><nd ref="4697295583" /><nd ref="498661100" /><tag k="highway" v="residential" /><tag k="lanes" v="1" /><tag k="name" v="Zig Zag Road" /><tag k="oneway" v="no" /></way><way id="865" timestamp="2026-04-01T21:47:02Z" uid="1" user="OSMnx" version="1" changeset="1"><nd ref="4869507727" /><nd ref="346610903" /><tag k="highway" v="residential" /><tag k="name" v="Rebello Road" /><tag k="oneway" v="no" /></way><way id="866" timestamp="2026-04-01T21:47:02Z" uid="1" user="OSMnx" version="1" changeset="1"><nd ref="4869507727" /><nd ref="11057897312" /><tag k="highway" v="residential" /><tag k="oneway" v="no" /></way><way id="867" timestamp="2026-04-01T21:47:02Z" uid="1" user="OSMnx" version="1" changeset="1"><nd ref="5265547246" /><nd ref="6280229504" /><tag k="highway" v="primary_link" /><tag k="lanes" v="1" /><tag k="oneway" v="no" /></way><way id="868" timestamp="2026-04-01T21:47:02Z" uid="1" user="OSMnx" version="1" changeset="1"><nd ref="5265547246" /><nd ref="296362019" /><tag k="highway" v="primary" /><tag k="name" v="Swami Vivekanand Road" /><tag k="oneway" v="no" /></way><way id="869" timestamp="2026-04-01T21:47:02Z" uid="1" user="OSMnx" version="1" changeset="1"><nd ref="5265559170" /><nd ref="6292777302" /><tag k="highway" v="primary_link" /><tag k="lanes" v="1" /><tag k="oneway" v="no" /></way><way id="870" timestamp="2026-04-01T21:47:02Z" uid="1" user="OSMnx" version="1" changeset="1"><nd ref="5265559170" /><nd ref="5342165308" /><tag k="highway" v="primary" /><tag k="name" v="Swami Vivekanand Road" /><tag k="oneway" v="no" /></way><way id="871" timestamp="2026-04-01T21:47:02Z" uid="1" user="OSMnx" version="1" changeset="1"><nd ref="5269393012" /><nd ref="3628311669" /><tag k="highway" v="residential" /><tag k="lanes" v="2" /><tag k="name" v="Pali Mala Road" /><tag k="oneway" v="no" /></way><way id="872" timestamp="2026-04-01T21:47:02Z" uid="1" user="OSMnx" version="1" changeset="1"><nd ref="5269393012" /><nd ref="347276740" /><tag k="highway" v="residential" /><tag k="lanes" v="1" /><tag k="name" v="New Kantwadi Road" /><tag k="oneway" v="no" /></way><way id="873" timestamp="2026-04-01T21:47:02Z" uid="1" user="OSMnx" version="1" changeset="1"><nd ref="5332431181" /><nd ref="347171533" /><tag k="highway" v="residential" /><tag k="name" v="St. John Street" /><tag k="oneway" v="no" /></way><way id="874" timestamp="2026-04-01T21:47:02Z" uid="1" user="OSMnx" version="1" changeset="1"><nd ref="5332431181" /><nd ref="347115647" /><tag k="highway" v="residential" /><tag k="name" v="St. Alexius Road" /><tag k="oneway" v="no" /></way><way id="875" timestamp="2026-04-01T21:47:02Z" uid="1" user="OSMnx" version="1" changeset="1"><nd ref="5342165303" /><nd ref="6489866778" /><tag k="highway" v="secondary" /><tag k="lanes" v="1" /><tag k="name" v="Gurunanak Marg" /><tag k="oneway" v="no" /></way><way id="876" timestamp="2026-04-01T21:47:02Z" uid="1" user="OSMnx" version="1" changeset="1"><nd ref="5342165306" /><nd ref="5344166505" /><tag k="highway" v="residential" /><tag k="oneway" v="no" /></way><way id="877" timestamp="2026-04-01T21:47:02Z" uid="1" user="OSMnx" version="1" changeset="1"><nd ref="5342165306" /><nd ref="12079592111" /><tag k="highway" v="secondary" /><tag k="lanes" v="1" /><tag k="name" v="Gurunanak Marg" /><tag k="oneway" v="no" /></way><way id="878" timestamp="2026-04-01T21:47:02Z" uid="1" user="OSMnx" version="1" changeset="1"><nd ref="5342165308" /><nd ref="1936355361" /><tag k="highway" v="primary" /><tag k="name" v="Swami Vivekanand Road" /><tag k="oneway" v="no" /></way><way id="879" timestamp="2026-04-01T21:47:02Z" uid="1" user="OSMnx" version="1" changeset="1"><nd ref="5342165308" /><nd ref="6292777302" /><tag k="highway" v="secondary" /><tag k="lanes" v="1" /><tag k="name" v="Gurunanak Marg" /><tag k="oneway" v="no" /></way><way id="880" timestamp="2026-04-01T21:47:02Z" uid="1" user="OSMnx" version="1" changeset="1"><nd ref="5342165315" /><nd ref="5342165303" /><tag k="highway" v="secondary" /><tag k="lanes" v="1" /><tag k="name" v="Gurunanak Marg" /><tag k="oneway" v="no" /></way><way id="881" timestamp="2026-04-01T21:47:02Z" uid="1" user="OSMnx" version="1" changeset="1"><nd ref="5344166505" /><nd ref="6428886626" /><tag k="highway" v="residential" /><tag k="oneway" v="no" /></way><way id="882" timestamp="2026-04-01T21:47:02Z" uid="1" user="OSMnx" version="1" changeset="1"><nd ref="5344166505" /><nd ref="12079592112" /><tag k="highway" v="residential" /><tag k="oneway" v="no" /></way><way id="883" timestamp="2026-04-01T21:47:02Z" uid="1" user="OSMnx" version="1" changeset="1"><nd ref="5353822010" /><nd ref="471591707" /><tag k="highway" v="tertiary" /><tag k="lanes" v="2" /><tag k="name" v="RK Patkar Marg (Waterfield Road)" /><tag k="oneway" v="no" /></way><way id="884" timestamp="2026-04-01T21:47:02Z" uid="1" user="OSMnx" version="1" changeset="1"><nd ref="5353822010" /><nd ref="13503944689" /><tag k="highway" v="secondary" /><tag k="lanes" v="1" /><tag k="name" v="Gurunanak Marg" /><tag k="oneway" v="no" /></way><way id="885" timestamp="2026-04-01T21:47:02Z" uid="1" user="OSMnx" version="1" changeset="1"><nd ref="5353822012" /><nd ref="347170693" /><tag k="highway" v="residential" /><tag k="name" v="24th Road (St. Theresa's Road)" /><tag k="oneway" v="no" /></way><way id="886" timestamp="2026-04-01T21:47:02Z" uid="1" user="OSMnx" version="1" changeset="1"><nd ref="5353822012" /><nd ref="5353822010" /><tag k="highway" v="secondary" /><tag k="lanes" v="1" /><tag k="name" v="Gurunanak Marg" /><tag k="oneway" v="no" /></way><way id="887" timestamp="2026-04-01T21:47:02Z" uid="1" user="OSMnx" version="1" changeset="1"><nd ref="5353822013" /><nd ref="5353822012" /><tag k="highway" v="secondary" /><tag k="lanes" v="1" /><tag k="name" v="Gurunanak Marg" /><tag k="oneway" v="no" /></way><way id="888" timestamp="2026-04-01T21:47:02Z" uid="1" user="OSMnx" version="1" changeset="1"><nd ref="5353822013" /><nd ref="11296371084" /><tag k="highway" v="residential" /><tag k="name" v="Padmashree Mohammed Rafi Marg (16th Road)" /><tag k="oneway" v="no" /></way><way id="889" timestamp="2026-04-01T21:47:02Z" uid="1" user="OSMnx" version="1" changeset="1"><nd ref="5353822017" /><nd ref="13503944696" /><tag k="highway" v="secondary" /><tag k="lanes" v="1" /><tag k="name" v="Gurunanak Marg" /><tag k="oneway" v="no" /></way><way id="890" timestamp="2026-04-01T21:47:02Z" uid="1" user="OSMnx" version="1" changeset="1"><nd ref="5353822017" /><nd ref="347149835" /><tag k="highway" v="residential" /><tag k="name" v="St. Martin's Road" /><tag k="oneway" v="no" /></way><way id="891" timestamp="2026-04-01T21:47:02Z" uid="1" user="OSMnx" version="1" changeset="1"><nd ref="5372158161" /><nd ref="13529118173" /><tag k="highway" v="residential" /><tag k="name" v="4th Road" /><tag k="oneway" v="no" /></way><way id="892" timestamp="2026-04-01T21:47:02Z" uid="1" user="OSMnx" version="1" changeset="1"><nd ref="5372158161" /><nd ref="347112673" /><tag k="highway" v="residential" /><tag k="name" v="Almeida Park Road" /><tag k="oneway" v="no" /></way><way id="893" timestamp="2026-04-01T21:47:02Z" uid="1" user="OSMnx" version="1" changeset="1"><nd ref="5372158169" /><nd ref="13551006686" /><tag k="highway" v="residential" /><tag k="name" v="3rd Road" /><tag k="oneway" v="no" /></way><way id="894" timestamp="2026-04-01T21:47:02Z" uid="1" user="OSMnx" version="1" changeset="1"><nd ref="5372158169" /><nd ref="347112674" /><tag k="highway" v="residential" /><tag k="name" v="5th Road" /><tag k="oneway" v="no" /></way><way id="895" timestamp="2026-04-01T21:47:02Z" uid="1" user="OSMnx" version="1" changeset="1"><nd ref="5458251867" /><nd ref="348128217" /><tag k="highway" v="residential" /><tag k="lanes" v="1" /><tag k="name" v="D'Monte Park Road Extension" /><tag k="oneway" v="no" /></way><way id="896" timestamp="2026-04-01T21:47:02Z" uid="1" user="OSMnx" version="1" changeset="1"><nd ref="5494560187" /><nd ref="10089667071" /><tag k="highway" v="secondary" /><tag k="name" v="General Arun Kumar Vaidya Marg" /><tag k="oneway" v="no" /></way><way id="897" timestamp="2026-04-01T21:47:02Z" uid="1" user="OSMnx" version="1" changeset="1"><nd ref="5494564054" /><nd ref="5494564055" /><tag k="highway" v="secondary" /><tag k="lanes" v="2" /><tag k="name" v="Perry Road" /><tag k="oneway" v="no" /></way><way id="898" timestamp="2026-04-01T21:47:02Z" uid="1" user="OSMnx" version="1" changeset="1"><nd ref="5494564054" /><nd ref="5458251867" /><tag k="highway" v="residential" /><tag k="lanes" v="1" /><tag k="name" v="D'Monte Park Road Extension" /><tag k="oneway" v="no" /></way><way id="899" timestamp="2026-04-01T21:47:02Z" uid="1" user="OSMnx" version="1" changeset="1"><nd ref="5494564055" /><nd ref="10882715564" /><tag k="highway" v="residential" /><tag k="name" v="St. Andrew Road" /><tag k="oneway" v="no" /></way><way id="900" timestamp="2026-04-01T21:47:02Z" uid="1" user="OSMnx" version="1" changeset="1"><nd ref="5494564055" /><nd ref="347171126" /><tag k="highway" v="residential" /><tag k="lanes" v="1" /><tag k="name" v="St. Andrews Road Extension" /><tag k="oneway" v="no" /></way><way id="901" timestamp="2026-04-01T21:47:02Z" uid="1" user="OSMnx" version="1" changeset="1"><nd ref="5494564055" /><nd ref="13521237115" /><tag k="highway" v="secondary" /><tag k="lanes" v="2" /><tag k="name" v="Perry Road" /><tag k="oneway" v="no" /></way><way id="902" timestamp="2026-04-01T21:47:02Z" uid="1" user="OSMnx" version="1" changeset="1"><nd ref="5887563939" /><nd ref="5887563940" /><tag k="highway" v="secondary_link" /><tag k="oneway" v="no" /></way><way id="903" timestamp="2026-04-01T21:47:02Z" uid="1" user="OSMnx" version="1" changeset="1"><nd ref="5887563939" /><nd ref="2629418499" /><tag k="highway" v="secondary" /><tag k="name" v="Linking Road" /><tag k="oneway" v="no" /></way><way id="904" timestamp="2026-04-01T21:47:02Z" uid="1" user="OSMnx" version="1" changeset="1"><nd ref="5887563940" /><nd ref="347194068" /><tag k="highway" v="secondary" /><tag k="name" v="Linking Road" /><tag k="oneway" v="no" /></way><way id="905" timestamp="2026-04-01T21:47:02Z" uid="1" user="OSMnx" version="1" changeset="1"><nd ref="6271834098" /><nd ref="13537225634" /><tag k="highway" v="secondary_link" /><tag k="oneway" v="no" /></way><way id="906" timestamp="2026-04-01T21:47:02Z" uid="1" user="OSMnx" version="1" changeset="1"><nd ref="6271834098" /><nd ref="6271834099" /><tag k="highway" v="secondary" /><tag k="lanes" v="2" /><tag k="oneway" v="no" /></way><way id="907" timestamp="2026-04-01T21:47:02Z" uid="1" user="OSMnx" version="1" changeset="1"><nd ref="6271834099" /><nd ref="11064822734" /><tag k="highway" v="secondary" /><tag k="lanes" v="2" /><tag k="oneway" v="no" /></way><way id="908" timestamp="2026-04-01T21:47:02Z" uid="1" user="OSMnx" version="1" changeset="1"><nd ref="6271834099" /><nd ref="7298841985" /><tag k="highway" v="secondary_link" /><tag k="oneway" v="no" /></way><way id="909" timestamp="2026-04-01T21:47:02Z" uid="1" user="OSMnx" version="1" changeset="1"><nd ref="6271834100" /><nd ref="13537225636" /><tag k="highway" v="secondary" /><tag k="lanes" v="2" /><tag k="oneway" v="no" /></way><way id="910" timestamp="2026-04-01T21:47:02Z" uid="1" user="OSMnx" version="1" changeset="1"><nd ref="6271834100" /><nd ref="8474572848" /><tag k="highway" v="living_street" /><tag k="lanes" v="2" /><tag k="name" v="Kalokh Street" /><tag k="oneway" v="no" /></way><way id="911" timestamp="2026-04-01T21:47:02Z" uid="1" user="OSMnx" version="1" changeset="1"><nd ref="6271834100" /><nd ref="13537225635" /><tag k="highway" v="secondary_link" /><tag k="oneway" v="no" /></way><way id="912" timestamp="2026-04-01T21:47:02Z" uid="1" user="OSMnx" version="1" changeset="1"><nd ref="6280229504" /><nd ref="5353822017" /><tag k="highway" v="secondary" /><tag k="lanes" v="1" /><tag k="name" v="Gurunanak Marg" /><tag k="oneway" v="no" /></way><way id="913" timestamp="2026-04-01T21:47:02Z" uid="1" user="OSMnx" version="1" changeset="1"><nd ref="6280229508" /><nd ref="6292784553" /><tag k="highway" v="secondary_link" /><tag k="lanes" v="1" /><tag k="oneway" v="no" /></way><way id="914" timestamp="2026-04-01T21:47:02Z" uid="1" user="OSMnx" version="1" changeset="1"><nd ref="6280229508" /><nd ref="2629418478" /><tag k="highway" v="secondary" /><tag k="lanes" v="1" /><tag k="name" v="Gurunanak Marg" /><tag k="oneway" v="no" /></way><way id="915" timestamp="2026-04-01T21:47:02Z" uid="1" user="OSMnx" version="1" changeset="1"><nd ref="6280378088" /><nd ref="6295206335" /><tag k="highway" v="primary_link" /><tag k="lanes" v="1" /><tag k="oneway" v="no" /></way><way id="916" timestamp="2026-04-01T21:47:02Z" uid="1" user="OSMnx" version="1" changeset="1"><nd ref="6280378088" /><nd ref="1936355361" /><tag k="highway" v="secondary" /><tag k="lanes" v="1" /><tag k="name" v="Gurunanak Marg" /><tag k="oneway" v="no" /></way><way id="917" timestamp="2026-04-01T21:47:02Z" uid="1" user="OSMnx" version="1" changeset="1"><nd ref="6292531321" /><nd ref="4352220356" /><tag k="highway" v="secondary" /><tag k="lanes" v="2" /><tag k="name" v="Perry Road" /><tag k="oneway" v="no" /></way><way id="918" timestamp="2026-04-01T21:47:02Z" uid="1" user="OSMnx" version="1" changeset="1"><nd ref="6292777302" /><nd ref="5342165306" /><tag k="highway" v="secondary" /><tag k="lanes" v="1" /><tag k="name" v="Gurunanak Marg" /><tag k="oneway" v="no" /></way><way id="919" timestamp="2026-04-01T21:47:02Z" uid="1" user="OSMnx" version="1" changeset="1"><nd ref="6292784553" /><nd ref="347178928" /><tag k="highway" v="secondary" /><tag k="name" v="Linking Road" /><tag k="oneway" v="no" /></way><way id="920" timestamp="2026-04-01T21:47:02Z" uid="1" user="OSMnx" version="1" changeset="1"><nd ref="6295206335" /><nd ref="4310550234" /><tag k="highway" v="primary" /><tag k="name" v="Swami Vivekanand Road" /><tag k="oneway" v="no" /></way><way id="921" timestamp="2026-04-01T21:47:02Z" uid="1" user="OSMnx" version="1" changeset="1"><nd ref="6428591616" /><nd ref="1936355399" /><tag k="highway" v="residential" /><tag k="name" v="9th Road" /><tag k="oneway" v="no" /></way><way id="922" timestamp="2026-04-01T21:47:02Z" uid="1" user="OSMnx" version="1" changeset="1"><nd ref="6428591616" /><nd ref="10925762894" /><tag k="highway" v="residential" /><tag k="oneway" v="no" /></way><way id="923" timestamp="2026-04-01T21:47:02Z" uid="1" user="OSMnx" version="1" changeset="1"><nd ref="6428886626" /><nd ref="4362576434" /><tag k="highway" v="residential" /><tag k="oneway" v="no" /></way><way id="924" timestamp="2026-04-01T21:47:02Z" uid="1" user="OSMnx" version="1" changeset="1"><nd ref="6428886626" /><nd ref="13063238716" /><tag k="highway" v="residential" /><tag k="oneway" v="no" /></way><way id="925" timestamp="2026-04-01T21:47:02Z" uid="1" user="OSMnx" version="1" changeset="1"><nd ref="6429718915" /><nd ref="3803645231" /><tag k="highway" v="residential" /><tag k="name" v="Guru Gangeshwar Marg" /><tag k="oneway" v="no" /></way><way id="926" timestamp="2026-04-01T21:47:02Z" uid="1" user="OSMnx" version="1" changeset="1"><nd ref="6429718915" /><nd ref="471556494" /><tag k="highway" v="secondary" /><tag k="name" v="Linking Road" /><tag k="oneway" v="no" /></way><way id="927" timestamp="2026-04-01T21:47:02Z" uid="1" user="OSMnx" version="1" changeset="1"><nd ref="6430382336" /><nd ref="10882702403" /><tag k="highway" v="secondary_link" /><tag k="oneway" v="no" /></way><way id="928" timestamp="2026-04-01T21:47:02Z" uid="1" user="OSMnx" version="1" changeset="1"><nd ref="6430382337" /><nd ref="10882768320" /><tag k="highway" v="secondary_link" /><tag k="oneway" v="no" /></way><way id="929" timestamp="2026-04-01T21:47:02Z" uid="1" user="OSMnx" version="1" changeset="1"><nd ref="6430382337" /><nd ref="2250795734" /><tag k="highway" v="tertiary" /><tag k="oneway" v="no" /></way><way id="930" timestamp="2026-04-01T21:47:02Z" uid="1" user="OSMnx" version="1" changeset="1"><nd ref="6435814632" /><nd ref="471556494" /><tag k="highway" v="residential" /><tag k="name" v="13th Road" /><tag k="oneway" v="no" /></way><way id="931" timestamp="2026-04-01T21:47:02Z" uid="1" user="OSMnx" version="1" changeset="1"><nd ref="6435814632" /><nd ref="3803645231" /><tag k="highway" v="secondary" /><tag k="name" v="Linking Road" /><tag k="oneway" v="no" /></way><way id="932" timestamp="2026-04-01T21:47:02Z" uid="1" user="OSMnx" version="1" changeset="1"><nd ref="6489866777" /><nd ref="6280378088" /><tag k="highway" v="secondary" /><tag k="lanes" v="1" /><tag k="name" v="Gurunanak Marg" /><tag k="oneway" v="no" /></way><way id="933" timestamp="2026-04-01T21:47:02Z" uid="1" user="OSMnx" version="1" changeset="1"><nd ref="6489866778" /><nd ref="2629418467" /><tag k="highway" v="secondary" /><tag k="lanes" v="1" /><tag k="name" v="Gurunanak Marg" /><tag k="oneway" v="no" /></way><way id="934" timestamp="2026-04-01T21:47:02Z" uid="1" user="OSMnx" version="1" changeset="1"><nd ref="6489866778" /><nd ref="6489866777" /><tag k="highway" v="secondary_link" /><tag k="oneway" v="no" /></way><way id="935" timestamp="2026-04-01T21:47:02Z" uid="1" user="OSMnx" version="1" changeset="1"><nd ref="6491141863" /><nd ref="6491157510" /><tag k="highway" v="tertiary" /><tag k="name" v="Hasanabad Road No 2" /><tag k="oneway" v="no" /></way><way id="936" timestamp="2026-04-01T21:47:02Z" uid="1" user="OSMnx" version="1" changeset="1"><nd ref="6491141863" /><nd ref="7384246037" /><tag k="highway" v="residential" /><tag k="oneway" v="no" /></way><way id="937" timestamp="2026-04-01T21:47:02Z" uid="1" user="OSMnx" version="1" changeset="1"><nd ref="6491157510" /><nd ref="13503191875" /><tag k="highway" v="tertiary" /><tag k="name" v="Hasanabad Road No 2" /><tag k="oneway" v="no" /></way><way id="938" timestamp="2026-04-01T21:47:02Z" uid="1" user="OSMnx" version="1" changeset="1"><nd ref="6491157510" /><nd ref="6491157509" /><tag k="highway" v="residential" /><tag k="oneway" v="no" /></way><way id="939" timestamp="2026-04-01T21:47:02Z" uid="1" user="OSMnx" version="1" changeset="1"><nd ref="6573898409" /><nd ref="347197290" /><tag k="highway" v="residential" /><tag k="lanes" v="1" /><tag k="name" v="Auxilium Convent Road" /><tag k="oneway" v="no" /></way><way id="940" timestamp="2026-04-01T21:47:02Z" uid="1" user="OSMnx" version="1" changeset="1"><nd ref="6581453222" /><nd ref="1975033551" /><tag k="highway" v="residential" /><tag k="name" v="Nargis Dutt Road" /><tag k="oneway" v="no" /></way><way id="941" timestamp="2026-04-01T21:47:02Z" uid="1" user="OSMnx" version="1" changeset="1"><nd ref="6581453222" /><nd ref="6581471571" /><tag k="highway" v="residential" /><tag k="lanes" v="1" /><tag k="oneway" v="no" /></way><way id="942" timestamp="2026-04-01T21:47:02Z" uid="1" user="OSMnx" version="1" changeset="1"><nd ref="6583717548" /><nd ref="6583717550" /><tag k="highway" v="residential" /><tag k="oneway" v="no" /></way><way id="943" timestamp="2026-04-01T21:47:02Z" uid="1" user="OSMnx" version="1" changeset="1"><nd ref="6583717550" /><nd ref="3803645440" /><tag k="highway" v="residential" /><tag k="oneway" v="no" /></way><way id="944" timestamp="2026-04-01T21:47:02Z" uid="1" user="OSMnx" version="1" changeset="1"><nd ref="6590248275" /><nd ref="10921540397" /><tag k="highway" v="secondary" /><tag k="name" v="Gurunanak Marg (Turner Road)" /><tag k="oneway" v="no" /></way><way id="945" timestamp="2026-04-01T21:47:02Z" uid="1" user="OSMnx" version="1" changeset="1"><nd ref="6950628981" /><nd ref="9992653317" /><tag k="highway" v="residential" /><tag k="oneway" v="no" /></way><way id="946" timestamp="2026-04-01T21:47:02Z" uid="1" user="OSMnx" version="1" changeset="1"><nd ref="6950628981" /><nd ref="13528689953" /><tag k="highway" v="tertiary" /><tag k="name" v="K C Marg" /><tag k="oneway" v="no" /></way><way id="947" timestamp="2026-04-01T21:47:02Z" uid="1" user="OSMnx" version="1" changeset="1"><nd ref="6950628984" /><nd ref="6430382337" /><tag k="highway" v="tertiary" /><tag k="name" v="K C Marg" /><tag k="oneway" v="no" /></way><way id="948" timestamp="2026-04-01T21:47:02Z" uid="1" user="OSMnx" version="1" changeset="1"><nd ref="6950628984" /><nd ref="10156049799" /><tag k="highway" v="residential" /><tag k="oneway" v="no" /></way><way id="949" timestamp="2026-04-01T21:47:02Z" uid="1" user="OSMnx" version="1" changeset="1"><nd ref="6950683785" /><nd ref="13528689952" /><tag k="highway" v="tertiary" /><tag k="name" v="K C Marg" /><tag k="oneway" v="no" /></way><way id="950" timestamp="2026-04-01T21:47:02Z" uid="1" user="OSMnx" version="1" changeset="1"><nd ref="6950683786" /><nd ref="9992653316" /><tag k="highway" v="residential" /><tag k="oneway" v="no" /></way><way id="951" timestamp="2026-04-01T21:47:02Z" uid="1" user="OSMnx" version="1" changeset="1"><nd ref="6950683786" /><nd ref="12361260646" /><tag k="highway" v="tertiary" /><tag k="name" v="K C Marg" /><tag k="oneway" v="no" /></way><way id="952" timestamp="2026-04-01T21:47:02Z" uid="1" user="OSMnx" version="1" changeset="1"><nd ref="7043548004" /><nd ref="13523554733" /><tag k="highway" v="primary_link" /><tag k="oneway" v="no" /></way><way id="953" timestamp="2026-04-01T21:47:02Z" uid="1" user="OSMnx" version="1" changeset="1"><nd ref="7043548004" /><nd ref="296362023" /><tag k="highway" v="primary" /><tag k="name" v="Swami Vivekanand Road" /><tag k="oneway" v="no" /></way><way id="954" timestamp="2026-04-01T21:47:02Z" uid="1" user="OSMnx" version="1" changeset="1"><nd ref="7206394771" /><nd ref="7206394784" /><tag k="highway" v="secondary" /><tag k="name" v="K C Marg" /><tag k="oneway" v="no" /></way><way id="955" timestamp="2026-04-01T21:47:02Z" uid="1" user="OSMnx" version="1" changeset="1"><nd ref="7206394772" /><nd ref="7206394775" /><tag k="highway" v="secondary" /><tag k="name" v="K C Marg" /><tag k="oneway" v="no" /></way><way id="956" timestamp="2026-04-01T21:47:02Z" uid="1" user="OSMnx" version="1" changeset="1"><nd ref="7206394773" /><nd ref="7206394772" /><tag k="highway" v="residential" /><tag k="oneway" v="no" /></way><way id="957" timestamp="2026-04-01T21:47:02Z" uid="1" user="OSMnx" version="1" changeset="1"><nd ref="7206394773" /><nd ref="12347814314" /><tag k="highway" v="secondary" /><tag k="name" v="K C Marg" /><tag k="oneway" v="no" /></way><way id="958" timestamp="2026-04-01T21:47:02Z" uid="1" user="OSMnx" version="1" changeset="1"><nd ref="7206394774" /><nd ref="9852339280" /><tag k="highway" v="residential" /><tag k="lanes" v="2" /><tag k="oneway" v="no" /></way><way id="959" timestamp="2026-04-01T21:47:02Z" uid="1" user="OSMnx" version="1" changeset="1"><nd ref="7206394774" /><nd ref="7206394771" /><tag k="highway" v="secondary" /><tag k="name" v="K C Marg" /><tag k="oneway" v="no" /></way><way id="960" timestamp="2026-04-01T21:47:02Z" uid="1" user="OSMnx" version="1" changeset="1"><nd ref="7206394775" /><nd ref="7206394774" /><tag k="highway" v="secondary" /><tag k="name" v="K C Marg" /><tag k="oneway" v="no" /></way><way id="961" timestamp="2026-04-01T21:47:02Z" uid="1" user="OSMnx" version="1" changeset="1"><nd ref="7206394784" /><nd ref="347042532" /><tag k="highway" v="residential" /><tag k="lanes" v="1" /><tag k="name" v="Smt. Shobha Bhaskar Joshi Marg" /><tag k="oneway" v="no" /></way><way id="962" timestamp="2026-04-01T21:47:02Z" uid="1" user="OSMnx" version="1" changeset="1"><nd ref="7206394784" /><nd ref="10089667079" /><tag k="highway" v="secondary" /><tag k="name" v="K C Marg" /><tag k="oneway" v="no" /></way><way id="963" timestamp="2026-04-01T21:47:02Z" uid="1" user="OSMnx" version="1" changeset="1"><nd ref="7206407288" /><nd ref="346644272" /><tag k="highway" v="secondary" /><tag k="oneway" v="no" /></way><way id="964" timestamp="2026-04-01T21:47:02Z" uid="1" user="OSMnx" version="1" changeset="1"><nd ref="7206407288" /><nd ref="7206407290" /><tag k="highway" v="secondary" /><tag k="name" v="K C Marg" /><tag k="oneway" v="no" /></way><way id="965" timestamp="2026-04-01T21:47:02Z" uid="1" user="OSMnx" version="1" changeset="1"><nd ref="7206407290" /><nd ref="346622396" /><tag k="highway" v="residential" /><tag k="oneway" v="no" /></way><way id="966" timestamp="2026-04-01T21:47:02Z" uid="1" user="OSMnx" version="1" changeset="1"><nd ref="7206407290" /><nd ref="7206407294" /><tag k="highway" v="secondary" /><tag k="name" v="K C Marg" /><tag k="oneway" v="no" /></way><way id="967" timestamp="2026-04-01T21:47:02Z" uid="1" user="OSMnx" version="1" changeset="1"><nd ref="7206407294" /><nd ref="346622403" /><tag k="highway" v="residential" /><tag k="oneway" v="no" /></way><way id="968" timestamp="2026-04-01T21:47:02Z" uid="1" user="OSMnx" version="1" changeset="1"><nd ref="7206407294" /><nd ref="7206407299" /><tag k="highway" v="secondary" /><tag k="name" v="K C Marg" /><tag k="oneway" v="no" /></way><way id="969" timestamp="2026-04-01T21:47:02Z" uid="1" user="OSMnx" version="1" changeset="1"><nd ref="7206407299" /><nd ref="13516967378" /><tag k="highway" v="secondary_link" /><tag k="oneway" v="no" /></way><way id="970" timestamp="2026-04-01T21:47:02Z" uid="1" user="OSMnx" version="1" changeset="1"><nd ref="7206407299" /><nd ref="7206407301" /><tag k="highway" v="secondary" /><tag k="name" v="K C Marg" /><tag k="oneway" v="no" /></way><way id="971" timestamp="2026-04-01T21:47:02Z" uid="1" user="OSMnx" version="1" changeset="1"><nd ref="7206407301" /><nd ref="346604594" /><tag k="highway" v="secondary" /><tag k="oneway" v="no" /></way><way id="972" timestamp="2026-04-01T21:47:02Z" uid="1" user="OSMnx" version="1" changeset="1"><nd ref="7206407305" /><nd ref="10882768313" /><tag k="highway" v="secondary" /><tag k="name" v="K C Marg" /><tag k="oneway" v="no" /></way><way id="973" timestamp="2026-04-01T21:47:02Z" uid="1" user="OSMnx" version="1" changeset="1"><nd ref="7206407305" /><nd ref="6430382336" /><tag k="highway" v="secondary" /><tag k="name" v="L K Mehta Marg" /><tag k="oneway" v="no" /></way><way id="974" timestamp="2026-04-01T21:47:02Z" uid="1" user="OSMnx" version="1" changeset="1"><nd ref="7241563884" /><nd ref="10598764751" /><tag k="highway" v="residential" /><tag k="lanes" v="1" /><tag k="name" v="Perry Cross Road" /><tag k="oneway" v="no" /></way><way id="975" timestamp="2026-04-01T21:47:02Z" uid="1" user="OSMnx" version="1" changeset="1"><nd ref="7241563884" /><nd ref="11482188047" /><tag k="highway" v="residential" /><tag k="oneway" v="no" /></way><way id="976" timestamp="2026-04-01T21:47:02Z" uid="1" user="OSMnx" version="1" changeset="1"><nd ref="7241583727" /><nd ref="347195199" /><tag k="highway" v="tertiary" /><tag k="lanes" v="2" /><tag k="name" v="Dr BR Ambedkar Road" /><tag k="oneway" v="no" /></way><way id="977" timestamp="2026-04-01T21:47:02Z" uid="1" user="OSMnx" version="1" changeset="1"><nd ref="7241583735" /><nd ref="13519081578" /><tag k="highway" v="secondary" /><tag k="lanes" v="2" /><tag k="oneway" v="no" /></way><way id="978" timestamp="2026-04-01T21:47:02Z" uid="1" user="OSMnx" version="1" changeset="1"><nd ref="7241601886" /><nd ref="11482202224" /><tag k="highway" v="residential" /><tag k="name" v="Sanjana Lane" /><tag k="oneway" v="no" /></way><way id="979" timestamp="2026-04-01T21:47:02Z" uid="1" user="OSMnx" version="1" changeset="1"><nd ref="7241601886" /><nd ref="12069661574" /><tag k="highway" v="residential" /><tag k="oneway" v="no" /></way><way id="980" timestamp="2026-04-01T21:47:02Z" uid="1" user="OSMnx" version="1" changeset="1"><nd ref="7244539582" /><nd ref="245667695" /><tag k="highway" v="tertiary" /><tag k="name" v="Hasanabad Road No 2" /><tag k="oneway" v="no" /></way><way id="981" timestamp="2026-04-01T21:47:02Z" uid="1" user="OSMnx" version="1" changeset="1"><nd ref="7244551187" /><nd ref="5265547246" /><tag k="highway" v="primary" /><tag k="name" v="Swami Vivekanand Road" /><tag k="oneway" v="no" /></way><way id="982" timestamp="2026-04-01T21:47:02Z" uid="1" user="OSMnx" version="1" changeset="1"><nd ref="7244551188" /><nd ref="13523554741" /><tag k="highway" v="primary" /><tag k="name" v="Swami Vivekanand Road" /><tag k="oneway" v="no" /></way><way id="983" timestamp="2026-04-01T21:47:02Z" uid="1" user="OSMnx" version="1" changeset="1"><nd ref="7244551188" /><nd ref="10925774614" /><tag k="highway" v="residential" /><tag k="oneway" v="no" /></way><way id="984" timestamp="2026-04-01T21:47:02Z" uid="1" user="OSMnx" version="1" changeset="1"><nd ref="7298841985" /><nd ref="13537225634" /><tag k="highway" v="secondary" /><tag k="lanes" v="2" /><tag k="name" v="Danda Boulevard" /><tag k="oneway" v="no" /></way><way id="985" timestamp="2026-04-01T21:47:02Z" uid="1" user="OSMnx" version="1" changeset="1"><nd ref="7298841998" /><nd ref="7241583735" /><tag k="highway" v="residential" /><tag k="name" v="Danda Seaface Promenade" /><tag k="oneway" v="no" /></way><way id="986" timestamp="2026-04-01T21:47:02Z" uid="1" user="OSMnx" version="1" changeset="1"><nd ref="7298842002" /><nd ref="13537225635" /><tag k="highway" v="secondary" /><tag k="lanes" v="2" /><tag k="name" v="Danda Boulevard" /><tag k="oneway" v="no" /></way><way id="987" timestamp="2026-04-01T21:47:02Z" uid="1" user="OSMnx" version="1" changeset="1"><nd ref="7298842002" /><nd ref="13537225636" /><tag k="highway" v="secondary_link" /><tag k="oneway" v="no" /></way><way id="988" timestamp="2026-04-01T21:47:02Z" uid="1" user="OSMnx" version="1" changeset="1"><nd ref="7298842020" /><nd ref="7298842024" /><tag k="highway" v="secondary" /><tag k="lanes" v="4" /><tag k="name" v="Carter Road" /><tag k="oneway" v="no" /></way><way id="989" timestamp="2026-04-01T21:47:02Z" uid="1" user="OSMnx" version="1" changeset="1"><nd ref="7298842024" /><nd ref="348125127" /><tag k="highway" v="residential" /><tag k="lanes" v="2" /><tag k="name" v="Graffiti Lane" /><tag k="oneway" v="no" /></way><way id="990" timestamp="2026-04-01T21:47:02Z" uid="1" user="OSMnx" version="1" changeset="1"><nd ref="7298842041" /><nd ref="13521149003" /><tag k="highway" v="secondary" /><tag k="lanes" v="4" /><tag k="name" v="Carter Road" /><tag k="oneway" v="no" /></way><way id="991" timestamp="2026-04-01T21:47:02Z" uid="1" user="OSMnx" version="1" changeset="1"><nd ref="7298842041" /><nd ref="347169483" /><tag k="highway" v="residential" /><tag k="lanes" v="2" /><tag k="name" v="Pali Mala Road" /><tag k="oneway" v="no" /></way><way id="992" timestamp="2026-04-01T21:47:02Z" uid="1" user="OSMnx" version="1" changeset="1"><nd ref="7298842042" /><nd ref="7241601886" /><tag k="highway" v="residential" /><tag k="name" v="Sanjana Lane" /><tag k="oneway" v="no" /></way><way id="993" timestamp="2026-04-01T21:47:02Z" uid="1" user="OSMnx" version="1" changeset="1"><nd ref="7298842042" /><nd ref="10882694912" /><tag k="highway" v="secondary" /><tag k="lanes" v="4" /><tag k="name" v="Carter Road" /><tag k="oneway" v="no" /></way><way id="994" timestamp="2026-04-01T21:47:02Z" uid="1" user="OSMnx" version="1" changeset="1"><nd ref="7298892222" /><nd ref="348125132" /><tag k="highway" v="residential" /><tag k="name" v="Rizvi College Road" /><tag k="oneway" v="no" /></way><way id="995" timestamp="2026-04-01T21:47:02Z" uid="1" user="OSMnx" version="1" changeset="1"><nd ref="7298892245" /><nd ref="347108037" /><tag k="highway" v="residential" /><tag k="name" v="Chimbai Road Extension" /><tag k="oneway" v="no" /></way><way id="996" timestamp="2026-04-01T21:47:02Z" uid="1" user="OSMnx" version="1" changeset="1"><nd ref="7298892245" /><nd ref="537791262" /><tag k="highway" v="residential" /><tag k="name" v="St. Joseph Road" /><tag k="oneway" v="no" /></way><way id="997" timestamp="2026-04-01T21:47:02Z" uid="1" user="OSMnx" version="1" changeset="1"><nd ref="7320265241" /><nd ref="13514783244" /><tag k="highway" v="tertiary_link" /><tag k="oneway" v="no" /></way><way id="998" timestamp="2026-04-01T21:47:02Z" uid="1" user="OSMnx" version="1" changeset="1"><nd ref="7320265241" /><nd ref="10603240108" /><tag k="highway" v="tertiary" /><tag k="name" v="Byramji Jeejeebhoy Road" /><tag k="oneway" v="no" /></way><way id="999" timestamp="2026-04-01T21:47:02Z" uid="1" user="OSMnx" version="1" changeset="1"><nd ref="7320265243" /><nd ref="7320265259" /><tag k="highway" v="tertiary" /><tag k="name" v="Byramji Jeejeebhoy Road" /><tag k="oneway" v="no" /></way><way id="1000" timestamp="2026-04-01T21:47:02Z" uid="1" user="OSMnx" version="1" changeset="1"><nd ref="7320265268" /><nd ref="347147042" /><tag k="highway" v="residential" /><tag k="oneway" v="no" /></way><way id="1001" timestamp="2026-04-01T21:47:02Z" uid="1" user="OSMnx" version="1" changeset="1"><nd ref="7320265268" /><nd ref="4352203887" /><tag k="highway" v="living_street" /><tag k="oneway" v="no" /></way><way id="1002" timestamp="2026-04-01T21:47:02Z" uid="1" user="OSMnx" version="1" changeset="1"><nd ref="7358515098" /><nd ref="4362546076" /><tag k="highway" v="living_street" /><tag k="oneway" v="no" /></way><way id="1003" timestamp="2026-04-01T21:47:02Z" uid="1" user="OSMnx" version="1" changeset="1"><nd ref="7358515098" /><nd ref="7358515097" /><tag k="highway" v="living_street" /><tag k="oneway" v="no" /></way><way id="1004" timestamp="2026-04-01T21:47:02Z" uid="1" user="OSMnx" version="1" changeset="1"><nd ref="7384246037" /><nd ref="6491141862" /><tag k="highway" v="residential" /><tag k="oneway" v="no" /></way><way id="1005" timestamp="2026-04-01T21:47:02Z" uid="1" user="OSMnx" version="1" changeset="1"><nd ref="7384246037" /><nd ref="13503325288" /><tag k="highway" v="residential" /><tag k="oneway" v="no" /></way><way id="1006" timestamp="2026-04-01T21:47:02Z" uid="1" user="OSMnx" version="1" changeset="1"><nd ref="8145876796" /><nd ref="8212157010" /><tag k="highway" v="residential" /><tag k="name" v="M Dandekar Marg" /><tag k="oneway" v="no" /></way><way id="1007" timestamp="2026-04-01T21:47:02Z" uid="1" user="OSMnx" version="1" changeset="1"><nd ref="8145876796" /><nd ref="13569791121" /><tag k="highway" v="living_street" /><tag k="oneway" v="no" /></way><way id="1008" timestamp="2026-04-01T21:47:02Z" uid="1" user="OSMnx" version="1" changeset="1"><nd ref="8212157010" /><nd ref="13569791114" /><tag k="highway" v="residential" /><tag k="name" v="M Dandekar Marg" /><tag k="oneway" v="no" /></way><way id="1009" timestamp="2026-04-01T21:47:02Z" uid="1" user="OSMnx" version="1" changeset="1"><nd ref="8488697651" /><nd ref="4685195761" /><tag k="highway" v="residential" /><tag k="name" v="Danda Seaface Promenade" /><tag k="oneway" v="no" /></way><way id="1010" timestamp="2026-04-01T21:47:02Z" uid="1" user="OSMnx" version="1" changeset="1"><nd ref="8488697651" /><nd ref="10540292296" /><tag k="highway" v="residential" /><tag k="oneway" v="no" /></way><way id="1011" timestamp="2026-04-01T21:47:02Z" uid="1" user="OSMnx" version="1" changeset="1"><nd ref="8589026517" /><nd ref="4328028263" /><tag k="highway" v="living_street" /><tag k="oneway" v="no" /></way><way id="1012" timestamp="2026-04-01T21:47:02Z" uid="1" user="OSMnx" version="1" changeset="1"><nd ref="8589026517" /><nd ref="10257903078" /><tag k="highway" v="secondary" /><tag k="name" v="Bandra Station Road" /><tag k="oneway" v="no" /></way><way id="1013" timestamp="2026-04-01T21:47:02Z" uid="1" user="OSMnx" version="1" changeset="1"><nd ref="8589101223" /><nd ref="8589101237" /><tag k="highway" v="residential" /><tag k="name" v="21st Road" /><tag k="oneway" v="no" /></way><way id="1014" timestamp="2026-04-01T21:47:02Z" uid="1" user="OSMnx" version="1" changeset="1"><nd ref="8589101223" /><nd ref="13516051353" /><tag k="highway" v="secondary" /><tag k="name" v="Danda Boulevard (1st Road)" /><tag k="oneway" v="no" /></way><way id="1015" timestamp="2026-04-01T21:47:02Z" uid="1" user="OSMnx" version="1" changeset="1"><nd ref="8589101224" /><nd ref="3803645363" /><tag k="highway" v="residential" /><tag k="name" v="20th A Road" /><tag k="oneway" v="no" /></way><way id="1016" timestamp="2026-04-01T21:47:02Z" uid="1" user="OSMnx" version="1" changeset="1"><nd ref="8589101224" /><nd ref="8589101223" /><tag k="highway" v="secondary" /><tag k="name" v="Danda Boulevard (1st Road)" /><tag k="oneway" v="no" /></way><way id="1017" timestamp="2026-04-01T21:47:02Z" uid="1" user="OSMnx" version="1" changeset="1"><nd ref="8589101225" /><nd ref="245667826" /><tag k="highway" v="residential" /><tag k="name" v="20th Road, St.Elias Marg" /><tag k="oneway" v="no" /></way><way id="1018" timestamp="2026-04-01T21:47:02Z" uid="1" user="OSMnx" version="1" changeset="1"><nd ref="8589101225" /><nd ref="8589101224" /><tag k="highway" v="secondary" /><tag k="name" v="Danda Boulevard (1st Road)" /><tag k="oneway" v="no" /></way><way id="1019" timestamp="2026-04-01T21:47:02Z" uid="1" user="OSMnx" version="1" changeset="1"><nd ref="8589101227" /><nd ref="245667778" /><tag k="highway" v="residential" /><tag k="name" v="19th Road" /><tag k="oneway" v="no" /></way><way id="1020" timestamp="2026-04-01T21:47:02Z" uid="1" user="OSMnx" version="1" changeset="1"><nd ref="8589101227" /><nd ref="8589101225" /><tag k="highway" v="secondary" /><tag k="name" v="Danda Boulevard (1st Road)" /><tag k="oneway" v="no" /></way><way id="1021" timestamp="2026-04-01T21:47:02Z" uid="1" user="OSMnx" version="1" changeset="1"><nd ref="8589101228" /><nd ref="8589101236" /><tag k="highway" v="secondary" /><tag k="name" v="Danda Boulevard (1st Road)" /><tag k="oneway" v="no" /></way><way id="1022" timestamp="2026-04-01T21:47:02Z" uid="1" user="OSMnx" version="1" changeset="1"><nd ref="8589101228" /><nd ref="245667684" /><tag k="highway" v="residential" /><tag k="name" v="17th Road" /><tag k="oneway" v="no" /></way><way id="1023" timestamp="2026-04-01T21:47:02Z" uid="1" user="OSMnx" version="1" changeset="1"><nd ref="8589101229" /><nd ref="8589101228" /><tag k="highway" v="secondary" /><tag k="name" v="Danda Boulevard (1st Road)" /><tag k="oneway" v="no" /></way><way id="1024" timestamp="2026-04-01T21:47:02Z" uid="1" user="OSMnx" version="1" changeset="1"><nd ref="8589101229" /><nd ref="245667431" /><tag k="highway" v="residential" /><tag k="name" v="Padmashree Mohammed Rafi Marg (16th Road)" /><tag k="oneway" v="no" /></way><way id="1025" timestamp="2026-04-01T21:47:02Z" uid="1" user="OSMnx" version="1" changeset="1"><nd ref="8589101230" /><nd ref="245667644" /><tag k="highway" v="residential" /><tag k="name" v="15th Road" /><tag k="oneway" v="no" /></way><way id="1026" timestamp="2026-04-01T21:47:02Z" uid="1" user="OSMnx" version="1" changeset="1"><nd ref="8589101230" /><nd ref="8589101229" /><tag k="highway" v="secondary" /><tag k="name" v="Danda Boulevard (1st Road)" /><tag k="oneway" v="no" /></way><way id="1027" timestamp="2026-04-01T21:47:02Z" uid="1" user="OSMnx" version="1" changeset="1"><nd ref="8589101231" /><nd ref="8589101230" /><tag k="highway" v="secondary" /><tag k="name" v="Danda Boulevard (1st Road)" /><tag k="oneway" v="no" /></way><way id="1028" timestamp="2026-04-01T21:47:02Z" uid="1" user="OSMnx" version="1" changeset="1"><nd ref="8589101233" /><nd ref="245667366" /><tag k="highway" v="residential" /><tag k="name" v="14th Road" /><tag k="oneway" v="no" /></way><way id="1029" timestamp="2026-04-01T21:47:02Z" uid="1" user="OSMnx" version="1" changeset="1"><nd ref="8589101233" /><nd ref="10635534062" /><tag k="highway" v="secondary" /><tag k="lanes" v="2" /><tag k="name" v="['Chitrakar Durandhar Road (2nd Road)', 'Chitrakar Dhurandar Road']" /><tag k="oneway" v="no" /></way><way id="1030" timestamp="2026-04-01T21:47:02Z" uid="1" user="OSMnx" version="1" changeset="1"><nd ref="8589101235" /><nd ref="245667737" /><tag k="highway" v="residential" /><tag k="oneway" v="no" /></way><way id="1031" timestamp="2026-04-01T21:47:02Z" uid="1" user="OSMnx" version="1" changeset="1"><nd ref="8589101235" /><nd ref="8589101227" /><tag k="highway" v="secondary" /><tag k="name" v="Danda Boulevard (1st Road)" /><tag k="oneway" v="no" /></way><way id="1032" timestamp="2026-04-01T21:47:02Z" uid="1" user="OSMnx" version="1" changeset="1"><nd ref="8589101236" /><nd ref="245667716" /><tag k="highway" v="residential" /><tag k="name" v="18th Road" /><tag k="oneway" v="no" /></way><way id="1033" timestamp="2026-04-01T21:47:02Z" uid="1" user="OSMnx" version="1" changeset="1"><nd ref="8589101236" /><nd ref="8589101235" /><tag k="highway" v="secondary" /><tag k="name" v="Danda Boulevard (1st Road)" /><tag k="oneway" v="no" /></way><way id="1034" timestamp="2026-04-01T21:47:02Z" uid="1" user="OSMnx" version="1" changeset="1"><nd ref="8589101237" /><nd ref="3803645363" /><tag k="highway" v="secondary" /><tag k="lanes" v="2" /><tag k="name" v="Chitrakar Dhurandar Road" /><tag k="oneway" v="no" /></way><way id="1035" timestamp="2026-04-01T21:47:02Z" uid="1" user="OSMnx" version="1" changeset="1"><nd ref="8589101237" /><nd ref="245667939" /><tag k="highway" v="residential" /><tag k="name" v="21st Road" /><tag k="oneway" v="no" /></way><way id="1036" timestamp="2026-04-01T21:47:02Z" uid="1" user="OSMnx" version="1" changeset="1"><nd ref="8695589328" /><nd ref="8695589329" /><tag k="highway" v="residential" /><tag k="name" v="Bandh Creek Road 1" /><tag k="oneway" v="no" /></way><way id="1037" timestamp="2026-04-01T21:47:02Z" uid="1" user="OSMnx" version="1" changeset="1"><nd ref="8695589328" /><nd ref="245668285" /><tag k="highway" v="living_street" /><tag k="oneway" v="no" /></way><way id="1038" timestamp="2026-04-01T21:47:02Z" uid="1" user="OSMnx" version="1" changeset="1"><nd ref="8711186082" /><nd ref="2852214021" /><tag k="highway" v="residential" /><tag k="name" v="Dr. Peter Dias Road" /><tag k="oneway" v="no" /></way><way id="1039" timestamp="2026-04-01T21:47:02Z" uid="1" user="OSMnx" version="1" changeset="1"><nd ref="8711186082" /><nd ref="8711186083" /><tag k="highway" v="residential" /><tag k="name" v="Cross Lane" /><tag k="oneway" v="no" /></way><way id="1040" timestamp="2026-04-01T21:47:02Z" uid="1" user="OSMnx" version="1" changeset="1"><nd ref="9263370380" /><nd ref="1640746639" /><tag k="highway" v="residential" /><tag k="oneway" v="no" /></way><way id="1041" timestamp="2026-04-01T21:47:02Z" uid="1" user="OSMnx" version="1" changeset="1"><nd ref="9263370380" /><nd ref="9263370389" /><tag k="highway" v="['residential', 'living_street']" /><tag k="oneway" v="no" /></way><way id="1042" timestamp="2026-04-01T21:47:02Z" uid="1" user="OSMnx" version="1" changeset="1"><nd ref="9263370389" /><nd ref="8212157010" /><tag k="highway" v="residential" /><tag k="name" v="['Kolifornia street', 'Kolifornia Street']" /><tag k="oneway" v="no" /></way><way id="1043" timestamp="2026-04-01T21:47:02Z" uid="1" user="OSMnx" version="1" changeset="1"><nd ref="9681688972" /><nd ref="13534656947" /><tag k="highway" v="secondary" /><tag k="maxspeed" v="30" /><tag k="name" v="Hill Road" /><tag k="oneway" v="no" /></way><way id="1044" timestamp="2026-04-01T21:47:02Z" uid="1" user="OSMnx" version="1" changeset="1"><nd ref="9681688972" /><nd ref="9787156063" /><tag k="highway" v="residential" /><tag k="oneway" v="no" /></way><way id="1045" timestamp="2026-04-01T21:47:02Z" uid="1" user="OSMnx" version="1" changeset="1"><nd ref="9681688972" /><nd ref="347181735" /><tag k="highway" v="residential" /><tag k="name" v="Boran Road" /><tag k="oneway" v="no" /></way><way id="1046" timestamp="2026-04-01T21:47:02Z" uid="1" user="OSMnx" version="1" changeset="1"><nd ref="9681688973" /><nd ref="346620827" /><tag k="highway" v="tertiary" /><tag k="name" v="St Peter's Road" /><tag k="oneway" v="no" /></way><way id="1047" timestamp="2026-04-01T21:47:02Z" uid="1" user="OSMnx" version="1" changeset="1"><nd ref="9681688973" /><nd ref="9916444554" /><tag k="highway" v="secondary" /><tag k="maxspeed" v="30" /><tag k="name" v="Hill Road" /><tag k="oneway" v="no" /></way><way id="1048" timestamp="2026-04-01T21:47:02Z" uid="1" user="OSMnx" version="1" changeset="1"><nd ref="9681688974" /><nd ref="2841960950" /><tag k="highway" v="secondary" /><tag k="name" v="Mehboob Kahn Chowk" /><tag k="oneway" v="no" /></way><way id="1049" timestamp="2026-04-01T21:47:02Z" uid="1" user="OSMnx" version="1" changeset="1"><nd ref="9681688977" /><nd ref="13009284661" /><tag k="highway" v="secondary" /><tag k="name" v="Hill Road" /><tag k="oneway" v="no" /></way><way id="1050" timestamp="2026-04-01T21:47:02Z" uid="1" user="OSMnx" version="1" changeset="1"><nd ref="9681688983" /><nd ref="346633397" /><tag k="highway" v="secondary" /><tag k="maxspeed" v="30" /><tag k="name" v="Hill Road" /><tag k="oneway" v="no" /></way><way id="1051" timestamp="2026-04-01T21:47:02Z" uid="1" user="OSMnx" version="1" changeset="1"><nd ref="9681688986" /><nd ref="347147268" /><tag k="highway" v="residential" /><tag k="oneway" v="no" /></way><way id="1052" timestamp="2026-04-01T21:47:02Z" uid="1" user="OSMnx" version="1" changeset="1"><nd ref="9681688986" /><nd ref="9681688973" /><tag k="highway" v="secondary" /><tag k="maxspeed" v="30" /><tag k="name" v="Hill Road" /><tag k="oneway" v="no" /></way><way id="1053" timestamp="2026-04-01T21:47:02Z" uid="1" user="OSMnx" version="1" changeset="1"><nd ref="9681688986" /><nd ref="12293795280" /><tag k="highway" v="residential" /><tag k="oneway" v="no" /></way><way id="1054" timestamp="2026-04-01T21:47:02Z" uid="1" user="OSMnx" version="1" changeset="1"><nd ref="9681688988" /><nd ref="2247989255" /><tag k="highway" v="residential" /><tag k="name" v="Chinchpokli Rd" /><tag k="oneway" v="no" /></way><way id="1055" timestamp="2026-04-01T21:47:02Z" uid="1" user="OSMnx" version="1" changeset="1"><nd ref="9681688988" /><nd ref="10770749309" /><tag k="highway" v="secondary" /><tag k="maxspeed" v="30" /><tag k="name" v="Hill Road" /><tag k="oneway" v="no" /></way><way id="1056" timestamp="2026-04-01T21:47:02Z" uid="1" user="OSMnx" version="1" changeset="1"><nd ref="9681688994" /><nd ref="347146508" /><tag k="highway" v="residential" /><tag k="oneway" v="no" /></way><way id="1057" timestamp="2026-04-01T21:47:02Z" uid="1" user="OSMnx" version="1" changeset="1"><nd ref="9681688994" /><nd ref="13565951412" /><tag k="highway" v="secondary" /><tag k="maxspeed" v="30" /><tag k="name" v="Hill Road" /><tag k="oneway" v="no" /></way><way id="1058" timestamp="2026-04-01T21:47:02Z" uid="1" user="OSMnx" version="1" changeset="1"><nd ref="9681688995" /><nd ref="9681688994" /><tag k="highway" v="secondary" /><tag k="maxspeed" v="30" /><tag k="name" v="Hill Road" /><tag k="oneway" v="no" /></way><way id="1059" timestamp="2026-04-01T21:47:02Z" uid="1" user="OSMnx" version="1" changeset="1"><nd ref="9681688997" /><nd ref="9681688986" /><tag k="highway" v="secondary" /><tag k="maxspeed" v="30" /><tag k="name" v="Hill Road" /><tag k="oneway" v="no" /></way><way id="1060" timestamp="2026-04-01T21:47:02Z" uid="1" user="OSMnx" version="1" changeset="1"><nd ref="9681688997" /><nd ref="13514731253" /><tag k="highway" v="residential" /><tag k="oneway" v="no" /></way><way id="1061" timestamp="2026-04-01T21:47:02Z" uid="1" user="OSMnx" version="1" changeset="1"><nd ref="9681688997" /><nd ref="347184698" /><tag k="highway" v="residential" /><tag k="maxspeed" v="15" /><tag k="name" v="Ice Factory Lane" /><tag k="oneway" v="no" /></way><way id="1062" timestamp="2026-04-01T21:47:02Z" uid="1" user="OSMnx" version="1" changeset="1"><nd ref="9681688998" /><nd ref="9681688983" /><tag k="highway" v="secondary" /><tag k="maxspeed" v="30" /><tag k="name" v="Hill Road" /><tag k="oneway" v="no" /></way><way id="1063" timestamp="2026-04-01T21:47:02Z" uid="1" user="OSMnx" version="1" changeset="1"><nd ref="9681688999" /><nd ref="9681689000" /><tag k="highway" v="secondary_link" /><tag k="oneway" v="no" /></way><way id="1064" timestamp="2026-04-01T21:47:02Z" uid="1" user="OSMnx" version="1" changeset="1"><nd ref="9681688999" /><nd ref="4364457175" /><tag k="highway" v="secondary" /><tag k="maxspeed" v="30" /><tag k="name" v="Hill Road" /><tag k="oneway" v="no" /></way><way id="1065" timestamp="2026-04-01T21:47:02Z" uid="1" user="OSMnx" version="1" changeset="1"><nd ref="9681689000" /><nd ref="13523326236" /><tag k="highway" v="secondary" /><tag k="maxspeed" v="30" /><tag k="name" v="Hill Road" /><tag k="oneway" v="no" /></way><way id="1066" timestamp="2026-04-01T21:47:02Z" uid="1" user="OSMnx" version="1" changeset="1"><nd ref="9681689002" /><nd ref="347106948" /><tag k="highway" v="residential" /><tag k="oneway" v="no" /></way><way id="1067" timestamp="2026-04-01T21:47:02Z" uid="1" user="OSMnx" version="1" changeset="1"><nd ref="9681689002" /><nd ref="10603240109" /><tag k="highway" v="secondary" /><tag k="maxspeed" v="30" /><tag k="name" v="Hill Road" /><tag k="oneway" v="no" /></way><way id="1068" timestamp="2026-04-01T21:47:02Z" uid="1" user="OSMnx" version="1" changeset="1"><nd ref="9739285675" /><nd ref="10257903078" /><tag k="highway" v="residential" /><tag k="oneway" v="no" /></way><way id="1069" timestamp="2026-04-01T21:47:02Z" uid="1" user="OSMnx" version="1" changeset="1"><nd ref="9739285675" /><nd ref="4328028201" /><tag k="highway" v="secondary" /><tag k="name" v="Bandra Station Road" /><tag k="oneway" v="no" /></way><way id="1070" timestamp="2026-04-01T21:47:02Z" uid="1" user="OSMnx" version="1" changeset="1"><nd ref="9739950371" /><nd ref="9739950372" /><tag k="highway" v="secondary" /><tag k="oneway" v="no" /></way><way id="1071" timestamp="2026-04-01T21:47:02Z" uid="1" user="OSMnx" version="1" changeset="1"><nd ref="9739950371" /><nd ref="13528689955" /><tag k="highway" v="primary" /><tag k="name" v="Swami Vivekanand Road" /><tag k="oneway" v="no" /></way><way id="1072" timestamp="2026-04-01T21:47:02Z" uid="1" user="OSMnx" version="1" changeset="1"><nd ref="9739950372" /><nd ref="4328035957" /><tag k="highway" v="primary" /><tag k="name" v="Swami Vivekanand Road" /><tag k="oneway" v="no" /></way><way id="1073" timestamp="2026-04-01T21:47:02Z" uid="1" user="OSMnx" version="1" changeset="1"><nd ref="9739950372" /><nd ref="9681688995" /><tag k="highway" v="secondary" /><tag k="maxspeed" v="30" /><tag k="name" v="Hill Road" /><tag k="oneway" v="no" /></way><way id="1074" timestamp="2026-04-01T21:47:02Z" uid="1" user="OSMnx" version="1" changeset="1"><nd ref="9739950373" /><nd ref="8589026517" /><tag k="highway" v="secondary" /><tag k="name" v="Bandra Station Road" /><tag k="oneway" v="no" /></way><way id="1075" timestamp="2026-04-01T21:47:02Z" uid="1" user="OSMnx" version="1" changeset="1"><nd ref="9739950373" /><nd ref="9739950371" /><tag k="highway" v="primary" /><tag k="name" v="Swami Vivekanand Road" /><tag k="oneway" v="no" /></way><way id="1076" timestamp="2026-04-01T21:47:02Z" uid="1" user="OSMnx" version="1" changeset="1"><nd ref="9784861778" /><nd ref="296362014" /><tag k="highway" v="residential" /><tag k="name" v="Prabhu Ramchandra Mandir Road" /><tag k="oneway" v="no" /></way><way id="1077" timestamp="2026-04-01T21:47:02Z" uid="1" user="OSMnx" version="1" changeset="1"><nd ref="9784861778" /><nd ref="4362576442" /><tag k="highway" v="residential" /><tag k="oneway" v="no" /></way><way id="1078" timestamp="2026-04-01T21:47:02Z" uid="1" user="OSMnx" version="1" changeset="1"><nd ref="9787156063" /><nd ref="346633203" /><tag k="highway" v="secondary" /><tag k="maxspeed" v="30" /><tag k="name" v="Hill Road" /><tag k="oneway" v="no" /></way><way id="1079" timestamp="2026-04-01T21:47:02Z" uid="1" user="OSMnx" version="1" changeset="1"><nd ref="9852339280" /><nd ref="5348737171" /><tag k="highway" v="residential" /><tag k="lanes" v="2" /><tag k="oneway" v="no" /></way><way id="1080" timestamp="2026-04-01T21:47:02Z" uid="1" user="OSMnx" version="1" changeset="1"><nd ref="9852339280" /><nd ref="11954345379" /><tag k="highway" v="residential" /><tag k="oneway" v="no" /></way><way id="1081" timestamp="2026-04-01T21:47:02Z" uid="1" user="OSMnx" version="1" changeset="1"><nd ref="9859474278" /><nd ref="9681688997" /><tag k="highway" v="secondary" /><tag k="maxspeed" v="30" /><tag k="name" v="Hill Road" /><tag k="oneway" v="no" /></way><way id="1082" timestamp="2026-04-01T21:47:02Z" uid="1" user="OSMnx" version="1" changeset="1"><nd ref="9916444554" /><nd ref="10882727465" /><tag k="highway" v="secondary" /><tag k="maxspeed" v="30" /><tag k="name" v="Hill Road" /><tag k="oneway" v="no" /></way><way id="1083" timestamp="2026-04-01T21:47:02Z" uid="1" user="OSMnx" version="1" changeset="1"><nd ref="9920649231" /><nd ref="9920649226" /><tag k="highway" v="living_street" /><tag k="oneway" v="no" /></way><way id="1084" timestamp="2026-04-01T21:47:02Z" uid="1" user="OSMnx" version="1" changeset="1"><nd ref="9979171944" /><nd ref="471556495" /><tag k="highway" v="residential" /><tag k="oneway" v="no" /></way><way id="1085" timestamp="2026-04-01T21:47:02Z" uid="1" user="OSMnx" version="1" changeset="1"><nd ref="9979171944" /><nd ref="471566278" /><tag k="highway" v="tertiary" /><tag k="name" v="PD Hinduja Road (Khar Pali Road)" /><tag k="oneway" v="no" /></way><way id="1086" timestamp="2026-04-01T21:47:02Z" uid="1" user="OSMnx" version="1" changeset="1"><nd ref="9979171945" /><nd ref="9979171944" /><tag k="highway" v="tertiary" /><tag k="name" v="PD Hinduja Road (Khar Pali Road)" /><tag k="oneway" v="no" /></way><way id="1087" timestamp="2026-04-01T21:47:02Z" uid="1" user="OSMnx" version="1" changeset="1"><nd ref="9979171945" /><nd ref="12069189881" /><tag k="highway" v="tertiary" /><tag k="name" v="PD Hinduja Road (Khar Pali Road)" /><tag k="oneway" v="no" /></way><way id="1088" timestamp="2026-04-01T21:47:02Z" uid="1" user="OSMnx" version="1" changeset="1"><nd ref="9979171946" /><nd ref="471556495" /><tag k="highway" v="tertiary" /><tag k="name" v="PD Hinduja Road (Khar Pali Road)" /><tag k="oneway" v="no" /></way><way id="1089" timestamp="2026-04-01T21:47:02Z" uid="1" user="OSMnx" version="1" changeset="1"><nd ref="9979171947" /><nd ref="9979171952" /><tag k="highway" v="tertiary" /><tag k="name" v="PD Hinduja Road (Khar Pali Road)" /><tag k="oneway" v="no" /></way><way id="1090" timestamp="2026-04-01T21:47:02Z" uid="1" user="OSMnx" version="1" changeset="1"><nd ref="9979171947" /><nd ref="9979171951" /><tag k="highway" v="residential" /><tag k="name" v="14th Road" /><tag k="oneway" v="no" /></way><way id="1091" timestamp="2026-04-01T21:47:02Z" uid="1" user="OSMnx" version="1" changeset="1"><nd ref="9979171948" /><nd ref="347194070" /><tag k="highway" v="secondary" /><tag k="name" v="Linking Road" /><tag k="oneway" v="no" /></way><way id="1092" timestamp="2026-04-01T21:47:02Z" uid="1" user="OSMnx" version="1" changeset="1"><nd ref="9979171948" /><nd ref="13521371103" /><tag k="highway" v="tertiary" /><tag k="name" v="PD Hinduja Road (Khar Pali Road)" /><tag k="oneway" v="no" /></way><way id="1093" timestamp="2026-04-01T21:47:02Z" uid="1" user="OSMnx" version="1" changeset="1"><nd ref="9979171951" /><nd ref="9979171946" /><tag k="highway" v="tertiary" /><tag k="name" v="PD Hinduja Road (Khar Pali Road)" /><tag k="oneway" v="no" /></way><way id="1094" timestamp="2026-04-01T21:47:02Z" uid="1" user="OSMnx" version="1" changeset="1"><nd ref="9979171952" /><nd ref="471555694" /><tag k="highway" v="tertiary" /><tag k="name" v="PD Hinduja Road (Khar Pali Road)" /><tag k="oneway" v="no" /></way><way id="1095" timestamp="2026-04-01T21:47:02Z" uid="1" user="OSMnx" version="1" changeset="1"><nd ref="9979171953" /><nd ref="9979171966" /><tag k="highway" v="tertiary" /><tag k="oneway" v="no" /></way><way id="1096" timestamp="2026-04-01T21:47:02Z" uid="1" user="OSMnx" version="1" changeset="1"><nd ref="9979171953" /><nd ref="2244797402" /><tag k="highway" v="residential" /><tag k="name" v="13th Road" /><tag k="oneway" v="no" /></way><way id="1097" timestamp="2026-04-01T21:47:02Z" uid="1" user="OSMnx" version="1" changeset="1"><nd ref="9979171954" /><nd ref="2244797404" /><tag k="highway" v="residential" /><tag k="name" v="7th Road" /><tag k="oneway" v="no" /></way><way id="1098" timestamp="2026-04-01T21:47:02Z" uid="1" user="OSMnx" version="1" changeset="1"><nd ref="9979171954" /><nd ref="9979171968" /><tag k="highway" v="tertiary" /><tag k="oneway" v="no" /></way><way id="1099" timestamp="2026-04-01T21:47:02Z" uid="1" user="OSMnx" version="1" changeset="1"><nd ref="9979171955" /><nd ref="2244797408" /><tag k="highway" v="residential" /><tag k="name" v="6th Road" /><tag k="oneway" v="no" /></way><way id="1100" timestamp="2026-04-01T21:47:02Z" uid="1" user="OSMnx" version="1" changeset="1"><nd ref="9979171955" /><nd ref="9979171954" /><tag k="highway" v="tertiary" /><tag k="oneway" v="no" /></way><way id="1101" timestamp="2026-04-01T21:47:02Z" uid="1" user="OSMnx" version="1" changeset="1"><nd ref="9979171956" /><nd ref="9979171965" /><tag k="highway" v="primary" /><tag k="name" v="Swami Vivekanand Road" /><tag k="oneway" v="no" /></way><way id="1102" timestamp="2026-04-01T21:47:02Z" uid="1" user="OSMnx" version="1" changeset="1"><nd ref="9979171957" /><nd ref="9979171948" /><tag k="highway" v="tertiary" /><tag k="oneway" v="no" /></way><way id="1103" timestamp="2026-04-01T21:47:02Z" uid="1" user="OSMnx" version="1" changeset="1"><nd ref="9979171957" /><nd ref="5887563939" /><tag k="highway" v="secondary" /><tag k="name" v="Linking Road" /><tag k="oneway" v="no" /></way><way id="1104" timestamp="2026-04-01T21:47:02Z" uid="1" user="OSMnx" version="1" changeset="1"><nd ref="9979171964" /><nd ref="245667153" /><tag k="highway" v="primary" /><tag k="name" v="Swami Vivekanand Road" /><tag k="oneway" v="no" /></way><way id="1105" timestamp="2026-04-01T21:47:02Z" uid="1" user="OSMnx" version="1" changeset="1"><nd ref="9979171964" /><nd ref="9979171955" /><tag k="highway" v="tertiary" /><tag k="oneway" v="no" /></way><way id="1106" timestamp="2026-04-01T21:47:02Z" uid="1" user="OSMnx" version="1" changeset="1"><nd ref="9979171965" /><nd ref="9979171964" /><tag k="highway" v="tertiary" /><tag k="oneway" v="no" /></way><way id="1107" timestamp="2026-04-01T21:47:02Z" uid="1" user="OSMnx" version="1" changeset="1"><nd ref="9979171965" /><nd ref="13523554735" /><tag k="highway" v="primary" /><tag k="name" v="Swami Vivekanand Road" /><tag k="oneway" v="no" /></way><way id="1108" timestamp="2026-04-01T21:47:02Z" uid="1" user="OSMnx" version="1" changeset="1"><nd ref="9979171966" /><nd ref="1975074702" /><tag k="highway" v="residential" /><tag k="name" v="12th Road" /><tag k="oneway" v="no" /></way><way id="1109" timestamp="2026-04-01T21:47:02Z" uid="1" user="OSMnx" version="1" changeset="1"><nd ref="9979171966" /><nd ref="9979171957" /><tag k="highway" v="tertiary" /><tag k="oneway" v="no" /></way><way id="1110" timestamp="2026-04-01T21:47:02Z" uid="1" user="OSMnx" version="1" changeset="1"><nd ref="9979171968" /><nd ref="9979171953" /><tag k="highway" v="tertiary" /><tag k="oneway" v="no" /></way><way id="1111" timestamp="2026-04-01T21:47:02Z" uid="1" user="OSMnx" version="1" changeset="1"><nd ref="9992653316" /><nd ref="13528689954" /><tag k="highway" v="tertiary" /><tag k="name" v="K C Marg" /><tag k="oneway" v="no" /></way><way id="1112" timestamp="2026-04-01T21:47:02Z" uid="1" user="OSMnx" version="1" changeset="1"><nd ref="9992653317" /><nd ref="2247989176" /><tag k="highway" v="tertiary" /><tag k="name" v="K C Marg" /><tag k="oneway" v="no" /></way><way id="1113" timestamp="2026-04-01T21:47:02Z" uid="1" user="OSMnx" version="1" changeset="1"><nd ref="10082236368" /><nd ref="245667566" /><tag k="highway" v="tertiary" /><tag k="lanes" v="2" /><tag k="name" v="Khau Galli" /><tag k="oneway" v="no" /></way><way id="1114" timestamp="2026-04-01T21:47:02Z" uid="1" user="OSMnx" version="1" changeset="1"><nd ref="10082236368" /><nd ref="245667593" /><tag k="highway" v="tertiary" /><tag k="lanes" v="2" /><tag k="name" v="Groove Street" /><tag k="oneway" v="no" /></way><way id="1115" timestamp="2026-04-01T21:47:02Z" uid="1" user="OSMnx" version="1" changeset="1"><nd ref="10082236370" /><nd ref="7298842020" /><tag k="highway" v="secondary" /><tag k="lanes" v="2" /><tag k="name" v="Danda Boulevard" /><tag k="oneway" v="no" /></way><way id="1116" timestamp="2026-04-01T21:47:02Z" uid="1" user="OSMnx" version="1" changeset="1"><nd ref="10082236370" /><nd ref="10082236383" /><tag k="highway" v="tertiary" /><tag k="name" v="Khau Galli" /><tag k="oneway" v="no" /></way><way id="1117" timestamp="2026-04-01T21:47:02Z" uid="1" user="OSMnx" version="1" changeset="1"><nd ref="10082236380" /><nd ref="10082236388" /><tag k="highway" v="tertiary" /><tag k="name" v="Khau Galli" /><tag k="oneway" v="no" /></way><way id="1118" timestamp="2026-04-01T21:47:02Z" uid="1" user="OSMnx" version="1" changeset="1"><nd ref="10082236383" /><nd ref="1641764060" /><tag k="highway" v="residential" /><tag k="name" v="YMCA Road" /><tag k="oneway" v="no" /></way><way id="1119" timestamp="2026-04-01T21:47:02Z" uid="1" user="OSMnx" version="1" changeset="1"><nd ref="10082236383" /><nd ref="10082236384" /><tag k="highway" v="tertiary" /><tag k="name" v="Khau Galli" /><tag k="oneway" v="no" /></way><way id="1120" timestamp="2026-04-01T21:47:02Z" uid="1" user="OSMnx" version="1" changeset="1"><nd ref="10082236384" /><nd ref="347195038" /><tag k="highway" v="residential" /><tag k="oneway" v="no" /></way><way id="1121" timestamp="2026-04-01T21:47:02Z" uid="1" user="OSMnx" version="1" changeset="1"><nd ref="10082236384" /><nd ref="10082236386" /><tag k="highway" v="tertiary" /><tag k="name" v="Khau Galli" /><tag k="oneway" v="no" /></way><way id="1122" timestamp="2026-04-01T21:47:02Z" uid="1" user="OSMnx" version="1" changeset="1"><nd ref="10082236386" /><nd ref="1641761992" /><tag k="highway" v="residential" /><tag k="oneway" v="no" /></way><way id="1123" timestamp="2026-04-01T21:47:02Z" uid="1" user="OSMnx" version="1" changeset="1"><nd ref="10082236386" /><nd ref="10082236380" /><tag k="highway" v="tertiary" /><tag k="name" v="Khau Galli" /><tag k="oneway" v="no" /></way><way id="1124" timestamp="2026-04-01T21:47:02Z" uid="1" user="OSMnx" version="1" changeset="1"><nd ref="10082236387" /><nd ref="13519412696" /><tag k="highway" v="residential" /><tag k="name" v="Nargis Dutt Road" /><tag k="oneway" v="no" /></way><way id="1125" timestamp="2026-04-01T21:47:02Z" uid="1" user="OSMnx" version="1" changeset="1"><nd ref="10082236387" /><nd ref="10082236368" /><tag k="highway" v="tertiary" /><tag k="name" v="Khau Galli" /><tag k="oneway" v="no" /></way><way id="1126" timestamp="2026-04-01T21:47:02Z" uid="1" user="OSMnx" version="1" changeset="1"><nd ref="10082236388" /><nd ref="12298788109" /><tag k="highway" v="residential" /><tag k="oneway" v="no" /></way><way id="1127" timestamp="2026-04-01T21:47:02Z" uid="1" user="OSMnx" version="1" changeset="1"><nd ref="10082236388" /><nd ref="10082236387" /><tag k="highway" v="tertiary" /><tag k="name" v="Khau Galli" /><tag k="oneway" v="no" /></way><way id="1128" timestamp="2026-04-01T21:47:02Z" uid="1" user="OSMnx" version="1" changeset="1"><nd ref="10089667071" /><nd ref="346644270" /><tag k="highway" v="secondary" /><tag k="name" v="General Arun Kumar Vaidya Marg" /><tag k="oneway" v="no" /></way><way id="1129" timestamp="2026-04-01T21:47:02Z" uid="1" user="OSMnx" version="1" changeset="1"><nd ref="10089667076" /><nd ref="10657225553" /><tag k="highway" v="secondary" /><tag k="oneway" v="no" /></way><way id="1130" timestamp="2026-04-01T21:47:02Z" uid="1" user="OSMnx" version="1" changeset="1"><nd ref="10089667076" /><nd ref="13508497780" /><tag k="highway" v="residential" /><tag k="name" v="General Arun Kumar Vaidya Marg" /><tag k="oneway" v="no" /></way><way id="1131" timestamp="2026-04-01T21:47:02Z" uid="1" user="OSMnx" version="1" changeset="1"><nd ref="10089667078" /><nd ref="10089667079" /><tag k="highway" v="secondary" /><tag k="lanes" v="2" /><tag k="oneway" v="no" /></way><way id="1132" timestamp="2026-04-01T21:47:02Z" uid="1" user="OSMnx" version="1" changeset="1"><nd ref="10089667078" /><nd ref="347042532" /><tag k="highway" v="secondary" /><tag k="name" v="K C Marg" /><tag k="oneway" v="no" /></way><way id="1133" timestamp="2026-04-01T21:47:02Z" uid="1" user="OSMnx" version="1" changeset="1"><nd ref="10089667079" /><nd ref="7206407288" /><tag k="highway" v="secondary" /><tag k="name" v="K C Marg" /><tag k="oneway" v="no" /></way><way id="1134" timestamp="2026-04-01T21:47:02Z" uid="1" user="OSMnx" version="1" changeset="1"><nd ref="10091567336" /><nd ref="3803645380" /><tag k="highway" v="residential" /><tag k="name" v="Chavkute Lane" /><tag k="oneway" v="no" /></way><way id="1135" timestamp="2026-04-01T21:47:02Z" uid="1" user="OSMnx" version="1" changeset="1"><nd ref="10091567336" /><nd ref="9263370389" /><tag k="highway" v="residential" /><tag k="name" v="Kolifornia street" /><tag k="oneway" v="no" /></way><way id="1136" timestamp="2026-04-01T21:47:02Z" uid="1" user="OSMnx" version="1" changeset="1"><nd ref="10097054034" /><nd ref="245667584" /><tag k="highway" v="residential" /><tag k="name" v="8th Road" /><tag k="oneway" v="no" /></way><way id="1137" timestamp="2026-04-01T21:47:02Z" uid="1" user="OSMnx" version="1" changeset="1"><nd ref="10097054034" /><nd ref="7244551188" /><tag k="highway" v="primary" /><tag k="name" v="Swami Vivekanand Road" /><tag k="oneway" v="no" /></way><way id="1138" timestamp="2026-04-01T21:47:02Z" uid="1" user="OSMnx" version="1" changeset="1"><nd ref="10106787079" /><nd ref="346633397" /><tag k="highway" v="tertiary" /><tag k="name" v="Waroda Road" /><tag k="oneway" v="no" /></way><way id="1139" timestamp="2026-04-01T21:47:02Z" uid="1" user="OSMnx" version="1" changeset="1"><nd ref="10106787079" /><nd ref="10106787084" /><tag k="highway" v="residential" /><tag k="oneway" v="no" /></way><way id="1140" timestamp="2026-04-01T21:47:02Z" uid="1" user="OSMnx" version="1" changeset="1"><nd ref="10118530702" /><nd ref="13537225638" /><tag k="highway" v="secondary" /><tag k="lanes" v="2" /><tag k="oneway" v="no" /></way><way id="1141" timestamp="2026-04-01T21:47:02Z" uid="1" user="OSMnx" version="1" changeset="1"><nd ref="10156049799" /><nd ref="11954333366" /><tag k="highway" v="tertiary" /><tag k="name" v="K C Marg" /><tag k="oneway" v="no" /></way><way id="1142" timestamp="2026-04-01T21:47:02Z" uid="1" user="OSMnx" version="1" changeset="1"><nd ref="10172786327" /><nd ref="10264805108" /><tag k="highway" v="residential" /><tag k="oneway" v="no" /></way><way id="1143" timestamp="2026-04-01T21:47:02Z" uid="1" user="OSMnx" version="1" changeset="1"><nd ref="10172786327" /><nd ref="12293439549" /><tag k="highway" v="residential" /><tag k="oneway" v="no" /></way><way id="1144" timestamp="2026-04-01T21:47:02Z" uid="1" user="OSMnx" version="1" changeset="1"><nd ref="10172786327" /><nd ref="13565951418" /><tag k="highway" v="secondary" /><tag k="maxspeed" v="30" /><tag k="name" v="Hill Road" /><tag k="oneway" v="no" /></way><way id="1145" timestamp="2026-04-01T21:47:02Z" uid="1" user="OSMnx" version="1" changeset="1"><nd ref="10174942976" /><nd ref="556803856" /><tag k="highway" v="residential" /><tag k="name" v="Road No 5" /><tag k="oneway" v="no" /></way><way id="1146" timestamp="2026-04-01T21:47:02Z" uid="1" user="OSMnx" version="1" changeset="1"><nd ref="10174942976" /><nd ref="10174942979" /><tag k="highway" v="residential" /><tag k="oneway" v="no" /></way><way id="1147" timestamp="2026-04-01T21:47:02Z" uid="1" user="OSMnx" version="1" changeset="1"><nd ref="10198782960" /><nd ref="10198782961" /><tag k="highway" v="residential" /><tag k="oneway" v="no" /></way><way id="1148" timestamp="2026-04-01T21:47:02Z" uid="1" user="OSMnx" version="1" changeset="1"><nd ref="10198782960" /><nd ref="2442390174" /><tag k="highway" v="residential" /><tag k="name" v="Padmashree Mohammed Rafi Marg (16th Road)" /><tag k="oneway" v="no" /></way><way id="1149" timestamp="2026-04-01T21:47:02Z" uid="1" user="OSMnx" version="1" changeset="1"><nd ref="10198782962" /><nd ref="10198782960" /><tag k="highway" v="residential" /><tag k="name" v="Padmashree Mohammed Rafi Marg (16th Road)" /><tag k="oneway" v="no" /></way><way id="1150" timestamp="2026-04-01T21:47:02Z" uid="1" user="OSMnx" version="1" changeset="1"><nd ref="10227877564" /><nd ref="1641744372" /><tag k="highway" v="residential" /><tag k="oneway" v="no" /></way><way id="1151" timestamp="2026-04-01T21:47:02Z" uid="1" user="OSMnx" version="1" changeset="1"><nd ref="10257903078" /><nd ref="2247989218" /><tag k="highway" v="secondary" /><tag k="lanes" v="1" /><tag k="name" v="Gurunanak Marg (Turner Road)" /><tag k="oneway" v="no" /></way><way id="1152" timestamp="2026-04-01T21:47:02Z" uid="1" user="OSMnx" version="1" changeset="1"><nd ref="10264805107" /><nd ref="9681688988" /><tag k="highway" v="secondary" /><tag k="maxspeed" v="30" /><tag k="name" v="Hill Road" /><tag k="oneway" v="no" /></way><way id="1153" timestamp="2026-04-01T21:47:02Z" uid="1" user="OSMnx" version="1" changeset="1"><nd ref="10264805108" /><nd ref="10264805107" /><tag k="highway" v="secondary" /><tag k="maxspeed" v="30" /><tag k="name" v="Hill Road" /><tag k="oneway" v="no" /></way><way id="1154" timestamp="2026-04-01T21:47:02Z" uid="1" user="OSMnx" version="1" changeset="1"><nd ref="10272736790" /><nd ref="5342165308" /><tag k="highway" v="primary" /><tag k="oneway" v="no" /></way><way id="1155" timestamp="2026-04-01T21:47:02Z" uid="1" user="OSMnx" version="1" changeset="1"><nd ref="10272736790" /><nd ref="7043548004" /><tag k="highway" v="primary" /><tag k="name" v="Swami Vivekanand Road" /><tag k="oneway" v="no" /></way><way id="1156" timestamp="2026-04-01T21:47:02Z" uid="1" user="OSMnx" version="1" changeset="1"><nd ref="10277700917" /><nd ref="10277700921" /><tag k="highway" v="primary_link" /><tag k="oneway" v="no" /></way><way id="1157" timestamp="2026-04-01T21:47:02Z" uid="1" user="OSMnx" version="1" changeset="1"><nd ref="10277700917" /><nd ref="4328035957" /><tag k="highway" v="secondary" /><tag k="maxspeed" v="30" /><tag k="name" v="Hill Road" /><tag k="oneway" v="no" /></way><way id="1158" timestamp="2026-04-01T21:47:02Z" uid="1" user="OSMnx" version="1" changeset="1"><nd ref="10277700921" /><nd ref="296362014" /><tag k="highway" v="primary" /><tag k="name" v="Swami Vivekanand Road" /><tag k="oneway" v="no" /></way><way id="1159" timestamp="2026-04-01T21:47:02Z" uid="1" user="OSMnx" version="1" changeset="1"><nd ref="10281883196" /><nd ref="13009290209" /><tag k="highway" v="residential" /><tag k="name" v="Kane Road" /><tag k="oneway" v="no" /></way><way id="1160" timestamp="2026-04-01T21:47:02Z" uid="1" user="OSMnx" version="1" changeset="1"><nd ref="10281883196" /><nd ref="13009290210" /><tag k="highway" v="residential" /><tag k="name" v="Mount Mary Road" /><tag k="oneway" v="no" /></way><way id="1161" timestamp="2026-04-01T21:47:02Z" uid="1" user="OSMnx" version="1" changeset="1"><nd ref="10577255861" /><nd ref="10577255870" /><tag k="highway" v="residential" /><tag k="oneway" v="no" /></way><way id="1162" timestamp="2026-04-01T21:47:02Z" uid="1" user="OSMnx" version="1" changeset="1"><nd ref="10577255861" /><nd ref="348126297" /><tag k="highway" v="residential" /><tag k="lanes" v="2" /><tag k="name" v="Graffiti Lane" /><tag k="oneway" v="no" /></way><way id="1163" timestamp="2026-04-01T21:47:02Z" uid="1" user="OSMnx" version="1" changeset="1"><nd ref="10577255862" /><nd ref="10577255871" /><tag k="highway" v="residential" /><tag k="oneway" v="no" /></way><way id="1164" timestamp="2026-04-01T21:47:02Z" uid="1" user="OSMnx" version="1" changeset="1"><nd ref="10577255863" /><nd ref="10577255862" /><tag k="highway" v="residential" /><tag k="oneway" v="no" /></way><way id="1165" timestamp="2026-04-01T21:47:02Z" uid="1" user="OSMnx" version="1" changeset="1"><nd ref="10577255870" /><nd ref="10577255862" /><tag k="highway" v="residential" /><tag k="oneway" v="no" /></way><way id="1166" timestamp="2026-04-01T21:47:02Z" uid="1" user="OSMnx" version="1" changeset="1"><nd ref="10577255871" /><nd ref="10577255872" /><tag k="highway" v="residential" /><tag k="oneway" v="no" /></way><way id="1167" timestamp="2026-04-01T21:47:02Z" uid="1" user="OSMnx" version="1" changeset="1"><nd ref="10577255871" /><nd ref="10577255870" /><tag k="highway" v="residential" /><tag k="oneway" v="no" /></way><way id="1168" timestamp="2026-04-01T21:47:02Z" uid="1" user="OSMnx" version="1" changeset="1"><nd ref="10591500468" /><nd ref="7298841998" /><tag k="highway" v="secondary" /><tag k="lanes" v="2" /><tag k="name" v="Danda Boulevard" /><tag k="oneway" v="no" /></way><way id="1169" timestamp="2026-04-01T21:47:02Z" uid="1" user="OSMnx" version="1" changeset="1"><nd ref="10591500468" /><nd ref="10591500474" /><tag k="highway" v="residential" /><tag k="oneway" v="no" /></way><way id="1170" timestamp="2026-04-01T21:47:02Z" uid="1" user="OSMnx" version="1" changeset="1"><nd ref="10591500471" /><nd ref="10591500480" /><tag k="highway" v="residential" /><tag k="oneway" v="no" /></way><way id="1171" timestamp="2026-04-01T21:47:02Z" uid="1" user="OSMnx" version="1" changeset="1"><nd ref="10591500471" /><nd ref="10591500479" /><tag k="highway" v="residential" /><tag k="oneway" v="no" /></way><way id="1172" timestamp="2026-04-01T21:47:02Z" uid="1" user="OSMnx" version="1" changeset="1"><nd ref="10591500472" /><nd ref="1514451662" /><tag k="highway" v="residential" /><tag k="name" v="Chuim Village Road" /><tag k="oneway" v="no" /></way><way id="1173" timestamp="2026-04-01T21:47:02Z" uid="1" user="OSMnx" version="1" changeset="1"><nd ref="10591500472" /><nd ref="10591500477" /><tag k="highway" v="residential" /><tag k="oneway" v="no" /></way><way id="1174" timestamp="2026-04-01T21:47:02Z" uid="1" user="OSMnx" version="1" changeset="1"><nd ref="10591500473" /><nd ref="10227877564" /><tag k="highway" v="residential" /><tag k="oneway" v="no" /></way><way id="1175" timestamp="2026-04-01T21:47:02Z" uid="1" user="OSMnx" version="1" changeset="1"><nd ref="10591500474" /><nd ref="10591500471" /><tag k="highway" v="residential" /><tag k="oneway" v="no" /></way><way id="1176" timestamp="2026-04-01T21:47:02Z" uid="1" user="OSMnx" version="1" changeset="1"><nd ref="10591500474" /><nd ref="10591500477" /><tag k="highway" v="residential" /><tag k="oneway" v="no" /></way><way id="1177" timestamp="2026-04-01T21:47:02Z" uid="1" user="OSMnx" version="1" changeset="1"><nd ref="10591500477" /><nd ref="10591500473" /><tag k="highway" v="residential" /><tag k="oneway" v="no" /></way><way id="1178" timestamp="2026-04-01T21:47:02Z" uid="1" user="OSMnx" version="1" changeset="1"><nd ref="10591500480" /><nd ref="10591500482" /><tag k="highway" v="residential" /><tag k="oneway" v="no" /></way><way id="1179" timestamp="2026-04-01T21:47:02Z" uid="1" user="OSMnx" version="1" changeset="1"><nd ref="10591500480" /><nd ref="10591500481" /><tag k="highway" v="residential" /><tag k="oneway" v="no" /></way><way id="1180" timestamp="2026-04-01T21:47:02Z" uid="1" user="OSMnx" version="1" changeset="1"><nd ref="10591500482" /><nd ref="10591500473" /><tag k="highway" v="residential" /><tag k="oneway" v="no" /></way><way id="1181" timestamp="2026-04-01T21:47:02Z" uid="1" user="OSMnx" version="1" changeset="1"><nd ref="10591500482" /><nd ref="10591500483" /><tag k="highway" v="residential" /><tag k="oneway" v="no" /></way><way id="1182" timestamp="2026-04-01T21:47:02Z" uid="1" user="OSMnx" version="1" changeset="1"><nd ref="10598764751" /><nd ref="6292531321" /><tag k="highway" v="residential" /><tag k="lanes" v="1" /><tag k="name" v="Perry Cross Road" /><tag k="oneway" v="no" /></way><way id="1183" timestamp="2026-04-01T21:47:02Z" uid="1" user="OSMnx" version="1" changeset="1"><nd ref="10598764751" /><nd ref="10598764756" /><tag k="highway" v="secondary" /><tag k="lanes" v="2" /><tag k="name" v="Perry Road" /><tag k="oneway" v="no" /></way><way id="1184" timestamp="2026-04-01T21:47:02Z" uid="1" user="OSMnx" version="1" changeset="1"><nd ref="10598764756" /><nd ref="10598764758" /><tag k="highway" v="residential" /><tag k="name" v="Perry Cross Road" /><tag k="oneway" v="no" /></way><way id="1185" timestamp="2026-04-01T21:47:02Z" uid="1" user="OSMnx" version="1" changeset="1"><nd ref="10598764756" /><nd ref="10882694913" /><tag k="highway" v="secondary" /><tag k="lanes" v="['2', '4']" /><tag k="name" v="['Carter Road', 'Perry Road']" /><tag k="oneway" v="no" /></way><way id="1186" timestamp="2026-04-01T21:47:02Z" uid="1" user="OSMnx" version="1" changeset="1"><nd ref="10598764758" /><nd ref="6292531321" /><tag k="highway" v="secondary" /><tag k="lanes" v="2" /><tag k="name" v="Perry Road" /><tag k="oneway" v="no" /></way><way id="1187" timestamp="2026-04-01T21:47:02Z" uid="1" user="OSMnx" version="1" changeset="1"><nd ref="10598764758" /><nd ref="347197393" /><tag k="highway" v="residential" /><tag k="name" v="Perry Cross Road" /><tag k="oneway" v="no" /></way><way id="1188" timestamp="2026-04-01T21:47:02Z" uid="1" user="OSMnx" version="1" changeset="1"><nd ref="10603240106" /><nd ref="10603240108" /><tag k="highway" v="secondary" /><tag k="name" v="Hill Road" /><tag k="oneway" v="no" /></way><way id="1189" timestamp="2026-04-01T21:47:02Z" uid="1" user="OSMnx" version="1" changeset="1"><nd ref="10603240106" /><nd ref="10603240107" /><tag k="highway" v="tertiary" /><tag k="name" v="Byramji Jeejeebhoy Road" /><tag k="oneway" v="no" /></way><way id="1190" timestamp="2026-04-01T21:47:02Z" uid="1" user="OSMnx" version="1" changeset="1"><nd ref="10603240107" /><nd ref="9681688977" /><tag k="highway" v="secondary" /><tag k="name" v="Hill Road" /><tag k="oneway" v="no" /></way><way id="1191" timestamp="2026-04-01T21:47:02Z" uid="1" user="OSMnx" version="1" changeset="1"><nd ref="10603240108" /><nd ref="10603240109" /><tag k="highway" v="tertiary" /><tag k="name" v="Byramji Jeejeebhoy Road" /><tag k="oneway" v="no" /></way><way id="1192" timestamp="2026-04-01T21:47:02Z" uid="1" user="OSMnx" version="1" changeset="1"><nd ref="10603240108" /><nd ref="347106948" /><tag k="highway" v="secondary" /><tag k="maxspeed" v="30" /><tag k="name" v="Hill Road" /><tag k="oneway" v="no" /></way><way id="1193" timestamp="2026-04-01T21:47:02Z" uid="1" user="OSMnx" version="1" changeset="1"><nd ref="10603240109" /><nd ref="10603240107" /><tag k="highway" v="secondary" /><tag k="name" v="Hill Road" /><tag k="oneway" v="no" /></way><way id="1194" timestamp="2026-04-01T21:47:02Z" uid="1" user="OSMnx" version="1" changeset="1"><nd ref="10631005829" /><nd ref="11482202186" /><tag k="highway" v="residential" /><tag k="lanes" v="2" /><tag k="name" v="Naushad Ali Road" /><tag k="oneway" v="no" /></way><way id="1195" timestamp="2026-04-01T21:47:02Z" uid="1" user="OSMnx" version="1" changeset="1"><nd ref="10635534062" /><nd ref="245667607" /><tag k="highway" v="secondary" /><tag k="name" v="Linking Road" /><tag k="oneway" v="no" /></way><way id="1196" timestamp="2026-04-01T21:47:02Z" uid="1" user="OSMnx" version="1" changeset="1"><nd ref="10635534062" /><nd ref="2629418526" /><tag k="highway" v="secondary" /><tag k="name" v="Chitrakar Durandhar Road (2nd Road)" /><tag k="oneway" v="no" /></way><way id="1197" timestamp="2026-04-01T21:47:02Z" uid="1" user="OSMnx" version="1" changeset="1"><nd ref="10657225552" /><nd ref="346644270" /><tag k="highway" v="secondary" /><tag k="name" v="KC Marg" /><tag k="oneway" v="no" /></way><way id="1198" timestamp="2026-04-01T21:47:02Z" uid="1" user="OSMnx" version="1" changeset="1"><nd ref="10657225552" /><nd ref="10089667071" /><tag k="highway" v="secondary" /><tag k="name" v="General Arun Kumar Vaidya Marg" /><tag k="oneway" v="no" /></way><way id="1199" timestamp="2026-04-01T21:47:02Z" uid="1" user="OSMnx" version="1" changeset="1"><nd ref="10657225553" /><nd ref="10657225552" /><tag k="highway" v="secondary" /><tag k="name" v="General Arun Kumar Vaidya Marg" /><tag k="oneway" v="no" /></way><way id="1200" timestamp="2026-04-01T21:47:02Z" uid="1" user="OSMnx" version="1" changeset="1"><nd ref="10657225553" /><nd ref="13514297394" /><tag k="highway" v="secondary" /><tag k="lanes" v="2" /><tag k="oneway" v="no" /></way><way id="1201" timestamp="2026-04-01T21:47:02Z" uid="1" user="OSMnx" version="1" changeset="1"><nd ref="10678500261" /><nd ref="347042528" /><tag k="highway" v="residential" /><tag k="lanes" v="1" /><tag k="name" v="Smt. Shobha Bhaskar Joshi Marg" /><tag k="oneway" v="no" /></way><way id="1202" timestamp="2026-04-01T21:47:02Z" uid="1" user="OSMnx" version="1" changeset="1"><nd ref="10678500261" /><nd ref="13508497778" /><tag k="highway" v="residential" /><tag k="name" v="General Arun Kumar Vaidya Marg" /><tag k="oneway" v="no" /></way><way id="1203" timestamp="2026-04-01T21:47:02Z" uid="1" user="OSMnx" version="1" changeset="1"><nd ref="10685130180" /><nd ref="346611218" /><tag k="highway" v="secondary" /><tag k="name" v="Mehboob Kahn Chowk" /><tag k="oneway" v="no" /></way><way id="1204" timestamp="2026-04-01T21:47:02Z" uid="1" user="OSMnx" version="1" changeset="1"><nd ref="10770749309" /><nd ref="10921550007" /><tag k="highway" v="secondary" /><tag k="maxspeed" v="30" /><tag k="name" v="Hill Road" /><tag k="oneway" v="no" /></way><way id="1205" timestamp="2026-04-01T21:47:02Z" uid="1" user="OSMnx" version="1" changeset="1"><nd ref="10878501990" /><nd ref="2629418497" /><tag k="highway" v="secondary" /><tag k="name" v="Linking Road" /><tag k="oneway" v="no" /></way><way id="1206" timestamp="2026-04-01T21:47:02Z" uid="1" user="OSMnx" version="1" changeset="1"><nd ref="10878501990" /><nd ref="10878501991" /><tag k="highway" v="tertiary" /><tag k="name" v="PG Kher Marg" /><tag k="oneway" v="no" /></way><way id="1207" timestamp="2026-04-01T21:47:02Z" uid="1" user="OSMnx" version="1" changeset="1"><nd ref="10878501991" /><nd ref="2629418495" /><tag k="highway" v="secondary" /><tag k="name" v="Linking Road" /><tag k="oneway" v="no" /></way><way id="1208" timestamp="2026-04-01T21:47:02Z" uid="1" user="OSMnx" version="1" changeset="1"><nd ref="10882694911" /><nd ref="10882694912" /><tag k="highway" v="residential" /><tag k="lanes" v="2" /><tag k="name" v="Naushad Ali Road" /><tag k="oneway" v="no" /></way><way id="1209" timestamp="2026-04-01T21:47:02Z" uid="1" user="OSMnx" version="1" changeset="1"><nd ref="10882694911" /><nd ref="2299496543" /><tag k="highway" v="secondary" /><tag k="lanes" v="4" /><tag k="name" v="Carter Road" /><tag k="oneway" v="no" /></way><way id="1210" timestamp="2026-04-01T21:47:02Z" uid="1" user="OSMnx" version="1" changeset="1"><nd ref="10882694912" /><nd ref="10882694914" /><tag k="highway" v="secondary" /><tag k="lanes" v="4" /><tag k="name" v="Carter Road" /><tag k="oneway" v="no" /></way><way id="1211" timestamp="2026-04-01T21:47:02Z" uid="1" user="OSMnx" version="1" changeset="1"><nd ref="10882694913" /><nd ref="10882694911" /><tag k="highway" v="secondary" /><tag k="lanes" v="4" /><tag k="name" v="Carter Road" /><tag k="oneway" v="no" /></way><way id="1212" timestamp="2026-04-01T21:47:02Z" uid="1" user="OSMnx" version="1" changeset="1"><nd ref="10882694913" /><nd ref="11482202185" /><tag k="highway" v="residential" /><tag k="lanes" v="1" /><tag k="name" v="Naushad Ali Road" /><tag k="oneway" v="no" /></way><way id="1213" timestamp="2026-04-01T21:47:02Z" uid="1" user="OSMnx" version="1" changeset="1"><nd ref="10882694914" /><nd ref="10882694913" /><tag k="highway" v="residential" /><tag k="lanes" v="1" /><tag k="name" v="Naushad Ali Road" /><tag k="oneway" v="no" /></way><way id="1214" timestamp="2026-04-01T21:47:02Z" uid="1" user="OSMnx" version="1" changeset="1"><nd ref="10882694914" /><nd ref="10598764758" /><tag k="highway" v="secondary" /><tag k="lanes" v="['2', '4']" /><tag k="name" v="['Carter Road', 'Perry Road']" /><tag k="oneway" v="no" /></way><way id="1215" timestamp="2026-04-01T21:47:02Z" uid="1" user="OSMnx" version="1" changeset="1"><nd ref="10882696217" /><nd ref="13516051357" /><tag k="highway" v="tertiary" /><tag k="lanes" v="2" /><tag k="name" v="Dr BR Ambedkar Road" /><tag k="oneway" v="no" /></way><way id="1216" timestamp="2026-04-01T21:47:02Z" uid="1" user="OSMnx" version="1" changeset="1"><nd ref="10882696217" /><nd ref="13537225637" /><tag k="highway" v="secondary" /><tag k="lanes" v="2" /><tag k="name" v="Danda Boulevard" /><tag k="oneway" v="no" /></way><way id="1217" timestamp="2026-04-01T21:47:02Z" uid="1" user="OSMnx" version="1" changeset="1"><nd ref="10882696219" /><nd ref="10882696217" /><tag k="highway" v="tertiary" /><tag k="lanes" v="2" /><tag k="name" v="Dr BR Ambedkar Road" /><tag k="oneway" v="no" /></way><way id="1218" timestamp="2026-04-01T21:47:02Z" uid="1" user="OSMnx" version="1" changeset="1"><nd ref="10882696219" /><nd ref="13519774681" /><tag k="highway" v="secondary" /><tag k="lanes" v="2" /><tag k="name" v="Chitrakar Dhurandar Road" /><tag k="oneway" v="no" /></way><way id="1219" timestamp="2026-04-01T21:47:02Z" uid="1" user="OSMnx" version="1" changeset="1"><nd ref="10882696219" /><nd ref="245667916" /><tag k="highway" v="tertiary" /><tag k="lanes" v="2" /><tag k="maxspeed" v="30" /><tag k="name" v="Maru Aai Mandir Road" /><tag k="oneway" v="no" /></way><way id="1220" timestamp="2026-04-01T21:47:02Z" uid="1" user="OSMnx" version="1" changeset="1"><nd ref="10882702403" /><nd ref="10882768313" /><tag k="highway" v="secondary" /><tag k="name" v="L K Mehta Marg" /><tag k="oneway" v="no" /></way><way id="1221" timestamp="2026-04-01T21:47:02Z" uid="1" user="OSMnx" version="1" changeset="1"><nd ref="10882715555" /><nd ref="13522294904" /><tag k="highway" v="secondary" /><tag k="lanes" v="2" /><tag k="name" v="Perry Road" /><tag k="oneway" v="no" /></way><way id="1222" timestamp="2026-04-01T21:47:02Z" uid="1" user="OSMnx" version="1" changeset="1"><nd ref="10882715558" /><nd ref="10882715559" /><tag k="highway" v="secondary" /><tag k="lanes" v="2" /><tag k="maxspeed" v="30" /><tag k="name" v="Manuel Gonsalves Road" /><tag k="oneway" v="no" /></way><way id="1223" timestamp="2026-04-01T21:47:02Z" uid="1" user="OSMnx" version="1" changeset="1"><nd ref="10882715558" /><nd ref="13514568901" /><tag k="highway" v="secondary" /><tag k="lanes" v="2" /><tag k="name" v="Perry Road" /><tag k="oneway" v="no" /></way><way id="1224" timestamp="2026-04-01T21:47:02Z" uid="1" user="OSMnx" version="1" changeset="1"><nd ref="10882715559" /><nd ref="347169923" /><tag k="highway" v="tertiary" /><tag k="lanes" v="2" /><tag k="name" v="Dr. BR Ambedkar Road" /><tag k="oneway" v="no" /></way><way id="1225" timestamp="2026-04-01T21:47:02Z" uid="1" user="OSMnx" version="1" changeset="1"><nd ref="10882715559" /><nd ref="5353822013" /><tag k="highway" v="secondary" /><tag k="lanes" v="1" /><tag k="name" v="Gurunanak Marg" /><tag k="oneway" v="no" /></way><way id="1226" timestamp="2026-04-01T21:47:02Z" uid="1" user="OSMnx" version="1" changeset="1"><nd ref="10882715560" /><nd ref="10882715573" /><tag k="highway" v="secondary" /><tag k="lanes" v="2" /><tag k="name" v="Perry Road" /><tag k="oneway" v="no" /></way><way id="1227" timestamp="2026-04-01T21:47:02Z" uid="1" user="OSMnx" version="1" changeset="1"><nd ref="10882715560" /><nd ref="12927629251" /><tag k="highway" v="residential" /><tag k="name" v="Chimbai Road Extension" /><tag k="oneway" v="no" /></way><way id="1228" timestamp="2026-04-01T21:47:02Z" uid="1" user="OSMnx" version="1" changeset="1"><nd ref="10882715562" /><nd ref="347106967" /><tag k="highway" v="tertiary" /><tag k="name" v="St. Paul Road" /><tag k="oneway" v="no" /></way><way id="1229" timestamp="2026-04-01T21:47:02Z" uid="1" user="OSMnx" version="1" changeset="1"><nd ref="10882715562" /><nd ref="10882715560" /><tag k="highway" v="secondary" /><tag k="lanes" v="2" /><tag k="name" v="Perry Road" /><tag k="oneway" v="no" /></way><way id="1230" timestamp="2026-04-01T21:47:02Z" uid="1" user="OSMnx" version="1" changeset="1"><nd ref="10882715563" /><nd ref="5494564054" /><tag k="highway" v="residential" /><tag k="name" v="D'Monte Road" /><tag k="oneway" v="no" /></way><way id="1231" timestamp="2026-04-01T21:47:02Z" uid="1" user="OSMnx" version="1" changeset="1"><nd ref="10882715563" /><nd ref="10882715562" /><tag k="highway" v="secondary" /><tag k="lanes" v="2" /><tag k="name" v="Perry Road" /><tag k="oneway" v="no" /></way><way id="1232" timestamp="2026-04-01T21:47:02Z" uid="1" user="OSMnx" version="1" changeset="1"><nd ref="10882715564" /><nd ref="10882715563" /><tag k="highway" v="secondary" /><tag k="lanes" v="2" /><tag k="name" v="Perry Road" /><tag k="oneway" v="no" /></way><way id="1233" timestamp="2026-04-01T21:47:02Z" uid="1" user="OSMnx" version="1" changeset="1"><nd ref="10882715564" /><nd ref="471581475" /><tag k="highway" v="residential" /><tag k="name" v="St. Andrews Road" /><tag k="oneway" v="no" /></way><way id="1234" timestamp="2026-04-01T21:47:02Z" uid="1" user="OSMnx" version="1" changeset="1"><nd ref="10882715565" /><nd ref="13521237106" /><tag k="highway" v="secondary" /><tag k="lanes" v="2" /><tag k="name" v="Perry Road" /><tag k="oneway" v="no" /></way><way id="1235" timestamp="2026-04-01T21:47:02Z" uid="1" user="OSMnx" version="1" changeset="1"><nd ref="10882715565" /><nd ref="471586471" /><tag k="highway" v="residential" /><tag k="name" v="St. Leo Road" /><tag k="oneway" v="no" /></way><way id="1236" timestamp="2026-04-01T21:47:02Z" uid="1" user="OSMnx" version="1" changeset="1"><nd ref="10882715566" /><nd ref="347115650" /><tag k="highway" v="residential" /><tag k="name" v="St. Cyril Road" /><tag k="oneway" v="no" /></way><way id="1237" timestamp="2026-04-01T21:47:02Z" uid="1" user="OSMnx" version="1" changeset="1"><nd ref="10882715566" /><nd ref="10882715565" /><tag k="highway" v="secondary" /><tag k="lanes" v="2" /><tag k="name" v="Perry Road" /><tag k="oneway" v="no" /></way><way id="1238" timestamp="2026-04-01T21:47:02Z" uid="1" user="OSMnx" version="1" changeset="1"><nd ref="10882715571" /><nd ref="347115644" /><tag k="highway" v="residential" /><tag k="oneway" v="no" /></way><way id="1239" timestamp="2026-04-01T21:47:02Z" uid="1" user="OSMnx" version="1" changeset="1"><nd ref="10882715571" /><nd ref="10882715555" /><tag k="highway" v="secondary" /><tag k="lanes" v="2" /><tag k="name" v="Perry Road" /><tag k="oneway" v="no" /></way><way id="1240" timestamp="2026-04-01T21:47:02Z" uid="1" user="OSMnx" version="1" changeset="1"><nd ref="10882715573" /><nd ref="10598764751" /><tag k="highway" v="secondary" /><tag k="lanes" v="2" /><tag k="name" v="Perry Road" /><tag k="oneway" v="no" /></way><way id="1241" timestamp="2026-04-01T21:47:02Z" uid="1" user="OSMnx" version="1" changeset="1"><nd ref="10882727459" /><nd ref="13514568911" /><tag k="highway" v="secondary" /><tag k="lanes" v="2" /><tag k="maxspeed" v="30" /><tag k="name" v="Manuel Gonsalves Road" /><tag k="oneway" v="no" /></way><way id="1242" timestamp="2026-04-01T21:47:02Z" uid="1" user="OSMnx" version="1" changeset="1"><nd ref="10882727459" /><nd ref="10882715558" /><tag k="highway" v="secondary" /><tag k="lanes" v="2" /><tag k="maxspeed" v="30" /><tag k="name" v="Manuel Gonsalves Road" /><tag k="oneway" v="no" /></way><way id="1243" timestamp="2026-04-01T21:47:02Z" uid="1" user="OSMnx" version="1" changeset="1"><nd ref="10882727462" /><nd ref="13520933659" /><tag k="highway" v="secondary" /><tag k="name" v="Manuel Gonsalves Road" /><tag k="oneway" v="no" /></way><way id="1244" timestamp="2026-04-01T21:47:02Z" uid="1" user="OSMnx" version="1" changeset="1"><nd ref="10882727462" /><nd ref="471587920" /><tag k="highway" v="residential" /><tag k="name" v="St. Anthony Road" /><tag k="oneway" v="no" /></way><way id="1245" timestamp="2026-04-01T21:47:02Z" uid="1" user="OSMnx" version="1" changeset="1"><nd ref="10882727463" /><nd ref="13520933667" /><tag k="highway" v="secondary" /><tag k="name" v="Manuel Gonsalves Road" /><tag k="oneway" v="no" /></way><way id="1246" timestamp="2026-04-01T21:47:02Z" uid="1" user="OSMnx" version="1" changeset="1"><nd ref="10882727463" /><nd ref="471581476" /><tag k="highway" v="secondary_link" /><tag k="maxspeed" v="30" /><tag k="oneway" v="no" /></way><way id="1247" timestamp="2026-04-01T21:47:02Z" uid="1" user="OSMnx" version="1" changeset="1"><nd ref="10882727464" /><nd ref="4328035970" /><tag k="highway" v="secondary" /><tag k="maxspeed" v="30" /><tag k="name" v="Hill Road" /><tag k="oneway" v="no" /></way><way id="1248" timestamp="2026-04-01T21:47:02Z" uid="1" user="OSMnx" version="1" changeset="1"><nd ref="10882727464" /><nd ref="13520099255" /><tag k="highway" v="secondary" /><tag k="name" v="Manuel Gonsalves Road" /><tag k="oneway" v="no" /></way><way id="1249" timestamp="2026-04-01T21:47:02Z" uid="1" user="OSMnx" version="1" changeset="1"><nd ref="10882727465" /><nd ref="10882727464" /><tag k="highway" v="secondary" /><tag k="name" v="Manuel Gonsalves Road" /><tag k="oneway" v="no" /></way><way id="1250" timestamp="2026-04-01T21:47:02Z" uid="1" user="OSMnx" version="1" changeset="1"><nd ref="10882727465" /><nd ref="9681689000" /><tag k="highway" v="secondary" /><tag k="maxspeed" v="30" /><tag k="name" v="Hill Road" /><tag k="oneway" v="no" /></way><way id="1251" timestamp="2026-04-01T21:47:02Z" uid="1" user="OSMnx" version="1" changeset="1"><nd ref="10882768313" /><nd ref="7206394772" /><tag k="highway" v="secondary" /><tag k="name" v="K C Marg" /><tag k="oneway" v="no" /></way><way id="1252" timestamp="2026-04-01T21:47:02Z" uid="1" user="OSMnx" version="1" changeset="1"><nd ref="10882768313" /><nd ref="12347814314" /><tag k="highway" v="secondary" /><tag k="name" v="L K Mehta Marg" /><tag k="oneway" v="no" /></way><way id="1253" timestamp="2026-04-01T21:47:02Z" uid="1" user="OSMnx" version="1" changeset="1"><nd ref="10882768320" /><nd ref="6430382336" /><tag k="highway" v="secondary_link" /><tag k="oneway" v="no" /></way><way id="1254" timestamp="2026-04-01T21:47:02Z" uid="1" user="OSMnx" version="1" changeset="1"><nd ref="10882768320" /><nd ref="10156049799" /><tag k="highway" v="tertiary" /><tag k="name" v="K C Marg" /><tag k="oneway" v="no" /></way><way id="1255" timestamp="2026-04-01T21:47:02Z" uid="1" user="OSMnx" version="1" changeset="1"><nd ref="10921540397" /><nd ref="9739285675" /><tag k="highway" v="secondary" /><tag k="lanes" v="1" /><tag k="name" v="Gurunanak Marg (Turner Road)" /><tag k="oneway" v="no" /></way><way id="1256" timestamp="2026-04-01T21:47:02Z" uid="1" user="OSMnx" version="1" changeset="1"><nd ref="10921540397" /><nd ref="10921540403" /><tag k="highway" v="residential" /><tag k="oneway" v="no" /></way><way id="1257" timestamp="2026-04-01T21:47:02Z" uid="1" user="OSMnx" version="1" changeset="1"><nd ref="10921550007" /><nd ref="9681688972" /><tag k="highway" v="secondary" /><tag k="maxspeed" v="30" /><tag k="name" v="Hill Road" /><tag k="oneway" v="no" /></way><way id="1258" timestamp="2026-04-01T21:47:02Z" uid="1" user="OSMnx" version="1" changeset="1"><nd ref="10921550007" /><nd ref="10921550009" /><tag k="highway" v="residential" /><tag k="oneway" v="no" /></way><way id="1259" timestamp="2026-04-01T21:47:02Z" uid="1" user="OSMnx" version="1" changeset="1"><nd ref="10925774615" /><nd ref="7244539582" /><tag k="highway" v="residential" /><tag k="oneway" v="no" /></way><way id="1260" timestamp="2026-04-01T21:47:02Z" uid="1" user="OSMnx" version="1" changeset="1"><nd ref="10926237361" /><nd ref="11036689491" /><tag k="highway" v="residential" /><tag k="oneway" v="no" /></way><way id="1261" timestamp="2026-04-01T21:47:02Z" uid="1" user="OSMnx" version="1" changeset="1"><nd ref="10926237361" /><nd ref="11036640589" /><tag k="highway" v="tertiary" /><tag k="lanes" v="2" /><tag k="name" v="Dr. BR Ambedkar Road" /><tag k="oneway" v="no" /></way><way id="1262" timestamp="2026-04-01T21:47:02Z" uid="1" user="OSMnx" version="1" changeset="1"><nd ref="11031578721" /><nd ref="11031578722" /><tag k="highway" v="residential" /><tag k="oneway" v="no" /></way><way id="1263" timestamp="2026-04-01T21:47:02Z" uid="1" user="OSMnx" version="1" changeset="1"><nd ref="11031578721" /><nd ref="245667444" /><tag k="highway" v="residential" /><tag k="name" v="17th Road" /><tag k="oneway" v="no" /></way><way id="1264" timestamp="2026-04-01T21:47:02Z" uid="1" user="OSMnx" version="1" changeset="1"><nd ref="11032196064" /><nd ref="245668089" /><tag k="highway" v="residential" /><tag k="name" v="B C Chatterjee Marg (Main Avenue)" /><tag k="oneway" v="no" /></way><way id="1265" timestamp="2026-04-01T21:47:02Z" uid="1" user="OSMnx" version="1" changeset="1"><nd ref="11032196064" /><nd ref="11032196065" /><tag k="highway" v="residential" /><tag k="oneway" v="no" /></way><way id="1266" timestamp="2026-04-01T21:47:02Z" uid="1" user="OSMnx" version="1" changeset="1"><nd ref="11033681799" /><nd ref="13520939011" /><tag k="highway" v="residential" /><tag k="name" v="Mount Mary Road" /><tag k="oneway" v="no" /></way><way id="1267" timestamp="2026-04-01T21:47:02Z" uid="1" user="OSMnx" version="1" changeset="1"><nd ref="11033681799" /><nd ref="13520939011" /><tag k="highway" v="residential" /><tag k="oneway" v="no" /></way><way id="1268" timestamp="2026-04-01T21:47:02Z" uid="1" user="OSMnx" version="1" changeset="1"><nd ref="11033807714" /><nd ref="346627068" /><tag k="highway" v="residential" /><tag k="lanes" v="2" /><tag k="maxspeed" v="20" /><tag k="name" v="Kadeshwari Mandir Marg" /><tag k="oneway" v="no" /></way><way id="1269" timestamp="2026-04-01T21:47:02Z" uid="1" user="OSMnx" version="1" changeset="1"><nd ref="11033807714" /><nd ref="11033807718" /><tag k="highway" v="residential" /><tag k="oneway" v="no" /></way><way id="1270" timestamp="2026-04-01T21:47:02Z" uid="1" user="OSMnx" version="1" changeset="1"><nd ref="11036640589" /><nd ref="11036640590" /><tag k="highway" v="residential" /><tag k="oneway" v="no" /></way><way id="1271" timestamp="2026-04-01T21:47:02Z" uid="1" user="OSMnx" version="1" changeset="1"><nd ref="11036640589" /><nd ref="347194749" /><tag k="highway" v="tertiary" /><tag k="lanes" v="2" /><tag k="name" v="Dr. BR Ambedkar Road" /><tag k="oneway" v="no" /></way><way id="1272" timestamp="2026-04-01T21:47:02Z" uid="1" user="OSMnx" version="1" changeset="1"><nd ref="11036688923" /><nd ref="10938889165" /><tag k="highway" v="residential" /><tag k="name" v="Sufras Street" /><tag k="oneway" v="no" /></way><way id="1273" timestamp="2026-04-01T21:47:02Z" uid="1" user="OSMnx" version="1" changeset="1"><nd ref="11036688923" /><nd ref="11036688926" /><tag k="highway" v="living_street" /><tag k="oneway" v="no" /></way><way id="1274" timestamp="2026-04-01T21:47:02Z" uid="1" user="OSMnx" version="1" changeset="1"><nd ref="11036688926" /><nd ref="348126297" /><tag k="highway" v="residential" /><tag k="name" v="Munjra Street" /><tag k="oneway" v="no" /></way><way id="1275" timestamp="2026-04-01T21:47:02Z" uid="1" user="OSMnx" version="1" changeset="1"><nd ref="11037037916" /><nd ref="4362576453" /><tag k="highway" v="primary" /><tag k="name" v="Swami Vivekanand Road" /><tag k="oneway" v="no" /></way><way id="1276" timestamp="2026-04-01T21:47:02Z" uid="1" user="OSMnx" version="1" changeset="1"><nd ref="11037037916" /><nd ref="4328027977" /><tag k="highway" v="residential" /><tag k="oneway" v="no" /></way><way id="1277" timestamp="2026-04-01T21:47:02Z" uid="1" user="OSMnx" version="1" changeset="1"><nd ref="11041641849" /><nd ref="7244551187" /><tag k="highway" v="residential" /><tag k="oneway" v="no" /></way><way id="1278" timestamp="2026-04-01T21:47:02Z" uid="1" user="OSMnx" version="1" changeset="1"><nd ref="11041647021" /><nd ref="245665786" /><tag k="highway" v="residential" /><tag k="oneway" v="no" /></way><way id="1279" timestamp="2026-04-01T21:47:02Z" uid="1" user="OSMnx" version="1" changeset="1"><nd ref="11041724852" /><nd ref="11041728473" /><tag k="highway" v="residential" /><tag k="oneway" v="no" /></way><way id="1280" timestamp="2026-04-01T21:47:02Z" uid="1" user="OSMnx" version="1" changeset="1"><nd ref="11041724852" /><nd ref="2244797395" /><tag k="highway" v="residential" /><tag k="oneway" v="no" /></way><way id="1281" timestamp="2026-04-01T21:47:02Z" uid="1" user="OSMnx" version="1" changeset="1"><nd ref="11041728473" /><nd ref="2244797395" /><tag k="highway" v="residential" /><tag k="oneway" v="no" /></way><way id="1282" timestamp="2026-04-01T21:47:02Z" uid="1" user="OSMnx" version="1" changeset="1"><nd ref="11041745471" /><nd ref="11041745472" /><tag k="highway" v="residential" /><tag k="oneway" v="no" /></way><way id="1283" timestamp="2026-04-01T21:47:02Z" uid="1" user="OSMnx" version="1" changeset="1"><nd ref="11041745471" /><nd ref="5269393012" /><tag k="highway" v="residential" /><tag k="lanes" v="2" /><tag k="name" v="Pali Mala Road" /><tag k="oneway" v="no" /></way><way id="1284" timestamp="2026-04-01T21:47:02Z" uid="1" user="OSMnx" version="1" changeset="1"><nd ref="11043390465" /><nd ref="473612070" /><tag k="highway" v="residential" /><tag k="name" v="3rd Road" /><tag k="oneway" v="no" /></way><way id="1285" timestamp="2026-04-01T21:47:02Z" uid="1" user="OSMnx" version="1" changeset="1"><nd ref="11043390465" /><nd ref="10923887867" /><tag k="highway" v="residential" /><tag k="oneway" v="no" /></way><way id="1286" timestamp="2026-04-01T21:47:02Z" uid="1" user="OSMnx" version="1" changeset="1"><nd ref="11043802706" /><nd ref="11043802707" /><tag k="highway" v="residential" /><tag k="oneway" v="no" /></way><way id="1287" timestamp="2026-04-01T21:47:02Z" uid="1" user="OSMnx" version="1" changeset="1"><nd ref="11043802706" /><nd ref="5353822017" /><tag k="highway" v="residential" /><tag k="name" v="St. Martin's Road" /><tag k="oneway" v="no" /></way><way id="1288" timestamp="2026-04-01T21:47:02Z" uid="1" user="OSMnx" version="1" changeset="1"><nd ref="11052675960" /><nd ref="346605046" /><tag k="highway" v="residential" /><tag k="name" v="Padmabhushan Jagjit Singh Chowk" /><tag k="oneway" v="no" /></way><way id="1289" timestamp="2026-04-01T21:47:02Z" uid="1" user="OSMnx" version="1" changeset="1"><nd ref="11057906714" /><nd ref="9681689002" /><tag k="highway" v="secondary" /><tag k="maxspeed" v="30" /><tag k="name" v="Hill Road" /><tag k="oneway" v="no" /></way><way id="1290" timestamp="2026-04-01T21:47:02Z" uid="1" user="OSMnx" version="1" changeset="1"><nd ref="11057906714" /><nd ref="11057906719" /><tag k="highway" v="residential" /><tag k="oneway" v="no" /></way><way id="1291" timestamp="2026-04-01T21:47:02Z" uid="1" user="OSMnx" version="1" changeset="1"><nd ref="11064822734" /><nd ref="6271834100" /><tag k="highway" v="secondary" /><tag k="lanes" v="2" /><tag k="oneway" v="no" /></way><way id="1292" timestamp="2026-04-01T21:47:02Z" uid="1" user="OSMnx" version="1" changeset="1"><nd ref="11064822734" /><nd ref="11064822737" /><tag k="highway" v="residential" /><tag k="oneway" v="no" /></way><way id="1293" timestamp="2026-04-01T21:47:02Z" uid="1" user="OSMnx" version="1" changeset="1"><nd ref="11072733820" /><nd ref="5344166505" /><tag k="highway" v="residential" /><tag k="oneway" v="no" /></way><way id="1294" timestamp="2026-04-01T21:47:02Z" uid="1" user="OSMnx" version="1" changeset="1"><nd ref="11072733820" /><nd ref="1936355368" /><tag k="highway" v="residential" /><tag k="name" v="30th Cross Road" /><tag k="oneway" v="no" /></way><way id="1295" timestamp="2026-04-01T21:47:02Z" uid="1" user="OSMnx" version="1" changeset="1"><nd ref="11296371084" /><nd ref="2173585363" /><tag k="highway" v="residential" /><tag k="name" v="Padmashree Mohammed Rafi Marg (16th Road)" /><tag k="oneway" v="no" /></way><way id="1296" timestamp="2026-04-01T21:47:02Z" uid="1" user="OSMnx" version="1" changeset="1"><nd ref="11296371084" /><nd ref="11296371085" /><tag k="highway" v="residential" /><tag k="oneway" v="no" /></way><way id="1297" timestamp="2026-04-01T21:47:02Z" uid="1" user="OSMnx" version="1" changeset="1"><nd ref="11482187985" /><nd ref="4350660441" /><tag k="highway" v="residential" /><tag k="name" v="Veronica Road" /><tag k="oneway" v="no" /></way><way id="1298" timestamp="2026-04-01T21:47:02Z" uid="1" user="OSMnx" version="1" changeset="1"><nd ref="11482187985" /><nd ref="11482187986" /><tag k="highway" v="residential" /><tag k="oneway" v="no" /></way><way id="1299" timestamp="2026-04-01T21:47:02Z" uid="1" user="OSMnx" version="1" changeset="1"><nd ref="11482202185" /><nd ref="11482202186" /><tag k="highway" v="residential" /><tag k="oneway" v="no" /></way><way id="1300" timestamp="2026-04-01T21:47:02Z" uid="1" user="OSMnx" version="1" changeset="1"><nd ref="11482202185" /><nd ref="347110092" /><tag k="highway" v="residential" /><tag k="lanes" v="1" /><tag k="name" v="Naushad Ali Road" /><tag k="oneway" v="no" /></way><way id="1301" timestamp="2026-04-01T21:47:02Z" uid="1" user="OSMnx" version="1" changeset="1"><nd ref="11482202186" /><nd ref="10882694911" /><tag k="highway" v="residential" /><tag k="lanes" v="2" /><tag k="name" v="Naushad Ali Road" /><tag k="oneway" v="no" /></way><way id="1302" timestamp="2026-04-01T21:47:02Z" uid="1" user="OSMnx" version="1" changeset="1"><nd ref="11497379659" /><nd ref="10635534062" /><tag k="highway" v="secondary" /><tag k="name" v="Linking Road" /><tag k="oneway" v="no" /></way><way id="1303" timestamp="2026-04-01T21:47:02Z" uid="1" user="OSMnx" version="1" changeset="1"><nd ref="11954333366" /><nd ref="12361260646" /><tag k="highway" v="tertiary_link" /><tag k="oneway" v="no" /></way><way id="1304" timestamp="2026-04-01T21:47:02Z" uid="1" user="OSMnx" version="1" changeset="1"><nd ref="11954333366" /><nd ref="9992653316" /><tag k="highway" v="tertiary" /><tag k="name" v="K C Marg" /><tag k="oneway" v="no" /></way><way id="1305" timestamp="2026-04-01T21:47:02Z" uid="1" user="OSMnx" version="1" changeset="1"><nd ref="12069189881" /><nd ref="471556496" /><tag k="highway" v="tertiary" /><tag k="name" v="PD Hinduja Road (Khar Pali Road)" /><tag k="oneway" v="no" /></way><way id="1306" timestamp="2026-04-01T21:47:02Z" uid="1" user="OSMnx" version="1" changeset="1"><nd ref="12069189881" /><nd ref="1975033498" /><tag k="highway" v="residential" /><tag k="name" v="21st Road" /><tag k="oneway" v="no" /></way><way id="1307" timestamp="2026-04-01T21:47:02Z" uid="1" user="OSMnx" version="1" changeset="1"><nd ref="12079592111" /><nd ref="5342165315" /><tag k="highway" v="secondary" /><tag k="lanes" v="1" /><tag k="name" v="Gurunanak Marg" /><tag k="oneway" v="no" /></way><way id="1308" timestamp="2026-04-01T21:47:02Z" uid="1" user="OSMnx" version="1" changeset="1"><nd ref="12079592111" /><nd ref="12079592112" /><tag k="highway" v="residential" /><tag k="oneway" v="no" /></way><way id="1309" timestamp="2026-04-01T21:47:02Z" uid="1" user="OSMnx" version="1" changeset="1"><nd ref="12079592112" /><nd ref="5342165315" /><tag k="highway" v="residential" /><tag k="oneway" v="no" /></way><way id="1310" timestamp="2026-04-01T21:47:02Z" uid="1" user="OSMnx" version="1" changeset="1"><nd ref="12192784830" /><nd ref="12192784831" /><tag k="highway" v="residential" /><tag k="oneway" v="no" /></way><way id="1311" timestamp="2026-04-01T21:47:02Z" uid="1" user="OSMnx" version="1" changeset="1"><nd ref="12192784830" /><nd ref="7298892245" /><tag k="highway" v="residential" /><tag k="name" v="Chimbai Road Extension" /><tag k="oneway" v="no" /></way><way id="1312" timestamp="2026-04-01T21:47:02Z" uid="1" user="OSMnx" version="1" changeset="1"><nd ref="12293795280" /><nd ref="13514731253" /><tag k="highway" v="secondary" /><tag k="maxspeed" v="30" /><tag k="name" v="Hill Road" /><tag k="oneway" v="no" /></way><way id="1313" timestamp="2026-04-01T21:47:02Z" uid="1" user="OSMnx" version="1" changeset="1"><nd ref="12298747861" /><nd ref="11064868474" /><tag k="highway" v="residential" /><tag k="oneway" v="no" /></way><way id="1314" timestamp="2026-04-01T21:47:02Z" uid="1" user="OSMnx" version="1" changeset="1"><nd ref="12298747862" /><nd ref="10227877564" /><tag k="highway" v="residential" /><tag k="oneway" v="no" /></way><way id="1315" timestamp="2026-04-01T21:47:02Z" uid="1" user="OSMnx" version="1" changeset="1"><nd ref="12298747862" /><nd ref="12298747861" /><tag k="highway" v="residential" /><tag k="oneway" v="no" /></way><way id="1316" timestamp="2026-04-01T21:47:02Z" uid="1" user="OSMnx" version="1" changeset="1"><nd ref="12298766410" /><nd ref="12298766414" /><tag k="highway" v="living_street" /><tag k="oneway" v="no" /></way><way id="1317" timestamp="2026-04-01T21:47:02Z" uid="1" user="OSMnx" version="1" changeset="1"><nd ref="12298766414" /><nd ref="245667937" /><tag k="highway" v="residential" /><tag k="name" v="M Dandekar Marg" /><tag k="oneway" v="no" /></way><way id="1318" timestamp="2026-04-01T21:47:02Z" uid="1" user="OSMnx" version="1" changeset="1"><nd ref="12298814779" /><nd ref="1642243276" /><tag k="highway" v="residential" /><tag k="oneway" v="no" /></way><way id="1319" timestamp="2026-04-01T21:47:02Z" uid="1" user="OSMnx" version="1" changeset="1"><nd ref="12298814779" /><nd ref="13504126727" /><tag k="highway" v="residential" /><tag k="oneway" v="no" /></way><way id="1320" timestamp="2026-04-01T21:47:02Z" uid="1" user="OSMnx" version="1" changeset="1"><nd ref="12299384611" /><nd ref="13503275923" /><tag k="highway" v="residential" /><tag k="name" v="Manuel Menezes Road" /><tag k="oneway" v="no" /></way><way id="1321" timestamp="2026-04-01T21:47:02Z" uid="1" user="OSMnx" version="1" changeset="1"><nd ref="12346531469" /><nd ref="347146491" /><tag k="highway" v="living_street" /><tag k="oneway" v="no" /></way><way id="1322" timestamp="2026-04-01T21:47:02Z" uid="1" user="OSMnx" version="1" changeset="1"><nd ref="12347814313" /><nd ref="7206407305" /><tag k="highway" v="secondary" /><tag k="name" v="L K Mehta Marg" /><tag k="oneway" v="no" /></way><way id="1323" timestamp="2026-04-01T21:47:02Z" uid="1" user="OSMnx" version="1" changeset="1"><nd ref="12347814313" /><nd ref="6950683785" /><tag k="highway" v="tertiary" /><tag k="name" v="K C Marg" /><tag k="oneway" v="no" /></way><way id="1324" timestamp="2026-04-01T21:47:02Z" uid="1" user="OSMnx" version="1" changeset="1"><nd ref="12347814314" /><nd ref="12347814313" /><tag k="highway" v="secondary" /><tag k="name" v="K C Marg" /><tag k="oneway" v="no" /></way><way id="1325" timestamp="2026-04-01T21:47:02Z" uid="1" user="OSMnx" version="1" changeset="1"><nd ref="12361260646" /><nd ref="6950628984" /><tag k="highway" v="tertiary" /><tag k="name" v="K C Marg" /><tag k="oneway" v="no" /></way><way id="1326" timestamp="2026-04-01T21:47:02Z" uid="1" user="OSMnx" version="1" changeset="1"><nd ref="12716963180" /><nd ref="13519173576" /><tag k="highway" v="secondary" /><tag k="maxspeed" v="30" /><tag k="name" v="Hill Road" /><tag k="oneway" v="no" /></way><way id="1327" timestamp="2026-04-01T21:47:02Z" uid="1" user="OSMnx" version="1" changeset="1"><nd ref="12716963180" /><nd ref="13476283029" /><tag k="highway" v="residential" /><tag k="oneway" v="no" /></way><way id="1328" timestamp="2026-04-01T21:47:02Z" uid="1" user="OSMnx" version="1" changeset="1"><nd ref="12716963180" /><nd ref="13534656947" /><tag k="highway" v="residential" /><tag k="oneway" v="no" /></way><way id="1329" timestamp="2026-04-01T21:47:02Z" uid="1" user="OSMnx" version="1" changeset="1"><nd ref="12905637200" /><nd ref="2629418497" /><tag k="highway" v="tertiary" /><tag k="name" v="RK Patkar Marg (Waterfield Road)" /><tag k="oneway" v="no" /></way><way id="1330" timestamp="2026-04-01T21:47:02Z" uid="1" user="OSMnx" version="1" changeset="1"><nd ref="12905637200" /><nd ref="10878501990" /><tag k="highway" v="tertiary" /><tag k="name" v="PG Kher Marg" /><tag k="oneway" v="no" /></way><way id="1331" timestamp="2026-04-01T21:47:02Z" uid="1" user="OSMnx" version="1" changeset="1"><nd ref="12926034665" /><nd ref="12926034666" /><tag k="highway" v="secondary_link" /><tag k="oneway" v="no" /></way><way id="1332" timestamp="2026-04-01T21:47:02Z" uid="1" user="OSMnx" version="1" changeset="1"><nd ref="12926034665" /><nd ref="347179075" /><tag k="highway" v="residential" /><tag k="name" v="30th Road (Dr KS Hedgewar Road)" /><tag k="oneway" v="no" /></way><way id="1333" timestamp="2026-04-01T21:47:02Z" uid="1" user="OSMnx" version="1" changeset="1"><nd ref="12926034666" /><nd ref="347176149" /><tag k="highway" v="secondary" /><tag k="name" v="Linking Road" /><tag k="oneway" v="no" /></way><way id="1334" timestamp="2026-04-01T21:47:02Z" uid="1" user="OSMnx" version="1" changeset="1"><nd ref="12926508526" /><nd ref="4362546067" /><tag k="highway" v="residential" /><tag k="oneway" v="no" /></way><way id="1335" timestamp="2026-04-01T21:47:02Z" uid="1" user="OSMnx" version="1" changeset="1"><nd ref="12927629251" /><nd ref="537791259" /><tag k="highway" v="residential" /><tag k="name" v="Saint Monica Road" /><tag k="oneway" v="no" /></way><way id="1336" timestamp="2026-04-01T21:47:02Z" uid="1" user="OSMnx" version="1" changeset="1"><nd ref="12927629251" /><nd ref="12192784817" /><tag k="highway" v="residential" /><tag k="oneway" v="no" /></way><way id="1337" timestamp="2026-04-01T21:47:02Z" uid="1" user="OSMnx" version="1" changeset="1"><nd ref="12927629251" /><nd ref="12192784830" /><tag k="highway" v="residential" /><tag k="name" v="Chimbai Road Extension" /><tag k="oneway" v="no" /></way><way id="1338" timestamp="2026-04-01T21:47:02Z" uid="1" user="OSMnx" version="1" changeset="1"><nd ref="12974666366" /><nd ref="346611239" /><tag k="highway" v="tertiary" /><tag k="name" v="HK Bhaba Road" /><tag k="oneway" v="no" /></way><way id="1339" timestamp="2026-04-01T21:47:02Z" uid="1" user="OSMnx" version="1" changeset="1"><nd ref="12974666366" /><nd ref="12974666367" /><tag k="highway" v="tertiary_link" /><tag k="oneway" v="no" /></way><way id="1340" timestamp="2026-04-01T21:47:02Z" uid="1" user="OSMnx" version="1" changeset="1"><nd ref="12974666367" /><nd ref="346611554" /><tag k="highway" v="tertiary" /><tag k="name" v="Byramji Jeejeebhoy Road" /><tag k="oneway" v="no" /></way><way id="1341" timestamp="2026-04-01T21:47:02Z" uid="1" user="OSMnx" version="1" changeset="1"><nd ref="13009284660" /><nd ref="13009284661" /><tag k="highway" v="secondary_link" /><tag k="oneway" v="no" /></way><way id="1342" timestamp="2026-04-01T21:47:02Z" uid="1" user="OSMnx" version="1" changeset="1"><nd ref="13009284660" /><nd ref="10603240106" /><tag k="highway" v="secondary" /><tag k="name" v="Hill Road" /><tag k="oneway" v="no" /></way><way id="1343" timestamp="2026-04-01T21:47:02Z" uid="1" user="OSMnx" version="1" changeset="1"><nd ref="13009284661" /><nd ref="9681688974" /><tag k="highway" v="secondary" /><tag k="name" v="Hill Road" /><tag k="oneway" v="no" /></way><way id="1344" timestamp="2026-04-01T21:47:02Z" uid="1" user="OSMnx" version="1" changeset="1"><nd ref="13009284666" /><nd ref="13509415591" /><tag k="highway" v="secondary" /><tag k="name" v="Hill Road" /><tag k="oneway" v="no" /></way><way id="1345" timestamp="2026-04-01T21:47:02Z" uid="1" user="OSMnx" version="1" changeset="1"><nd ref="13009290210" /><nd ref="11033681799" /><tag k="highway" v="residential" /><tag k="name" v="Mount Mary Road" /><tag k="oneway" v="no" /></way><way id="1346" timestamp="2026-04-01T21:47:02Z" uid="1" user="OSMnx" version="1" changeset="1"><nd ref="13009290210" /><nd ref="13009290209" /><tag k="highway" v="residential" /><tag k="name" v="Mount Mary Road" /><tag k="oneway" v="no" /></way><way id="1347" timestamp="2026-04-01T21:47:02Z" uid="1" user="OSMnx" version="1" changeset="1"><nd ref="13015040851" /><nd ref="13015040852" /><tag k="highway" v="unclassified" /><tag k="oneway" v="no" /></way><way id="1348" timestamp="2026-04-01T21:47:02Z" uid="1" user="OSMnx" version="1" changeset="1"><nd ref="13015040851" /><nd ref="347140349" /><tag k="highway" v="residential" /><tag k="name" v="Bullock Road" /><tag k="oneway" v="no" /></way><way id="1349" timestamp="2026-04-01T21:47:02Z" uid="1" user="OSMnx" version="1" changeset="1"><nd ref="13063238673" /><nd ref="13063238674" /><tag k="highway" v="residential" /><tag k="lanes" v="1" /><tag k="oneway" v="no" /></way><way id="1350" timestamp="2026-04-01T21:47:02Z" uid="1" user="OSMnx" version="1" changeset="1"><nd ref="13063238673" /><nd ref="2629418476" /><tag k="highway" v="residential" /><tag k="lanes" v="2" /><tag k="name" v="S. G. Joshi Marg" /><tag k="oneway" v="no" /></way><way id="1351" timestamp="2026-04-01T21:47:02Z" uid="1" user="OSMnx" version="1" changeset="1"><nd ref="13064056829" /><nd ref="9681688977" /><tag k="highway" v="residential" /><tag k="oneway" v="no" /></way><way id="1352" timestamp="2026-04-01T21:47:02Z" uid="1" user="OSMnx" version="1" changeset="1"><nd ref="13064056829" /><nd ref="11057906722" /><tag k="highway" v="residential" /><tag k="oneway" v="no" /></way><way id="1353" timestamp="2026-04-01T21:47:02Z" uid="1" user="OSMnx" version="1" changeset="1"><nd ref="13067310092" /><nd ref="347182456" /><tag k="highway" v="tertiary" /><tag k="name" v="Waroda Road" /><tag k="oneway" v="no" /></way><way id="1354" timestamp="2026-04-01T21:47:02Z" uid="1" user="OSMnx" version="1" changeset="1"><nd ref="13067310092" /><nd ref="13067310094" /><tag k="highway" v="residential" /><tag k="lanes" v="1" /><tag k="oneway" v="no" /></way><way id="1355" timestamp="2026-04-01T21:47:02Z" uid="1" user="OSMnx" version="1" changeset="1"><nd ref="13105749791" /><nd ref="13105749792" /><tag k="highway" v="residential" /><tag k="oneway" v="no" /></way><way id="1356" timestamp="2026-04-01T21:47:02Z" uid="1" user="OSMnx" version="1" changeset="1"><nd ref="13105749791" /><nd ref="1468337691" /><tag k="highway" v="tertiary" /><tag k="lanes" v="2" /><tag k="name" v="RK Patkar Marg" /><tag k="oneway" v="no" /></way><way id="1357" timestamp="2026-04-01T21:47:02Z" uid="1" user="OSMnx" version="1" changeset="1"><nd ref="13299168585" /><nd ref="13508799087" /><tag k="highway" v="residential" /><tag k="oneway" v="no" /></way><way id="1358" timestamp="2026-04-01T21:47:02Z" uid="1" user="OSMnx" version="1" changeset="1"><nd ref="13299168585" /><nd ref="13514783244" /><tag k="highway" v="tertiary" /><tag k="name" v="Byramji Jeejeebhoy Road" /><tag k="oneway" v="no" /></way><way id="1359" timestamp="2026-04-01T21:47:02Z" uid="1" user="OSMnx" version="1" changeset="1"><nd ref="13476464226" /><nd ref="245667605" /><tag k="highway" v="secondary" /><tag k="lanes" v="2" /><tag k="name" v="Chitrakar Dhurandar Road" /><tag k="oneway" v="no" /></way><way id="1360" timestamp="2026-04-01T21:47:02Z" uid="1" user="OSMnx" version="1" changeset="1"><nd ref="13476464226" /><nd ref="13476464229" /><tag k="highway" v="residential" /><tag k="oneway" v="no" /></way><way id="1361" timestamp="2026-04-01T21:47:02Z" uid="1" user="OSMnx" version="1" changeset="1"><nd ref="13476464229" /><nd ref="245667605" /><tag k="highway" v="residential" /><tag k="name" v="Ahinsa Marg" /><tag k="oneway" v="no" /></way><way id="1362" timestamp="2026-04-01T21:47:02Z" uid="1" user="OSMnx" version="1" changeset="1"><nd ref="13503191875" /><nd ref="13503191888" /><tag k="highway" v="residential" /><tag k="oneway" v="no" /></way><way id="1363" timestamp="2026-04-01T21:47:02Z" uid="1" user="OSMnx" version="1" changeset="1"><nd ref="13503191875" /><nd ref="245667949" /><tag k="highway" v="tertiary" /><tag k="name" v="Hasanabad Road No 2" /><tag k="oneway" v="no" /></way><way id="1364" timestamp="2026-04-01T21:47:02Z" uid="1" user="OSMnx" version="1" changeset="1"><nd ref="13503191888" /><nd ref="13503191888" /><tag k="highway" v="residential" /><tag k="oneway" v="no" /></way><way id="1365" timestamp="2026-04-01T21:47:02Z" uid="1" user="OSMnx" version="1" changeset="1"><nd ref="13503249966" /><nd ref="13503249967" /><tag k="highway" v="residential" /><tag k="oneway" v="no" /></way><way id="1366" timestamp="2026-04-01T21:47:02Z" uid="1" user="OSMnx" version="1" changeset="1"><nd ref="13503249967" /><nd ref="13503275924" /><tag k="highway" v="tertiary" /><tag k="oneway" v="no" /></way><way id="1367" timestamp="2026-04-01T21:47:02Z" uid="1" user="OSMnx" version="1" changeset="1"><nd ref="13503275918" /><nd ref="13503275934" /><tag k="highway" v="primary" /><tag k="name" v="Swami Vivekanand Road" /><tag k="oneway" v="no" /></way><way id="1368" timestamp="2026-04-01T21:47:02Z" uid="1" user="OSMnx" version="1" changeset="1"><nd ref="13503275918" /><nd ref="13503275932" /><tag k="highway" v="tertiary" /><tag k="oneway" v="no" /></way><way id="1369" timestamp="2026-04-01T21:47:02Z" uid="1" user="OSMnx" version="1" changeset="1"><nd ref="13503275919" /><nd ref="13503275918" /><tag k="highway" v="tertiary" /><tag k="oneway" v="no" /></way><way id="1370" timestamp="2026-04-01T21:47:02Z" uid="1" user="OSMnx" version="1" changeset="1"><nd ref="13503275919" /><nd ref="13523554736" /><tag k="highway" v="primary" /><tag k="name" v="Swami Vivekanand Road" /><tag k="oneway" v="no" /></way><way id="1371" timestamp="2026-04-01T21:47:02Z" uid="1" user="OSMnx" version="1" changeset="1"><nd ref="13503275923" /><nd ref="13503275919" /><tag k="highway" v="tertiary" /><tag k="oneway" v="no" /></way><way id="1372" timestamp="2026-04-01T21:47:02Z" uid="1" user="OSMnx" version="1" changeset="1"><nd ref="13503275924" /><nd ref="245667705" /><tag k="highway" v="tertiary" /><tag k="name" v="Hasanabad Road No 2" /><tag k="oneway" v="no" /></way><way id="1373" timestamp="2026-04-01T21:47:02Z" uid="1" user="OSMnx" version="1" changeset="1"><nd ref="13503275924" /><nd ref="13503275923" /><tag k="highway" v="tertiary" /><tag k="oneway" v="no" /></way><way id="1374" timestamp="2026-04-01T21:47:02Z" uid="1" user="OSMnx" version="1" changeset="1"><nd ref="13503275932" /><nd ref="13503275934" /><tag k="highway" v="tertiary" /><tag k="name" v="Church Avenue" /><tag k="oneway" v="no" /></way><way id="1375" timestamp="2026-04-01T21:47:02Z" uid="1" user="OSMnx" version="1" changeset="1"><nd ref="13503275933" /><nd ref="13503275919" /><tag k="highway" v="primary" /><tag k="name" v="Swami Vivekanand Road" /><tag k="oneway" v="no" /></way><way id="1376" timestamp="2026-04-01T21:47:02Z" uid="1" user="OSMnx" version="1" changeset="1"><nd ref="13503275933" /><nd ref="245667850" /><tag k="highway" v="tertiary" /><tag k="name" v="Church Avenue" /><tag k="oneway" v="no" /></way><way id="1377" timestamp="2026-04-01T21:47:02Z" uid="1" user="OSMnx" version="1" changeset="1"><nd ref="13503275934" /><nd ref="13503275933" /><tag k="highway" v="tertiary" /><tag k="name" v="Church Avenue" /><tag k="oneway" v="no" /></way><way id="1378" timestamp="2026-04-01T21:47:02Z" uid="1" user="OSMnx" version="1" changeset="1"><nd ref="13503275934" /><nd ref="13523554737" /><tag k="highway" v="primary" /><tag k="name" v="Swami Vivekanand Road" /><tag k="oneway" v="no" /></way><way id="1379" timestamp="2026-04-01T21:47:02Z" uid="1" user="OSMnx" version="1" changeset="1"><nd ref="13503325282" /><nd ref="13503325281" /><tag k="highway" v="residential" /><tag k="oneway" v="no" /></way><way id="1380" timestamp="2026-04-01T21:47:02Z" uid="1" user="OSMnx" version="1" changeset="1"><nd ref="13503325282" /><nd ref="13503325288" /><tag k="highway" v="residential" /><tag k="oneway" v="no" /></way><way id="1381" timestamp="2026-04-01T21:47:02Z" uid="1" user="OSMnx" version="1" changeset="1"><nd ref="13503325288" /><nd ref="13503325282" /><tag k="highway" v="residential" /><tag k="oneway" v="no" /></way><way id="1382" timestamp="2026-04-01T21:47:02Z" uid="1" user="OSMnx" version="1" changeset="1"><nd ref="13503523477" /><nd ref="13503523491" /><tag k="highway" v="residential" /><tag k="oneway" v="no" /></way><way id="1383" timestamp="2026-04-01T21:47:02Z" uid="1" user="OSMnx" version="1" changeset="1"><nd ref="13503523491" /><nd ref="245668285" /><tag k="highway" v="tertiary" /><tag k="name" v="S B Patil Road" /><tag k="oneway" v="no" /></way><way id="1384" timestamp="2026-04-01T21:47:02Z" uid="1" user="OSMnx" version="1" changeset="1"><nd ref="13503549885" /><nd ref="8589101233" /><tag k="highway" v="secondary" /><tag k="lanes" v="2" /><tag k="name" v="Chitrakar Dhurandar Road" /><tag k="oneway" v="no" /></way><way id="1385" timestamp="2026-04-01T21:47:02Z" uid="1" user="OSMnx" version="1" changeset="1"><nd ref="13503549885" /><nd ref="8589101231" /><tag k="highway" v="secondary" /><tag k="name" v="Danda Boulevard (1st Road)" /><tag k="oneway" v="no" /></way><way id="1386" timestamp="2026-04-01T21:47:02Z" uid="1" user="OSMnx" version="1" changeset="1"><nd ref="13503728764" /><nd ref="13523554736" /><tag k="highway" v="residential" /><tag k="oneway" v="no" /></way><way id="1387" timestamp="2026-04-01T21:47:02Z" uid="1" user="OSMnx" version="1" changeset="1"><nd ref="13503728764" /><nd ref="13503275918" /><tag k="highway" v="primary" /><tag k="name" v="Swami Vivekanand Road" /><tag k="oneway" v="no" /></way><way id="1388" timestamp="2026-04-01T21:47:02Z" uid="1" user="OSMnx" version="1" changeset="1"><nd ref="13503944689" /><nd ref="347149835" /><tag k="highway" v="secondary" /><tag k="lanes" v="1" /><tag k="name" v="Gurunanak Marg" /><tag k="oneway" v="no" /></way><way id="1389" timestamp="2026-04-01T21:47:02Z" uid="1" user="OSMnx" version="1" changeset="1"><nd ref="13503944689" /><nd ref="13503944696" /><tag k="highway" v="residential" /><tag k="oneway" v="no" /></way><way id="1390" timestamp="2026-04-01T21:47:02Z" uid="1" user="OSMnx" version="1" changeset="1"><nd ref="13503944696" /><nd ref="471591707" /><tag k="highway" v="secondary" /><tag k="lanes" v="1" /><tag k="name" v="Gurunanak Marg" /><tag k="oneway" v="no" /></way><way id="1391" timestamp="2026-04-01T21:47:02Z" uid="1" user="OSMnx" version="1" changeset="1"><nd ref="13504126727" /><nd ref="13504126735" /><tag k="highway" v="residential" /><tag k="oneway" v="no" /></way><way id="1392" timestamp="2026-04-01T21:47:02Z" uid="1" user="OSMnx" version="1" changeset="1"><nd ref="13504126727" /><nd ref="13504126725" /><tag k="highway" v="residential" /><tag k="oneway" v="no" /></way><way id="1393" timestamp="2026-04-01T21:47:02Z" uid="1" user="OSMnx" version="1" changeset="1"><nd ref="13506288266" /><nd ref="2244797217" /><tag k="highway" v="residential" /><tag k="oneway" v="no" /></way><way id="1394" timestamp="2026-04-01T21:47:02Z" uid="1" user="OSMnx" version="1" changeset="1"><nd ref="13507076612" /><nd ref="357797398" /><tag k="highway" v="residential" /><tag k="oneway" v="no" /></way><way id="1395" timestamp="2026-04-01T21:47:02Z" uid="1" user="OSMnx" version="1" changeset="1"><nd ref="13508497778" /><nd ref="13508497780" /><tag k="highway" v="residential" /><tag k="oneway" v="no" /></way><way id="1396" timestamp="2026-04-01T21:47:02Z" uid="1" user="OSMnx" version="1" changeset="1"><nd ref="13508497778" /><nd ref="10657225553" /><tag k="highway" v="residential" /><tag k="name" v="General Arun Kumar Vaidya Marg" /><tag k="oneway" v="no" /></way><way id="1397" timestamp="2026-04-01T21:47:02Z" uid="1" user="OSMnx" version="1" changeset="1"><nd ref="13508497780" /><nd ref="347042528" /><tag k="highway" v="residential" /><tag k="name" v="General Arun Kumar Vaidya Marg" /><tag k="oneway" v="no" /></way><way id="1398" timestamp="2026-04-01T21:47:02Z" uid="1" user="OSMnx" version="1" changeset="1"><nd ref="13508577381" /><nd ref="13508778910" /><tag k="highway" v="tertiary" /><tag k="name" v="Byramji Jeejeebhoy Road" /><tag k="oneway" v="no" /></way><way id="1399" timestamp="2026-04-01T21:47:02Z" uid="1" user="OSMnx" version="1" changeset="1"><nd ref="13508778910" /><nd ref="13508799085" /><tag k="highway" v="tertiary" /><tag k="name" v="Byramji Jeejeebhoy Road" /><tag k="oneway" v="no" /></way><way id="1400" timestamp="2026-04-01T21:47:02Z" uid="1" user="OSMnx" version="1" changeset="1"><nd ref="13508778910" /><nd ref="13508778912" /><tag k="highway" v="residential" /><tag k="oneway" v="no" /></way><way id="1401" timestamp="2026-04-01T21:47:02Z" uid="1" user="OSMnx" version="1" changeset="1"><nd ref="13508799085" /><nd ref="13299168585" /><tag k="highway" v="tertiary" /><tag k="name" v="Byramji Jeejeebhoy Road" /><tag k="oneway" v="no" /></way><way id="1402" timestamp="2026-04-01T21:47:02Z" uid="1" user="OSMnx" version="1" changeset="1"><nd ref="13508799085" /><nd ref="13508799086" /><tag k="highway" v="residential" /><tag k="oneway" v="no" /></way><way id="1403" timestamp="2026-04-01T21:47:02Z" uid="1" user="OSMnx" version="1" changeset="1"><nd ref="13508799086" /><nd ref="13508799087" /><tag k="highway" v="tertiary" /><tag k="name" v="Byramji Jeejeebhoy Road" /><tag k="oneway" v="no" /></way><way id="1404" timestamp="2026-04-01T21:47:02Z" uid="1" user="OSMnx" version="1" changeset="1"><nd ref="13508799087" /><nd ref="7320265241" /><tag k="highway" v="tertiary" /><tag k="name" v="Byramji Jeejeebhoy Road" /><tag k="oneway" v="no" /></way><way id="1405" timestamp="2026-04-01T21:47:02Z" uid="1" user="OSMnx" version="1" changeset="1"><nd ref="13509415591" /><nd ref="13009284660" /><tag k="highway" v="secondary" /><tag k="name" v="Hill Road" /><tag k="oneway" v="no" /></way><way id="1406" timestamp="2026-04-01T21:47:02Z" uid="1" user="OSMnx" version="1" changeset="1"><nd ref="13509415591" /><nd ref="13509415600" /><tag k="highway" v="residential" /><tag k="oneway" v="no" /></way><way id="1407" timestamp="2026-04-01T21:47:02Z" uid="1" user="OSMnx" version="1" changeset="1"><nd ref="13509415600" /><nd ref="13509430501" /><tag k="highway" v="residential" /><tag k="oneway" v="no" /></way><way id="1408" timestamp="2026-04-01T21:47:02Z" uid="1" user="OSMnx" version="1" changeset="1"><nd ref="13509415600" /><nd ref="13509430501" /><tag k="highway" v="residential" /><tag k="oneway" v="no" /></way><way id="1409" timestamp="2026-04-01T21:47:02Z" uid="1" user="OSMnx" version="1" changeset="1"><nd ref="13509430501" /><nd ref="13009284666" /><tag k="highway" v="residential" /><tag k="oneway" v="no" /></way><way id="1410" timestamp="2026-04-01T21:47:02Z" uid="1" user="OSMnx" version="1" changeset="1"><nd ref="13509430532" /><nd ref="472840749" /><tag k="highway" v="residential" /><tag k="oneway" v="no" /></way><way id="1411" timestamp="2026-04-01T21:47:02Z" uid="1" user="OSMnx" version="1" changeset="1"><nd ref="13509430538" /><nd ref="472840749" /><tag k="highway" v="residential" /><tag k="oneway" v="no" /></way><way id="1412" timestamp="2026-04-01T21:47:02Z" uid="1" user="OSMnx" version="1" changeset="1"><nd ref="13514297393" /><nd ref="13514297394" /><tag k="highway" v="secondary_link" /><tag k="oneway" v="no" /></way><way id="1413" timestamp="2026-04-01T21:47:02Z" uid="1" user="OSMnx" version="1" changeset="1"><nd ref="13514297393" /><nd ref="10657225552" /><tag k="highway" v="secondary" /><tag k="lanes" v="2" /><tag k="name" v="KC Marg" /><tag k="oneway" v="no" /></way><way id="1414" timestamp="2026-04-01T21:47:02Z" uid="1" user="OSMnx" version="1" changeset="1"><nd ref="13514297394" /><nd ref="10089667078" /><tag k="highway" v="secondary" /><tag k="lanes" v="2" /><tag k="oneway" v="no" /></way><way id="1415" timestamp="2026-04-01T21:47:02Z" uid="1" user="OSMnx" version="1" changeset="1"><nd ref="13514498300" /><nd ref="13514568901" /><tag k="highway" v="residential" /><tag k="oneway" v="no" /></way><way id="1416" timestamp="2026-04-01T21:47:02Z" uid="1" user="OSMnx" version="1" changeset="1"><nd ref="13514498300" /><nd ref="10882715559" /><tag k="highway" v="secondary" /><tag k="lanes" v="2" /><tag k="name" v="Perry Road" /><tag k="oneway" v="no" /></way><way id="1417" timestamp="2026-04-01T21:47:02Z" uid="1" user="OSMnx" version="1" changeset="1"><nd ref="13514568901" /><nd ref="10882715571" /><tag k="highway" v="secondary" /><tag k="lanes" v="2" /><tag k="name" v="Perry Road" /><tag k="oneway" v="no" /></way><way id="1418" timestamp="2026-04-01T21:47:02Z" uid="1" user="OSMnx" version="1" changeset="1"><nd ref="13514568910" /><nd ref="13514568911" /><tag k="highway" v="secondary_link" /><tag k="oneway" v="no" /></way><way id="1419" timestamp="2026-04-01T21:47:02Z" uid="1" user="OSMnx" version="1" changeset="1"><nd ref="13514568910" /><nd ref="10882727459" /><tag k="highway" v="secondary" /><tag k="name" v="Manuel Gonsalves Road" /><tag k="oneway" v="no" /></way><way id="1420" timestamp="2026-04-01T21:47:02Z" uid="1" user="OSMnx" version="1" changeset="1"><nd ref="13514568911" /><nd ref="13520933662" /><tag k="highway" v="secondary" /><tag k="lanes" v="2" /><tag k="maxspeed" v="30" /><tag k="name" v="Manuel Gonsalves Road" /><tag k="oneway" v="no" /></way><way id="1421" timestamp="2026-04-01T21:47:02Z" uid="1" user="OSMnx" version="1" changeset="1"><nd ref="13514731253" /><nd ref="346633207" /><tag k="highway" v="secondary" /><tag k="maxspeed" v="30" /><tag k="name" v="Hill Road" /><tag k="oneway" v="no" /></way><way id="1422" timestamp="2026-04-01T21:47:02Z" uid="1" user="OSMnx" version="1" changeset="1"><nd ref="13514783244" /><nd ref="10603240106" /><tag k="highway" v="tertiary" /><tag k="name" v="Byramji Jeejeebhoy Road" /><tag k="oneway" v="no" /></way><way id="1423" timestamp="2026-04-01T21:47:02Z" uid="1" user="OSMnx" version="1" changeset="1"><nd ref="13516051353" /><nd ref="10882696217" /><tag k="highway" v="secondary" /><tag k="name" v="Danda Boulevard (1st Road)" /><tag k="oneway" v="no" /></way><way id="1424" timestamp="2026-04-01T21:47:02Z" uid="1" user="OSMnx" version="1" changeset="1"><nd ref="13516051353" /><nd ref="13516051357" /><tag k="highway" v="secondary_link" /><tag k="oneway" v="no" /></way><way id="1425" timestamp="2026-04-01T21:47:02Z" uid="1" user="OSMnx" version="1" changeset="1"><nd ref="13516051357" /><nd ref="7241583727" /><tag k="highway" v="tertiary" /><tag k="lanes" v="2" /><tag k="name" v="Dr BR Ambedkar Road" /><tag k="oneway" v="no" /></way><way id="1426" timestamp="2026-04-01T21:47:02Z" uid="1" user="OSMnx" version="1" changeset="1"><nd ref="13516967378" /><nd ref="346622403" /><tag k="highway" v="secondary" /><tag k="name" v="K C Marg" /><tag k="oneway" v="no" /></way><way id="1427" timestamp="2026-04-01T21:47:02Z" uid="1" user="OSMnx" version="1" changeset="1"><nd ref="13518785211" /><nd ref="13518785211" /><tag k="highway" v="residential" /><tag k="oneway" v="no" /></way><way id="1428" timestamp="2026-04-01T21:47:02Z" uid="1" user="OSMnx" version="1" changeset="1"><nd ref="13518920660" /><nd ref="245668222" /><tag k="highway" v="primary" /><tag k="name" v="Swami Vivekanand Road" /><tag k="oneway" v="no" /></way><way id="1429" timestamp="2026-04-01T21:47:02Z" uid="1" user="OSMnx" version="1" changeset="1"><nd ref="13518920662" /><nd ref="13518920660" /><tag k="highway" v="residential" /><tag k="oneway" v="no" /></way><way id="1430" timestamp="2026-04-01T21:47:02Z" uid="1" user="OSMnx" version="1" changeset="1"><nd ref="13518920667" /><nd ref="245668329" /><tag k="highway" v="primary" /><tag k="name" v="Swami Vivekanand Road" /><tag k="oneway" v="no" /></way><way id="1431" timestamp="2026-04-01T21:47:02Z" uid="1" user="OSMnx" version="1" changeset="1"><nd ref="13518920669" /><nd ref="13518920667" /><tag k="highway" v="residential" /><tag k="oneway" v="no" /></way><way id="1432" timestamp="2026-04-01T21:47:02Z" uid="1" user="OSMnx" version="1" changeset="1"><nd ref="13519081577" /><nd ref="10591500472" /><tag k="highway" v="residential" /><tag k="name" v="Chuim Village Road" /><tag k="oneway" v="no" /></way><way id="1433" timestamp="2026-04-01T21:47:02Z" uid="1" user="OSMnx" version="1" changeset="1"><nd ref="13519081577" /><nd ref="10591500468" /><tag k="highway" v="secondary" /><tag k="lanes" v="2" /><tag k="name" v="Danda Boulevard" /><tag k="oneway" v="no" /></way><way id="1434" timestamp="2026-04-01T21:47:02Z" uid="1" user="OSMnx" version="1" changeset="1"><nd ref="13519081578" /><nd ref="13519081577" /><tag k="highway" v="residential" /><tag k="oneway" v="no" /></way><way id="1435" timestamp="2026-04-01T21:47:02Z" uid="1" user="OSMnx" version="1" changeset="1"><nd ref="13519081578" /><nd ref="6271834098" /><tag k="highway" v="secondary" /><tag k="lanes" v="2" /><tag k="oneway" v="no" /></way><way id="1436" timestamp="2026-04-01T21:47:02Z" uid="1" user="OSMnx" version="1" changeset="1"><nd ref="13519081578" /><nd ref="12298766414" /><tag k="highway" v="residential" /><tag k="name" v="M Dandekar Marg" /><tag k="oneway" v="no" /></way><way id="1437" timestamp="2026-04-01T21:47:02Z" uid="1" user="OSMnx" version="1" changeset="1"><nd ref="13519137921" /><nd ref="9920649226" /><tag k="highway" v="living_street" /><tag k="oneway" v="no" /></way><way id="1438" timestamp="2026-04-01T21:47:02Z" uid="1" user="OSMnx" version="1" changeset="1"><nd ref="13519137922" /><nd ref="9920649226" /><tag k="highway" v="living_street" /><tag k="oneway" v="no" /></way><way id="1439" timestamp="2026-04-01T21:47:02Z" uid="1" user="OSMnx" version="1" changeset="1"><nd ref="13519137927" /><nd ref="9920649226" /><tag k="highway" v="living_street" /><tag k="oneway" v="no" /></way><way id="1440" timestamp="2026-04-01T21:47:02Z" uid="1" user="OSMnx" version="1" changeset="1"><nd ref="13519173573" /><nd ref="13519173576" /><tag k="highway" v="residential" /><tag k="oneway" v="no" /></way><way id="1441" timestamp="2026-04-01T21:47:02Z" uid="1" user="OSMnx" version="1" changeset="1"><nd ref="13519173576" /><nd ref="9787156063" /><tag k="highway" v="secondary" /><tag k="maxspeed" v="30" /><tag k="name" v="Hill Road" /><tag k="oneway" v="no" /></way><way id="1442" timestamp="2026-04-01T21:47:02Z" uid="1" user="OSMnx" version="1" changeset="1"><nd ref="13519412694" /><nd ref="13519412696" /><tag k="highway" v="residential" /><tag k="oneway" v="no" /></way><way id="1443" timestamp="2026-04-01T21:47:02Z" uid="1" user="OSMnx" version="1" changeset="1"><nd ref="13519412696" /><nd ref="245667816" /><tag k="highway" v="residential" /><tag k="name" v="Nargis Dutt Road" /><tag k="oneway" v="no" /></way><way id="1444" timestamp="2026-04-01T21:47:02Z" uid="1" user="OSMnx" version="1" changeset="1"><nd ref="13519774680" /><nd ref="13519774681" /><tag k="highway" v="residential" /><tag k="oneway" v="no" /></way><way id="1445" timestamp="2026-04-01T21:47:02Z" uid="1" user="OSMnx" version="1" changeset="1"><nd ref="13519774681" /><nd ref="8589101237" /><tag k="highway" v="secondary" /><tag k="lanes" v="2" /><tag k="name" v="Chitrakar Dhurandar Road" /><tag k="oneway" v="no" /></way><way id="1446" timestamp="2026-04-01T21:47:02Z" uid="1" user="OSMnx" version="1" changeset="1"><nd ref="13520099253" /><nd ref="13520933669" /><tag k="highway" v="secondary" /><tag k="name" v="Manuel Gonsalves Road" /><tag k="oneway" v="no" /></way><way id="1447" timestamp="2026-04-01T21:47:02Z" uid="1" user="OSMnx" version="1" changeset="1"><nd ref="13520099253" /><nd ref="13520099254" /><tag k="highway" v="secondary_link" /><tag k="oneway" v="no" /></way><way id="1448" timestamp="2026-04-01T21:47:02Z" uid="1" user="OSMnx" version="1" changeset="1"><nd ref="13520099254" /><nd ref="13520099256" /><tag k="highway" v="secondary" /><tag k="lanes" v="2" /><tag k="maxspeed" v="30" /><tag k="name" v="Manuel Gonsalves Road" /><tag k="oneway" v="no" /></way><way id="1449" timestamp="2026-04-01T21:47:02Z" uid="1" user="OSMnx" version="1" changeset="1"><nd ref="13520099255" /><nd ref="13520099253" /><tag k="highway" v="secondary" /><tag k="name" v="Manuel Gonsalves Road" /><tag k="oneway" v="no" /></way><way id="1450" timestamp="2026-04-01T21:47:02Z" uid="1" user="OSMnx" version="1" changeset="1"><nd ref="13520099255" /><nd ref="13520099256" /><tag k="highway" v="secondary_link" /><tag k="oneway" v="no" /></way><way id="1451" timestamp="2026-04-01T21:47:02Z" uid="1" user="OSMnx" version="1" changeset="1"><nd ref="13520099256" /><nd ref="4328035970" /><tag k="highway" v="secondary" /><tag k="lanes" v="2" /><tag k="maxspeed" v="30" /><tag k="name" v="Manuel Gonsalves Road" /><tag k="oneway" v="no" /></way><way id="1452" timestamp="2026-04-01T21:47:02Z" uid="1" user="OSMnx" version="1" changeset="1"><nd ref="13520933659" /><nd ref="13520933661" /><tag k="highway" v="secondary" /><tag k="name" v="Manuel Gonsalves Road" /><tag k="oneway" v="no" /></way><way id="1453" timestamp="2026-04-01T21:47:02Z" uid="1" user="OSMnx" version="1" changeset="1"><nd ref="13520933659" /><nd ref="13520933660" /><tag k="highway" v="secondary_link" /><tag k="oneway" v="no" /></way><way id="1454" timestamp="2026-04-01T21:47:02Z" uid="1" user="OSMnx" version="1" changeset="1"><nd ref="13520933660" /><nd ref="471587922" /><tag k="highway" v="secondary" /><tag k="lanes" v="2" /><tag k="maxspeed" v="30" /><tag k="name" v="Manuel Gonsalves Road" /><tag k="oneway" v="no" /></way><way id="1455" timestamp="2026-04-01T21:47:02Z" uid="1" user="OSMnx" version="1" changeset="1"><nd ref="13520933661" /><nd ref="13514568910" /><tag k="highway" v="secondary" /><tag k="name" v="Manuel Gonsalves Road" /><tag k="oneway" v="no" /></way><way id="1456" timestamp="2026-04-01T21:47:02Z" uid="1" user="OSMnx" version="1" changeset="1"><nd ref="13520933661" /><nd ref="13520933662" /><tag k="highway" v="secondary_link" /><tag k="oneway" v="no" /></way><way id="1457" timestamp="2026-04-01T21:47:02Z" uid="1" user="OSMnx" version="1" changeset="1"><nd ref="13520933662" /><nd ref="13520933660" /><tag k="highway" v="secondary" /><tag k="lanes" v="2" /><tag k="maxspeed" v="30" /><tag k="name" v="Manuel Gonsalves Road" /><tag k="oneway" v="no" /></way><way id="1458" timestamp="2026-04-01T21:47:02Z" uid="1" user="OSMnx" version="1" changeset="1"><nd ref="13520933663" /><nd ref="10882727462" /><tag k="highway" v="secondary" /><tag k="name" v="Manuel Gonsalves Road" /><tag k="oneway" v="no" /></way><way id="1459" timestamp="2026-04-01T21:47:02Z" uid="1" user="OSMnx" version="1" changeset="1"><nd ref="13520933663" /><nd ref="13520933664" /><tag k="highway" v="secondary_link" /><tag k="oneway" v="no" /></way><way id="1460" timestamp="2026-04-01T21:47:02Z" uid="1" user="OSMnx" version="1" changeset="1"><nd ref="13520933664" /><nd ref="13520933668" /><tag k="highway" v="secondary" /><tag k="lanes" v="2" /><tag k="maxspeed" v="30" /><tag k="name" v="Manuel Gonsalves Road" /><tag k="oneway" v="no" /></way><way id="1461" timestamp="2026-04-01T21:47:02Z" uid="1" user="OSMnx" version="1" changeset="1"><nd ref="13520933667" /><nd ref="13520933668" /><tag k="highway" v="secondary_link" /><tag k="oneway" v="no" /></way><way id="1462" timestamp="2026-04-01T21:47:02Z" uid="1" user="OSMnx" version="1" changeset="1"><nd ref="13520933667" /><nd ref="13520933663" /><tag k="highway" v="secondary" /><tag k="name" v="Manuel Gonsalves Road" /><tag k="oneway" v="no" /></way><way id="1463" timestamp="2026-04-01T21:47:02Z" uid="1" user="OSMnx" version="1" changeset="1"><nd ref="13520933668" /><nd ref="471581476" /><tag k="highway" v="secondary" /><tag k="lanes" v="2" /><tag k="maxspeed" v="30" /><tag k="name" v="Manuel Gonsalves Road" /><tag k="oneway" v="no" /></way><way id="1464" timestamp="2026-04-01T21:47:02Z" uid="1" user="OSMnx" version="1" changeset="1"><nd ref="13520933669" /><nd ref="13520933670" /><tag k="highway" v="secondary_link" /><tag k="oneway" v="no" /></way><way id="1465" timestamp="2026-04-01T21:47:02Z" uid="1" user="OSMnx" version="1" changeset="1"><nd ref="13520933669" /><nd ref="10882727463" /><tag k="highway" v="secondary" /><tag k="name" v="Manuel Gonsalves Road" /><tag k="oneway" v="no" /></way><way id="1466" timestamp="2026-04-01T21:47:02Z" uid="1" user="OSMnx" version="1" changeset="1"><nd ref="13520933670" /><nd ref="13520099254" /><tag k="highway" v="secondary" /><tag k="lanes" v="2" /><tag k="maxspeed" v="30" /><tag k="name" v="Manuel Gonsalves Road" /><tag k="oneway" v="no" /></way><way id="1467" timestamp="2026-04-01T21:47:02Z" uid="1" user="OSMnx" version="1" changeset="1"><nd ref="13520939011" /><nd ref="4362546055" /><tag k="highway" v="residential" /><tag k="name" v="Mount Mary Road" /><tag k="oneway" v="no" /></way><way id="1468" timestamp="2026-04-01T21:47:02Z" uid="1" user="OSMnx" version="1" changeset="1"><nd ref="13521060696" /><nd ref="13521071868" /><tag k="highway" v="residential" /><tag k="name" v="M Dandekar Marg" /><tag k="oneway" v="no" /></way><way id="1469" timestamp="2026-04-01T21:47:02Z" uid="1" user="OSMnx" version="1" changeset="1"><nd ref="13521060696" /><nd ref="13521071802" /><tag k="highway" v="living_street" /><tag k="oneway" v="no" /></way><way id="1470" timestamp="2026-04-01T21:47:02Z" uid="1" user="OSMnx" version="1" changeset="1"><nd ref="13521071802" /><nd ref="13521071832" /><tag k="highway" v="living_street" /><tag k="oneway" v="no" /></way><way id="1471" timestamp="2026-04-01T21:47:02Z" uid="1" user="OSMnx" version="1" changeset="1"><nd ref="13521071835" /><nd ref="13521071839" /><tag k="highway" v="living_street" /><tag k="oneway" v="no" /></way><way id="1472" timestamp="2026-04-01T21:47:02Z" uid="1" user="OSMnx" version="1" changeset="1"><nd ref="13521071836" /><nd ref="13521071835" /><tag k="highway" v="living_street" /><tag k="oneway" v="no" /></way><way id="1473" timestamp="2026-04-01T21:47:02Z" uid="1" user="OSMnx" version="1" changeset="1"><nd ref="13521071851" /><nd ref="13519137921" /><tag k="highway" v="living_street" /><tag k="oneway" v="no" /></way><way id="1474" timestamp="2026-04-01T21:47:02Z" uid="1" user="OSMnx" version="1" changeset="1"><nd ref="13521071852" /><nd ref="13521071851" /><tag k="highway" v="living_street" /><tag k="oneway" v="no" /></way><way id="1475" timestamp="2026-04-01T21:47:02Z" uid="1" user="OSMnx" version="1" changeset="1"><nd ref="13521071864" /><nd ref="13521071868" /><tag k="highway" v="living_street" /><tag k="oneway" v="no" /></way><way id="1476" timestamp="2026-04-01T21:47:02Z" uid="1" user="OSMnx" version="1" changeset="1"><nd ref="13521071868" /><nd ref="867157961" /><tag k="highway" v="residential" /><tag k="name" v="M Dandekar Marg" /><tag k="oneway" v="no" /></way><way id="1477" timestamp="2026-04-01T21:47:02Z" uid="1" user="OSMnx" version="1" changeset="1"><nd ref="13521071869" /><nd ref="245667995" /><tag k="highway" v="residential" /><tag k="name" v="M Dandekar Marg" /><tag k="oneway" v="no" /></way><way id="1478" timestamp="2026-04-01T21:47:02Z" uid="1" user="OSMnx" version="1" changeset="1"><nd ref="13521071869" /><nd ref="13521071879" /><tag k="highway" v="living_street" /><tag k="oneway" v="no" /></way><way id="1479" timestamp="2026-04-01T21:47:02Z" uid="1" user="OSMnx" version="1" changeset="1"><nd ref="13521071879" /><nd ref="13521071876" /><tag k="highway" v="living_street" /><tag k="oneway" v="no" /></way><way id="1480" timestamp="2026-04-01T21:47:02Z" uid="1" user="OSMnx" version="1" changeset="1"><nd ref="13521071879" /><nd ref="13521071890" /><tag k="highway" v="living_street" /><tag k="oneway" v="no" /></way><way id="1481" timestamp="2026-04-01T21:47:02Z" uid="1" user="OSMnx" version="1" changeset="1"><nd ref="13521071890" /><nd ref="13519137921" /><tag k="highway" v="living_street" /><tag k="oneway" v="no" /></way><way id="1482" timestamp="2026-04-01T21:47:02Z" uid="1" user="OSMnx" version="1" changeset="1"><nd ref="13521149002" /><nd ref="347169478" /><tag k="highway" v="secondary" /><tag k="lanes" v="4" /><tag k="name" v="Carter Road" /><tag k="oneway" v="no" /></way><way id="1483" timestamp="2026-04-01T21:47:02Z" uid="1" user="OSMnx" version="1" changeset="1"><nd ref="13521149002" /><nd ref="13521149003" /><tag k="highway" v="secondary_link" /><tag k="oneway" v="no" /></way><way id="1484" timestamp="2026-04-01T21:47:02Z" uid="1" user="OSMnx" version="1" changeset="1"><nd ref="13521149003" /><nd ref="7298842042" /><tag k="highway" v="secondary" /><tag k="lanes" v="4" /><tag k="name" v="Carter Road" /><tag k="oneway" v="no" /></way><way id="1485" timestamp="2026-04-01T21:47:02Z" uid="1" user="OSMnx" version="1" changeset="1"><nd ref="13521190682" /><nd ref="13522243192" /><tag k="highway" v="residential" /><tag k="name" v="M Dandekar Marg" /><tag k="oneway" v="no" /></way><way id="1486" timestamp="2026-04-01T21:47:02Z" uid="1" user="OSMnx" version="1" changeset="1"><nd ref="13521190682" /><nd ref="9920649231" /><tag k="highway" v="living_street" /><tag k="oneway" v="no" /></way><way id="1487" timestamp="2026-04-01T21:47:02Z" uid="1" user="OSMnx" version="1" changeset="1"><nd ref="13521237106" /><nd ref="13521237115" /><tag k="highway" v="residential" /><tag k="oneway" v="no" /></way><way id="1488" timestamp="2026-04-01T21:47:02Z" uid="1" user="OSMnx" version="1" changeset="1"><nd ref="13521237106" /><nd ref="10882715564" /><tag k="highway" v="secondary" /><tag k="lanes" v="2" /><tag k="name" v="Perry Road" /><tag k="oneway" v="no" /></way><way id="1489" timestamp="2026-04-01T21:47:02Z" uid="1" user="OSMnx" version="1" changeset="1"><nd ref="13521237115" /><nd ref="471586454" /><tag k="highway" v="secondary" /><tag k="lanes" v="2" /><tag k="name" v="Perry Road" /><tag k="oneway" v="no" /></way><way id="1490" timestamp="2026-04-01T21:47:02Z" uid="1" user="OSMnx" version="1" changeset="1"><nd ref="13521371103" /><nd ref="471566263" /><tag k="highway" v="tertiary" /><tag k="name" v="PD Hinduja Road (Khar Pali Road)" /><tag k="oneway" v="no" /></way><way id="1491" timestamp="2026-04-01T21:47:02Z" uid="1" user="OSMnx" version="1" changeset="1"><nd ref="13522243177" /><nd ref="13521190682" /><tag k="highway" v="residential" /><tag k="name" v="M Dandekar Marg" /><tag k="oneway" v="no" /></way><way id="1492" timestamp="2026-04-01T21:47:02Z" uid="1" user="OSMnx" version="1" changeset="1"><nd ref="13522243177" /><nd ref="13522243181" /><tag k="highway" v="living_street" /><tag k="oneway" v="no" /></way><way id="1493" timestamp="2026-04-01T21:47:02Z" uid="1" user="OSMnx" version="1" changeset="1"><nd ref="13522243181" /><nd ref="245668010" /><tag k="highway" v="residential" /><tag k="name" v="Danda Creek Road" /><tag k="oneway" v="no" /></way><way id="1494" timestamp="2026-04-01T21:47:02Z" uid="1" user="OSMnx" version="1" changeset="1"><nd ref="13522243186" /><nd ref="13522243181" /><tag k="highway" v="residential" /><tag k="name" v="Danda Creek Road" /><tag k="oneway" v="no" /></way><way id="1495" timestamp="2026-04-01T21:47:02Z" uid="1" user="OSMnx" version="1" changeset="1"><nd ref="13522243186" /><nd ref="1381733746" /><tag k="highway" v="living_street" /><tag k="oneway" v="no" /></way><way id="1496" timestamp="2026-04-01T21:47:02Z" uid="1" user="OSMnx" version="1" changeset="1"><nd ref="13522243187" /><nd ref="13522243192" /><tag k="highway" v="living_street" /><tag k="oneway" v="no" /></way><way id="1497" timestamp="2026-04-01T21:47:02Z" uid="1" user="OSMnx" version="1" changeset="1"><nd ref="13522243192" /><nd ref="1381733746" /><tag k="highway" v="residential" /><tag k="name" v="M Dandekar Marg" /><tag k="oneway" v="no" /></way><way id="1498" timestamp="2026-04-01T21:47:02Z" uid="1" user="OSMnx" version="1" changeset="1"><nd ref="13522294904" /><nd ref="10882715566" /><tag k="highway" v="secondary" /><tag k="lanes" v="2" /><tag k="name" v="Perry Road" /><tag k="oneway" v="no" /></way><way id="1499" timestamp="2026-04-01T21:47:02Z" uid="1" user="OSMnx" version="1" changeset="1"><nd ref="13522294905" /><nd ref="13522294904" /><tag k="highway" v="residential" /><tag k="oneway" v="no" /></way><way id="1500" timestamp="2026-04-01T21:47:02Z" uid="1" user="OSMnx" version="1" changeset="1"><nd ref="13522294905" /><nd ref="347115647" /><tag k="highway" v="secondary" /><tag k="lanes" v="2" /><tag k="name" v="Perry Road" /><tag k="oneway" v="no" /></way><way id="1501" timestamp="2026-04-01T21:47:02Z" uid="1" user="OSMnx" version="1" changeset="1"><nd ref="13523326214" /><nd ref="13523326236" /><tag k="highway" v="residential" /><tag k="oneway" v="no" /></way><way id="1502" timestamp="2026-04-01T21:47:02Z" uid="1" user="OSMnx" version="1" changeset="1"><nd ref="13523326214" /><nd ref="9681688999" /><tag k="highway" v="secondary" /><tag k="maxspeed" v="30" /><tag k="name" v="Hill Road" /><tag k="oneway" v="no" /></way><way id="1503" timestamp="2026-04-01T21:47:02Z" uid="1" user="OSMnx" version="1" changeset="1"><nd ref="13523326236" /><nd ref="9681688998" /><tag k="highway" v="secondary" /><tag k="maxspeed" v="30" /><tag k="name" v="Hill Road" /><tag k="oneway" v="no" /></way><way id="1504" timestamp="2026-04-01T21:47:02Z" uid="1" user="OSMnx" version="1" changeset="1"><nd ref="13523554733" /><nd ref="5265559170" /><tag k="highway" v="primary" /><tag k="name" v="Swami Vivekanand Road" /><tag k="oneway" v="no" /></way><way id="1505" timestamp="2026-04-01T21:47:02Z" uid="1" user="OSMnx" version="1" changeset="1"><nd ref="13523554734" /><nd ref="1936355377" /><tag k="highway" v="primary" /><tag k="name" v="Swami Vivekanand Road" /><tag k="oneway" v="no" /></way><way id="1506" timestamp="2026-04-01T21:47:02Z" uid="1" user="OSMnx" version="1" changeset="1"><nd ref="13523554735" /><nd ref="13523554734" /><tag k="highway" v="primary" /><tag k="name" v="Swami Vivekanand Road" /><tag k="oneway" v="no" /></way><way id="1507" timestamp="2026-04-01T21:47:02Z" uid="1" user="OSMnx" version="1" changeset="1"><nd ref="13523554736" /><nd ref="1936355399" /><tag k="highway" v="primary" /><tag k="name" v="Swami Vivekanand Road" /><tag k="oneway" v="no" /></way><way id="1508" timestamp="2026-04-01T21:47:02Z" uid="1" user="OSMnx" version="1" changeset="1"><nd ref="13523554737" /><nd ref="13523554738" /><tag k="highway" v="primary" /><tag k="name" v="Swami Vivekanand Road" /><tag k="oneway" v="no" /></way><way id="1509" timestamp="2026-04-01T21:47:02Z" uid="1" user="OSMnx" version="1" changeset="1"><nd ref="13523554738" /><nd ref="245668011" /><tag k="highway" v="primary" /><tag k="name" v="Swami Vivekanand Road" /><tag k="oneway" v="no" /></way><way id="1510" timestamp="2026-04-01T21:47:02Z" uid="1" user="OSMnx" version="1" changeset="1"><nd ref="13523554740" /><nd ref="245667584" /><tag k="highway" v="primary" /><tag k="name" v="Swami Vivekanand Road" /><tag k="oneway" v="no" /></way><way id="1511" timestamp="2026-04-01T21:47:02Z" uid="1" user="OSMnx" version="1" changeset="1"><nd ref="13523554740" /><nd ref="13523554741" /><tag k="highway" v="primary_link" /><tag k="oneway" v="no" /></way><way id="1512" timestamp="2026-04-01T21:47:02Z" uid="1" user="OSMnx" version="1" changeset="1"><nd ref="13523554741" /><nd ref="1936355394" /><tag k="highway" v="primary" /><tag k="name" v="Swami Vivekanand Road" /><tag k="oneway" v="no" /></way><way id="1513" timestamp="2026-04-01T21:47:02Z" uid="1" user="OSMnx" version="1" changeset="1"><nd ref="13523657584" /><nd ref="471591705" /><tag k="highway" v="residential" /><tag k="name" v="1st Road" /><tag k="oneway" v="no" /></way><way id="1514" timestamp="2026-04-01T21:47:02Z" uid="1" user="OSMnx" version="1" changeset="1"><nd ref="13523657584" /><nd ref="13523657588" /><tag k="highway" v="residential" /><tag k="oneway" v="no" /></way><way id="1515" timestamp="2026-04-01T21:47:02Z" uid="1" user="OSMnx" version="1" changeset="1"><nd ref="13528565679" /><nd ref="13528565680" /><tag k="highway" v="residential" /><tag k="oneway" v="no" /></way><way id="1516" timestamp="2026-04-01T21:47:02Z" uid="1" user="OSMnx" version="1" changeset="1"><nd ref="13528565679" /><nd ref="4598737148" /><tag k="highway" v="residential" /><tag k="lanes" v="1" /><tag k="name" v="New Kantwadi Road" /><tag k="oneway" v="no" /></way><way id="1517" timestamp="2026-04-01T21:47:02Z" uid="1" user="OSMnx" version="1" changeset="1"><nd ref="13528689952" /><nd ref="6950628981" /><tag k="highway" v="tertiary" /><tag k="name" v="K C Marg" /><tag k="oneway" v="no" /></way><way id="1518" timestamp="2026-04-01T21:47:02Z" uid="1" user="OSMnx" version="1" changeset="1"><nd ref="13528689953" /><nd ref="13528689954" /><tag k="highway" v="tertiary_link" /><tag k="oneway" v="no" /></way><way id="1519" timestamp="2026-04-01T21:47:02Z" uid="1" user="OSMnx" version="1" changeset="1"><nd ref="13528689953" /><nd ref="6950683786" /><tag k="highway" v="tertiary" /><tag k="name" v="K C Marg" /><tag k="oneway" v="no" /></way><way id="1520" timestamp="2026-04-01T21:47:02Z" uid="1" user="OSMnx" version="1" changeset="1"><nd ref="13528689954" /><nd ref="9992653317" /><tag k="highway" v="tertiary" /><tag k="name" v="K C Marg" /><tag k="oneway" v="no" /></way><way id="1521" timestamp="2026-04-01T21:47:02Z" uid="1" user="OSMnx" version="1" changeset="1"><nd ref="13528689955" /><nd ref="13528689956" /><tag k="highway" v="primary_link" /><tag k="oneway" v="no" /></way><way id="1522" timestamp="2026-04-01T21:47:02Z" uid="1" user="OSMnx" version="1" changeset="1"><nd ref="13528689955" /><nd ref="11037037916" /><tag k="highway" v="primary" /><tag k="name" v="Swami Vivekanand Road" /><tag k="oneway" v="no" /></way><way id="1523" timestamp="2026-04-01T21:47:02Z" uid="1" user="OSMnx" version="1" changeset="1"><nd ref="13528689956" /><nd ref="9739950372" /><tag k="highway" v="primary" /><tag k="name" v="Swami Vivekanand Road" /><tag k="oneway" v="no" /></way><way id="1524" timestamp="2026-04-01T21:47:02Z" uid="1" user="OSMnx" version="1" changeset="1"><nd ref="13529118173" /><nd ref="471591706" /><tag k="highway" v="residential" /><tag k="name" v="4th Road" /><tag k="oneway" v="no" /></way><way id="1525" timestamp="2026-04-01T21:47:02Z" uid="1" user="OSMnx" version="1" changeset="1"><nd ref="13534655598" /><nd ref="13534655599" /><tag k="highway" v="residential" /><tag k="oneway" v="no" /></way><way id="1526" timestamp="2026-04-01T21:47:02Z" uid="1" user="OSMnx" version="1" changeset="1"><nd ref="13534655599" /><nd ref="12716963180" /><tag k="highway" v="secondary" /><tag k="maxspeed" v="30" /><tag k="name" v="Hill Road" /><tag k="oneway" v="no" /></way><way id="1527" timestamp="2026-04-01T21:47:02Z" uid="1" user="OSMnx" version="1" changeset="1"><nd ref="13534656947" /><nd ref="9859474278" /><tag k="highway" v="secondary" /><tag k="maxspeed" v="30" /><tag k="name" v="Hill Road" /><tag k="oneway" v="no" /></way><way id="1528" timestamp="2026-04-01T21:47:02Z" uid="1" user="OSMnx" version="1" changeset="1"><nd ref="13537225634" /><nd ref="13519081577" /><tag k="highway" v="secondary" /><tag k="lanes" v="2" /><tag k="name" v="Danda Boulevard" /><tag k="oneway" v="no" /></way><way id="1529" timestamp="2026-04-01T21:47:02Z" uid="1" user="OSMnx" version="1" changeset="1"><nd ref="13537225635" /><nd ref="7298841985" /><tag k="highway" v="secondary" /><tag k="lanes" v="2" /><tag k="name" v="Danda Boulevard" /><tag k="oneway" v="no" /></way><way id="1530" timestamp="2026-04-01T21:47:02Z" uid="1" user="OSMnx" version="1" changeset="1"><nd ref="13537225636" /><nd ref="10118530702" /><tag k="highway" v="secondary" /><tag k="lanes" v="2" /><tag k="oneway" v="no" /></way><way id="1531" timestamp="2026-04-01T21:47:02Z" uid="1" user="OSMnx" version="1" changeset="1"><nd ref="13537225637" /><nd ref="1642244014" /><tag k="highway" v="secondary" /><tag k="lanes" v="2" /><tag k="name" v="Danda Boulevard" /><tag k="oneway" v="no" /></way><way id="1532" timestamp="2026-04-01T21:47:02Z" uid="1" user="OSMnx" version="1" changeset="1"><nd ref="13537225637" /><nd ref="13537225638" /><tag k="highway" v="secondary_link" /><tag k="oneway" v="no" /></way><way id="1533" timestamp="2026-04-01T21:47:02Z" uid="1" user="OSMnx" version="1" changeset="1"><nd ref="13537225638" /><nd ref="10882696219" /><tag k="highway" v="secondary" /><tag k="lanes" v="2" /><tag k="name" v="Chitrakar Dhurandar Road" /><tag k="oneway" v="no" /></way><way id="1534" timestamp="2026-04-01T21:47:02Z" uid="1" user="OSMnx" version="1" changeset="1"><nd ref="13551006685" /><nd ref="13551006686" /><tag k="highway" v="residential" /><tag k="oneway" v="no" /></way><way id="1535" timestamp="2026-04-01T21:47:02Z" uid="1" user="OSMnx" version="1" changeset="1"><nd ref="13551006686" /><nd ref="13551006694" /><tag k="highway" v="residential" /><tag k="name" v="3rd Road" /><tag k="oneway" v="no" /></way><way id="1536" timestamp="2026-04-01T21:47:02Z" uid="1" user="OSMnx" version="1" changeset="1"><nd ref="13551006693" /><nd ref="13551006694" /><tag k="highway" v="residential" /><tag k="oneway" v="no" /></way><way id="1537" timestamp="2026-04-01T21:47:02Z" uid="1" user="OSMnx" version="1" changeset="1"><nd ref="13551006694" /><nd ref="347172870" /><tag k="highway" v="residential" /><tag k="name" v="3rd Road" /><tag k="oneway" v="no" /></way><way id="1538" timestamp="2026-04-01T21:47:02Z" uid="1" user="OSMnx" version="1" changeset="1"><nd ref="13565951412" /><nd ref="13565951418" /><tag k="highway" v="residential" /><tag k="oneway" v="no" /></way><way id="1539" timestamp="2026-04-01T21:47:02Z" uid="1" user="OSMnx" version="1" changeset="1"><nd ref="13565951412" /><nd ref="10264805108" /><tag k="highway" v="secondary" /><tag k="maxspeed" v="30" /><tag k="name" v="Hill Road" /><tag k="oneway" v="no" /></way><way id="1540" timestamp="2026-04-01T21:47:02Z" uid="1" user="OSMnx" version="1" changeset="1"><nd ref="13565951418" /><nd ref="1654348856" /><tag k="highway" v="secondary" /><tag k="maxspeed" v="30" /><tag k="name" v="Hill Road" /><tag k="oneway" v="no" /></way><way id="1541" timestamp="2026-04-01T21:47:02Z" uid="1" user="OSMnx" version="1" changeset="1"><nd ref="13569791103" /><nd ref="13569791111" /><tag k="highway" v="living_street" /><tag k="oneway" v="no" /></way><way id="1542" timestamp="2026-04-01T21:47:02Z" uid="1" user="OSMnx" version="1" changeset="1"><nd ref="13569791111" /><nd ref="13569791114" /><tag k="highway" v="living_street" /><tag k="oneway" v="no" /></way><way id="1543" timestamp="2026-04-01T21:47:02Z" uid="1" user="OSMnx" version="1" changeset="1"><nd ref="13569791111" /><nd ref="13569791121" /><tag k="highway" v="living_street" /><tag k="oneway" v="no" /></way><way id="1544" timestamp="2026-04-01T21:47:02Z" uid="1" user="OSMnx" version="1" changeset="1"><nd ref="13569791114" /><nd ref="13522243177" /><tag k="highway" v="residential" /><tag k="name" v="M Dandekar Marg" /><tag k="oneway" v="no" /></way><way id="1545" timestamp="2026-04-01T21:47:02Z" uid="1" user="OSMnx" version="1" changeset="1"><nd ref="13569791121" /><nd ref="13521071851" /><tag k="highway" v="living_street" /><tag k="oneway" v="no" /></way></osm>