<?xml version='1.0' encoding='utf-8'?>
<osm version="0.6" generator="OSMnx 1.9.1"><node id="245680706" timestamp="2026-04-03T18:16:03Z" uid="1" user="OSMnx" version="1" changeset="1" lat="19.209305" lon="72.900288" /><node id="245680715" timestamp="2026-04-03T18:16:03Z" uid="1" user="OSMnx" version="1" changeset="1" lat="19.20892" lon="72.901413" /><node id="245680723" timestamp="2026-04-03T18:16:03Z" uid="1" user="OSMnx" version="1" changeset="1" lat="19.209325" lon="72.900109" /><node id="245680739" timestamp="2026-04-03T18:16:03Z" uid="1" user="OSMnx" version="1" changeset="1" lat="19.209436" lon="72.899333" /><node id="245680752" timestamp="2026-04-03T18:16:03Z" uid="1" user="OSMnx" version="1" changeset="1" lat="19.21014" lon="72.896421" /><node id="245680804" timestamp="2026-04-03T18:16:03Z" uid="1" user="OSMnx" version="1" changeset="1" lat="19.21115" lon="72.891136" /><node id="245680823" timestamp="2026-04-03T18:16:03Z" uid="1" user="OSMnx" version="1" changeset="1" lat="19.21158" lon="72.890438" /><node id="245680843" timestamp="2026-04-03T18:16:03Z" uid="1" user="OSMnx" version="1" changeset="1" lat="19.212285" lon="72.889934" /><node id="245681032" timestamp="2026-04-03T18:16:03Z" uid="1" user="OSMnx" version="1" changeset="1" lat="19.212731" lon="72.889891" /><node id="245681160" timestamp="2026-04-03T18:16:03Z" uid="1" user="OSMnx" version="1" changeset="1" lat="19.215406" lon="72.889355" /><node id="245681314" timestamp="2026-04-03T18:16:03Z" uid="1" user="OSMnx" version="1" changeset="1" lat="19.218121" lon="72.888088" /><node id="245681392" timestamp="2026-04-03T18:16:03Z" uid="1" user="OSMnx" version="1" changeset="1" lat="19.219316" lon="72.887395" /><node id="245681623" timestamp="2026-04-03T18:16:03Z" uid="1" user="OSMnx" version="1" changeset="1" lat="19.223206" lon="72.885342" /><node id="245681642" timestamp="2026-04-03T18:16:03Z" uid="1" user="OSMnx" version="1" changeset="1" lat="19.223124" lon="72.871316" /><node id="245681643" timestamp="2026-04-03T18:16:03Z" uid="1" user="OSMnx" version="1" changeset="1" lat="19.22274" lon="72.877982" /><node id="245681649" timestamp="2026-04-03T18:16:03Z" uid="1" user="OSMnx" version="1" changeset="1" lat="19.222599" lon="72.877317" /><node id="245681650" timestamp="2026-04-03T18:16:03Z" uid="1" user="OSMnx" version="1" changeset="1" lat="19.223044" lon="72.878605" /><node id="245681654" timestamp="2026-04-03T18:16:03Z" uid="1" user="OSMnx" version="1" changeset="1" lat="19.22274" lon="72.8756" /><node id="245681655" timestamp="2026-04-03T18:16:03Z" uid="1" user="OSMnx" version="1" changeset="1" lat="19.22268" lon="72.876373" /><node id="245681677" timestamp="2026-04-03T18:16:03Z" uid="1" user="OSMnx" version="1" changeset="1" lat="19.22522" lon="72.884015" /><node id="245681706" timestamp="2026-04-03T18:16:03Z" uid="1" user="OSMnx" version="1" changeset="1" lat="19.226774" lon="72.882252" /><node id="245681765" timestamp="2026-04-03T18:16:03Z" uid="1" user="OSMnx" version="1" changeset="1" lat="19.227338" lon="72.881767" /><node id="245681807" timestamp="2026-04-03T18:16:03Z" uid="1" user="OSMnx" version="1" changeset="1" lat="19.228156" lon="72.88059" /><node id="245681881" timestamp="2026-04-03T18:16:03Z" uid="1" user="OSMnx" version="1" changeset="1" lat="19.228997" lon="72.879415" /><node id="245682188" timestamp="2026-04-03T18:16:03Z" uid="1" user="OSMnx" version="1" changeset="1" lat="19.236876" lon="72.879543" /><node id="245682249" timestamp="2026-04-03T18:16:03Z" uid="1" user="OSMnx" version="1" changeset="1" lat="19.237921" lon="72.880185" /><node id="283211600" timestamp="2026-04-03T18:16:03Z" uid="1" user="OSMnx" version="1" changeset="1" lat="19.211029" lon="72.892445" /><node id="283211601" timestamp="2026-04-03T18:16:03Z" uid="1" user="OSMnx" version="1" changeset="1" lat="19.211064" lon="72.893142" /><node id="283211603" timestamp="2026-04-03T18:16:03Z" uid="1" user="OSMnx" version="1" changeset="1" lat="19.21087" lon="72.893992" /><node id="283211604" timestamp="2026-04-03T18:16:03Z" uid="1" user="OSMnx" version="1" changeset="1" lat="19.210401" lon="72.895535" /><node id="283211606" timestamp="2026-04-03T18:16:03Z" uid="1" user="OSMnx" version="1" changeset="1" lat="19.21005" lon="72.897098" /><node id="283211607" timestamp="2026-04-03T18:16:03Z" uid="1" user="OSMnx" version="1" changeset="1" lat="19.210156" lon="72.897795" /><node id="283211609" timestamp="2026-04-03T18:16:03Z" uid="1" user="OSMnx" version="1" changeset="1" lat="19.210051" lon="72.898558" /><node id="283211610" timestamp="2026-04-03T18:16:03Z" uid="1" user="OSMnx" version="1" changeset="1" lat="19.208896" lon="72.901875" /><node id="283211611" timestamp="2026-04-03T18:16:03Z" uid="1" user="OSMnx" version="1" changeset="1" lat="19.209064" lon="72.902162" /><node id="283211613" timestamp="2026-04-03T18:16:03Z" uid="1" user="OSMnx" version="1" changeset="1" lat="19.209098" lon="72.90226" /><node id="283211614" timestamp="2026-04-03T18:16:03Z" uid="1" user="OSMnx" version="1" changeset="1" lat="19.209099" lon="72.902482" /><node id="283211616" timestamp="2026-04-03T18:16:03Z" uid="1" user="OSMnx" version="1" changeset="1" lat="19.208746" lon="72.902932" /><node id="283211617" timestamp="2026-04-03T18:16:03Z" uid="1" user="OSMnx" version="1" changeset="1" lat="19.208575" lon="72.90299" /><node id="283211618" timestamp="2026-04-03T18:16:03Z" uid="1" user="OSMnx" version="1" changeset="1" lat="19.208319" lon="72.902801" /><node id="283211620" timestamp="2026-04-03T18:16:03Z" uid="1" user="OSMnx" version="1" changeset="1" lat="19.207976" lon="72.902747" /><node id="283211621" timestamp="2026-04-03T18:16:03Z" uid="1" user="OSMnx" version="1" changeset="1" lat="19.207446" lon="72.902866" /><node id="283211623" timestamp="2026-04-03T18:16:03Z" uid="1" user="OSMnx" version="1" changeset="1" lat="19.206829" lon="72.903127" /><node id="283211624" timestamp="2026-04-03T18:16:03Z" uid="1" user="OSMnx" version="1" changeset="1" lat="19.206391" lon="72.903213" /><node id="283211625" timestamp="2026-04-03T18:16:03Z" uid="1" user="OSMnx" version="1" changeset="1" lat="19.206044" lon="72.90338" /><node id="283211627" timestamp="2026-04-03T18:16:03Z" uid="1" user="OSMnx" version="1" changeset="1" lat="19.205925" lon="72.90356" /><node id="283211628" timestamp="2026-04-03T18:16:03Z" uid="1" user="OSMnx" version="1" changeset="1" lat="19.206002" lon="72.903878" /><node id="283211630" timestamp="2026-04-03T18:16:03Z" uid="1" user="OSMnx" version="1" changeset="1" lat="19.206176" lon="72.903976" /><node id="283211631" timestamp="2026-04-03T18:16:03Z" uid="1" user="OSMnx" version="1" changeset="1" lat="19.206873" lon="72.903962" /><node id="564720322" timestamp="2026-04-03T18:16:03Z" uid="1" user="OSMnx" version="1" changeset="1" lat="19.209056" lon="72.902555" /><node id="564720324" timestamp="2026-04-03T18:16:03Z" uid="1" user="OSMnx" version="1" changeset="1" lat="19.209341" lon="72.899524" /><node id="564720326" timestamp="2026-04-03T18:16:03Z" uid="1" user="OSMnx" version="1" changeset="1" lat="19.209921" lon="72.898936" /><node id="564720331" timestamp="2026-04-03T18:16:03Z" uid="1" user="OSMnx" version="1" changeset="1" lat="19.216115" lon="72.889162" /><node id="564720332" timestamp="2026-04-03T18:16:03Z" uid="1" user="OSMnx" version="1" changeset="1" lat="19.216897" lon="72.888734" /><node id="564720337" timestamp="2026-04-03T18:16:03Z" uid="1" user="OSMnx" version="1" changeset="1" lat="19.220554" lon="72.886769" /><node id="564720339" timestamp="2026-04-03T18:16:03Z" uid="1" user="OSMnx" version="1" changeset="1" lat="19.221976" lon="72.885954" /><node id="564724973" timestamp="2026-04-03T18:16:03Z" uid="1" user="OSMnx" version="1" changeset="1" lat="19.223693" lon="72.880064" /><node id="564724974" timestamp="2026-04-03T18:16:03Z" uid="1" user="OSMnx" version="1" changeset="1" lat="19.22424" lon="72.881137" /><node id="564724975" timestamp="2026-04-03T18:16:03Z" uid="1" user="OSMnx" version="1" changeset="1" lat="19.224665" lon="72.882081" /><node id="564724976" timestamp="2026-04-03T18:16:03Z" uid="1" user="OSMnx" version="1" changeset="1" lat="19.224751" lon="72.882733" /><node id="564724977" timestamp="2026-04-03T18:16:03Z" uid="1" user="OSMnx" version="1" changeset="1" lat="19.224848" lon="72.883046" /><node id="564724978" timestamp="2026-04-03T18:16:03Z" uid="1" user="OSMnx" version="1" changeset="1" lat="19.225045" lon="72.883467" /><node id="564737595" timestamp="2026-04-03T18:16:03Z" uid="1" user="OSMnx" version="1" changeset="1" lat="19.223044" lon="72.872489" /><node id="564737596" timestamp="2026-04-03T18:16:03Z" uid="1" user="OSMnx" version="1" changeset="1" lat="19.222928" lon="72.873831" /><node id="590196237" timestamp="2026-04-03T18:16:03Z" uid="1" user="OSMnx" version="1" changeset="1" lat="19.225664" lon="72.883658" /><node id="996408615" timestamp="2026-04-03T18:16:03Z" uid="1" user="OSMnx" version="1" changeset="1" lat="19.165398" lon="72.901286" /><node id="996408618" timestamp="2026-04-03T18:16:03Z" uid="1" user="OSMnx" version="1" changeset="1" lat="19.165215" lon="72.901339" /><node id="996408621" timestamp="2026-04-03T18:16:03Z" uid="1" user="OSMnx" version="1" changeset="1" lat="19.165104" lon="72.901414" /><node id="996408623" timestamp="2026-04-03T18:16:03Z" uid="1" user="OSMnx" version="1" changeset="1" lat="19.164992" lon="72.901479" /><node id="996408626" timestamp="2026-04-03T18:16:03Z" uid="1" user="OSMnx" version="1" changeset="1" lat="19.164881" lon="72.901575" /><node id="996408632" timestamp="2026-04-03T18:16:03Z" uid="1" user="OSMnx" version="1" changeset="1" lat="19.164729" lon="72.901693" /><node id="996408638" timestamp="2026-04-03T18:16:03Z" uid="1" user="OSMnx" version="1" changeset="1" lat="19.164628" lon="72.901768" /><node id="996408643" timestamp="2026-04-03T18:16:03Z" uid="1" user="OSMnx" version="1" changeset="1" lat="19.164486" lon="72.901833" /><node id="996408646" timestamp="2026-04-03T18:16:03Z" uid="1" user="OSMnx" version="1" changeset="1" lat="19.164364" lon="72.901886" /><node id="996408648" timestamp="2026-04-03T18:16:03Z" uid="1" user="OSMnx" version="1" changeset="1" lat="19.164222" lon="72.901908" /><node id="996408650" timestamp="2026-04-03T18:16:03Z" uid="1" user="OSMnx" version="1" changeset="1" lat="19.16408" lon="72.901962" /><node id="996408661" timestamp="2026-04-03T18:16:03Z" uid="1" user="OSMnx" version="1" changeset="1" lat="19.163979" lon="72.901929" /><node id="996408668" timestamp="2026-04-03T18:16:03Z" uid="1" user="OSMnx" version="1" changeset="1" lat="19.163878" lon="72.901865" /><node id="996408671" timestamp="2026-04-03T18:16:03Z" uid="1" user="OSMnx" version="1" changeset="1" lat="19.163746" lon="72.90179" /><node id="996408679" timestamp="2026-04-03T18:16:03Z" uid="1" user="OSMnx" version="1" changeset="1" lat="19.163604" lon="72.90179" /><node id="996408683" timestamp="2026-04-03T18:16:03Z" uid="1" user="OSMnx" version="1" changeset="1" lat="19.163482" lon="72.901801" /><node id="996408705" timestamp="2026-04-03T18:16:03Z" uid="1" user="OSMnx" version="1" changeset="1" lat="19.16333" lon="72.901758" /><node id="996408707" timestamp="2026-04-03T18:16:03Z" uid="1" user="OSMnx" version="1" changeset="1" lat="19.163219" lon="72.901693" /><node id="996408712" timestamp="2026-04-03T18:16:03Z" uid="1" user="OSMnx" version="1" changeset="1" lat="19.163138" lon="72.901575" /><node id="996408717" timestamp="2026-04-03T18:16:03Z" uid="1" user="OSMnx" version="1" changeset="1" lat="19.163036" lon="72.9015" /><node id="996408723" timestamp="2026-04-03T18:16:03Z" uid="1" user="OSMnx" version="1" changeset="1" lat="19.162976" lon="72.901393" /><node id="996408730" timestamp="2026-04-03T18:16:03Z" uid="1" user="OSMnx" version="1" changeset="1" lat="19.162976" lon="72.901275" /><node id="996408732" timestamp="2026-04-03T18:16:03Z" uid="1" user="OSMnx" version="1" changeset="1" lat="19.163047" lon="72.901168" /><node id="996408735" timestamp="2026-04-03T18:16:03Z" uid="1" user="OSMnx" version="1" changeset="1" lat="19.163128" lon="72.901093" /><node id="996408739" timestamp="2026-04-03T18:16:03Z" uid="1" user="OSMnx" version="1" changeset="1" lat="19.163219" lon="72.900985" /><node id="996408741" timestamp="2026-04-03T18:16:03Z" uid="1" user="OSMnx" version="1" changeset="1" lat="19.16332" lon="72.90091" /><node id="996408744" timestamp="2026-04-03T18:16:03Z" uid="1" user="OSMnx" version="1" changeset="1" lat="19.163401" lon="72.900824" /><node id="996408746" timestamp="2026-04-03T18:16:03Z" uid="1" user="OSMnx" version="1" changeset="1" lat="19.163452" lon="72.900728" /><node id="996408748" timestamp="2026-04-03T18:16:03Z" uid="1" user="OSMnx" version="1" changeset="1" lat="19.163543" lon="72.90062" /><node id="996408750" timestamp="2026-04-03T18:16:03Z" uid="1" user="OSMnx" version="1" changeset="1" lat="19.163584" lon="72.900545" /><node id="996408752" timestamp="2026-04-03T18:16:03Z" uid="1" user="OSMnx" version="1" changeset="1" lat="19.163726" lon="72.900449" /><node id="996408754" timestamp="2026-04-03T18:16:03Z" uid="1" user="OSMnx" version="1" changeset="1" lat="19.163796" lon="72.900363" /><node id="996408757" timestamp="2026-04-03T18:16:03Z" uid="1" user="OSMnx" version="1" changeset="1" lat="19.163878" lon="72.900309" /><node id="996408760" timestamp="2026-04-03T18:16:03Z" uid="1" user="OSMnx" version="1" changeset="1" lat="19.163979" lon="72.900202" /><node id="996408764" timestamp="2026-04-03T18:16:03Z" uid="1" user="OSMnx" version="1" changeset="1" lat="19.16406" lon="72.900138" /><node id="996408767" timestamp="2026-04-03T18:16:03Z" uid="1" user="OSMnx" version="1" changeset="1" lat="19.164151" lon="72.900106" /><node id="996408774" timestamp="2026-04-03T18:16:03Z" uid="1" user="OSMnx" version="1" changeset="1" lat="19.164242" lon="72.900095" /><node id="996408781" timestamp="2026-04-03T18:16:03Z" uid="1" user="OSMnx" version="1" changeset="1" lat="19.164334" lon="72.900084" /><node id="996408794" timestamp="2026-04-03T18:16:03Z" uid="1" user="OSMnx" version="1" changeset="1" lat="19.164415" lon="72.900084" /><node id="996408796" timestamp="2026-04-03T18:16:03Z" uid="1" user="OSMnx" version="1" changeset="1" lat="19.164506" lon="72.900063" /><node id="996408799" timestamp="2026-04-03T18:16:03Z" uid="1" user="OSMnx" version="1" changeset="1" lat="19.164597" lon="72.900041" /><node id="996408805" timestamp="2026-04-03T18:16:03Z" uid="1" user="OSMnx" version="1" changeset="1" lat="19.164719" lon="72.899966" /><node id="996408807" timestamp="2026-04-03T18:16:03Z" uid="1" user="OSMnx" version="1" changeset="1" lat="19.16481" lon="72.899848" /><node id="996408810" timestamp="2026-04-03T18:16:03Z" uid="1" user="OSMnx" version="1" changeset="1" lat="19.164911" lon="72.899762" /><node id="996408814" timestamp="2026-04-03T18:16:03Z" uid="1" user="OSMnx" version="1" changeset="1" lat="19.165053" lon="72.899644" /><node id="996408817" timestamp="2026-04-03T18:16:03Z" uid="1" user="OSMnx" version="1" changeset="1" lat="19.165144" lon="72.899569" /><node id="996408823" timestamp="2026-04-03T18:16:03Z" uid="1" user="OSMnx" version="1" changeset="1" lat="19.165352" lon="72.899444" /><node id="996408859" timestamp="2026-04-03T18:16:03Z" uid="1" user="OSMnx" version="1" changeset="1" lat="19.165879" lon="72.898859" /><node id="996408861" timestamp="2026-04-03T18:16:03Z" uid="1" user="OSMnx" version="1" changeset="1" lat="19.165955" lon="72.898657" /><node id="996408864" timestamp="2026-04-03T18:16:03Z" uid="1" user="OSMnx" version="1" changeset="1" lat="19.165955" lon="72.898582" /><node id="996408867" timestamp="2026-04-03T18:16:03Z" uid="1" user="OSMnx" version="1" changeset="1" lat="19.165935" lon="72.898443" /><node id="996408880" timestamp="2026-04-03T18:16:03Z" uid="1" user="OSMnx" version="1" changeset="1" lat="19.165904" lon="72.898357" /><node id="996408892" timestamp="2026-04-03T18:16:03Z" uid="1" user="OSMnx" version="1" changeset="1" lat="19.165834" lon="72.898174" /><node id="996408901" timestamp="2026-04-03T18:16:03Z" uid="1" user="OSMnx" version="1" changeset="1" lat="19.165732" lon="72.897981" /><node id="996408905" timestamp="2026-04-03T18:16:03Z" uid="1" user="OSMnx" version="1" changeset="1" lat="19.165712" lon="72.897885" /><node id="996408910" timestamp="2026-04-03T18:16:03Z" uid="1" user="OSMnx" version="1" changeset="1" lat="19.165671" lon="72.897777" /><node id="996408915" timestamp="2026-04-03T18:16:03Z" uid="1" user="OSMnx" version="1" changeset="1" lat="19.16559" lon="72.89767" /><node id="996408920" timestamp="2026-04-03T18:16:03Z" uid="1" user="OSMnx" version="1" changeset="1" lat="19.165509" lon="72.89752" /><node id="996408926" timestamp="2026-04-03T18:16:03Z" uid="1" user="OSMnx" version="1" changeset="1" lat="19.165458" lon="72.897434" /><node id="996408933" timestamp="2026-04-03T18:16:03Z" uid="1" user="OSMnx" version="1" changeset="1" lat="19.165388" lon="72.89737" /><node id="996408940" timestamp="2026-04-03T18:16:03Z" uid="1" user="OSMnx" version="1" changeset="1" lat="19.165317" lon="72.897295" /><node id="996408945" timestamp="2026-04-03T18:16:03Z" uid="1" user="OSMnx" version="1" changeset="1" lat="19.165226" lon="72.897252" /><node id="996408953" timestamp="2026-04-03T18:16:03Z" uid="1" user="OSMnx" version="1" changeset="1" lat="19.165124" lon="72.897176" /><node id="996408962" timestamp="2026-04-03T18:16:03Z" uid="1" user="OSMnx" version="1" changeset="1" lat="19.164982" lon="72.897016" /><node id="996408969" timestamp="2026-04-03T18:16:03Z" uid="1" user="OSMnx" version="1" changeset="1" lat="19.164972" lon="72.896908" /><node id="996409030" timestamp="2026-04-03T18:16:03Z" uid="1" user="OSMnx" version="1" changeset="1" lat="19.16485" lon="72.895664" /><node id="996409034" timestamp="2026-04-03T18:16:03Z" uid="1" user="OSMnx" version="1" changeset="1" lat="19.16485" lon="72.895556" /><node id="996409036" timestamp="2026-04-03T18:16:03Z" uid="1" user="OSMnx" version="1" changeset="1" lat="19.16485" lon="72.895385" /><node id="996409037" timestamp="2026-04-03T18:16:03Z" uid="1" user="OSMnx" version="1" changeset="1" lat="19.164861" lon="72.895256" /><node id="996409038" timestamp="2026-04-03T18:16:03Z" uid="1" user="OSMnx" version="1" changeset="1" lat="19.164861" lon="72.895127" /><node id="996409040" timestamp="2026-04-03T18:16:03Z" uid="1" user="OSMnx" version="1" changeset="1" lat="19.164891" lon="72.895042" /><node id="996409061" timestamp="2026-04-03T18:16:03Z" uid="1" user="OSMnx" version="1" changeset="1" lat="19.164757" lon="72.894293" /><node id="996409065" timestamp="2026-04-03T18:16:03Z" uid="1" user="OSMnx" version="1" changeset="1" lat="19.164676" lon="72.894076" /><node id="996409097" timestamp="2026-04-03T18:16:03Z" uid="1" user="OSMnx" version="1" changeset="1" lat="19.164486" lon="72.893969" /><node id="996409100" timestamp="2026-04-03T18:16:03Z" uid="1" user="OSMnx" version="1" changeset="1" lat="19.164334" lon="72.893947" /><node id="996409103" timestamp="2026-04-03T18:16:03Z" uid="1" user="OSMnx" version="1" changeset="1" lat="19.164232" lon="72.893936" /><node id="996409107" timestamp="2026-04-03T18:16:03Z" uid="1" user="OSMnx" version="1" changeset="1" lat="19.164141" lon="72.893883" /><node id="996409111" timestamp="2026-04-03T18:16:03Z" uid="1" user="OSMnx" version="1" changeset="1" lat="19.16407" lon="72.893797" /><node id="996409113" timestamp="2026-04-03T18:16:03Z" uid="1" user="OSMnx" version="1" changeset="1" lat="19.164009" lon="72.893711" /><node id="996409117" timestamp="2026-04-03T18:16:03Z" uid="1" user="OSMnx" version="1" changeset="1" lat="19.163918" lon="72.893679" /><node id="997643340" timestamp="2026-04-03T18:16:03Z" uid="1" user="OSMnx" version="1" changeset="1" lat="19.231501" lon="72.86386" /><node id="997643354" timestamp="2026-04-03T18:16:03Z" uid="1" user="OSMnx" version="1" changeset="1" lat="19.231512" lon="72.864182" /><node id="997643356" timestamp="2026-04-03T18:16:03Z" uid="1" user="OSMnx" version="1" changeset="1" lat="19.231508" lon="72.864408" /><node id="997643358" timestamp="2026-04-03T18:16:03Z" uid="1" user="OSMnx" version="1" changeset="1" lat="19.231488" lon="72.864507" /><node id="997643360" timestamp="2026-04-03T18:16:03Z" uid="1" user="OSMnx" version="1" changeset="1" lat="19.231452" lon="72.864604" /><node id="997643361" timestamp="2026-04-03T18:16:03Z" uid="1" user="OSMnx" version="1" changeset="1" lat="19.231351" lon="72.864636" /><node id="997643362" timestamp="2026-04-03T18:16:03Z" uid="1" user="OSMnx" version="1" changeset="1" lat="19.23124" lon="72.864636" /><node id="997643363" timestamp="2026-04-03T18:16:03Z" uid="1" user="OSMnx" version="1" changeset="1" lat="19.231068" lon="72.864711" /><node id="997643367" timestamp="2026-04-03T18:16:03Z" uid="1" user="OSMnx" version="1" changeset="1" lat="19.230875" lon="72.864829" /><node id="997643368" timestamp="2026-04-03T18:16:03Z" uid="1" user="OSMnx" version="1" changeset="1" lat="19.230723" lon="72.865054" /><node id="997643369" timestamp="2026-04-03T18:16:03Z" uid="1" user="OSMnx" version="1" changeset="1" lat="19.230541" lon="72.865301" /><node id="997643371" timestamp="2026-04-03T18:16:03Z" uid="1" user="OSMnx" version="1" changeset="1" lat="19.230389" lon="72.865558" /><node id="997643373" timestamp="2026-04-03T18:16:03Z" uid="1" user="OSMnx" version="1" changeset="1" lat="19.230277" lon="72.865827" /><node id="997643378" timestamp="2026-04-03T18:16:03Z" uid="1" user="OSMnx" version="1" changeset="1" lat="19.230196" lon="72.866106" /><node id="997643380" timestamp="2026-04-03T18:16:03Z" uid="1" user="OSMnx" version="1" changeset="1" lat="19.230115" lon="72.866395" /><node id="997643382" timestamp="2026-04-03T18:16:03Z" uid="1" user="OSMnx" version="1" changeset="1" lat="19.230044" lon="72.866674" /><node id="997643385" timestamp="2026-04-03T18:16:03Z" uid="1" user="OSMnx" version="1" changeset="1" lat="19.229953" lon="72.866975" /><node id="997643386" timestamp="2026-04-03T18:16:03Z" uid="1" user="OSMnx" version="1" changeset="1" lat="19.229811" lon="72.867178" /><node id="997643387" timestamp="2026-04-03T18:16:03Z" uid="1" user="OSMnx" version="1" changeset="1" lat="19.229629" lon="72.867329" /><node id="997643388" timestamp="2026-04-03T18:16:03Z" uid="1" user="OSMnx" version="1" changeset="1" lat="19.229345" lon="72.867436" /><node id="997643390" timestamp="2026-04-03T18:16:03Z" uid="1" user="OSMnx" version="1" changeset="1" lat="19.228849" lon="72.867522" /><node id="997643392" timestamp="2026-04-03T18:16:03Z" uid="1" user="OSMnx" version="1" changeset="1" lat="19.228565" lon="72.867575" /><node id="997643393" timestamp="2026-04-03T18:16:03Z" uid="1" user="OSMnx" version="1" changeset="1" lat="19.228393" lon="72.86765" /><node id="997643395" timestamp="2026-04-03T18:16:03Z" uid="1" user="OSMnx" version="1" changeset="1" lat="19.22818" lon="72.867747" /><node id="997643399" timestamp="2026-04-03T18:16:03Z" uid="1" user="OSMnx" version="1" changeset="1" lat="19.227826" lon="72.867886" /><node id="997643402" timestamp="2026-04-03T18:16:03Z" uid="1" user="OSMnx" version="1" changeset="1" lat="19.227431" lon="72.868101" /><node id="997643404" timestamp="2026-04-03T18:16:03Z" uid="1" user="OSMnx" version="1" changeset="1" lat="19.227026" lon="72.868369" /><node id="997643406" timestamp="2026-04-03T18:16:03Z" uid="1" user="OSMnx" version="1" changeset="1" lat="19.226793" lon="72.86852" /><node id="997643412" timestamp="2026-04-03T18:16:03Z" uid="1" user="OSMnx" version="1" changeset="1" lat="19.226458" lon="72.868702" /><node id="997643413" timestamp="2026-04-03T18:16:03Z" uid="1" user="OSMnx" version="1" changeset="1" lat="19.226266" lon="72.868841" /><node id="997643414" timestamp="2026-04-03T18:16:03Z" uid="1" user="OSMnx" version="1" changeset="1" lat="19.226134" lon="72.869034" /><node id="997643417" timestamp="2026-04-03T18:16:03Z" uid="1" user="OSMnx" version="1" changeset="1" lat="19.225992" lon="72.869228" /><node id="997643419" timestamp="2026-04-03T18:16:03Z" uid="1" user="OSMnx" version="1" changeset="1" lat="19.22582" lon="72.869442" /><node id="997643423" timestamp="2026-04-03T18:16:03Z" uid="1" user="OSMnx" version="1" changeset="1" lat="19.225628" lon="72.869646" /><node id="997643426" timestamp="2026-04-03T18:16:03Z" uid="1" user="OSMnx" version="1" changeset="1" lat="19.225395" lon="72.869796" /><node id="997643428" timestamp="2026-04-03T18:16:03Z" uid="1" user="OSMnx" version="1" changeset="1" lat="19.225152" lon="72.869861" /><node id="997643431" timestamp="2026-04-03T18:16:03Z" uid="1" user="OSMnx" version="1" changeset="1" lat="19.224888" lon="72.869925" /><node id="997643432" timestamp="2026-04-03T18:16:03Z" uid="1" user="OSMnx" version="1" changeset="1" lat="19.224584" lon="72.869979" /><node id="997643433" timestamp="2026-04-03T18:16:03Z" uid="1" user="OSMnx" version="1" changeset="1" lat="19.224392" lon="72.870032" /><node id="997643436" timestamp="2026-04-03T18:16:03Z" uid="1" user="OSMnx" version="1" changeset="1" lat="19.22422" lon="72.870064" /><node id="997643437" timestamp="2026-04-03T18:16:03Z" uid="1" user="OSMnx" version="1" changeset="1" lat="19.223936" lon="72.87015" /><node id="997643438" timestamp="2026-04-03T18:16:03Z" uid="1" user="OSMnx" version="1" changeset="1" lat="19.223642" lon="72.870311" /><node id="997643440" timestamp="2026-04-03T18:16:03Z" uid="1" user="OSMnx" version="1" changeset="1" lat="19.223419" lon="72.870547" /><node id="997643441" timestamp="2026-04-03T18:16:03Z" uid="1" user="OSMnx" version="1" changeset="1" lat="19.223227" lon="72.870805" /><node id="997643444" timestamp="2026-04-03T18:16:03Z" uid="1" user="OSMnx" version="1" changeset="1" lat="19.223136" lon="72.871084" /><node id="997661052" timestamp="2026-04-03T18:16:03Z" uid="1" user="OSMnx" version="1" changeset="1" lat="19.225192" lon="72.883819" /><node id="997661059" timestamp="2026-04-03T18:16:03Z" uid="1" user="OSMnx" version="1" changeset="1" lat="19.210969" lon="72.891812" /><node id="997661060" timestamp="2026-04-03T18:16:03Z" uid="1" user="OSMnx" version="1" changeset="1" lat="19.210988" lon="72.891479" /><node id="997661063" timestamp="2026-04-03T18:16:03Z" uid="1" user="OSMnx" version="1" changeset="1" lat="19.21188" lon="72.890063" /><node id="997661065" timestamp="2026-04-03T18:16:03Z" uid="1" user="OSMnx" version="1" changeset="1" lat="19.21407" lon="72.889623" /><node id="997661067" timestamp="2026-04-03T18:16:03Z" uid="1" user="OSMnx" version="1" changeset="1" lat="19.222933" lon="72.885503" /><node id="997661069" timestamp="2026-04-03T18:16:03Z" uid="1" user="OSMnx" version="1" changeset="1" lat="19.224159" lon="72.884742" /><node id="997672409" timestamp="2026-04-03T18:16:03Z" uid="1" user="OSMnx" version="1" changeset="1" lat="19.215575" lon="72.879269" /><node id="997672417" timestamp="2026-04-03T18:16:03Z" uid="1" user="OSMnx" version="1" changeset="1" lat="19.215694" lon="72.879454" /><node id="997672419" timestamp="2026-04-03T18:16:03Z" uid="1" user="OSMnx" version="1" changeset="1" lat="19.215996" lon="72.879943" /><node id="997672421" timestamp="2026-04-03T18:16:03Z" uid="1" user="OSMnx" version="1" changeset="1" lat="19.216176" lon="72.88015" /><node id="997672426" timestamp="2026-04-03T18:16:03Z" uid="1" user="OSMnx" version="1" changeset="1" lat="19.216863" lon="72.880277" /><node id="997672428" timestamp="2026-04-03T18:16:03Z" uid="1" user="OSMnx" version="1" changeset="1" lat="19.217153" lon="72.880206" /><node id="997672431" timestamp="2026-04-03T18:16:03Z" uid="1" user="OSMnx" version="1" changeset="1" lat="19.217381" lon="72.880079" /><node id="997672435" timestamp="2026-04-03T18:16:03Z" uid="1" user="OSMnx" version="1" changeset="1" lat="19.217881" lon="72.879465" /><node id="997672437" timestamp="2026-04-03T18:16:03Z" uid="1" user="OSMnx" version="1" changeset="1" lat="19.218204" lon="72.879352" /><node id="997672448" timestamp="2026-04-03T18:16:03Z" uid="1" user="OSMnx" version="1" changeset="1" lat="19.219875" lon="72.879761" /><node id="997672456" timestamp="2026-04-03T18:16:03Z" uid="1" user="OSMnx" version="1" changeset="1" lat="19.220633" lon="72.880064" /><node id="997672458" timestamp="2026-04-03T18:16:03Z" uid="1" user="OSMnx" version="1" changeset="1" lat="19.220856" lon="72.880042" /><node id="997672463" timestamp="2026-04-03T18:16:03Z" uid="1" user="OSMnx" version="1" changeset="1" lat="19.221841" lon="72.879835" /><node id="997672465" timestamp="2026-04-03T18:16:03Z" uid="1" user="OSMnx" version="1" changeset="1" lat="19.222538" lon="72.879828" /><node id="997672475" timestamp="2026-04-03T18:16:03Z" uid="1" user="OSMnx" version="1" changeset="1" lat="19.223389" lon="72.880128" /><node id="997672477" timestamp="2026-04-03T18:16:03Z" uid="1" user="OSMnx" version="1" changeset="1" lat="19.223571" lon="72.880128" /><node id="997680729" timestamp="2026-04-03T18:16:03Z" uid="1" user="OSMnx" version="1" changeset="1" lat="19.22311" lon="72.871437" /><node id="997728109" timestamp="2026-04-03T18:16:03Z" uid="1" user="OSMnx" version="1" changeset="1" lat="19.226368" lon="72.868767" /><node id="1074577265" timestamp="2026-04-03T18:16:03Z" uid="1" user="OSMnx" version="1" changeset="1" lat="19.22885" lon="72.869976" /><node id="1074577279" timestamp="2026-04-03T18:16:03Z" uid="1" user="OSMnx" version="1" changeset="1" lat="19.227807" lon="72.873101" /><node id="1074577294" timestamp="2026-04-03T18:16:03Z" uid="1" user="OSMnx" version="1" changeset="1" lat="19.228663" lon="72.869509" /><node id="1074577305" timestamp="2026-04-03T18:16:03Z" uid="1" user="OSMnx" version="1" changeset="1" lat="19.228662" lon="72.86971" /><node id="1074578468" timestamp="2026-04-03T18:16:03Z" uid="1" user="OSMnx" version="1" changeset="1" lat="19.22907" lon="72.873176" /><node id="1074578470" timestamp="2026-04-03T18:16:03Z" uid="1" user="OSMnx" version="1" changeset="1" lat="19.232234" lon="72.874667" /><node id="1074578471" timestamp="2026-04-03T18:16:03Z" uid="1" user="OSMnx" version="1" changeset="1" lat="19.233422" lon="72.876139" /><node id="1074578473" timestamp="2026-04-03T18:16:03Z" uid="1" user="OSMnx" version="1" changeset="1" lat="19.229873" lon="72.874587" /><node id="1074578475" timestamp="2026-04-03T18:16:03Z" uid="1" user="OSMnx" version="1" changeset="1" lat="19.229404" lon="72.872858" /><node id="1074578478" timestamp="2026-04-03T18:16:03Z" uid="1" user="OSMnx" version="1" changeset="1" lat="19.233389" lon="72.875796" /><node id="1074578479" timestamp="2026-04-03T18:16:03Z" uid="1" user="OSMnx" version="1" changeset="1" lat="19.229434" lon="72.874106" /><node id="1074578480" timestamp="2026-04-03T18:16:03Z" uid="1" user="OSMnx" version="1" changeset="1" lat="19.237317" lon="72.879734" /><node id="1074578481" timestamp="2026-04-03T18:16:03Z" uid="1" user="OSMnx" version="1" changeset="1" lat="19.231493" lon="72.874603" /><node id="1074578482" timestamp="2026-04-03T18:16:03Z" uid="1" user="OSMnx" version="1" changeset="1" lat="19.23332" lon="72.875555" /><node id="1074578484" timestamp="2026-04-03T18:16:03Z" uid="1" user="OSMnx" version="1" changeset="1" lat="19.233187" lon="72.875242" /><node id="1074578486" timestamp="2026-04-03T18:16:03Z" uid="1" user="OSMnx" version="1" changeset="1" lat="19.230675" lon="72.874796" /><node id="1074578488" timestamp="2026-04-03T18:16:03Z" uid="1" user="OSMnx" version="1" changeset="1" lat="19.233609" lon="72.877083" /><node id="2224745313" timestamp="2026-04-03T18:16:03Z" uid="1" user="OSMnx" version="1" changeset="1" lat="19.182382" lon="72.914093" /><node id="2224745315" timestamp="2026-04-03T18:16:03Z" uid="1" user="OSMnx" version="1" changeset="1" lat="19.182449" lon="72.913993" /><node id="2224745317" timestamp="2026-04-03T18:16:03Z" uid="1" user="OSMnx" version="1" changeset="1" lat="19.182511" lon="72.913885" /><node id="2224745319" timestamp="2026-04-03T18:16:03Z" uid="1" user="OSMnx" version="1" changeset="1" lat="19.182602" lon="72.913786" /><node id="2224745321" timestamp="2026-04-03T18:16:03Z" uid="1" user="OSMnx" version="1" changeset="1" lat="19.1828" lon="72.913708" /><node id="2224745322" timestamp="2026-04-03T18:16:03Z" uid="1" user="OSMnx" version="1" changeset="1" lat="19.182812" lon="72.919751" /><node id="2224745323" timestamp="2026-04-03T18:16:03Z" uid="1" user="OSMnx" version="1" changeset="1" lat="19.18295" lon="72.913658" /><node id="2224745327" timestamp="2026-04-03T18:16:03Z" uid="1" user="OSMnx" version="1" changeset="1" lat="19.183028" lon="72.920229" /><node id="2224745328" timestamp="2026-04-03T18:16:03Z" uid="1" user="OSMnx" version="1" changeset="1" lat="19.183066" lon="72.913663" /><node id="2224745329" timestamp="2026-04-03T18:16:03Z" uid="1" user="OSMnx" version="1" changeset="1" lat="19.183216" lon="72.920509" /><node id="2224745330" timestamp="2026-04-03T18:16:03Z" uid="1" user="OSMnx" version="1" changeset="1" lat="19.183316" lon="72.913737" /><node id="2224745331" timestamp="2026-04-03T18:16:03Z" uid="1" user="OSMnx" version="1" changeset="1" lat="19.183399" lon="72.913734" /><node id="2224745332" timestamp="2026-04-03T18:16:03Z" uid="1" user="OSMnx" version="1" changeset="1" lat="19.183459" lon="72.913689" /><node id="2224745333" timestamp="2026-04-03T18:16:03Z" uid="1" user="OSMnx" version="1" changeset="1" lat="19.183541" lon="72.920733" /><node id="2224745334" timestamp="2026-04-03T18:16:03Z" uid="1" user="OSMnx" version="1" changeset="1" lat="19.183628" lon="72.913384" /><node id="2224745335" timestamp="2026-04-03T18:16:03Z" uid="1" user="OSMnx" version="1" changeset="1" lat="19.183649" lon="72.920796" /><node id="2224745336" timestamp="2026-04-03T18:16:03Z" uid="1" user="OSMnx" version="1" changeset="1" lat="19.183745" lon="72.913189" /><node id="2224745337" timestamp="2026-04-03T18:16:03Z" uid="1" user="OSMnx" version="1" changeset="1" lat="19.183767" lon="72.920829" /><node id="2224745338" timestamp="2026-04-03T18:16:03Z" uid="1" user="OSMnx" version="1" changeset="1" lat="19.183795" lon="72.913149" /><node id="2224745339" timestamp="2026-04-03T18:16:03Z" uid="1" user="OSMnx" version="1" changeset="1" lat="19.183841" lon="72.920828" /><node id="2224745340" timestamp="2026-04-03T18:16:03Z" uid="1" user="OSMnx" version="1" changeset="1" lat="19.183878" lon="72.913134" /><node id="2224745341" timestamp="2026-04-03T18:16:03Z" uid="1" user="OSMnx" version="1" changeset="1" lat="19.183913" lon="72.920809" /><node id="2224745342" timestamp="2026-04-03T18:16:03Z" uid="1" user="OSMnx" version="1" changeset="1" lat="19.18401" lon="72.920733" /><node id="2224745343" timestamp="2026-04-03T18:16:03Z" uid="1" user="OSMnx" version="1" changeset="1" lat="19.184085" lon="72.913098" /><node id="2224745344" timestamp="2026-04-03T18:16:03Z" uid="1" user="OSMnx" version="1" changeset="1" lat="19.184198" lon="72.920608" /><node id="2224745345" timestamp="2026-04-03T18:16:03Z" uid="1" user="OSMnx" version="1" changeset="1" lat="19.184345" lon="72.920548" /><node id="2224745346" timestamp="2026-04-03T18:16:03Z" uid="1" user="OSMnx" version="1" changeset="1" lat="19.184443" lon="72.913083" /><node id="2224745347" timestamp="2026-04-03T18:16:03Z" uid="1" user="OSMnx" version="1" changeset="1" lat="19.184519" lon="72.913048" /><node id="2224745348" timestamp="2026-04-03T18:16:03Z" uid="1" user="OSMnx" version="1" changeset="1" lat="19.184656" lon="72.920452" /><node id="2224745349" timestamp="2026-04-03T18:16:03Z" uid="1" user="OSMnx" version="1" changeset="1" lat="19.184683" lon="72.912738" /><node id="2224745350" timestamp="2026-04-03T18:16:03Z" uid="1" user="OSMnx" version="1" changeset="1" lat="19.184805" lon="72.920411" /><node id="2224745352" timestamp="2026-04-03T18:16:03Z" uid="1" user="OSMnx" version="1" changeset="1" lat="19.18484" lon="72.91239" /><node id="2224745355" timestamp="2026-04-03T18:16:03Z" uid="1" user="OSMnx" version="1" changeset="1" lat="19.184898" lon="72.920404" /><node id="2224745357" timestamp="2026-04-03T18:16:03Z" uid="1" user="OSMnx" version="1" changeset="1" lat="19.184912" lon="72.912266" /><node id="2224745359" timestamp="2026-04-03T18:16:03Z" uid="1" user="OSMnx" version="1" changeset="1" lat="19.184969" lon="72.912211" /><node id="2224745360" timestamp="2026-04-03T18:16:03Z" uid="1" user="OSMnx" version="1" changeset="1" lat="19.185062" lon="72.912168" /><node id="2224745363" timestamp="2026-04-03T18:16:03Z" uid="1" user="OSMnx" version="1" changeset="1" lat="19.185149" lon="72.920428" /><node id="2224745366" timestamp="2026-04-03T18:16:03Z" uid="1" user="OSMnx" version="1" changeset="1" lat="19.185261" lon="72.920446" /><node id="2224745369" timestamp="2026-04-03T18:16:03Z" uid="1" user="OSMnx" version="1" changeset="1" lat="19.185363" lon="72.920478" /><node id="2224745371" timestamp="2026-04-03T18:16:03Z" uid="1" user="OSMnx" version="1" changeset="1" lat="19.185492" lon="72.920546" /><node id="2224745375" timestamp="2026-04-03T18:16:03Z" uid="1" user="OSMnx" version="1" changeset="1" lat="19.185586" lon="72.915818" /><node id="2224745377" timestamp="2026-04-03T18:16:03Z" uid="1" user="OSMnx" version="1" changeset="1" lat="19.185612" lon="72.91215" /><node id="2224745379" timestamp="2026-04-03T18:16:03Z" uid="1" user="OSMnx" version="1" changeset="1" lat="19.185763" lon="72.915803" /><node id="2224745380" timestamp="2026-04-03T18:16:03Z" uid="1" user="OSMnx" version="1" changeset="1" lat="19.185765" lon="72.912122" /><node id="2224745382" timestamp="2026-04-03T18:16:03Z" uid="1" user="OSMnx" version="1" changeset="1" lat="19.185798" lon="72.920723" /><node id="2224745384" timestamp="2026-04-03T18:16:03Z" uid="1" user="OSMnx" version="1" changeset="1" lat="19.185827" lon="72.915745" /><node id="2224745386" timestamp="2026-04-03T18:16:03Z" uid="1" user="OSMnx" version="1" changeset="1" lat="19.185888" lon="72.920767" /><node id="2224745387" timestamp="2026-04-03T18:16:03Z" uid="1" user="OSMnx" version="1" changeset="1" lat="19.185894" lon="72.915597" /><node id="2224745389" timestamp="2026-04-03T18:16:03Z" uid="1" user="OSMnx" version="1" changeset="1" lat="19.185948" lon="72.915526" /><node id="2224745391" timestamp="2026-04-03T18:16:03Z" uid="1" user="OSMnx" version="1" changeset="1" lat="19.185957" lon="72.920763" /><node id="2224745392" timestamp="2026-04-03T18:16:03Z" uid="1" user="OSMnx" version="1" changeset="1" lat="19.18601" lon="72.912021" /><node id="2224745394" timestamp="2026-04-03T18:16:03Z" uid="1" user="OSMnx" version="1" changeset="1" lat="19.186012" lon="72.915471" /><node id="2224745396" timestamp="2026-04-03T18:16:03Z" uid="1" user="OSMnx" version="1" changeset="1" lat="19.186065" lon="72.91542" /><node id="2224745398" timestamp="2026-04-03T18:16:03Z" uid="1" user="OSMnx" version="1" changeset="1" lat="19.186077" lon="72.920713" /><node id="2224745399" timestamp="2026-04-03T18:16:03Z" uid="1" user="OSMnx" version="1" changeset="1" lat="19.186078" lon="72.919438" /><node id="2224745401" timestamp="2026-04-03T18:16:03Z" uid="1" user="OSMnx" version="1" changeset="1" lat="19.186094" lon="72.91975" /><node id="2224745403" timestamp="2026-04-03T18:16:03Z" uid="1" user="OSMnx" version="1" changeset="1" lat="19.186098" lon="72.915413" /><node id="2224745404" timestamp="2026-04-03T18:16:03Z" uid="1" user="OSMnx" version="1" changeset="1" lat="19.186101" lon="72.917933" /><node id="2224745405" timestamp="2026-04-03T18:16:03Z" uid="1" user="OSMnx" version="1" changeset="1" lat="19.186115" lon="72.917227" /><node id="2224745406" timestamp="2026-04-03T18:16:03Z" uid="1" user="OSMnx" version="1" changeset="1" lat="19.18612" lon="72.919985" /><node id="2224745407" timestamp="2026-04-03T18:16:03Z" uid="1" user="OSMnx" version="1" changeset="1" lat="19.18612" lon="72.917148" /><node id="2224745408" timestamp="2026-04-03T18:16:03Z" uid="1" user="OSMnx" version="1" changeset="1" lat="19.186128" lon="72.920665" /><node id="2224745409" timestamp="2026-04-03T18:16:03Z" uid="1" user="OSMnx" version="1" changeset="1" lat="19.186128" lon="72.915421" /><node id="2224745411" timestamp="2026-04-03T18:16:03Z" uid="1" user="OSMnx" version="1" changeset="1" lat="19.186154" lon="72.920594" /><node id="2224745413" timestamp="2026-04-03T18:16:03Z" uid="1" user="OSMnx" version="1" changeset="1" lat="19.186156" lon="72.915442" /><node id="2224745414" timestamp="2026-04-03T18:16:03Z" uid="1" user="OSMnx" version="1" changeset="1" lat="19.186159" lon="72.92042" /><node id="2224745416" timestamp="2026-04-03T18:16:03Z" uid="1" user="OSMnx" version="1" changeset="1" lat="19.186164" lon="72.920525" /><node id="2224745418" timestamp="2026-04-03T18:16:03Z" uid="1" user="OSMnx" version="1" changeset="1" lat="19.186168" lon="72.917001" /><node id="2224745419" timestamp="2026-04-03T18:16:03Z" uid="1" user="OSMnx" version="1" changeset="1" lat="19.186215" lon="72.916891" /><node id="2224745420" timestamp="2026-04-03T18:16:03Z" uid="1" user="OSMnx" version="1" changeset="1" lat="19.186274" lon="72.915601" /><node id="2224745421" timestamp="2026-04-03T18:16:03Z" uid="1" user="OSMnx" version="1" changeset="1" lat="19.186359" lon="72.916571" /><node id="2224745422" timestamp="2026-04-03T18:16:03Z" uid="1" user="OSMnx" version="1" changeset="1" lat="19.186375" lon="72.911837" /><node id="2224745429" timestamp="2026-04-03T18:16:03Z" uid="1" user="OSMnx" version="1" changeset="1" lat="19.186416" lon="72.915856" /><node id="2224745431" timestamp="2026-04-03T18:16:03Z" uid="1" user="OSMnx" version="1" changeset="1" lat="19.186477" lon="72.916328" /><node id="2224745433" timestamp="2026-04-03T18:16:03Z" uid="1" user="OSMnx" version="1" changeset="1" lat="19.186482" lon="72.916035" /><node id="2224745434" timestamp="2026-04-03T18:16:03Z" uid="1" user="OSMnx" version="1" changeset="1" lat="19.186495" lon="72.916263" /><node id="2224745435" timestamp="2026-04-03T18:16:03Z" uid="1" user="OSMnx" version="1" changeset="1" lat="19.1865" lon="72.916181" /><node id="2224745436" timestamp="2026-04-03T18:16:03Z" uid="1" user="OSMnx" version="1" changeset="1" lat="19.186899" lon="72.911613" /><node id="2224745438" timestamp="2026-04-03T18:16:03Z" uid="1" user="OSMnx" version="1" changeset="1" lat="19.187418" lon="72.911477" /><node id="2224745440" timestamp="2026-04-03T18:16:03Z" uid="1" user="OSMnx" version="1" changeset="1" lat="19.188221" lon="72.911424" /><node id="2224745442" timestamp="2026-04-03T18:16:03Z" uid="1" user="OSMnx" version="1" changeset="1" lat="19.188304" lon="72.911459" /><node id="2224745443" timestamp="2026-04-03T18:16:03Z" uid="1" user="OSMnx" version="1" changeset="1" lat="19.188642" lon="72.911815" /><node id="2224745445" timestamp="2026-04-03T18:16:03Z" uid="1" user="OSMnx" version="1" changeset="1" lat="19.188719" lon="72.911868" /><node id="2224745447" timestamp="2026-04-03T18:16:03Z" uid="1" user="OSMnx" version="1" changeset="1" lat="19.18879" lon="72.911858" /><node id="2224745449" timestamp="2026-04-03T18:16:03Z" uid="1" user="OSMnx" version="1" changeset="1" lat="19.18885" lon="72.911787" /><node id="2224745451" timestamp="2026-04-03T18:16:03Z" uid="1" user="OSMnx" version="1" changeset="1" lat="19.189028" lon="72.9115" /><node id="2224745453" timestamp="2026-04-03T18:16:03Z" uid="1" user="OSMnx" version="1" changeset="1" lat="19.189057" lon="72.911449" /><node id="2224745454" timestamp="2026-04-03T18:16:03Z" uid="1" user="OSMnx" version="1" changeset="1" lat="19.189288" lon="72.911424" /><node id="2224745455" timestamp="2026-04-03T18:16:03Z" uid="1" user="OSMnx" version="1" changeset="1" lat="19.189826" lon="72.911396" /><node id="2224745456" timestamp="2026-04-03T18:16:03Z" uid="1" user="OSMnx" version="1" changeset="1" lat="19.190057" lon="72.911386" /><node id="2224745458" timestamp="2026-04-03T18:16:03Z" uid="1" user="OSMnx" version="1" changeset="1" lat="19.190303" lon="72.911453" /><node id="2224745460" timestamp="2026-04-03T18:16:03Z" uid="1" user="OSMnx" version="1" changeset="1" lat="19.191139" lon="72.911778" /><node id="2224745462" timestamp="2026-04-03T18:16:03Z" uid="1" user="OSMnx" version="1" changeset="1" lat="19.192627" lon="72.912441" /><node id="2224745465" timestamp="2026-04-03T18:16:03Z" uid="1" user="OSMnx" version="1" changeset="1" lat="19.192763" lon="72.912471" /><node id="2224745467" timestamp="2026-04-03T18:16:03Z" uid="1" user="OSMnx" version="1" changeset="1" lat="19.192885" lon="72.91245" /><node id="2224745469" timestamp="2026-04-03T18:16:03Z" uid="1" user="OSMnx" version="1" changeset="1" lat="19.19296" lon="72.912409" /><node id="2224745471" timestamp="2026-04-03T18:16:03Z" uid="1" user="OSMnx" version="1" changeset="1" lat="19.193019" lon="72.911575" /><node id="2224745472" timestamp="2026-04-03T18:16:03Z" uid="1" user="OSMnx" version="1" changeset="1" lat="19.19302" lon="72.912334" /><node id="2224745473" timestamp="2026-04-03T18:16:03Z" uid="1" user="OSMnx" version="1" changeset="1" lat="19.193026" lon="72.911728" /><node id="2224745474" timestamp="2026-04-03T18:16:03Z" uid="1" user="OSMnx" version="1" changeset="1" lat="19.193028" lon="72.911885" /><node id="2224745476" timestamp="2026-04-03T18:16:03Z" uid="1" user="OSMnx" version="1" changeset="1" lat="19.193031" lon="72.911391" /><node id="2224745478" timestamp="2026-04-03T18:16:03Z" uid="1" user="OSMnx" version="1" changeset="1" lat="19.19304" lon="72.912188" /><node id="2224745480" timestamp="2026-04-03T18:16:03Z" uid="1" user="OSMnx" version="1" changeset="1" lat="19.193085" lon="72.911294" /><node id="2224745483" timestamp="2026-04-03T18:16:03Z" uid="1" user="OSMnx" version="1" changeset="1" lat="19.193193" lon="72.911234" /><node id="2224745491" timestamp="2026-04-03T18:16:03Z" uid="1" user="OSMnx" version="1" changeset="1" lat="19.193291" lon="72.910717" /><node id="2224745492" timestamp="2026-04-03T18:16:03Z" uid="1" user="OSMnx" version="1" changeset="1" lat="19.193304" lon="72.91062" /><node id="2224745493" timestamp="2026-04-03T18:16:03Z" uid="1" user="OSMnx" version="1" changeset="1" lat="19.193341" lon="72.910799" /><node id="2224745494" timestamp="2026-04-03T18:16:03Z" uid="1" user="OSMnx" version="1" changeset="1" lat="19.1933" lon="72.910184" /><node id="2224745495" timestamp="2026-04-03T18:16:03Z" uid="1" user="OSMnx" version="1" changeset="1" lat="19.193523" lon="72.909454" /><node id="2224745497" timestamp="2026-04-03T18:16:03Z" uid="1" user="OSMnx" version="1" changeset="1" lat="19.19353" lon="72.910948" /><node id="2224745499" timestamp="2026-04-03T18:16:03Z" uid="1" user="OSMnx" version="1" changeset="1" lat="19.19353" lon="72.911123" /><node id="2224745501" timestamp="2026-04-03T18:16:03Z" uid="1" user="OSMnx" version="1" changeset="1" lat="19.193574" lon="72.911016" /><node id="2224745503" timestamp="2026-04-03T18:16:03Z" uid="1" user="OSMnx" version="1" changeset="1" lat="19.193611" lon="72.909325" /><node id="2224745504" timestamp="2026-04-03T18:16:03Z" uid="1" user="OSMnx" version="1" changeset="1" lat="19.194029" lon="72.908876" /><node id="2224745506" timestamp="2026-04-03T18:16:03Z" uid="1" user="OSMnx" version="1" changeset="1" lat="19.19419" lon="72.90878" /><node id="2224745508" timestamp="2026-04-03T18:16:03Z" uid="1" user="OSMnx" version="1" changeset="1" lat="19.194423" lon="72.908733" /><node id="2224745509" timestamp="2026-04-03T18:16:03Z" uid="1" user="OSMnx" version="1" changeset="1" lat="19.194861" lon="72.908705" /><node id="2224745510" timestamp="2026-04-03T18:16:03Z" uid="1" user="OSMnx" version="1" changeset="1" lat="19.195218" lon="72.90864" /><node id="2224745511" timestamp="2026-04-03T18:16:03Z" uid="1" user="OSMnx" version="1" changeset="1" lat="19.19545" lon="72.908519" /><node id="2224745513" timestamp="2026-04-03T18:16:03Z" uid="1" user="OSMnx" version="1" changeset="1" lat="19.196222" lon="72.90808" /><node id="2224745515" timestamp="2026-04-03T18:16:03Z" uid="1" user="OSMnx" version="1" changeset="1" lat="19.196363" lon="72.908009" /><node id="2224745517" timestamp="2026-04-03T18:16:03Z" uid="1" user="OSMnx" version="1" changeset="1" lat="19.196582" lon="72.907941" /><node id="2224745519" timestamp="2026-04-03T18:16:03Z" uid="1" user="OSMnx" version="1" changeset="1" lat="19.19704" lon="72.907859" /><node id="2224745520" timestamp="2026-04-03T18:16:03Z" uid="1" user="OSMnx" version="1" changeset="1" lat="19.197344" lon="72.907709" /><node id="2224745521" timestamp="2026-04-03T18:16:03Z" uid="1" user="OSMnx" version="1" changeset="1" lat="19.198048" lon="72.907353" /><node id="2224745522" timestamp="2026-04-03T18:16:03Z" uid="1" user="OSMnx" version="1" changeset="1" lat="19.19858" lon="72.907107" /><node id="2224745524" timestamp="2026-04-03T18:16:03Z" uid="1" user="OSMnx" version="1" changeset="1" lat="19.199041" lon="72.906921" /><node id="2224745525" timestamp="2026-04-03T18:16:03Z" uid="1" user="OSMnx" version="1" changeset="1" lat="19.19924" lon="72.906885" /><node id="2224745527" timestamp="2026-04-03T18:16:03Z" uid="1" user="OSMnx" version="1" changeset="1" lat="19.199469" lon="72.906896" /><node id="2224745529" timestamp="2026-04-03T18:16:03Z" uid="1" user="OSMnx" version="1" changeset="1" lat="19.19957" lon="72.902198" /><node id="2224745531" timestamp="2026-04-03T18:16:03Z" uid="1" user="OSMnx" version="1" changeset="1" lat="19.199614" lon="72.902334" /><node id="2224745533" timestamp="2026-04-03T18:16:03Z" uid="1" user="OSMnx" version="1" changeset="1" lat="19.19963" lon="72.902059" /><node id="2224745535" timestamp="2026-04-03T18:16:03Z" uid="1" user="OSMnx" version="1" changeset="1" lat="19.199705" lon="72.906793" /><node id="2224745536" timestamp="2026-04-03T18:16:03Z" uid="1" user="OSMnx" version="1" changeset="1" lat="19.199782" lon="72.90192" /><node id="2224745538" timestamp="2026-04-03T18:16:03Z" uid="1" user="OSMnx" version="1" changeset="1" lat="19.19981" lon="72.902476" /><node id="2224745540" timestamp="2026-04-03T18:16:03Z" uid="1" user="OSMnx" version="1" changeset="1" lat="19.199917" lon="72.906636" /><node id="2224745541" timestamp="2026-04-03T18:16:03Z" uid="1" user="OSMnx" version="1" changeset="1" lat="19.200037" lon="72.901771" /><node id="2224745546" timestamp="2026-04-03T18:16:03Z" uid="1" user="OSMnx" version="1" changeset="1" lat="19.200039" lon="72.905323" /><node id="2224745548" timestamp="2026-04-03T18:16:03Z" uid="1" user="OSMnx" version="1" changeset="1" lat="19.200052" lon="72.905658" /><node id="2224745550" timestamp="2026-04-03T18:16:03Z" uid="1" user="OSMnx" version="1" changeset="1" lat="19.200069" lon="72.905055" /><node id="2224745551" timestamp="2026-04-03T18:16:03Z" uid="1" user="OSMnx" version="1" changeset="1" lat="19.200076" lon="72.906432" /><node id="2224745552" timestamp="2026-04-03T18:16:03Z" uid="1" user="OSMnx" version="1" changeset="1" lat="19.200096" lon="72.902665" /><node id="2224745553" timestamp="2026-04-03T18:16:03Z" uid="1" user="OSMnx" version="1" changeset="1" lat="19.200106" lon="72.906208" /><node id="2224745554" timestamp="2026-04-03T18:16:03Z" uid="1" user="OSMnx" version="1" changeset="1" lat="19.200143" lon="72.904756" /><node id="2224745555" timestamp="2026-04-03T18:16:03Z" uid="1" user="OSMnx" version="1" changeset="1" lat="19.20015" lon="72.902737" /><node id="2224745556" timestamp="2026-04-03T18:16:03Z" uid="1" user="OSMnx" version="1" changeset="1" lat="19.200254" lon="72.903118" /><node id="2224745557" timestamp="2026-04-03T18:16:03Z" uid="1" user="OSMnx" version="1" changeset="1" lat="19.200295" lon="72.90442" /><node id="2224745558" timestamp="2026-04-03T18:16:03Z" uid="1" user="OSMnx" version="1" changeset="1" lat="19.200325" lon="72.903361" /><node id="2224745559" timestamp="2026-04-03T18:16:03Z" uid="1" user="OSMnx" version="1" changeset="1" lat="19.200433" lon="72.903529" /><node id="2224745560" timestamp="2026-04-03T18:16:03Z" uid="1" user="OSMnx" version="1" changeset="1" lat="19.200482" lon="72.901534" /><node id="2224745561" timestamp="2026-04-03T18:16:03Z" uid="1" user="OSMnx" version="1" changeset="1" lat="19.200527" lon="72.904035" /><node id="2224745562" timestamp="2026-04-03T18:16:03Z" uid="1" user="OSMnx" version="1" changeset="1" lat="19.200588" lon="72.903732" /><node id="2224745563" timestamp="2026-04-03T18:16:03Z" uid="1" user="OSMnx" version="1" changeset="1" lat="19.200591" lon="72.90381" /><node id="2224745564" timestamp="2026-04-03T18:16:03Z" uid="1" user="OSMnx" version="1" changeset="1" lat="19.200673" lon="72.901459" /><node id="2224745565" timestamp="2026-04-03T18:16:03Z" uid="1" user="OSMnx" version="1" changeset="1" lat="19.20084" lon="72.901418" /><node id="2224745566" timestamp="2026-04-03T18:16:03Z" uid="1" user="OSMnx" version="1" changeset="1" lat="19.201323" lon="72.901252" /><node id="2224745567" timestamp="2026-04-03T18:16:03Z" uid="1" user="OSMnx" version="1" changeset="1" lat="19.201612" lon="72.901138" /><node id="2224745568" timestamp="2026-04-03T18:16:03Z" uid="1" user="OSMnx" version="1" changeset="1" lat="19.201881" lon="72.900962" /><node id="2224745569" timestamp="2026-04-03T18:16:03Z" uid="1" user="OSMnx" version="1" changeset="1" lat="19.202083" lon="72.900772" /><node id="2224745570" timestamp="2026-04-03T18:16:03Z" uid="1" user="OSMnx" version="1" changeset="1" lat="19.202248" lon="72.900629" /><node id="2224745571" timestamp="2026-04-03T18:16:03Z" uid="1" user="OSMnx" version="1" changeset="1" lat="19.202505" lon="72.900455" /><node id="2224745572" timestamp="2026-04-03T18:16:03Z" uid="1" user="OSMnx" version="1" changeset="1" lat="19.202676" lon="72.900424" /><node id="2224745573" timestamp="2026-04-03T18:16:03Z" uid="1" user="OSMnx" version="1" changeset="1" lat="19.202814" lon="72.900434" /><node id="2224745574" timestamp="2026-04-03T18:16:03Z" uid="1" user="OSMnx" version="1" changeset="1" lat="19.203438" lon="72.900374" /><node id="2224745575" timestamp="2026-04-03T18:16:03Z" uid="1" user="OSMnx" version="1" changeset="1" lat="19.203874" lon="72.900301" /><node id="2224745576" timestamp="2026-04-03T18:16:03Z" uid="1" user="OSMnx" version="1" changeset="1" lat="19.204015" lon="72.900223" /><node id="2224745577" timestamp="2026-04-03T18:16:03Z" uid="1" user="OSMnx" version="1" changeset="1" lat="19.20431" lon="72.899963" /><node id="2224745578" timestamp="2026-04-03T18:16:03Z" uid="1" user="OSMnx" version="1" changeset="1" lat="19.204732" lon="72.899665" /><node id="2224745579" timestamp="2026-04-03T18:16:03Z" uid="1" user="OSMnx" version="1" changeset="1" lat="19.205063" lon="72.899322" /><node id="2224745583" timestamp="2026-04-03T18:16:03Z" uid="1" user="OSMnx" version="1" changeset="1" lat="19.205413" lon="72.899017" /><node id="2224745585" timestamp="2026-04-03T18:16:03Z" uid="1" user="OSMnx" version="1" changeset="1" lat="19.205687" lon="72.898893" /><node id="2224745586" timestamp="2026-04-03T18:16:03Z" uid="1" user="OSMnx" version="1" changeset="1" lat="19.205949" lon="72.898785" /><node id="2224745587" timestamp="2026-04-03T18:16:03Z" uid="1" user="OSMnx" version="1" changeset="1" lat="19.206256" lon="72.898623" /><node id="2224745588" timestamp="2026-04-03T18:16:03Z" uid="1" user="OSMnx" version="1" changeset="1" lat="19.206573" lon="72.898462" /><node id="2224745590" timestamp="2026-04-03T18:16:03Z" uid="1" user="OSMnx" version="1" changeset="1" lat="19.206944" lon="72.898359" /><node id="2224745592" timestamp="2026-04-03T18:16:03Z" uid="1" user="OSMnx" version="1" changeset="1" lat="19.207234" lon="72.898335" /><node id="2224745594" timestamp="2026-04-03T18:16:03Z" uid="1" user="OSMnx" version="1" changeset="1" lat="19.207629" lon="72.898406" /><node id="2224745602" timestamp="2026-04-03T18:16:03Z" uid="1" user="OSMnx" version="1" changeset="1" lat="19.208749" lon="72.898784" /><node id="2224745604" timestamp="2026-04-03T18:16:03Z" uid="1" user="OSMnx" version="1" changeset="1" lat="19.209624" lon="72.899178" /><node id="2224745607" timestamp="2026-04-03T18:16:03Z" uid="1" user="OSMnx" version="1" changeset="1" lat="19.213009" lon="72.880102" /><node id="2224745610" timestamp="2026-04-03T18:16:03Z" uid="1" user="OSMnx" version="1" changeset="1" lat="19.213029" lon="72.880006" /><node id="2224745611" timestamp="2026-04-03T18:16:03Z" uid="1" user="OSMnx" version="1" changeset="1" lat="19.213039" lon="72.880212" /><node id="2224745614" timestamp="2026-04-03T18:16:03Z" uid="1" user="OSMnx" version="1" changeset="1" lat="19.21308" lon="72.879927" /><node id="2224745618" timestamp="2026-04-03T18:16:03Z" uid="1" user="OSMnx" version="1" changeset="1" lat="19.213518" lon="72.880676" /><node id="2224745623" timestamp="2026-04-03T18:16:03Z" uid="1" user="OSMnx" version="1" changeset="1" lat="19.214348" lon="72.878923" /><node id="2224745626" timestamp="2026-04-03T18:16:03Z" uid="1" user="OSMnx" version="1" changeset="1" lat="19.21445" lon="72.878878" /><node id="2224745635" timestamp="2026-04-03T18:16:03Z" uid="1" user="OSMnx" version="1" changeset="1" lat="19.227803" lon="72.877665" /><node id="2224745637" timestamp="2026-04-03T18:16:03Z" uid="1" user="OSMnx" version="1" changeset="1" lat="19.227792" lon="72.877445" /><node id="2224745639" timestamp="2026-04-03T18:16:03Z" uid="1" user="OSMnx" version="1" changeset="1" lat="19.227951" lon="72.876354" /><node id="2224745641" timestamp="2026-04-03T18:16:03Z" uid="1" user="OSMnx" version="1" changeset="1" lat="19.227957" lon="72.878034" /><node id="2224745642" timestamp="2026-04-03T18:16:03Z" uid="1" user="OSMnx" version="1" changeset="1" lat="19.228048" lon="72.87578" /><node id="2224745644" timestamp="2026-04-03T18:16:03Z" uid="1" user="OSMnx" version="1" changeset="1" lat="19.228271" lon="72.874435" /><node id="2224745654" timestamp="2026-04-03T18:16:03Z" uid="1" user="OSMnx" version="1" changeset="1" lat="19.228351" lon="72.87422" /><node id="2224745659" timestamp="2026-04-03T18:16:03Z" uid="1" user="OSMnx" version="1" changeset="1" lat="19.228436" lon="72.873771" /><node id="2224745662" timestamp="2026-04-03T18:16:03Z" uid="1" user="OSMnx" version="1" changeset="1" lat="19.229351" lon="72.871175" /><node id="2224745664" timestamp="2026-04-03T18:16:03Z" uid="1" user="OSMnx" version="1" changeset="1" lat="19.229107" lon="72.867556" /><node id="2224745696" timestamp="2026-04-03T18:16:03Z" uid="1" user="OSMnx" version="1" changeset="1" lat="19.230136" lon="72.870104" /><node id="2236681482" timestamp="2026-04-03T18:16:03Z" uid="1" user="OSMnx" version="1" changeset="1" lat="19.170488" lon="72.918723" /><node id="2236681486" timestamp="2026-04-03T18:16:03Z" uid="1" user="OSMnx" version="1" changeset="1" lat="19.170703" lon="72.918562" /><node id="2236681494" timestamp="2026-04-03T18:16:03Z" uid="1" user="OSMnx" version="1" changeset="1" lat="19.171155" lon="72.91823" /><node id="2236681501" timestamp="2026-04-03T18:16:03Z" uid="1" user="OSMnx" version="1" changeset="1" lat="19.171641" lon="72.917824" /><node id="2236681515" timestamp="2026-04-03T18:16:03Z" uid="1" user="OSMnx" version="1" changeset="1" lat="19.172432" lon="72.917259" /><node id="2236681522" timestamp="2026-04-03T18:16:03Z" uid="1" user="OSMnx" version="1" changeset="1" lat="19.17263" lon="72.917115" /><node id="2236681526" timestamp="2026-04-03T18:16:03Z" uid="1" user="OSMnx" version="1" changeset="1" lat="19.172794" lon="72.916944" /><node id="2236681530" timestamp="2026-04-03T18:16:03Z" uid="1" user="OSMnx" version="1" changeset="1" lat="19.172879" lon="72.916718" /><node id="2236681532" timestamp="2026-04-03T18:16:03Z" uid="1" user="OSMnx" version="1" changeset="1" lat="19.17294" lon="72.916498" /><node id="2236681534" timestamp="2026-04-03T18:16:03Z" uid="1" user="OSMnx" version="1" changeset="1" lat="19.172981" lon="72.916362" /><node id="2236681538" timestamp="2026-04-03T18:16:03Z" uid="1" user="OSMnx" version="1" changeset="1" lat="19.173038" lon="72.916251" /><node id="2236681540" timestamp="2026-04-03T18:16:03Z" uid="1" user="OSMnx" version="1" changeset="1" lat="19.173138" lon="72.916194" /><node id="2236681542" timestamp="2026-04-03T18:16:03Z" uid="1" user="OSMnx" version="1" changeset="1" lat="19.173328" lon="72.916145" /><node id="2236681551" timestamp="2026-04-03T18:16:03Z" uid="1" user="OSMnx" version="1" changeset="1" lat="19.174773" lon="72.915944" /><node id="2236681553" timestamp="2026-04-03T18:16:03Z" uid="1" user="OSMnx" version="1" changeset="1" lat="19.175006" lon="72.915971" /><node id="2236681555" timestamp="2026-04-03T18:16:03Z" uid="1" user="OSMnx" version="1" changeset="1" lat="19.175396" lon="72.916088" /><node id="3273736244" timestamp="2026-04-03T18:16:03Z" uid="1" user="OSMnx" version="1" changeset="1" lat="19.175681" lon="72.916294" /><node id="3273736245" timestamp="2026-04-03T18:16:03Z" uid="1" user="OSMnx" version="1" changeset="1" lat="19.17616" lon="72.916551" /><node id="3273736246" timestamp="2026-04-03T18:16:03Z" uid="1" user="OSMnx" version="1" changeset="1" lat="19.176627" lon="72.916798" /><node id="3273736247" timestamp="2026-04-03T18:16:03Z" uid="1" user="OSMnx" version="1" changeset="1" lat="19.177027" lon="72.91696" /><node id="3273736248" timestamp="2026-04-03T18:16:03Z" uid="1" user="OSMnx" version="1" changeset="1" lat="19.177553" lon="72.917091" /><node id="3273736249" timestamp="2026-04-03T18:16:03Z" uid="1" user="OSMnx" version="1" changeset="1" lat="19.178072" lon="72.917245" /><node id="3273736250" timestamp="2026-04-03T18:16:03Z" uid="1" user="OSMnx" version="1" changeset="1" lat="19.178281" lon="72.917368" /><node id="3273736251" timestamp="2026-04-03T18:16:03Z" uid="1" user="OSMnx" version="1" changeset="1" lat="19.178449" lon="72.917456" /><node id="3273736252" timestamp="2026-04-03T18:16:03Z" uid="1" user="OSMnx" version="1" changeset="1" lat="19.178664" lon="72.91769" /><node id="3273736253" timestamp="2026-04-03T18:16:03Z" uid="1" user="OSMnx" version="1" changeset="1" lat="19.178929" lon="72.917956" /><node id="3273736254" timestamp="2026-04-03T18:16:03Z" uid="1" user="OSMnx" version="1" changeset="1" lat="19.179032" lon="72.918051" /><node id="3273736255" timestamp="2026-04-03T18:16:03Z" uid="1" user="OSMnx" version="1" changeset="1" lat="19.179215" lon="72.918095" /><node id="3273736256" timestamp="2026-04-03T18:16:03Z" uid="1" user="OSMnx" version="1" changeset="1" lat="19.179537" lon="72.918097" /><node id="3273736257" timestamp="2026-04-03T18:16:03Z" uid="1" user="OSMnx" version="1" changeset="1" lat="19.179854" lon="72.918118" /><node id="3273736258" timestamp="2026-04-03T18:16:03Z" uid="1" user="OSMnx" version="1" changeset="1" lat="19.179959" lon="72.918132" /><node id="3273736259" timestamp="2026-04-03T18:16:03Z" uid="1" user="OSMnx" version="1" changeset="1" lat="19.18012" lon="72.918213" /><node id="3273736260" timestamp="2026-04-03T18:16:03Z" uid="1" user="OSMnx" version="1" changeset="1" lat="19.180255" lon="72.918321" /><node id="3273736661" timestamp="2026-04-03T18:16:03Z" uid="1" user="OSMnx" version="1" changeset="1" lat="19.180398" lon="72.918497" /><node id="3273736662" timestamp="2026-04-03T18:16:03Z" uid="1" user="OSMnx" version="1" changeset="1" lat="19.180529" lon="72.918646" /><node id="3273736663" timestamp="2026-04-03T18:16:03Z" uid="1" user="OSMnx" version="1" changeset="1" lat="19.180695" lon="72.918822" /><node id="3273736664" timestamp="2026-04-03T18:16:03Z" uid="1" user="OSMnx" version="1" changeset="1" lat="19.180879" lon="72.918876" /><node id="3273736665" timestamp="2026-04-03T18:16:03Z" uid="1" user="OSMnx" version="1" changeset="1" lat="19.181048" lon="72.918855" /><node id="3273736666" timestamp="2026-04-03T18:16:03Z" uid="1" user="OSMnx" version="1" changeset="1" lat="19.181268" lon="72.918806" /><node id="3273736667" timestamp="2026-04-03T18:16:03Z" uid="1" user="OSMnx" version="1" changeset="1" lat="19.181549" lon="72.918725" /><node id="3273736668" timestamp="2026-04-03T18:16:03Z" uid="1" user="OSMnx" version="1" changeset="1" lat="19.181702" lon="72.918771" /><node id="3273736669" timestamp="2026-04-03T18:16:03Z" uid="1" user="OSMnx" version="1" changeset="1" lat="19.181818" lon="72.918852" /><node id="3273736670" timestamp="2026-04-03T18:16:03Z" uid="1" user="OSMnx" version="1" changeset="1" lat="19.181963" lon="72.919014" /><node id="3273736671" timestamp="2026-04-03T18:16:03Z" uid="1" user="OSMnx" version="1" changeset="1" lat="19.182066" lon="72.919212" /><node id="3273736672" timestamp="2026-04-03T18:16:03Z" uid="1" user="OSMnx" version="1" changeset="1" lat="19.182114" lon="72.919353" /><node id="3273736673" timestamp="2026-04-03T18:16:03Z" uid="1" user="OSMnx" version="1" changeset="1" lat="19.18216" lon="72.919415" /><node id="3273736674" timestamp="2026-04-03T18:16:03Z" uid="1" user="OSMnx" version="1" changeset="1" lat="19.182273" lon="72.919488" /><node id="3273736676" timestamp="2026-04-03T18:16:03Z" uid="1" user="OSMnx" version="1" changeset="1" lat="19.182434" lon="72.919558" /><node id="3273736677" timestamp="2026-04-03T18:16:03Z" uid="1" user="OSMnx" version="1" changeset="1" lat="19.182656" lon="72.919613" /><node id="3732524744" timestamp="2026-04-03T18:16:03Z" uid="1" user="OSMnx" version="1" changeset="1" lat="19.193364" lon="72.909826" /><node id="3820076412" timestamp="2026-04-03T18:16:03Z" uid="1" user="OSMnx" version="1" changeset="1" lat="19.209299" lon="72.899076" /><node id="3965865850" timestamp="2026-04-03T18:16:03Z" uid="1" user="OSMnx" version="1" changeset="1" lat="19.186154" lon="72.917044" /><node id="4235093278" timestamp="2026-04-03T18:16:03Z" uid="1" user="OSMnx" version="1" changeset="1" lat="19.223166" lon="72.879973" /><node id="4357075010" timestamp="2026-04-03T18:16:03Z" uid="1" user="OSMnx" version="1" changeset="1" lat="19.214141" lon="72.878686" /><node id="4357075011" timestamp="2026-04-03T18:16:03Z" uid="1" user="OSMnx" version="1" changeset="1" lat="19.214071" lon="72.878667" /><node id="4357075012" timestamp="2026-04-03T18:16:03Z" uid="1" user="OSMnx" version="1" changeset="1" lat="19.21387" lon="72.878801" /><node id="4357075013" timestamp="2026-04-03T18:16:03Z" uid="1" user="OSMnx" version="1" changeset="1" lat="19.213287" lon="72.879213" /><node id="4357075020" timestamp="2026-04-03T18:16:03Z" uid="1" user="OSMnx" version="1" changeset="1" lat="19.215451" lon="72.87916" /><node id="4598168652" timestamp="2026-04-03T18:16:03Z" uid="1" user="OSMnx" version="1" changeset="1" lat="19.227613" lon="72.868002" /><node id="4598168653" timestamp="2026-04-03T18:16:03Z" uid="1" user="OSMnx" version="1" changeset="1" lat="19.227723" lon="72.86812" /><node id="4598168654" timestamp="2026-04-03T18:16:03Z" uid="1" user="OSMnx" version="1" changeset="1" lat="19.227829" lon="72.868203" /><node id="4598168655" timestamp="2026-04-03T18:16:03Z" uid="1" user="OSMnx" version="1" changeset="1" lat="19.227928" lon="72.868249" /><node id="4598168656" timestamp="2026-04-03T18:16:03Z" uid="1" user="OSMnx" version="1" changeset="1" lat="19.228055" lon="72.868372" /><node id="4598168657" timestamp="2026-04-03T18:16:03Z" uid="1" user="OSMnx" version="1" changeset="1" lat="19.228158" lon="72.868455" /><node id="4598168658" timestamp="2026-04-03T18:16:03Z" uid="1" user="OSMnx" version="1" changeset="1" lat="19.228278" lon="72.868536" /><node id="4598168659" timestamp="2026-04-03T18:16:03Z" uid="1" user="OSMnx" version="1" changeset="1" lat="19.228366" lon="72.868654" /><node id="4598168660" timestamp="2026-04-03T18:16:03Z" uid="1" user="OSMnx" version="1" changeset="1" lat="19.228447" lon="72.868737" /><node id="4598168661" timestamp="2026-04-03T18:16:03Z" uid="1" user="OSMnx" version="1" changeset="1" lat="19.228546" lon="72.868936" /><node id="4598168662" timestamp="2026-04-03T18:16:03Z" uid="1" user="OSMnx" version="1" changeset="1" lat="19.228647" lon="72.869131" /><node id="4598168663" timestamp="2026-04-03T18:16:03Z" uid="1" user="OSMnx" version="1" changeset="1" lat="19.228665" lon="72.869263" /><node id="4791333635" timestamp="2026-04-03T18:16:03Z" uid="1" user="OSMnx" version="1" changeset="1" lat="19.163722" lon="72.890952" /><node id="4791333636" timestamp="2026-04-03T18:16:03Z" uid="1" user="OSMnx" version="1" changeset="1" lat="19.16358" lon="72.891397" /><node id="4791333637" timestamp="2026-04-03T18:16:03Z" uid="1" user="OSMnx" version="1" changeset="1" lat="19.163545" lon="72.891604" /><node id="4791333638" timestamp="2026-04-03T18:16:03Z" uid="1" user="OSMnx" version="1" changeset="1" lat="19.163654" lon="72.892135" /><node id="4791333639" timestamp="2026-04-03T18:16:03Z" uid="1" user="OSMnx" version="1" changeset="1" lat="19.163898" lon="72.892864" /><node id="4791333640" timestamp="2026-04-03T18:16:03Z" uid="1" user="OSMnx" version="1" changeset="1" lat="19.164169" lon="72.893371" /><node id="4791333641" timestamp="2026-04-03T18:16:03Z" uid="1" user="OSMnx" version="1" changeset="1" lat="19.169023" lon="72.908387" /><node id="4791333642" timestamp="2026-04-03T18:16:03Z" uid="1" user="OSMnx" version="1" changeset="1" lat="19.169466" lon="72.907666" /><node id="4791333643" timestamp="2026-04-03T18:16:03Z" uid="1" user="OSMnx" version="1" changeset="1" lat="19.169537" lon="72.907406" /><node id="4791333644" timestamp="2026-04-03T18:16:03Z" uid="1" user="OSMnx" version="1" changeset="1" lat="19.169524" lon="72.90725" /><node id="4791333645" timestamp="2026-04-03T18:16:03Z" uid="1" user="OSMnx" version="1" changeset="1" lat="19.169428" lon="72.907156" /><node id="4791333646" timestamp="2026-04-03T18:16:03Z" uid="1" user="OSMnx" version="1" changeset="1" lat="19.169111" lon="72.907044" /><node id="4791333647" timestamp="2026-04-03T18:16:03Z" uid="1" user="OSMnx" version="1" changeset="1" lat="19.168567" lon="72.906682" /><node id="4791333648" timestamp="2026-04-03T18:16:03Z" uid="1" user="OSMnx" version="1" changeset="1" lat="19.168415" lon="72.906606" /><node id="4791333649" timestamp="2026-04-03T18:16:03Z" uid="1" user="OSMnx" version="1" changeset="1" lat="19.168131" lon="72.906612" /><node id="4791333650" timestamp="2026-04-03T18:16:03Z" uid="1" user="OSMnx" version="1" changeset="1" lat="19.167974" lon="72.906569" /><node id="4791333651" timestamp="2026-04-03T18:16:03Z" uid="1" user="OSMnx" version="1" changeset="1" lat="19.167812" lon="72.906446" /><node id="4791333652" timestamp="2026-04-03T18:16:03Z" uid="1" user="OSMnx" version="1" changeset="1" lat="19.167622" lon="72.9064" /><node id="4791333653" timestamp="2026-04-03T18:16:03Z" uid="1" user="OSMnx" version="1" changeset="1" lat="19.16748" lon="72.906298" /><node id="4791333654" timestamp="2026-04-03T18:16:03Z" uid="1" user="OSMnx" version="1" changeset="1" lat="19.167295" lon="72.906043" /><node id="4791333655" timestamp="2026-04-03T18:16:03Z" uid="1" user="OSMnx" version="1" changeset="1" lat="19.167069" lon="72.905941" /><node id="4791333656" timestamp="2026-04-03T18:16:03Z" uid="1" user="OSMnx" version="1" changeset="1" lat="19.166943" lon="72.905839" /><node id="4791333657" timestamp="2026-04-03T18:16:03Z" uid="1" user="OSMnx" version="1" changeset="1" lat="19.166841" lon="72.905518" /><node id="4791333658" timestamp="2026-04-03T18:16:03Z" uid="1" user="OSMnx" version="1" changeset="1" lat="19.166758" lon="72.905126" /><node id="4791333659" timestamp="2026-04-03T18:16:03Z" uid="1" user="OSMnx" version="1" changeset="1" lat="19.16676" lon="72.904724" /><node id="4791333660" timestamp="2026-04-03T18:16:03Z" uid="1" user="OSMnx" version="1" changeset="1" lat="19.1667" lon="72.90382" /><node id="4791333661" timestamp="2026-04-03T18:16:03Z" uid="1" user="OSMnx" version="1" changeset="1" lat="19.166669" lon="72.903508" /><node id="4791333662" timestamp="2026-04-03T18:16:03Z" uid="1" user="OSMnx" version="1" changeset="1" lat="19.166631" lon="72.903162" /><node id="4791333663" timestamp="2026-04-03T18:16:03Z" uid="1" user="OSMnx" version="1" changeset="1" lat="19.166727" lon="72.902843" /><node id="4791333664" timestamp="2026-04-03T18:16:03Z" uid="1" user="OSMnx" version="1" changeset="1" lat="19.166735" lon="72.902626" /><node id="4791333665" timestamp="2026-04-03T18:16:03Z" uid="1" user="OSMnx" version="1" changeset="1" lat="19.166607" lon="72.902261" /><node id="4791333666" timestamp="2026-04-03T18:16:03Z" uid="1" user="OSMnx" version="1" changeset="1" lat="19.166521" lon="72.901985" /><node id="4791333667" timestamp="2026-04-03T18:16:03Z" uid="1" user="OSMnx" version="1" changeset="1" lat="19.166554" lon="72.90162" /><node id="4791333668" timestamp="2026-04-03T18:16:03Z" uid="1" user="OSMnx" version="1" changeset="1" lat="19.166546" lon="72.901427" /><node id="4791333669" timestamp="2026-04-03T18:16:03Z" uid="1" user="OSMnx" version="1" changeset="1" lat="19.166392" lon="72.901368" /><node id="4791333670" timestamp="2026-04-03T18:16:03Z" uid="1" user="OSMnx" version="1" changeset="1" lat="19.166148" lon="72.901398" /><node id="4791333671" timestamp="2026-04-03T18:16:03Z" uid="1" user="OSMnx" version="1" changeset="1" lat="19.173005" lon="72.916316" /><node id="4791333672" timestamp="2026-04-03T18:16:03Z" uid="1" user="OSMnx" version="1" changeset="1" lat="19.172942" lon="72.916238" /><node id="4791333673" timestamp="2026-04-03T18:16:03Z" uid="1" user="OSMnx" version="1" changeset="1" lat="19.172919" lon="72.916131" /><node id="4791333674" timestamp="2026-04-03T18:16:03Z" uid="1" user="OSMnx" version="1" changeset="1" lat="19.17299" lon="72.915847" /><node id="4791333675" timestamp="2026-04-03T18:16:03Z" uid="1" user="OSMnx" version="1" changeset="1" lat="19.173631" lon="72.914798" /><node id="4791333676" timestamp="2026-04-03T18:16:03Z" uid="1" user="OSMnx" version="1" changeset="1" lat="19.173792" lon="72.914296" /><node id="4791333677" timestamp="2026-04-03T18:16:03Z" uid="1" user="OSMnx" version="1" changeset="1" lat="19.175337" lon="72.913347" /><node id="4791333678" timestamp="2026-04-03T18:16:03Z" uid="1" user="OSMnx" version="1" changeset="1" lat="19.175079" lon="72.913159" /><node id="4791333679" timestamp="2026-04-03T18:16:03Z" uid="1" user="OSMnx" version="1" changeset="1" lat="19.175018" lon="72.912966" /><node id="4791333680" timestamp="2026-04-03T18:16:03Z" uid="1" user="OSMnx" version="1" changeset="1" lat="19.174947" lon="72.912794" /><node id="4791333681" timestamp="2026-04-03T18:16:03Z" uid="1" user="OSMnx" version="1" changeset="1" lat="19.17475" lon="72.91273" /><node id="4791333682" timestamp="2026-04-03T18:16:03Z" uid="1" user="OSMnx" version="1" changeset="1" lat="19.174243" lon="72.912585" /><node id="4791333683" timestamp="2026-04-03T18:16:03Z" uid="1" user="OSMnx" version="1" changeset="1" lat="19.173848" lon="72.912317" /><node id="4791333684" timestamp="2026-04-03T18:16:03Z" uid="1" user="OSMnx" version="1" changeset="1" lat="19.173427" lon="72.911893" /><node id="4791333685" timestamp="2026-04-03T18:16:03Z" uid="1" user="OSMnx" version="1" changeset="1" lat="19.172915" lon="72.911614" /><node id="4791333686" timestamp="2026-04-03T18:16:03Z" uid="1" user="OSMnx" version="1" changeset="1" lat="19.172323" lon="72.911164" /><node id="4791333687" timestamp="2026-04-03T18:16:03Z" uid="1" user="OSMnx" version="1" changeset="1" lat="19.171836" lon="72.910842" /><node id="4791333688" timestamp="2026-04-03T18:16:03Z" uid="1" user="OSMnx" version="1" changeset="1" lat="19.171426" lon="72.910643" /><node id="4791333689" timestamp="2026-04-03T18:16:03Z" uid="1" user="OSMnx" version="1" changeset="1" lat="19.171107" lon="72.910246" /><node id="4791333690" timestamp="2026-04-03T18:16:03Z" uid="1" user="OSMnx" version="1" changeset="1" lat="19.17058" lon="72.909565" /><node id="4791333691" timestamp="2026-04-03T18:16:03Z" uid="1" user="OSMnx" version="1" changeset="1" lat="19.170141" lon="72.909012" /><node id="4791333692" timestamp="2026-04-03T18:16:03Z" uid="1" user="OSMnx" version="1" changeset="1" lat="19.170045" lon="72.908937" /><node id="4791333693" timestamp="2026-04-03T18:16:03Z" uid="1" user="OSMnx" version="1" changeset="1" lat="19.169903" lon="72.908929" /><node id="4791333694" timestamp="2026-04-03T18:16:03Z" uid="1" user="OSMnx" version="1" changeset="1" lat="19.169599" lon="72.909144" /><node id="4791333695" timestamp="2026-04-03T18:16:03Z" uid="1" user="OSMnx" version="1" changeset="1" lat="19.16944" lon="72.909171" /><node id="4791333696" timestamp="2026-04-03T18:16:03Z" uid="1" user="OSMnx" version="1" changeset="1" lat="19.168984" lon="72.909023" /><node id="4791333697" timestamp="2026-04-03T18:16:03Z" uid="1" user="OSMnx" version="1" changeset="1" lat="19.168892" lon="72.908873" /><node id="4791333698" timestamp="2026-04-03T18:16:03Z" uid="1" user="OSMnx" version="1" changeset="1" lat="19.168892" lon="72.908699" /><node id="4791333720" timestamp="2026-04-03T18:16:03Z" uid="1" user="OSMnx" version="1" changeset="1" lat="19.172695" lon="72.913897" /><node id="4791333721" timestamp="2026-04-03T18:16:03Z" uid="1" user="OSMnx" version="1" changeset="1" lat="19.173526" lon="72.91427" /><node id="4791333722" timestamp="2026-04-03T18:16:03Z" uid="1" user="OSMnx" version="1" changeset="1" lat="19.174071" lon="72.914323" /><node id="4791333723" timestamp="2026-04-03T18:16:03Z" uid="1" user="OSMnx" version="1" changeset="1" lat="19.174238" lon="72.914286" /><node id="4791333724" timestamp="2026-04-03T18:16:03Z" uid="1" user="OSMnx" version="1" changeset="1" lat="19.174466" lon="72.914042" /><node id="4791333725" timestamp="2026-04-03T18:16:03Z" uid="1" user="OSMnx" version="1" changeset="1" lat="19.181105" lon="72.914331" /><node id="4791333726" timestamp="2026-04-03T18:16:03Z" uid="1" user="OSMnx" version="1" changeset="1" lat="19.180664" lon="72.914304" /><node id="4791333727" timestamp="2026-04-03T18:16:03Z" uid="1" user="OSMnx" version="1" changeset="1" lat="19.180077" lon="72.914385" /><node id="4791333728" timestamp="2026-04-03T18:16:03Z" uid="1" user="OSMnx" version="1" changeset="1" lat="19.179692" lon="72.914412" /><node id="4791333729" timestamp="2026-04-03T18:16:03Z" uid="1" user="OSMnx" version="1" changeset="1" lat="19.178926" lon="72.914283" /><node id="4791333730" timestamp="2026-04-03T18:16:03Z" uid="1" user="OSMnx" version="1" changeset="1" lat="19.17841" lon="72.91424" /><node id="4791333731" timestamp="2026-04-03T18:16:03Z" uid="1" user="OSMnx" version="1" changeset="1" lat="19.178025" lon="72.914213" /><node id="4791333732" timestamp="2026-04-03T18:16:03Z" uid="1" user="OSMnx" version="1" changeset="1" lat="19.177716" lon="72.914036" /><node id="4791333733" timestamp="2026-04-03T18:16:03Z" uid="1" user="OSMnx" version="1" changeset="1" lat="19.177498" lon="72.91373" /><node id="4791333734" timestamp="2026-04-03T18:16:03Z" uid="1" user="OSMnx" version="1" changeset="1" lat="19.177386" lon="72.913586" /><node id="4791333735" timestamp="2026-04-03T18:16:03Z" uid="1" user="OSMnx" version="1" changeset="1" lat="19.177249" lon="72.913559" /><node id="4791333736" timestamp="2026-04-03T18:16:03Z" uid="1" user="OSMnx" version="1" changeset="1" lat="19.177062" lon="72.913655" /><node id="4791333737" timestamp="2026-04-03T18:16:03Z" uid="1" user="OSMnx" version="1" changeset="1" lat="19.176859" lon="72.913628" /><node id="4791333738" timestamp="2026-04-03T18:16:03Z" uid="1" user="OSMnx" version="1" changeset="1" lat="19.176702" lon="72.913607" /><node id="4791333739" timestamp="2026-04-03T18:16:03Z" uid="1" user="OSMnx" version="1" changeset="1" lat="19.176489" lon="72.913709" /><node id="4791333740" timestamp="2026-04-03T18:16:03Z" uid="1" user="OSMnx" version="1" changeset="1" lat="19.176266" lon="72.913832" /><node id="4791333741" timestamp="2026-04-03T18:16:03Z" uid="1" user="OSMnx" version="1" changeset="1" lat="19.175998" lon="72.913854" /><node id="4791333742" timestamp="2026-04-03T18:16:03Z" uid="1" user="OSMnx" version="1" changeset="1" lat="19.175512" lon="72.913489" /><node id="4791333743" timestamp="2026-04-03T18:16:03Z" uid="1" user="OSMnx" version="1" changeset="1" lat="19.17542" lon="72.913537" /><node id="4791333744" timestamp="2026-04-03T18:16:03Z" uid="1" user="OSMnx" version="1" changeset="1" lat="19.175081" lon="72.9138" /><node id="4791333748" timestamp="2026-04-03T18:16:03Z" uid="1" user="OSMnx" version="1" changeset="1" lat="19.181527" lon="72.914434" /><node id="4791333749" timestamp="2026-04-03T18:16:03Z" uid="1" user="OSMnx" version="1" changeset="1" lat="19.181963" lon="72.91452" /><node id="4791333750" timestamp="2026-04-03T18:16:03Z" uid="1" user="OSMnx" version="1" changeset="1" lat="19.182051" lon="72.91451" /><node id="4791333751" timestamp="2026-04-03T18:16:03Z" uid="1" user="OSMnx" version="1" changeset="1" lat="19.182294" lon="72.914217" /><node id="4791333753" timestamp="2026-04-03T18:16:03Z" uid="1" user="OSMnx" version="1" changeset="1" lat="19.227846" lon="72.873263" /><node id="4791333754" timestamp="2026-04-03T18:16:03Z" uid="1" user="OSMnx" version="1" changeset="1" lat="19.228414" lon="72.870985" /><node id="4791333755" timestamp="2026-04-03T18:16:03Z" uid="1" user="OSMnx" version="1" changeset="1" lat="19.228869" lon="72.870114" /><node id="4791333756" timestamp="2026-04-03T18:16:03Z" uid="1" user="OSMnx" version="1" changeset="1" lat="19.228646" lon="72.869604" /><node id="5937705396" timestamp="2026-04-03T18:16:03Z" uid="1" user="OSMnx" version="1" changeset="1" lat="19.227474" lon="72.881607" /><node id="5939602464" timestamp="2026-04-03T18:16:03Z" uid="1" user="OSMnx" version="1" changeset="1" lat="19.163877" lon="72.893711" /><node id="7278944510" timestamp="2026-04-03T18:16:03Z" uid="1" user="OSMnx" version="1" changeset="1" lat="19.227868" lon="72.877853" /><node id="7278944511" timestamp="2026-04-03T18:16:03Z" uid="1" user="OSMnx" version="1" changeset="1" lat="19.237689" lon="72.879986" /><node id="7278944528" timestamp="2026-04-03T18:16:03Z" uid="1" user="OSMnx" version="1" changeset="1" lat="19.227189" lon="72.881941" /><node id="7278944529" timestamp="2026-04-03T18:16:03Z" uid="1" user="OSMnx" version="1" changeset="1" lat="19.226447" lon="72.882609" /><node id="7278944530" timestamp="2026-04-03T18:16:03Z" uid="1" user="OSMnx" version="1" changeset="1" lat="19.226599" lon="72.882408" /><node id="7278944531" timestamp="2026-04-03T18:16:03Z" uid="1" user="OSMnx" version="1" changeset="1" lat="19.225783" lon="72.883515" /><node id="7278944536" timestamp="2026-04-03T18:16:03Z" uid="1" user="OSMnx" version="1" changeset="1" lat="19.232809" lon="72.877236" /><node id="7278944539" timestamp="2026-04-03T18:16:03Z" uid="1" user="OSMnx" version="1" changeset="1" lat="19.232221" lon="72.877094" /><node id="7278944540" timestamp="2026-04-03T18:16:03Z" uid="1" user="OSMnx" version="1" changeset="1" lat="19.231444" lon="72.876729" /><node id="7278944541" timestamp="2026-04-03T18:16:03Z" uid="1" user="OSMnx" version="1" changeset="1" lat="19.231348" lon="72.876696" /><node id="7278944542" timestamp="2026-04-03T18:16:03Z" uid="1" user="OSMnx" version="1" changeset="1" lat="19.23125" lon="72.876684" /><node id="7278944547" timestamp="2026-04-03T18:16:03Z" uid="1" user="OSMnx" version="1" changeset="1" lat="19.230123" lon="72.875956" /><node id="7278944548" timestamp="2026-04-03T18:16:03Z" uid="1" user="OSMnx" version="1" changeset="1" lat="19.230033" lon="72.875659" /><node id="7278944549" timestamp="2026-04-03T18:16:03Z" uid="1" user="OSMnx" version="1" changeset="1" lat="19.232001" lon="72.877006" /><node id="7278944550" timestamp="2026-04-03T18:16:03Z" uid="1" user="OSMnx" version="1" changeset="1" lat="19.23254" lon="72.877188" /><node id="7278944551" timestamp="2026-04-03T18:16:03Z" uid="1" user="OSMnx" version="1" changeset="1" lat="19.233037" lon="72.877252" /><node id="7278944552" timestamp="2026-04-03T18:16:03Z" uid="1" user="OSMnx" version="1" changeset="1" lat="19.233194" lon="72.877252" /><node id="7278944553" timestamp="2026-04-03T18:16:03Z" uid="1" user="OSMnx" version="1" changeset="1" lat="19.2333" lon="72.877234" /><node id="7278944554" timestamp="2026-04-03T18:16:03Z" uid="1" user="OSMnx" version="1" changeset="1" lat="19.233386" lon="72.877204" /><node id="7278944563" timestamp="2026-04-03T18:16:03Z" uid="1" user="OSMnx" version="1" changeset="1" lat="19.23662" lon="72.879433" /><node id="7278944564" timestamp="2026-04-03T18:16:03Z" uid="1" user="OSMnx" version="1" changeset="1" lat="19.236506" lon="72.879396" /><node id="7278944565" timestamp="2026-04-03T18:16:03Z" uid="1" user="OSMnx" version="1" changeset="1" lat="19.236397" lon="72.879371" /><node id="7278944566" timestamp="2026-04-03T18:16:03Z" uid="1" user="OSMnx" version="1" changeset="1" lat="19.236088" lon="72.879154" /><node id="7278944567" timestamp="2026-04-03T18:16:03Z" uid="1" user="OSMnx" version="1" changeset="1" lat="19.235995" lon="72.879119" /><node id="7278944568" timestamp="2026-04-03T18:16:03Z" uid="1" user="OSMnx" version="1" changeset="1" lat="19.235883" lon="72.879111" /><node id="7278944569" timestamp="2026-04-03T18:16:03Z" uid="1" user="OSMnx" version="1" changeset="1" lat="19.235805" lon="72.879114" /><node id="7278944570" timestamp="2026-04-03T18:16:03Z" uid="1" user="OSMnx" version="1" changeset="1" lat="19.235389" lon="72.879151" /><node id="7278944571" timestamp="2026-04-03T18:16:03Z" uid="1" user="OSMnx" version="1" changeset="1" lat="19.235301" lon="72.879149" /><node id="7278944572" timestamp="2026-04-03T18:16:03Z" uid="1" user="OSMnx" version="1" changeset="1" lat="19.23524" lon="72.879122" /><node id="7278944573" timestamp="2026-04-03T18:16:03Z" uid="1" user="OSMnx" version="1" changeset="1" lat="19.235199" lon="72.879076" /><node id="7278944574" timestamp="2026-04-03T18:16:03Z" uid="1" user="OSMnx" version="1" changeset="1" lat="19.235086" lon="72.878862" /><node id="7278944575" timestamp="2026-04-03T18:16:03Z" uid="1" user="OSMnx" version="1" changeset="1" lat="19.234885" lon="72.878494" /><node id="7278944576" timestamp="2026-04-03T18:16:03Z" uid="1" user="OSMnx" version="1" changeset="1" lat="19.234288" lon="72.877751" /><node id="7278944577" timestamp="2026-04-03T18:16:03Z" uid="1" user="OSMnx" version="1" changeset="1" lat="19.234133" lon="72.877561" /><node id="7278944578" timestamp="2026-04-03T18:16:03Z" uid="1" user="OSMnx" version="1" changeset="1" lat="19.234004" lon="72.877416" /><node id="7278944579" timestamp="2026-04-03T18:16:03Z" uid="1" user="OSMnx" version="1" changeset="1" lat="19.233515" lon="72.876952" /><node id="7278944580" timestamp="2026-04-03T18:16:03Z" uid="1" user="OSMnx" version="1" changeset="1" lat="19.233475" lon="72.876888" /><node id="7278944581" timestamp="2026-04-03T18:16:03Z" uid="1" user="OSMnx" version="1" changeset="1" lat="19.233444" lon="72.876764" /><node id="7278944582" timestamp="2026-04-03T18:16:03Z" uid="1" user="OSMnx" version="1" changeset="1" lat="19.233442" lon="72.876526" /><node id="7291368906" timestamp="2026-04-03T18:16:03Z" uid="1" user="OSMnx" version="1" changeset="1" lat="19.226648" lon="72.877773" /><node id="7291368907" timestamp="2026-04-03T18:16:03Z" uid="1" user="OSMnx" version="1" changeset="1" lat="19.230181" lon="72.876076" /><node id="7291368908" timestamp="2026-04-03T18:16:03Z" uid="1" user="OSMnx" version="1" changeset="1" lat="19.230858" lon="72.876679" /><node id="7291368909" timestamp="2026-04-03T18:16:03Z" uid="1" user="OSMnx" version="1" changeset="1" lat="19.230768" lon="72.876648" /><node id="7291368910" timestamp="2026-04-03T18:16:03Z" uid="1" user="OSMnx" version="1" changeset="1" lat="19.230691" lon="72.876597" /><node id="7291368911" timestamp="2026-04-03T18:16:03Z" uid="1" user="OSMnx" version="1" changeset="1" lat="19.230264" lon="72.876198" /><node id="7291368913" timestamp="2026-04-03T18:16:03Z" uid="1" user="OSMnx" version="1" changeset="1" lat="19.226944" lon="72.877113" /><node id="7291368914" timestamp="2026-04-03T18:16:03Z" uid="1" user="OSMnx" version="1" changeset="1" lat="19.226613" lon="72.877193" /><node id="7291368915" timestamp="2026-04-03T18:16:03Z" uid="1" user="OSMnx" version="1" changeset="1" lat="19.226567" lon="72.877215" /><node id="7291368916" timestamp="2026-04-03T18:16:03Z" uid="1" user="OSMnx" version="1" changeset="1" lat="19.226527" lon="72.877252" /><node id="7291368917" timestamp="2026-04-03T18:16:03Z" uid="1" user="OSMnx" version="1" changeset="1" lat="19.226495" lon="72.877306" /><node id="7291368918" timestamp="2026-04-03T18:16:03Z" uid="1" user="OSMnx" version="1" changeset="1" lat="19.226447" lon="72.87755" /><node id="7291368919" timestamp="2026-04-03T18:16:03Z" uid="1" user="OSMnx" version="1" changeset="1" lat="19.226441" lon="72.877607" /><node id="7291368920" timestamp="2026-04-03T18:16:03Z" uid="1" user="OSMnx" version="1" changeset="1" lat="19.226451" lon="72.877657" /><node id="7291368921" timestamp="2026-04-03T18:16:03Z" uid="1" user="OSMnx" version="1" changeset="1" lat="19.226494" lon="72.877703" /><node id="7291368922" timestamp="2026-04-03T18:16:03Z" uid="1" user="OSMnx" version="1" changeset="1" lat="19.226707" lon="72.877794" /><node id="7291368923" timestamp="2026-04-03T18:16:03Z" uid="1" user="OSMnx" version="1" changeset="1" lat="19.226769" lon="72.877812" /><node id="7291368924" timestamp="2026-04-03T18:16:03Z" uid="1" user="OSMnx" version="1" changeset="1" lat="19.226908" lon="72.877829" /><node id="7291368925" timestamp="2026-04-03T18:16:03Z" uid="1" user="OSMnx" version="1" changeset="1" lat="19.226957" lon="72.877822" /><node id="7291368926" timestamp="2026-04-03T18:16:03Z" uid="1" user="OSMnx" version="1" changeset="1" lat="19.226993" lon="72.877802" /><node id="7291368927" timestamp="2026-04-03T18:16:03Z" uid="1" user="OSMnx" version="1" changeset="1" lat="19.227091" lon="72.877721" /><node id="7291368928" timestamp="2026-04-03T18:16:03Z" uid="1" user="OSMnx" version="1" changeset="1" lat="19.227125" lon="72.877702" /><node id="7291368929" timestamp="2026-04-03T18:16:03Z" uid="1" user="OSMnx" version="1" changeset="1" lat="19.227161" lon="72.877689" /><node id="7291368930" timestamp="2026-04-03T18:16:03Z" uid="1" user="OSMnx" version="1" changeset="1" lat="19.227785" lon="72.877537" /><node id="7324654572" timestamp="2026-04-03T18:16:03Z" uid="1" user="OSMnx" version="1" changeset="1" lat="19.216265" lon="72.880218" /><node id="7324654578" timestamp="2026-04-03T18:16:03Z" uid="1" user="OSMnx" version="1" changeset="1" lat="19.220234" lon="72.886916" /><node id="7324657331" timestamp="2026-04-03T18:16:03Z" uid="1" user="OSMnx" version="1" changeset="1" lat="19.217988" lon="72.879392" /><node id="7324657332" timestamp="2026-04-03T18:16:03Z" uid="1" user="OSMnx" version="1" changeset="1" lat="19.218102" lon="72.879353" /><node id="7324657333" timestamp="2026-04-03T18:16:03Z" uid="1" user="OSMnx" version="1" changeset="1" lat="19.216677" lon="72.880279" /><node id="7324657334" timestamp="2026-04-03T18:16:03Z" uid="1" user="OSMnx" version="1" changeset="1" lat="19.217285" lon="72.880146" /><node id="7324667951" timestamp="2026-04-03T18:16:03Z" uid="1" user="OSMnx" version="1" changeset="1" lat="19.220969" lon="72.886531" /><node id="7389343582" timestamp="2026-04-03T18:16:03Z" uid="1" user="OSMnx" version="1" changeset="1" lat="19.232496" lon="72.874685" /><node id="7389343583" timestamp="2026-04-03T18:16:03Z" uid="1" user="OSMnx" version="1" changeset="1" lat="19.232777" lon="72.87477" /><node id="7389343584" timestamp="2026-04-03T18:16:03Z" uid="1" user="OSMnx" version="1" changeset="1" lat="19.232996" lon="72.874956" /><node id="7404576308" timestamp="2026-04-03T18:16:03Z" uid="1" user="OSMnx" version="1" changeset="1" lat="19.228025" lon="72.872229" /><node id="7404754811" timestamp="2026-04-03T18:16:03Z" uid="1" user="OSMnx" version="1" changeset="1" lat="19.227911" lon="72.87268" /><node id="9266189103" timestamp="2026-04-03T18:16:03Z" uid="1" user="OSMnx" version="1" changeset="1" lat="19.209017" lon="72.901157" /><node id="9266220019" timestamp="2026-04-03T18:16:03Z" uid="1" user="OSMnx" version="1" changeset="1" lat="19.210137" lon="72.897932" /><node id="10253343401" timestamp="2026-04-03T18:16:03Z" uid="1" user="OSMnx" version="1" changeset="1" lat="19.215935" lon="72.879845" /><node id="10253343402" timestamp="2026-04-03T18:16:03Z" uid="1" user="OSMnx" version="1" changeset="1" lat="19.215537" lon="72.879214" /><node id="12864831135" timestamp="2026-04-03T18:16:03Z" uid="1" user="OSMnx" version="1" changeset="1" lat="19.171991" lon="72.917575" /><node id="13590777941" timestamp="2026-04-03T18:16:03Z" uid="1" user="OSMnx" version="1" changeset="1" lat="19.209281" lon="72.900373" /><node id="13590777942" timestamp="2026-04-03T18:16:03Z" uid="1" user="OSMnx" version="1" changeset="1" lat="19.209321" lon="72.900211" /><node id="13590777943" timestamp="2026-04-03T18:16:03Z" uid="1" user="OSMnx" version="1" changeset="1" lat="19.209383" lon="72.899413" /><node id="13590777944" timestamp="2026-04-03T18:16:03Z" uid="1" user="OSMnx" version="1" changeset="1" lat="19.209325" lon="72.899628" /><node id="13590777945" timestamp="2026-04-03T18:16:03Z" uid="1" user="OSMnx" version="1" changeset="1" lat="19.208862" lon="72.901586" /><node id="13590777946" timestamp="2026-04-03T18:16:03Z" uid="1" user="OSMnx" version="1" changeset="1" lat="19.208842" lon="72.901696" /><node id="13590777947" timestamp="2026-04-03T18:16:03Z" uid="1" user="OSMnx" version="1" changeset="1" lat="19.208857" lon="72.90179" /><node id="13590777948" timestamp="2026-04-03T18:16:03Z" uid="1" user="OSMnx" version="1" changeset="1" lat="19.20911" lon="72.902378" /><node id="13590777949" timestamp="2026-04-03T18:16:03Z" uid="1" user="OSMnx" version="1" changeset="1" lat="19.208664" lon="72.902976" /><node id="13590777950" timestamp="2026-04-03T18:16:03Z" uid="1" user="OSMnx" version="1" changeset="1" lat="19.208488" lon="72.902962" /><node id="13590777951" timestamp="2026-04-03T18:16:03Z" uid="1" user="OSMnx" version="1" changeset="1" lat="19.208404" lon="72.902856" /><node id="13590777952" timestamp="2026-04-03T18:16:03Z" uid="1" user="OSMnx" version="1" changeset="1" lat="19.20821" lon="72.90277" /><node id="13590777953" timestamp="2026-04-03T18:16:03Z" uid="1" user="OSMnx" version="1" changeset="1" lat="19.208096" lon="72.902755" /><node id="13590777954" timestamp="2026-04-03T18:16:03Z" uid="1" user="OSMnx" version="1" changeset="1" lat="19.20772" lon="72.90279" /><node id="13590777955" timestamp="2026-04-03T18:16:03Z" uid="1" user="OSMnx" version="1" changeset="1" lat="19.207848" lon="72.902761" /><node id="13590777956" timestamp="2026-04-03T18:16:03Z" uid="1" user="OSMnx" version="1" changeset="1" lat="19.20698" lon="72.903049" /><node id="13590777957" timestamp="2026-04-03T18:16:03Z" uid="1" user="OSMnx" version="1" changeset="1" lat="19.206639" lon="72.903174" /><node id="13590777958" timestamp="2026-04-03T18:16:03Z" uid="1" user="OSMnx" version="1" changeset="1" lat="19.206723" lon="72.903159" /><node id="13590777959" timestamp="2026-04-03T18:16:03Z" uid="1" user="OSMnx" version="1" changeset="1" lat="19.206252" lon="72.903249" /><node id="13590777960" timestamp="2026-04-03T18:16:03Z" uid="1" user="OSMnx" version="1" changeset="1" lat="19.206126" lon="72.903319" /><node id="13590777961" timestamp="2026-04-03T18:16:03Z" uid="1" user="OSMnx" version="1" changeset="1" lat="19.205964" lon="72.903465" /><node id="13590777962" timestamp="2026-04-03T18:16:03Z" uid="1" user="OSMnx" version="1" changeset="1" lat="19.20592" lon="72.903671" /><node id="13590777963" timestamp="2026-04-03T18:16:03Z" uid="1" user="OSMnx" version="1" changeset="1" lat="19.205952" lon="72.903782" /><node id="13590777964" timestamp="2026-04-03T18:16:03Z" uid="1" user="OSMnx" version="1" changeset="1" lat="19.206059" lon="72.903931" /><node id="13590777965" timestamp="2026-04-03T18:16:03Z" uid="1" user="OSMnx" version="1" changeset="1" lat="19.206112" lon="72.903965" /><node id="13590777966" timestamp="2026-04-03T18:16:03Z" uid="1" user="OSMnx" version="1" changeset="1" lat="19.206256" lon="72.903976" /><node id="13590777967" timestamp="2026-04-03T18:16:03Z" uid="1" user="OSMnx" version="1" changeset="1" lat="19.206516" lon="72.90395" /><node id="13590777968" timestamp="2026-04-03T18:16:03Z" uid="1" user="OSMnx" version="1" changeset="1" lat="19.206637" lon="72.903949" /><node id="13590777969" timestamp="2026-04-03T18:16:03Z" uid="1" user="OSMnx" version="1" changeset="1" lat="19.206754" lon="72.903952" /><way id="0" timestamp="2026-04-03T18:16:03Z" uid="1" user="OSMnx" version="1" changeset="1"><nd ref="245680706" /><nd ref="13590777942" /><tag k="highway" v="unclassified" /><tag k="name" v="Kanheri Caves Road" /></way><way id="1" timestamp="2026-04-03T18:16:03Z" uid="1" user="OSMnx" version="1" changeset="1"><nd ref="245680715" /><nd ref="9266189103" /><tag k="highway" v="unclassified" /><tag k="name" v="Kanheri Caves Road" /></way><way id="2" timestamp="2026-04-03T18:16:03Z" uid="1" user="OSMnx" version="1" changeset="1"><nd ref="245680723" /><nd ref="13590777944" /><tag k="highway" v="unclassified" /><tag k="name" v="Kanheri Caves Road" /></way><way id="3" timestamp="2026-04-03T18:16:03Z" uid="1" user="OSMnx" version="1" changeset="1"><nd ref="245680739" /><nd ref="2224745604" /><tag k="highway" v="unclassified" /><tag k="name" v="Kanheri Caves Road" /></way><way id="4" timestamp="2026-04-03T18:16:03Z" uid="1" user="OSMnx" version="1" changeset="1"><nd ref="245680752" /><nd ref="283211604" /><tag k="highway" v="unclassified" /><tag k="name" v="Kanheri Caves Road" /></way><way id="5" timestamp="2026-04-03T18:16:03Z" uid="1" user="OSMnx" version="1" changeset="1"><nd ref="245680804" /><nd ref="245680823" /><tag k="highway" v="unclassified" /><tag k="name" v="Kanheri Caves Road" /></way><way id="6" timestamp="2026-04-03T18:16:03Z" uid="1" user="OSMnx" version="1" changeset="1"><nd ref="245680823" /><nd ref="997661063" /><tag k="highway" v="unclassified" /><tag k="name" v="Kanheri Caves Road" /></way><way id="7" timestamp="2026-04-03T18:16:03Z" uid="1" user="OSMnx" version="1" changeset="1"><nd ref="245680843" /><nd ref="245681032" /><tag k="highway" v="unclassified" /><tag k="name" v="Kanheri Caves Road" /></way><way id="8" timestamp="2026-04-03T18:16:03Z" uid="1" user="OSMnx" version="1" changeset="1"><nd ref="245681032" /><nd ref="997661065" /><tag k="highway" v="unclassified" /><tag k="name" v="Kanheri Caves Road" /></way><way id="9" timestamp="2026-04-03T18:16:03Z" uid="1" user="OSMnx" version="1" changeset="1"><nd ref="245681160" /><nd ref="564720331" /><tag k="highway" v="unclassified" /><tag k="name" v="Kanheri Caves Road" /></way><way id="10" timestamp="2026-04-03T18:16:03Z" uid="1" user="OSMnx" version="1" changeset="1"><nd ref="245681314" /><nd ref="245681392" /><tag k="highway" v="unclassified" /><tag k="name" v="Kanheri Caves Road" /></way><way id="11" timestamp="2026-04-03T18:16:03Z" uid="1" user="OSMnx" version="1" changeset="1"><nd ref="245681392" /><nd ref="7324654578" /><tag k="highway" v="unclassified" /><tag k="name" v="Kanheri Caves Road" /></way><way id="12" timestamp="2026-04-03T18:16:03Z" uid="1" user="OSMnx" version="1" changeset="1"><nd ref="245681623" /><nd ref="997661069" /><tag k="highway" v="unclassified" /><tag k="name" v="Kanheri Caves Road" /></way><way id="13" timestamp="2026-04-03T18:16:03Z" uid="1" user="OSMnx" version="1" changeset="1"><nd ref="245681642" /><nd ref="997680729" /><tag k="highway" v="unclassified" /><tag k="maxspeed" v="40" /><tag k="name" v="Kanheri Caves Road" /></way><way id="14" timestamp="2026-04-03T18:16:03Z" uid="1" user="OSMnx" version="1" changeset="1"><nd ref="245681643" /><nd ref="245681650" /><tag k="highway" v="unclassified" /><tag k="maxspeed" v="40" /><tag k="name" v="Kanheri Caves Road" /></way><way id="15" timestamp="2026-04-03T18:16:03Z" uid="1" user="OSMnx" version="1" changeset="1"><nd ref="245681649" /><nd ref="245681643" /><tag k="highway" v="unclassified" /><tag k="maxspeed" v="40" /><tag k="name" v="Kanheri Caves Road" /></way><way id="16" timestamp="2026-04-03T18:16:03Z" uid="1" user="OSMnx" version="1" changeset="1"><nd ref="245681650" /><nd ref="564724973" /><tag k="highway" v="unclassified" /><tag k="maxspeed" v="40" /><tag k="name" v="Kanheri Caves Road" /></way><way id="17" timestamp="2026-04-03T18:16:03Z" uid="1" user="OSMnx" version="1" changeset="1"><nd ref="245681654" /><nd ref="245681655" /><tag k="highway" v="unclassified" /><tag k="maxspeed" v="40" /><tag k="name" v="Kanheri Caves Road" /></way><way id="18" timestamp="2026-04-03T18:16:03Z" uid="1" user="OSMnx" version="1" changeset="1"><nd ref="245681655" /><nd ref="245681649" /><tag k="highway" v="unclassified" /><tag k="maxspeed" v="40" /><tag k="name" v="Kanheri Caves Road" /></way><way id="19" timestamp="2026-04-03T18:16:03Z" uid="1" user="OSMnx" version="1" changeset="1"><nd ref="245681677" /><nd ref="590196237" /><tag k="highway" v="residential" /><tag k="name" v="Mafco Road" /></way><way id="20" timestamp="2026-04-03T18:16:03Z" uid="1" user="OSMnx" version="1" changeset="1"><nd ref="245681706" /><nd ref="7278944528" /><tag k="highway" v="residential" /><tag k="name" v="Mafco Road" /></way><way id="21" timestamp="2026-04-03T18:16:03Z" uid="1" user="OSMnx" version="1" changeset="1"><nd ref="245681765" /><nd ref="5937705396" /><tag k="highway" v="residential" /><tag k="name" v="Mafco Road" /></way><way id="22" timestamp="2026-04-03T18:16:03Z" uid="1" user="OSMnx" version="1" changeset="1"><nd ref="245681807" /><nd ref="245681881" /><tag k="highway" v="residential" /><tag k="name" v="Mafco Road" /></way><way id="23" timestamp="2026-04-03T18:16:03Z" uid="1" user="OSMnx" version="1" changeset="1"><nd ref="245681881" /><nd ref="2224745641" /><tag k="highway" v="residential" /><tag k="name" v="Mafco Road" /></way><way id="24" timestamp="2026-04-03T18:16:03Z" uid="1" user="OSMnx" version="1" changeset="1"><nd ref="245682188" /><nd ref="1074578480" /><tag k="highway" v="residential" /></way><way id="25" timestamp="2026-04-03T18:16:03Z" uid="1" user="OSMnx" version="1" changeset="1"><nd ref="283211600" /><nd ref="997661059" /><tag k="highway" v="unclassified" /><tag k="name" v="Kanheri Caves Road" /></way><way id="26" timestamp="2026-04-03T18:16:03Z" uid="1" user="OSMnx" version="1" changeset="1"><nd ref="283211601" /><nd ref="283211600" /><tag k="highway" v="unclassified" /><tag k="name" v="Kanheri Caves Road" /></way><way id="27" timestamp="2026-04-03T18:16:03Z" uid="1" user="OSMnx" version="1" changeset="1"><nd ref="283211603" /><nd ref="283211601" /><tag k="highway" v="unclassified" /><tag k="name" v="Kanheri Caves Road" /></way><way id="28" timestamp="2026-04-03T18:16:03Z" uid="1" user="OSMnx" version="1" changeset="1"><nd ref="283211604" /><nd ref="283211603" /><tag k="highway" v="unclassified" /><tag k="name" v="Kanheri Caves Road" /></way><way id="29" timestamp="2026-04-03T18:16:03Z" uid="1" user="OSMnx" version="1" changeset="1"><nd ref="283211606" /><nd ref="245680752" /><tag k="highway" v="unclassified" /><tag k="name" v="Kanheri Caves Road" /></way><way id="30" timestamp="2026-04-03T18:16:03Z" uid="1" user="OSMnx" version="1" changeset="1"><nd ref="283211607" /><nd ref="283211606" /><tag k="highway" v="unclassified" /><tag k="name" v="Kanheri Caves Road" /></way><way id="31" timestamp="2026-04-03T18:16:03Z" uid="1" user="OSMnx" version="1" changeset="1"><nd ref="283211609" /><nd ref="9266220019" /><tag k="highway" v="unclassified" /><tag k="name" v="Kanheri Caves Road" /></way><way id="32" timestamp="2026-04-03T18:16:03Z" uid="1" user="OSMnx" version="1" changeset="1"><nd ref="283211610" /><nd ref="13590777947" /><tag k="highway" v="unclassified" /><tag k="name" v="Kanheri Caves Road" /></way><way id="33" timestamp="2026-04-03T18:16:03Z" uid="1" user="OSMnx" version="1" changeset="1"><nd ref="283211611" /><nd ref="283211610" /><tag k="highway" v="unclassified" /><tag k="name" v="Kanheri Caves Road" /></way><way id="34" timestamp="2026-04-03T18:16:03Z" uid="1" user="OSMnx" version="1" changeset="1"><nd ref="283211613" /><nd ref="283211611" /><tag k="highway" v="unclassified" /><tag k="name" v="Kanheri Caves Road" /></way><way id="35" timestamp="2026-04-03T18:16:03Z" uid="1" user="OSMnx" version="1" changeset="1"><nd ref="283211614" /><nd ref="13590777948" /><tag k="highway" v="unclassified" /><tag k="name" v="Kanheri Caves Road" /></way><way id="36" timestamp="2026-04-03T18:16:03Z" uid="1" user="OSMnx" version="1" changeset="1"><nd ref="283211616" /><nd ref="564720322" /><tag k="highway" v="unclassified" /><tag k="name" v="Kanheri Caves Road" /></way><way id="37" timestamp="2026-04-03T18:16:03Z" uid="1" user="OSMnx" version="1" changeset="1"><nd ref="283211617" /><nd ref="13590777949" /><tag k="highway" v="unclassified" /><tag k="name" v="Kanheri Caves Road" /></way><way id="38" timestamp="2026-04-03T18:16:03Z" uid="1" user="OSMnx" version="1" changeset="1"><nd ref="283211618" /><nd ref="13590777951" /><tag k="highway" v="unclassified" /><tag k="name" v="Kanheri Caves Road" /></way><way id="39" timestamp="2026-04-03T18:16:03Z" uid="1" user="OSMnx" version="1" changeset="1"><nd ref="283211620" /><nd ref="13590777953" /><tag k="highway" v="unclassified" /><tag k="name" v="Kanheri Caves Road" /></way><way id="40" timestamp="2026-04-03T18:16:03Z" uid="1" user="OSMnx" version="1" changeset="1"><nd ref="283211621" /><nd ref="13590777954" /><tag k="highway" v="unclassified" /><tag k="name" v="Kanheri Caves Road" /></way><way id="41" timestamp="2026-04-03T18:16:03Z" uid="1" user="OSMnx" version="1" changeset="1"><nd ref="283211623" /><nd ref="13590777956" /><tag k="highway" v="unclassified" /><tag k="name" v="Kanheri Caves Road" /></way><way id="42" timestamp="2026-04-03T18:16:03Z" uid="1" user="OSMnx" version="1" changeset="1"><nd ref="283211624" /><nd ref="13590777957" /><tag k="highway" v="unclassified" /><tag k="name" v="Kanheri Caves Road" /></way><way id="43" timestamp="2026-04-03T18:16:03Z" uid="1" user="OSMnx" version="1" changeset="1"><nd ref="283211625" /><nd ref="13590777960" /><tag k="highway" v="unclassified" /><tag k="name" v="Kanheri Caves Road" /></way><way id="44" timestamp="2026-04-03T18:16:03Z" uid="1" user="OSMnx" version="1" changeset="1"><nd ref="283211627" /><nd ref="13590777961" /><tag k="highway" v="unclassified" /><tag k="name" v="Kanheri Caves Road" /></way><way id="45" timestamp="2026-04-03T18:16:03Z" uid="1" user="OSMnx" version="1" changeset="1"><nd ref="283211628" /><nd ref="13590777963" /><tag k="highway" v="unclassified" /><tag k="name" v="Kanheri Caves Road" /></way><way id="46" timestamp="2026-04-03T18:16:03Z" uid="1" user="OSMnx" version="1" changeset="1"><nd ref="283211630" /><nd ref="13590777965" /><tag k="highway" v="unclassified" /><tag k="name" v="Kanheri Caves Road" /></way><way id="47" timestamp="2026-04-03T18:16:03Z" uid="1" user="OSMnx" version="1" changeset="1"><nd ref="283211631" /><nd ref="13590777969" /><tag k="highway" v="unclassified" /><tag k="name" v="Kanheri Caves Road" /></way><way id="48" timestamp="2026-04-03T18:16:03Z" uid="1" user="OSMnx" version="1" changeset="1"><nd ref="564720322" /><nd ref="283211614" /><tag k="highway" v="unclassified" /><tag k="name" v="Kanheri Caves Road" /></way><way id="49" timestamp="2026-04-03T18:16:03Z" uid="1" user="OSMnx" version="1" changeset="1"><nd ref="564720324" /><nd ref="13590777943" /><tag k="highway" v="unclassified" /><tag k="name" v="Kanheri Caves Road" /></way><way id="50" timestamp="2026-04-03T18:16:03Z" uid="1" user="OSMnx" version="1" changeset="1"><nd ref="564720326" /><nd ref="283211609" /><tag k="highway" v="unclassified" /><tag k="name" v="Kanheri Caves Road" /></way><way id="51" timestamp="2026-04-03T18:16:03Z" uid="1" user="OSMnx" version="1" changeset="1"><nd ref="564720331" /><nd ref="564720332" /><tag k="highway" v="unclassified" /><tag k="name" v="Kanheri Caves Road" /></way><way id="52" timestamp="2026-04-03T18:16:03Z" uid="1" user="OSMnx" version="1" changeset="1"><nd ref="564720332" /><nd ref="245681314" /><tag k="highway" v="unclassified" /><tag k="name" v="Kanheri Caves Road" /></way><way id="53" timestamp="2026-04-03T18:16:03Z" uid="1" user="OSMnx" version="1" changeset="1"><nd ref="564720337" /><nd ref="7324667951" /><tag k="highway" v="unclassified" /><tag k="name" v="Kanheri Caves Road" /></way><way id="54" timestamp="2026-04-03T18:16:03Z" uid="1" user="OSMnx" version="1" changeset="1"><nd ref="564720339" /><nd ref="997661067" /><tag k="highway" v="unclassified" /><tag k="name" v="Kanheri Caves Road" /></way><way id="55" timestamp="2026-04-03T18:16:03Z" uid="1" user="OSMnx" version="1" changeset="1"><nd ref="564724973" /><nd ref="997672477" /><tag k="highway" v="residential" /><tag k="name" v="MESB Colony Road" /></way><way id="56" timestamp="2026-04-03T18:16:03Z" uid="1" user="OSMnx" version="1" changeset="1"><nd ref="564724973" /><nd ref="564724974" /><tag k="highway" v="unclassified" /><tag k="maxspeed" v="40" /><tag k="name" v="Kanheri Caves Road" /></way><way id="57" timestamp="2026-04-03T18:16:03Z" uid="1" user="OSMnx" version="1" changeset="1"><nd ref="564724974" /><nd ref="564724975" /><tag k="highway" v="unclassified" /><tag k="maxspeed" v="40" /><tag k="name" v="Kanheri Caves Road" /></way><way id="58" timestamp="2026-04-03T18:16:03Z" uid="1" user="OSMnx" version="1" changeset="1"><nd ref="564724975" /><nd ref="564724976" /><tag k="highway" v="unclassified" /><tag k="maxspeed" v="40" /><tag k="name" v="Kanheri Caves Road" /></way><way id="59" timestamp="2026-04-03T18:16:03Z" uid="1" user="OSMnx" version="1" changeset="1"><nd ref="564724976" /><nd ref="564724977" /><tag k="highway" v="unclassified" /><tag k="maxspeed" v="40" /><tag k="name" v="Kanheri Caves Road" /></way><way id="60" timestamp="2026-04-03T18:16:03Z" uid="1" user="OSMnx" version="1" changeset="1"><nd ref="564724977" /><nd ref="564724978" /><tag k="highway" v="unclassified" /><tag k="name" v="Kanheri Caves Road" /></way><way id="61" timestamp="2026-04-03T18:16:03Z" uid="1" user="OSMnx" version="1" changeset="1"><nd ref="564724978" /><nd ref="997661052" /><tag k="highway" v="unclassified" /><tag k="name" v="Kanheri Caves Road" /></way><way id="62" timestamp="2026-04-03T18:16:03Z" uid="1" user="OSMnx" version="1" changeset="1"><nd ref="564737595" /><nd ref="564737596" /><tag k="highway" v="unclassified" /><tag k="maxspeed" v="40" /><tag k="name" v="Kanheri Caves Road" /></way><way id="63" timestamp="2026-04-03T18:16:03Z" uid="1" user="OSMnx" version="1" changeset="1"><nd ref="564737596" /><nd ref="245681654" /><tag k="highway" v="unclassified" /><tag k="maxspeed" v="40" /><tag k="name" v="Kanheri Caves Road" /></way><way id="64" timestamp="2026-04-03T18:16:03Z" uid="1" user="OSMnx" version="1" changeset="1"><nd ref="590196237" /><nd ref="7278944531" /><tag k="highway" v="residential" /><tag k="name" v="Mafco Road" /></way><way id="65" timestamp="2026-04-03T18:16:03Z" uid="1" user="OSMnx" version="1" changeset="1"><nd ref="996408615" /><nd ref="996408618" /><tag k="highway" v="unclassified" /></way><way id="66" timestamp="2026-04-03T18:16:03Z" uid="1" user="OSMnx" version="1" changeset="1"><nd ref="996408618" /><nd ref="996408621" /><tag k="highway" v="unclassified" /></way><way id="67" timestamp="2026-04-03T18:16:03Z" uid="1" user="OSMnx" version="1" changeset="1"><nd ref="996408621" /><nd ref="996408623" /><tag k="highway" v="unclassified" /></way><way id="68" timestamp="2026-04-03T18:16:03Z" uid="1" user="OSMnx" version="1" changeset="1"><nd ref="996408623" /><nd ref="996408626" /><tag k="highway" v="unclassified" /></way><way id="69" timestamp="2026-04-03T18:16:03Z" uid="1" user="OSMnx" version="1" changeset="1"><nd ref="996408626" /><nd ref="996408632" /><tag k="highway" v="unclassified" /></way><way id="70" timestamp="2026-04-03T18:16:03Z" uid="1" user="OSMnx" version="1" changeset="1"><nd ref="996408632" /><nd ref="996408638" /><tag k="highway" v="unclassified" /></way><way id="71" timestamp="2026-04-03T18:16:03Z" uid="1" user="OSMnx" version="1" changeset="1"><nd ref="996408638" /><nd ref="996408643" /><tag k="highway" v="unclassified" /></way><way id="72" timestamp="2026-04-03T18:16:03Z" uid="1" user="OSMnx" version="1" changeset="1"><nd ref="996408643" /><nd ref="996408646" /><tag k="highway" v="unclassified" /></way><way id="73" timestamp="2026-04-03T18:16:03Z" uid="1" user="OSMnx" version="1" changeset="1"><nd ref="996408646" /><nd ref="996408648" /><tag k="highway" v="unclassified" /></way><way id="74" timestamp="2026-04-03T18:16:03Z" uid="1" user="OSMnx" version="1" changeset="1"><nd ref="996408648" /><nd ref="996408650" /><tag k="highway" v="unclassified" /></way><way id="75" timestamp="2026-04-03T18:16:03Z" uid="1" user="OSMnx" version="1" changeset="1"><nd ref="996408650" /><nd ref="996408661" /><tag k="highway" v="unclassified" /></way><way id="76" timestamp="2026-04-03T18:16:03Z" uid="1" user="OSMnx" version="1" changeset="1"><nd ref="996408661" /><nd ref="996408668" /><tag k="highway" v="unclassified" /></way><way id="77" timestamp="2026-04-03T18:16:03Z" uid="1" user="OSMnx" version="1" changeset="1"><nd ref="996408668" /><nd ref="996408671" /><tag k="highway" v="unclassified" /></way><way id="78" timestamp="2026-04-03T18:16:03Z" uid="1" user="OSMnx" version="1" changeset="1"><nd ref="996408671" /><nd ref="996408679" /><tag k="highway" v="unclassified" /></way><way id="79" timestamp="2026-04-03T18:16:03Z" uid="1" user="OSMnx" version="1" changeset="1"><nd ref="996408679" /><nd ref="996408683" /><tag k="highway" v="unclassified" /></way><way id="80" timestamp="2026-04-03T18:16:03Z" uid="1" user="OSMnx" version="1" changeset="1"><nd ref="996408683" /><nd ref="996408705" /><tag k="highway" v="unclassified" /></way><way id="81" timestamp="2026-04-03T18:16:03Z" uid="1" user="OSMnx" version="1" changeset="1"><nd ref="996408705" /><nd ref="996408707" /><tag k="highway" v="unclassified" /></way><way id="82" timestamp="2026-04-03T18:16:03Z" uid="1" user="OSMnx" version="1" changeset="1"><nd ref="996408707" /><nd ref="996408712" /><tag k="highway" v="unclassified" /></way><way id="83" timestamp="2026-04-03T18:16:03Z" uid="1" user="OSMnx" version="1" changeset="1"><nd ref="996408712" /><nd ref="996408717" /><tag k="highway" v="unclassified" /></way><way id="84" timestamp="2026-04-03T18:16:03Z" uid="1" user="OSMnx" version="1" changeset="1"><nd ref="996408717" /><nd ref="996408723" /><tag k="highway" v="unclassified" /></way><way id="85" timestamp="2026-04-03T18:16:03Z" uid="1" user="OSMnx" version="1" changeset="1"><nd ref="996408723" /><nd ref="996408730" /><tag k="highway" v="unclassified" /></way><way id="86" timestamp="2026-04-03T18:16:03Z" uid="1" user="OSMnx" version="1" changeset="1"><nd ref="996408730" /><nd ref="996408732" /><tag k="highway" v="unclassified" /></way><way id="87" timestamp="2026-04-03T18:16:03Z" uid="1" user="OSMnx" version="1" changeset="1"><nd ref="996408732" /><nd ref="996408735" /><tag k="highway" v="unclassified" /></way><way id="88" timestamp="2026-04-03T18:16:03Z" uid="1" user="OSMnx" version="1" changeset="1"><nd ref="996408735" /><nd ref="996408739" /><tag k="highway" v="unclassified" /></way><way id="89" timestamp="2026-04-03T18:16:03Z" uid="1" user="OSMnx" version="1" changeset="1"><nd ref="996408739" /><nd ref="996408741" /><tag k="highway" v="unclassified" /></way><way id="90" timestamp="2026-04-03T18:16:03Z" uid="1" user="OSMnx" version="1" changeset="1"><nd ref="996408741" /><nd ref="996408744" /><tag k="highway" v="unclassified" /></way><way id="91" timestamp="2026-04-03T18:16:03Z" uid="1" user="OSMnx" version="1" changeset="1"><nd ref="996408744" /><nd ref="996408746" /><tag k="highway" v="unclassified" /></way><way id="92" timestamp="2026-04-03T18:16:03Z" uid="1" user="OSMnx" version="1" changeset="1"><nd ref="996408746" /><nd ref="996408748" /><tag k="highway" v="unclassified" /></way><way id="93" timestamp="2026-04-03T18:16:03Z" uid="1" user="OSMnx" version="1" changeset="1"><nd ref="996408748" /><nd ref="996408750" /><tag k="highway" v="unclassified" /></way><way id="94" timestamp="2026-04-03T18:16:03Z" uid="1" user="OSMnx" version="1" changeset="1"><nd ref="996408750" /><nd ref="996408752" /><tag k="highway" v="unclassified" /></way><way id="95" timestamp="2026-04-03T18:16:03Z" uid="1" user="OSMnx" version="1" changeset="1"><nd ref="996408752" /><nd ref="996408754" /><tag k="highway" v="unclassified" /></way><way id="96" timestamp="2026-04-03T18:16:03Z" uid="1" user="OSMnx" version="1" changeset="1"><nd ref="996408754" /><nd ref="996408757" /><tag k="highway" v="unclassified" /></way><way id="97" timestamp="2026-04-03T18:16:03Z" uid="1" user="OSMnx" version="1" changeset="1"><nd ref="996408757" /><nd ref="996408760" /><tag k="highway" v="unclassified" /></way><way id="98" timestamp="2026-04-03T18:16:03Z" uid="1" user="OSMnx" version="1" changeset="1"><nd ref="996408760" /><nd ref="996408764" /><tag k="highway" v="unclassified" /></way><way id="99" timestamp="2026-04-03T18:16:03Z" uid="1" user="OSMnx" version="1" changeset="1"><nd ref="996408764" /><nd ref="996408767" /><tag k="highway" v="unclassified" /></way><way id="100" timestamp="2026-04-03T18:16:03Z" uid="1" user="OSMnx" version="1" changeset="1"><nd ref="996408767" /><nd ref="996408774" /><tag k="highway" v="unclassified" /></way><way id="101" timestamp="2026-04-03T18:16:03Z" uid="1" user="OSMnx" version="1" changeset="1"><nd ref="996408774" /><nd ref="996408781" /><tag k="highway" v="unclassified" /></way><way id="102" timestamp="2026-04-03T18:16:03Z" uid="1" user="OSMnx" version="1" changeset="1"><nd ref="996408781" /><nd ref="996408794" /><tag k="highway" v="unclassified" /></way><way id="103" timestamp="2026-04-03T18:16:03Z" uid="1" user="OSMnx" version="1" changeset="1"><nd ref="996408794" /><nd ref="996408796" /><tag k="highway" v="unclassified" /></way><way id="104" timestamp="2026-04-03T18:16:03Z" uid="1" user="OSMnx" version="1" changeset="1"><nd ref="996408796" /><nd ref="996408799" /><tag k="highway" v="unclassified" /></way><way id="105" timestamp="2026-04-03T18:16:03Z" uid="1" user="OSMnx" version="1" changeset="1"><nd ref="996408799" /><nd ref="996408805" /><tag k="highway" v="unclassified" /></way><way id="106" timestamp="2026-04-03T18:16:03Z" uid="1" user="OSMnx" version="1" changeset="1"><nd ref="996408805" /><nd ref="996408807" /><tag k="highway" v="unclassified" /></way><way id="107" timestamp="2026-04-03T18:16:03Z" uid="1" user="OSMnx" version="1" changeset="1"><nd ref="996408807" /><nd ref="996408810" /><tag k="highway" v="unclassified" /></way><way id="108" timestamp="2026-04-03T18:16:03Z" uid="1" user="OSMnx" version="1" changeset="1"><nd ref="996408810" /><nd ref="996408814" /><tag k="highway" v="unclassified" /></way><way id="109" timestamp="2026-04-03T18:16:03Z" uid="1" user="OSMnx" version="1" changeset="1"><nd ref="996408814" /><nd ref="996408817" /><tag k="highway" v="unclassified" /></way><way id="110" timestamp="2026-04-03T18:16:03Z" uid="1" user="OSMnx" version="1" changeset="1"><nd ref="996408817" /><nd ref="996408823" /><tag k="highway" v="unclassified" /></way><way id="111" timestamp="2026-04-03T18:16:03Z" uid="1" user="OSMnx" version="1" changeset="1"><nd ref="996408823" /><nd ref="996408859" /><tag k="highway" v="unclassified" /></way><way id="112" timestamp="2026-04-03T18:16:03Z" uid="1" user="OSMnx" version="1" changeset="1"><nd ref="996408859" /><nd ref="996408861" /><tag k="highway" v="unclassified" /></way><way id="113" timestamp="2026-04-03T18:16:03Z" uid="1" user="OSMnx" version="1" changeset="1"><nd ref="996408861" /><nd ref="996408864" /><tag k="highway" v="unclassified" /></way><way id="114" timestamp="2026-04-03T18:16:03Z" uid="1" user="OSMnx" version="1" changeset="1"><nd ref="996408864" /><nd ref="996408867" /><tag k="highway" v="unclassified" /></way><way id="115" timestamp="2026-04-03T18:16:03Z" uid="1" user="OSMnx" version="1" changeset="1"><nd ref="996408867" /><nd ref="996408880" /><tag k="highway" v="unclassified" /></way><way id="116" timestamp="2026-04-03T18:16:03Z" uid="1" user="OSMnx" version="1" changeset="1"><nd ref="996408880" /><nd ref="996408892" /><tag k="highway" v="unclassified" /></way><way id="117" timestamp="2026-04-03T18:16:03Z" uid="1" user="OSMnx" version="1" changeset="1"><nd ref="996408892" /><nd ref="996408901" /><tag k="highway" v="unclassified" /></way><way id="118" timestamp="2026-04-03T18:16:03Z" uid="1" user="OSMnx" version="1" changeset="1"><nd ref="996408901" /><nd ref="996408905" /><tag k="highway" v="unclassified" /></way><way id="119" timestamp="2026-04-03T18:16:03Z" uid="1" user="OSMnx" version="1" changeset="1"><nd ref="996408905" /><nd ref="996408910" /><tag k="highway" v="unclassified" /></way><way id="120" timestamp="2026-04-03T18:16:03Z" uid="1" user="OSMnx" version="1" changeset="1"><nd ref="996408910" /><nd ref="996408915" /><tag k="highway" v="unclassified" /></way><way id="121" timestamp="2026-04-03T18:16:03Z" uid="1" user="OSMnx" version="1" changeset="1"><nd ref="996408915" /><nd ref="996408920" /><tag k="highway" v="unclassified" /></way><way id="122" timestamp="2026-04-03T18:16:03Z" uid="1" user="OSMnx" version="1" changeset="1"><nd ref="996408920" /><nd ref="996408926" /><tag k="highway" v="unclassified" /></way><way id="123" timestamp="2026-04-03T18:16:03Z" uid="1" user="OSMnx" version="1" changeset="1"><nd ref="996408926" /><nd ref="996408933" /><tag k="highway" v="unclassified" /></way><way id="124" timestamp="2026-04-03T18:16:03Z" uid="1" user="OSMnx" version="1" changeset="1"><nd ref="996408933" /><nd ref="996408940" /><tag k="highway" v="unclassified" /></way><way id="125" timestamp="2026-04-03T18:16:03Z" uid="1" user="OSMnx" version="1" changeset="1"><nd ref="996408940" /><nd ref="996408945" /><tag k="highway" v="unclassified" /></way><way id="126" timestamp="2026-04-03T18:16:03Z" uid="1" user="OSMnx" version="1" changeset="1"><nd ref="996408945" /><nd ref="996408953" /><tag k="highway" v="unclassified" /></way><way id="127" timestamp="2026-04-03T18:16:03Z" uid="1" user="OSMnx" version="1" changeset="1"><nd ref="996408953" /><nd ref="996408962" /><tag k="highway" v="unclassified" /></way><way id="128" timestamp="2026-04-03T18:16:03Z" uid="1" user="OSMnx" version="1" changeset="1"><nd ref="996408962" /><nd ref="996408969" /><tag k="highway" v="unclassified" /></way><way id="129" timestamp="2026-04-03T18:16:03Z" uid="1" user="OSMnx" version="1" changeset="1"><nd ref="996408969" /><nd ref="996409030" /><tag k="highway" v="unclassified" /></way><way id="130" timestamp="2026-04-03T18:16:03Z" uid="1" user="OSMnx" version="1" changeset="1"><nd ref="996409030" /><nd ref="996409034" /><tag k="highway" v="unclassified" /></way><way id="131" timestamp="2026-04-03T18:16:03Z" uid="1" user="OSMnx" version="1" changeset="1"><nd ref="996409034" /><nd ref="996409036" /><tag k="highway" v="unclassified" /></way><way id="132" timestamp="2026-04-03T18:16:03Z" uid="1" user="OSMnx" version="1" changeset="1"><nd ref="996409036" /><nd ref="996409037" /><tag k="highway" v="unclassified" /></way><way id="133" timestamp="2026-04-03T18:16:03Z" uid="1" user="OSMnx" version="1" changeset="1"><nd ref="996409037" /><nd ref="996409038" /><tag k="highway" v="unclassified" /></way><way id="134" timestamp="2026-04-03T18:16:03Z" uid="1" user="OSMnx" version="1" changeset="1"><nd ref="996409038" /><nd ref="996409040" /><tag k="highway" v="unclassified" /></way><way id="135" timestamp="2026-04-03T18:16:03Z" uid="1" user="OSMnx" version="1" changeset="1"><nd ref="996409040" /><nd ref="996409061" /><tag k="highway" v="unclassified" /></way><way id="136" timestamp="2026-04-03T18:16:03Z" uid="1" user="OSMnx" version="1" changeset="1"><nd ref="996409061" /><nd ref="996409065" /><tag k="highway" v="unclassified" /></way><way id="137" timestamp="2026-04-03T18:16:03Z" uid="1" user="OSMnx" version="1" changeset="1"><nd ref="996409065" /><nd ref="4791333640" /><tag k="highway" v="unclassified" /></way><way id="138" timestamp="2026-04-03T18:16:03Z" uid="1" user="OSMnx" version="1" changeset="1"><nd ref="996409065" /><nd ref="996409097" /><tag k="highway" v="unclassified" /></way><way id="139" timestamp="2026-04-03T18:16:03Z" uid="1" user="OSMnx" version="1" changeset="1"><nd ref="996409097" /><nd ref="996409100" /><tag k="highway" v="unclassified" /></way><way id="140" timestamp="2026-04-03T18:16:03Z" uid="1" user="OSMnx" version="1" changeset="1"><nd ref="996409100" /><nd ref="996409103" /><tag k="highway" v="unclassified" /></way><way id="141" timestamp="2026-04-03T18:16:03Z" uid="1" user="OSMnx" version="1" changeset="1"><nd ref="996409103" /><nd ref="996409107" /><tag k="highway" v="unclassified" /></way><way id="142" timestamp="2026-04-03T18:16:03Z" uid="1" user="OSMnx" version="1" changeset="1"><nd ref="996409107" /><nd ref="996409111" /><tag k="highway" v="unclassified" /></way><way id="143" timestamp="2026-04-03T18:16:03Z" uid="1" user="OSMnx" version="1" changeset="1"><nd ref="996409111" /><nd ref="996409113" /><tag k="highway" v="unclassified" /></way><way id="144" timestamp="2026-04-03T18:16:03Z" uid="1" user="OSMnx" version="1" changeset="1"><nd ref="996409113" /><nd ref="996409117" /><tag k="highway" v="unclassified" /></way><way id="145" timestamp="2026-04-03T18:16:03Z" uid="1" user="OSMnx" version="1" changeset="1"><nd ref="996409117" /><nd ref="5939602464" /><tag k="highway" v="unclassified" /></way><way id="146" timestamp="2026-04-03T18:16:03Z" uid="1" user="OSMnx" version="1" changeset="1"><nd ref="997643340" /><nd ref="997643354" /><tag k="highway" v="unclassified" /><tag k="maxspeed" v="40" /><tag k="name" v="Kanheri Caves Road" /></way><way id="147" timestamp="2026-04-03T18:16:03Z" uid="1" user="OSMnx" version="1" changeset="1"><nd ref="997643354" /><nd ref="997643356" /><tag k="highway" v="unclassified" /><tag k="maxspeed" v="40" /><tag k="name" v="Kanheri Caves Road" /></way><way id="148" timestamp="2026-04-03T18:16:03Z" uid="1" user="OSMnx" version="1" changeset="1"><nd ref="997643356" /><nd ref="997643358" /><tag k="highway" v="unclassified" /><tag k="maxspeed" v="40" /><tag k="name" v="Kanheri Caves Road" /></way><way id="149" timestamp="2026-04-03T18:16:03Z" uid="1" user="OSMnx" version="1" changeset="1"><nd ref="997643358" /><nd ref="997643360" /><tag k="highway" v="unclassified" /><tag k="maxspeed" v="40" /><tag k="name" v="Kanheri Caves Road" /></way><way id="150" timestamp="2026-04-03T18:16:03Z" uid="1" user="OSMnx" version="1" changeset="1"><nd ref="997643360" /><nd ref="997643361" /><tag k="highway" v="unclassified" /><tag k="maxspeed" v="40" /><tag k="name" v="Kanheri Caves Road" /></way><way id="151" timestamp="2026-04-03T18:16:03Z" uid="1" user="OSMnx" version="1" changeset="1"><nd ref="997643361" /><nd ref="997643362" /><tag k="highway" v="unclassified" /><tag k="maxspeed" v="40" /><tag k="name" v="Kanheri Caves Road" /></way><way id="152" timestamp="2026-04-03T18:16:03Z" uid="1" user="OSMnx" version="1" changeset="1"><nd ref="997643362" /><nd ref="997643363" /><tag k="highway" v="unclassified" /><tag k="maxspeed" v="40" /><tag k="name" v="Kanheri Caves Road" /></way><way id="153" timestamp="2026-04-03T18:16:03Z" uid="1" user="OSMnx" version="1" changeset="1"><nd ref="997643363" /><nd ref="997643367" /><tag k="highway" v="unclassified" /><tag k="maxspeed" v="40" /><tag k="name" v="Kanheri Caves Road" /></way><way id="154" timestamp="2026-04-03T18:16:03Z" uid="1" user="OSMnx" version="1" changeset="1"><nd ref="997643367" /><nd ref="997643368" /><tag k="highway" v="unclassified" /><tag k="maxspeed" v="40" /><tag k="name" v="Kanheri Caves Road" /></way><way id="155" timestamp="2026-04-03T18:16:03Z" uid="1" user="OSMnx" version="1" changeset="1"><nd ref="997643368" /><nd ref="997643369" /><tag k="highway" v="unclassified" /><tag k="maxspeed" v="40" /><tag k="name" v="Kanheri Caves Road" /></way><way id="156" timestamp="2026-04-03T18:16:03Z" uid="1" user="OSMnx" version="1" changeset="1"><nd ref="997643369" /><nd ref="997643371" /><tag k="highway" v="unclassified" /><tag k="maxspeed" v="40" /><tag k="name" v="Kanheri Caves Road" /></way><way id="157" timestamp="2026-04-03T18:16:03Z" uid="1" user="OSMnx" version="1" changeset="1"><nd ref="997643371" /><nd ref="997643373" /><tag k="highway" v="unclassified" /><tag k="maxspeed" v="40" /><tag k="name" v="Kanheri Caves Road" /></way><way id="158" timestamp="2026-04-03T18:16:03Z" uid="1" user="OSMnx" version="1" changeset="1"><nd ref="997643373" /><nd ref="997643378" /><tag k="highway" v="unclassified" /><tag k="maxspeed" v="40" /><tag k="name" v="Kanheri Caves Road" /></way><way id="159" timestamp="2026-04-03T18:16:03Z" uid="1" user="OSMnx" version="1" changeset="1"><nd ref="997643378" /><nd ref="997643380" /><tag k="highway" v="unclassified" /><tag k="maxspeed" v="40" /><tag k="name" v="Kanheri Caves Road" /></way><way id="160" timestamp="2026-04-03T18:16:03Z" uid="1" user="OSMnx" version="1" changeset="1"><nd ref="997643380" /><nd ref="997643382" /><tag k="highway" v="unclassified" /><tag k="maxspeed" v="40" /><tag k="name" v="Kanheri Caves Road" /></way><way id="161" timestamp="2026-04-03T18:16:03Z" uid="1" user="OSMnx" version="1" changeset="1"><nd ref="997643382" /><nd ref="997643385" /><tag k="highway" v="unclassified" /><tag k="maxspeed" v="40" /><tag k="name" v="Kanheri Caves Road" /></way><way id="162" timestamp="2026-04-03T18:16:03Z" uid="1" user="OSMnx" version="1" changeset="1"><nd ref="997643385" /><nd ref="997643386" /><tag k="highway" v="unclassified" /><tag k="maxspeed" v="40" /><tag k="name" v="Kanheri Caves Road" /></way><way id="163" timestamp="2026-04-03T18:16:03Z" uid="1" user="OSMnx" version="1" changeset="1"><nd ref="997643386" /><nd ref="997643387" /><tag k="highway" v="unclassified" /><tag k="maxspeed" v="40" /><tag k="name" v="Kanheri Caves Road" /></way><way id="164" timestamp="2026-04-03T18:16:03Z" uid="1" user="OSMnx" version="1" changeset="1"><nd ref="997643387" /><nd ref="997643388" /><tag k="highway" v="unclassified" /><tag k="maxspeed" v="40" /><tag k="name" v="Kanheri Caves Road" /></way><way id="165" timestamp="2026-04-03T18:16:03Z" uid="1" user="OSMnx" version="1" changeset="1"><nd ref="997643388" /><nd ref="2224745664" /><tag k="highway" v="unclassified" /><tag k="maxspeed" v="40" /><tag k="name" v="Kanheri Caves Road" /></way><way id="166" timestamp="2026-04-03T18:16:03Z" uid="1" user="OSMnx" version="1" changeset="1"><nd ref="997643390" /><nd ref="997643392" /><tag k="highway" v="unclassified" /><tag k="maxspeed" v="40" /><tag k="name" v="Kanheri Caves Road" /></way><way id="167" timestamp="2026-04-03T18:16:03Z" uid="1" user="OSMnx" version="1" changeset="1"><nd ref="997643392" /><nd ref="997643393" /><tag k="highway" v="unclassified" /><tag k="maxspeed" v="40" /><tag k="name" v="Kanheri Caves Road" /></way><way id="168" timestamp="2026-04-03T18:16:03Z" uid="1" user="OSMnx" version="1" changeset="1"><nd ref="997643393" /><nd ref="997643395" /><tag k="highway" v="unclassified" /><tag k="maxspeed" v="40" /><tag k="name" v="Kanheri Caves Road" /></way><way id="169" timestamp="2026-04-03T18:16:03Z" uid="1" user="OSMnx" version="1" changeset="1"><nd ref="997643395" /><nd ref="997643399" /><tag k="highway" v="unclassified" /><tag k="maxspeed" v="40" /><tag k="name" v="Kanheri Caves Road" /></way><way id="170" timestamp="2026-04-03T18:16:03Z" uid="1" user="OSMnx" version="1" changeset="1"><nd ref="997643399" /><nd ref="4598168652" /><tag k="highway" v="unclassified" /><tag k="maxspeed" v="40" /><tag k="name" v="Kanheri Caves Road" /></way><way id="171" timestamp="2026-04-03T18:16:03Z" uid="1" user="OSMnx" version="1" changeset="1"><nd ref="997643402" /><nd ref="997643404" /><tag k="highway" v="unclassified" /><tag k="maxspeed" v="40" /><tag k="name" v="Kanheri Caves Road" /></way><way id="172" timestamp="2026-04-03T18:16:03Z" uid="1" user="OSMnx" version="1" changeset="1"><nd ref="997643404" /><nd ref="997643406" /><tag k="highway" v="unclassified" /><tag k="maxspeed" v="40" /><tag k="name" v="Kanheri Caves Road" /></way><way id="173" timestamp="2026-04-03T18:16:03Z" uid="1" user="OSMnx" version="1" changeset="1"><nd ref="997643406" /><nd ref="997643412" /><tag k="highway" v="unclassified" /><tag k="maxspeed" v="40" /><tag k="name" v="Kanheri Caves Road" /></way><way id="174" timestamp="2026-04-03T18:16:03Z" uid="1" user="OSMnx" version="1" changeset="1"><nd ref="997643412" /><nd ref="997728109" /><tag k="highway" v="unclassified" /><tag k="maxspeed" v="40" /><tag k="name" v="Kanheri Caves Road" /></way><way id="175" timestamp="2026-04-03T18:16:03Z" uid="1" user="OSMnx" version="1" changeset="1"><nd ref="997643413" /><nd ref="997643414" /><tag k="highway" v="unclassified" /><tag k="maxspeed" v="40" /><tag k="name" v="Kanheri Caves Road" /></way><way id="176" timestamp="2026-04-03T18:16:03Z" uid="1" user="OSMnx" version="1" changeset="1"><nd ref="997643414" /><nd ref="997643417" /><tag k="highway" v="unclassified" /><tag k="maxspeed" v="40" /><tag k="name" v="Kanheri Caves Road" /></way><way id="177" timestamp="2026-04-03T18:16:03Z" uid="1" user="OSMnx" version="1" changeset="1"><nd ref="997643417" /><nd ref="997643419" /><tag k="highway" v="unclassified" /><tag k="maxspeed" v="40" /><tag k="name" v="Kanheri Caves Road" /></way><way id="178" timestamp="2026-04-03T18:16:03Z" uid="1" user="OSMnx" version="1" changeset="1"><nd ref="997643419" /><nd ref="997643423" /><tag k="highway" v="unclassified" /><tag k="maxspeed" v="40" /><tag k="name" v="Kanheri Caves Road" /></way><way id="179" timestamp="2026-04-03T18:16:03Z" uid="1" user="OSMnx" version="1" changeset="1"><nd ref="997643423" /><nd ref="997643426" /><tag k="highway" v="unclassified" /><tag k="maxspeed" v="40" /><tag k="name" v="Kanheri Caves Road" /></way><way id="180" timestamp="2026-04-03T18:16:03Z" uid="1" user="OSMnx" version="1" changeset="1"><nd ref="997643426" /><nd ref="997643428" /><tag k="highway" v="unclassified" /><tag k="maxspeed" v="40" /><tag k="name" v="Kanheri Caves Road" /></way><way id="181" timestamp="2026-04-03T18:16:03Z" uid="1" user="OSMnx" version="1" changeset="1"><nd ref="997643428" /><nd ref="997643431" /><tag k="highway" v="unclassified" /><tag k="maxspeed" v="40" /><tag k="name" v="Kanheri Caves Road" /></way><way id="182" timestamp="2026-04-03T18:16:03Z" uid="1" user="OSMnx" version="1" changeset="1"><nd ref="997643431" /><nd ref="997643432" /><tag k="highway" v="unclassified" /><tag k="maxspeed" v="40" /><tag k="name" v="Kanheri Caves Road" /></way><way id="183" timestamp="2026-04-03T18:16:03Z" uid="1" user="OSMnx" version="1" changeset="1"><nd ref="997643432" /><nd ref="997643433" /><tag k="highway" v="unclassified" /><tag k="maxspeed" v="40" /><tag k="name" v="Kanheri Caves Road" /></way><way id="184" timestamp="2026-04-03T18:16:03Z" uid="1" user="OSMnx" version="1" changeset="1"><nd ref="997643433" /><nd ref="997643436" /><tag k="highway" v="unclassified" /><tag k="maxspeed" v="40" /><tag k="name" v="Kanheri Caves Road" /></way><way id="185" timestamp="2026-04-03T18:16:03Z" uid="1" user="OSMnx" version="1" changeset="1"><nd ref="997643436" /><nd ref="997643437" /><tag k="highway" v="unclassified" /><tag k="maxspeed" v="40" /><tag k="name" v="Kanheri Caves Road" /></way><way id="186" timestamp="2026-04-03T18:16:03Z" uid="1" user="OSMnx" version="1" changeset="1"><nd ref="997643437" /><nd ref="997643438" /><tag k="highway" v="unclassified" /><tag k="maxspeed" v="40" /><tag k="name" v="Kanheri Caves Road" /></way><way id="187" timestamp="2026-04-03T18:16:03Z" uid="1" user="OSMnx" version="1" changeset="1"><nd ref="997643438" /><nd ref="997643440" /><tag k="highway" v="unclassified" /><tag k="maxspeed" v="40" /><tag k="name" v="Kanheri Caves Road" /></way><way id="188" timestamp="2026-04-03T18:16:03Z" uid="1" user="OSMnx" version="1" changeset="1"><nd ref="997643440" /><nd ref="997643441" /><tag k="highway" v="unclassified" /><tag k="maxspeed" v="40" /><tag k="name" v="Kanheri Caves Road" /></way><way id="189" timestamp="2026-04-03T18:16:03Z" uid="1" user="OSMnx" version="1" changeset="1"><nd ref="997643441" /><nd ref="997643444" /><tag k="highway" v="unclassified" /><tag k="maxspeed" v="40" /><tag k="name" v="Kanheri Caves Road" /></way><way id="190" timestamp="2026-04-03T18:16:03Z" uid="1" user="OSMnx" version="1" changeset="1"><nd ref="997643444" /><nd ref="245681642" /><tag k="highway" v="unclassified" /><tag k="maxspeed" v="40" /><tag k="name" v="Kanheri Caves Road" /></way><way id="191" timestamp="2026-04-03T18:16:03Z" uid="1" user="OSMnx" version="1" changeset="1"><nd ref="997661052" /><nd ref="245681677" /><tag k="highway" v="unclassified" /><tag k="name" v="Kanheri Caves Road" /></way><way id="192" timestamp="2026-04-03T18:16:03Z" uid="1" user="OSMnx" version="1" changeset="1"><nd ref="997661059" /><nd ref="997661060" /><tag k="highway" v="unclassified" /><tag k="name" v="Kanheri Caves Road" /></way><way id="193" timestamp="2026-04-03T18:16:03Z" uid="1" user="OSMnx" version="1" changeset="1"><nd ref="997661060" /><nd ref="245680804" /><tag k="highway" v="unclassified" /><tag k="name" v="Kanheri Caves Road" /></way><way id="194" timestamp="2026-04-03T18:16:03Z" uid="1" user="OSMnx" version="1" changeset="1"><nd ref="997661063" /><nd ref="245680843" /><tag k="highway" v="unclassified" /><tag k="name" v="Kanheri Caves Road" /></way><way id="195" timestamp="2026-04-03T18:16:03Z" uid="1" user="OSMnx" version="1" changeset="1"><nd ref="997661065" /><nd ref="245681160" /><tag k="highway" v="unclassified" /><tag k="name" v="Kanheri Caves Road" /></way><way id="196" timestamp="2026-04-03T18:16:03Z" uid="1" user="OSMnx" version="1" changeset="1"><nd ref="997661067" /><nd ref="245681623" /><tag k="highway" v="unclassified" /><tag k="name" v="Kanheri Caves Road" /></way><way id="197" timestamp="2026-04-03T18:16:03Z" uid="1" user="OSMnx" version="1" changeset="1"><nd ref="997661069" /><nd ref="245681677" /><tag k="highway" v="unclassified" /><tag k="name" v="Kanheri Caves Road" /></way><way id="198" timestamp="2026-04-03T18:16:03Z" uid="1" user="OSMnx" version="1" changeset="1"><nd ref="997672409" /><nd ref="10253343402" /><tag k="highway" v="residential" /><tag k="name" v="MESB Colony Road" /></way><way id="199" timestamp="2026-04-03T18:16:03Z" uid="1" user="OSMnx" version="1" changeset="1"><nd ref="997672417" /><nd ref="997672409" /><tag k="highway" v="residential" /><tag k="name" v="MESB Colony Road" /></way><way id="200" timestamp="2026-04-03T18:16:03Z" uid="1" user="OSMnx" version="1" changeset="1"><nd ref="997672419" /><nd ref="10253343401" /><tag k="highway" v="residential" /><tag k="name" v="MESB Colony Road" /></way><way id="201" timestamp="2026-04-03T18:16:03Z" uid="1" user="OSMnx" version="1" changeset="1"><nd ref="997672421" /><nd ref="997672419" /><tag k="highway" v="residential" /><tag k="name" v="MESB Colony Road" /></way><way id="202" timestamp="2026-04-03T18:16:03Z" uid="1" user="OSMnx" version="1" changeset="1"><nd ref="997672426" /><nd ref="7324657333" /><tag k="highway" v="residential" /><tag k="name" v="MESB Colony Road" /></way><way id="203" timestamp="2026-04-03T18:16:03Z" uid="1" user="OSMnx" version="1" changeset="1"><nd ref="997672428" /><nd ref="997672426" /><tag k="highway" v="residential" /><tag k="name" v="MESB Colony Road" /></way><way id="204" timestamp="2026-04-03T18:16:03Z" uid="1" user="OSMnx" version="1" changeset="1"><nd ref="997672431" /><nd ref="7324657334" /><tag k="highway" v="residential" /><tag k="name" v="MESB Colony Road" /></way><way id="205" timestamp="2026-04-03T18:16:03Z" uid="1" user="OSMnx" version="1" changeset="1"><nd ref="997672435" /><nd ref="997672431" /><tag k="highway" v="residential" /><tag k="name" v="MESB Colony Road" /></way><way id="206" timestamp="2026-04-03T18:16:03Z" uid="1" user="OSMnx" version="1" changeset="1"><nd ref="997672437" /><nd ref="7324657332" /><tag k="highway" v="residential" /><tag k="name" v="MESB Colony Road" /></way><way id="207" timestamp="2026-04-03T18:16:03Z" uid="1" user="OSMnx" version="1" changeset="1"><nd ref="997672448" /><nd ref="997672437" /><tag k="highway" v="residential" /><tag k="name" v="MESB Colony Road" /></way><way id="208" timestamp="2026-04-03T18:16:03Z" uid="1" user="OSMnx" version="1" changeset="1"><nd ref="997672456" /><nd ref="997672448" /><tag k="highway" v="residential" /><tag k="name" v="MESB Colony Road" /></way><way id="209" timestamp="2026-04-03T18:16:03Z" uid="1" user="OSMnx" version="1" changeset="1"><nd ref="997672458" /><nd ref="997672456" /><tag k="highway" v="residential" /><tag k="name" v="MESB Colony Road" /></way><way id="210" timestamp="2026-04-03T18:16:03Z" uid="1" user="OSMnx" version="1" changeset="1"><nd ref="997672463" /><nd ref="997672458" /><tag k="highway" v="residential" /><tag k="name" v="MESB Colony Road" /></way><way id="211" timestamp="2026-04-03T18:16:03Z" uid="1" user="OSMnx" version="1" changeset="1"><nd ref="997672465" /><nd ref="997672463" /><tag k="highway" v="residential" /><tag k="name" v="MESB Colony Road" /></way><way id="212" timestamp="2026-04-03T18:16:03Z" uid="1" user="OSMnx" version="1" changeset="1"><nd ref="997672475" /><nd ref="4235093278" /><tag k="highway" v="residential" /><tag k="name" v="MESB Colony Road" /></way><way id="213" timestamp="2026-04-03T18:16:03Z" uid="1" user="OSMnx" version="1" changeset="1"><nd ref="997672477" /><nd ref="997672475" /><tag k="highway" v="residential" /><tag k="name" v="MESB Colony Road" /></way><way id="214" timestamp="2026-04-03T18:16:03Z" uid="1" user="OSMnx" version="1" changeset="1"><nd ref="997680729" /><nd ref="564737595" /><tag k="highway" v="unclassified" /><tag k="maxspeed" v="40" /><tag k="name" v="Kanheri Caves Road" /></way><way id="215" timestamp="2026-04-03T18:16:03Z" uid="1" user="OSMnx" version="1" changeset="1"><nd ref="997728109" /><nd ref="997643413" /><tag k="highway" v="unclassified" /><tag k="maxspeed" v="40" /><tag k="name" v="Kanheri Caves Road" /></way><way id="216" timestamp="2026-04-03T18:16:03Z" uid="1" user="OSMnx" version="1" changeset="1"><nd ref="1074577265" /><nd ref="4791333755" /><tag k="highway" v="residential" /></way><way id="217" timestamp="2026-04-03T18:16:03Z" uid="1" user="OSMnx" version="1" changeset="1"><nd ref="1074577279" /><nd ref="4791333753" /><tag k="highway" v="residential" /></way><way id="218" timestamp="2026-04-03T18:16:03Z" uid="1" user="OSMnx" version="1" changeset="1"><nd ref="1074577294" /><nd ref="4791333756" /><tag k="highway" v="residential" /></way><way id="219" timestamp="2026-04-03T18:16:03Z" uid="1" user="OSMnx" version="1" changeset="1"><nd ref="1074577305" /><nd ref="1074577265" /><tag k="highway" v="residential" /></way><way id="220" timestamp="2026-04-03T18:16:03Z" uid="1" user="OSMnx" version="1" changeset="1"><nd ref="1074578468" /><nd ref="1074578475" /><tag k="highway" v="residential" /></way><way id="221" timestamp="2026-04-03T18:16:03Z" uid="1" user="OSMnx" version="1" changeset="1"><nd ref="1074578470" /><nd ref="7389343582" /><tag k="highway" v="residential" /></way><way id="222" timestamp="2026-04-03T18:16:03Z" uid="1" user="OSMnx" version="1" changeset="1"><nd ref="1074578471" /><nd ref="7278944582" /><tag k="highway" v="residential" /></way><way id="223" timestamp="2026-04-03T18:16:03Z" uid="1" user="OSMnx" version="1" changeset="1"><nd ref="1074578473" /><nd ref="1074578479" /><tag k="highway" v="residential" /></way><way id="224" timestamp="2026-04-03T18:16:03Z" uid="1" user="OSMnx" version="1" changeset="1"><nd ref="1074578475" /><nd ref="2224745662" /><tag k="highway" v="residential" /></way><way id="225" timestamp="2026-04-03T18:16:03Z" uid="1" user="OSMnx" version="1" changeset="1"><nd ref="1074578478" /><nd ref="1074578471" /><tag k="highway" v="residential" /></way><way id="226" timestamp="2026-04-03T18:16:03Z" uid="1" user="OSMnx" version="1" changeset="1"><nd ref="1074578479" /><nd ref="1074578468" /><tag k="highway" v="residential" /></way><way id="227" timestamp="2026-04-03T18:16:03Z" uid="1" user="OSMnx" version="1" changeset="1"><nd ref="1074578480" /><nd ref="7278944511" /><tag k="highway" v="residential" /></way><way id="228" timestamp="2026-04-03T18:16:03Z" uid="1" user="OSMnx" version="1" changeset="1"><nd ref="1074578481" /><nd ref="1074578470" /><tag k="highway" v="residential" /></way><way id="229" timestamp="2026-04-03T18:16:03Z" uid="1" user="OSMnx" version="1" changeset="1"><nd ref="1074578481" /><nd ref="1074578486" /><tag k="highway" v="residential" /></way><way id="230" timestamp="2026-04-03T18:16:03Z" uid="1" user="OSMnx" version="1" changeset="1"><nd ref="1074578482" /><nd ref="1074578478" /><tag k="highway" v="residential" /></way><way id="231" timestamp="2026-04-03T18:16:03Z" uid="1" user="OSMnx" version="1" changeset="1"><nd ref="1074578484" /><nd ref="1074578482" /><tag k="highway" v="residential" /></way><way id="232" timestamp="2026-04-03T18:16:03Z" uid="1" user="OSMnx" version="1" changeset="1"><nd ref="1074578486" /><nd ref="1074578473" /><tag k="highway" v="residential" /></way><way id="233" timestamp="2026-04-03T18:16:03Z" uid="1" user="OSMnx" version="1" changeset="1"><nd ref="1074578488" /><nd ref="7278944578" /><tag k="highway" v="residential" /></way><way id="234" timestamp="2026-04-03T18:16:03Z" uid="1" user="OSMnx" version="1" changeset="1"><nd ref="1074578488" /><nd ref="7278944554" /><tag k="highway" v="residential" /></way><way id="235" timestamp="2026-04-03T18:16:03Z" uid="1" user="OSMnx" version="1" changeset="1"><nd ref="2224745313" /><nd ref="4791333751" /><tag k="highway" v="unclassified" /></way><way id="236" timestamp="2026-04-03T18:16:03Z" uid="1" user="OSMnx" version="1" changeset="1"><nd ref="2224745315" /><nd ref="2224745313" /><tag k="highway" v="unclassified" /></way><way id="237" timestamp="2026-04-03T18:16:03Z" uid="1" user="OSMnx" version="1" changeset="1"><nd ref="2224745317" /><nd ref="2224745315" /><tag k="highway" v="unclassified" /></way><way id="238" timestamp="2026-04-03T18:16:03Z" uid="1" user="OSMnx" version="1" changeset="1"><nd ref="2224745319" /><nd ref="2224745317" /><tag k="highway" v="unclassified" /></way><way id="239" timestamp="2026-04-03T18:16:03Z" uid="1" user="OSMnx" version="1" changeset="1"><nd ref="2224745321" /><nd ref="2224745319" /><tag k="highway" v="unclassified" /></way><way id="240" timestamp="2026-04-03T18:16:03Z" uid="1" user="OSMnx" version="1" changeset="1"><nd ref="2224745322" /><nd ref="3273736677" /><tag k="highway" v="unclassified" /></way><way id="241" timestamp="2026-04-03T18:16:03Z" uid="1" user="OSMnx" version="1" changeset="1"><nd ref="2224745323" /><nd ref="2224745321" /><tag k="highway" v="unclassified" /></way><way id="242" timestamp="2026-04-03T18:16:03Z" uid="1" user="OSMnx" version="1" changeset="1"><nd ref="2224745327" /><nd ref="2224745322" /><tag k="highway" v="unclassified" /></way><way id="243" timestamp="2026-04-03T18:16:03Z" uid="1" user="OSMnx" version="1" changeset="1"><nd ref="2224745328" /><nd ref="2224745323" /><tag k="highway" v="unclassified" /></way><way id="244" timestamp="2026-04-03T18:16:03Z" uid="1" user="OSMnx" version="1" changeset="1"><nd ref="2224745329" /><nd ref="2224745327" /><tag k="highway" v="unclassified" /></way><way id="245" timestamp="2026-04-03T18:16:03Z" uid="1" user="OSMnx" version="1" changeset="1"><nd ref="2224745330" /><nd ref="2224745328" /><tag k="highway" v="unclassified" /></way><way id="246" timestamp="2026-04-03T18:16:03Z" uid="1" user="OSMnx" version="1" changeset="1"><nd ref="2224745331" /><nd ref="2224745330" /><tag k="highway" v="unclassified" /></way><way id="247" timestamp="2026-04-03T18:16:03Z" uid="1" user="OSMnx" version="1" changeset="1"><nd ref="2224745332" /><nd ref="2224745331" /><tag k="highway" v="unclassified" /></way><way id="248" timestamp="2026-04-03T18:16:03Z" uid="1" user="OSMnx" version="1" changeset="1"><nd ref="2224745333" /><nd ref="2224745329" /><tag k="highway" v="unclassified" /></way><way id="249" timestamp="2026-04-03T18:16:03Z" uid="1" user="OSMnx" version="1" changeset="1"><nd ref="2224745334" /><nd ref="2224745332" /><tag k="highway" v="unclassified" /></way><way id="250" timestamp="2026-04-03T18:16:03Z" uid="1" user="OSMnx" version="1" changeset="1"><nd ref="2224745335" /><nd ref="2224745333" /><tag k="highway" v="unclassified" /></way><way id="251" timestamp="2026-04-03T18:16:03Z" uid="1" user="OSMnx" version="1" changeset="1"><nd ref="2224745336" /><nd ref="2224745334" /><tag k="highway" v="unclassified" /></way><way id="252" timestamp="2026-04-03T18:16:03Z" uid="1" user="OSMnx" version="1" changeset="1"><nd ref="2224745337" /><nd ref="2224745335" /><tag k="highway" v="unclassified" /></way><way id="253" timestamp="2026-04-03T18:16:03Z" uid="1" user="OSMnx" version="1" changeset="1"><nd ref="2224745338" /><nd ref="2224745336" /><tag k="highway" v="unclassified" /></way><way id="254" timestamp="2026-04-03T18:16:03Z" uid="1" user="OSMnx" version="1" changeset="1"><nd ref="2224745339" /><nd ref="2224745337" /><tag k="highway" v="unclassified" /></way><way id="255" timestamp="2026-04-03T18:16:03Z" uid="1" user="OSMnx" version="1" changeset="1"><nd ref="2224745340" /><nd ref="2224745338" /><tag k="highway" v="unclassified" /></way><way id="256" timestamp="2026-04-03T18:16:03Z" uid="1" user="OSMnx" version="1" changeset="1"><nd ref="2224745341" /><nd ref="2224745339" /><tag k="highway" v="unclassified" /></way><way id="257" timestamp="2026-04-03T18:16:03Z" uid="1" user="OSMnx" version="1" changeset="1"><nd ref="2224745342" /><nd ref="2224745341" /><tag k="highway" v="unclassified" /></way><way id="258" timestamp="2026-04-03T18:16:03Z" uid="1" user="OSMnx" version="1" changeset="1"><nd ref="2224745343" /><nd ref="2224745340" /><tag k="highway" v="unclassified" /></way><way id="259" timestamp="2026-04-03T18:16:03Z" uid="1" user="OSMnx" version="1" changeset="1"><nd ref="2224745344" /><nd ref="2224745342" /><tag k="highway" v="unclassified" /></way><way id="260" timestamp="2026-04-03T18:16:03Z" uid="1" user="OSMnx" version="1" changeset="1"><nd ref="2224745345" /><nd ref="2224745344" /><tag k="highway" v="unclassified" /></way><way id="261" timestamp="2026-04-03T18:16:03Z" uid="1" user="OSMnx" version="1" changeset="1"><nd ref="2224745346" /><nd ref="2224745343" /><tag k="highway" v="unclassified" /></way><way id="262" timestamp="2026-04-03T18:16:03Z" uid="1" user="OSMnx" version="1" changeset="1"><nd ref="2224745347" /><nd ref="2224745346" /><tag k="highway" v="unclassified" /></way><way id="263" timestamp="2026-04-03T18:16:03Z" uid="1" user="OSMnx" version="1" changeset="1"><nd ref="2224745348" /><nd ref="2224745345" /><tag k="highway" v="unclassified" /></way><way id="264" timestamp="2026-04-03T18:16:03Z" uid="1" user="OSMnx" version="1" changeset="1"><nd ref="2224745349" /><nd ref="2224745347" /><tag k="highway" v="unclassified" /></way><way id="265" timestamp="2026-04-03T18:16:03Z" uid="1" user="OSMnx" version="1" changeset="1"><nd ref="2224745350" /><nd ref="2224745348" /><tag k="highway" v="unclassified" /></way><way id="266" timestamp="2026-04-03T18:16:03Z" uid="1" user="OSMnx" version="1" changeset="1"><nd ref="2224745352" /><nd ref="2224745349" /><tag k="highway" v="unclassified" /></way><way id="267" timestamp="2026-04-03T18:16:03Z" uid="1" user="OSMnx" version="1" changeset="1"><nd ref="2224745355" /><nd ref="2224745350" /><tag k="highway" v="unclassified" /></way><way id="268" timestamp="2026-04-03T18:16:03Z" uid="1" user="OSMnx" version="1" changeset="1"><nd ref="2224745357" /><nd ref="2224745352" /><tag k="highway" v="unclassified" /></way><way id="269" timestamp="2026-04-03T18:16:03Z" uid="1" user="OSMnx" version="1" changeset="1"><nd ref="2224745359" /><nd ref="2224745357" /><tag k="highway" v="unclassified" /></way><way id="270" timestamp="2026-04-03T18:16:03Z" uid="1" user="OSMnx" version="1" changeset="1"><nd ref="2224745360" /><nd ref="2224745359" /><tag k="highway" v="unclassified" /></way><way id="271" timestamp="2026-04-03T18:16:03Z" uid="1" user="OSMnx" version="1" changeset="1"><nd ref="2224745363" /><nd ref="2224745355" /><tag k="highway" v="unclassified" /></way><way id="272" timestamp="2026-04-03T18:16:03Z" uid="1" user="OSMnx" version="1" changeset="1"><nd ref="2224745366" /><nd ref="2224745363" /><tag k="highway" v="unclassified" /></way><way id="273" timestamp="2026-04-03T18:16:03Z" uid="1" user="OSMnx" version="1" changeset="1"><nd ref="2224745369" /><nd ref="2224745366" /><tag k="highway" v="unclassified" /></way><way id="274" timestamp="2026-04-03T18:16:03Z" uid="1" user="OSMnx" version="1" changeset="1"><nd ref="2224745371" /><nd ref="2224745369" /><tag k="highway" v="unclassified" /></way><way id="275" timestamp="2026-04-03T18:16:03Z" uid="1" user="OSMnx" version="1" changeset="1"><nd ref="2224745375" /><nd ref="2224745379" /><tag k="highway" v="unclassified" /></way><way id="276" timestamp="2026-04-03T18:16:03Z" uid="1" user="OSMnx" version="1" changeset="1"><nd ref="2224745377" /><nd ref="2224745360" /><tag k="highway" v="unclassified" /></way><way id="277" timestamp="2026-04-03T18:16:03Z" uid="1" user="OSMnx" version="1" changeset="1"><nd ref="2224745379" /><nd ref="2224745384" /><tag k="highway" v="unclassified" /></way><way id="278" timestamp="2026-04-03T18:16:03Z" uid="1" user="OSMnx" version="1" changeset="1"><nd ref="2224745380" /><nd ref="2224745377" /><tag k="highway" v="unclassified" /></way><way id="279" timestamp="2026-04-03T18:16:03Z" uid="1" user="OSMnx" version="1" changeset="1"><nd ref="2224745382" /><nd ref="2224745371" /><tag k="highway" v="unclassified" /></way><way id="280" timestamp="2026-04-03T18:16:03Z" uid="1" user="OSMnx" version="1" changeset="1"><nd ref="2224745384" /><nd ref="2224745387" /><tag k="highway" v="unclassified" /></way><way id="281" timestamp="2026-04-03T18:16:03Z" uid="1" user="OSMnx" version="1" changeset="1"><nd ref="2224745386" /><nd ref="2224745382" /><tag k="highway" v="unclassified" /></way><way id="282" timestamp="2026-04-03T18:16:03Z" uid="1" user="OSMnx" version="1" changeset="1"><nd ref="2224745387" /><nd ref="2224745389" /><tag k="highway" v="unclassified" /></way><way id="283" timestamp="2026-04-03T18:16:03Z" uid="1" user="OSMnx" version="1" changeset="1"><nd ref="2224745389" /><nd ref="2224745394" /><tag k="highway" v="unclassified" /></way><way id="284" timestamp="2026-04-03T18:16:03Z" uid="1" user="OSMnx" version="1" changeset="1"><nd ref="2224745391" /><nd ref="2224745386" /><tag k="highway" v="unclassified" /></way><way id="285" timestamp="2026-04-03T18:16:03Z" uid="1" user="OSMnx" version="1" changeset="1"><nd ref="2224745392" /><nd ref="2224745380" /><tag k="highway" v="unclassified" /></way><way id="286" timestamp="2026-04-03T18:16:03Z" uid="1" user="OSMnx" version="1" changeset="1"><nd ref="2224745394" /><nd ref="2224745396" /><tag k="highway" v="unclassified" /></way><way id="287" timestamp="2026-04-03T18:16:03Z" uid="1" user="OSMnx" version="1" changeset="1"><nd ref="2224745396" /><nd ref="2224745403" /><tag k="highway" v="unclassified" /></way><way id="288" timestamp="2026-04-03T18:16:03Z" uid="1" user="OSMnx" version="1" changeset="1"><nd ref="2224745398" /><nd ref="2224745391" /><tag k="highway" v="unclassified" /></way><way id="289" timestamp="2026-04-03T18:16:03Z" uid="1" user="OSMnx" version="1" changeset="1"><nd ref="2224745399" /><nd ref="2224745401" /><tag k="highway" v="unclassified" /></way><way id="290" timestamp="2026-04-03T18:16:03Z" uid="1" user="OSMnx" version="1" changeset="1"><nd ref="2224745401" /><nd ref="2224745406" /><tag k="highway" v="unclassified" /></way><way id="291" timestamp="2026-04-03T18:16:03Z" uid="1" user="OSMnx" version="1" changeset="1"><nd ref="2224745403" /><nd ref="2224745409" /><tag k="highway" v="unclassified" /></way><way id="292" timestamp="2026-04-03T18:16:03Z" uid="1" user="OSMnx" version="1" changeset="1"><nd ref="2224745404" /><nd ref="2224745399" /><tag k="highway" v="unclassified" /></way><way id="293" timestamp="2026-04-03T18:16:03Z" uid="1" user="OSMnx" version="1" changeset="1"><nd ref="2224745405" /><nd ref="2224745404" /><tag k="highway" v="unclassified" /></way><way id="294" timestamp="2026-04-03T18:16:03Z" uid="1" user="OSMnx" version="1" changeset="1"><nd ref="2224745406" /><nd ref="2224745414" /><tag k="highway" v="unclassified" /></way><way id="295" timestamp="2026-04-03T18:16:03Z" uid="1" user="OSMnx" version="1" changeset="1"><nd ref="2224745407" /><nd ref="2224745405" /><tag k="highway" v="unclassified" /></way><way id="296" timestamp="2026-04-03T18:16:03Z" uid="1" user="OSMnx" version="1" changeset="1"><nd ref="2224745408" /><nd ref="2224745398" /><tag k="highway" v="unclassified" /></way><way id="297" timestamp="2026-04-03T18:16:03Z" uid="1" user="OSMnx" version="1" changeset="1"><nd ref="2224745409" /><nd ref="2224745413" /><tag k="highway" v="unclassified" /></way><way id="298" timestamp="2026-04-03T18:16:03Z" uid="1" user="OSMnx" version="1" changeset="1"><nd ref="2224745411" /><nd ref="2224745408" /><tag k="highway" v="unclassified" /></way><way id="299" timestamp="2026-04-03T18:16:03Z" uid="1" user="OSMnx" version="1" changeset="1"><nd ref="2224745413" /><nd ref="2224745420" /><tag k="highway" v="unclassified" /></way><way id="300" timestamp="2026-04-03T18:16:03Z" uid="1" user="OSMnx" version="1" changeset="1"><nd ref="2224745414" /><nd ref="2224745416" /><tag k="highway" v="unclassified" /></way><way id="301" timestamp="2026-04-03T18:16:03Z" uid="1" user="OSMnx" version="1" changeset="1"><nd ref="2224745416" /><nd ref="2224745411" /><tag k="highway" v="unclassified" /></way><way id="302" timestamp="2026-04-03T18:16:03Z" uid="1" user="OSMnx" version="1" changeset="1"><nd ref="2224745418" /><nd ref="3965865850" /><tag k="highway" v="unclassified" /></way><way id="303" timestamp="2026-04-03T18:16:03Z" uid="1" user="OSMnx" version="1" changeset="1"><nd ref="2224745419" /><nd ref="2224745418" /><tag k="highway" v="unclassified" /></way><way id="304" timestamp="2026-04-03T18:16:03Z" uid="1" user="OSMnx" version="1" changeset="1"><nd ref="2224745420" /><nd ref="2224745429" /><tag k="highway" v="unclassified" /></way><way id="305" timestamp="2026-04-03T18:16:03Z" uid="1" user="OSMnx" version="1" changeset="1"><nd ref="2224745421" /><nd ref="2224745419" /><tag k="highway" v="unclassified" /></way><way id="306" timestamp="2026-04-03T18:16:03Z" uid="1" user="OSMnx" version="1" changeset="1"><nd ref="2224745422" /><nd ref="2224745392" /><tag k="highway" v="unclassified" /></way><way id="307" timestamp="2026-04-03T18:16:03Z" uid="1" user="OSMnx" version="1" changeset="1"><nd ref="2224745429" /><nd ref="2224745433" /><tag k="highway" v="unclassified" /></way><way id="308" timestamp="2026-04-03T18:16:03Z" uid="1" user="OSMnx" version="1" changeset="1"><nd ref="2224745431" /><nd ref="2224745421" /><tag k="highway" v="unclassified" /></way><way id="309" timestamp="2026-04-03T18:16:03Z" uid="1" user="OSMnx" version="1" changeset="1"><nd ref="2224745433" /><nd ref="2224745435" /><tag k="highway" v="unclassified" /></way><way id="310" timestamp="2026-04-03T18:16:03Z" uid="1" user="OSMnx" version="1" changeset="1"><nd ref="2224745434" /><nd ref="2224745431" /><tag k="highway" v="unclassified" /></way><way id="311" timestamp="2026-04-03T18:16:03Z" uid="1" user="OSMnx" version="1" changeset="1"><nd ref="2224745435" /><nd ref="2224745434" /><tag k="highway" v="unclassified" /></way><way id="312" timestamp="2026-04-03T18:16:03Z" uid="1" user="OSMnx" version="1" changeset="1"><nd ref="2224745436" /><nd ref="2224745422" /><tag k="highway" v="unclassified" /></way><way id="313" timestamp="2026-04-03T18:16:03Z" uid="1" user="OSMnx" version="1" changeset="1"><nd ref="2224745438" /><nd ref="2224745436" /><tag k="highway" v="unclassified" /></way><way id="314" timestamp="2026-04-03T18:16:03Z" uid="1" user="OSMnx" version="1" changeset="1"><nd ref="2224745440" /><nd ref="2224745438" /><tag k="highway" v="unclassified" /></way><way id="315" timestamp="2026-04-03T18:16:03Z" uid="1" user="OSMnx" version="1" changeset="1"><nd ref="2224745442" /><nd ref="2224745440" /><tag k="highway" v="unclassified" /></way><way id="316" timestamp="2026-04-03T18:16:03Z" uid="1" user="OSMnx" version="1" changeset="1"><nd ref="2224745443" /><nd ref="2224745442" /><tag k="highway" v="unclassified" /></way><way id="317" timestamp="2026-04-03T18:16:03Z" uid="1" user="OSMnx" version="1" changeset="1"><nd ref="2224745445" /><nd ref="2224745443" /><tag k="highway" v="unclassified" /></way><way id="318" timestamp="2026-04-03T18:16:03Z" uid="1" user="OSMnx" version="1" changeset="1"><nd ref="2224745447" /><nd ref="2224745445" /><tag k="highway" v="unclassified" /></way><way id="319" timestamp="2026-04-03T18:16:03Z" uid="1" user="OSMnx" version="1" changeset="1"><nd ref="2224745449" /><nd ref="2224745447" /><tag k="highway" v="unclassified" /></way><way id="320" timestamp="2026-04-03T18:16:03Z" uid="1" user="OSMnx" version="1" changeset="1"><nd ref="2224745451" /><nd ref="2224745449" /><tag k="highway" v="unclassified" /></way><way id="321" timestamp="2026-04-03T18:16:03Z" uid="1" user="OSMnx" version="1" changeset="1"><nd ref="2224745453" /><nd ref="2224745451" /><tag k="highway" v="unclassified" /></way><way id="322" timestamp="2026-04-03T18:16:03Z" uid="1" user="OSMnx" version="1" changeset="1"><nd ref="2224745454" /><nd ref="2224745453" /><tag k="highway" v="unclassified" /></way><way id="323" timestamp="2026-04-03T18:16:03Z" uid="1" user="OSMnx" version="1" changeset="1"><nd ref="2224745455" /><nd ref="2224745454" /><tag k="highway" v="unclassified" /></way><way id="324" timestamp="2026-04-03T18:16:03Z" uid="1" user="OSMnx" version="1" changeset="1"><nd ref="2224745456" /><nd ref="2224745455" /><tag k="highway" v="unclassified" /></way><way id="325" timestamp="2026-04-03T18:16:03Z" uid="1" user="OSMnx" version="1" changeset="1"><nd ref="2224745458" /><nd ref="2224745456" /><tag k="highway" v="unclassified" /></way><way id="326" timestamp="2026-04-03T18:16:03Z" uid="1" user="OSMnx" version="1" changeset="1"><nd ref="2224745460" /><nd ref="2224745458" /><tag k="highway" v="unclassified" /></way><way id="327" timestamp="2026-04-03T18:16:03Z" uid="1" user="OSMnx" version="1" changeset="1"><nd ref="2224745462" /><nd ref="2224745460" /><tag k="highway" v="unclassified" /></way><way id="328" timestamp="2026-04-03T18:16:03Z" uid="1" user="OSMnx" version="1" changeset="1"><nd ref="2224745465" /><nd ref="2224745462" /><tag k="highway" v="unclassified" /></way><way id="329" timestamp="2026-04-03T18:16:03Z" uid="1" user="OSMnx" version="1" changeset="1"><nd ref="2224745467" /><nd ref="2224745465" /><tag k="highway" v="unclassified" /></way><way id="330" timestamp="2026-04-03T18:16:03Z" uid="1" user="OSMnx" version="1" changeset="1"><nd ref="2224745469" /><nd ref="2224745467" /><tag k="highway" v="unclassified" /></way><way id="331" timestamp="2026-04-03T18:16:03Z" uid="1" user="OSMnx" version="1" changeset="1"><nd ref="2224745471" /><nd ref="2224745473" /><tag k="highway" v="unclassified" /></way><way id="332" timestamp="2026-04-03T18:16:03Z" uid="1" user="OSMnx" version="1" changeset="1"><nd ref="2224745472" /><nd ref="2224745469" /><tag k="highway" v="unclassified" /></way><way id="333" timestamp="2026-04-03T18:16:03Z" uid="1" user="OSMnx" version="1" changeset="1"><nd ref="2224745473" /><nd ref="2224745474" /><tag k="highway" v="unclassified" /></way><way id="334" timestamp="2026-04-03T18:16:03Z" uid="1" user="OSMnx" version="1" changeset="1"><nd ref="2224745474" /><nd ref="2224745478" /><tag k="highway" v="unclassified" /></way><way id="335" timestamp="2026-04-03T18:16:03Z" uid="1" user="OSMnx" version="1" changeset="1"><nd ref="2224745476" /><nd ref="2224745471" /><tag k="highway" v="unclassified" /></way><way id="336" timestamp="2026-04-03T18:16:03Z" uid="1" user="OSMnx" version="1" changeset="1"><nd ref="2224745478" /><nd ref="2224745472" /><tag k="highway" v="unclassified" /></way><way id="337" timestamp="2026-04-03T18:16:03Z" uid="1" user="OSMnx" version="1" changeset="1"><nd ref="2224745480" /><nd ref="2224745476" /><tag k="highway" v="unclassified" /></way><way id="338" timestamp="2026-04-03T18:16:03Z" uid="1" user="OSMnx" version="1" changeset="1"><nd ref="2224745483" /><nd ref="2224745480" /><tag k="highway" v="unclassified" /></way><way id="339" timestamp="2026-04-03T18:16:03Z" uid="1" user="OSMnx" version="1" changeset="1"><nd ref="2224745491" /><nd ref="2224745493" /><tag k="highway" v="unclassified" /></way><way id="340" timestamp="2026-04-03T18:16:03Z" uid="1" user="OSMnx" version="1" changeset="1"><nd ref="2224745492" /><nd ref="2224745491" /><tag k="highway" v="unclassified" /></way><way id="341" timestamp="2026-04-03T18:16:03Z" uid="1" user="OSMnx" version="1" changeset="1"><nd ref="2224745493" /><nd ref="2224745497" /><tag k="highway" v="unclassified" /></way><way id="342" timestamp="2026-04-03T18:16:03Z" uid="1" user="OSMnx" version="1" changeset="1"><nd ref="2224745494" /><nd ref="2224745492" /><tag k="highway" v="unclassified" /></way><way id="343" timestamp="2026-04-03T18:16:03Z" uid="1" user="OSMnx" version="1" changeset="1"><nd ref="2224745495" /><nd ref="3732524744" /><tag k="highway" v="unclassified" /></way><way id="344" timestamp="2026-04-03T18:16:03Z" uid="1" user="OSMnx" version="1" changeset="1"><nd ref="2224745497" /><nd ref="2224745501" /><tag k="highway" v="unclassified" /></way><way id="345" timestamp="2026-04-03T18:16:03Z" uid="1" user="OSMnx" version="1" changeset="1"><nd ref="2224745499" /><nd ref="2224745483" /><tag k="highway" v="unclassified" /></way><way id="346" timestamp="2026-04-03T18:16:03Z" uid="1" user="OSMnx" version="1" changeset="1"><nd ref="2224745501" /><nd ref="2224745499" /><tag k="highway" v="unclassified" /></way><way id="347" timestamp="2026-04-03T18:16:03Z" uid="1" user="OSMnx" version="1" changeset="1"><nd ref="2224745503" /><nd ref="2224745495" /><tag k="highway" v="unclassified" /></way><way id="348" timestamp="2026-04-03T18:16:03Z" uid="1" user="OSMnx" version="1" changeset="1"><nd ref="2224745504" /><nd ref="2224745503" /><tag k="highway" v="unclassified" /></way><way id="349" timestamp="2026-04-03T18:16:03Z" uid="1" user="OSMnx" version="1" changeset="1"><nd ref="2224745506" /><nd ref="2224745504" /><tag k="highway" v="unclassified" /></way><way id="350" timestamp="2026-04-03T18:16:03Z" uid="1" user="OSMnx" version="1" changeset="1"><nd ref="2224745508" /><nd ref="2224745506" /><tag k="highway" v="unclassified" /></way><way id="351" timestamp="2026-04-03T18:16:03Z" uid="1" user="OSMnx" version="1" changeset="1"><nd ref="2224745509" /><nd ref="2224745508" /><tag k="highway" v="unclassified" /></way><way id="352" timestamp="2026-04-03T18:16:03Z" uid="1" user="OSMnx" version="1" changeset="1"><nd ref="2224745510" /><nd ref="2224745509" /><tag k="highway" v="unclassified" /></way><way id="353" timestamp="2026-04-03T18:16:03Z" uid="1" user="OSMnx" version="1" changeset="1"><nd ref="2224745511" /><nd ref="2224745510" /><tag k="highway" v="unclassified" /></way><way id="354" timestamp="2026-04-03T18:16:03Z" uid="1" user="OSMnx" version="1" changeset="1"><nd ref="2224745513" /><nd ref="2224745511" /><tag k="highway" v="unclassified" /></way><way id="355" timestamp="2026-04-03T18:16:03Z" uid="1" user="OSMnx" version="1" changeset="1"><nd ref="2224745515" /><nd ref="2224745513" /><tag k="highway" v="unclassified" /></way><way id="356" timestamp="2026-04-03T18:16:03Z" uid="1" user="OSMnx" version="1" changeset="1"><nd ref="2224745517" /><nd ref="2224745515" /><tag k="highway" v="unclassified" /></way><way id="357" timestamp="2026-04-03T18:16:03Z" uid="1" user="OSMnx" version="1" changeset="1"><nd ref="2224745519" /><nd ref="2224745517" /><tag k="highway" v="unclassified" /></way><way id="358" timestamp="2026-04-03T18:16:03Z" uid="1" user="OSMnx" version="1" changeset="1"><nd ref="2224745520" /><nd ref="2224745519" /><tag k="highway" v="unclassified" /></way><way id="359" timestamp="2026-04-03T18:16:03Z" uid="1" user="OSMnx" version="1" changeset="1"><nd ref="2224745521" /><nd ref="2224745520" /><tag k="highway" v="unclassified" /></way><way id="360" timestamp="2026-04-03T18:16:03Z" uid="1" user="OSMnx" version="1" changeset="1"><nd ref="2224745522" /><nd ref="2224745521" /><tag k="highway" v="unclassified" /></way><way id="361" timestamp="2026-04-03T18:16:03Z" uid="1" user="OSMnx" version="1" changeset="1"><nd ref="2224745524" /><nd ref="2224745522" /><tag k="highway" v="unclassified" /></way><way id="362" timestamp="2026-04-03T18:16:03Z" uid="1" user="OSMnx" version="1" changeset="1"><nd ref="2224745525" /><nd ref="2224745524" /><tag k="highway" v="unclassified" /></way><way id="363" timestamp="2026-04-03T18:16:03Z" uid="1" user="OSMnx" version="1" changeset="1"><nd ref="2224745527" /><nd ref="2224745525" /><tag k="highway" v="unclassified" /></way><way id="364" timestamp="2026-04-03T18:16:03Z" uid="1" user="OSMnx" version="1" changeset="1"><nd ref="2224745529" /><nd ref="2224745531" /><tag k="highway" v="unclassified" /></way><way id="365" timestamp="2026-04-03T18:16:03Z" uid="1" user="OSMnx" version="1" changeset="1"><nd ref="2224745531" /><nd ref="2224745538" /><tag k="highway" v="unclassified" /></way><way id="366" timestamp="2026-04-03T18:16:03Z" uid="1" user="OSMnx" version="1" changeset="1"><nd ref="2224745533" /><nd ref="2224745529" /><tag k="highway" v="unclassified" /></way><way id="367" timestamp="2026-04-03T18:16:03Z" uid="1" user="OSMnx" version="1" changeset="1"><nd ref="2224745535" /><nd ref="2224745527" /><tag k="highway" v="unclassified" /></way><way id="368" timestamp="2026-04-03T18:16:03Z" uid="1" user="OSMnx" version="1" changeset="1"><nd ref="2224745536" /><nd ref="2224745533" /><tag k="highway" v="unclassified" /></way><way id="369" timestamp="2026-04-03T18:16:03Z" uid="1" user="OSMnx" version="1" changeset="1"><nd ref="2224745538" /><nd ref="2224745552" /><tag k="highway" v="unclassified" /></way><way id="370" timestamp="2026-04-03T18:16:03Z" uid="1" user="OSMnx" version="1" changeset="1"><nd ref="2224745540" /><nd ref="2224745535" /><tag k="highway" v="unclassified" /></way><way id="371" timestamp="2026-04-03T18:16:03Z" uid="1" user="OSMnx" version="1" changeset="1"><nd ref="2224745541" /><nd ref="2224745536" /><tag k="highway" v="unclassified" /></way><way id="372" timestamp="2026-04-03T18:16:03Z" uid="1" user="OSMnx" version="1" changeset="1"><nd ref="2224745546" /><nd ref="2224745548" /><tag k="highway" v="unclassified" /></way><way id="373" timestamp="2026-04-03T18:16:03Z" uid="1" user="OSMnx" version="1" changeset="1"><nd ref="2224745548" /><nd ref="2224745553" /><tag k="highway" v="unclassified" /></way><way id="374" timestamp="2026-04-03T18:16:03Z" uid="1" user="OSMnx" version="1" changeset="1"><nd ref="2224745550" /><nd ref="2224745546" /><tag k="highway" v="unclassified" /></way><way id="375" timestamp="2026-04-03T18:16:03Z" uid="1" user="OSMnx" version="1" changeset="1"><nd ref="2224745551" /><nd ref="2224745540" /><tag k="highway" v="unclassified" /></way><way id="376" timestamp="2026-04-03T18:16:03Z" uid="1" user="OSMnx" version="1" changeset="1"><nd ref="2224745552" /><nd ref="2224745555" /><tag k="highway" v="unclassified" /></way><way id="377" timestamp="2026-04-03T18:16:03Z" uid="1" user="OSMnx" version="1" changeset="1"><nd ref="2224745553" /><nd ref="2224745551" /><tag k="highway" v="unclassified" /></way><way id="378" timestamp="2026-04-03T18:16:03Z" uid="1" user="OSMnx" version="1" changeset="1"><nd ref="2224745554" /><nd ref="2224745550" /><tag k="highway" v="unclassified" /></way><way id="379" timestamp="2026-04-03T18:16:03Z" uid="1" user="OSMnx" version="1" changeset="1"><nd ref="2224745555" /><nd ref="2224745556" /><tag k="highway" v="unclassified" /></way><way id="380" timestamp="2026-04-03T18:16:03Z" uid="1" user="OSMnx" version="1" changeset="1"><nd ref="2224745556" /><nd ref="2224745558" /><tag k="highway" v="unclassified" /></way><way id="381" timestamp="2026-04-03T18:16:03Z" uid="1" user="OSMnx" version="1" changeset="1"><nd ref="2224745557" /><nd ref="2224745554" /><tag k="highway" v="unclassified" /></way><way id="382" timestamp="2026-04-03T18:16:03Z" uid="1" user="OSMnx" version="1" changeset="1"><nd ref="2224745558" /><nd ref="2224745559" /><tag k="highway" v="unclassified" /></way><way id="383" timestamp="2026-04-03T18:16:03Z" uid="1" user="OSMnx" version="1" changeset="1"><nd ref="2224745559" /><nd ref="2224745562" /><tag k="highway" v="unclassified" /></way><way id="384" timestamp="2026-04-03T18:16:03Z" uid="1" user="OSMnx" version="1" changeset="1"><nd ref="2224745560" /><nd ref="2224745541" /><tag k="highway" v="unclassified" /></way><way id="385" timestamp="2026-04-03T18:16:03Z" uid="1" user="OSMnx" version="1" changeset="1"><nd ref="2224745561" /><nd ref="2224745557" /><tag k="highway" v="unclassified" /></way><way id="386" timestamp="2026-04-03T18:16:03Z" uid="1" user="OSMnx" version="1" changeset="1"><nd ref="2224745562" /><nd ref="2224745563" /><tag k="highway" v="unclassified" /></way><way id="387" timestamp="2026-04-03T18:16:03Z" uid="1" user="OSMnx" version="1" changeset="1"><nd ref="2224745563" /><nd ref="2224745561" /><tag k="highway" v="unclassified" /></way><way id="388" timestamp="2026-04-03T18:16:03Z" uid="1" user="OSMnx" version="1" changeset="1"><nd ref="2224745564" /><nd ref="2224745560" /><tag k="highway" v="unclassified" /></way><way id="389" timestamp="2026-04-03T18:16:03Z" uid="1" user="OSMnx" version="1" changeset="1"><nd ref="2224745565" /><nd ref="2224745564" /><tag k="highway" v="unclassified" /></way><way id="390" timestamp="2026-04-03T18:16:03Z" uid="1" user="OSMnx" version="1" changeset="1"><nd ref="2224745566" /><nd ref="2224745565" /><tag k="highway" v="unclassified" /></way><way id="391" timestamp="2026-04-03T18:16:03Z" uid="1" user="OSMnx" version="1" changeset="1"><nd ref="2224745567" /><nd ref="2224745566" /><tag k="highway" v="unclassified" /></way><way id="392" timestamp="2026-04-03T18:16:03Z" uid="1" user="OSMnx" version="1" changeset="1"><nd ref="2224745568" /><nd ref="2224745567" /><tag k="highway" v="unclassified" /></way><way id="393" timestamp="2026-04-03T18:16:03Z" uid="1" user="OSMnx" version="1" changeset="1"><nd ref="2224745569" /><nd ref="2224745568" /><tag k="highway" v="unclassified" /></way><way id="394" timestamp="2026-04-03T18:16:03Z" uid="1" user="OSMnx" version="1" changeset="1"><nd ref="2224745570" /><nd ref="2224745569" /><tag k="highway" v="unclassified" /></way><way id="395" timestamp="2026-04-03T18:16:03Z" uid="1" user="OSMnx" version="1" changeset="1"><nd ref="2224745571" /><nd ref="2224745570" /><tag k="highway" v="unclassified" /></way><way id="396" timestamp="2026-04-03T18:16:03Z" uid="1" user="OSMnx" version="1" changeset="1"><nd ref="2224745572" /><nd ref="2224745571" /><tag k="highway" v="unclassified" /></way><way id="397" timestamp="2026-04-03T18:16:03Z" uid="1" user="OSMnx" version="1" changeset="1"><nd ref="2224745573" /><nd ref="2224745572" /><tag k="highway" v="unclassified" /></way><way id="398" timestamp="2026-04-03T18:16:03Z" uid="1" user="OSMnx" version="1" changeset="1"><nd ref="2224745574" /><nd ref="2224745573" /><tag k="highway" v="unclassified" /></way><way id="399" timestamp="2026-04-03T18:16:03Z" uid="1" user="OSMnx" version="1" changeset="1"><nd ref="2224745575" /><nd ref="2224745574" /><tag k="highway" v="unclassified" /></way><way id="400" timestamp="2026-04-03T18:16:03Z" uid="1" user="OSMnx" version="1" changeset="1"><nd ref="2224745576" /><nd ref="2224745575" /><tag k="highway" v="unclassified" /></way><way id="401" timestamp="2026-04-03T18:16:03Z" uid="1" user="OSMnx" version="1" changeset="1"><nd ref="2224745577" /><nd ref="2224745576" /><tag k="highway" v="unclassified" /></way><way id="402" timestamp="2026-04-03T18:16:03Z" uid="1" user="OSMnx" version="1" changeset="1"><nd ref="2224745578" /><nd ref="2224745577" /><tag k="highway" v="unclassified" /></way><way id="403" timestamp="2026-04-03T18:16:03Z" uid="1" user="OSMnx" version="1" changeset="1"><nd ref="2224745579" /><nd ref="2224745578" /><tag k="highway" v="unclassified" /></way><way id="404" timestamp="2026-04-03T18:16:03Z" uid="1" user="OSMnx" version="1" changeset="1"><nd ref="2224745583" /><nd ref="2224745579" /><tag k="highway" v="unclassified" /></way><way id="405" timestamp="2026-04-03T18:16:03Z" uid="1" user="OSMnx" version="1" changeset="1"><nd ref="2224745585" /><nd ref="2224745583" /><tag k="highway" v="unclassified" /></way><way id="406" timestamp="2026-04-03T18:16:03Z" uid="1" user="OSMnx" version="1" changeset="1"><nd ref="2224745586" /><nd ref="2224745585" /><tag k="highway" v="unclassified" /></way><way id="407" timestamp="2026-04-03T18:16:03Z" uid="1" user="OSMnx" version="1" changeset="1"><nd ref="2224745587" /><nd ref="2224745586" /><tag k="highway" v="unclassified" /></way><way id="408" timestamp="2026-04-03T18:16:03Z" uid="1" user="OSMnx" version="1" changeset="1"><nd ref="2224745588" /><nd ref="2224745587" /><tag k="highway" v="unclassified" /></way><way id="409" timestamp="2026-04-03T18:16:03Z" uid="1" user="OSMnx" version="1" changeset="1"><nd ref="2224745590" /><nd ref="2224745588" /><tag k="highway" v="unclassified" /></way><way id="410" timestamp="2026-04-03T18:16:03Z" uid="1" user="OSMnx" version="1" changeset="1"><nd ref="2224745592" /><nd ref="2224745590" /><tag k="highway" v="unclassified" /></way><way id="411" timestamp="2026-04-03T18:16:03Z" uid="1" user="OSMnx" version="1" changeset="1"><nd ref="2224745594" /><nd ref="2224745592" /><tag k="highway" v="unclassified" /></way><way id="412" timestamp="2026-04-03T18:16:03Z" uid="1" user="OSMnx" version="1" changeset="1"><nd ref="2224745602" /><nd ref="2224745594" /><tag k="highway" v="unclassified" /></way><way id="413" timestamp="2026-04-03T18:16:03Z" uid="1" user="OSMnx" version="1" changeset="1"><nd ref="2224745604" /><nd ref="564720326" /><tag k="highway" v="unclassified" /><tag k="name" v="Kanheri Caves Road" /></way><way id="414" timestamp="2026-04-03T18:16:03Z" uid="1" user="OSMnx" version="1" changeset="1"><nd ref="2224745604" /><nd ref="3820076412" /><tag k="highway" v="unclassified" /></way><way id="415" timestamp="2026-04-03T18:16:03Z" uid="1" user="OSMnx" version="1" changeset="1"><nd ref="2224745607" /><nd ref="2224745611" /><tag k="highway" v="residential" /><tag k="name" v="MESB Colony Road" /></way><way id="416" timestamp="2026-04-03T18:16:03Z" uid="1" user="OSMnx" version="1" changeset="1"><nd ref="2224745610" /><nd ref="2224745607" /><tag k="highway" v="residential" /><tag k="name" v="MESB Colony Road" /></way><way id="417" timestamp="2026-04-03T18:16:03Z" uid="1" user="OSMnx" version="1" changeset="1"><nd ref="2224745611" /><nd ref="2224745618" /><tag k="highway" v="residential" /><tag k="name" v="MESB Colony Road" /></way><way id="418" timestamp="2026-04-03T18:16:03Z" uid="1" user="OSMnx" version="1" changeset="1"><nd ref="2224745614" /><nd ref="2224745610" /><tag k="highway" v="residential" /><tag k="name" v="MESB Colony Road" /></way><way id="419" timestamp="2026-04-03T18:16:03Z" uid="1" user="OSMnx" version="1" changeset="1"><nd ref="2224745623" /><nd ref="2224745614" /><tag k="highway" v="residential" /><tag k="name" v="MESB Colony Road" /></way><way id="420" timestamp="2026-04-03T18:16:03Z" uid="1" user="OSMnx" version="1" changeset="1"><nd ref="2224745623" /><nd ref="4357075010" /><tag k="highway" v="residential" /></way><way id="421" timestamp="2026-04-03T18:16:03Z" uid="1" user="OSMnx" version="1" changeset="1"><nd ref="2224745626" /><nd ref="2224745623" /><tag k="highway" v="residential" /><tag k="name" v="MESB Colony Road" /></way><way id="422" timestamp="2026-04-03T18:16:03Z" uid="1" user="OSMnx" version="1" changeset="1"><nd ref="2224745635" /><nd ref="7291368930" /><tag k="highway" v="residential" /><tag k="name" v="Mafco Road" /></way><way id="423" timestamp="2026-04-03T18:16:03Z" uid="1" user="OSMnx" version="1" changeset="1"><nd ref="2224745637" /><nd ref="2224745639" /><tag k="highway" v="residential" /><tag k="name" v="Mafco Road" /></way><way id="424" timestamp="2026-04-03T18:16:03Z" uid="1" user="OSMnx" version="1" changeset="1"><nd ref="2224745639" /><nd ref="2224745642" /><tag k="highway" v="residential" /><tag k="name" v="Mafco Road" /></way><way id="425" timestamp="2026-04-03T18:16:03Z" uid="1" user="OSMnx" version="1" changeset="1"><nd ref="2224745641" /><nd ref="7278944510" /><tag k="highway" v="residential" /><tag k="name" v="Mafco Road" /></way><way id="426" timestamp="2026-04-03T18:16:03Z" uid="1" user="OSMnx" version="1" changeset="1"><nd ref="2224745642" /><nd ref="2224745644" /><tag k="highway" v="residential" /><tag k="name" v="Mafco Road" /></way><way id="427" timestamp="2026-04-03T18:16:03Z" uid="1" user="OSMnx" version="1" changeset="1"><nd ref="2224745644" /><nd ref="2224745654" /><tag k="highway" v="residential" /><tag k="name" v="Mafco Road" /></way><way id="428" timestamp="2026-04-03T18:16:03Z" uid="1" user="OSMnx" version="1" changeset="1"><nd ref="2224745654" /><nd ref="2224745659" /><tag k="highway" v="residential" /><tag k="name" v="Mafco Road" /></way><way id="429" timestamp="2026-04-03T18:16:03Z" uid="1" user="OSMnx" version="1" changeset="1"><nd ref="2224745659" /><nd ref="1074578468" /><tag k="highway" v="residential" /></way><way id="430" timestamp="2026-04-03T18:16:03Z" uid="1" user="OSMnx" version="1" changeset="1"><nd ref="2224745662" /><nd ref="2224745696" /><tag k="highway" v="residential" /></way><way id="431" timestamp="2026-04-03T18:16:03Z" uid="1" user="OSMnx" version="1" changeset="1"><nd ref="2224745664" /><nd ref="997643390" /><tag k="highway" v="unclassified" /><tag k="maxspeed" v="40" /><tag k="name" v="Kanheri Caves Road" /></way><way id="432" timestamp="2026-04-03T18:16:03Z" uid="1" user="OSMnx" version="1" changeset="1"><nd ref="2236681486" /><nd ref="2236681482" /><tag k="highway" v="unclassified" /></way><way id="433" timestamp="2026-04-03T18:16:03Z" uid="1" user="OSMnx" version="1" changeset="1"><nd ref="2236681494" /><nd ref="2236681486" /><tag k="highway" v="unclassified" /></way><way id="434" timestamp="2026-04-03T18:16:03Z" uid="1" user="OSMnx" version="1" changeset="1"><nd ref="2236681501" /><nd ref="2236681494" /><tag k="highway" v="unclassified" /></way><way id="435" timestamp="2026-04-03T18:16:03Z" uid="1" user="OSMnx" version="1" changeset="1"><nd ref="2236681515" /><nd ref="12864831135" /><tag k="highway" v="unclassified" /></way><way id="436" timestamp="2026-04-03T18:16:03Z" uid="1" user="OSMnx" version="1" changeset="1"><nd ref="2236681522" /><nd ref="2236681515" /><tag k="highway" v="unclassified" /></way><way id="437" timestamp="2026-04-03T18:16:03Z" uid="1" user="OSMnx" version="1" changeset="1"><nd ref="2236681526" /><nd ref="2236681522" /><tag k="highway" v="unclassified" /></way><way id="438" timestamp="2026-04-03T18:16:03Z" uid="1" user="OSMnx" version="1" changeset="1"><nd ref="2236681530" /><nd ref="2236681526" /><tag k="highway" v="unclassified" /></way><way id="439" timestamp="2026-04-03T18:16:03Z" uid="1" user="OSMnx" version="1" changeset="1"><nd ref="2236681532" /><nd ref="2236681530" /><tag k="highway" v="unclassified" /></way><way id="440" timestamp="2026-04-03T18:16:03Z" uid="1" user="OSMnx" version="1" changeset="1"><nd ref="2236681534" /><nd ref="2236681532" /><tag k="highway" v="unclassified" /></way><way id="441" timestamp="2026-04-03T18:16:03Z" uid="1" user="OSMnx" version="1" changeset="1"><nd ref="2236681538" /><nd ref="4791333671" /><tag k="highway" v="unclassified" /></way><way id="442" timestamp="2026-04-03T18:16:03Z" uid="1" user="OSMnx" version="1" changeset="1"><nd ref="2236681540" /><nd ref="2236681538" /><tag k="highway" v="unclassified" /></way><way id="443" timestamp="2026-04-03T18:16:03Z" uid="1" user="OSMnx" version="1" changeset="1"><nd ref="2236681542" /><nd ref="2236681540" /><tag k="highway" v="unclassified" /></way><way id="444" timestamp="2026-04-03T18:16:03Z" uid="1" user="OSMnx" version="1" changeset="1"><nd ref="2236681551" /><nd ref="2236681542" /><tag k="highway" v="unclassified" /></way><way id="445" timestamp="2026-04-03T18:16:03Z" uid="1" user="OSMnx" version="1" changeset="1"><nd ref="2236681553" /><nd ref="2236681551" /><tag k="highway" v="unclassified" /></way><way id="446" timestamp="2026-04-03T18:16:03Z" uid="1" user="OSMnx" version="1" changeset="1"><nd ref="2236681555" /><nd ref="2236681553" /><tag k="highway" v="unclassified" /></way><way id="447" timestamp="2026-04-03T18:16:03Z" uid="1" user="OSMnx" version="1" changeset="1"><nd ref="3273736244" /><nd ref="2236681555" /><tag k="highway" v="unclassified" /></way><way id="448" timestamp="2026-04-03T18:16:03Z" uid="1" user="OSMnx" version="1" changeset="1"><nd ref="3273736245" /><nd ref="3273736244" /><tag k="highway" v="unclassified" /></way><way id="449" timestamp="2026-04-03T18:16:03Z" uid="1" user="OSMnx" version="1" changeset="1"><nd ref="3273736246" /><nd ref="3273736245" /><tag k="highway" v="unclassified" /></way><way id="450" timestamp="2026-04-03T18:16:03Z" uid="1" user="OSMnx" version="1" changeset="1"><nd ref="3273736247" /><nd ref="3273736246" /><tag k="highway" v="unclassified" /></way><way id="451" timestamp="2026-04-03T18:16:03Z" uid="1" user="OSMnx" version="1" changeset="1"><nd ref="3273736248" /><nd ref="3273736247" /><tag k="highway" v="unclassified" /></way><way id="452" timestamp="2026-04-03T18:16:03Z" uid="1" user="OSMnx" version="1" changeset="1"><nd ref="3273736249" /><nd ref="3273736248" /><tag k="highway" v="unclassified" /></way><way id="453" timestamp="2026-04-03T18:16:03Z" uid="1" user="OSMnx" version="1" changeset="1"><nd ref="3273736250" /><nd ref="3273736249" /><tag k="highway" v="unclassified" /></way><way id="454" timestamp="2026-04-03T18:16:03Z" uid="1" user="OSMnx" version="1" changeset="1"><nd ref="3273736251" /><nd ref="3273736250" /><tag k="highway" v="unclassified" /></way><way id="455" timestamp="2026-04-03T18:16:03Z" uid="1" user="OSMnx" version="1" changeset="1"><nd ref="3273736252" /><nd ref="3273736251" /><tag k="highway" v="unclassified" /></way><way id="456" timestamp="2026-04-03T18:16:03Z" uid="1" user="OSMnx" version="1" changeset="1"><nd ref="3273736253" /><nd ref="3273736252" /><tag k="highway" v="unclassified" /></way><way id="457" timestamp="2026-04-03T18:16:03Z" uid="1" user="OSMnx" version="1" changeset="1"><nd ref="3273736254" /><nd ref="3273736253" /><tag k="highway" v="unclassified" /></way><way id="458" timestamp="2026-04-03T18:16:03Z" uid="1" user="OSMnx" version="1" changeset="1"><nd ref="3273736255" /><nd ref="3273736254" /><tag k="highway" v="unclassified" /></way><way id="459" timestamp="2026-04-03T18:16:03Z" uid="1" user="OSMnx" version="1" changeset="1"><nd ref="3273736256" /><nd ref="3273736255" /><tag k="highway" v="unclassified" /></way><way id="460" timestamp="2026-04-03T18:16:03Z" uid="1" user="OSMnx" version="1" changeset="1"><nd ref="3273736257" /><nd ref="3273736256" /><tag k="highway" v="unclassified" /></way><way id="461" timestamp="2026-04-03T18:16:03Z" uid="1" user="OSMnx" version="1" changeset="1"><nd ref="3273736258" /><nd ref="3273736257" /><tag k="highway" v="unclassified" /></way><way id="462" timestamp="2026-04-03T18:16:03Z" uid="1" user="OSMnx" version="1" changeset="1"><nd ref="3273736259" /><nd ref="3273736258" /><tag k="highway" v="unclassified" /></way><way id="463" timestamp="2026-04-03T18:16:03Z" uid="1" user="OSMnx" version="1" changeset="1"><nd ref="3273736260" /><nd ref="3273736259" /><tag k="highway" v="unclassified" /></way><way id="464" timestamp="2026-04-03T18:16:03Z" uid="1" user="OSMnx" version="1" changeset="1"><nd ref="3273736661" /><nd ref="3273736260" /><tag k="highway" v="unclassified" /></way><way id="465" timestamp="2026-04-03T18:16:03Z" uid="1" user="OSMnx" version="1" changeset="1"><nd ref="3273736662" /><nd ref="3273736661" /><tag k="highway" v="unclassified" /></way><way id="466" timestamp="2026-04-03T18:16:03Z" uid="1" user="OSMnx" version="1" changeset="1"><nd ref="3273736663" /><nd ref="3273736662" /><tag k="highway" v="unclassified" /></way><way id="467" timestamp="2026-04-03T18:16:03Z" uid="1" user="OSMnx" version="1" changeset="1"><nd ref="3273736664" /><nd ref="3273736663" /><tag k="highway" v="unclassified" /></way><way id="468" timestamp="2026-04-03T18:16:03Z" uid="1" user="OSMnx" version="1" changeset="1"><nd ref="3273736665" /><nd ref="3273736664" /><tag k="highway" v="unclassified" /></way><way id="469" timestamp="2026-04-03T18:16:03Z" uid="1" user="OSMnx" version="1" changeset="1"><nd ref="3273736666" /><nd ref="3273736665" /><tag k="highway" v="unclassified" /></way><way id="470" timestamp="2026-04-03T18:16:03Z" uid="1" user="OSMnx" version="1" changeset="1"><nd ref="3273736667" /><nd ref="3273736666" /><tag k="highway" v="unclassified" /></way><way id="471" timestamp="2026-04-03T18:16:03Z" uid="1" user="OSMnx" version="1" changeset="1"><nd ref="3273736668" /><nd ref="3273736667" /><tag k="highway" v="unclassified" /></way><way id="472" timestamp="2026-04-03T18:16:03Z" uid="1" user="OSMnx" version="1" changeset="1"><nd ref="3273736669" /><nd ref="3273736668" /><tag k="highway" v="unclassified" /></way><way id="473" timestamp="2026-04-03T18:16:03Z" uid="1" user="OSMnx" version="1" changeset="1"><nd ref="3273736670" /><nd ref="3273736669" /><tag k="highway" v="unclassified" /></way><way id="474" timestamp="2026-04-03T18:16:03Z" uid="1" user="OSMnx" version="1" changeset="1"><nd ref="3273736671" /><nd ref="3273736670" /><tag k="highway" v="unclassified" /></way><way id="475" timestamp="2026-04-03T18:16:03Z" uid="1" user="OSMnx" version="1" changeset="1"><nd ref="3273736672" /><nd ref="3273736671" /><tag k="highway" v="unclassified" /></way><way id="476" timestamp="2026-04-03T18:16:03Z" uid="1" user="OSMnx" version="1" changeset="1"><nd ref="3273736673" /><nd ref="3273736672" /><tag k="highway" v="unclassified" /></way><way id="477" timestamp="2026-04-03T18:16:03Z" uid="1" user="OSMnx" version="1" changeset="1"><nd ref="3273736674" /><nd ref="3273736673" /><tag k="highway" v="unclassified" /></way><way id="478" timestamp="2026-04-03T18:16:03Z" uid="1" user="OSMnx" version="1" changeset="1"><nd ref="3273736676" /><nd ref="3273736674" /><tag k="highway" v="unclassified" /></way><way id="479" timestamp="2026-04-03T18:16:03Z" uid="1" user="OSMnx" version="1" changeset="1"><nd ref="3273736677" /><nd ref="3273736676" /><tag k="highway" v="unclassified" /></way><way id="480" timestamp="2026-04-03T18:16:03Z" uid="1" user="OSMnx" version="1" changeset="1"><nd ref="3732524744" /><nd ref="2224745494" /><tag k="highway" v="unclassified" /></way><way id="481" timestamp="2026-04-03T18:16:03Z" uid="1" user="OSMnx" version="1" changeset="1"><nd ref="3820076412" /><nd ref="2224745602" /><tag k="highway" v="unclassified" /></way><way id="482" timestamp="2026-04-03T18:16:03Z" uid="1" user="OSMnx" version="1" changeset="1"><nd ref="3965865850" /><nd ref="2224745407" /><tag k="highway" v="unclassified" /></way><way id="483" timestamp="2026-04-03T18:16:03Z" uid="1" user="OSMnx" version="1" changeset="1"><nd ref="4235093278" /><nd ref="997672465" /><tag k="highway" v="residential" /><tag k="name" v="MESB Colony Road" /></way><way id="484" timestamp="2026-04-03T18:16:03Z" uid="1" user="OSMnx" version="1" changeset="1"><nd ref="4357075010" /><nd ref="4357075011" /><tag k="highway" v="residential" /></way><way id="485" timestamp="2026-04-03T18:16:03Z" uid="1" user="OSMnx" version="1" changeset="1"><nd ref="4357075011" /><nd ref="4357075012" /><tag k="highway" v="residential" /></way><way id="486" timestamp="2026-04-03T18:16:03Z" uid="1" user="OSMnx" version="1" changeset="1"><nd ref="4357075012" /><nd ref="4357075013" /><tag k="highway" v="residential" /></way><way id="487" timestamp="2026-04-03T18:16:03Z" uid="1" user="OSMnx" version="1" changeset="1"><nd ref="4357075020" /><nd ref="2224745626" /><tag k="highway" v="residential" /><tag k="name" v="MESB Colony Road" /></way><way id="488" timestamp="2026-04-03T18:16:03Z" uid="1" user="OSMnx" version="1" changeset="1"><nd ref="4598168652" /><nd ref="4598168653" /><tag k="highway" v="residential" /></way><way id="489" timestamp="2026-04-03T18:16:03Z" uid="1" user="OSMnx" version="1" changeset="1"><nd ref="4598168652" /><nd ref="997643402" /><tag k="highway" v="unclassified" /><tag k="maxspeed" v="40" /><tag k="name" v="Kanheri Caves Road" /></way><way id="490" timestamp="2026-04-03T18:16:03Z" uid="1" user="OSMnx" version="1" changeset="1"><nd ref="4598168653" /><nd ref="4598168654" /><tag k="highway" v="residential" /></way><way id="491" timestamp="2026-04-03T18:16:03Z" uid="1" user="OSMnx" version="1" changeset="1"><nd ref="4598168654" /><nd ref="4598168655" /><tag k="highway" v="residential" /></way><way id="492" timestamp="2026-04-03T18:16:03Z" uid="1" user="OSMnx" version="1" changeset="1"><nd ref="4598168655" /><nd ref="4598168656" /><tag k="highway" v="residential" /></way><way id="493" timestamp="2026-04-03T18:16:03Z" uid="1" user="OSMnx" version="1" changeset="1"><nd ref="4598168656" /><nd ref="4598168657" /><tag k="highway" v="residential" /></way><way id="494" timestamp="2026-04-03T18:16:03Z" uid="1" user="OSMnx" version="1" changeset="1"><nd ref="4598168657" /><nd ref="4598168658" /><tag k="highway" v="residential" /></way><way id="495" timestamp="2026-04-03T18:16:03Z" uid="1" user="OSMnx" version="1" changeset="1"><nd ref="4598168658" /><nd ref="4598168659" /><tag k="highway" v="residential" /></way><way id="496" timestamp="2026-04-03T18:16:03Z" uid="1" user="OSMnx" version="1" changeset="1"><nd ref="4598168659" /><nd ref="4598168660" /><tag k="highway" v="residential" /></way><way id="497" timestamp="2026-04-03T18:16:03Z" uid="1" user="OSMnx" version="1" changeset="1"><nd ref="4598168660" /><nd ref="4598168661" /><tag k="highway" v="residential" /></way><way id="498" timestamp="2026-04-03T18:16:03Z" uid="1" user="OSMnx" version="1" changeset="1"><nd ref="4598168661" /><nd ref="4598168662" /><tag k="highway" v="residential" /></way><way id="499" timestamp="2026-04-03T18:16:03Z" uid="1" user="OSMnx" version="1" changeset="1"><nd ref="4598168662" /><nd ref="4598168663" /><tag k="highway" v="residential" /></way><way id="500" timestamp="2026-04-03T18:16:03Z" uid="1" user="OSMnx" version="1" changeset="1"><nd ref="4598168663" /><nd ref="1074577294" /><tag k="highway" v="residential" /></way><way id="501" timestamp="2026-04-03T18:16:03Z" uid="1" user="OSMnx" version="1" changeset="1"><nd ref="4791333636" /><nd ref="4791333635" /><tag k="highway" v="unclassified" /></way><way id="502" timestamp="2026-04-03T18:16:03Z" uid="1" user="OSMnx" version="1" changeset="1"><nd ref="4791333637" /><nd ref="4791333636" /><tag k="highway" v="unclassified" /></way><way id="503" timestamp="2026-04-03T18:16:03Z" uid="1" user="OSMnx" version="1" changeset="1"><nd ref="4791333638" /><nd ref="4791333637" /><tag k="highway" v="unclassified" /></way><way id="504" timestamp="2026-04-03T18:16:03Z" uid="1" user="OSMnx" version="1" changeset="1"><nd ref="4791333639" /><nd ref="4791333638" /><tag k="highway" v="unclassified" /></way><way id="505" timestamp="2026-04-03T18:16:03Z" uid="1" user="OSMnx" version="1" changeset="1"><nd ref="4791333640" /><nd ref="4791333639" /><tag k="highway" v="unclassified" /></way><way id="506" timestamp="2026-04-03T18:16:03Z" uid="1" user="OSMnx" version="1" changeset="1"><nd ref="4791333641" /><nd ref="4791333642" /><tag k="highway" v="unclassified" /></way><way id="507" timestamp="2026-04-03T18:16:03Z" uid="1" user="OSMnx" version="1" changeset="1"><nd ref="4791333642" /><nd ref="4791333643" /><tag k="highway" v="unclassified" /></way><way id="508" timestamp="2026-04-03T18:16:03Z" uid="1" user="OSMnx" version="1" changeset="1"><nd ref="4791333643" /><nd ref="4791333644" /><tag k="highway" v="unclassified" /></way><way id="509" timestamp="2026-04-03T18:16:03Z" uid="1" user="OSMnx" version="1" changeset="1"><nd ref="4791333644" /><nd ref="4791333645" /><tag k="highway" v="unclassified" /></way><way id="510" timestamp="2026-04-03T18:16:03Z" uid="1" user="OSMnx" version="1" changeset="1"><nd ref="4791333645" /><nd ref="4791333646" /><tag k="highway" v="unclassified" /></way><way id="511" timestamp="2026-04-03T18:16:03Z" uid="1" user="OSMnx" version="1" changeset="1"><nd ref="4791333646" /><nd ref="4791333647" /><tag k="highway" v="unclassified" /></way><way id="512" timestamp="2026-04-03T18:16:03Z" uid="1" user="OSMnx" version="1" changeset="1"><nd ref="4791333647" /><nd ref="4791333648" /><tag k="highway" v="unclassified" /></way><way id="513" timestamp="2026-04-03T18:16:03Z" uid="1" user="OSMnx" version="1" changeset="1"><nd ref="4791333648" /><nd ref="4791333649" /><tag k="highway" v="unclassified" /></way><way id="514" timestamp="2026-04-03T18:16:03Z" uid="1" user="OSMnx" version="1" changeset="1"><nd ref="4791333649" /><nd ref="4791333650" /><tag k="highway" v="unclassified" /></way><way id="515" timestamp="2026-04-03T18:16:03Z" uid="1" user="OSMnx" version="1" changeset="1"><nd ref="4791333650" /><nd ref="4791333651" /><tag k="highway" v="unclassified" /></way><way id="516" timestamp="2026-04-03T18:16:03Z" uid="1" user="OSMnx" version="1" changeset="1"><nd ref="4791333651" /><nd ref="4791333652" /><tag k="highway" v="unclassified" /></way><way id="517" timestamp="2026-04-03T18:16:03Z" uid="1" user="OSMnx" version="1" changeset="1"><nd ref="4791333652" /><nd ref="4791333653" /><tag k="highway" v="unclassified" /></way><way id="518" timestamp="2026-04-03T18:16:03Z" uid="1" user="OSMnx" version="1" changeset="1"><nd ref="4791333653" /><nd ref="4791333654" /><tag k="highway" v="unclassified" /></way><way id="519" timestamp="2026-04-03T18:16:03Z" uid="1" user="OSMnx" version="1" changeset="1"><nd ref="4791333654" /><nd ref="4791333655" /><tag k="highway" v="unclassified" /></way><way id="520" timestamp="2026-04-03T18:16:03Z" uid="1" user="OSMnx" version="1" changeset="1"><nd ref="4791333655" /><nd ref="4791333656" /><tag k="highway" v="unclassified" /></way><way id="521" timestamp="2026-04-03T18:16:03Z" uid="1" user="OSMnx" version="1" changeset="1"><nd ref="4791333656" /><nd ref="4791333657" /><tag k="highway" v="unclassified" /></way><way id="522" timestamp="2026-04-03T18:16:03Z" uid="1" user="OSMnx" version="1" changeset="1"><nd ref="4791333657" /><nd ref="4791333658" /><tag k="highway" v="unclassified" /></way><way id="523" timestamp="2026-04-03T18:16:03Z" uid="1" user="OSMnx" version="1" changeset="1"><nd ref="4791333658" /><nd ref="4791333659" /><tag k="highway" v="unclassified" /></way><way id="524" timestamp="2026-04-03T18:16:03Z" uid="1" user="OSMnx" version="1" changeset="1"><nd ref="4791333659" /><nd ref="4791333660" /><tag k="highway" v="unclassified" /></way><way id="525" timestamp="2026-04-03T18:16:03Z" uid="1" user="OSMnx" version="1" changeset="1"><nd ref="4791333660" /><nd ref="4791333661" /><tag k="highway" v="unclassified" /></way><way id="526" timestamp="2026-04-03T18:16:03Z" uid="1" user="OSMnx" version="1" changeset="1"><nd ref="4791333661" /><nd ref="4791333662" /><tag k="highway" v="unclassified" /></way><way id="527" timestamp="2026-04-03T18:16:03Z" uid="1" user="OSMnx" version="1" changeset="1"><nd ref="4791333662" /><nd ref="4791333663" /><tag k="highway" v="unclassified" /></way><way id="528" timestamp="2026-04-03T18:16:03Z" uid="1" user="OSMnx" version="1" changeset="1"><nd ref="4791333663" /><nd ref="4791333664" /><tag k="highway" v="unclassified" /></way><way id="529" timestamp="2026-04-03T18:16:03Z" uid="1" user="OSMnx" version="1" changeset="1"><nd ref="4791333664" /><nd ref="4791333665" /><tag k="highway" v="unclassified" /></way><way id="530" timestamp="2026-04-03T18:16:03Z" uid="1" user="OSMnx" version="1" changeset="1"><nd ref="4791333665" /><nd ref="4791333666" /><tag k="highway" v="unclassified" /></way><way id="531" timestamp="2026-04-03T18:16:03Z" uid="1" user="OSMnx" version="1" changeset="1"><nd ref="4791333666" /><nd ref="4791333667" /><tag k="highway" v="unclassified" /></way><way id="532" timestamp="2026-04-03T18:16:03Z" uid="1" user="OSMnx" version="1" changeset="1"><nd ref="4791333667" /><nd ref="4791333668" /><tag k="highway" v="unclassified" /></way><way id="533" timestamp="2026-04-03T18:16:03Z" uid="1" user="OSMnx" version="1" changeset="1"><nd ref="4791333668" /><nd ref="4791333669" /><tag k="highway" v="unclassified" /></way><way id="534" timestamp="2026-04-03T18:16:03Z" uid="1" user="OSMnx" version="1" changeset="1"><nd ref="4791333669" /><nd ref="4791333670" /><tag k="highway" v="unclassified" /></way><way id="535" timestamp="2026-04-03T18:16:03Z" uid="1" user="OSMnx" version="1" changeset="1"><nd ref="4791333670" /><nd ref="996408615" /><tag k="highway" v="unclassified" /></way><way id="536" timestamp="2026-04-03T18:16:03Z" uid="1" user="OSMnx" version="1" changeset="1"><nd ref="4791333671" /><nd ref="2236681534" /><tag k="highway" v="unclassified" /></way><way id="537" timestamp="2026-04-03T18:16:03Z" uid="1" user="OSMnx" version="1" changeset="1"><nd ref="4791333672" /><nd ref="4791333671" /><tag k="highway" v="unclassified" /></way><way id="538" timestamp="2026-04-03T18:16:03Z" uid="1" user="OSMnx" version="1" changeset="1"><nd ref="4791333673" /><nd ref="4791333672" /><tag k="highway" v="unclassified" /></way><way id="539" timestamp="2026-04-03T18:16:03Z" uid="1" user="OSMnx" version="1" changeset="1"><nd ref="4791333674" /><nd ref="4791333673" /><tag k="highway" v="unclassified" /></way><way id="540" timestamp="2026-04-03T18:16:03Z" uid="1" user="OSMnx" version="1" changeset="1"><nd ref="4791333675" /><nd ref="4791333674" /><tag k="highway" v="unclassified" /></way><way id="541" timestamp="2026-04-03T18:16:03Z" uid="1" user="OSMnx" version="1" changeset="1"><nd ref="4791333676" /><nd ref="4791333675" /><tag k="highway" v="unclassified" /></way><way id="542" timestamp="2026-04-03T18:16:03Z" uid="1" user="OSMnx" version="1" changeset="1"><nd ref="4791333676" /><nd ref="4791333722" /><tag k="highway" v="unclassified" /></way><way id="543" timestamp="2026-04-03T18:16:03Z" uid="1" user="OSMnx" version="1" changeset="1"><nd ref="4791333677" /><nd ref="4791333742" /><tag k="highway" v="unclassified" /></way><way id="544" timestamp="2026-04-03T18:16:03Z" uid="1" user="OSMnx" version="1" changeset="1"><nd ref="4791333678" /><nd ref="4791333677" /><tag k="highway" v="unclassified" /></way><way id="545" timestamp="2026-04-03T18:16:03Z" uid="1" user="OSMnx" version="1" changeset="1"><nd ref="4791333679" /><nd ref="4791333678" /><tag k="highway" v="unclassified" /></way><way id="546" timestamp="2026-04-03T18:16:03Z" uid="1" user="OSMnx" version="1" changeset="1"><nd ref="4791333680" /><nd ref="4791333679" /><tag k="highway" v="unclassified" /></way><way id="547" timestamp="2026-04-03T18:16:03Z" uid="1" user="OSMnx" version="1" changeset="1"><nd ref="4791333681" /><nd ref="4791333680" /><tag k="highway" v="unclassified" /></way><way id="548" timestamp="2026-04-03T18:16:03Z" uid="1" user="OSMnx" version="1" changeset="1"><nd ref="4791333682" /><nd ref="4791333681" /><tag k="highway" v="unclassified" /></way><way id="549" timestamp="2026-04-03T18:16:03Z" uid="1" user="OSMnx" version="1" changeset="1"><nd ref="4791333683" /><nd ref="4791333682" /><tag k="highway" v="unclassified" /></way><way id="550" timestamp="2026-04-03T18:16:03Z" uid="1" user="OSMnx" version="1" changeset="1"><nd ref="4791333684" /><nd ref="4791333683" /><tag k="highway" v="unclassified" /></way><way id="551" timestamp="2026-04-03T18:16:03Z" uid="1" user="OSMnx" version="1" changeset="1"><nd ref="4791333685" /><nd ref="4791333684" /><tag k="highway" v="unclassified" /></way><way id="552" timestamp="2026-04-03T18:16:03Z" uid="1" user="OSMnx" version="1" changeset="1"><nd ref="4791333686" /><nd ref="4791333685" /><tag k="highway" v="unclassified" /></way><way id="553" timestamp="2026-04-03T18:16:03Z" uid="1" user="OSMnx" version="1" changeset="1"><nd ref="4791333687" /><nd ref="4791333686" /><tag k="highway" v="unclassified" /></way><way id="554" timestamp="2026-04-03T18:16:03Z" uid="1" user="OSMnx" version="1" changeset="1"><nd ref="4791333688" /><nd ref="4791333687" /><tag k="highway" v="unclassified" /></way><way id="555" timestamp="2026-04-03T18:16:03Z" uid="1" user="OSMnx" version="1" changeset="1"><nd ref="4791333689" /><nd ref="4791333688" /><tag k="highway" v="unclassified" /></way><way id="556" timestamp="2026-04-03T18:16:03Z" uid="1" user="OSMnx" version="1" changeset="1"><nd ref="4791333690" /><nd ref="4791333689" /><tag k="highway" v="unclassified" /></way><way id="557" timestamp="2026-04-03T18:16:03Z" uid="1" user="OSMnx" version="1" changeset="1"><nd ref="4791333691" /><nd ref="4791333690" /><tag k="highway" v="unclassified" /></way><way id="558" timestamp="2026-04-03T18:16:03Z" uid="1" user="OSMnx" version="1" changeset="1"><nd ref="4791333692" /><nd ref="4791333691" /><tag k="highway" v="unclassified" /></way><way id="559" timestamp="2026-04-03T18:16:03Z" uid="1" user="OSMnx" version="1" changeset="1"><nd ref="4791333693" /><nd ref="4791333692" /><tag k="highway" v="unclassified" /></way><way id="560" timestamp="2026-04-03T18:16:03Z" uid="1" user="OSMnx" version="1" changeset="1"><nd ref="4791333694" /><nd ref="4791333693" /><tag k="highway" v="unclassified" /></way><way id="561" timestamp="2026-04-03T18:16:03Z" uid="1" user="OSMnx" version="1" changeset="1"><nd ref="4791333695" /><nd ref="4791333694" /><tag k="highway" v="unclassified" /></way><way id="562" timestamp="2026-04-03T18:16:03Z" uid="1" user="OSMnx" version="1" changeset="1"><nd ref="4791333696" /><nd ref="4791333695" /><tag k="highway" v="unclassified" /></way><way id="563" timestamp="2026-04-03T18:16:03Z" uid="1" user="OSMnx" version="1" changeset="1"><nd ref="4791333697" /><nd ref="4791333696" /><tag k="highway" v="unclassified" /></way><way id="564" timestamp="2026-04-03T18:16:03Z" uid="1" user="OSMnx" version="1" changeset="1"><nd ref="4791333698" /><nd ref="4791333641" /><tag k="highway" v="unclassified" /></way><way id="565" timestamp="2026-04-03T18:16:03Z" uid="1" user="OSMnx" version="1" changeset="1"><nd ref="4791333698" /><nd ref="4791333697" /><tag k="highway" v="unclassified" /></way><way id="566" timestamp="2026-04-03T18:16:03Z" uid="1" user="OSMnx" version="1" changeset="1"><nd ref="4791333720" /><nd ref="4791333721" /><tag k="highway" v="unclassified" /></way><way id="567" timestamp="2026-04-03T18:16:03Z" uid="1" user="OSMnx" version="1" changeset="1"><nd ref="4791333721" /><nd ref="4791333676" /><tag k="highway" v="unclassified" /></way><way id="568" timestamp="2026-04-03T18:16:03Z" uid="1" user="OSMnx" version="1" changeset="1"><nd ref="4791333722" /><nd ref="4791333723" /><tag k="highway" v="unclassified" /></way><way id="569" timestamp="2026-04-03T18:16:03Z" uid="1" user="OSMnx" version="1" changeset="1"><nd ref="4791333723" /><nd ref="4791333724" /><tag k="highway" v="unclassified" /></way><way id="570" timestamp="2026-04-03T18:16:03Z" uid="1" user="OSMnx" version="1" changeset="1"><nd ref="4791333724" /><nd ref="4791333744" /><tag k="highway" v="unclassified" /></way><way id="571" timestamp="2026-04-03T18:16:03Z" uid="1" user="OSMnx" version="1" changeset="1"><nd ref="4791333725" /><nd ref="4791333748" /><tag k="highway" v="unclassified" /></way><way id="572" timestamp="2026-04-03T18:16:03Z" uid="1" user="OSMnx" version="1" changeset="1"><nd ref="4791333726" /><nd ref="4791333725" /><tag k="highway" v="unclassified" /></way><way id="573" timestamp="2026-04-03T18:16:03Z" uid="1" user="OSMnx" version="1" changeset="1"><nd ref="4791333727" /><nd ref="4791333726" /><tag k="highway" v="unclassified" /></way><way id="574" timestamp="2026-04-03T18:16:03Z" uid="1" user="OSMnx" version="1" changeset="1"><nd ref="4791333728" /><nd ref="4791333727" /><tag k="highway" v="unclassified" /></way><way id="575" timestamp="2026-04-03T18:16:03Z" uid="1" user="OSMnx" version="1" changeset="1"><nd ref="4791333729" /><nd ref="4791333728" /><tag k="highway" v="unclassified" /></way><way id="576" timestamp="2026-04-03T18:16:03Z" uid="1" user="OSMnx" version="1" changeset="1"><nd ref="4791333730" /><nd ref="4791333729" /><tag k="highway" v="unclassified" /></way><way id="577" timestamp="2026-04-03T18:16:03Z" uid="1" user="OSMnx" version="1" changeset="1"><nd ref="4791333731" /><nd ref="4791333730" /><tag k="highway" v="unclassified" /></way><way id="578" timestamp="2026-04-03T18:16:03Z" uid="1" user="OSMnx" version="1" changeset="1"><nd ref="4791333732" /><nd ref="4791333731" /><tag k="highway" v="unclassified" /></way><way id="579" timestamp="2026-04-03T18:16:03Z" uid="1" user="OSMnx" version="1" changeset="1"><nd ref="4791333733" /><nd ref="4791333732" /><tag k="highway" v="unclassified" /></way><way id="580" timestamp="2026-04-03T18:16:03Z" uid="1" user="OSMnx" version="1" changeset="1"><nd ref="4791333734" /><nd ref="4791333733" /><tag k="highway" v="unclassified" /></way><way id="581" timestamp="2026-04-03T18:16:03Z" uid="1" user="OSMnx" version="1" changeset="1"><nd ref="4791333735" /><nd ref="4791333734" /><tag k="highway" v="unclassified" /></way><way id="582" timestamp="2026-04-03T18:16:03Z" uid="1" user="OSMnx" version="1" changeset="1"><nd ref="4791333736" /><nd ref="4791333735" /><tag k="highway" v="unclassified" /></way><way id="583" timestamp="2026-04-03T18:16:03Z" uid="1" user="OSMnx" version="1" changeset="1"><nd ref="4791333737" /><nd ref="4791333736" /><tag k="highway" v="unclassified" /></way><way id="584" timestamp="2026-04-03T18:16:03Z" uid="1" user="OSMnx" version="1" changeset="1"><nd ref="4791333738" /><nd ref="4791333737" /><tag k="highway" v="unclassified" /></way><way id="585" timestamp="2026-04-03T18:16:03Z" uid="1" user="OSMnx" version="1" changeset="1"><nd ref="4791333739" /><nd ref="4791333738" /><tag k="highway" v="unclassified" /></way><way id="586" timestamp="2026-04-03T18:16:03Z" uid="1" user="OSMnx" version="1" changeset="1"><nd ref="4791333740" /><nd ref="4791333739" /><tag k="highway" v="unclassified" /></way><way id="587" timestamp="2026-04-03T18:16:03Z" uid="1" user="OSMnx" version="1" changeset="1"><nd ref="4791333741" /><nd ref="4791333740" /><tag k="highway" v="unclassified" /></way><way id="588" timestamp="2026-04-03T18:16:03Z" uid="1" user="OSMnx" version="1" changeset="1"><nd ref="4791333742" /><nd ref="4791333741" /><tag k="highway" v="unclassified" /></way><way id="589" timestamp="2026-04-03T18:16:03Z" uid="1" user="OSMnx" version="1" changeset="1"><nd ref="4791333743" /><nd ref="4791333742" /><tag k="highway" v="unclassified" /></way><way id="590" timestamp="2026-04-03T18:16:03Z" uid="1" user="OSMnx" version="1" changeset="1"><nd ref="4791333744" /><nd ref="4791333743" /><tag k="highway" v="unclassified" /></way><way id="591" timestamp="2026-04-03T18:16:03Z" uid="1" user="OSMnx" version="1" changeset="1"><nd ref="4791333748" /><nd ref="4791333749" /><tag k="highway" v="unclassified" /></way><way id="592" timestamp="2026-04-03T18:16:03Z" uid="1" user="OSMnx" version="1" changeset="1"><nd ref="4791333749" /><nd ref="4791333750" /><tag k="highway" v="unclassified" /></way><way id="593" timestamp="2026-04-03T18:16:03Z" uid="1" user="OSMnx" version="1" changeset="1"><nd ref="4791333751" /><nd ref="4791333750" /><tag k="highway" v="unclassified" /></way><way id="594" timestamp="2026-04-03T18:16:03Z" uid="1" user="OSMnx" version="1" changeset="1"><nd ref="4791333753" /><nd ref="2224745659" /><tag k="highway" v="residential" /></way><way id="595" timestamp="2026-04-03T18:16:03Z" uid="1" user="OSMnx" version="1" changeset="1"><nd ref="4791333754" /><nd ref="7404576308" /><tag k="highway" v="residential" /></way><way id="596" timestamp="2026-04-03T18:16:03Z" uid="1" user="OSMnx" version="1" changeset="1"><nd ref="4791333755" /><nd ref="4791333754" /><tag k="highway" v="residential" /></way><way id="597" timestamp="2026-04-03T18:16:03Z" uid="1" user="OSMnx" version="1" changeset="1"><nd ref="4791333756" /><nd ref="1074577305" /><tag k="highway" v="residential" /></way><way id="598" timestamp="2026-04-03T18:16:03Z" uid="1" user="OSMnx" version="1" changeset="1"><nd ref="5937705396" /><nd ref="245681807" /><tag k="highway" v="residential" /><tag k="name" v="Mafco Road" /></way><way id="599" timestamp="2026-04-03T18:16:03Z" uid="1" user="OSMnx" version="1" changeset="1"><nd ref="7278944510" /><nd ref="2224745635" /><tag k="highway" v="residential" /><tag k="name" v="Mafco Road" /></way><way id="600" timestamp="2026-04-03T18:16:03Z" uid="1" user="OSMnx" version="1" changeset="1"><nd ref="7278944511" /><nd ref="245682249" /><tag k="highway" v="residential" /></way><way id="601" timestamp="2026-04-03T18:16:03Z" uid="1" user="OSMnx" version="1" changeset="1"><nd ref="7278944528" /><nd ref="245681765" /><tag k="highway" v="residential" /><tag k="name" v="Mafco Road" /></way><way id="602" timestamp="2026-04-03T18:16:03Z" uid="1" user="OSMnx" version="1" changeset="1"><nd ref="7278944529" /><nd ref="7278944530" /><tag k="highway" v="residential" /><tag k="name" v="Mafco Road" /></way><way id="603" timestamp="2026-04-03T18:16:03Z" uid="1" user="OSMnx" version="1" changeset="1"><nd ref="7278944530" /><nd ref="245681706" /><tag k="highway" v="residential" /><tag k="name" v="Mafco Road" /></way><way id="604" timestamp="2026-04-03T18:16:03Z" uid="1" user="OSMnx" version="1" changeset="1"><nd ref="7278944531" /><nd ref="7278944529" /><tag k="highway" v="residential" /><tag k="name" v="Mafco Road" /></way><way id="605" timestamp="2026-04-03T18:16:03Z" uid="1" user="OSMnx" version="1" changeset="1"><nd ref="7278944536" /><nd ref="7278944550" /><tag k="highway" v="residential" /></way><way id="606" timestamp="2026-04-03T18:16:03Z" uid="1" user="OSMnx" version="1" changeset="1"><nd ref="7278944539" /><nd ref="7278944549" /><tag k="highway" v="residential" /></way><way id="607" timestamp="2026-04-03T18:16:03Z" uid="1" user="OSMnx" version="1" changeset="1"><nd ref="7278944540" /><nd ref="7278944541" /><tag k="highway" v="residential" /></way><way id="608" timestamp="2026-04-03T18:16:03Z" uid="1" user="OSMnx" version="1" changeset="1"><nd ref="7278944541" /><nd ref="7278944542" /><tag k="highway" v="residential" /></way><way id="609" timestamp="2026-04-03T18:16:03Z" uid="1" user="OSMnx" version="1" changeset="1"><nd ref="7278944542" /><nd ref="7291368908" /><tag k="highway" v="residential" /></way><way id="610" timestamp="2026-04-03T18:16:03Z" uid="1" user="OSMnx" version="1" changeset="1"><nd ref="7278944547" /><nd ref="7278944548" /><tag k="highway" v="residential" /></way><way id="611" timestamp="2026-04-03T18:16:03Z" uid="1" user="OSMnx" version="1" changeset="1"><nd ref="7278944548" /><nd ref="1074578473" /><tag k="highway" v="residential" /></way><way id="612" timestamp="2026-04-03T18:16:03Z" uid="1" user="OSMnx" version="1" changeset="1"><nd ref="7278944549" /><nd ref="7278944540" /><tag k="highway" v="residential" /></way><way id="613" timestamp="2026-04-03T18:16:03Z" uid="1" user="OSMnx" version="1" changeset="1"><nd ref="7278944550" /><nd ref="7278944539" /><tag k="highway" v="residential" /></way><way id="614" timestamp="2026-04-03T18:16:03Z" uid="1" user="OSMnx" version="1" changeset="1"><nd ref="7278944551" /><nd ref="7278944536" /><tag k="highway" v="residential" /></way><way id="615" timestamp="2026-04-03T18:16:03Z" uid="1" user="OSMnx" version="1" changeset="1"><nd ref="7278944552" /><nd ref="7278944551" /><tag k="highway" v="residential" /></way><way id="616" timestamp="2026-04-03T18:16:03Z" uid="1" user="OSMnx" version="1" changeset="1"><nd ref="7278944553" /><nd ref="7278944552" /><tag k="highway" v="residential" /></way><way id="617" timestamp="2026-04-03T18:16:03Z" uid="1" user="OSMnx" version="1" changeset="1"><nd ref="7278944554" /><nd ref="7278944553" /><tag k="highway" v="residential" /></way><way id="618" timestamp="2026-04-03T18:16:03Z" uid="1" user="OSMnx" version="1" changeset="1"><nd ref="7278944563" /><nd ref="245682188" /><tag k="highway" v="residential" /></way><way id="619" timestamp="2026-04-03T18:16:03Z" uid="1" user="OSMnx" version="1" changeset="1"><nd ref="7278944564" /><nd ref="7278944563" /><tag k="highway" v="residential" /></way><way id="620" timestamp="2026-04-03T18:16:03Z" uid="1" user="OSMnx" version="1" changeset="1"><nd ref="7278944565" /><nd ref="7278944564" /><tag k="highway" v="residential" /></way><way id="621" timestamp="2026-04-03T18:16:03Z" uid="1" user="OSMnx" version="1" changeset="1"><nd ref="7278944566" /><nd ref="7278944565" /><tag k="highway" v="residential" /></way><way id="622" timestamp="2026-04-03T18:16:03Z" uid="1" user="OSMnx" version="1" changeset="1"><nd ref="7278944567" /><nd ref="7278944566" /><tag k="highway" v="residential" /></way><way id="623" timestamp="2026-04-03T18:16:03Z" uid="1" user="OSMnx" version="1" changeset="1"><nd ref="7278944568" /><nd ref="7278944567" /><tag k="highway" v="residential" /></way><way id="624" timestamp="2026-04-03T18:16:03Z" uid="1" user="OSMnx" version="1" changeset="1"><nd ref="7278944569" /><nd ref="7278944568" /><tag k="highway" v="residential" /></way><way id="625" timestamp="2026-04-03T18:16:03Z" uid="1" user="OSMnx" version="1" changeset="1"><nd ref="7278944570" /><nd ref="7278944569" /><tag k="highway" v="residential" /></way><way id="626" timestamp="2026-04-03T18:16:03Z" uid="1" user="OSMnx" version="1" changeset="1"><nd ref="7278944571" /><nd ref="7278944570" /><tag k="highway" v="residential" /></way><way id="627" timestamp="2026-04-03T18:16:03Z" uid="1" user="OSMnx" version="1" changeset="1"><nd ref="7278944572" /><nd ref="7278944571" /><tag k="highway" v="residential" /></way><way id="628" timestamp="2026-04-03T18:16:03Z" uid="1" user="OSMnx" version="1" changeset="1"><nd ref="7278944573" /><nd ref="7278944572" /><tag k="highway" v="residential" /></way><way id="629" timestamp="2026-04-03T18:16:03Z" uid="1" user="OSMnx" version="1" changeset="1"><nd ref="7278944574" /><nd ref="7278944573" /><tag k="highway" v="residential" /></way><way id="630" timestamp="2026-04-03T18:16:03Z" uid="1" user="OSMnx" version="1" changeset="1"><nd ref="7278944575" /><nd ref="7278944574" /><tag k="highway" v="residential" /></way><way id="631" timestamp="2026-04-03T18:16:03Z" uid="1" user="OSMnx" version="1" changeset="1"><nd ref="7278944576" /><nd ref="7278944575" /><tag k="highway" v="residential" /></way><way id="632" timestamp="2026-04-03T18:16:03Z" uid="1" user="OSMnx" version="1" changeset="1"><nd ref="7278944577" /><nd ref="7278944576" /><tag k="highway" v="residential" /></way><way id="633" timestamp="2026-04-03T18:16:03Z" uid="1" user="OSMnx" version="1" changeset="1"><nd ref="7278944578" /><nd ref="7278944577" /><tag k="highway" v="residential" /></way><way id="634" timestamp="2026-04-03T18:16:03Z" uid="1" user="OSMnx" version="1" changeset="1"><nd ref="7278944579" /><nd ref="1074578488" /><tag k="highway" v="residential" /></way><way id="635" timestamp="2026-04-03T18:16:03Z" uid="1" user="OSMnx" version="1" changeset="1"><nd ref="7278944580" /><nd ref="7278944579" /><tag k="highway" v="residential" /></way><way id="636" timestamp="2026-04-03T18:16:03Z" uid="1" user="OSMnx" version="1" changeset="1"><nd ref="7278944581" /><nd ref="7278944580" /><tag k="highway" v="residential" /></way><way id="637" timestamp="2026-04-03T18:16:03Z" uid="1" user="OSMnx" version="1" changeset="1"><nd ref="7278944582" /><nd ref="7278944581" /><tag k="highway" v="residential" /></way><way id="638" timestamp="2026-04-03T18:16:03Z" uid="1" user="OSMnx" version="1" changeset="1"><nd ref="7291368906" /><nd ref="7291368921" /><tag k="highway" v="residential" /></way><way id="639" timestamp="2026-04-03T18:16:03Z" uid="1" user="OSMnx" version="1" changeset="1"><nd ref="7291368907" /><nd ref="7278944547" /><tag k="highway" v="residential" /></way><way id="640" timestamp="2026-04-03T18:16:03Z" uid="1" user="OSMnx" version="1" changeset="1"><nd ref="7291368908" /><nd ref="7291368909" /><tag k="highway" v="residential" /></way><way id="641" timestamp="2026-04-03T18:16:03Z" uid="1" user="OSMnx" version="1" changeset="1"><nd ref="7291368909" /><nd ref="7291368910" /><tag k="highway" v="residential" /></way><way id="642" timestamp="2026-04-03T18:16:03Z" uid="1" user="OSMnx" version="1" changeset="1"><nd ref="7291368910" /><nd ref="7291368911" /><tag k="highway" v="residential" /></way><way id="643" timestamp="2026-04-03T18:16:03Z" uid="1" user="OSMnx" version="1" changeset="1"><nd ref="7291368911" /><nd ref="7291368907" /><tag k="highway" v="residential" /></way><way id="644" timestamp="2026-04-03T18:16:03Z" uid="1" user="OSMnx" version="1" changeset="1"><nd ref="7291368914" /><nd ref="7291368913" /><tag k="highway" v="residential" /></way><way id="645" timestamp="2026-04-03T18:16:03Z" uid="1" user="OSMnx" version="1" changeset="1"><nd ref="7291368915" /><nd ref="7291368914" /><tag k="highway" v="residential" /></way><way id="646" timestamp="2026-04-03T18:16:03Z" uid="1" user="OSMnx" version="1" changeset="1"><nd ref="7291368916" /><nd ref="7291368915" /><tag k="highway" v="residential" /></way><way id="647" timestamp="2026-04-03T18:16:03Z" uid="1" user="OSMnx" version="1" changeset="1"><nd ref="7291368917" /><nd ref="7291368916" /><tag k="highway" v="residential" /></way><way id="648" timestamp="2026-04-03T18:16:03Z" uid="1" user="OSMnx" version="1" changeset="1"><nd ref="7291368918" /><nd ref="7291368917" /><tag k="highway" v="residential" /></way><way id="649" timestamp="2026-04-03T18:16:03Z" uid="1" user="OSMnx" version="1" changeset="1"><nd ref="7291368919" /><nd ref="7291368918" /><tag k="highway" v="residential" /></way><way id="650" timestamp="2026-04-03T18:16:03Z" uid="1" user="OSMnx" version="1" changeset="1"><nd ref="7291368920" /><nd ref="7291368919" /><tag k="highway" v="residential" /></way><way id="651" timestamp="2026-04-03T18:16:03Z" uid="1" user="OSMnx" version="1" changeset="1"><nd ref="7291368921" /><nd ref="7291368920" /><tag k="highway" v="residential" /></way><way id="652" timestamp="2026-04-03T18:16:03Z" uid="1" user="OSMnx" version="1" changeset="1"><nd ref="7291368922" /><nd ref="7291368906" /><tag k="highway" v="residential" /></way><way id="653" timestamp="2026-04-03T18:16:03Z" uid="1" user="OSMnx" version="1" changeset="1"><nd ref="7291368923" /><nd ref="7291368922" /><tag k="highway" v="residential" /></way><way id="654" timestamp="2026-04-03T18:16:03Z" uid="1" user="OSMnx" version="1" changeset="1"><nd ref="7291368924" /><nd ref="7291368923" /><tag k="highway" v="residential" /></way><way id="655" timestamp="2026-04-03T18:16:03Z" uid="1" user="OSMnx" version="1" changeset="1"><nd ref="7291368925" /><nd ref="7291368924" /><tag k="highway" v="residential" /></way><way id="656" timestamp="2026-04-03T18:16:03Z" uid="1" user="OSMnx" version="1" changeset="1"><nd ref="7291368926" /><nd ref="7291368925" /><tag k="highway" v="residential" /></way><way id="657" timestamp="2026-04-03T18:16:03Z" uid="1" user="OSMnx" version="1" changeset="1"><nd ref="7291368927" /><nd ref="7291368926" /><tag k="highway" v="residential" /></way><way id="658" timestamp="2026-04-03T18:16:03Z" uid="1" user="OSMnx" version="1" changeset="1"><nd ref="7291368928" /><nd ref="7291368927" /><tag k="highway" v="residential" /></way><way id="659" timestamp="2026-04-03T18:16:03Z" uid="1" user="OSMnx" version="1" changeset="1"><nd ref="7291368929" /><nd ref="7291368928" /><tag k="highway" v="residential" /></way><way id="660" timestamp="2026-04-03T18:16:03Z" uid="1" user="OSMnx" version="1" changeset="1"><nd ref="7291368930" /><nd ref="2224745637" /><tag k="highway" v="residential" /><tag k="name" v="Mafco Road" /></way><way id="661" timestamp="2026-04-03T18:16:03Z" uid="1" user="OSMnx" version="1" changeset="1"><nd ref="7291368930" /><nd ref="7291368929" /><tag k="highway" v="residential" /></way><way id="662" timestamp="2026-04-03T18:16:03Z" uid="1" user="OSMnx" version="1" changeset="1"><nd ref="7324654572" /><nd ref="997672421" /><tag k="highway" v="residential" /><tag k="name" v="MESB Colony Road" /></way><way id="663" timestamp="2026-04-03T18:16:03Z" uid="1" user="OSMnx" version="1" changeset="1"><nd ref="7324654578" /><nd ref="564720337" /><tag k="highway" v="unclassified" /><tag k="name" v="Kanheri Caves Road" /></way><way id="664" timestamp="2026-04-03T18:16:03Z" uid="1" user="OSMnx" version="1" changeset="1"><nd ref="7324657331" /><nd ref="997672435" /><tag k="highway" v="residential" /><tag k="name" v="MESB Colony Road" /></way><way id="665" timestamp="2026-04-03T18:16:03Z" uid="1" user="OSMnx" version="1" changeset="1"><nd ref="7324657332" /><nd ref="7324657331" /><tag k="highway" v="residential" /><tag k="name" v="MESB Colony Road" /></way><way id="666" timestamp="2026-04-03T18:16:03Z" uid="1" user="OSMnx" version="1" changeset="1"><nd ref="7324657333" /><nd ref="7324654572" /><tag k="highway" v="residential" /><tag k="name" v="MESB Colony Road" /></way><way id="667" timestamp="2026-04-03T18:16:03Z" uid="1" user="OSMnx" version="1" changeset="1"><nd ref="7324657334" /><nd ref="997672428" /><tag k="highway" v="residential" /><tag k="name" v="MESB Colony Road" /></way><way id="668" timestamp="2026-04-03T18:16:03Z" uid="1" user="OSMnx" version="1" changeset="1"><nd ref="7324667951" /><nd ref="564720339" /><tag k="highway" v="unclassified" /><tag k="name" v="Kanheri Caves Road" /></way><way id="669" timestamp="2026-04-03T18:16:03Z" uid="1" user="OSMnx" version="1" changeset="1"><nd ref="7389343582" /><nd ref="7389343583" /><tag k="highway" v="residential" /></way><way id="670" timestamp="2026-04-03T18:16:03Z" uid="1" user="OSMnx" version="1" changeset="1"><nd ref="7389343583" /><nd ref="7389343584" /><tag k="highway" v="residential" /></way><way id="671" timestamp="2026-04-03T18:16:03Z" uid="1" user="OSMnx" version="1" changeset="1"><nd ref="7389343584" /><nd ref="1074578484" /><tag k="highway" v="residential" /></way><way id="672" timestamp="2026-04-03T18:16:03Z" uid="1" user="OSMnx" version="1" changeset="1"><nd ref="7404576308" /><nd ref="7404754811" /><tag k="highway" v="residential" /></way><way id="673" timestamp="2026-04-03T18:16:03Z" uid="1" user="OSMnx" version="1" changeset="1"><nd ref="7404754811" /><nd ref="1074577279" /><tag k="highway" v="residential" /></way><way id="674" timestamp="2026-04-03T18:16:03Z" uid="1" user="OSMnx" version="1" changeset="1"><nd ref="9266189103" /><nd ref="13590777941" /><tag k="highway" v="unclassified" /><tag k="name" v="Kanheri Caves Road" /></way><way id="675" timestamp="2026-04-03T18:16:03Z" uid="1" user="OSMnx" version="1" changeset="1"><nd ref="9266220019" /><nd ref="283211607" /><tag k="highway" v="unclassified" /><tag k="name" v="Kanheri Caves Road" /></way><way id="676" timestamp="2026-04-03T18:16:03Z" uid="1" user="OSMnx" version="1" changeset="1"><nd ref="10253343401" /><nd ref="997672417" /><tag k="highway" v="residential" /><tag k="name" v="MESB Colony Road" /></way><way id="677" timestamp="2026-04-03T18:16:03Z" uid="1" user="OSMnx" version="1" changeset="1"><nd ref="10253343402" /><nd ref="4357075020" /><tag k="highway" v="residential" /><tag k="name" v="MESB Colony Road" /></way><way id="678" timestamp="2026-04-03T18:16:03Z" uid="1" user="OSMnx" version="1" changeset="1"><nd ref="12864831135" /><nd ref="2236681501" /><tag k="highway" v="unclassified" /></way><way id="679" timestamp="2026-04-03T18:16:03Z" uid="1" user="OSMnx" version="1" changeset="1"><nd ref="13590777941" /><nd ref="245680706" /><tag k="highway" v="unclassified" /><tag k="name" v="Kanheri Caves Road" /></way><way id="680" timestamp="2026-04-03T18:16:03Z" uid="1" user="OSMnx" version="1" changeset="1"><nd ref="13590777942" /><nd ref="245680723" /><tag k="highway" v="unclassified" /><tag k="name" v="Kanheri Caves Road" /></way><way id="681" timestamp="2026-04-03T18:16:03Z" uid="1" user="OSMnx" version="1" changeset="1"><nd ref="13590777943" /><nd ref="245680739" /><tag k="highway" v="unclassified" /><tag k="name" v="Kanheri Caves Road" /></way><way id="682" timestamp="2026-04-03T18:16:03Z" uid="1" user="OSMnx" version="1" changeset="1"><nd ref="13590777944" /><nd ref="564720324" /><tag k="highway" v="unclassified" /><tag k="name" v="Kanheri Caves Road" /></way><way id="683" timestamp="2026-04-03T18:16:03Z" uid="1" user="OSMnx" version="1" changeset="1"><nd ref="13590777945" /><nd ref="245680715" /><tag k="highway" v="unclassified" /><tag k="name" v="Kanheri Caves Road" /></way><way id="684" timestamp="2026-04-03T18:16:03Z" uid="1" user="OSMnx" version="1" changeset="1"><nd ref="13590777946" /><nd ref="13590777945" /><tag k="highway" v="unclassified" /><tag k="name" v="Kanheri Caves Road" /></way><way id="685" timestamp="2026-04-03T18:16:03Z" uid="1" user="OSMnx" version="1" changeset="1"><nd ref="13590777947" /><nd ref="13590777946" /><tag k="highway" v="unclassified" /><tag k="name" v="Kanheri Caves Road" /></way><way id="686" timestamp="2026-04-03T18:16:03Z" uid="1" user="OSMnx" version="1" changeset="1"><nd ref="13590777948" /><nd ref="283211613" /><tag k="highway" v="unclassified" /><tag k="name" v="Kanheri Caves Road" /></way><way id="687" timestamp="2026-04-03T18:16:03Z" uid="1" user="OSMnx" version="1" changeset="1"><nd ref="13590777949" /><nd ref="283211616" /><tag k="highway" v="unclassified" /><tag k="name" v="Kanheri Caves Road" /></way><way id="688" timestamp="2026-04-03T18:16:03Z" uid="1" user="OSMnx" version="1" changeset="1"><nd ref="13590777950" /><nd ref="283211617" /><tag k="highway" v="unclassified" /><tag k="name" v="Kanheri Caves Road" /></way><way id="689" timestamp="2026-04-03T18:16:03Z" uid="1" user="OSMnx" version="1" changeset="1"><nd ref="13590777951" /><nd ref="13590777950" /><tag k="highway" v="unclassified" /><tag k="name" v="Kanheri Caves Road" /></way><way id="690" timestamp="2026-04-03T18:16:03Z" uid="1" user="OSMnx" version="1" changeset="1"><nd ref="13590777952" /><nd ref="283211618" /><tag k="highway" v="unclassified" /><tag k="name" v="Kanheri Caves Road" /></way><way id="691" timestamp="2026-04-03T18:16:03Z" uid="1" user="OSMnx" version="1" changeset="1"><nd ref="13590777953" /><nd ref="13590777952" /><tag k="highway" v="unclassified" /><tag k="name" v="Kanheri Caves Road" /></way><way id="692" timestamp="2026-04-03T18:16:03Z" uid="1" user="OSMnx" version="1" changeset="1"><nd ref="13590777954" /><nd ref="13590777955" /><tag k="highway" v="unclassified" /><tag k="name" v="Kanheri Caves Road" /></way><way id="693" timestamp="2026-04-03T18:16:03Z" uid="1" user="OSMnx" version="1" changeset="1"><nd ref="13590777955" /><nd ref="283211620" /><tag k="highway" v="unclassified" /><tag k="name" v="Kanheri Caves Road" /></way><way id="694" timestamp="2026-04-03T18:16:03Z" uid="1" user="OSMnx" version="1" changeset="1"><nd ref="13590777956" /><nd ref="283211621" /><tag k="highway" v="unclassified" /><tag k="name" v="Kanheri Caves Road" /></way><way id="695" timestamp="2026-04-03T18:16:03Z" uid="1" user="OSMnx" version="1" changeset="1"><nd ref="13590777957" /><nd ref="13590777958" /><tag k="highway" v="unclassified" /><tag k="name" v="Kanheri Caves Road" /></way><way id="696" timestamp="2026-04-03T18:16:03Z" uid="1" user="OSMnx" version="1" changeset="1"><nd ref="13590777958" /><nd ref="283211623" /><tag k="highway" v="unclassified" /><tag k="name" v="Kanheri Caves Road" /></way><way id="697" timestamp="2026-04-03T18:16:03Z" uid="1" user="OSMnx" version="1" changeset="1"><nd ref="13590777959" /><nd ref="283211624" /><tag k="highway" v="unclassified" /><tag k="name" v="Kanheri Caves Road" /></way><way id="698" timestamp="2026-04-03T18:16:03Z" uid="1" user="OSMnx" version="1" changeset="1"><nd ref="13590777960" /><nd ref="13590777959" /><tag k="highway" v="unclassified" /><tag k="name" v="Kanheri Caves Road" /></way><way id="699" timestamp="2026-04-03T18:16:03Z" uid="1" user="OSMnx" version="1" changeset="1"><nd ref="13590777961" /><nd ref="283211625" /><tag k="highway" v="unclassified" /><tag k="name" v="Kanheri Caves Road" /></way><way id="700" timestamp="2026-04-03T18:16:03Z" uid="1" user="OSMnx" version="1" changeset="1"><nd ref="13590777962" /><nd ref="283211627" /><tag k="highway" v="unclassified" /><tag k="name" v="Kanheri Caves Road" /></way><way id="701" timestamp="2026-04-03T18:16:03Z" uid="1" user="OSMnx" version="1" changeset="1"><nd ref="13590777963" /><nd ref="13590777962" /><tag k="highway" v="unclassified" /><tag k="name" v="Kanheri Caves Road" /></way><way id="702" timestamp="2026-04-03T18:16:03Z" uid="1" user="OSMnx" version="1" changeset="1"><nd ref="13590777964" /><nd ref="283211628" /><tag k="highway" v="unclassified" /><tag k="name" v="Kanheri Caves Road" /></way><way id="703" timestamp="2026-04-03T18:16:03Z" uid="1" user="OSMnx" version="1" changeset="1"><nd ref="13590777965" /><nd ref="13590777964" /><tag k="highway" v="unclassified" /><tag k="name" v="Kanheri Caves Road" /></way><way id="704" timestamp="2026-04-03T18:16:03Z" uid="1" user="OSMnx" version="1" changeset="1"><nd ref="13590777966" /><nd ref="283211630" /><tag k="highway" v="unclassified" /><tag k="name" v="Kanheri Caves Road" /></way><way id="705" timestamp="2026-04-03T18:16:03Z" uid="1" user="OSMnx" version="1" changeset="1"><nd ref="13590777967" /><nd ref="13590777966" /><tag k="highway" v="unclassified" /><tag k="name" v="Kanheri Caves Road" /></way><way id="706" timestamp="2026-04-03T18:16:03Z" uid="1" user="OSMnx" version="1" changeset="1"><nd ref="13590777968" /><nd ref="13590777967" /><tag k="highway" v="unclassified" /><tag k="name" v="Kanheri Caves Road" /></way><way id="707" timestamp="2026-04-03T18:16:03Z" uid="1" user="OSMnx" version="1" changeset="1"><nd ref="13590777969" /><nd ref="13590777968" /><tag k="highway" v="unclassified" /><tag k="name" v="Kanheri Caves Road" /></way></osm>