<?xml version='1.0' encoding='utf-8'?>
<osm attribution="https://www.openstreetmap.org/copyright" copyright="OpenStreetMap and contributors" generator="OSMnx 2.1.0" license="https://opendatacommons.org/licenses/odbl/1-0/" version="0.6"><bounds minlon="72.8069924" minlat="18.8971259" maxlon="72.8365344" maxlat="18.9330735" /><node timestamp="2026-04-10T00:02:21Z" lon="72.8163986" version="1" visible="true" uid="1" user="OSMnx" id="245653028" lat="18.9060052" changeset="1" /><node timestamp="2026-04-10T00:02:21Z" lon="72.8167242" version="1" visible="true" uid="1" user="OSMnx" id="245653033" lat="18.9069355" changeset="1" /><node timestamp="2026-04-10T00:02:21Z" lon="72.8232687" version="1" visible="true" uid="1" user="OSMnx" id="245653071" lat="18.9114846" changeset="1" /><node timestamp="2026-04-10T00:02:21Z" lon="72.8208639" version="1" visible="true" uid="1" user="OSMnx" id="245653078" lat="18.9111765" changeset="1" /><node timestamp="2026-04-10T00:02:21Z" lon="72.8234509" version="1" visible="true" uid="1" user="OSMnx" id="245653079" lat="18.9117712" changeset="1" /><node timestamp="2026-04-10T00:02:21Z" lon="72.8190373" version="1" visible="true" uid="1" user="OSMnx" id="245653086" lat="18.9112099" changeset="1" /><node timestamp="2026-04-10T00:02:21Z" lon="72.8234938" version="1" visible="true" uid="1" user="OSMnx" id="245653087" lat="18.9119093" changeset="1" /><node timestamp="2026-04-10T00:02:21Z" lon="72.8234243" version="1" visible="true" uid="1" user="OSMnx" id="245653093" lat="18.9121711" changeset="1" /><node timestamp="2026-04-10T00:02:21Z" lon="72.8258924" version="1" visible="true" uid="1" user="OSMnx" id="245653104" lat="18.9104122" changeset="1" /><node timestamp="2026-04-10T00:02:21Z" lon="72.8223049" version="1" visible="true" uid="1" user="OSMnx" id="245653112" lat="18.9125746" changeset="1" /><node timestamp="2026-04-10T00:02:21Z" lon="72.8238939" version="1" visible="true" uid="1" user="OSMnx" id="245653121" lat="18.9125696" changeset="1" /><node timestamp="2026-04-10T00:02:21Z" lon="72.8271171" version="1" visible="true" uid="1" user="OSMnx" id="245653163" lat="18.9142035" changeset="1" /><node timestamp="2026-04-10T00:02:21Z" lon="72.8231405" version="1" visible="true" uid="1" user="OSMnx" id="245653170" lat="18.9133676" changeset="1" /><node timestamp="2026-04-10T00:02:21Z" lon="72.8209677" version="1" visible="true" uid="1" user="OSMnx" id="245653178" lat="18.9134123" changeset="1" /><node timestamp="2026-04-10T00:02:21Z" lon="72.822446" version="1" visible="true" uid="1" user="OSMnx" id="245653188" lat="18.9136443" changeset="1" /><node timestamp="2026-04-10T00:02:21Z" lon="72.8241835" version="1" visible="true" uid="1" user="OSMnx" id="245653207" lat="18.9144093" changeset="1" /><node timestamp="2026-04-10T00:02:21Z" lon="72.8191027" version="1" visible="true" uid="1" user="OSMnx" id="245653212" lat="18.9140942" changeset="1" /><node timestamp="2026-04-10T00:02:21Z" lon="72.823216" version="1" visible="true" uid="1" user="OSMnx" id="245653214" lat="18.9142873" changeset="1" /><node timestamp="2026-04-10T00:02:21Z" lon="72.8227426" version="1" visible="true" uid="1" user="OSMnx" id="245653221" lat="18.914673" changeset="1" /><node timestamp="2026-04-10T00:02:21Z" lon="72.8193058" version="1" visible="true" uid="1" user="OSMnx" id="245653223" lat="18.9143496" changeset="1" /><node timestamp="2026-04-10T00:02:21Z" lon="72.8245142" version="1" visible="true" uid="1" user="OSMnx" id="245653224" lat="18.9146613" changeset="1" /><node timestamp="2026-04-10T00:02:21Z" lon="72.8265573" version="1" visible="true" uid="1" user="OSMnx" id="245653225" lat="18.9147239" changeset="1" /><node timestamp="2026-04-10T00:02:21Z" lon="72.8217366" version="1" visible="true" uid="1" user="OSMnx" id="245653232" lat="18.9143089" changeset="1"><tag k="highway" v="traffic_signals" /></node><node timestamp="2026-04-10T00:02:21Z" lon="72.8223544" version="1" visible="true" uid="1" user="OSMnx" id="245653244" lat="18.9149679" changeset="1" /><node timestamp="2026-04-10T00:02:21Z" lon="72.8251325" version="1" visible="true" uid="1" user="OSMnx" id="245653247" lat="18.9150334" changeset="1" /><node timestamp="2026-04-10T00:02:21Z" lon="72.8212786" version="1" visible="true" uid="1" user="OSMnx" id="245653249" lat="18.9145426" changeset="1" /><node timestamp="2026-04-10T00:02:21Z" lon="72.8258088" version="1" visible="true" uid="1" user="OSMnx" id="245653265" lat="18.9155141" changeset="1" /><node timestamp="2026-04-10T00:02:21Z" lon="72.8291633" version="1" visible="true" uid="1" user="OSMnx" id="245653275" lat="18.9153595" changeset="1" /><node timestamp="2026-04-10T00:02:21Z" lon="72.8262388" version="1" visible="true" uid="1" user="OSMnx" id="245653285" lat="18.9159232" changeset="1" /><node timestamp="2026-04-10T00:02:21Z" lon="72.8240322" version="1" visible="true" uid="1" user="OSMnx" id="245653311" lat="18.9161966" changeset="1" /><node timestamp="2026-04-10T00:02:21Z" lon="72.8249576" version="1" visible="true" uid="1" user="OSMnx" id="245653322" lat="18.9167967" changeset="1" /><node timestamp="2026-04-10T00:02:21Z" lon="72.8236255" version="1" visible="true" uid="1" user="OSMnx" id="245653329" lat="18.9164885" changeset="1"><tag k="highway" v="traffic_signals" /></node><node timestamp="2026-04-10T00:02:21Z" lon="72.8286441" version="1" visible="true" uid="1" user="OSMnx" id="245653338" lat="18.9158809" changeset="1" /><node timestamp="2026-04-10T00:02:21Z" lon="72.8296598" version="1" visible="true" uid="1" user="OSMnx" id="245653340" lat="18.9160575" changeset="1" /><node timestamp="2026-04-10T00:02:21Z" lon="72.8251378" version="1" visible="true" uid="1" user="OSMnx" id="245653354" lat="18.9174922" changeset="1" /><node timestamp="2026-04-10T00:02:21Z" lon="72.8286763" version="1" visible="true" uid="1" user="OSMnx" id="245653363" lat="18.9164239" changeset="1" /><node timestamp="2026-04-10T00:02:21Z" lon="72.8302755" version="1" visible="true" uid="1" user="OSMnx" id="245653364" lat="18.9165463" changeset="1" /><node timestamp="2026-04-10T00:02:21Z" lon="72.8274184" version="1" visible="true" uid="1" user="OSMnx" id="245653372" lat="18.9159963" changeset="1" /><node timestamp="2026-04-10T00:02:21Z" lon="72.8173252" version="1" visible="true" uid="1" user="OSMnx" id="245653377" lat="18.9158655" changeset="1" /><node timestamp="2026-04-10T00:02:21Z" lon="72.82921" version="1" visible="true" uid="1" user="OSMnx" id="245653379" lat="18.9167028" changeset="1" /><node timestamp="2026-04-10T00:02:21Z" lon="72.8290303" version="1" visible="true" uid="1" user="OSMnx" id="245653385" lat="18.9168552" changeset="1" /><node timestamp="2026-04-10T00:02:21Z" lon="72.8278394" version="1" visible="true" uid="1" user="OSMnx" id="245653394" lat="18.9164137" changeset="1" /><node timestamp="2026-04-10T00:02:21Z" lon="72.8282888" version="1" visible="true" uid="1" user="OSMnx" id="245653395" lat="18.9167565" changeset="1" /><node timestamp="2026-04-10T00:02:21Z" lon="72.8297346" version="1" visible="true" uid="1" user="OSMnx" id="245653396" lat="18.9171319" changeset="1" /><node timestamp="2026-04-10T00:02:21Z" lon="72.8281574" version="1" visible="true" uid="1" user="OSMnx" id="245653406" lat="18.9168694" changeset="1" /><node timestamp="2026-04-10T00:02:21Z" lon="72.8287406" version="1" visible="true" uid="1" user="OSMnx" id="245653407" lat="18.9171372" changeset="1" /><node timestamp="2026-04-10T00:02:21Z" lon="72.8315273" version="1" visible="true" uid="1" user="OSMnx" id="245653408" lat="18.9179309" changeset="1" /><node timestamp="2026-04-10T00:02:21Z" lon="72.830447" version="1" visible="true" uid="1" user="OSMnx" id="245653410" lat="18.9178025" changeset="1" /><node timestamp="2026-04-10T00:02:21Z" lon="72.8181602" version="1" visible="true" uid="1" user="OSMnx" id="245653412" lat="18.9168421" changeset="1" /><node timestamp="2026-04-10T00:02:21Z" lon="72.8255542" version="1" visible="true" uid="1" user="OSMnx" id="245653413" lat="18.9187946" changeset="1"><tag k="highway" v="traffic_signals" /></node><node timestamp="2026-04-10T00:02:21Z" lon="72.8272108" version="1" visible="true" uid="1" user="OSMnx" id="245653417" lat="18.9169903" changeset="1" /><node timestamp="2026-04-10T00:02:21Z" lon="72.8284809" version="1" visible="true" uid="1" user="OSMnx" id="245653418" lat="18.9173036" changeset="1" /><node timestamp="2026-04-10T00:02:21Z" lon="72.8316562" version="1" visible="true" uid="1" user="OSMnx" id="245653419" lat="18.9183637" changeset="1" /><node timestamp="2026-04-10T00:02:21Z" lon="72.830535" version="1" visible="true" uid="1" user="OSMnx" id="245653425" lat="18.9181569" changeset="1" /><node timestamp="2026-04-10T00:02:21Z" lon="72.8268056" version="1" visible="true" uid="1" user="OSMnx" id="245653430" lat="18.9173203" changeset="1" /><node timestamp="2026-04-10T00:02:21Z" lon="72.829137" version="1" visible="true" uid="1" user="OSMnx" id="245653431" lat="18.917806" changeset="1" /><node timestamp="2026-04-10T00:02:21Z" lon="72.8275252" version="1" visible="true" uid="1" user="OSMnx" id="245653433" lat="18.9174045" changeset="1" /><node timestamp="2026-04-10T00:02:21Z" lon="72.8183949" version="1" visible="true" uid="1" user="OSMnx" id="245653435" lat="18.9173106" changeset="1" /><node timestamp="2026-04-10T00:02:21Z" lon="72.8265825" version="1" visible="true" uid="1" user="OSMnx" id="245653436" lat="18.9175128" changeset="1" /><node timestamp="2026-04-10T00:02:21Z" lon="72.8277862" version="1" visible="true" uid="1" user="OSMnx" id="245653437" lat="18.91774" changeset="1" /><node timestamp="2026-04-10T00:02:21Z" lon="72.829375" version="1" visible="true" uid="1" user="OSMnx" id="245653438" lat="18.9180362" changeset="1" /><node timestamp="2026-04-10T00:02:21Z" lon="72.8306337" version="1" visible="true" uid="1" user="OSMnx" id="245653444" lat="18.9186139" changeset="1" /><node timestamp="2026-04-10T00:02:21Z" lon="72.8310209" version="1" visible="true" uid="1" user="OSMnx" id="245653445" lat="18.91853" changeset="1" /><node timestamp="2026-04-10T00:02:21Z" lon="72.8268994" version="1" visible="true" uid="1" user="OSMnx" id="245653447" lat="18.9178944" changeset="1" /><node timestamp="2026-04-10T00:02:21Z" lon="72.8280202" version="1" visible="true" uid="1" user="OSMnx" id="245653449" lat="18.9179766" changeset="1" /><node timestamp="2026-04-10T00:02:21Z" lon="72.8294801" version="1" visible="true" uid="1" user="OSMnx" id="245653450" lat="18.918397" changeset="1" /><node timestamp="2026-04-10T00:02:21Z" lon="72.8271892" version="1" visible="true" uid="1" user="OSMnx" id="245653454" lat="18.9182207" changeset="1" /><node timestamp="2026-04-10T00:02:21Z" lon="72.8285473" version="1" visible="true" uid="1" user="OSMnx" id="245653455" lat="18.9184505" changeset="1" /><node timestamp="2026-04-10T00:02:21Z" lon="72.8295933" version="1" visible="true" uid="1" user="OSMnx" id="245653456" lat="18.9188414" changeset="1" /><node timestamp="2026-04-10T00:02:21Z" lon="72.8312071" version="1" visible="true" uid="1" user="OSMnx" id="245653457" lat="18.9189995" changeset="1" /><node timestamp="2026-04-10T00:02:21Z" lon="72.8290725" version="1" visible="true" uid="1" user="OSMnx" id="245653464" lat="18.9189023" changeset="1"><tag k="highway" v="traffic_signals" /></node><node timestamp="2026-04-10T00:02:21Z" lon="72.8261249" version="1" visible="true" uid="1" user="OSMnx" id="245653467" lat="18.9178279" changeset="1" /><node timestamp="2026-04-10T00:02:21Z" lon="72.8304947" version="1" visible="true" uid="1" user="OSMnx" id="245653472" lat="18.9191763" changeset="1" /><node timestamp="2026-04-10T00:02:21Z" lon="72.8264682" version="1" visible="true" uid="1" user="OSMnx" id="245653475" lat="18.9182176" changeset="1" /><node timestamp="2026-04-10T00:02:21Z" lon="72.8295788" version="1" visible="true" uid="1" user="OSMnx" id="245653483" lat="18.9194036" changeset="1" /><node timestamp="2026-04-10T00:02:21Z" lon="72.8267987" version="1" visible="true" uid="1" user="OSMnx" id="245653484" lat="18.9185404" changeset="1" /><node timestamp="2026-04-10T00:02:21Z" lon="72.8315664" version="1" visible="true" uid="1" user="OSMnx" id="245653487" lat="18.9197783" changeset="1" /><node timestamp="2026-04-10T00:02:21Z" lon="72.8270575" version="1" visible="true" uid="1" user="OSMnx" id="245653490" lat="18.9188001" changeset="1" /><node timestamp="2026-04-10T00:02:21Z" lon="72.8274672" version="1" visible="true" uid="1" user="OSMnx" id="245653495" lat="18.9193" changeset="1" /><node timestamp="2026-04-10T00:02:21Z" lon="72.8309449" version="1" visible="true" uid="1" user="OSMnx" id="245653500" lat="18.9200605" changeset="1" /><node timestamp="2026-04-10T00:02:21Z" lon="72.827698" version="1" visible="true" uid="1" user="OSMnx" id="245653502" lat="18.9198186" changeset="1" /><node timestamp="2026-04-10T00:02:21Z" lon="72.8326579" version="1" visible="true" uid="1" user="OSMnx" id="245653505" lat="18.9199914" changeset="1" /><node timestamp="2026-04-10T00:02:21Z" lon="72.8303133" version="1" visible="true" uid="1" user="OSMnx" id="245653507" lat="18.9203437" changeset="1" /><node timestamp="2026-04-10T00:02:21Z" lon="72.8318368" version="1" visible="true" uid="1" user="OSMnx" id="245653518" lat="18.9203617" changeset="1" /><node timestamp="2026-04-10T00:02:21Z" lon="72.8331896" version="1" visible="true" uid="1" user="OSMnx" id="245653559" lat="18.9210098" changeset="1" /><node timestamp="2026-04-10T00:02:21Z" lon="72.8306402" version="1" visible="true" uid="1" user="OSMnx" id="245653567" lat="18.9208963" changeset="1" /><node timestamp="2026-04-10T00:02:21Z" lon="72.8337395" version="1" visible="true" uid="1" user="OSMnx" id="245653574" lat="18.922257" changeset="1" /><node timestamp="2026-04-10T00:02:21Z" lon="72.8337389" version="1" visible="true" uid="1" user="OSMnx" id="245653592" lat="18.9223127" changeset="1" /><node timestamp="2026-04-10T00:02:21Z" lon="72.832299" version="1" visible="true" uid="1" user="OSMnx" id="245653597" lat="18.9213666" changeset="1"><tag k="junction" v="yes" /></node><node timestamp="2026-04-10T00:02:21Z" lon="72.833688" version="1" visible="true" uid="1" user="OSMnx" id="245653598" lat="18.9224421" changeset="1" /><node timestamp="2026-04-10T00:02:21Z" lon="72.8317413" version="1" visible="true" uid="1" user="OSMnx" id="245653605" lat="18.9216084" changeset="1" /><node timestamp="2026-04-10T00:02:21Z" lon="72.8263833" version="1" visible="true" uid="1" user="OSMnx" id="245653613" lat="18.9210264" changeset="1"><tag k="highway" v="traffic_signals" /></node><node timestamp="2026-04-10T00:02:21Z" lon="72.8333209" version="1" visible="true" uid="1" user="OSMnx" id="245653624" lat="18.922931" changeset="1" /><node timestamp="2026-04-10T00:02:21Z" lon="72.8312042" version="1" visible="true" uid="1" user="OSMnx" id="245653633" lat="18.9218281" changeset="1"><tag k="highway" v="traffic_signals" /></node><node timestamp="2026-04-10T00:02:21Z" lon="72.8325622" version="1" visible="true" uid="1" user="OSMnx" id="245653638" lat="18.9219371" changeset="1" /><node timestamp="2026-04-10T00:02:21Z" lon="72.8278729" version="1" visible="true" uid="1" user="OSMnx" id="245653649" lat="18.921752" changeset="1" /><node timestamp="2026-04-10T00:02:21Z" lon="72.8328032" version="1" visible="true" uid="1" user="OSMnx" id="245653651" lat="18.9224596" changeset="1" /><node timestamp="2026-04-10T00:02:21Z" lon="72.8314532" version="1" visible="true" uid="1" user="OSMnx" id="245653658" lat="18.9223975" changeset="1" /><node timestamp="2026-04-10T00:02:21Z" lon="72.8322054" version="1" visible="true" uid="1" user="OSMnx" id="245653662" lat="18.9226885" changeset="1" /><node timestamp="2026-04-10T00:02:21Z" lon="72.8330804" version="1" visible="true" uid="1" user="OSMnx" id="245653665" lat="18.9230594" changeset="1" /><node timestamp="2026-04-10T00:02:21Z" lon="72.8297071" version="1" visible="true" uid="1" user="OSMnx" id="245653668" lat="18.9226396" changeset="1" /><node timestamp="2026-04-10T00:02:21Z" lon="72.8294226" version="1" visible="true" uid="1" user="OSMnx" id="245653671" lat="18.9228355" changeset="1"><tag k="highway" v="crossing" /></node><node timestamp="2026-04-10T00:02:21Z" lon="72.8316455" version="1" visible="true" uid="1" user="OSMnx" id="245653674" lat="18.922903" changeset="1" /><node timestamp="2026-04-10T00:02:21Z" lon="72.8328257" version="1" visible="true" uid="1" user="OSMnx" id="245653684" lat="18.9233598" changeset="1" /><node timestamp="2026-04-10T00:02:21Z" lon="72.8326216" version="1" visible="true" uid="1" user="OSMnx" id="245653695" lat="18.9236044" changeset="1" /><node timestamp="2026-04-10T00:02:21Z" lon="72.8324456" version="1" visible="true" uid="1" user="OSMnx" id="245653702" lat="18.9238081" changeset="1" /><node timestamp="2026-04-10T00:02:21Z" lon="72.8334761" version="1" visible="true" uid="1" user="OSMnx" id="245653708" lat="18.9238193" changeset="1" /><node timestamp="2026-04-10T00:02:21Z" lon="72.8311476" version="1" visible="true" uid="1" user="OSMnx" id="245653713" lat="18.923504" changeset="1" /><node timestamp="2026-04-10T00:02:21Z" lon="72.83194" version="1" visible="true" uid="1" user="OSMnx" id="245653714" lat="18.9237635" changeset="1" /><node timestamp="2026-04-10T00:02:21Z" lon="72.8321271" version="1" visible="true" uid="1" user="OSMnx" id="245653718" lat="18.9242436" changeset="1" /><node timestamp="2026-04-10T00:02:21Z" lon="72.830821" version="1" visible="true" uid="1" user="OSMnx" id="245653728" lat="18.9238758" changeset="1" /><node timestamp="2026-04-10T00:02:21Z" lon="72.8330942" version="1" visible="true" uid="1" user="OSMnx" id="245653735" lat="18.9242794" changeset="1" /><node timestamp="2026-04-10T00:02:21Z" lon="72.8267332" version="1" visible="true" uid="1" user="OSMnx" id="245653736" lat="18.9230075" changeset="1" /><node timestamp="2026-04-10T00:02:21Z" lon="72.8318738" version="1" visible="true" uid="1" user="OSMnx" id="245653745" lat="18.9247201" changeset="1" /><node timestamp="2026-04-10T00:02:21Z" lon="72.8323808" version="1" visible="true" uid="1" user="OSMnx" id="245653748" lat="18.9250789" changeset="1"><tag k="highway" v="traffic_signals" /></node><node timestamp="2026-04-10T00:02:21Z" lon="72.8327739" version="1" visible="true" uid="1" user="OSMnx" id="245653750" lat="18.924947" changeset="1" /><node timestamp="2026-04-10T00:02:21Z" lon="72.8269673" version="1" visible="true" uid="1" user="OSMnx" id="245653752" lat="18.9252356" changeset="1" /><node timestamp="2026-04-10T00:02:21Z" lon="72.8321652" version="1" visible="true" uid="1" user="OSMnx" id="245653753" lat="18.9250909" changeset="1"><tag k="highway" v="traffic_signals" /></node><node timestamp="2026-04-10T00:02:21Z" lon="72.8320464" version="1" visible="true" uid="1" user="OSMnx" id="245653756" lat="18.9251923" changeset="1" /><node timestamp="2026-04-10T00:02:21Z" lon="72.8325637" version="1" visible="true" uid="1" user="OSMnx" id="245653757" lat="18.9252868" changeset="1"><tag k="highway" v="traffic_signals" /><tag k="junction" v="roundabout" /></node><node timestamp="2026-04-10T00:02:21Z" lon="72.8320205" version="1" visible="true" uid="1" user="OSMnx" id="245653771" lat="18.9254002" changeset="1"><tag k="highway" v="traffic_signals" /></node><node timestamp="2026-04-10T00:02:21Z" lon="72.8325651" version="1" visible="true" uid="1" user="OSMnx" id="245653777" lat="18.9253686" changeset="1"><tag k="highway" v="traffic_signals" /><tag k="junction" v="roundabout" /></node><node timestamp="2026-04-10T00:02:21Z" lon="72.8234264" version="1" visible="true" uid="1" user="OSMnx" id="245653778" lat="18.9227691" changeset="1" /><node timestamp="2026-04-10T00:02:21Z" lon="72.8320756" version="1" visible="true" uid="1" user="OSMnx" id="245653781" lat="18.9255033" changeset="1"><tag k="highway" v="traffic_signals" /></node><node timestamp="2026-04-10T00:02:21Z" lon="72.8323116" version="1" visible="true" uid="1" user="OSMnx" id="245653783" lat="18.9255944" changeset="1"><tag k="highway" v="traffic_signals" /></node><node timestamp="2026-04-10T00:02:21Z" lon="72.8324057" version="1" visible="true" uid="1" user="OSMnx" id="245653784" lat="18.9255712" changeset="1" /><node timestamp="2026-04-10T00:02:21Z" lon="72.824162" version="1" visible="true" uid="1" user="OSMnx" id="245653785" lat="18.9255781" changeset="1" /><node timestamp="2026-04-10T00:02:21Z" lon="72.8247774" version="1" visible="true" uid="1" user="OSMnx" id="245653788" lat="18.9243642" changeset="1" /><node timestamp="2026-04-10T00:02:21Z" lon="72.823751" version="1" visible="true" uid="1" user="OSMnx" id="245653795" lat="18.9256781" changeset="1" /><node timestamp="2026-04-10T00:02:21Z" lon="72.8270348" version="1" visible="true" uid="1" user="OSMnx" id="245653814" lat="18.9262355" changeset="1" /><node timestamp="2026-04-10T00:02:21Z" lon="72.8280343" version="1" visible="true" uid="1" user="OSMnx" id="245653820" lat="18.9263905" changeset="1"><tag k="highway" v="traffic_signals" /></node><node timestamp="2026-04-10T00:02:21Z" lon="72.8199259" version="1" visible="true" uid="1" user="OSMnx" id="245653828" lat="18.9244194" changeset="1" /><node timestamp="2026-04-10T00:02:21Z" lon="72.8211183" version="1" visible="true" uid="1" user="OSMnx" id="245653829" lat="18.9258098" changeset="1" /><node timestamp="2026-04-10T00:02:21Z" lon="72.8270585" version="1" visible="true" uid="1" user="OSMnx" id="245653830" lat="18.9264383" changeset="1"><tag k="highway" v="traffic_signals" /></node><node timestamp="2026-04-10T00:02:21Z" lon="72.8314486" version="1" visible="true" uid="1" user="OSMnx" id="245653831" lat="18.9271282" changeset="1" /><node timestamp="2026-04-10T00:02:21Z" lon="72.8232103" version="1" visible="true" uid="1" user="OSMnx" id="245653837" lat="18.925763" changeset="1" /><node timestamp="2026-04-10T00:02:21Z" lon="72.8205205" version="1" visible="true" uid="1" user="OSMnx" id="245653840" lat="18.9262685" changeset="1" /><node timestamp="2026-04-10T00:02:21Z" lon="72.8196463" version="1" visible="true" uid="1" user="OSMnx" id="245653855" lat="18.9269393" changeset="1" /><node timestamp="2026-04-10T00:02:21Z" lon="72.8331101" version="1" visible="true" uid="1" user="OSMnx" id="245653867" lat="18.9270179" changeset="1" /><node timestamp="2026-04-10T00:02:21Z" lon="72.8217046" version="1" visible="true" uid="1" user="OSMnx" id="245653869" lat="18.9275545" changeset="1"><tag k="highway" v="crossing" /></node><node timestamp="2026-04-10T00:02:21Z" lon="72.8255127" version="1" visible="true" uid="1" user="OSMnx" id="245653870" lat="18.9275189" changeset="1" /><node timestamp="2026-04-10T00:02:21Z" lon="72.8216338" version="1" visible="true" uid="1" user="OSMnx" id="245653871" lat="18.9276036" changeset="1"><tag k="highway" v="traffic_signals" /></node><node timestamp="2026-04-10T00:02:21Z" lon="72.8227743" version="1" visible="true" uid="1" user="OSMnx" id="245653879" lat="18.927933" changeset="1" /><node timestamp="2026-04-10T00:02:21Z" lon="72.8326056" version="1" visible="true" uid="1" user="OSMnx" id="245653891" lat="18.9279544" changeset="1" /><node timestamp="2026-04-10T00:02:21Z" lon="72.8317434" version="1" visible="true" uid="1" user="OSMnx" id="245653901" lat="18.9280825" changeset="1" /><node timestamp="2026-04-10T00:02:21Z" lon="72.8320837" version="1" visible="true" uid="1" user="OSMnx" id="245653902" lat="18.9281729" changeset="1" /><node timestamp="2026-04-10T00:02:21Z" lon="72.8226666" version="1" visible="true" uid="1" user="OSMnx" id="245653903" lat="18.9283048" changeset="1" /><node timestamp="2026-04-10T00:02:21Z" lon="72.8306265" version="1" visible="true" uid="1" user="OSMnx" id="245653905" lat="18.9275699" changeset="1" /><node timestamp="2026-04-10T00:02:21Z" lon="72.8324781" version="1" visible="true" uid="1" user="OSMnx" id="245653906" lat="18.9282075" changeset="1" /><node timestamp="2026-04-10T00:02:21Z" lon="72.8256079" version="1" visible="true" uid="1" user="OSMnx" id="245653907" lat="18.9282027" changeset="1" /><node timestamp="2026-04-10T00:02:21Z" lon="72.8330134" version="1" visible="true" uid="1" user="OSMnx" id="245653908" lat="18.9282918" changeset="1" /><node timestamp="2026-04-10T00:02:21Z" lon="72.8226368" version="1" visible="true" uid="1" user="OSMnx" id="245653910" lat="18.9286329" changeset="1" /><node timestamp="2026-04-10T00:02:21Z" lon="72.8261537" version="1" visible="true" uid="1" user="OSMnx" id="245653911" lat="18.9283405" changeset="1" /><node timestamp="2026-04-10T00:02:21Z" lon="72.8328658" version="1" visible="true" uid="1" user="OSMnx" id="245653914" lat="18.9285109" changeset="1" /><node timestamp="2026-04-10T00:02:21Z" lon="72.8255226" version="1" visible="true" uid="1" user="OSMnx" id="245653916" lat="18.9284465" changeset="1" /><node timestamp="2026-04-10T00:02:21Z" lon="72.834156" version="1" visible="true" uid="1" user="OSMnx" id="245653917" lat="18.9283801" changeset="1" /><node timestamp="2026-04-10T00:02:21Z" lon="72.8229367" version="1" visible="true" uid="1" user="OSMnx" id="245653922" lat="18.9290184" changeset="1" /><node timestamp="2026-04-10T00:02:21Z" lon="72.8281185" version="1" visible="true" uid="1" user="OSMnx" id="245653923" lat="18.9285018" changeset="1" /><node timestamp="2026-04-10T00:02:21Z" lon="72.8314543" version="1" visible="true" uid="1" user="OSMnx" id="245653926" lat="18.928565" changeset="1" /><node timestamp="2026-04-10T00:02:21Z" lon="72.8217873" version="1" visible="true" uid="1" user="OSMnx" id="245653928" lat="18.9296497" changeset="1" /><node timestamp="2026-04-10T00:02:21Z" lon="72.8232603" version="1" visible="true" uid="1" user="OSMnx" id="245653929" lat="18.929096" changeset="1" /><node timestamp="2026-04-10T00:02:21Z" lon="72.8319629" version="1" visible="true" uid="1" user="OSMnx" id="245653930" lat="18.9286155" changeset="1" /><node timestamp="2026-04-10T00:02:21Z" lon="72.8235228" version="1" visible="true" uid="1" user="OSMnx" id="245653931" lat="18.9292584" changeset="1" /><node timestamp="2026-04-10T00:02:21Z" lon="72.8238385" version="1" visible="true" uid="1" user="OSMnx" id="245653932" lat="18.9293596" changeset="1" /><node timestamp="2026-04-10T00:02:21Z" lon="72.8244028" version="1" visible="true" uid="1" user="OSMnx" id="245653933" lat="18.9292647" changeset="1" /><node timestamp="2026-04-10T00:02:21Z" lon="72.8272744" version="1" visible="true" uid="1" user="OSMnx" id="245653935" lat="18.928629" changeset="1" /><node timestamp="2026-04-10T00:02:21Z" lon="72.8322712" version="1" visible="true" uid="1" user="OSMnx" id="245653936" lat="18.928804" changeset="1" /><node timestamp="2026-04-10T00:02:21Z" lon="72.8325744" version="1" visible="true" uid="1" user="OSMnx" id="245653937" lat="18.9289618" changeset="1" /><node timestamp="2026-04-10T00:02:21Z" lon="72.826603" version="1" visible="true" uid="1" user="OSMnx" id="245653940" lat="18.9289695" changeset="1" /><node timestamp="2026-04-10T00:02:21Z" lon="72.8314327" version="1" visible="true" uid="1" user="OSMnx" id="245653946" lat="18.929102" changeset="1" /><node timestamp="2026-04-10T00:02:21Z" lon="72.8323712" version="1" visible="true" uid="1" user="OSMnx" id="245653952" lat="18.9293287" changeset="1" /><node timestamp="2026-04-10T00:02:21Z" lon="72.8346212" version="1" visible="true" uid="1" user="OSMnx" id="245653956" lat="18.9294649" changeset="1" /><node timestamp="2026-04-10T00:02:21Z" lon="72.8318117" version="1" visible="true" uid="1" user="OSMnx" id="245653959" lat="18.9295423" changeset="1" /><node timestamp="2026-04-10T00:02:21Z" lon="72.8322425" version="1" visible="true" uid="1" user="OSMnx" id="245653960" lat="18.9296127" changeset="1" /><node timestamp="2026-04-10T00:02:21Z" lon="72.8281582" version="1" visible="true" uid="1" user="OSMnx" id="245653961" lat="18.9296322" changeset="1"><tag k="highway" v="traffic_signals" /></node><node timestamp="2026-04-10T00:02:21Z" lon="72.8305584" version="1" visible="true" uid="1" user="OSMnx" id="245653964" lat="18.9301636" changeset="1" /><node timestamp="2026-04-10T00:02:21Z" lon="72.8320712" version="1" visible="true" uid="1" user="OSMnx" id="245653965" lat="18.9301448" changeset="1" /><node timestamp="2026-04-10T00:02:21Z" lon="72.8273518" version="1" visible="true" uid="1" user="OSMnx" id="245653967" lat="18.9298565" changeset="1" /><node timestamp="2026-04-10T00:02:21Z" lon="72.8326794" version="1" visible="true" uid="1" user="OSMnx" id="245653968" lat="18.9302127" changeset="1" /><node timestamp="2026-04-10T00:02:21Z" lon="72.8338328" version="1" visible="true" uid="1" user="OSMnx" id="245653971" lat="18.9298128" changeset="1" /><node timestamp="2026-04-10T00:02:21Z" lon="72.8313996" version="1" visible="true" uid="1" user="OSMnx" id="245653972" lat="18.9303556" changeset="1" /><node timestamp="2026-04-10T00:02:21Z" lon="72.8317207" version="1" visible="true" uid="1" user="OSMnx" id="245653973" lat="18.9303853" changeset="1" /><node timestamp="2026-04-10T00:02:21Z" lon="72.8320112" version="1" visible="true" uid="1" user="OSMnx" id="245653974" lat="18.930412" changeset="1" /><node timestamp="2026-04-10T00:02:21Z" lon="72.8347483" version="1" visible="true" uid="1" user="OSMnx" id="245653975" lat="18.930184" changeset="1" /><node timestamp="2026-04-10T00:02:21Z" lon="72.8338816" version="1" visible="true" uid="1" user="OSMnx" id="245653980" lat="18.930262" changeset="1" /><node timestamp="2026-04-10T00:02:21Z" lon="72.8319283" version="1" visible="true" uid="1" user="OSMnx" id="245653991" lat="18.9307064" changeset="1" /><node timestamp="2026-04-10T00:02:21Z" lon="72.8326796" version="1" visible="true" uid="1" user="OSMnx" id="245653994" lat="18.9307758" changeset="1" /><node timestamp="2026-04-10T00:02:21Z" lon="72.8329772" version="1" visible="true" uid="1" user="OSMnx" id="245653995" lat="18.9307855" changeset="1" /><node timestamp="2026-04-10T00:02:21Z" lon="72.8339824" version="1" visible="true" uid="1" user="OSMnx" id="245653996" lat="18.9307017" changeset="1" /><node timestamp="2026-04-10T00:02:21Z" lon="72.8355989" version="1" visible="true" uid="1" user="OSMnx" id="245653997" lat="18.930664" changeset="1" /><node timestamp="2026-04-10T00:02:21Z" lon="72.8228443" version="1" visible="true" uid="1" user="OSMnx" id="245654001" lat="18.9316104" changeset="1" /><node timestamp="2026-04-10T00:02:21Z" lon="72.8314082" version="1" visible="true" uid="1" user="OSMnx" id="245654003" lat="18.9307601" changeset="1" /><node timestamp="2026-04-10T00:02:21Z" lon="72.8339943" version="1" visible="true" uid="1" user="OSMnx" id="245654004" lat="18.93075" changeset="1" /><node timestamp="2026-04-10T00:02:21Z" lon="72.8348749" version="1" visible="true" uid="1" user="OSMnx" id="245654005" lat="18.9307399" changeset="1" /><node timestamp="2026-04-10T00:02:21Z" lon="72.834917" version="1" visible="true" uid="1" user="OSMnx" id="245654011" lat="18.9309859" changeset="1" /><node timestamp="2026-04-10T00:02:21Z" lon="72.8331" version="1" visible="true" uid="1" user="OSMnx" id="245654021" lat="18.9313284" changeset="1" /><node timestamp="2026-04-10T00:02:21Z" lon="72.8340882" version="1" visible="true" uid="1" user="OSMnx" id="245654022" lat="18.9311664" changeset="1" /><node timestamp="2026-04-10T00:02:21Z" lon="72.8351553" version="1" visible="true" uid="1" user="OSMnx" id="245654023" lat="18.9313808" changeset="1" /><node timestamp="2026-04-10T00:02:21Z" lon="72.8326027" version="1" visible="true" uid="1" user="OSMnx" id="245654031" lat="18.9314411" changeset="1" /><node timestamp="2026-04-10T00:02:21Z" lon="72.8349562" version="1" visible="true" uid="1" user="OSMnx" id="245654036" lat="18.9313716" changeset="1" /><node timestamp="2026-04-10T00:02:21Z" lon="72.8313121" version="1" visible="true" uid="1" user="OSMnx" id="245654041" lat="18.9319398" changeset="1"><tag k="highway" v="traffic_signals" /></node><node timestamp="2026-04-10T00:02:21Z" lon="72.8317041" version="1" visible="true" uid="1" user="OSMnx" id="245654042" lat="18.9316971" changeset="1" /><node timestamp="2026-04-10T00:02:21Z" lon="72.8273945" version="1" visible="true" uid="1" user="OSMnx" id="245654047" lat="18.9317332" changeset="1" /><node timestamp="2026-04-10T00:02:21Z" lon="72.8343722" version="1" visible="true" uid="1" user="OSMnx" id="245654056" lat="18.9320319" changeset="1" /><node timestamp="2026-04-10T00:02:21Z" lon="72.8332653" version="1" visible="true" uid="1" user="OSMnx" id="245654066" lat="18.9322434" changeset="1" /><node timestamp="2026-04-10T00:02:21Z" lon="72.8326302" version="1" visible="true" uid="1" user="OSMnx" id="245654072" lat="18.9322936" changeset="1" /><node timestamp="2026-04-10T00:02:21Z" lon="72.8345847" version="1" visible="true" uid="1" user="OSMnx" id="245654073" lat="18.9324534" changeset="1" /><node timestamp="2026-04-10T00:02:21Z" lon="72.8318398" version="1" visible="true" uid="1" user="OSMnx" id="245654077" lat="18.9323538" changeset="1" /><node timestamp="2026-04-10T00:02:21Z" lon="72.8351102" version="1" visible="true" uid="1" user="OSMnx" id="245654082" lat="18.9326074" changeset="1" /><node timestamp="2026-04-10T00:02:21Z" lon="72.8356776" version="1" visible="true" uid="1" user="OSMnx" id="245654083" lat="18.932063" changeset="1" /><node timestamp="2026-04-10T00:02:21Z" lon="72.8352778" version="1" visible="true" uid="1" user="OSMnx" id="245654092" lat="18.9325647" changeset="1" /><node timestamp="2026-04-10T00:02:21Z" lon="72.8327398" version="1" visible="true" uid="1" user="OSMnx" id="245654104" lat="18.9328761" changeset="1" /><node timestamp="2026-04-10T00:02:21Z" lon="72.8320807" version="1" visible="true" uid="1" user="OSMnx" id="245654105" lat="18.9330153" changeset="1" /><node timestamp="2026-04-10T00:02:21Z" lon="72.8279884" version="1" visible="true" uid="1" user="OSMnx" id="245654108" lat="18.9328441" changeset="1"><tag k="highway" v="traffic_signals" /></node><node timestamp="2026-04-10T00:02:21Z" lon="72.8328607" version="1" visible="true" uid="1" user="OSMnx" id="245654111" lat="18.933056" changeset="1" /><node timestamp="2026-04-10T00:02:21Z" lon="72.8334503" version="1" visible="true" uid="1" user="OSMnx" id="245654112" lat="18.9329367" changeset="1" /><node timestamp="2026-04-10T00:02:21Z" lon="72.8358667" version="1" visible="true" uid="1" user="OSMnx" id="245654113" lat="18.9324398" changeset="1" /><node timestamp="2026-04-10T00:02:21Z" lon="72.8271516" version="1" visible="true" uid="1" user="OSMnx" id="245654116" lat="18.9330209" changeset="1" /><node timestamp="2026-04-10T00:02:21Z" lon="72.8229187" version="1" visible="true" uid="1" user="OSMnx" id="316300991" lat="18.9276641" changeset="1" /><node timestamp="2026-04-10T00:02:21Z" lon="72.8231029" version="1" visible="true" uid="1" user="OSMnx" id="317143182" lat="18.9273919" changeset="1" /><node timestamp="2026-04-10T00:02:21Z" lon="72.826525" version="1" visible="true" uid="1" user="OSMnx" id="317145665" lat="18.9217844" changeset="1" /><node timestamp="2026-04-10T00:02:21Z" lon="72.8265908" version="1" visible="true" uid="1" user="OSMnx" id="317145669" lat="18.9210144" changeset="1" /><node timestamp="2026-04-10T00:02:21Z" lon="72.8278904" version="1" visible="true" uid="1" user="OSMnx" id="317146515" lat="18.9220446" changeset="1" /><node timestamp="2026-04-10T00:02:21Z" lon="72.8240713" version="1" visible="true" uid="1" user="OSMnx" id="317152100" lat="18.9293512" changeset="1" /><node timestamp="2026-04-10T00:02:21Z" lon="72.8353425" version="1" visible="true" uid="1" user="OSMnx" id="317153587" lat="18.9314459" changeset="1" /><node timestamp="2026-04-10T00:02:21Z" lon="72.8346578" version="1" visible="true" uid="1" user="OSMnx" id="317153588" lat="18.9314738" changeset="1" /><node timestamp="2026-04-10T00:02:21Z" lon="72.8345368" version="1" visible="true" uid="1" user="OSMnx" id="317153589" lat="18.9315727" changeset="1" /><node timestamp="2026-04-10T00:02:21Z" lon="72.8318338" version="1" visible="true" uid="1" user="OSMnx" id="317156842" lat="18.9260131" changeset="1"><tag k="highway" v="traffic_signals" /></node><node timestamp="2026-04-10T00:02:21Z" lon="72.831551" version="1" visible="true" uid="1" user="OSMnx" id="317156843" lat="18.9264095" changeset="1" /><node timestamp="2026-04-10T00:02:21Z" lon="72.8339441" version="1" visible="true" uid="1" user="OSMnx" id="317158324" lat="18.9284747" changeset="1" /><node timestamp="2026-04-10T00:02:21Z" lon="72.8348296" version="1" visible="true" uid="1" user="OSMnx" id="317162374" lat="18.9325849" changeset="1" /><node timestamp="2026-04-10T00:02:21Z" lon="72.8185616" version="1" visible="true" uid="1" user="OSMnx" id="459457476" lat="18.9256749" changeset="1" /><node timestamp="2026-04-10T00:02:21Z" lon="72.8208858" version="1" visible="true" uid="1" user="OSMnx" id="459457477" lat="18.9259882" changeset="1" /><node timestamp="2026-04-10T00:02:21Z" lon="72.8073821" version="1" visible="true" uid="1" user="OSMnx" id="459482278" lat="18.9012275" changeset="1" /><node timestamp="2026-04-10T00:02:21Z" lon="72.8069924" version="1" visible="true" uid="1" user="OSMnx" id="459482281" lat="18.9016191" changeset="1" /><node timestamp="2026-04-10T00:02:21Z" lon="72.8082789" version="1" visible="true" uid="1" user="OSMnx" id="459482294" lat="18.9011312" changeset="1" /><node timestamp="2026-04-10T00:02:21Z" lon="72.8087485" version="1" visible="true" uid="1" user="OSMnx" id="459482296" lat="18.9008007" changeset="1" /><node timestamp="2026-04-10T00:02:21Z" lon="72.8101613" version="1" visible="true" uid="1" user="OSMnx" id="459482298" lat="18.9008099" changeset="1" /><node timestamp="2026-04-10T00:02:21Z" lon="72.8115827" version="1" visible="true" uid="1" user="OSMnx" id="459482304" lat="18.9002585" changeset="1" /><node timestamp="2026-04-10T00:02:21Z" lon="72.8106711" version="1" visible="true" uid="1" user="OSMnx" id="459482306" lat="18.9006545" changeset="1" /><node timestamp="2026-04-10T00:02:21Z" lon="72.811649" version="1" visible="true" uid="1" user="OSMnx" id="459482308" lat="18.9001501" changeset="1" /><node timestamp="2026-04-10T00:02:21Z" lon="72.8118024" version="1" visible="true" uid="1" user="OSMnx" id="459482312" lat="18.9002245" changeset="1" /><node timestamp="2026-04-10T00:02:21Z" lon="72.8117922" version="1" visible="true" uid="1" user="OSMnx" id="459482314" lat="18.9002958" changeset="1" /><node timestamp="2026-04-10T00:02:21Z" lon="72.8118871" version="1" visible="true" uid="1" user="OSMnx" id="459482325" lat="18.9005663" changeset="1" /><node timestamp="2026-04-10T00:02:21Z" lon="72.8127506" version="1" visible="true" uid="1" user="OSMnx" id="459482327" lat="18.9029817" changeset="1" /><node timestamp="2026-04-10T00:02:21Z" lon="72.8144338" version="1" visible="true" uid="1" user="OSMnx" id="459482334" lat="18.9067819" changeset="1" /><node timestamp="2026-04-10T00:02:21Z" lon="72.8082076" version="1" visible="true" uid="1" user="OSMnx" id="459482345" lat="18.9029803" changeset="1" /><node timestamp="2026-04-10T00:02:21Z" lon="72.8081466" version="1" visible="true" uid="1" user="OSMnx" id="459482350" lat="18.9046332" changeset="1" /><node timestamp="2026-04-10T00:02:21Z" lon="72.8122286" version="1" visible="true" uid="1" user="OSMnx" id="459482356" lat="18.910745" changeset="1" /><node timestamp="2026-04-10T00:02:21Z" lon="72.8098097" version="1" visible="true" uid="1" user="OSMnx" id="459482358" lat="18.9072158" changeset="1" /><node timestamp="2026-04-10T00:02:21Z" lon="72.8119256" version="1" visible="true" uid="1" user="OSMnx" id="459482364" lat="18.9103234" changeset="1" /><node timestamp="2026-04-10T00:02:21Z" lon="72.8115144" version="1" visible="true" uid="1" user="OSMnx" id="459482366" lat="18.9105829" changeset="1" /><node timestamp="2026-04-10T00:02:21Z" lon="72.8131882" version="1" visible="true" uid="1" user="OSMnx" id="459482368" lat="18.9095182" changeset="1" /><node timestamp="2026-04-10T00:02:21Z" lon="72.8116715" version="1" visible="true" uid="1" user="OSMnx" id="459482371" lat="18.9099463" changeset="1" /><node timestamp="2026-04-10T00:02:21Z" lon="72.8114094" version="1" visible="true" uid="1" user="OSMnx" id="459482378" lat="18.9095621" changeset="1" /><node timestamp="2026-04-10T00:02:21Z" lon="72.8104929" version="1" visible="true" uid="1" user="OSMnx" id="459482379" lat="18.9095018" changeset="1" /><node timestamp="2026-04-10T00:02:21Z" lon="72.8109451" version="1" visible="true" uid="1" user="OSMnx" id="459482382" lat="18.9096689" changeset="1" /><node timestamp="2026-04-10T00:02:21Z" lon="72.8107432" version="1" visible="true" uid="1" user="OSMnx" id="459482383" lat="18.9093472" changeset="1" /><node timestamp="2026-04-10T00:02:21Z" lon="72.8110735" version="1" visible="true" uid="1" user="OSMnx" id="459482385" lat="18.9091243" changeset="1" /><node timestamp="2026-04-10T00:02:21Z" lon="72.8106305" version="1" visible="true" uid="1" user="OSMnx" id="459482386" lat="18.9091676" changeset="1" /><node timestamp="2026-04-10T00:02:21Z" lon="72.8088655" version="1" visible="true" uid="1" user="OSMnx" id="459482388" lat="18.9073402" changeset="1" /><node timestamp="2026-04-10T00:02:21Z" lon="72.8107958" version="1" visible="true" uid="1" user="OSMnx" id="459482391" lat="18.908777" changeset="1" /><node timestamp="2026-04-10T00:02:21Z" lon="72.8105421" version="1" visible="true" uid="1" user="OSMnx" id="459482397" lat="18.9089513" changeset="1" /><node timestamp="2026-04-10T00:02:21Z" lon="72.8143951" version="1" visible="true" uid="1" user="OSMnx" id="459482401" lat="18.9062645" changeset="1" /><node timestamp="2026-04-10T00:02:21Z" lon="72.8139769" version="1" visible="true" uid="1" user="OSMnx" id="459482403" lat="18.905723" changeset="1" /><node timestamp="2026-04-10T00:02:21Z" lon="72.8154278" version="1" visible="true" uid="1" user="OSMnx" id="459482411" lat="18.9033382" changeset="1" /><node timestamp="2026-04-10T00:02:21Z" lon="72.8153724" version="1" visible="true" uid="1" user="OSMnx" id="459482415" lat="18.9060181" changeset="1" /><node timestamp="2026-04-10T00:02:21Z" lon="72.816224" version="1" visible="true" uid="1" user="OSMnx" id="459482418" lat="18.9055598" changeset="1" /><node timestamp="2026-04-10T00:02:21Z" lon="72.815821" version="1" visible="true" uid="1" user="OSMnx" id="459482423" lat="18.9048324" changeset="1" /><node timestamp="2026-04-10T00:02:21Z" lon="72.8089226" version="1" visible="true" uid="1" user="OSMnx" id="459482427" lat="18.8974081" changeset="1" /><node timestamp="2026-04-10T00:02:21Z" lon="72.8097254" version="1" visible="true" uid="1" user="OSMnx" id="459482431" lat="18.8971259" changeset="1" /><node timestamp="2026-04-10T00:02:21Z" lon="72.8131769" version="1" visible="true" uid="1" user="OSMnx" id="459482440" lat="18.8988368" changeset="1" /><node timestamp="2026-04-10T00:02:21Z" lon="72.8123294" version="1" visible="true" uid="1" user="OSMnx" id="459482441" lat="18.8976439" changeset="1" /><node timestamp="2026-04-10T00:02:21Z" lon="72.8107983" version="1" visible="true" uid="1" user="OSMnx" id="459482448" lat="18.8988069" changeset="1" /><node timestamp="2026-04-10T00:02:21Z" lon="72.8136285" version="1" visible="true" uid="1" user="OSMnx" id="459482449" lat="18.8997422" changeset="1" /><node timestamp="2026-04-10T00:02:21Z" lon="72.810299" version="1" visible="true" uid="1" user="OSMnx" id="459482455" lat="18.8981104" changeset="1" /><node timestamp="2026-04-10T00:02:21Z" lon="72.8128008" version="1" visible="true" uid="1" user="OSMnx" id="459482459" lat="18.8983212" changeset="1" /><node timestamp="2026-04-10T00:02:21Z" lon="72.8096015" version="1" visible="true" uid="1" user="OSMnx" id="459482467" lat="18.903029" changeset="1" /><node timestamp="2026-04-10T00:02:21Z" lon="72.8096367" version="1" visible="true" uid="1" user="OSMnx" id="459482468" lat="18.9025426" changeset="1" /><node timestamp="2026-04-10T00:02:21Z" lon="72.8161893" version="1" visible="true" uid="1" user="OSMnx" id="459482497" lat="18.905943" changeset="1" /><node timestamp="2026-04-10T00:02:21Z" lon="72.815478" version="1" visible="true" uid="1" user="OSMnx" id="459482498" lat="18.9059855" changeset="1" /><node timestamp="2026-04-10T00:02:21Z" lon="72.8076586" version="1" visible="true" uid="1" user="OSMnx" id="459482503" lat="18.8979987" changeset="1" /><node timestamp="2026-04-10T00:02:21Z" lon="72.8072211" version="1" visible="true" uid="1" user="OSMnx" id="459482532" lat="18.9101936" changeset="1" /><node timestamp="2026-04-10T00:02:21Z" lon="72.8084012" version="1" visible="true" uid="1" user="OSMnx" id="459482536" lat="18.9122597" changeset="1" /><node timestamp="2026-04-10T00:02:21Z" lon="72.8075112" version="1" visible="true" uid="1" user="OSMnx" id="459482541" lat="18.9127382" changeset="1" /><node timestamp="2026-04-10T00:02:21Z" lon="72.810875" version="1" visible="true" uid="1" user="OSMnx" id="459482547" lat="18.910844" changeset="1" /><node timestamp="2026-04-10T00:02:21Z" lon="72.8109726" version="1" visible="true" uid="1" user="OSMnx" id="459482548" lat="18.9107425" changeset="1" /><node timestamp="2026-04-10T00:02:21Z" lon="72.8110218" version="1" visible="true" uid="1" user="OSMnx" id="459482552" lat="18.9104082" changeset="1" /><node timestamp="2026-04-10T00:02:21Z" lon="72.8082728" version="1" visible="true" uid="1" user="OSMnx" id="459482553" lat="18.9074112" changeset="1" /><node timestamp="2026-04-10T00:02:21Z" lon="72.8078569" version="1" visible="true" uid="1" user="OSMnx" id="459482555" lat="18.904673" changeset="1" /><node timestamp="2026-04-10T00:02:21Z" lon="72.8116899" version="1" visible="true" uid="1" user="OSMnx" id="459482557" lat="18.9070382" changeset="1" /><node timestamp="2026-04-10T00:02:21Z" lon="72.8111509" version="1" visible="true" uid="1" user="OSMnx" id="459482559" lat="18.9046874" changeset="1" /><node timestamp="2026-04-10T00:02:21Z" lon="72.809457" version="1" visible="true" uid="1" user="OSMnx" id="459482564" lat="18.9044772" changeset="1" /><node timestamp="2026-04-10T00:02:21Z" lon="72.8163088" version="1" visible="true" uid="1" user="OSMnx" id="459529378" lat="18.9030314" changeset="1" /><node timestamp="2026-04-10T00:02:21Z" lon="72.8164264" version="1" visible="true" uid="1" user="OSMnx" id="459529379" lat="18.9037409" changeset="1" /><node timestamp="2026-04-10T00:02:21Z" lon="72.8166782" version="1" visible="true" uid="1" user="OSMnx" id="459529380" lat="18.9045686" changeset="1" /><node timestamp="2026-04-10T00:02:21Z" lon="72.8168633" version="1" visible="true" uid="1" user="OSMnx" id="459529382" lat="18.905136" changeset="1" /><node timestamp="2026-04-10T00:02:21Z" lon="72.816693" version="1" visible="true" uid="1" user="OSMnx" id="459529383" lat="18.905796" changeset="1" /><node timestamp="2026-04-10T00:02:21Z" lon="72.8165781" version="1" visible="true" uid="1" user="OSMnx" id="459529385" lat="18.9061511" changeset="1" /><node timestamp="2026-04-10T00:02:21Z" lon="72.8230904" version="1" visible="true" uid="1" user="OSMnx" id="473084113" lat="18.9289139" changeset="1"><tag k="highway" v="traffic_signals" /></node><node timestamp="2026-04-10T00:02:21Z" lon="72.8166" version="1" visible="true" uid="1" user="OSMnx" id="473126116" lat="18.916591" changeset="1" /><node timestamp="2026-04-10T00:02:21Z" lon="72.832671" version="1" visible="true" uid="1" user="OSMnx" id="485973491" lat="18.9256615" changeset="1" /><node timestamp="2026-04-10T00:02:21Z" lon="72.8333551" version="1" visible="true" uid="1" user="OSMnx" id="485973500" lat="18.9259247" changeset="1" /><node timestamp="2026-04-10T00:02:21Z" lon="72.829771" version="1" visible="true" uid="1" user="OSMnx" id="485977586" lat="18.9258869" changeset="1"><tag k="highway" v="traffic_signals" /></node><node timestamp="2026-04-10T00:02:21Z" lon="72.8320832" version="1" visible="true" uid="1" user="OSMnx" id="485984666" lat="18.9244997" changeset="1" /><node timestamp="2026-04-10T00:02:21Z" lon="72.8295552" version="1" visible="true" uid="1" user="OSMnx" id="485989997" lat="18.9252" changeset="1" /><node timestamp="2026-04-10T00:02:21Z" lon="72.8227594" version="1" visible="true" uid="1" user="OSMnx" id="486003873" lat="18.9289728" changeset="1" /><node timestamp="2026-04-10T00:02:21Z" lon="72.8218744" version="1" visible="true" uid="1" user="OSMnx" id="486003937" lat="18.9294865" changeset="1" /><node timestamp="2026-04-10T00:02:21Z" lon="72.8259816" version="1" visible="true" uid="1" user="OSMnx" id="486004004" lat="18.9271457" changeset="1"><tag k="highway" v="traffic_signals" /></node><node timestamp="2026-04-10T00:02:21Z" lon="72.8211857" version="1" visible="true" uid="1" user="OSMnx" id="486004376" lat="18.9119707" changeset="1" /><node timestamp="2026-04-10T00:02:21Z" lon="72.8214285" version="1" visible="true" uid="1" user="OSMnx" id="486004411" lat="18.9117657" changeset="1" /><node timestamp="2026-04-10T00:02:21Z" lon="72.8212424" version="1" visible="true" uid="1" user="OSMnx" id="486004416" lat="18.9118121" changeset="1" /><node timestamp="2026-04-10T00:02:21Z" lon="72.8280381" version="1" visible="true" uid="1" user="OSMnx" id="486024085" lat="18.9329676" changeset="1"><tag k="highway" v="traffic_signals" /></node><node timestamp="2026-04-10T00:02:21Z" lon="72.8324791" version="1" visible="true" uid="1" user="OSMnx" id="486036289" lat="18.9275577" changeset="1" /><node timestamp="2026-04-10T00:02:21Z" lon="72.8322109" version="1" visible="true" uid="1" user="OSMnx" id="486036293" lat="18.9277922" changeset="1" /><node timestamp="2026-04-10T00:02:21Z" lon="72.8314623" version="1" visible="true" uid="1" user="OSMnx" id="486036364" lat="18.9267062" changeset="1" /><node timestamp="2026-04-10T00:02:21Z" lon="72.8314561" version="1" visible="true" uid="1" user="OSMnx" id="486040864" lat="18.928281" changeset="1"><tag k="highway" v="traffic_signals" /></node><node timestamp="2026-04-10T00:02:21Z" lon="72.8330643" version="1" visible="true" uid="1" user="OSMnx" id="486040899" lat="18.9278299" changeset="1" /><node timestamp="2026-04-10T00:02:21Z" lon="72.8330969" version="1" visible="true" uid="1" user="OSMnx" id="486040903" lat="18.9276129" changeset="1" /><node timestamp="2026-04-10T00:02:21Z" lon="72.8331736" version="1" visible="true" uid="1" user="OSMnx" id="486040911" lat="18.9275098" changeset="1" /><node timestamp="2026-04-10T00:02:21Z" lon="72.8332355" version="1" visible="true" uid="1" user="OSMnx" id="486040916" lat="18.9273396" changeset="1" /><node timestamp="2026-04-10T00:02:21Z" lon="72.8314562" version="1" visible="true" uid="1" user="OSMnx" id="486040927" lat="18.927535" changeset="1" /><node timestamp="2026-04-10T00:02:21Z" lon="72.8338021" version="1" visible="true" uid="1" user="OSMnx" id="486050696" lat="18.9267276" changeset="1" /><node timestamp="2026-04-10T00:02:21Z" lon="72.8335379" version="1" visible="true" uid="1" user="OSMnx" id="486050703" lat="18.9260889" changeset="1" /><node timestamp="2026-04-10T00:02:21Z" lon="72.8356349" version="1" visible="true" uid="1" user="OSMnx" id="486050974" lat="18.9322221" changeset="1" /><node timestamp="2026-04-10T00:02:21Z" lon="72.8174238" version="1" visible="true" uid="1" user="OSMnx" id="486059629" lat="18.9159782" changeset="1" /><node timestamp="2026-04-10T00:02:21Z" lon="72.8193996" version="1" visible="true" uid="1" user="OSMnx" id="486059646" lat="18.9144625" changeset="1" /><node timestamp="2026-04-10T00:02:21Z" lon="72.8173395" version="1" visible="true" uid="1" user="OSMnx" id="486059687" lat="18.916041" changeset="1" /><node timestamp="2026-04-10T00:02:21Z" lon="72.8181037" version="1" visible="true" uid="1" user="OSMnx" id="486059691" lat="18.9169492" changeset="1" /><node timestamp="2026-04-10T00:02:21Z" lon="72.8216562" version="1" visible="true" uid="1" user="OSMnx" id="486059698" lat="18.9143879" changeset="1"><tag k="highway" v="traffic_signals" /></node><node timestamp="2026-04-10T00:02:21Z" lon="72.8188801" version="1" visible="true" uid="1" user="OSMnx" id="486072710" lat="18.914687" changeset="1" /><node timestamp="2026-04-10T00:02:21Z" lon="72.8189683" version="1" visible="true" uid="1" user="OSMnx" id="486072716" lat="18.9139283" changeset="1" /><node timestamp="2026-04-10T00:02:21Z" lon="72.8213932" version="1" visible="true" uid="1" user="OSMnx" id="486076397" lat="18.9146004" changeset="1" /><node timestamp="2026-04-10T00:02:21Z" lon="72.8239408" version="1" visible="true" uid="1" user="OSMnx" id="486125011" lat="18.9149978" changeset="1" /><node timestamp="2026-04-10T00:02:21Z" lon="72.8233742" version="1" visible="true" uid="1" user="OSMnx" id="486125015" lat="18.9154355" changeset="1" /><node timestamp="2026-04-10T00:02:21Z" lon="72.8229808" version="1" visible="true" uid="1" user="OSMnx" id="486125025" lat="18.9157294" changeset="1" /><node timestamp="2026-04-10T00:02:21Z" lon="72.8253777" version="1" visible="true" uid="1" user="OSMnx" id="486176885" lat="18.918221" changeset="1" /><node timestamp="2026-04-10T00:02:21Z" lon="72.8318156" version="1" visible="true" uid="1" user="OSMnx" id="486187053" lat="18.9183543" changeset="1" /><node timestamp="2026-04-10T00:02:21Z" lon="72.8309022" version="1" visible="true" uid="1" user="OSMnx" id="486226701" lat="18.9190752" changeset="1" /><node timestamp="2026-04-10T00:02:21Z" lon="72.8309125" version="1" visible="true" uid="1" user="OSMnx" id="486236751" lat="18.9213318" changeset="1" /><node timestamp="2026-04-10T00:02:21Z" lon="72.8320475" version="1" visible="true" uid="1" user="OSMnx" id="486236838" lat="18.9208214" changeset="1" /><node timestamp="2026-04-10T00:02:21Z" lon="72.8293702" version="1" visible="true" uid="1" user="OSMnx" id="486300784" lat="18.9263501" changeset="1" /><node timestamp="2026-04-10T00:02:21Z" lon="72.8295175" version="1" visible="true" uid="1" user="OSMnx" id="486300786" lat="18.9264044" changeset="1" /><node timestamp="2026-04-10T00:02:21Z" lon="72.8296172" version="1" visible="true" uid="1" user="OSMnx" id="486300787" lat="18.9265268" changeset="1" /><node timestamp="2026-04-10T00:02:21Z" lon="72.8296658" version="1" visible="true" uid="1" user="OSMnx" id="486300794" lat="18.9266953" changeset="1" /><node timestamp="2026-04-10T00:02:21Z" lon="72.8229659" version="1" visible="true" uid="1" user="OSMnx" id="486404283" lat="18.9315627" changeset="1" /><node timestamp="2026-04-10T00:02:21Z" lon="72.8223783" version="1" visible="true" uid="1" user="OSMnx" id="486404303" lat="18.9303526" changeset="1" /><node timestamp="2026-04-10T00:02:21Z" lon="72.8219277" version="1" visible="true" uid="1" user="OSMnx" id="486404313" lat="18.9295743" changeset="1" /><node timestamp="2026-04-10T00:02:21Z" lon="72.8335218" version="1" visible="true" uid="1" user="OSMnx" id="489520507" lat="18.9238571" changeset="1" /><node timestamp="2026-04-10T00:02:21Z" lon="72.8331441" version="1" visible="true" uid="1" user="OSMnx" id="489520517" lat="18.9243118" changeset="1" /><node timestamp="2026-04-10T00:02:21Z" lon="72.8338289" version="1" visible="true" uid="1" user="OSMnx" id="489520519" lat="18.9234995" changeset="1" /><node timestamp="2026-04-10T00:02:21Z" lon="72.8237535" version="1" visible="true" uid="1" user="OSMnx" id="492487418" lat="18.9296491" changeset="1" /><node timestamp="2026-04-10T00:02:21Z" lon="72.8252394" version="1" visible="true" uid="1" user="OSMnx" id="492500318" lat="18.9287956" changeset="1" /><node timestamp="2026-04-10T00:02:21Z" lon="72.8273919" version="1" visible="true" uid="1" user="OSMnx" id="495026562" lat="18.9321698" changeset="1" /><node timestamp="2026-04-10T00:02:21Z" lon="72.8313916" version="1" visible="true" uid="1" user="OSMnx" id="495026563" lat="18.9174471" changeset="1" /><node timestamp="2026-04-10T00:02:21Z" lon="72.8343868" version="1" visible="true" uid="1" user="OSMnx" id="495091491" lat="18.9318372" changeset="1" /><node timestamp="2026-04-10T00:02:21Z" lon="72.8339277" version="1" visible="true" uid="1" user="OSMnx" id="495097987" lat="18.9269674" changeset="1" /><node timestamp="2026-04-10T00:02:21Z" lon="72.8347821" version="1" visible="true" uid="1" user="OSMnx" id="495097996" lat="18.9297137" changeset="1" /><node timestamp="2026-04-10T00:02:21Z" lon="72.834993" version="1" visible="true" uid="1" user="OSMnx" id="495098003" lat="18.9300026" changeset="1" /><node timestamp="2026-04-10T00:02:21Z" lon="72.8344278" version="1" visible="true" uid="1" user="OSMnx" id="495100610" lat="18.9322529" changeset="1" /><node timestamp="2026-04-10T00:02:21Z" lon="72.8348004" version="1" visible="true" uid="1" user="OSMnx" id="495108334" lat="18.9314054" changeset="1" /><node timestamp="2026-04-10T00:02:21Z" lon="72.8344447" version="1" visible="true" uid="1" user="OSMnx" id="495108431" lat="18.9316962" changeset="1" /><node timestamp="2026-04-10T00:02:21Z" lon="72.8346996" version="1" visible="true" uid="1" user="OSMnx" id="495108539" lat="18.9325317" changeset="1" /><node timestamp="2026-04-10T00:02:21Z" lon="72.8349686" version="1" visible="true" uid="1" user="OSMnx" id="495108550" lat="18.9326105" changeset="1" /><node timestamp="2026-04-10T00:02:21Z" lon="72.8197459" version="1" visible="true" uid="1" user="OSMnx" id="528622444" lat="18.9268629" changeset="1" /><node timestamp="2026-04-10T00:02:21Z" lon="72.8186612" version="1" visible="true" uid="1" user="OSMnx" id="528622478" lat="18.9255985" changeset="1" /><node timestamp="2026-04-10T00:02:21Z" lon="72.8252426" version="1" visible="true" uid="1" user="OSMnx" id="528644180" lat="18.9253926" changeset="1" /><node timestamp="2026-04-10T00:02:21Z" lon="72.8250954" version="1" visible="true" uid="1" user="OSMnx" id="528644218" lat="18.9254098" changeset="1" /><node timestamp="2026-04-10T00:02:21Z" lon="72.8246721" version="1" visible="true" uid="1" user="OSMnx" id="528644225" lat="18.9254135" changeset="1" /><node timestamp="2026-04-10T00:02:21Z" lon="72.8236793" version="1" visible="true" uid="1" user="OSMnx" id="528644237" lat="18.9255893" changeset="1" /><node timestamp="2026-04-10T00:02:21Z" lon="72.823338" version="1" visible="true" uid="1" user="OSMnx" id="528644266" lat="18.9258257" changeset="1" /><node timestamp="2026-04-10T00:02:21Z" lon="72.8246011" version="1" visible="true" uid="1" user="OSMnx" id="528644320" lat="18.9255434" changeset="1" /><node timestamp="2026-04-10T00:02:21Z" lon="72.8257724" version="1" visible="true" uid="1" user="OSMnx" id="528644332" lat="18.925732" changeset="1" /><node timestamp="2026-04-10T00:02:21Z" lon="72.8269694" version="1" visible="true" uid="1" user="OSMnx" id="528644374" lat="18.9267074" changeset="1"><tag k="highway" v="traffic_signals" /></node><node timestamp="2026-04-10T00:02:21Z" lon="72.8323811" version="1" visible="true" uid="1" user="OSMnx" id="528653131" lat="18.9293031" changeset="1" /><node timestamp="2026-04-10T00:02:21Z" lon="72.8314088" version="1" visible="true" uid="1" user="OSMnx" id="528655931" lat="18.9295071" changeset="1" /><node timestamp="2026-04-10T00:02:21Z" lon="72.8330623" version="1" visible="true" uid="1" user="OSMnx" id="528686528" lat="18.928094" changeset="1" /><node timestamp="2026-04-10T00:02:21Z" lon="72.8332778" version="1" visible="true" uid="1" user="OSMnx" id="528686548" lat="18.9281212" changeset="1" /><node timestamp="2026-04-10T00:02:21Z" lon="72.8342105" version="1" visible="true" uid="1" user="OSMnx" id="528700700" lat="18.9302114" changeset="1" /><node timestamp="2026-04-10T00:02:21Z" lon="72.8331559" version="1" visible="true" uid="1" user="OSMnx" id="528703839" lat="18.9317121" changeset="1" /><node timestamp="2026-04-10T00:02:21Z" lon="72.8322628" version="1" visible="true" uid="1" user="OSMnx" id="528703845" lat="18.9315195" changeset="1" /><node timestamp="2026-04-10T00:02:21Z" lon="72.8346117" version="1" visible="true" uid="1" user="OSMnx" id="528713723" lat="18.929525" changeset="1" /><node timestamp="2026-04-10T00:02:21Z" lon="72.8338303" version="1" visible="true" uid="1" user="OSMnx" id="528713724" lat="18.9295439" changeset="1" /><node timestamp="2026-04-10T00:02:21Z" lon="72.8296835" version="1" visible="true" uid="1" user="OSMnx" id="528743515" lat="18.9301574" changeset="1" /><node timestamp="2026-04-10T00:02:21Z" lon="72.8300096" version="1" visible="true" uid="1" user="OSMnx" id="528743522" lat="18.9325843" changeset="1"><tag k="highway" v="traffic_signals" /></node><node timestamp="2026-04-10T00:02:21Z" lon="72.8294296" version="1" visible="true" uid="1" user="OSMnx" id="528743523" lat="18.9326536" changeset="1" /><node timestamp="2026-04-10T00:02:21Z" lon="72.8290292" version="1" visible="true" uid="1" user="OSMnx" id="528743525" lat="18.9326968" changeset="1" /><node timestamp="2026-04-10T00:02:21Z" lon="72.8285722" version="1" visible="true" uid="1" user="OSMnx" id="528743527" lat="18.9327444" changeset="1" /><node timestamp="2026-04-10T00:02:21Z" lon="72.8296827" version="1" visible="true" uid="1" user="OSMnx" id="528744265" lat="18.9295899" changeset="1" /><node timestamp="2026-04-10T00:02:21Z" lon="72.8362659" version="1" visible="true" uid="1" user="OSMnx" id="529002922" lat="18.9327704" changeset="1" /><node timestamp="2026-04-10T00:02:21Z" lon="72.8338854" version="1" visible="true" uid="1" user="OSMnx" id="535190116" lat="18.9289952" changeset="1" /><node timestamp="2026-04-10T00:02:21Z" lon="72.8327227" version="1" visible="true" uid="1" user="OSMnx" id="535190121" lat="18.9287406" changeset="1" /><node timestamp="2026-04-10T00:02:21Z" lon="72.8347247" version="1" visible="true" uid="1" user="OSMnx" id="536839590" lat="18.930053" changeset="1" /><node timestamp="2026-04-10T00:02:21Z" lon="72.8304961" version="1" visible="true" uid="1" user="OSMnx" id="623362931" lat="18.9152808" changeset="1" /><node timestamp="2026-04-10T00:02:21Z" lon="72.8294327" version="1" visible="true" uid="1" user="OSMnx" id="623362940" lat="18.9154648" changeset="1" /><node timestamp="2026-04-10T00:02:21Z" lon="72.828215" version="1" visible="true" uid="1" user="OSMnx" id="623368336" lat="18.9172815" changeset="1" /><node timestamp="2026-04-10T00:02:21Z" lon="72.8283652" version="1" visible="true" uid="1" user="OSMnx" id="623368341" lat="18.9170836" changeset="1" /><node timestamp="2026-04-10T00:02:21Z" lon="72.8285018" version="1" visible="true" uid="1" user="OSMnx" id="623380590" lat="18.916934" changeset="1" /><node timestamp="2026-04-10T00:02:21Z" lon="72.8277353" version="1" visible="true" uid="1" user="OSMnx" id="623380598" lat="18.9167745" changeset="1" /><node timestamp="2026-04-10T00:02:21Z" lon="72.8279914" version="1" visible="true" uid="1" user="OSMnx" id="623380600" lat="18.9170118" changeset="1" /><node timestamp="2026-04-10T00:02:21Z" lon="72.8278546" version="1" visible="true" uid="1" user="OSMnx" id="623380622" lat="18.9166161" changeset="1" /><node timestamp="2026-04-10T00:02:21Z" lon="72.8279467" version="1" visible="true" uid="1" user="OSMnx" id="623380673" lat="18.9165051" changeset="1" /><node timestamp="2026-04-10T00:02:21Z" lon="72.8279381" version="1" visible="true" uid="1" user="OSMnx" id="623384627" lat="18.9175735" changeset="1" /><node timestamp="2026-04-10T00:02:21Z" lon="72.8275862" version="1" visible="true" uid="1" user="OSMnx" id="623384635" lat="18.9171111" changeset="1" /><node timestamp="2026-04-10T00:02:21Z" lon="72.8275373" version="1" visible="true" uid="1" user="OSMnx" id="623384637" lat="18.9170516" changeset="1" /><node timestamp="2026-04-10T00:02:21Z" lon="72.8275196" version="1" visible="true" uid="1" user="OSMnx" id="623384639" lat="18.9169973" changeset="1" /><node timestamp="2026-04-10T00:02:21Z" lon="72.827532" version="1" visible="true" uid="1" user="OSMnx" id="623384642" lat="18.9169498" changeset="1" /><node timestamp="2026-04-10T00:02:21Z" lon="72.8275766" version="1" visible="true" uid="1" user="OSMnx" id="623384647" lat="18.9168908" changeset="1" /><node timestamp="2026-04-10T00:02:21Z" lon="72.8283954" version="1" visible="true" uid="1" user="OSMnx" id="623388148" lat="18.9166651" changeset="1" /><node timestamp="2026-04-10T00:02:21Z" lon="72.8288108" version="1" visible="true" uid="1" user="OSMnx" id="623388152" lat="18.9165759" changeset="1" /><node timestamp="2026-04-10T00:02:21Z" lon="72.8285636" version="1" visible="true" uid="1" user="OSMnx" id="623400994" lat="18.9159875" changeset="1" /><node timestamp="2026-04-10T00:02:21Z" lon="72.8283437" version="1" visible="true" uid="1" user="OSMnx" id="623401000" lat="18.9161093" changeset="1" /><node timestamp="2026-04-10T00:02:21Z" lon="72.8282418" version="1" visible="true" uid="1" user="OSMnx" id="623401010" lat="18.9162209" changeset="1" /><node timestamp="2026-04-10T00:02:21Z" lon="72.828113" version="1" visible="true" uid="1" user="OSMnx" id="623401023" lat="18.9163021" changeset="1" /><node timestamp="2026-04-10T00:02:21Z" lon="72.8280004" version="1" visible="true" uid="1" user="OSMnx" id="623401044" lat="18.9161904" changeset="1" /><node timestamp="2026-04-10T00:02:21Z" lon="72.8282042" version="1" visible="true" uid="1" user="OSMnx" id="623401070" lat="18.9163021" changeset="1" /><node timestamp="2026-04-10T00:02:21Z" lon="72.8282847" version="1" visible="true" uid="1" user="OSMnx" id="623401074" lat="18.9163528" changeset="1" /><node timestamp="2026-04-10T00:02:21Z" lon="72.8282793" version="1" visible="true" uid="1" user="OSMnx" id="623401081" lat="18.9165" changeset="1" /><node timestamp="2026-04-10T00:02:21Z" lon="72.8284824" version="1" visible="true" uid="1" user="OSMnx" id="623401086" lat="18.9165904" changeset="1" /><node timestamp="2026-04-10T00:02:21Z" lon="72.8287407" version="1" visible="true" uid="1" user="OSMnx" id="623401122" lat="18.916023" changeset="1" /><node timestamp="2026-04-10T00:02:21Z" lon="72.8287514" version="1" visible="true" uid="1" user="OSMnx" id="623401137" lat="18.9161448" changeset="1" /><node timestamp="2026-04-10T00:02:21Z" lon="72.8286441" version="1" visible="true" uid="1" user="OSMnx" id="623401149" lat="18.9163021" changeset="1" /><node timestamp="2026-04-10T00:02:21Z" lon="72.8289284" version="1" visible="true" uid="1" user="OSMnx" id="623407526" lat="18.9154698" changeset="1" /><node timestamp="2026-04-10T00:02:21Z" lon="72.8287836" version="1" visible="true" uid="1" user="OSMnx" id="623407529" lat="18.9156119" changeset="1" /><node timestamp="2026-04-10T00:02:21Z" lon="72.8285732" version="1" visible="true" uid="1" user="OSMnx" id="623407531" lat="18.9157733" changeset="1" /><node timestamp="2026-04-10T00:02:21Z" lon="72.8275884" version="1" visible="true" uid="1" user="OSMnx" id="623418030" lat="18.91388" changeset="1" /><node timestamp="2026-04-10T00:02:21Z" lon="72.8233497" version="1" visible="true" uid="1" user="OSMnx" id="623426008" lat="18.9135736" changeset="1" /><node timestamp="2026-04-10T00:02:21Z" lon="72.8260857" version="1" visible="true" uid="1" user="OSMnx" id="623435062" lat="18.9152114" changeset="1" /><node timestamp="2026-04-10T00:02:21Z" lon="72.8320442" version="1" visible="true" uid="1" user="OSMnx" id="628636218" lat="18.9243396" changeset="1" /><node timestamp="2026-04-10T00:02:21Z" lon="72.8356923" version="1" visible="true" uid="1" user="OSMnx" id="662446652" lat="18.9314353" changeset="1" /><node timestamp="2026-04-10T00:02:21Z" lon="72.8358136" version="1" visible="true" uid="1" user="OSMnx" id="662446662" lat="18.9323404" changeset="1" /><node timestamp="2026-04-10T00:02:21Z" lon="72.8339576" version="1" visible="true" uid="1" user="OSMnx" id="666012302" lat="18.9268972" changeset="1" /><node timestamp="2026-04-10T00:02:21Z" lon="72.8339601" version="1" visible="true" uid="1" user="OSMnx" id="666012326" lat="18.926617" changeset="1" /><node timestamp="2026-04-10T00:02:21Z" lon="72.8338364" version="1" visible="true" uid="1" user="OSMnx" id="666012329" lat="18.9263244" changeset="1" /><node timestamp="2026-04-10T00:02:21Z" lon="72.8337403" version="1" visible="true" uid="1" user="OSMnx" id="666012335" lat="18.9261851" changeset="1" /><node timestamp="2026-04-10T00:02:21Z" lon="72.8335857" version="1" visible="true" uid="1" user="OSMnx" id="666012341" lat="18.9259914" changeset="1" /><node timestamp="2026-04-10T00:02:21Z" lon="72.8334069" version="1" visible="true" uid="1" user="OSMnx" id="666012348" lat="18.9258394" changeset="1" /><node timestamp="2026-04-10T00:02:21Z" lon="72.8331557" version="1" visible="true" uid="1" user="OSMnx" id="666012354" lat="18.9257067" changeset="1" /><node timestamp="2026-04-10T00:02:21Z" lon="72.8329127" version="1" visible="true" uid="1" user="OSMnx" id="666012359" lat="18.9255613" changeset="1" /><node timestamp="2026-04-10T00:02:21Z" lon="72.8327166" version="1" visible="true" uid="1" user="OSMnx" id="666012363" lat="18.9254422" changeset="1" /><node timestamp="2026-04-10T00:02:21Z" lon="72.8158749" version="1" visible="true" uid="1" user="OSMnx" id="669252926" lat="18.9049296" changeset="1" /><node timestamp="2026-04-10T00:02:21Z" lon="72.8127108" version="1" visible="true" uid="1" user="OSMnx" id="669252931" lat="18.9054243" changeset="1" /><node timestamp="2026-04-10T00:02:21Z" lon="72.8128823" version="1" visible="true" uid="1" user="OSMnx" id="669252932" lat="18.9037961" changeset="1" /><node timestamp="2026-04-10T00:02:21Z" lon="72.8128447" version="1" visible="true" uid="1" user="OSMnx" id="669252933" lat="18.9034952" changeset="1" /><node timestamp="2026-04-10T00:02:21Z" lon="72.8127856" version="1" visible="true" uid="1" user="OSMnx" id="669252955" lat="18.9047573" changeset="1" /><node timestamp="2026-04-10T00:02:21Z" lon="72.807545" version="1" visible="true" uid="1" user="OSMnx" id="669253864" lat="18.9107578" changeset="1" /><node timestamp="2026-04-10T00:02:21Z" lon="72.8079213" version="1" visible="true" uid="1" user="OSMnx" id="669254966" lat="18.9125297" changeset="1" /><node timestamp="2026-04-10T00:02:21Z" lon="72.8083495" version="1" visible="true" uid="1" user="OSMnx" id="669254982" lat="18.9132529" changeset="1" /><node timestamp="2026-04-10T00:02:21Z" lon="72.8078979" version="1" visible="true" uid="1" user="OSMnx" id="669254985" lat="18.9135286" changeset="1" /><node timestamp="2026-04-10T00:02:21Z" lon="72.833207" version="1" visible="true" uid="1" user="OSMnx" id="683779876" lat="18.924245" changeset="1" /><node timestamp="2026-04-10T00:02:21Z" lon="72.8317096" version="1" visible="true" uid="1" user="OSMnx" id="683782447" lat="18.9318799" changeset="1" /><node timestamp="2026-04-10T00:02:21Z" lon="72.8314964" version="1" visible="true" uid="1" user="OSMnx" id="683782448" lat="18.9318285" changeset="1" /><node timestamp="2026-04-10T00:02:21Z" lon="72.8316763" version="1" visible="true" uid="1" user="OSMnx" id="1236410120" lat="18.9313968" changeset="1" /><node timestamp="2026-04-10T00:02:21Z" lon="72.8114172" version="1" visible="true" uid="1" user="OSMnx" id="1278343342" lat="18.9057505" changeset="1" /><node timestamp="2026-04-10T00:02:21Z" lon="72.8134666" version="1" visible="true" uid="1" user="OSMnx" id="1278343362" lat="18.9099084" changeset="1" /><node timestamp="2026-04-10T00:02:21Z" lon="72.8101373" version="1" visible="true" uid="1" user="OSMnx" id="1278343377" lat="18.9011799" changeset="1" /><node timestamp="2026-04-10T00:02:21Z" lon="72.8109296" version="1" visible="true" uid="1" user="OSMnx" id="1278343380" lat="18.9012369" changeset="1" /><node timestamp="2026-04-10T00:02:21Z" lon="72.8117128" version="1" visible="true" uid="1" user="OSMnx" id="1278343395" lat="18.9033989" changeset="1" /><node timestamp="2026-04-10T00:02:21Z" lon="72.8089344" version="1" visible="true" uid="1" user="OSMnx" id="1278343473" lat="18.9007664" changeset="1" /><node timestamp="2026-04-10T00:02:21Z" lon="72.8086711" version="1" visible="true" uid="1" user="OSMnx" id="1278343478" lat="18.9004959" changeset="1" /><node timestamp="2026-04-10T00:02:21Z" lon="72.8168723" version="1" visible="true" uid="1" user="OSMnx" id="1278343494" lat="18.9120381" changeset="1" /><node timestamp="2026-04-10T00:02:21Z" lon="72.8116193" version="1" visible="true" uid="1" user="OSMnx" id="1278343509" lat="18.9001681" changeset="1" /><node timestamp="2026-04-10T00:02:21Z" lon="72.8083642" version="1" visible="true" uid="1" user="OSMnx" id="1278343539" lat="18.9140062" changeset="1" /><node timestamp="2026-04-10T00:02:21Z" lon="72.8113503" version="1" visible="true" uid="1" user="OSMnx" id="1278343545" lat="18.9054372" changeset="1" /><node timestamp="2026-04-10T00:02:21Z" lon="72.811735" version="1" visible="true" uid="1" user="OSMnx" id="1278343572" lat="18.9003447" changeset="1" /><node timestamp="2026-04-10T00:02:21Z" lon="72.8162804" version="1" visible="true" uid="1" user="OSMnx" id="1278343595" lat="18.9126277" changeset="1" /><node timestamp="2026-04-10T00:02:21Z" lon="72.8108708" version="1" visible="true" uid="1" user="OSMnx" id="1278343617" lat="18.901614" changeset="1" /><node timestamp="2026-04-10T00:02:21Z" lon="72.8095544" version="1" visible="true" uid="1" user="OSMnx" id="1278343631" lat="18.9036318" changeset="1" /><node timestamp="2026-04-10T00:02:21Z" lon="72.8117932" version="1" visible="true" uid="1" user="OSMnx" id="1278343645" lat="18.9034446" changeset="1" /><node timestamp="2026-04-10T00:02:21Z" lon="72.8082991" version="1" visible="true" uid="1" user="OSMnx" id="1278343656" lat="18.9015537" changeset="1" /><node timestamp="2026-04-10T00:02:21Z" lon="72.8128426" version="1" visible="true" uid="1" user="OSMnx" id="1278343659" lat="18.9041916" changeset="1" /><node timestamp="2026-04-10T00:02:21Z" lon="72.8081635" version="1" visible="true" uid="1" user="OSMnx" id="1278343660" lat="18.9040453" changeset="1" /><node timestamp="2026-04-10T00:02:21Z" lon="72.8093845" version="1" visible="true" uid="1" user="OSMnx" id="1278343667" lat="18.9053248" changeset="1" /><node timestamp="2026-04-10T00:02:21Z" lon="72.8092559" version="1" visible="true" uid="1" user="OSMnx" id="1278343671" lat="18.9049747" changeset="1" /><node timestamp="2026-04-10T00:02:21Z" lon="72.8107396" version="1" visible="true" uid="1" user="OSMnx" id="1278343717" lat="18.9020571" changeset="1" /><node timestamp="2026-04-10T00:02:21Z" lon="72.8112601" version="1" visible="true" uid="1" user="OSMnx" id="1278343720" lat="18.9050679" changeset="1" /><node timestamp="2026-04-10T00:02:21Z" lon="72.8095562" version="1" visible="true" uid="1" user="OSMnx" id="1278343727" lat="18.9058552" changeset="1" /><node timestamp="2026-04-10T00:02:21Z" lon="72.811782" version="1" visible="true" uid="1" user="OSMnx" id="1278343736" lat="18.9023286" changeset="1" /><node timestamp="2026-04-10T00:02:21Z" lon="72.8095027" version="1" visible="true" uid="1" user="OSMnx" id="1278343742" lat="18.9040735" changeset="1" /><node timestamp="2026-04-10T00:02:21Z" lon="72.8079663" version="1" visible="true" uid="1" user="OSMnx" id="1278343755" lat="18.9055275" changeset="1" /><node timestamp="2026-04-10T00:02:21Z" lon="72.8170127" version="1" visible="true" uid="1" user="OSMnx" id="1278343772" lat="18.9124222" changeset="1" /><node timestamp="2026-04-10T00:02:21Z" lon="72.8161694" version="1" visible="true" uid="1" user="OSMnx" id="1278343774" lat="18.9122487" changeset="1" /><node timestamp="2026-04-10T00:02:21Z" lon="72.8115916" version="1" visible="true" uid="1" user="OSMnx" id="1278343783" lat="18.9002896" changeset="1" /><node timestamp="2026-04-10T00:02:21Z" lon="72.8083225" version="1" visible="true" uid="1" user="OSMnx" id="1278343786" lat="18.900501" changeset="1" /><node timestamp="2026-04-10T00:02:21Z" lon="72.8117909" version="1" visible="true" uid="1" user="OSMnx" id="1278343795" lat="18.9001956" changeset="1" /><node timestamp="2026-04-10T00:02:21Z" lon="72.8118147" version="1" visible="true" uid="1" user="OSMnx" id="1278343806" lat="18.903513" changeset="1" /><node timestamp="2026-04-10T00:02:21Z" lon="72.809542" version="1" visible="true" uid="1" user="OSMnx" id="1278343814" lat="18.9037631" changeset="1" /><node timestamp="2026-04-10T00:02:21Z" lon="72.8179081" version="1" visible="true" uid="1" user="OSMnx" id="1278343815" lat="18.9121253" changeset="1" /><node timestamp="2026-04-10T00:02:21Z" lon="72.8095929" version="1" visible="true" uid="1" user="OSMnx" id="1278343824" lat="18.9032006" changeset="1" /><node timestamp="2026-04-10T00:02:21Z" lon="72.8117863" version="1" visible="true" uid="1" user="OSMnx" id="1278343827" lat="18.9040299" changeset="1" /><node timestamp="2026-04-10T00:02:21Z" lon="72.8111191" version="1" visible="true" uid="1" user="OSMnx" id="1278343850" lat="18.9022018" changeset="1" /><node timestamp="2026-04-10T00:02:21Z" lon="72.8176725" version="1" visible="true" uid="1" user="OSMnx" id="1278343873" lat="18.9118766" changeset="1" /><node timestamp="2026-04-10T00:02:21Z" lon="72.8117709" version="1" visible="true" uid="1" user="OSMnx" id="1278343922" lat="18.900171" changeset="1" /><node timestamp="2026-04-10T00:02:21Z" lon="72.8101198" version="1" visible="true" uid="1" user="OSMnx" id="1278343929" lat="18.901593" changeset="1" /><node timestamp="2026-04-10T00:02:21Z" lon="72.8079141" version="1" visible="true" uid="1" user="OSMnx" id="1278343930" lat="18.9051569" changeset="1" /><node timestamp="2026-04-10T00:02:21Z" lon="72.8093177" version="1" visible="true" uid="1" user="OSMnx" id="1278343931" lat="18.9014847" changeset="1" /><node timestamp="2026-04-10T00:02:21Z" lon="72.8081953" version="1" visible="true" uid="1" user="OSMnx" id="1278343992" lat="18.9034974" changeset="1" /><node timestamp="2026-04-10T00:02:21Z" lon="72.8177185" version="1" visible="true" uid="1" user="OSMnx" id="1278344000" lat="18.910105" changeset="1" /><node timestamp="2026-04-10T00:02:21Z" lon="72.8108583" version="1" visible="true" uid="1" user="OSMnx" id="1278344019" lat="18.9039131" changeset="1" /><node timestamp="2026-04-10T00:02:21Z" lon="72.81161" version="1" visible="true" uid="1" user="OSMnx" id="1278344050" lat="18.9003167" changeset="1" /><node timestamp="2026-04-10T00:02:21Z" lon="72.8107938" version="1" visible="true" uid="1" user="OSMnx" id="1278344088" lat="18.9046469" changeset="1" /><node timestamp="2026-04-10T00:02:21Z" lon="72.8168206" version="1" visible="true" uid="1" user="OSMnx" id="1278569670" lat="18.9119243" changeset="1" /><node timestamp="2026-04-10T00:02:21Z" lon="72.8169802" version="1" visible="true" uid="1" user="OSMnx" id="1278569716" lat="18.9123169" changeset="1" /><node timestamp="2026-04-10T00:02:21Z" lon="72.8197205" version="1" visible="true" uid="1" user="OSMnx" id="1278569759" lat="18.9104362" changeset="1" /><node timestamp="2026-04-10T00:02:21Z" lon="72.8188695" version="1" visible="true" uid="1" user="OSMnx" id="1278569769" lat="18.9110601" changeset="1" /><node timestamp="2026-04-10T00:02:21Z" lon="72.817734" version="1" visible="true" uid="1" user="OSMnx" id="1278569787" lat="18.9119398" changeset="1" /><node timestamp="2026-04-10T00:02:21Z" lon="72.8201442" version="1" visible="true" uid="1" user="OSMnx" id="1278569797" lat="18.9103889" changeset="1" /><node timestamp="2026-04-10T00:02:21Z" lon="72.8177056" version="1" visible="true" uid="1" user="OSMnx" id="1278569847" lat="18.9119157" changeset="1" /><node timestamp="2026-04-10T00:02:21Z" lon="72.816252" version="1" visible="true" uid="1" user="OSMnx" id="1278569884" lat="18.9125368" changeset="1" /><node timestamp="2026-04-10T00:02:21Z" lon="72.8161999" version="1" visible="true" uid="1" user="OSMnx" id="1278570029" lat="18.9121454" changeset="1" /><node timestamp="2026-04-10T00:02:21Z" lon="72.8178341" version="1" visible="true" uid="1" user="OSMnx" id="1278570119" lat="18.9120427" changeset="1" /><node timestamp="2026-04-10T00:02:21Z" lon="72.8173384" version="1" visible="true" uid="1" user="OSMnx" id="1278570148" lat="18.9119486" changeset="1" /><node timestamp="2026-04-10T00:02:21Z" lon="72.8176108" version="1" visible="true" uid="1" user="OSMnx" id="1278570211" lat="18.911567" changeset="1" /><node timestamp="2026-04-10T00:02:21Z" lon="72.8162884" version="1" visible="true" uid="1" user="OSMnx" id="1278570214" lat="18.9119324" changeset="1" /><node timestamp="2026-04-10T00:02:21Z" lon="72.8172487" version="1" visible="true" uid="1" user="OSMnx" id="1278570245" lat="18.9116279" changeset="1" /><node timestamp="2026-04-10T00:02:21Z" lon="72.816772" version="1" visible="true" uid="1" user="OSMnx" id="1278570274" lat="18.9117828" changeset="1" /><node timestamp="2026-04-10T00:02:21Z" lon="72.8172951" version="1" visible="true" uid="1" user="OSMnx" id="1278570349" lat="18.9117825" changeset="1" /><node timestamp="2026-04-10T00:02:21Z" lon="72.8296995" version="1" visible="true" uid="1" user="OSMnx" id="1278850176" lat="18.9154411" changeset="1" /><node timestamp="2026-04-10T00:02:21Z" lon="72.8288865" version="1" visible="true" uid="1" user="OSMnx" id="1278850189" lat="18.9169996" changeset="1" /><node timestamp="2026-04-10T00:02:21Z" lon="72.8290466" version="1" visible="true" uid="1" user="OSMnx" id="1278850207" lat="18.9154143" changeset="1" /><node timestamp="2026-04-10T00:02:21Z" lon="72.8292722" version="1" visible="true" uid="1" user="OSMnx" id="1278850217" lat="18.9154021" changeset="1" /><node timestamp="2026-04-10T00:02:21Z" lon="72.8297982" version="1" visible="true" uid="1" user="OSMnx" id="1278850235" lat="18.9154276" changeset="1" /><node timestamp="2026-04-10T00:02:21Z" lon="72.8293712" version="1" visible="true" uid="1" user="OSMnx" id="1278850262" lat="18.9154408" changeset="1" /><node timestamp="2026-04-10T00:02:21Z" lon="72.8287157" version="1" visible="true" uid="1" user="OSMnx" id="1278850264" lat="18.9166326" changeset="1" /><node timestamp="2026-04-10T00:02:21Z" lon="72.8297328" version="1" visible="true" uid="1" user="OSMnx" id="1278850280" lat="18.9154382" changeset="1"><tag k="highway" v="crossing" /></node><node timestamp="2026-04-10T00:02:21Z" lon="72.8290362" version="1" visible="true" uid="1" user="OSMnx" id="1278850323" lat="18.9168502" changeset="1" /><node timestamp="2026-04-10T00:02:21Z" lon="72.8288465" version="1" visible="true" uid="1" user="OSMnx" id="1278850332" lat="18.9169259" changeset="1" /><node timestamp="2026-04-10T00:02:21Z" lon="72.829888" version="1" visible="true" uid="1" user="OSMnx" id="1278850334" lat="18.9154006" changeset="1" /><node timestamp="2026-04-10T00:02:21Z" lon="72.8318616" version="1" visible="true" uid="1" user="OSMnx" id="1437389142" lat="18.925642" changeset="1" /><node timestamp="2026-04-10T00:02:21Z" lon="72.8324859" version="1" visible="true" uid="1" user="OSMnx" id="1437389151" lat="18.9255191" changeset="1" /><node timestamp="2026-04-10T00:02:21Z" lon="72.8320138" version="1" visible="true" uid="1" user="OSMnx" id="1437389164" lat="18.9252694" changeset="1" /><node timestamp="2026-04-10T00:02:21Z" lon="72.8321025" version="1" visible="true" uid="1" user="OSMnx" id="1437389176" lat="18.9251284" changeset="1" /><node timestamp="2026-04-10T00:02:21Z" lon="72.828929" version="1" visible="true" uid="1" user="OSMnx" id="1461446619" lat="18.9189922" changeset="1" /><node timestamp="2026-04-10T00:02:21Z" lon="72.8234105" version="1" visible="true" uid="1" user="OSMnx" id="1504771681" lat="18.932627" changeset="1" /><node timestamp="2026-04-10T00:02:21Z" lon="72.8233568" version="1" visible="true" uid="1" user="OSMnx" id="1504771685" lat="18.9324674" changeset="1" /><node timestamp="2026-04-10T00:02:21Z" lon="72.8312419" version="1" visible="true" uid="1" user="OSMnx" id="1640191301" lat="18.932473" changeset="1"><tag k="highway" v="traffic_signals" /></node><node timestamp="2026-04-10T00:02:21Z" lon="72.8244029" version="1" visible="true" uid="1" user="OSMnx" id="1643007858" lat="18.9281588" changeset="1" /><node timestamp="2026-04-10T00:02:21Z" lon="72.8226376" version="1" visible="true" uid="1" user="OSMnx" id="1643072311" lat="18.9128899" changeset="1" /><node timestamp="2026-04-10T00:02:21Z" lon="72.8320616" version="1" visible="true" uid="1" user="OSMnx" id="1643093910" lat="18.9257914" changeset="1" /><node timestamp="2026-04-10T00:02:21Z" lon="72.8342323" version="1" visible="true" uid="1" user="OSMnx" id="1643093949" lat="18.9318224" changeset="1" /><node timestamp="2026-04-10T00:02:21Z" lon="72.8343665" version="1" visible="true" uid="1" user="OSMnx" id="1643093953" lat="18.9319872" changeset="1" /><node timestamp="2026-04-10T00:02:21Z" lon="72.8312039" version="1" visible="true" uid="1" user="OSMnx" id="1643093963" lat="18.9330523" changeset="1" /><node timestamp="2026-04-10T00:02:21Z" lon="72.8313453" version="1" visible="true" uid="1" user="OSMnx" id="1643105813" lat="18.9330252" changeset="1"><tag k="highway" v="traffic_signals" /></node><node timestamp="2026-04-10T00:02:21Z" lon="72.8300363" version="1" visible="true" uid="1" user="OSMnx" id="1643105814" lat="18.9327072" changeset="1"><tag k="highway" v="traffic_signals" /></node><node timestamp="2026-04-10T00:02:21Z" lon="72.8312003" version="1" visible="true" uid="1" user="OSMnx" id="1643105816" lat="18.9329497" changeset="1" /><node timestamp="2026-04-10T00:02:21Z" lon="72.8282263" version="1" visible="true" uid="1" user="OSMnx" id="1643105817" lat="18.9327656" changeset="1" /><node timestamp="2026-04-10T00:02:21Z" lon="72.8314126" version="1" visible="true" uid="1" user="OSMnx" id="1643105818" lat="18.9328915" changeset="1" /><node timestamp="2026-04-10T00:02:21Z" lon="72.8287805" version="1" visible="true" uid="1" user="OSMnx" id="1643105819" lat="18.9328578" changeset="1" /><node timestamp="2026-04-10T00:02:21Z" lon="72.8282375" version="1" visible="true" uid="1" user="OSMnx" id="1643105820" lat="18.9329042" changeset="1" /><node timestamp="2026-04-10T00:02:21Z" lon="72.827907" version="1" visible="true" uid="1" user="OSMnx" id="1643105824" lat="18.9329737" changeset="1"><tag k="highway" v="traffic_signals" /></node><node timestamp="2026-04-10T00:02:21Z" lon="72.8287508" version="1" visible="true" uid="1" user="OSMnx" id="1643105826" lat="18.9330441" changeset="1" /><node timestamp="2026-04-10T00:02:21Z" lon="72.8312745" version="1" visible="true" uid="1" user="OSMnx" id="1643134365" lat="18.9321969" changeset="1" /><node timestamp="2026-04-10T00:02:21Z" lon="72.8316177" version="1" visible="true" uid="1" user="OSMnx" id="1643144567" lat="18.9260411" changeset="1" /><node timestamp="2026-04-10T00:02:21Z" lon="72.831451" version="1" visible="true" uid="1" user="OSMnx" id="1643144569" lat="18.9263614" changeset="1" /><node timestamp="2026-04-10T00:02:21Z" lon="72.8313466" version="1" visible="true" uid="1" user="OSMnx" id="1643144572" lat="18.9266773" changeset="1" /><node timestamp="2026-04-10T00:02:21Z" lon="72.8313582" version="1" visible="true" uid="1" user="OSMnx" id="1643144573" lat="18.9271054" changeset="1" /><node timestamp="2026-04-10T00:02:21Z" lon="72.8313582" version="1" visible="true" uid="1" user="OSMnx" id="1643144576" lat="18.9275521" changeset="1" /><node timestamp="2026-04-10T00:02:21Z" lon="72.8313002" version="1" visible="true" uid="1" user="OSMnx" id="1643144581" lat="18.9301872" changeset="1"><tag k="highway" v="traffic_signals" /></node><node timestamp="2026-04-10T00:02:21Z" lon="72.8313056" version="1" visible="true" uid="1" user="OSMnx" id="1643144591" lat="18.9309555" changeset="1" /><node timestamp="2026-04-10T00:02:21Z" lon="72.8260302" version="1" visible="true" uid="1" user="OSMnx" id="1651447303" lat="18.9258372" changeset="1" /><node timestamp="2026-04-10T00:02:21Z" lon="72.8267265" version="1" visible="true" uid="1" user="OSMnx" id="1651447327" lat="18.9266655" changeset="1" /><node timestamp="2026-04-10T00:02:21Z" lon="72.8264842" version="1" visible="true" uid="1" user="OSMnx" id="1651447341" lat="18.9268873" changeset="1" /><node timestamp="2026-04-10T00:02:21Z" lon="72.8266666" version="1" visible="true" uid="1" user="OSMnx" id="1651447343" lat="18.9268997" changeset="1" /><node timestamp="2026-04-10T00:02:21Z" lon="72.8230443" version="1" visible="true" uid="1" user="OSMnx" id="1651447381" lat="18.9288448" changeset="1"><tag k="highway" v="traffic_signals" /></node><node timestamp="2026-04-10T00:02:21Z" lon="72.8355183" version="1" visible="true" uid="1" user="OSMnx" id="1704905252" lat="18.9304787" changeset="1" /><node timestamp="2026-04-10T00:02:21Z" lon="72.8354249" version="1" visible="true" uid="1" user="OSMnx" id="1704905262" lat="18.930486" changeset="1" /><node timestamp="2026-04-10T00:02:21Z" lon="72.8355026" version="1" visible="true" uid="1" user="OSMnx" id="1704905288" lat="18.9306952" changeset="1" /><node timestamp="2026-04-10T00:02:21Z" lon="72.8349433" version="1" visible="true" uid="1" user="OSMnx" id="1704905443" lat="18.9314355" changeset="1" /><node timestamp="2026-04-10T00:02:21Z" lon="72.8355003" version="1" visible="true" uid="1" user="OSMnx" id="1704905464" lat="18.9315611" changeset="1" /><node timestamp="2026-04-10T00:02:21Z" lon="72.8356152" version="1" visible="true" uid="1" user="OSMnx" id="1704905498" lat="18.9317172" changeset="1" /><node timestamp="2026-04-10T00:02:21Z" lon="72.8354278" version="1" visible="true" uid="1" user="OSMnx" id="1704905814" lat="18.932482" changeset="1" /><node timestamp="2026-04-10T00:02:21Z" lon="72.8357954" version="1" visible="true" uid="1" user="OSMnx" id="1704905817" lat="18.9324713" changeset="1"><tag k="highway" v="traffic_signals" /></node><node timestamp="2026-04-10T00:02:21Z" lon="72.835955" version="1" visible="true" uid="1" user="OSMnx" id="1704905869" lat="18.9326397" changeset="1" /><node timestamp="2026-04-10T00:02:21Z" lon="72.8138496" version="1" visible="true" uid="1" user="OSMnx" id="1934089145" lat="18.9068468" changeset="1" /><node timestamp="2026-04-10T00:02:21Z" lon="72.8136224" version="1" visible="true" uid="1" user="OSMnx" id="1934089146" lat="18.9070076" changeset="1" /><node timestamp="2026-04-10T00:02:21Z" lon="72.8113761" version="1" visible="true" uid="1" user="OSMnx" id="1934089147" lat="18.9070686" changeset="1" /><node timestamp="2026-04-10T00:02:21Z" lon="72.8122155" version="1" visible="true" uid="1" user="OSMnx" id="1934089148" lat="18.907996" changeset="1" /><node timestamp="2026-04-10T00:02:21Z" lon="72.8143696" version="1" visible="true" uid="1" user="OSMnx" id="1934089149" lat="18.9082172" changeset="1" /><node timestamp="2026-04-10T00:02:21Z" lon="72.8132489" version="1" visible="true" uid="1" user="OSMnx" id="1934089151" lat="18.9091331" changeset="1" /><node timestamp="2026-04-10T00:02:21Z" lon="72.8325425" version="1" visible="true" uid="1" user="OSMnx" id="2163538977" lat="18.9254443" changeset="1" /><node timestamp="2026-04-10T00:02:21Z" lon="72.8323384" version="1" visible="true" uid="1" user="OSMnx" id="2163538979" lat="18.9257699" changeset="1" /><node timestamp="2026-04-10T00:02:21Z" lon="72.8325823" version="1" visible="true" uid="1" user="OSMnx" id="2163538980" lat="18.9257179" changeset="1" /><node timestamp="2026-04-10T00:02:21Z" lon="72.8321877" version="1" visible="true" uid="1" user="OSMnx" id="2163538981" lat="18.9258365" changeset="1" /><node timestamp="2026-04-10T00:02:21Z" lon="72.831953" version="1" visible="true" uid="1" user="OSMnx" id="2163538983" lat="18.9259606" changeset="1" /><node timestamp="2026-04-10T00:02:21Z" lon="72.8318998" version="1" visible="true" uid="1" user="OSMnx" id="2163538984" lat="18.9259174" changeset="1" /><node timestamp="2026-04-10T00:02:21Z" lon="72.8337276" version="1" visible="true" uid="1" user="OSMnx" id="2163538986" lat="18.9264618" changeset="1" /><node timestamp="2026-04-10T00:02:21Z" lon="72.8334858" version="1" visible="true" uid="1" user="OSMnx" id="2163538988" lat="18.9267536" changeset="1" /><node timestamp="2026-04-10T00:02:21Z" lon="72.8338852" version="1" visible="true" uid="1" user="OSMnx" id="2163538990" lat="18.9269083" changeset="1" /><node timestamp="2026-04-10T00:02:21Z" lon="72.8340005" version="1" visible="true" uid="1" user="OSMnx" id="2163538993" lat="18.9276932" changeset="1" /><node timestamp="2026-04-10T00:02:21Z" lon="72.8340358" version="1" visible="true" uid="1" user="OSMnx" id="2163538995" lat="18.927988" changeset="1" /><node timestamp="2026-04-10T00:02:21Z" lon="72.8342274" version="1" visible="true" uid="1" user="OSMnx" id="2163538997" lat="18.9285445" changeset="1" /><node timestamp="2026-04-10T00:02:21Z" lon="72.8344384" version="1" visible="true" uid="1" user="OSMnx" id="2163539000" lat="18.9290626" changeset="1" /><node timestamp="2026-04-10T00:02:21Z" lon="72.8352041" version="1" visible="true" uid="1" user="OSMnx" id="2163539003" lat="18.9301808" changeset="1" /><node timestamp="2026-04-10T00:02:21Z" lon="72.8340373" version="1" visible="true" uid="1" user="OSMnx" id="2163544974" lat="18.9284442" changeset="1" /><node timestamp="2026-04-10T00:02:21Z" lon="72.831519" version="1" visible="true" uid="1" user="OSMnx" id="2163559520" lat="18.9329656" changeset="1" /><node timestamp="2026-04-10T00:02:21Z" lon="72.8310842" version="1" visible="true" uid="1" user="OSMnx" id="2168470071" lat="18.9324293" changeset="1" /><node timestamp="2026-04-10T00:02:21Z" lon="72.831877" version="1" visible="true" uid="1" user="OSMnx" id="2168470072" lat="18.9325118" changeset="1" /><node timestamp="2026-04-10T00:02:21Z" lon="72.8313105" version="1" visible="true" uid="1" user="OSMnx" id="2168470076" lat="18.9325945" changeset="1" /><node timestamp="2026-04-10T00:02:21Z" lon="72.8311752" version="1" visible="true" uid="1" user="OSMnx" id="2168470077" lat="18.9326202" changeset="1" /><node timestamp="2026-04-10T00:02:21Z" lon="72.8320478" version="1" visible="true" uid="1" user="OSMnx" id="2168470081" lat="18.9329339" changeset="1" /><node timestamp="2026-04-10T00:02:21Z" lon="72.8341899" version="1" visible="true" uid="1" user="OSMnx" id="2168483702" lat="18.9300493" changeset="1" /><node timestamp="2026-04-10T00:02:21Z" lon="72.831803" version="1" visible="true" uid="1" user="OSMnx" id="2168580969" lat="18.92544" changeset="1" /><node timestamp="2026-04-10T00:02:21Z" lon="72.8315856" version="1" visible="true" uid="1" user="OSMnx" id="2168580970" lat="18.9254765" changeset="1" /><node timestamp="2026-04-10T00:02:21Z" lon="72.8316344" version="1" visible="true" uid="1" user="OSMnx" id="2168580972" lat="18.925596" changeset="1" /><node timestamp="2026-04-10T00:02:21Z" lon="72.8301195" version="1" visible="true" uid="1" user="OSMnx" id="2168580977" lat="18.9257703" changeset="1" /><node timestamp="2026-04-10T00:02:21Z" lon="72.8301487" version="1" visible="true" uid="1" user="OSMnx" id="2168580984" lat="18.9259118" changeset="1" /><node timestamp="2026-04-10T00:02:21Z" lon="72.8297836" version="1" visible="true" uid="1" user="OSMnx" id="2168580990" lat="18.9260449" changeset="1"><tag k="highway" v="traffic_signals" /></node><node timestamp="2026-04-10T00:02:21Z" lon="72.8292749" version="1" visible="true" uid="1" user="OSMnx" id="2168581009" lat="18.9261505" changeset="1" /><node timestamp="2026-04-10T00:02:21Z" lon="72.829038" version="1" visible="true" uid="1" user="OSMnx" id="2168581018" lat="18.926235" changeset="1" /><node timestamp="2026-04-10T00:02:21Z" lon="72.8293739" version="1" visible="true" uid="1" user="OSMnx" id="2168581019" lat="18.9262442" changeset="1" /><node timestamp="2026-04-10T00:02:21Z" lon="72.8292197" version="1" visible="true" uid="1" user="OSMnx" id="2168581025" lat="18.9263055" changeset="1" /><node timestamp="2026-04-10T00:02:21Z" lon="72.828042" version="1" visible="true" uid="1" user="OSMnx" id="2168581047" lat="18.9265476" changeset="1"><tag k="highway" v="traffic_signals" /></node><node timestamp="2026-04-10T00:02:21Z" lon="72.8273642" version="1" visible="true" uid="1" user="OSMnx" id="2168581049" lat="18.9265803" changeset="1" /><node timestamp="2026-04-10T00:02:21Z" lon="72.8270885" version="1" visible="true" uid="1" user="OSMnx" id="2168581052" lat="18.926648" changeset="1"><tag k="highway" v="traffic_signals" /></node><node timestamp="2026-04-10T00:02:21Z" lon="72.8268287" version="1" visible="true" uid="1" user="OSMnx" id="2168581069" lat="18.9267849" changeset="1" /><node timestamp="2026-04-10T00:02:21Z" lon="72.8333433" version="1" visible="true" uid="1" user="OSMnx" id="2175129159" lat="18.9230044" changeset="1" /><node timestamp="2026-04-10T00:02:21Z" lon="72.8338523" version="1" visible="true" uid="1" user="OSMnx" id="2175129163" lat="18.9234371" changeset="1" /><node timestamp="2026-04-10T00:02:21Z" lon="72.8293512" version="1" visible="true" uid="1" user="OSMnx" id="2175129190" lat="18.9261099" changeset="1" /><node timestamp="2026-04-10T00:02:21Z" lon="72.8286377" version="1" visible="true" uid="1" user="OSMnx" id="2175129198" lat="18.9264374" changeset="1" /><node timestamp="2026-04-10T00:02:21Z" lon="72.8284769" version="1" visible="true" uid="1" user="OSMnx" id="2175129199" lat="18.9265158" changeset="1" /><node timestamp="2026-04-10T00:02:21Z" lon="72.8283321" version="1" visible="true" uid="1" user="OSMnx" id="2175129200" lat="18.9266528" changeset="1" /><node timestamp="2026-04-10T00:02:21Z" lon="72.8281819" version="1" visible="true" uid="1" user="OSMnx" id="2175129206" lat="18.9268548" changeset="1" /><node timestamp="2026-04-10T00:02:21Z" lon="72.8306276" version="1" visible="true" uid="1" user="OSMnx" id="2175130226" lat="18.9285153" changeset="1" /><node timestamp="2026-04-10T00:02:21Z" lon="72.8312451" version="1" visible="true" uid="1" user="OSMnx" id="2175130234" lat="18.928547" changeset="1" /><node timestamp="2026-04-10T00:02:21Z" lon="72.8298953" version="1" visible="true" uid="1" user="OSMnx" id="2175130238" lat="18.9284804" changeset="1"><tag k="highway" v="traffic_signals" /></node><node timestamp="2026-04-10T00:02:21Z" lon="72.8297931" version="1" visible="true" uid="1" user="OSMnx" id="2175130250" lat="18.9285281" changeset="1" /><node timestamp="2026-04-10T00:02:21Z" lon="72.8313406" version="1" visible="true" uid="1" user="OSMnx" id="2175130255" lat="18.9285534" changeset="1"><tag k="highway" v="traffic_signals" /></node><node timestamp="2026-04-10T00:02:21Z" lon="72.8297315" version="1" visible="true" uid="1" user="OSMnx" id="2175130264" lat="18.9286206" changeset="1" /><node timestamp="2026-04-10T00:02:21Z" lon="72.8314511" version="1" visible="true" uid="1" user="OSMnx" id="2175130270" lat="18.9286913" changeset="1" /><node timestamp="2026-04-10T00:02:21Z" lon="72.8296817" version="1" visible="true" uid="1" user="OSMnx" id="2175130316" lat="18.9287208" changeset="1" /><node timestamp="2026-04-10T00:02:21Z" lon="72.8280975" version="1" visible="true" uid="1" user="OSMnx" id="2175535141" lat="18.9326947" changeset="1" /><node timestamp="2026-04-10T00:02:21Z" lon="72.8339261" version="1" visible="true" uid="1" user="OSMnx" id="2175568308" lat="18.9322086" changeset="1" /><node timestamp="2026-04-10T00:02:21Z" lon="72.823384" version="1" visible="true" uid="1" user="OSMnx" id="2176684334" lat="18.922794" changeset="1" /><node timestamp="2026-04-10T00:02:21Z" lon="72.8233523" version="1" visible="true" uid="1" user="OSMnx" id="2176684336" lat="18.9228186" changeset="1" /><node timestamp="2026-04-10T00:02:21Z" lon="72.8247071" version="1" visible="true" uid="1" user="OSMnx" id="2176684445" lat="18.9244174" changeset="1" /><node timestamp="2026-04-10T00:02:21Z" lon="72.8223857" version="1" visible="true" uid="1" user="OSMnx" id="2176684582" lat="18.9249062" changeset="1" /><node timestamp="2026-04-10T00:02:21Z" lon="72.8230305" version="1" visible="true" uid="1" user="OSMnx" id="2176684763" lat="18.9259695" changeset="1" /><node timestamp="2026-04-10T00:02:21Z" lon="72.8205981" version="1" visible="true" uid="1" user="OSMnx" id="2176684837" lat="18.9263589" changeset="1" /><node timestamp="2026-04-10T00:02:21Z" lon="72.822733" version="1" visible="true" uid="1" user="OSMnx" id="2176684859" lat="18.9261454" changeset="1" /><node timestamp="2026-04-10T00:02:21Z" lon="72.8218633" version="1" visible="true" uid="1" user="OSMnx" id="2176684869" lat="18.9272155" changeset="1" /><node timestamp="2026-04-10T00:02:21Z" lon="72.8273987" version="1" visible="true" uid="1" user="OSMnx" id="2176685183" lat="18.9319129" changeset="1" /><node timestamp="2026-04-10T00:02:21Z" lon="72.8281582" version="1" visible="true" uid="1" user="OSMnx" id="2176685184" lat="18.9322193" changeset="1" /><node timestamp="2026-04-10T00:02:21Z" lon="72.8217115" version="1" visible="true" uid="1" user="OSMnx" id="2176701305" lat="18.927643" changeset="1"><tag k="highway" v="traffic_signals" /></node><node timestamp="2026-04-10T00:02:21Z" lon="72.8216325" version="1" visible="true" uid="1" user="OSMnx" id="2176701313" lat="18.9280366" changeset="1" /><node timestamp="2026-04-10T00:02:21Z" lon="72.8214664" version="1" visible="true" uid="1" user="OSMnx" id="2176701317" lat="18.9283211" changeset="1" /><node timestamp="2026-04-10T00:02:21Z" lon="72.8212423" version="1" visible="true" uid="1" user="OSMnx" id="2176701319" lat="18.9285982" changeset="1" /><node timestamp="2026-04-10T00:02:21Z" lon="72.8215609" version="1" visible="true" uid="1" user="OSMnx" id="2176701320" lat="18.9283665" changeset="1" /><node timestamp="2026-04-10T00:02:21Z" lon="72.8213975" version="1" visible="true" uid="1" user="OSMnx" id="2176701322" lat="18.9284611" changeset="1" /><node timestamp="2026-04-10T00:02:21Z" lon="72.8213345" version="1" visible="true" uid="1" user="OSMnx" id="2176701326" lat="18.9285187" changeset="1" /><node timestamp="2026-04-10T00:02:21Z" lon="72.8209902" version="1" visible="true" uid="1" user="OSMnx" id="2176701327" lat="18.9284882" changeset="1" /><node timestamp="2026-04-10T00:02:21Z" lon="72.8215756" version="1" visible="true" uid="1" user="OSMnx" id="2176701331" lat="18.928747" changeset="1" /><node timestamp="2026-04-10T00:02:21Z" lon="72.8216265" version="1" visible="true" uid="1" user="OSMnx" id="2176701333" lat="18.9291491" changeset="1" /><node timestamp="2026-04-10T00:02:21Z" lon="72.8299174" version="1" visible="true" uid="1" user="OSMnx" id="2176723345" lat="18.9197837" changeset="1" /><node timestamp="2026-04-10T00:02:21Z" lon="72.829915" version="1" visible="true" uid="1" user="OSMnx" id="2176723388" lat="18.9225291" changeset="1" /><node timestamp="2026-04-10T00:02:21Z" lon="72.8210813" version="1" visible="true" uid="1" user="OSMnx" id="2176726921" lat="18.9117227" changeset="1" /><node timestamp="2026-04-10T00:02:21Z" lon="72.8213191" version="1" visible="true" uid="1" user="OSMnx" id="2176726922" lat="18.9117753" changeset="1" /><node timestamp="2026-04-10T00:02:21Z" lon="72.8216137" version="1" visible="true" uid="1" user="OSMnx" id="2176726924" lat="18.9125441" changeset="1" /><node timestamp="2026-04-10T00:02:21Z" lon="72.8245771" version="1" visible="true" uid="1" user="OSMnx" id="2176726928" lat="18.915798" changeset="1" /><node timestamp="2026-04-10T00:02:21Z" lon="72.8246457" version="1" visible="true" uid="1" user="OSMnx" id="2176726929" lat="18.9160515" changeset="1" /><node timestamp="2026-04-10T00:02:21Z" lon="72.8321209" version="1" visible="true" uid="1" user="OSMnx" id="2176742007" lat="18.9214438" changeset="1" /><node timestamp="2026-04-10T00:02:21Z" lon="72.8312283" version="1" visible="true" uid="1" user="OSMnx" id="2176742012" lat="18.9218773" changeset="1" /><node timestamp="2026-04-10T00:02:21Z" lon="72.8330527" version="1" visible="true" uid="1" user="OSMnx" id="2176742036" lat="18.9229994" changeset="1" /><node timestamp="2026-04-10T00:02:21Z" lon="72.8293815" version="1" visible="true" uid="1" user="OSMnx" id="2176742037" lat="18.9230385" changeset="1" /><node timestamp="2026-04-10T00:02:21Z" lon="72.8301819" version="1" visible="true" uid="1" user="OSMnx" id="2176742048" lat="18.9234041" changeset="1" /><node timestamp="2026-04-10T00:02:21Z" lon="72.8299239" version="1" visible="true" uid="1" user="OSMnx" id="2176742061" lat="18.9237286" changeset="1" /><node timestamp="2026-04-10T00:02:21Z" lon="72.8277943" version="1" visible="true" uid="1" user="OSMnx" id="2176765799" lat="18.9198232" changeset="1" /><node timestamp="2026-04-10T00:02:21Z" lon="72.8336725" version="1" visible="true" uid="1" user="OSMnx" id="2177429604" lat="18.926336" changeset="1" /><node timestamp="2026-04-10T00:02:21Z" lon="72.8222416" version="1" visible="true" uid="1" user="OSMnx" id="2177429704" lat="18.9304169" changeset="1" /><node timestamp="2026-04-10T00:02:21Z" lon="72.8344901" version="1" visible="true" uid="1" user="OSMnx" id="2177429780" lat="18.9323537" changeset="1" /><node timestamp="2026-04-10T00:02:21Z" lon="72.8344202" version="1" visible="true" uid="1" user="OSMnx" id="2177429783" lat="18.9324328" changeset="1" /><node timestamp="2026-04-10T00:02:21Z" lon="72.8344007" version="1" visible="true" uid="1" user="OSMnx" id="2177429791" lat="18.9324874" changeset="1" /><node timestamp="2026-04-10T00:02:21Z" lon="72.8311531" version="1" visible="true" uid="1" user="OSMnx" id="2178056750" lat="18.9219085" changeset="1" /><node timestamp="2026-04-10T00:02:21Z" lon="72.8317089" version="1" visible="true" uid="1" user="OSMnx" id="2178056752" lat="18.9233133" changeset="1" /><node timestamp="2026-04-10T00:02:21Z" lon="72.8319158" version="1" visible="true" uid="1" user="OSMnx" id="2178056755" lat="18.9239181" changeset="1" /><node timestamp="2026-04-10T00:02:21Z" lon="72.813585" version="1" visible="true" uid="1" user="OSMnx" id="2241842000" lat="18.8971988" changeset="1" /><node timestamp="2026-04-10T00:02:21Z" lon="72.8134199" version="1" visible="true" uid="1" user="OSMnx" id="2241842004" lat="18.8973056" changeset="1" /><node timestamp="2026-04-10T00:02:21Z" lon="72.8098802" version="1" visible="true" uid="1" user="OSMnx" id="2241842009" lat="18.8973967" changeset="1" /><node timestamp="2026-04-10T00:02:21Z" lon="72.8130861" version="1" visible="true" uid="1" user="OSMnx" id="2241842012" lat="18.8974352" changeset="1" /><node timestamp="2026-04-10T00:02:21Z" lon="72.8124177" version="1" visible="true" uid="1" user="OSMnx" id="2241842017" lat="18.8977689" changeset="1" /><node timestamp="2026-04-10T00:02:21Z" lon="72.8090892" version="1" visible="true" uid="1" user="OSMnx" id="2241842019" lat="18.8977064" changeset="1" /><node timestamp="2026-04-10T00:02:21Z" lon="72.811138" version="1" visible="true" uid="1" user="OSMnx" id="2241842021" lat="18.897911" changeset="1" /><node timestamp="2026-04-10T00:02:21Z" lon="72.8138909" version="1" visible="true" uid="1" user="OSMnx" id="2241842023" lat="18.8979039" changeset="1" /><node timestamp="2026-04-10T00:02:21Z" lon="72.809295" version="1" visible="true" uid="1" user="OSMnx" id="2241842025" lat="18.8981303" changeset="1" /><node timestamp="2026-04-10T00:02:21Z" lon="72.8142097" version="1" visible="true" uid="1" user="OSMnx" id="2241842073" lat="18.9004618" changeset="1" /><node timestamp="2026-04-10T00:02:21Z" lon="72.8092588" version="1" visible="true" uid="1" user="OSMnx" id="2241842103" lat="18.9020069" changeset="1" /><node timestamp="2026-04-10T00:02:21Z" lon="72.8100909" version="1" visible="true" uid="1" user="OSMnx" id="2241842105" lat="18.902021" changeset="1" /><node timestamp="2026-04-10T00:02:21Z" lon="72.8150116" version="1" visible="true" uid="1" user="OSMnx" id="2241842117" lat="18.9023973" changeset="1" /><node timestamp="2026-04-10T00:02:21Z" lon="72.8074672" version="1" visible="true" uid="1" user="OSMnx" id="2241842120" lat="18.9024344" changeset="1" /><node timestamp="2026-04-10T00:02:21Z" lon="72.8082552" version="1" visible="true" uid="1" user="OSMnx" id="2241842124" lat="18.9024564" changeset="1" /><node timestamp="2026-04-10T00:02:21Z" lon="72.8142004" version="1" visible="true" uid="1" user="OSMnx" id="2241842136" lat="18.902693" changeset="1" /><node timestamp="2026-04-10T00:02:21Z" lon="72.814083" version="1" visible="true" uid="1" user="OSMnx" id="2241842138" lat="18.9027318" changeset="1" /><node timestamp="2026-04-10T00:02:21Z" lon="72.8138376" version="1" visible="true" uid="1" user="OSMnx" id="2241842140" lat="18.9028252" changeset="1" /><node timestamp="2026-04-10T00:02:21Z" lon="72.8074662" version="1" visible="true" uid="1" user="OSMnx" id="2241842144" lat="18.9029804" changeset="1" /><node timestamp="2026-04-10T00:02:21Z" lon="72.8172147" version="1" visible="true" uid="1" user="OSMnx" id="2241842158" lat="18.9035929" changeset="1" /><node timestamp="2026-04-10T00:02:21Z" lon="72.8081874" version="1" visible="true" uid="1" user="OSMnx" id="2241842167" lat="18.9038354" changeset="1" /><node timestamp="2026-04-10T00:02:21Z" lon="72.8156185" version="1" visible="true" uid="1" user="OSMnx" id="2241842169" lat="18.9039289" changeset="1" /><node timestamp="2026-04-10T00:02:21Z" lon="72.8144783" version="1" visible="true" uid="1" user="OSMnx" id="2241842170" lat="18.9041933" changeset="1" /><node timestamp="2026-04-10T00:02:21Z" lon="72.8094116" version="1" visible="true" uid="1" user="OSMnx" id="2241842172" lat="18.9047398" changeset="1" /><node timestamp="2026-04-10T00:02:21Z" lon="72.8093941" version="1" visible="true" uid="1" user="OSMnx" id="2241842176" lat="18.9049614" changeset="1" /><node timestamp="2026-04-10T00:02:21Z" lon="72.8071106" version="1" visible="true" uid="1" user="OSMnx" id="2241842186" lat="18.9052748" changeset="1" /><node timestamp="2026-04-10T00:02:21Z" lon="72.8093867" version="1" visible="true" uid="1" user="OSMnx" id="2241842191" lat="18.9054081" changeset="1" /><node timestamp="2026-04-10T00:02:21Z" lon="72.814747" version="1" visible="true" uid="1" user="OSMnx" id="2241842194" lat="18.9054435" changeset="1" /><node timestamp="2026-04-10T00:02:21Z" lon="72.8094102" version="1" visible="true" uid="1" user="OSMnx" id="2241842201" lat="18.9056412" changeset="1" /><node timestamp="2026-04-10T00:02:21Z" lon="72.8094599" version="1" visible="true" uid="1" user="OSMnx" id="2241842204" lat="18.9057626" changeset="1" /><node timestamp="2026-04-10T00:02:21Z" lon="72.8091504" version="1" visible="true" uid="1" user="OSMnx" id="2241842208" lat="18.9060053" changeset="1" /><node timestamp="2026-04-10T00:02:21Z" lon="72.8091079" version="1" visible="true" uid="1" user="OSMnx" id="2241842210" lat="18.9060719" changeset="1" /><node timestamp="2026-04-10T00:02:21Z" lon="72.8090866" version="1" visible="true" uid="1" user="OSMnx" id="2241842211" lat="18.9061447" changeset="1" /><node timestamp="2026-04-10T00:02:21Z" lon="72.8114945" version="1" visible="true" uid="1" user="OSMnx" id="2241842215" lat="18.9061288" changeset="1" /><node timestamp="2026-04-10T00:02:21Z" lon="72.809634" version="1" visible="true" uid="1" user="OSMnx" id="2241842217" lat="18.9063173" changeset="1" /><node timestamp="2026-04-10T00:02:21Z" lon="72.8116026" version="1" visible="true" uid="1" user="OSMnx" id="2241842220" lat="18.9065607" changeset="1" /><node timestamp="2026-04-10T00:02:21Z" lon="72.8074196" version="1" visible="true" uid="1" user="OSMnx" id="2241842221" lat="18.9065661" changeset="1" /><node timestamp="2026-04-10T00:02:21Z" lon="72.8097112" version="1" visible="true" uid="1" user="OSMnx" id="2241842222" lat="18.9067701" changeset="1" /><node timestamp="2026-04-10T00:02:21Z" lon="72.8094843" version="1" visible="true" uid="1" user="OSMnx" id="2241842224" lat="18.9067827" changeset="1" /><node timestamp="2026-04-10T00:02:21Z" lon="72.8091782" version="1" visible="true" uid="1" user="OSMnx" id="2241842226" lat="18.9068183" changeset="1" /><node timestamp="2026-04-10T00:02:21Z" lon="72.8074793" version="1" visible="true" uid="1" user="OSMnx" id="2241842229" lat="18.9069306" changeset="1" /><node timestamp="2026-04-10T00:02:21Z" lon="72.809525" version="1" visible="true" uid="1" user="OSMnx" id="2241842231" lat="18.9069581" changeset="1" /><node timestamp="2026-04-10T00:02:21Z" lon="72.8081987" version="1" visible="true" uid="1" user="OSMnx" id="2241842233" lat="18.9069616" changeset="1" /><node timestamp="2026-04-10T00:02:21Z" lon="72.8126421" version="1" visible="true" uid="1" user="OSMnx" id="2241842235" lat="18.9069494" changeset="1" /><node timestamp="2026-04-10T00:02:21Z" lon="72.8169449" version="1" visible="true" uid="1" user="OSMnx" id="2241842244" lat="18.9071843" changeset="1" /><node timestamp="2026-04-10T00:02:21Z" lon="72.8082279" version="1" visible="true" uid="1" user="OSMnx" id="2241842247" lat="18.9071482" changeset="1" /><node timestamp="2026-04-10T00:02:21Z" lon="72.8075284" version="1" visible="true" uid="1" user="OSMnx" id="2241842249" lat="18.9072595" changeset="1" /><node timestamp="2026-04-10T00:02:21Z" lon="72.809977" version="1" visible="true" uid="1" user="OSMnx" id="2241842253" lat="18.9075209" changeset="1" /><node timestamp="2026-04-10T00:02:21Z" lon="72.8177431" version="1" visible="true" uid="1" user="OSMnx" id="2241842260" lat="18.9080163" changeset="1" /><node timestamp="2026-04-10T00:02:21Z" lon="72.8142024" version="1" visible="true" uid="1" user="OSMnx" id="2241842263" lat="18.9083523" changeset="1" /><node timestamp="2026-04-10T00:02:21Z" lon="72.8140926" version="1" visible="true" uid="1" user="OSMnx" id="2241842279" lat="18.9088871" changeset="1" /><node timestamp="2026-04-10T00:02:21Z" lon="72.8118674" version="1" visible="true" uid="1" user="OSMnx" id="2241842280" lat="18.9088899" changeset="1" /><node timestamp="2026-04-10T00:02:21Z" lon="72.8141433" version="1" visible="true" uid="1" user="OSMnx" id="2241842283" lat="18.9088964" changeset="1" /><node timestamp="2026-04-10T00:02:21Z" lon="72.8133934" version="1" visible="true" uid="1" user="OSMnx" id="2241842285" lat="18.9089902" changeset="1" /><node timestamp="2026-04-10T00:02:21Z" lon="72.8135143" version="1" visible="true" uid="1" user="OSMnx" id="2241842289" lat="18.9091496" changeset="1" /><node timestamp="2026-04-10T00:02:21Z" lon="72.8111313" version="1" visible="true" uid="1" user="OSMnx" id="2241842291" lat="18.9091986" changeset="1" /><node timestamp="2026-04-10T00:02:21Z" lon="72.8120441" version="1" visible="true" uid="1" user="OSMnx" id="2241842297" lat="18.9092446" changeset="1" /><node timestamp="2026-04-10T00:02:21Z" lon="72.8140558" version="1" visible="true" uid="1" user="OSMnx" id="2241842299" lat="18.909274" changeset="1" /><node timestamp="2026-04-10T00:02:21Z" lon="72.8180141" version="1" visible="true" uid="1" user="OSMnx" id="2241842306" lat="18.9095911" changeset="1" /><node timestamp="2026-04-10T00:02:21Z" lon="72.8122519" version="1" visible="true" uid="1" user="OSMnx" id="2241842308" lat="18.9096334" changeset="1" /><node timestamp="2026-04-10T00:02:21Z" lon="72.8173648" version="1" visible="true" uid="1" user="OSMnx" id="2241842315" lat="18.909662" changeset="1" /><node timestamp="2026-04-10T00:02:21Z" lon="72.8124994" version="1" visible="true" uid="1" user="OSMnx" id="2241842321" lat="18.9099584" changeset="1" /><node timestamp="2026-04-10T00:02:21Z" lon="72.8186815" version="1" visible="true" uid="1" user="OSMnx" id="2241842327" lat="18.9102682" changeset="1" /><node timestamp="2026-04-10T00:02:21Z" lon="72.8128289" version="1" visible="true" uid="1" user="OSMnx" id="2241842330" lat="18.9104387" changeset="1" /><node timestamp="2026-04-10T00:02:21Z" lon="72.8193144" version="1" visible="true" uid="1" user="OSMnx" id="2241842336" lat="18.9104804" changeset="1" /><node timestamp="2026-04-10T00:02:21Z" lon="72.818274" version="1" visible="true" uid="1" user="OSMnx" id="2241842344" lat="18.9105653" changeset="1" /><node timestamp="2026-04-10T00:02:21Z" lon="72.8191028" version="1" visible="true" uid="1" user="OSMnx" id="2241842346" lat="18.9106648" changeset="1" /><node timestamp="2026-04-10T00:02:21Z" lon="72.8205552" version="1" visible="true" uid="1" user="OSMnx" id="2241842349" lat="18.9108119" changeset="1" /><node timestamp="2026-04-10T00:02:21Z" lon="72.8202445" version="1" visible="true" uid="1" user="OSMnx" id="2241842358" lat="18.9109973" changeset="1" /><node timestamp="2026-04-10T00:02:21Z" lon="72.8108614" version="1" visible="true" uid="1" user="OSMnx" id="2241842360" lat="18.9113162" changeset="1" /><node timestamp="2026-04-10T00:02:21Z" lon="72.809421" version="1" visible="true" uid="1" user="OSMnx" id="2241842382" lat="18.9116814" changeset="1" /><node timestamp="2026-04-10T00:02:21Z" lon="72.8111596" version="1" visible="true" uid="1" user="OSMnx" id="2241842386" lat="18.9115365" changeset="1" /><node timestamp="2026-04-10T00:02:21Z" lon="72.8213868" version="1" visible="true" uid="1" user="OSMnx" id="2241842388" lat="18.9117235" changeset="1" /><node timestamp="2026-04-10T00:02:21Z" lon="72.8195784" version="1" visible="true" uid="1" user="OSMnx" id="2241842390" lat="18.9118405" changeset="1" /><node timestamp="2026-04-10T00:02:21Z" lon="72.8237085" version="1" visible="true" uid="1" user="OSMnx" id="2241842414" lat="18.912406" changeset="1" /><node timestamp="2026-04-10T00:02:21Z" lon="72.8231394" version="1" visible="true" uid="1" user="OSMnx" id="2241842417" lat="18.9125965" changeset="1" /><node timestamp="2026-04-10T00:02:21Z" lon="72.8233653" version="1" visible="true" uid="1" user="OSMnx" id="2241842421" lat="18.912773" changeset="1" /><node timestamp="2026-04-10T00:02:21Z" lon="72.808124" version="1" visible="true" uid="1" user="OSMnx" id="2241842424" lat="18.9128697" changeset="1" /><node timestamp="2026-04-10T00:02:21Z" lon="72.8163868" version="1" visible="true" uid="1" user="OSMnx" id="2241842425" lat="18.9128909" changeset="1" /><node timestamp="2026-04-10T00:02:21Z" lon="72.8162988" version="1" visible="true" uid="1" user="OSMnx" id="2241842427" lat="18.9129774" changeset="1" /><node timestamp="2026-04-10T00:02:21Z" lon="72.824248" version="1" visible="true" uid="1" user="OSMnx" id="2241842483" lat="18.9144585" changeset="1" /><node timestamp="2026-04-10T00:02:21Z" lon="72.8238715" version="1" visible="true" uid="1" user="OSMnx" id="2241842517" lat="18.914932" changeset="1" /><node timestamp="2026-04-10T00:02:21Z" lon="72.8205964" version="1" visible="true" uid="1" user="OSMnx" id="2241842525" lat="18.9151931" changeset="1" /><node timestamp="2026-04-10T00:02:21Z" lon="72.8236484" version="1" visible="true" uid="1" user="OSMnx" id="2241842528" lat="18.9152495" changeset="1" /><node timestamp="2026-04-10T00:02:21Z" lon="72.8242004" version="1" visible="true" uid="1" user="OSMnx" id="2241842532" lat="18.9152491" changeset="1" /><node timestamp="2026-04-10T00:02:21Z" lon="72.8178444" version="1" visible="true" uid="1" user="OSMnx" id="2241842536" lat="18.9154574" changeset="1" /><node timestamp="2026-04-10T00:02:21Z" lon="72.8248428" version="1" visible="true" uid="1" user="OSMnx" id="2241842548" lat="18.9155335" changeset="1" /><node timestamp="2026-04-10T00:02:21Z" lon="72.8238044" version="1" visible="true" uid="1" user="OSMnx" id="2241842563" lat="18.9159345" changeset="1" /><node timestamp="2026-04-10T00:02:21Z" lon="72.8242803" version="1" visible="true" uid="1" user="OSMnx" id="2241842565" lat="18.9160189" changeset="1" /><node timestamp="2026-04-10T00:02:21Z" lon="72.8265398" version="1" visible="true" uid="1" user="OSMnx" id="2241842567" lat="18.9162281" changeset="1" /><node timestamp="2026-04-10T00:02:21Z" lon="72.8293046" version="1" visible="true" uid="1" user="OSMnx" id="2241842570" lat="18.9162331" changeset="1" /><node timestamp="2026-04-10T00:02:21Z" lon="72.8299295" version="1" visible="true" uid="1" user="OSMnx" id="2241842572" lat="18.9162852" changeset="1" /><node timestamp="2026-04-10T00:02:21Z" lon="72.819072" version="1" visible="true" uid="1" user="OSMnx" id="2241842577" lat="18.9163268" changeset="1" /><node timestamp="2026-04-10T00:02:21Z" lon="72.8267231" version="1" visible="true" uid="1" user="OSMnx" id="2241842582" lat="18.9164199" changeset="1" /><node timestamp="2026-04-10T00:02:21Z" lon="72.8269066" version="1" visible="true" uid="1" user="OSMnx" id="2241842588" lat="18.9166282" changeset="1" /><node timestamp="2026-04-10T00:02:21Z" lon="72.8305138" version="1" visible="true" uid="1" user="OSMnx" id="2241842592" lat="18.9167459" changeset="1" /><node timestamp="2026-04-10T00:02:21Z" lon="72.8300323" version="1" visible="true" uid="1" user="OSMnx" id="2241842595" lat="18.9168216" changeset="1" /><node timestamp="2026-04-10T00:02:21Z" lon="72.8295099" version="1" visible="true" uid="1" user="OSMnx" id="2241842598" lat="18.9169366" changeset="1" /><node timestamp="2026-04-10T00:02:21Z" lon="72.8287486" version="1" visible="true" uid="1" user="OSMnx" id="2241842636" lat="18.9175027" changeset="1" /><node timestamp="2026-04-10T00:02:21Z" lon="72.8282862" version="1" visible="true" uid="1" user="OSMnx" id="2241842637" lat="18.9176405" changeset="1" /><node timestamp="2026-04-10T00:02:21Z" lon="72.8289451" version="1" visible="true" uid="1" user="OSMnx" id="2241842640" lat="18.9176702" changeset="1" /><node timestamp="2026-04-10T00:02:21Z" lon="72.8263123" version="1" visible="true" uid="1" user="OSMnx" id="2241842642" lat="18.9176881" changeset="1" /><node timestamp="2026-04-10T00:02:21Z" lon="72.8292854" version="1" visible="true" uid="1" user="OSMnx" id="2241842655" lat="18.9179582" changeset="1" /><node timestamp="2026-04-10T00:02:21Z" lon="72.8266613" version="1" visible="true" uid="1" user="OSMnx" id="2241842664" lat="18.9180715" changeset="1" /><node timestamp="2026-04-10T00:02:21Z" lon="72.828368" version="1" visible="true" uid="1" user="OSMnx" id="2241842676" lat="18.9182923" changeset="1" /><node timestamp="2026-04-10T00:02:21Z" lon="72.8314845" version="1" visible="true" uid="1" user="OSMnx" id="2241842686" lat="18.9184098" changeset="1" /><node timestamp="2026-04-10T00:02:21Z" lon="72.8294737" version="1" visible="true" uid="1" user="OSMnx" id="2241842689" lat="18.9183631" changeset="1" /><node timestamp="2026-04-10T00:02:21Z" lon="72.8269652" version="1" visible="true" uid="1" user="OSMnx" id="2241842691" lat="18.9184" changeset="1" /><node timestamp="2026-04-10T00:02:21Z" lon="72.8287308" version="1" visible="true" uid="1" user="OSMnx" id="2241842701" lat="18.9186086" changeset="1" /><node timestamp="2026-04-10T00:02:21Z" lon="72.8314389" version="1" visible="true" uid="1" user="OSMnx" id="2241842709" lat="18.919502" changeset="1" /><node timestamp="2026-04-10T00:02:21Z" lon="72.8275329" version="1" visible="true" uid="1" user="OSMnx" id="2241842712" lat="18.9196241" changeset="1" /><node timestamp="2026-04-10T00:02:21Z" lon="72.8322229" version="1" visible="true" uid="1" user="OSMnx" id="2241842732" lat="18.9201892" changeset="1" /><node timestamp="2026-04-10T00:02:21Z" lon="72.8268271" version="1" visible="true" uid="1" user="OSMnx" id="2241842757" lat="18.9238082" changeset="1" /><node timestamp="2026-04-10T00:02:21Z" lon="72.8269514" version="1" visible="true" uid="1" user="OSMnx" id="2241842815" lat="18.9250738" changeset="1" /><node timestamp="2026-04-10T00:02:21Z" lon="72.8241232" version="1" visible="true" uid="1" user="OSMnx" id="2241842819" lat="18.9254647" changeset="1" /><node timestamp="2026-04-10T00:02:21Z" lon="72.8262259" version="1" visible="true" uid="1" user="OSMnx" id="2241842840" lat="18.9261406" changeset="1" /><node timestamp="2026-04-10T00:02:21Z" lon="72.822066" version="1" visible="true" uid="1" user="OSMnx" id="2241842857" lat="18.9268849" changeset="1" /><node timestamp="2026-04-10T00:02:21Z" lon="72.8276833" version="1" visible="true" uid="1" user="OSMnx" id="2241842873" lat="18.9285221" changeset="1" /><node timestamp="2026-04-10T00:02:21Z" lon="72.8253246" version="1" visible="true" uid="1" user="OSMnx" id="2241842882" lat="18.9287206" changeset="1" /><node timestamp="2026-04-10T00:02:21Z" lon="72.8226532" version="1" visible="true" uid="1" user="OSMnx" id="2241842896" lat="18.9291825" changeset="1" /><node timestamp="2026-04-10T00:02:21Z" lon="72.8277408" version="1" visible="true" uid="1" user="OSMnx" id="2241842925" lat="18.9297226" changeset="1" /><node timestamp="2026-04-10T00:02:21Z" lon="72.8231122" version="1" visible="true" uid="1" user="OSMnx" id="2241842939" lat="18.9299838" changeset="1" /><node timestamp="2026-04-10T00:02:21Z" lon="72.822165" version="1" visible="true" uid="1" user="OSMnx" id="2241842942" lat="18.9299864" changeset="1" /><node timestamp="2026-04-10T00:02:21Z" lon="72.8261558" version="1" visible="true" uid="1" user="OSMnx" id="2241842947" lat="18.9303143" changeset="1" /><node timestamp="2026-04-10T00:02:21Z" lon="72.8267448" version="1" visible="true" uid="1" user="OSMnx" id="2241842948" lat="18.9301161" changeset="1" /><node timestamp="2026-04-10T00:02:21Z" lon="72.8227994" version="1" visible="true" uid="1" user="OSMnx" id="2241842949" lat="18.9301387" changeset="1" /><node timestamp="2026-04-10T00:02:21Z" lon="72.8262006" version="1" visible="true" uid="1" user="OSMnx" id="2241842966" lat="18.9303732" changeset="1" /><node timestamp="2026-04-10T00:02:21Z" lon="72.8273493" version="1" visible="true" uid="1" user="OSMnx" id="2241842972" lat="18.93044" changeset="1" /><node timestamp="2026-04-10T00:02:21Z" lon="72.8254075" version="1" visible="true" uid="1" user="OSMnx" id="2241842980" lat="18.9306465" changeset="1" /><node timestamp="2026-04-10T00:02:21Z" lon="72.8264436" version="1" visible="true" uid="1" user="OSMnx" id="2241842985" lat="18.9307871" changeset="1" /><node timestamp="2026-04-10T00:02:21Z" lon="72.8225978" version="1" visible="true" uid="1" user="OSMnx" id="2241842987" lat="18.9307979" changeset="1" /><node timestamp="2026-04-10T00:02:21Z" lon="72.8227489" version="1" visible="true" uid="1" user="OSMnx" id="2241842995" lat="18.9311044" changeset="1" /><node timestamp="2026-04-10T00:02:21Z" lon="72.8234599" version="1" visible="true" uid="1" user="OSMnx" id="2241843000" lat="18.9313778" changeset="1" /><node timestamp="2026-04-10T00:02:21Z" lon="72.8281915" version="1" visible="true" uid="1" user="OSMnx" id="2241843006" lat="18.9317794" changeset="1" /><node timestamp="2026-04-10T00:02:21Z" lon="72.8321973" version="1" visible="true" uid="1" user="OSMnx" id="2242540243" lat="18.9211461" changeset="1" /><node timestamp="2026-04-10T00:02:21Z" lon="72.8314696" version="1" visible="true" uid="1" user="OSMnx" id="2242540244" lat="18.9217213" changeset="1" /><node timestamp="2026-04-10T00:02:21Z" lon="72.8326791" version="1" visible="true" uid="1" user="OSMnx" id="2242540245" lat="18.9221905" changeset="1" /><node timestamp="2026-04-10T00:02:21Z" lon="72.8319753" version="1" visible="true" uid="1" user="OSMnx" id="2242540246" lat="18.922181" changeset="1" /><node timestamp="2026-04-10T00:02:21Z" lon="72.8317086" version="1" visible="true" uid="1" user="OSMnx" id="2242540247" lat="18.9222918" changeset="1" /><node timestamp="2026-04-10T00:02:21Z" lon="72.8280127" version="1" visible="true" uid="1" user="OSMnx" id="2242540256" lat="18.9253952" changeset="1" /><node timestamp="2026-04-10T00:02:21Z" lon="72.8269806" version="1" visible="true" uid="1" user="OSMnx" id="2242540258" lat="18.9254258" changeset="1" /><node timestamp="2026-04-10T00:02:21Z" lon="72.8270013" version="1" visible="true" uid="1" user="OSMnx" id="2242540262" lat="18.9257219" changeset="1" /><node timestamp="2026-04-10T00:02:21Z" lon="72.8270208" version="1" visible="true" uid="1" user="OSMnx" id="2242540265" lat="18.9260007" changeset="1" /><node timestamp="2026-04-10T00:02:21Z" lon="72.8275216" version="1" visible="true" uid="1" user="OSMnx" id="2242540269" lat="18.9264116" changeset="1" /><node timestamp="2026-04-10T00:02:21Z" lon="72.8276253" version="1" visible="true" uid="1" user="OSMnx" id="2242540271" lat="18.9265755" changeset="1" /><node timestamp="2026-04-10T00:02:21Z" lon="72.8280848" version="1" visible="true" uid="1" user="OSMnx" id="2242540274" lat="18.9275283" changeset="1" /><node timestamp="2026-04-10T00:02:21Z" lon="72.8338017" version="1" visible="true" uid="1" user="OSMnx" id="2439477058" lat="18.9234246" changeset="1" /><node timestamp="2026-04-10T00:02:21Z" lon="72.8337621" version="1" visible="true" uid="1" user="OSMnx" id="2439477062" lat="18.9234758" changeset="1" /><node timestamp="2026-04-10T00:02:21Z" lon="72.8326881" version="1" visible="true" uid="1" user="OSMnx" id="2439477064" lat="18.9248291" changeset="1" /><node timestamp="2026-04-10T00:02:21Z" lon="72.8325514" version="1" visible="true" uid="1" user="OSMnx" id="2439477079" lat="18.9249467" changeset="1" /><node timestamp="2026-04-10T00:02:21Z" lon="72.8310919" version="1" visible="true" uid="1" user="OSMnx" id="2446246178" lat="18.932553" changeset="1" /><node timestamp="2026-04-10T00:02:21Z" lon="72.8164503" version="1" visible="true" uid="1" user="OSMnx" id="2663548229" lat="18.9072044" changeset="1" /><node timestamp="2026-04-10T00:02:21Z" lon="72.8157679" version="1" visible="true" uid="1" user="OSMnx" id="2663548237" lat="18.9077983" changeset="1" /><node timestamp="2026-04-10T00:02:21Z" lon="72.8335905" version="1" visible="true" uid="1" user="OSMnx" id="3366416122" lat="18.9284428" changeset="1" /><node timestamp="2026-04-10T00:02:21Z" lon="72.8277343" version="1" visible="true" uid="1" user="OSMnx" id="3762234394" lat="18.9330106" changeset="1" /><node timestamp="2026-04-10T00:02:21Z" lon="72.8278158" version="1" visible="true" uid="1" user="OSMnx" id="3762234395" lat="18.9326585" changeset="1" /><node timestamp="2026-04-10T00:02:21Z" lon="72.8281538" version="1" visible="true" uid="1" user="OSMnx" id="3762234397" lat="18.9329513" changeset="1" /><node timestamp="2026-04-10T00:02:21Z" lon="72.8169304" version="1" visible="true" uid="1" user="OSMnx" id="3803004601" lat="18.9120676" changeset="1" /><node timestamp="2026-04-10T00:02:21Z" lon="72.8339363" version="1" visible="true" uid="1" user="OSMnx" id="3826284574" lat="18.9295447" changeset="1" /><node timestamp="2026-04-10T00:02:21Z" lon="72.8182375" version="1" visible="true" uid="1" user="OSMnx" id="4040016271" lat="18.915165" changeset="1" /><node timestamp="2026-04-10T00:02:21Z" lon="72.8189132" version="1" visible="true" uid="1" user="OSMnx" id="4041320770" lat="18.9148253" changeset="1" /><node timestamp="2026-04-10T00:02:21Z" lon="72.8211291" version="1" visible="true" uid="1" user="OSMnx" id="4044359300" lat="18.9158447" changeset="1" /><node timestamp="2026-04-10T00:02:21Z" lon="72.8205241" version="1" visible="true" uid="1" user="OSMnx" id="4044403809" lat="18.9151061" changeset="1" /><node timestamp="2026-04-10T00:02:21Z" lon="72.821935" version="1" visible="true" uid="1" user="OSMnx" id="4044476073" lat="18.912228" changeset="1" /><node timestamp="2026-04-10T00:02:21Z" lon="72.8218756" version="1" visible="true" uid="1" user="OSMnx" id="4044476074" lat="18.9129306" changeset="1" /><node timestamp="2026-04-10T00:02:21Z" lon="72.8219351" version="1" visible="true" uid="1" user="OSMnx" id="4047176679" lat="18.9152524" changeset="1" /><node timestamp="2026-04-10T00:02:21Z" lon="72.818233" version="1" visible="true" uid="1" user="OSMnx" id="4047362134" lat="18.9169508" changeset="1" /><node timestamp="2026-04-10T00:02:21Z" lon="72.8251938" version="1" visible="true" uid="1" user="OSMnx" id="4048579846" lat="18.915073" changeset="1" /><node timestamp="2026-04-10T00:02:21Z" lon="72.817791" version="1" visible="true" uid="1" user="OSMnx" id="4048772482" lat="18.9164779" changeset="1" /><node timestamp="2026-04-10T00:02:21Z" lon="72.8184699" version="1" visible="true" uid="1" user="OSMnx" id="4048772484" lat="18.9151499" changeset="1" /><node timestamp="2026-04-10T00:02:21Z" lon="72.8234481" version="1" visible="true" uid="1" user="OSMnx" id="4050185213" lat="18.9270232" changeset="1" /><node timestamp="2026-04-10T00:02:21Z" lon="72.8211311" version="1" visible="true" uid="1" user="OSMnx" id="4050193893" lat="18.9286939" changeset="1" /><node timestamp="2026-04-10T00:02:21Z" lon="72.8182536" version="1" visible="true" uid="1" user="OSMnx" id="4099638627" lat="18.915153" changeset="1" /><node timestamp="2026-04-10T00:02:21Z" lon="72.8317768" version="1" visible="true" uid="1" user="OSMnx" id="4099692991" lat="18.9255838" changeset="1" /><node timestamp="2026-04-10T00:02:21Z" lon="72.8320291" version="1" visible="true" uid="1" user="OSMnx" id="4099692992" lat="18.9254329" changeset="1" /><node timestamp="2026-04-10T00:02:21Z" lon="72.8324551" version="1" visible="true" uid="1" user="OSMnx" id="4099692995" lat="18.9251136" changeset="1" /><node timestamp="2026-04-10T00:02:21Z" lon="72.8313554" version="1" visible="true" uid="1" user="OSMnx" id="4099754310" lat="18.9283345" changeset="1"><tag k="highway" v="traffic_signals" /></node><node timestamp="2026-04-10T00:02:21Z" lon="72.8137952" version="1" visible="true" uid="1" user="OSMnx" id="4233118261" lat="18.8974405" changeset="1" /><node timestamp="2026-04-10T00:02:21Z" lon="72.8129181" version="1" visible="true" uid="1" user="OSMnx" id="4233118262" lat="18.8975012" changeset="1" /><node timestamp="2026-04-10T00:02:21Z" lon="72.813627" version="1" visible="true" uid="1" user="OSMnx" id="4233118263" lat="18.8975525" changeset="1" /><node timestamp="2026-04-10T00:02:21Z" lon="72.8131878" version="1" visible="true" uid="1" user="OSMnx" id="4233118264" lat="18.8978471" changeset="1" /><node timestamp="2026-04-10T00:02:21Z" lon="72.8127133" version="1" visible="true" uid="1" user="OSMnx" id="4233118265" lat="18.8981995" changeset="1" /><node timestamp="2026-04-10T00:02:21Z" lon="72.809316" version="1" visible="true" uid="1" user="OSMnx" id="4233118272" lat="18.9014334" changeset="1" /><node timestamp="2026-04-10T00:02:21Z" lon="72.8101339" version="1" visible="true" uid="1" user="OSMnx" id="4233118273" lat="18.9014435" changeset="1" /><node timestamp="2026-04-10T00:02:21Z" lon="72.8149477" version="1" visible="true" uid="1" user="OSMnx" id="4233118278" lat="18.9022348" changeset="1" /><node timestamp="2026-04-10T00:02:21Z" lon="72.8070448" version="1" visible="true" uid="1" user="OSMnx" id="4233118287" lat="18.905175" changeset="1" /><node timestamp="2026-04-10T00:02:21Z" lon="72.8076429" version="1" visible="true" uid="1" user="OSMnx" id="4233119190" lat="18.905496" changeset="1" /><node timestamp="2026-04-10T00:02:21Z" lon="72.8077274" version="1" visible="true" uid="1" user="OSMnx" id="4233119191" lat="18.9054972" changeset="1" /><node timestamp="2026-04-10T00:02:21Z" lon="72.8079715" version="1" visible="true" uid="1" user="OSMnx" id="4233119193" lat="18.9055956" changeset="1" /><node timestamp="2026-04-10T00:02:21Z" lon="72.8074243" version="1" visible="true" uid="1" user="OSMnx" id="4233119194" lat="18.9057471" changeset="1" /><node timestamp="2026-04-10T00:02:21Z" lon="72.8080521" version="1" visible="true" uid="1" user="OSMnx" id="4233119196" lat="18.9061604" changeset="1" /><node timestamp="2026-04-10T00:02:21Z" lon="72.8077569" version="1" visible="true" uid="1" user="OSMnx" id="4233119197" lat="18.9062249" changeset="1" /><node timestamp="2026-04-10T00:02:21Z" lon="72.8081373" version="1" visible="true" uid="1" user="OSMnx" id="4233119199" lat="18.9067005" changeset="1" /><node timestamp="2026-04-10T00:02:21Z" lon="72.8095122" version="1" visible="true" uid="1" user="OSMnx" id="4233119201" lat="18.9078512" changeset="1" /><node timestamp="2026-04-10T00:02:21Z" lon="72.8089678" version="1" visible="true" uid="1" user="OSMnx" id="4233119202" lat="18.9079401" changeset="1" /><node timestamp="2026-04-10T00:02:21Z" lon="72.8083946" version="1" visible="true" uid="1" user="OSMnx" id="4233119203" lat="18.9080208" changeset="1" /><node timestamp="2026-04-10T00:02:21Z" lon="72.810301" version="1" visible="true" uid="1" user="OSMnx" id="4233119205" lat="18.9080599" changeset="1" /><node timestamp="2026-04-10T00:02:21Z" lon="72.8098435" version="1" visible="true" uid="1" user="OSMnx" id="4233119206" lat="18.9084703" changeset="1" /><node timestamp="2026-04-10T00:02:21Z" lon="72.814722" version="1" visible="true" uid="1" user="OSMnx" id="4233119207" lat="18.9088402" changeset="1" /><node timestamp="2026-04-10T00:02:21Z" lon="72.8141054" version="1" visible="true" uid="1" user="OSMnx" id="4233119208" lat="18.9088246" changeset="1" /><node timestamp="2026-04-10T00:02:21Z" lon="72.814559" version="1" visible="true" uid="1" user="OSMnx" id="4233119209" lat="18.9089685" changeset="1" /><node timestamp="2026-04-10T00:02:21Z" lon="72.8097747" version="1" visible="true" uid="1" user="OSMnx" id="4233119210" lat="18.908538" changeset="1" /><node timestamp="2026-04-10T00:02:21Z" lon="72.8138952" version="1" visible="true" uid="1" user="OSMnx" id="4233119211" lat="18.9090117" changeset="1" /><node timestamp="2026-04-10T00:02:21Z" lon="72.8141043" version="1" visible="true" uid="1" user="OSMnx" id="4233119212" lat="18.9090648" changeset="1" /><node timestamp="2026-04-10T00:02:21Z" lon="72.8138396" version="1" visible="true" uid="1" user="OSMnx" id="4233119213" lat="18.9092243" changeset="1" /><node timestamp="2026-04-10T00:02:21Z" lon="72.8101036" version="1" visible="true" uid="1" user="OSMnx" id="4233119214" lat="18.909868" changeset="1" /><node timestamp="2026-04-10T00:02:21Z" lon="72.8138308" version="1" visible="true" uid="1" user="OSMnx" id="4233119216" lat="18.9095674" changeset="1" /><node timestamp="2026-04-10T00:02:21Z" lon="72.8106195" version="1" visible="true" uid="1" user="OSMnx" id="4233119219" lat="18.9099455" changeset="1" /><node timestamp="2026-04-10T00:02:21Z" lon="72.8106567" version="1" visible="true" uid="1" user="OSMnx" id="4233119221" lat="18.9100949" changeset="1" /><node timestamp="2026-04-10T00:02:21Z" lon="72.810291" version="1" visible="true" uid="1" user="OSMnx" id="4233119222" lat="18.910284" changeset="1" /><node timestamp="2026-04-10T00:02:21Z" lon="72.8079823" version="1" visible="true" uid="1" user="OSMnx" id="4233119223" lat="18.9114795" changeset="1" /><node timestamp="2026-04-10T00:02:21Z" lon="72.8104085" version="1" visible="true" uid="1" user="OSMnx" id="4233119225" lat="18.910475" changeset="1" /><node timestamp="2026-04-10T00:02:21Z" lon="72.8089947" version="1" visible="true" uid="1" user="OSMnx" id="4233119226" lat="18.9110013" changeset="1" /><node timestamp="2026-04-10T00:02:21Z" lon="72.8254924" version="1" visible="true" uid="1" user="OSMnx" id="4244274459" lat="18.9189054" changeset="1"><tag k="highway" v="traffic_signals" /></node><node timestamp="2026-04-10T00:02:21Z" lon="72.8257364" version="1" visible="true" uid="1" user="OSMnx" id="4244274460" lat="18.9194599" changeset="1" /><node timestamp="2026-04-10T00:02:21Z" lon="72.8260461" version="1" visible="true" uid="1" user="OSMnx" id="4244274461" lat="18.9203944" changeset="1" /><node timestamp="2026-04-10T00:02:21Z" lon="72.8262633" version="1" visible="true" uid="1" user="OSMnx" id="4244274462" lat="18.9209706" changeset="1"><tag k="highway" v="traffic_signals" /></node><node timestamp="2026-04-10T00:02:21Z" lon="72.8266508" version="1" visible="true" uid="1" user="OSMnx" id="4244274463" lat="18.9229718" changeset="1" /><node timestamp="2026-04-10T00:02:21Z" lon="72.8262803" version="1" visible="true" uid="1" user="OSMnx" id="4244274466" lat="18.921038" changeset="1"><tag k="highway" v="traffic_signals" /></node><node timestamp="2026-04-10T00:02:21Z" lon="72.8235615" version="1" visible="true" uid="1" user="OSMnx" id="4244274467" lat="18.9165378" changeset="1"><tag k="highway" v="traffic_signals" /></node><node timestamp="2026-04-10T00:02:21Z" lon="72.8229093" version="1" visible="true" uid="1" user="OSMnx" id="4244274468" lat="18.9157811" changeset="1" /><node timestamp="2026-04-10T00:02:21Z" lon="72.8222647" version="1" visible="true" uid="1" user="OSMnx" id="4244274469" lat="18.915033" changeset="1" /><node timestamp="2026-04-10T00:02:21Z" lon="72.8268237" version="1" visible="true" uid="1" user="OSMnx" id="4244306273" lat="18.9265786" changeset="1"><tag k="highway" v="traffic_signals" /></node><node timestamp="2026-04-10T00:02:21Z" lon="72.8269144" version="1" visible="true" uid="1" user="OSMnx" id="4244306274" lat="18.9265124" changeset="1"><tag k="highway" v="traffic_signals" /></node><node timestamp="2026-04-10T00:02:21Z" lon="72.8271623" version="1" visible="true" uid="1" user="OSMnx" id="4244306276" lat="18.9266152" changeset="1"><tag k="highway" v="traffic_signals" /></node><node timestamp="2026-04-10T00:02:21Z" lon="72.8265067" version="1" visible="true" uid="1" user="OSMnx" id="4244306277" lat="18.9262217" changeset="1" /><node timestamp="2026-04-10T00:02:21Z" lon="72.8211959" version="1" visible="true" uid="1" user="OSMnx" id="4244306278" lat="18.9259002" changeset="1" /><node timestamp="2026-04-10T00:02:21Z" lon="72.8152632" version="1" visible="true" uid="1" user="OSMnx" id="4307040265" lat="18.9060994" changeset="1" /><node timestamp="2026-04-10T00:02:21Z" lon="72.8150568" version="1" visible="true" uid="1" user="OSMnx" id="4307040267" lat="18.9063505" changeset="1" /><node timestamp="2026-04-10T00:02:21Z" lon="72.8145773" version="1" visible="true" uid="1" user="OSMnx" id="4307040268" lat="18.9064967" changeset="1" /><node timestamp="2026-04-10T00:02:21Z" lon="72.8147818" version="1" visible="true" uid="1" user="OSMnx" id="4307040270" lat="18.9065612" changeset="1" /><node timestamp="2026-04-10T00:02:21Z" lon="72.8147079" version="1" visible="true" uid="1" user="OSMnx" id="4307040271" lat="18.9066022" changeset="1" /><node timestamp="2026-04-10T00:02:21Z" lon="72.8147362" version="1" visible="true" uid="1" user="OSMnx" id="4307040272" lat="18.9066028" changeset="1" /><node timestamp="2026-04-10T00:02:21Z" lon="72.8146818" version="1" visible="true" uid="1" user="OSMnx" id="4307040273" lat="18.9066116" changeset="1" /><node timestamp="2026-04-10T00:02:21Z" lon="72.8148206" version="1" visible="true" uid="1" user="OSMnx" id="4307040275" lat="18.9066132" changeset="1" /><node timestamp="2026-04-10T00:02:21Z" lon="72.8147815" version="1" visible="true" uid="1" user="OSMnx" id="4307040277" lat="18.906633" changeset="1" /><node timestamp="2026-04-10T00:02:21Z" lon="72.8146497" version="1" visible="true" uid="1" user="OSMnx" id="4307040278" lat="18.9066537" changeset="1" /><node timestamp="2026-04-10T00:02:21Z" lon="72.8147917" version="1" visible="true" uid="1" user="OSMnx" id="4307040279" lat="18.906658" changeset="1" /><node timestamp="2026-04-10T00:02:21Z" lon="72.814791" version="1" visible="true" uid="1" user="OSMnx" id="4307040281" lat="18.906685" changeset="1" /><node timestamp="2026-04-10T00:02:21Z" lon="72.814658" version="1" visible="true" uid="1" user="OSMnx" id="4307040282" lat="18.906705" changeset="1" /><node timestamp="2026-04-10T00:02:21Z" lon="72.8147582" version="1" visible="true" uid="1" user="OSMnx" id="4307040286" lat="18.9067283" changeset="1" /><node timestamp="2026-04-10T00:02:21Z" lon="72.8147026" version="1" visible="true" uid="1" user="OSMnx" id="4307040287" lat="18.9067364" changeset="1" /><node timestamp="2026-04-10T00:02:21Z" lon="72.8148354" version="1" visible="true" uid="1" user="OSMnx" id="4307040289" lat="18.9067515" changeset="1" /><node timestamp="2026-04-10T00:02:21Z" lon="72.8147616" version="1" visible="true" uid="1" user="OSMnx" id="4307040290" lat="18.9067667" changeset="1" /><node timestamp="2026-04-10T00:02:21Z" lon="72.8149823" version="1" visible="true" uid="1" user="OSMnx" id="4307040292" lat="18.9069409" changeset="1" /><node timestamp="2026-04-10T00:02:21Z" lon="72.8090436" version="1" visible="true" uid="1" user="OSMnx" id="4307040294" lat="18.9073167" changeset="1" /><node timestamp="2026-04-10T00:02:21Z" lon="72.8087078" version="1" visible="true" uid="1" user="OSMnx" id="4307040295" lat="18.9073597" changeset="1" /><node timestamp="2026-04-10T00:02:21Z" lon="72.8089661" version="1" visible="true" uid="1" user="OSMnx" id="4307040297" lat="18.9074417" changeset="1" /><node timestamp="2026-04-10T00:02:21Z" lon="72.8087421" version="1" visible="true" uid="1" user="OSMnx" id="4307040298" lat="18.9074252" changeset="1" /><node timestamp="2026-04-10T00:02:21Z" lon="72.8088844" version="1" visible="true" uid="1" user="OSMnx" id="4307040299" lat="18.9074685" changeset="1" /><node timestamp="2026-04-10T00:02:21Z" lon="72.8088146" version="1" visible="true" uid="1" user="OSMnx" id="4307040300" lat="18.9074607" changeset="1" /><node timestamp="2026-04-10T00:02:21Z" lon="72.8172298" version="1" visible="true" uid="1" user="OSMnx" id="4307040305" lat="18.9095391" changeset="1" /><node timestamp="2026-04-10T00:02:21Z" lon="72.8173137" version="1" visible="true" uid="1" user="OSMnx" id="4307040309" lat="18.909705" changeset="1" /><node timestamp="2026-04-10T00:02:21Z" lon="72.818221" version="1" visible="true" uid="1" user="OSMnx" id="4307040318" lat="18.910604" changeset="1" /><node timestamp="2026-04-10T00:02:21Z" lon="72.8185717" version="1" visible="true" uid="1" user="OSMnx" id="4307040323" lat="18.9108343" changeset="1" /><node timestamp="2026-04-10T00:02:21Z" lon="72.8185" version="1" visible="true" uid="1" user="OSMnx" id="4307040324" lat="18.9108527" changeset="1" /><node timestamp="2026-04-10T00:02:21Z" lon="72.8187655" version="1" visible="true" uid="1" user="OSMnx" id="4307040325" lat="18.9110633" changeset="1" /><node timestamp="2026-04-10T00:02:21Z" lon="72.8189766" version="1" visible="true" uid="1" user="OSMnx" id="4307040326" lat="18.9112627" changeset="1" /><node timestamp="2026-04-10T00:02:21Z" lon="72.8216748" version="1" visible="true" uid="1" user="OSMnx" id="4307040330" lat="18.9142414" changeset="1" /><node timestamp="2026-04-10T00:02:21Z" lon="72.8249212" version="1" visible="true" uid="1" user="OSMnx" id="4307040331" lat="18.9181324" changeset="1" /><node timestamp="2026-04-10T00:02:21Z" lon="72.8248568" version="1" visible="true" uid="1" user="OSMnx" id="4307040332" lat="18.9181984" changeset="1" /><node timestamp="2026-04-10T00:02:21Z" lon="72.8252484" version="1" visible="true" uid="1" user="OSMnx" id="4307040333" lat="18.9185003" changeset="1" /><node timestamp="2026-04-10T00:02:21Z" lon="72.8251492" version="1" visible="true" uid="1" user="OSMnx" id="4307040334" lat="18.9185231" changeset="1" /><node timestamp="2026-04-10T00:02:21Z" lon="72.8255515" version="1" visible="true" uid="1" user="OSMnx" id="4307040335" lat="18.9186576" changeset="1" /><node timestamp="2026-04-10T00:02:21Z" lon="72.8253852" version="1" visible="true" uid="1" user="OSMnx" id="4307040336" lat="18.9187566" changeset="1" /><node timestamp="2026-04-10T00:02:21Z" lon="72.8256595" version="1" visible="true" uid="1" user="OSMnx" id="4307040338" lat="18.9189501" changeset="1" /><node timestamp="2026-04-10T00:02:21Z" lon="72.8295059" version="1" visible="true" uid="1" user="OSMnx" id="4307040339" lat="18.9194577" changeset="1" /><node timestamp="2026-04-10T00:02:21Z" lon="72.8298254" version="1" visible="true" uid="1" user="OSMnx" id="4307040340" lat="18.919846" changeset="1" /><node timestamp="2026-04-10T00:02:21Z" lon="72.8302199" version="1" visible="true" uid="1" user="OSMnx" id="4307040341" lat="18.9204287" changeset="1" /><node timestamp="2026-04-10T00:02:21Z" lon="72.8305739" version="1" visible="true" uid="1" user="OSMnx" id="4307040342" lat="18.9209488" changeset="1" /><node timestamp="2026-04-10T00:02:21Z" lon="72.8268953" version="1" visible="true" uid="1" user="OSMnx" id="4307040343" lat="18.92107" changeset="1" /><node timestamp="2026-04-10T00:02:21Z" lon="72.8308395" version="1" visible="true" uid="1" user="OSMnx" id="4307040344" lat="18.9213827" changeset="1" /><node timestamp="2026-04-10T00:02:21Z" lon="72.8310701" version="1" visible="true" uid="1" user="OSMnx" id="4307040345" lat="18.921776" changeset="1" /><node timestamp="2026-04-10T00:02:21Z" lon="72.8311294" version="1" visible="true" uid="1" user="OSMnx" id="4307040346" lat="18.9218681" changeset="1"><tag k="highway" v="traffic_signals" /></node><node timestamp="2026-04-10T00:02:21Z" lon="72.8255115" version="1" visible="true" uid="1" user="OSMnx" id="4307040348" lat="18.9296405" changeset="1" /><node timestamp="2026-04-10T00:02:21Z" lon="72.8284066" version="1" visible="true" uid="1" user="OSMnx" id="4307040358" lat="18.9328892" changeset="1" /><node timestamp="2026-04-10T00:02:21Z" lon="72.8303955" version="1" visible="true" uid="1" user="OSMnx" id="4328236666" lat="18.9176707" changeset="1" /><node timestamp="2026-04-10T00:02:21Z" lon="72.8318897" version="1" visible="true" uid="1" user="OSMnx" id="4328236670" lat="18.9183869" changeset="1" /><node timestamp="2026-04-10T00:02:21Z" lon="72.8319383" version="1" visible="true" uid="1" user="OSMnx" id="4328236671" lat="18.9184423" changeset="1" /><node timestamp="2026-04-10T00:02:21Z" lon="72.8332482" version="1" visible="true" uid="1" user="OSMnx" id="4328236674" lat="18.9211338" changeset="1" /><node timestamp="2026-04-10T00:02:21Z" lon="72.8336477" version="1" visible="true" uid="1" user="OSMnx" id="4328236676" lat="18.9221997" changeset="1" /><node timestamp="2026-04-10T00:02:21Z" lon="72.8336719" version="1" visible="true" uid="1" user="OSMnx" id="4328236677" lat="18.9223089" changeset="1" /><node timestamp="2026-04-10T00:02:21Z" lon="72.8336464" version="1" visible="true" uid="1" user="OSMnx" id="4328236678" lat="18.9223697" changeset="1" /><node timestamp="2026-04-10T00:02:21Z" lon="72.8337228" version="1" visible="true" uid="1" user="OSMnx" id="4328236679" lat="18.9223774" changeset="1" /><node timestamp="2026-04-10T00:02:21Z" lon="72.8332709" version="1" visible="true" uid="1" user="OSMnx" id="4328236680" lat="18.9228328" changeset="1" /><node timestamp="2026-04-10T00:02:21Z" lon="72.8333299" version="1" visible="true" uid="1" user="OSMnx" id="4328236681" lat="18.9228759" changeset="1" /><node timestamp="2026-04-10T00:02:21Z" lon="72.8332239" version="1" visible="true" uid="1" user="OSMnx" id="4328236682" lat="18.9229153" changeset="1" /><node timestamp="2026-04-10T00:02:21Z" lon="72.8332412" version="1" visible="true" uid="1" user="OSMnx" id="4328236683" lat="18.9229659" changeset="1" /><node timestamp="2026-04-10T00:02:21Z" lon="72.8334117" version="1" visible="true" uid="1" user="OSMnx" id="4328236684" lat="18.9230967" changeset="1" /><node timestamp="2026-04-10T00:02:21Z" lon="72.8337684" version="1" visible="true" uid="1" user="OSMnx" id="4328236685" lat="18.9233656" changeset="1" /><node timestamp="2026-04-10T00:02:21Z" lon="72.8335815" version="1" visible="true" uid="1" user="OSMnx" id="4328255084" lat="18.9218842" changeset="1" /><node timestamp="2026-04-10T00:02:21Z" lon="72.8118239" version="1" visible="true" uid="1" user="OSMnx" id="4361196387" lat="18.9019706" changeset="1" /><node timestamp="2026-04-10T00:02:21Z" lon="72.808506" version="1" visible="true" uid="1" user="OSMnx" id="4361285723" lat="18.9084311" changeset="1" /><node timestamp="2026-04-10T00:02:21Z" lon="72.8090431" version="1" visible="true" uid="1" user="OSMnx" id="4361285724" lat="18.908637" changeset="1" /><node timestamp="2026-04-10T00:02:21Z" lon="72.8090898" version="1" visible="true" uid="1" user="OSMnx" id="4361285725" lat="18.9090781" changeset="1" /><node timestamp="2026-04-10T00:02:21Z" lon="72.8098388" version="1" visible="true" uid="1" user="OSMnx" id="4361285726" lat="18.9089704" changeset="1" /><node timestamp="2026-04-10T00:02:21Z" lon="72.8127555" version="1" visible="true" uid="1" user="OSMnx" id="4361285729" lat="18.9103138" changeset="1" /><node timestamp="2026-04-10T00:02:21Z" lon="72.812409" version="1" visible="true" uid="1" user="OSMnx" id="4361285731" lat="18.9078666" changeset="1" /><node timestamp="2026-04-10T00:02:21Z" lon="72.8136509" version="1" visible="true" uid="1" user="OSMnx" id="4361285732" lat="18.9097359" changeset="1" /><node timestamp="2026-04-10T00:02:21Z" lon="72.8209523" version="1" visible="true" uid="1" user="OSMnx" id="4361337140" lat="18.9098117" changeset="1" /><node timestamp="2026-04-10T00:02:21Z" lon="72.8207104" version="1" visible="true" uid="1" user="OSMnx" id="4361337141" lat="18.9109932" changeset="1" /><node timestamp="2026-04-10T00:02:21Z" lon="72.8212459" version="1" visible="true" uid="1" user="OSMnx" id="4361337142" lat="18.9106091" changeset="1" /><node timestamp="2026-04-10T00:02:21Z" lon="72.8235617" version="1" visible="true" uid="1" user="OSMnx" id="4361337143" lat="18.9129468" changeset="1" /><node timestamp="2026-04-10T00:02:21Z" lon="72.8270393" version="1" visible="true" uid="1" user="OSMnx" id="4361337144" lat="18.9132334" changeset="1" /><node timestamp="2026-04-10T00:02:21Z" lon="72.828134" version="1" visible="true" uid="1" user="OSMnx" id="4361337146" lat="18.9123516" changeset="1" /><node timestamp="2026-04-10T00:02:21Z" lon="72.8296608" version="1" visible="true" uid="1" user="OSMnx" id="4361337152" lat="18.9226644" changeset="1" /><node timestamp="2026-04-10T00:02:21Z" lon="72.8315656" version="1" visible="true" uid="1" user="OSMnx" id="4361337153" lat="18.9256036" changeset="1" /><node timestamp="2026-04-10T00:02:21Z" lon="72.8316198" version="1" visible="true" uid="1" user="OSMnx" id="4361337154" lat="18.925655" changeset="1" /><node timestamp="2026-04-10T00:02:21Z" lon="72.8316867" version="1" visible="true" uid="1" user="OSMnx" id="4361337155" lat="18.9257413" changeset="1" /><node timestamp="2026-04-10T00:02:21Z" lon="72.83174" version="1" visible="true" uid="1" user="OSMnx" id="4361337156" lat="18.9258502" changeset="1" /><node timestamp="2026-04-10T00:02:21Z" lon="72.8232693" version="1" visible="true" uid="1" user="OSMnx" id="4361337161" lat="18.9308957" changeset="1" /><node timestamp="2026-04-10T00:02:21Z" lon="72.8247821" version="1" visible="true" uid="1" user="OSMnx" id="4361337162" lat="18.9302723" changeset="1" /><node timestamp="2026-04-10T00:02:21Z" lon="72.8249303" version="1" visible="true" uid="1" user="OSMnx" id="4361337163" lat="18.9302222" changeset="1" /><node timestamp="2026-04-10T00:02:21Z" lon="72.8250536" version="1" visible="true" uid="1" user="OSMnx" id="4361337164" lat="18.9302046" changeset="1" /><node timestamp="2026-04-10T00:02:21Z" lon="72.8296851" version="1" visible="true" uid="1" user="OSMnx" id="4364271210" lat="18.929318" changeset="1" /><node timestamp="2026-04-10T00:02:21Z" lon="72.8091179" version="1" visible="true" uid="1" user="OSMnx" id="4364271239" lat="18.9063749" changeset="1" /><node timestamp="2026-04-10T00:02:21Z" lon="72.808979" version="1" visible="true" uid="1" user="OSMnx" id="4462576604" lat="18.9109692" changeset="1" /><node timestamp="2026-04-10T00:02:21Z" lon="72.827699" version="1" visible="true" uid="1" user="OSMnx" id="4602838891" lat="18.9157492" changeset="1" /><node timestamp="2026-04-10T00:02:21Z" lon="72.8090148" version="1" visible="true" uid="1" user="OSMnx" id="5246084529" lat="18.9083622" changeset="1" /><node timestamp="2026-04-10T00:02:21Z" lon="72.8247579" version="1" visible="true" uid="1" user="OSMnx" id="5907166289" lat="18.9291388" changeset="1" /><node timestamp="2026-04-10T00:02:21Z" lon="72.8250089" version="1" visible="true" uid="1" user="OSMnx" id="5907166295" lat="18.929108" changeset="1" /><node timestamp="2026-04-10T00:02:21Z" lon="72.8250181" version="1" visible="true" uid="1" user="OSMnx" id="5907166300" lat="18.9290622" changeset="1" /><node timestamp="2026-04-10T00:02:21Z" lon="72.8249933" version="1" visible="true" uid="1" user="OSMnx" id="5907166301" lat="18.9289762" changeset="1" /><node timestamp="2026-04-10T00:02:21Z" lon="72.824962" version="1" visible="true" uid="1" user="OSMnx" id="5907166302" lat="18.9289518" changeset="1" /><node timestamp="2026-04-10T00:02:21Z" lon="72.8249229" version="1" visible="true" uid="1" user="OSMnx" id="5907166303" lat="18.9289315" changeset="1" /><node timestamp="2026-04-10T00:02:21Z" lon="72.8248792" version="1" visible="true" uid="1" user="OSMnx" id="5907166304" lat="18.9289234" changeset="1" /><node timestamp="2026-04-10T00:02:21Z" lon="72.8247943" version="1" visible="true" uid="1" user="OSMnx" id="5907166305" lat="18.9289457" changeset="1" /><node timestamp="2026-04-10T00:02:21Z" lon="72.8314527" version="1" visible="true" uid="1" user="OSMnx" id="5997071710" lat="18.9268237" changeset="1" /><node timestamp="2026-04-10T00:02:21Z" lon="72.8314032" version="1" visible="true" uid="1" user="OSMnx" id="5997071711" lat="18.930194" changeset="1"><tag k="highway" v="traffic_signals" /></node><node timestamp="2026-04-10T00:02:21Z" lon="72.8297872" version="1" visible="true" uid="1" user="OSMnx" id="6081288560" lat="18.9284533" changeset="1" /><node timestamp="2026-04-10T00:02:21Z" lon="72.8297282" version="1" visible="true" uid="1" user="OSMnx" id="6081288561" lat="18.9283974" changeset="1" /><node timestamp="2026-04-10T00:02:21Z" lon="72.8312544" version="1" visible="true" uid="1" user="OSMnx" id="6601918284" lat="18.9323884" changeset="1" /><node timestamp="2026-04-10T00:02:21Z" lon="72.8312" version="1" visible="true" uid="1" user="OSMnx" id="6601941185" lat="18.9329319" changeset="1"><tag k="highway" v="traffic_signals" /></node><node timestamp="2026-04-10T00:02:21Z" lon="72.8298068" version="1" visible="true" uid="1" user="OSMnx" id="6602221629" lat="18.9320732" changeset="1" /><node timestamp="2026-04-10T00:02:21Z" lon="72.8296445" version="1" visible="true" uid="1" user="OSMnx" id="6602221630" lat="18.9324651" changeset="1" /><node timestamp="2026-04-10T00:02:21Z" lon="72.829733" version="1" visible="true" uid="1" user="OSMnx" id="6602221631" lat="18.9323078" changeset="1" /><node timestamp="2026-04-10T00:02:21Z" lon="72.8298993" version="1" visible="true" uid="1" user="OSMnx" id="6602221633" lat="18.9317687" changeset="1" /><node timestamp="2026-04-10T00:02:21Z" lon="72.8277899" version="1" visible="true" uid="1" user="OSMnx" id="6608759215" lat="18.9326024" changeset="1"><tag k="highway" v="traffic_signals" /></node><node timestamp="2026-04-10T00:02:21Z" lon="72.8278459" version="1" visible="true" uid="1" user="OSMnx" id="6608759216" lat="18.9324818" changeset="1" /><node timestamp="2026-04-10T00:02:21Z" lon="72.8279024" version="1" visible="true" uid="1" user="OSMnx" id="6608759218" lat="18.9324182" changeset="1" /><node timestamp="2026-04-10T00:02:21Z" lon="72.8280194" version="1" visible="true" uid="1" user="OSMnx" id="6608759219" lat="18.9323391" changeset="1" /><node timestamp="2026-04-10T00:02:21Z" lon="72.8354936" version="1" visible="true" uid="1" user="OSMnx" id="6616201986" lat="18.930436" changeset="1" /><node timestamp="2026-04-10T00:02:21Z" lon="72.8281599" version="1" visible="true" uid="1" user="OSMnx" id="6618261798" lat="18.9261286" changeset="1" /><node timestamp="2026-04-10T00:02:21Z" lon="72.8282538" version="1" visible="true" uid="1" user="OSMnx" id="6618261799" lat="18.9262047" changeset="1" /><node timestamp="2026-04-10T00:02:21Z" lon="72.8283584" version="1" visible="true" uid="1" user="OSMnx" id="6618261800" lat="18.9262504" changeset="1" /><node timestamp="2026-04-10T00:02:21Z" lon="72.8285431" version="1" visible="true" uid="1" user="OSMnx" id="6618261801" lat="18.9263099" changeset="1" /><node timestamp="2026-04-10T00:02:21Z" lon="72.8266984" version="1" visible="true" uid="1" user="OSMnx" id="6618316493" lat="18.9210187" changeset="1" /><node timestamp="2026-04-10T00:02:21Z" lon="72.826621" version="1" visible="true" uid="1" user="OSMnx" id="6618316494" lat="18.9210547" changeset="1" /><node timestamp="2026-04-10T00:02:21Z" lon="72.8265747" version="1" visible="true" uid="1" user="OSMnx" id="6618316495" lat="18.9211023" changeset="1" /><node timestamp="2026-04-10T00:02:21Z" lon="72.8265157" version="1" visible="true" uid="1" user="OSMnx" id="6618316496" lat="18.921181" changeset="1" /><node timestamp="2026-04-10T00:02:21Z" lon="72.8264862" version="1" visible="true" uid="1" user="OSMnx" id="6618316497" lat="18.9212368" changeset="1" /><node timestamp="2026-04-10T00:02:21Z" lon="72.8264406" version="1" visible="true" uid="1" user="OSMnx" id="6618316498" lat="18.9213129" changeset="1" /><node timestamp="2026-04-10T00:02:21Z" lon="72.8276999" version="1" visible="true" uid="1" user="OSMnx" id="6901521406" lat="18.917262" changeset="1" /><node timestamp="2026-04-10T00:02:21Z" lon="72.8078831" version="1" visible="true" uid="1" user="OSMnx" id="7229566236" lat="18.9055893" changeset="1" /><node timestamp="2026-04-10T00:02:21Z" lon="72.8078355" version="1" visible="true" uid="1" user="OSMnx" id="7229566237" lat="18.9055722" changeset="1" /><node timestamp="2026-04-10T00:02:21Z" lon="72.8080403" version="1" visible="true" uid="1" user="OSMnx" id="7229566251" lat="18.8977214" changeset="1" /><node timestamp="2026-04-10T00:02:21Z" lon="72.8078591" version="1" visible="true" uid="1" user="OSMnx" id="7229566252" lat="18.8978473" changeset="1" /><node timestamp="2026-04-10T00:02:21Z" lon="72.8077912" version="1" visible="true" uid="1" user="OSMnx" id="7229566253" lat="18.9024376" changeset="1" /><node timestamp="2026-04-10T00:02:21Z" lon="72.8079937" version="1" visible="true" uid="1" user="OSMnx" id="7229566255" lat="18.9057443" changeset="1" /><node timestamp="2026-04-10T00:02:21Z" lon="72.8093936" version="1" visible="true" uid="1" user="OSMnx" id="7229566256" lat="18.9055375" changeset="1" /><node timestamp="2026-04-10T00:02:21Z" lon="72.8126403" version="1" visible="true" uid="1" user="OSMnx" id="7237941516" lat="18.9060295" changeset="1" /><node timestamp="2026-04-10T00:02:21Z" lon="72.8123158" version="1" visible="true" uid="1" user="OSMnx" id="7237941518" lat="18.9060451" changeset="1" /><node timestamp="2026-04-10T00:02:21Z" lon="72.8297286" version="1" visible="true" uid="1" user="OSMnx" id="7238373728" lat="18.9271653" changeset="1" /><node timestamp="2026-04-10T00:02:21Z" lon="72.82972" version="1" visible="true" uid="1" user="OSMnx" id="7238373729" lat="18.926971" changeset="1" /><node timestamp="2026-04-10T00:02:21Z" lon="72.8297268" version="1" visible="true" uid="1" user="OSMnx" id="7238373730" lat="18.9268234" changeset="1" /><node timestamp="2026-04-10T00:02:21Z" lon="72.8294487" version="1" visible="true" uid="1" user="OSMnx" id="7238373731" lat="18.9263699" changeset="1" /><node timestamp="2026-04-10T00:02:21Z" lon="72.8291106" version="1" visible="true" uid="1" user="OSMnx" id="7238373732" lat="18.9263264" changeset="1" /><node timestamp="2026-04-10T00:02:21Z" lon="72.8281323" version="1" visible="true" uid="1" user="OSMnx" id="7238373733" lat="18.9269641" changeset="1" /><node timestamp="2026-04-10T00:02:21Z" lon="72.8300321" version="1" visible="true" uid="1" user="OSMnx" id="7238373734" lat="18.9153722" changeset="1" /><node timestamp="2026-04-10T00:02:21Z" lon="72.8136921" version="1" visible="true" uid="1" user="OSMnx" id="7301531870" lat="18.9028786" changeset="1" /><node timestamp="2026-04-10T00:02:21Z" lon="72.8135298" version="1" visible="true" uid="1" user="OSMnx" id="7301531872" lat="18.9028976" changeset="1" /><node timestamp="2026-04-10T00:02:21Z" lon="72.8127229" version="1" visible="true" uid="1" user="OSMnx" id="7301531873" lat="18.9029043" changeset="1" /><node timestamp="2026-04-10T00:02:21Z" lon="72.8148802" version="1" visible="true" uid="1" user="OSMnx" id="7302400533" lat="18.905977" changeset="1" /><node timestamp="2026-04-10T00:02:21Z" lon="72.827484" version="1" visible="true" uid="1" user="OSMnx" id="7345775399" lat="18.9285541" changeset="1" /><node timestamp="2026-04-10T00:02:21Z" lon="72.8255516" version="1" visible="true" uid="1" user="OSMnx" id="7345775405" lat="18.9299322" changeset="1" /><node timestamp="2026-04-10T00:02:21Z" lon="72.8249892" version="1" visible="true" uid="1" user="OSMnx" id="7345775406" lat="18.9302008" changeset="1" /><node timestamp="2026-04-10T00:02:21Z" lon="72.824197" version="1" visible="true" uid="1" user="OSMnx" id="7345775426" lat="18.9302863" changeset="1" /><node timestamp="2026-04-10T00:02:21Z" lon="72.8260356" version="1" visible="true" uid="1" user="OSMnx" id="7346067778" lat="18.9282852" changeset="1" /><node timestamp="2026-04-10T00:02:21Z" lon="72.8258881" version="1" visible="true" uid="1" user="OSMnx" id="7346067779" lat="18.9282497" changeset="1" /><node timestamp="2026-04-10T00:02:21Z" lon="72.826353" version="1" visible="true" uid="1" user="OSMnx" id="7349775238" lat="18.9286195" changeset="1" /><node timestamp="2026-04-10T00:02:21Z" lon="72.8339245" version="1" visible="true" uid="1" user="OSMnx" id="7350034024" lat="18.9286593" changeset="1" /><node timestamp="2026-04-10T00:02:21Z" lon="72.8339445" version="1" visible="true" uid="1" user="OSMnx" id="7350034025" lat="18.9285507" changeset="1" /><node timestamp="2026-04-10T00:02:21Z" lon="72.8313585" version="1" visible="true" uid="1" user="OSMnx" id="7350602914" lat="18.9310832" changeset="1" /><node timestamp="2026-04-10T00:02:21Z" lon="72.8313252" version="1" visible="true" uid="1" user="OSMnx" id="7350602915" lat="18.9316983" changeset="1" /><node timestamp="2026-04-10T00:02:21Z" lon="72.8339917" version="1" visible="true" uid="1" user="OSMnx" id="7350616483" lat="18.9322453" changeset="1" /><node timestamp="2026-04-10T00:02:21Z" lon="72.8339834" version="1" visible="true" uid="1" user="OSMnx" id="7350616484" lat="18.932169" changeset="1" /><node timestamp="2026-04-10T00:02:21Z" lon="72.8316991" version="1" visible="true" uid="1" user="OSMnx" id="7350616885" lat="18.9318106" changeset="1" /><node timestamp="2026-04-10T00:02:21Z" lon="72.8316991" version="1" visible="true" uid="1" user="OSMnx" id="7350616886" lat="18.9317547" changeset="1" /><node timestamp="2026-04-10T00:02:21Z" lon="72.834449" version="1" visible="true" uid="1" user="OSMnx" id="7350616887" lat="18.932389" changeset="1" /><node timestamp="2026-04-10T00:02:21Z" lon="72.8320216" version="1" visible="true" uid="1" user="OSMnx" id="7353554810" lat="18.9279282" changeset="1" /><node timestamp="2026-04-10T00:02:21Z" lon="72.8319383" version="1" visible="true" uid="1" user="OSMnx" id="7353554811" lat="18.9278269" changeset="1" /><node timestamp="2026-04-10T00:02:21Z" lon="72.8266183" version="1" visible="true" uid="1" user="OSMnx" id="7461994655" lat="18.9210155" changeset="1" /><node timestamp="2026-04-10T00:02:21Z" lon="72.8266284" version="1" visible="true" uid="1" user="OSMnx" id="7461994656" lat="18.9209296" changeset="1" /><node timestamp="2026-04-10T00:02:21Z" lon="72.8267437" version="1" visible="true" uid="1" user="OSMnx" id="7461994657" lat="18.9209488" changeset="1" /><node timestamp="2026-04-10T00:02:21Z" lon="72.8263592" version="1" visible="true" uid="1" user="OSMnx" id="7461994658" lat="18.9209445" changeset="1"><tag k="highway" v="traffic_signals" /></node><node timestamp="2026-04-10T00:02:21Z" lon="72.8267964" version="1" visible="true" uid="1" user="OSMnx" id="7461994659" lat="18.9209728" changeset="1" /><node timestamp="2026-04-10T00:02:21Z" lon="72.8266772" version="1" visible="true" uid="1" user="OSMnx" id="7461994660" lat="18.920933" changeset="1" /><node timestamp="2026-04-10T00:02:21Z" lon="72.8264852" version="1" visible="true" uid="1" user="OSMnx" id="7461994661" lat="18.9209198" changeset="1" /><node timestamp="2026-04-10T00:02:21Z" lon="72.8243726" version="1" visible="true" uid="1" user="OSMnx" id="7461994666" lat="18.9154822" changeset="1" /><node timestamp="2026-04-10T00:02:21Z" lon="72.8288001" version="1" visible="true" uid="1" user="OSMnx" id="7462923334" lat="18.932725" changeset="1" /><node timestamp="2026-04-10T00:02:21Z" lon="72.8293662" version="1" visible="true" uid="1" user="OSMnx" id="7462923336" lat="18.9326635" changeset="1" /><node timestamp="2026-04-10T00:02:21Z" lon="72.8282605" version="1" visible="true" uid="1" user="OSMnx" id="7462923338" lat="18.9320961" changeset="1" /><node timestamp="2026-04-10T00:02:21Z" lon="72.8299136" version="1" visible="true" uid="1" user="OSMnx" id="7462923339" lat="18.9320428" changeset="1" /><node timestamp="2026-04-10T00:02:21Z" lon="72.82996" version="1" visible="true" uid="1" user="OSMnx" id="7462923340" lat="18.932307" changeset="1" /><node timestamp="2026-04-10T00:02:21Z" lon="72.8296969" version="1" visible="true" uid="1" user="OSMnx" id="7462923344" lat="18.9283507" changeset="1" /><node timestamp="2026-04-10T00:02:21Z" lon="72.8297133" version="1" visible="true" uid="1" user="OSMnx" id="7462923345" lat="18.928007" changeset="1" /><node timestamp="2026-04-10T00:02:21Z" lon="72.8273983" version="1" visible="true" uid="1" user="OSMnx" id="7812141383" lat="18.9315768" changeset="1" /><node timestamp="2026-04-10T00:02:21Z" lon="72.8074611" version="1" visible="true" uid="1" user="OSMnx" id="8581680962" lat="18.9016998" changeset="1" /><node timestamp="2026-04-10T00:02:21Z" lon="72.8277419" version="1" visible="true" uid="1" user="OSMnx" id="8602068502" lat="18.9198207" changeset="1" /><node timestamp="2026-04-10T00:02:21Z" lon="72.8124927" version="1" visible="true" uid="1" user="OSMnx" id="8609876358" lat="18.9083872" changeset="1" /><node timestamp="2026-04-10T00:02:21Z" lon="72.8093288" version="1" visible="true" uid="1" user="OSMnx" id="8620852559" lat="18.9107865" changeset="1" /><node timestamp="2026-04-10T00:02:21Z" lon="72.8088947" version="1" visible="true" uid="1" user="OSMnx" id="8620852560" lat="18.9100779" changeset="1" /><node timestamp="2026-04-10T00:02:21Z" lon="72.8092272" version="1" visible="true" uid="1" user="OSMnx" id="8620852562" lat="18.9099045" changeset="1" /><node timestamp="2026-04-10T00:02:21Z" lon="72.8242984" version="1" visible="true" uid="1" user="OSMnx" id="8620901468" lat="18.9116671" changeset="1" /><node timestamp="2026-04-10T00:02:21Z" lon="72.8245539" version="1" visible="true" uid="1" user="OSMnx" id="8620901469" lat="18.911887" changeset="1" /><node timestamp="2026-04-10T00:02:21Z" lon="72.8261713" version="1" visible="true" uid="1" user="OSMnx" id="8620970561" lat="18.920409" changeset="1" /><node timestamp="2026-04-10T00:02:21Z" lon="72.8084344" version="1" visible="true" uid="1" user="OSMnx" id="9056987031" lat="18.9112488" changeset="1" /><node timestamp="2026-04-10T00:02:21Z" lon="72.8297349" version="1" visible="true" uid="1" user="OSMnx" id="9168645655" lat="18.9267123" changeset="1" /><node timestamp="2026-04-10T00:02:21Z" lon="72.8314269" version="1" visible="true" uid="1" user="OSMnx" id="9168645657" lat="18.9175931" changeset="1" /><node timestamp="2026-04-10T00:02:21Z" lon="72.8273339" version="1" visible="true" uid="1" user="OSMnx" id="9168645658" lat="18.9191067" changeset="1" /><node timestamp="2026-04-10T00:02:21Z" lon="72.8087459" version="1" visible="true" uid="1" user="OSMnx" id="9198743833" lat="18.897233" changeset="1" /><node timestamp="2026-04-10T00:02:21Z" lon="72.8133506" version="1" visible="true" uid="1" user="OSMnx" id="9198832962" lat="18.9099998" changeset="1" /><node timestamp="2026-04-10T00:02:21Z" lon="72.8136835" version="1" visible="true" uid="1" user="OSMnx" id="9198832963" lat="18.9103914" changeset="1" /><node timestamp="2026-04-10T00:02:21Z" lon="72.8138772" version="1" visible="true" uid="1" user="OSMnx" id="9198832964" lat="18.9106217" changeset="1" /><node timestamp="2026-04-10T00:02:21Z" lon="72.8141884" version="1" visible="true" uid="1" user="OSMnx" id="9198832965" lat="18.9108112" changeset="1" /><node timestamp="2026-04-10T00:02:21Z" lon="72.8215222" version="1" visible="true" uid="1" user="OSMnx" id="9313040199" lat="18.9274759" changeset="1" /><node timestamp="2026-04-10T00:02:21Z" lon="72.8258047" version="1" visible="true" uid="1" user="OSMnx" id="9313040200" lat="18.9256896" changeset="1"><tag k="junction" v="yes" /></node><node timestamp="2026-04-10T00:02:21Z" lon="72.8258468" version="1" visible="true" uid="1" user="OSMnx" id="9313040201" lat="18.9256343" changeset="1" /><node timestamp="2026-04-10T00:02:21Z" lon="72.8259414" version="1" visible="true" uid="1" user="OSMnx" id="9313040202" lat="18.925903" changeset="1" /><node timestamp="2026-04-10T00:02:21Z" lon="72.8250917" version="1" visible="true" uid="1" user="OSMnx" id="9313040208" lat="18.9248345" changeset="1" /><node timestamp="2026-04-10T00:02:21Z" lon="72.8252357" version="1" visible="true" uid="1" user="OSMnx" id="9313040209" lat="18.9248588" changeset="1" /><node timestamp="2026-04-10T00:02:21Z" lon="72.8253213" version="1" visible="true" uid="1" user="OSMnx" id="9313040213" lat="18.9255428" changeset="1" /><node timestamp="2026-04-10T00:02:21Z" lon="72.824853" version="1" visible="true" uid="1" user="OSMnx" id="9313040214" lat="18.9255295" changeset="1" /><node timestamp="2026-04-10T00:02:21Z" lon="72.8231283" version="1" visible="true" uid="1" user="OSMnx" id="9313040215" lat="18.9259105" changeset="1" /><node timestamp="2026-04-10T00:02:21Z" lon="72.8230785" version="1" visible="true" uid="1" user="OSMnx" id="9313040216" lat="18.9258342" changeset="1" /><node timestamp="2026-04-10T00:02:21Z" lon="72.8222635" version="1" visible="true" uid="1" user="OSMnx" id="9313067502" lat="18.9250809" changeset="1" /><node timestamp="2026-04-10T00:02:21Z" lon="72.8229732" version="1" visible="true" uid="1" user="OSMnx" id="9313067503" lat="18.9259012" changeset="1" /><node timestamp="2026-04-10T00:02:21Z" lon="72.822186" version="1" visible="true" uid="1" user="OSMnx" id="9313067504" lat="18.9249904" changeset="1" /><node timestamp="2026-04-10T00:02:21Z" lon="72.8197245" version="1" visible="true" uid="1" user="OSMnx" id="9313067505" lat="18.9270294" changeset="1" /><node timestamp="2026-04-10T00:02:21Z" lon="72.8198235" version="1" visible="true" uid="1" user="OSMnx" id="9313067506" lat="18.9269534" changeset="1" /><node timestamp="2026-04-10T00:02:21Z" lon="72.8218137" version="1" visible="true" uid="1" user="OSMnx" id="9315182231" lat="18.9141754" changeset="1" /><node timestamp="2026-04-10T00:02:21Z" lon="72.8183799" version="1" visible="true" uid="1" user="OSMnx" id="9315182294" lat="18.9132149" changeset="1" /><node timestamp="2026-04-10T00:02:21Z" lon="72.8202965" version="1" visible="true" uid="1" user="OSMnx" id="9315182299" lat="18.9152754" changeset="1" /><node timestamp="2026-04-10T00:02:21Z" lon="72.8201876" version="1" visible="true" uid="1" user="OSMnx" id="9348211566" lat="18.9126917" changeset="1" /><node timestamp="2026-04-10T00:02:21Z" lon="72.8187245" version="1" visible="true" uid="1" user="OSMnx" id="9348211569" lat="18.9114956" changeset="1" /><node timestamp="2026-04-10T00:02:21Z" lon="72.8191245" version="1" visible="true" uid="1" user="OSMnx" id="9513740983" lat="18.9146704" changeset="1" /><node timestamp="2026-04-10T00:02:21Z" lon="72.8176742" version="1" visible="true" uid="1" user="OSMnx" id="9513750368" lat="18.9123605" changeset="1" /><node timestamp="2026-04-10T00:02:21Z" lon="72.8286545" version="1" visible="true" uid="1" user="OSMnx" id="9652363922" lat="18.9157109" changeset="1" /><node timestamp="2026-04-10T00:02:21Z" lon="72.8131002" version="1" visible="true" uid="1" user="OSMnx" id="9652365494" lat="18.8987316" changeset="1" /><node timestamp="2026-04-10T00:02:21Z" lon="72.828632" version="1" visible="true" uid="1" user="OSMnx" id="9652365705" lat="18.9171467" changeset="1" /><node timestamp="2026-04-10T00:02:21Z" lon="72.8270119" version="1" visible="true" uid="1" user="OSMnx" id="9652365707" lat="18.9142744" changeset="1" /><node timestamp="2026-04-10T00:02:21Z" lon="72.8234661" version="1" visible="true" uid="1" user="OSMnx" id="9652365712" lat="18.9120541" changeset="1" /><node timestamp="2026-04-10T00:02:21Z" lon="72.809025" version="1" visible="true" uid="1" user="OSMnx" id="9652365713" lat="18.907403" changeset="1" /><node timestamp="2026-04-10T00:02:21Z" lon="72.8110823" version="1" visible="true" uid="1" user="OSMnx" id="9652365714" lat="18.910283" changeset="1" /><node timestamp="2026-04-10T00:02:21Z" lon="72.8087971" version="1" visible="true" uid="1" user="OSMnx" id="9652365715" lat="18.9136958" changeset="1" /><node timestamp="2026-04-10T00:02:21Z" lon="72.8106183" version="1" visible="true" uid="1" user="OSMnx" id="9652365716" lat="18.912247" changeset="1" /><node timestamp="2026-04-10T00:02:21Z" lon="72.8116818" version="1" visible="true" uid="1" user="OSMnx" id="9652365717" lat="18.9086946" changeset="1" /><node timestamp="2026-04-10T00:02:21Z" lon="72.8124127" version="1" visible="true" uid="1" user="OSMnx" id="9652365718" lat="18.9086644" changeset="1" /><node timestamp="2026-04-10T00:02:21Z" lon="72.8125452" version="1" visible="true" uid="1" user="OSMnx" id="9652365719" lat="18.9089948" changeset="1" /><node timestamp="2026-04-10T00:02:21Z" lon="72.8129602" version="1" visible="true" uid="1" user="OSMnx" id="9652365720" lat="18.9096526" changeset="1" /><node timestamp="2026-04-10T00:02:21Z" lon="72.8127749" version="1" visible="true" uid="1" user="OSMnx" id="9652365721" lat="18.9093311" changeset="1" /><node timestamp="2026-04-10T00:02:21Z" lon="72.8074801" version="1" visible="true" uid="1" user="OSMnx" id="9652365722" lat="18.9011759" changeset="1" /><node timestamp="2026-04-10T00:02:21Z" lon="72.8072253" version="1" visible="true" uid="1" user="OSMnx" id="9652365723" lat="18.9013637" changeset="1" /><node timestamp="2026-04-10T00:02:21Z" lon="72.8076008" version="1" visible="true" uid="1" user="OSMnx" id="9652365724" lat="18.9011505" changeset="1" /><node timestamp="2026-04-10T00:02:21Z" lon="72.8167981" version="1" visible="true" uid="1" user="OSMnx" id="9652365725" lat="18.9055582" changeset="1" /><node timestamp="2026-04-10T00:02:21Z" lon="72.8168678" version="1" visible="true" uid="1" user="OSMnx" id="9652365726" lat="18.9054111" changeset="1" /><node timestamp="2026-04-10T00:02:21Z" lon="72.8127225" version="1" visible="true" uid="1" user="OSMnx" id="9652365732" lat="18.8975699" changeset="1" /><node timestamp="2026-04-10T00:02:21Z" lon="72.8190912" version="1" visible="true" uid="1" user="OSMnx" id="9652365737" lat="18.9163477" changeset="1" /><node timestamp="2026-04-10T00:02:21Z" lon="72.8335925" version="1" visible="true" uid="1" user="OSMnx" id="9654101605" lat="18.9237747" changeset="1" /><node timestamp="2026-04-10T00:02:21Z" lon="72.8342264" version="1" visible="true" uid="1" user="OSMnx" id="9654101606" lat="18.9242637" changeset="1" /><node timestamp="2026-04-10T00:02:21Z" lon="72.8344174" version="1" visible="true" uid="1" user="OSMnx" id="9654101607" lat="18.9243687" changeset="1" /><node timestamp="2026-04-10T00:02:21Z" lon="72.8345345" version="1" visible="true" uid="1" user="OSMnx" id="9654101608" lat="18.9242667" changeset="1" /><node timestamp="2026-04-10T00:02:21Z" lon="72.8345838" version="1" visible="true" uid="1" user="OSMnx" id="9654101609" lat="18.9241326" changeset="1" /><node timestamp="2026-04-10T00:02:21Z" lon="72.8263849" version="1" visible="true" uid="1" user="OSMnx" id="9663266522" lat="18.9215676" changeset="1" /><node timestamp="2026-04-10T00:02:21Z" lon="72.8265237" version="1" visible="true" uid="1" user="OSMnx" id="9663266527" lat="18.9222704" changeset="1" /><node timestamp="2026-04-10T00:02:21Z" lon="72.8243375" version="1" visible="true" uid="1" user="OSMnx" id="9788769595" lat="18.9254346" changeset="1" /><node timestamp="2026-04-10T00:02:21Z" lon="72.8216757" version="1" visible="true" uid="1" user="OSMnx" id="9819283700" lat="18.9241064" changeset="1" /><node timestamp="2026-04-10T00:02:21Z" lon="72.8218811" version="1" visible="true" uid="1" user="OSMnx" id="9819283708" lat="18.9243279" changeset="1" /><node timestamp="2026-04-10T00:02:21Z" lon="72.8219972" version="1" visible="true" uid="1" user="OSMnx" id="9819283709" lat="18.9244586" changeset="1" /><node timestamp="2026-04-10T00:02:21Z" lon="72.8221488" version="1" visible="true" uid="1" user="OSMnx" id="9819307318" lat="18.9246326" changeset="1" /><node timestamp="2026-04-10T00:02:21Z" lon="72.8225199" version="1" visible="true" uid="1" user="OSMnx" id="9819307329" lat="18.9250745" changeset="1" /><node timestamp="2026-04-10T00:02:21Z" lon="72.8238674" version="1" visible="true" uid="1" user="OSMnx" id="9819307338" lat="18.9234245" changeset="1" /><node timestamp="2026-04-10T00:02:21Z" lon="72.8235732" version="1" visible="true" uid="1" user="OSMnx" id="9819307340" lat="18.9230767" changeset="1" /><node timestamp="2026-04-10T00:02:21Z" lon="72.8212195" version="1" visible="true" uid="1" user="OSMnx" id="9833420663" lat="18.9118478" changeset="1" /><node timestamp="2026-04-10T00:02:21Z" lon="72.8212059" version="1" visible="true" uid="1" user="OSMnx" id="9833420664" lat="18.9118892" changeset="1" /><node timestamp="2026-04-10T00:02:21Z" lon="72.8212768" version="1" visible="true" uid="1" user="OSMnx" id="9833420665" lat="18.9117896" changeset="1" /><node timestamp="2026-04-10T00:02:21Z" lon="72.8146485" version="1" visible="true" uid="1" user="OSMnx" id="9833434854" lat="18.9066801" changeset="1" /><node timestamp="2026-04-10T00:02:21Z" lon="72.8146614" version="1" visible="true" uid="1" user="OSMnx" id="9833434855" lat="18.9066296" changeset="1" /><node timestamp="2026-04-10T00:02:21Z" lon="72.814762" version="1" visible="true" uid="1" user="OSMnx" id="9833434856" lat="18.9066137" changeset="1" /><node timestamp="2026-04-10T00:02:21Z" lon="72.8147792" version="1" visible="true" uid="1" user="OSMnx" id="9833434857" lat="18.9067098" changeset="1" /><node timestamp="2026-04-10T00:02:21Z" lon="72.8147313" version="1" visible="true" uid="1" user="OSMnx" id="9833434858" lat="18.9067376" changeset="1" /><node timestamp="2026-04-10T00:02:21Z" lon="72.814677" version="1" visible="true" uid="1" user="OSMnx" id="9833434859" lat="18.9067249" changeset="1" /><node timestamp="2026-04-10T00:02:21Z" lon="72.8119472" version="1" visible="true" uid="1" user="OSMnx" id="9909304115" lat="18.8977296" changeset="1" /><node timestamp="2026-04-10T00:02:21Z" lon="72.811961" version="1" visible="true" uid="1" user="OSMnx" id="9909304116" lat="18.89779" changeset="1" /><node timestamp="2026-04-10T00:02:21Z" lon="72.8122793" version="1" visible="true" uid="1" user="OSMnx" id="9909305617" lat="18.8977207" changeset="1" /><node timestamp="2026-04-10T00:02:21Z" lon="72.8123133" version="1" visible="true" uid="1" user="OSMnx" id="9909305618" lat="18.8977579" changeset="1" /><node timestamp="2026-04-10T00:02:21Z" lon="72.8123436" version="1" visible="true" uid="1" user="OSMnx" id="9909305619" lat="18.8978915" changeset="1" /><node timestamp="2026-04-10T00:02:21Z" lon="72.8122381" version="1" visible="true" uid="1" user="OSMnx" id="9909305620" lat="18.8980049" changeset="1" /><node timestamp="2026-04-10T00:02:21Z" lon="72.8121201" version="1" visible="true" uid="1" user="OSMnx" id="9909305621" lat="18.8980607" changeset="1" /><node timestamp="2026-04-10T00:02:21Z" lon="72.8120128" version="1" visible="true" uid="1" user="OSMnx" id="9909305622" lat="18.8980573" changeset="1" /><node timestamp="2026-04-10T00:02:21Z" lon="72.8119145" version="1" visible="true" uid="1" user="OSMnx" id="9909305623" lat="18.8980167" changeset="1" /><node timestamp="2026-04-10T00:02:21Z" lon="72.8118591" version="1" visible="true" uid="1" user="OSMnx" id="9909305624" lat="18.8979389" changeset="1" /><node timestamp="2026-04-10T00:02:21Z" lon="72.8118394" version="1" visible="true" uid="1" user="OSMnx" id="9909305625" lat="18.8978662" changeset="1" /><node timestamp="2026-04-10T00:02:21Z" lon="72.811834" version="1" visible="true" uid="1" user="OSMnx" id="9909305626" lat="18.8978289" changeset="1" /><node timestamp="2026-04-10T00:02:21Z" lon="72.8104104" version="1" visible="true" uid="1" user="OSMnx" id="9909305627" lat="18.9111116" changeset="1" /><node timestamp="2026-04-10T00:02:21Z" lon="72.8106207" version="1" visible="true" uid="1" user="OSMnx" id="9909305628" lat="18.9114528" changeset="1" /><node timestamp="2026-04-10T00:02:21Z" lon="72.8108154" version="1" visible="true" uid="1" user="OSMnx" id="9909305629" lat="18.9117623" changeset="1" /><node timestamp="2026-04-10T00:02:21Z" lon="72.8091616" version="1" visible="true" uid="1" user="OSMnx" id="9909333244" lat="18.9066966" changeset="1" /><node timestamp="2026-04-10T00:02:21Z" lon="72.8085135" version="1" visible="true" uid="1" user="OSMnx" id="9909333245" lat="18.906755" changeset="1" /><node timestamp="2026-04-10T00:02:21Z" lon="72.8087259" version="1" visible="true" uid="1" user="OSMnx" id="9909333246" lat="18.9036222" changeset="1" /><node timestamp="2026-04-10T00:02:21Z" lon="72.8238235" version="1" visible="true" uid="1" user="OSMnx" id="9909333263" lat="18.9167397" changeset="1" /><node timestamp="2026-04-10T00:02:21Z" lon="72.8239077" version="1" visible="true" uid="1" user="OSMnx" id="9909333265" lat="18.9162859" changeset="1" /><node timestamp="2026-04-10T00:02:21Z" lon="72.8306361" version="1" visible="true" uid="1" user="OSMnx" id="9909333266" lat="18.9202007" changeset="1" /><node timestamp="2026-04-10T00:02:21Z" lon="72.829959" version="1" visible="true" uid="1" user="OSMnx" id="9910849116" lat="18.9182878" changeset="1" /><node timestamp="2026-04-10T00:02:21Z" lon="72.8295512" version="1" visible="true" uid="1" user="OSMnx" id="9910881332" lat="18.9173806" changeset="1" /><node timestamp="2026-04-10T00:02:21Z" lon="72.8298518" version="1" visible="true" uid="1" user="OSMnx" id="9910881333" lat="18.9176257" changeset="1" /><node timestamp="2026-04-10T00:02:21Z" lon="72.8298851" version="1" visible="true" uid="1" user="OSMnx" id="9910890417" lat="18.9179251" changeset="1" /><node timestamp="2026-04-10T00:02:21Z" lon="72.830145" version="1" visible="true" uid="1" user="OSMnx" id="9910924114" lat="18.9174599" changeset="1" /><node timestamp="2026-04-10T00:02:21Z" lon="72.8306652" version="1" visible="true" uid="1" user="OSMnx" id="9910924115" lat="18.9168778" changeset="1" /><node timestamp="2026-04-10T00:02:21Z" lon="72.824239" version="1" visible="true" uid="1" user="OSMnx" id="9949164579" lat="18.9237276" changeset="1" /><node timestamp="2026-04-10T00:02:21Z" lon="72.8333586" version="1" visible="true" uid="1" user="OSMnx" id="10156860533" lat="18.92302" changeset="1" /><node timestamp="2026-04-10T00:02:21Z" lon="72.8337956" version="1" visible="true" uid="1" user="OSMnx" id="10156860534" lat="18.9233428" changeset="1" /><node timestamp="2026-04-10T00:02:21Z" lon="72.8338411" version="1" visible="true" uid="1" user="OSMnx" id="10156860535" lat="18.9233996" changeset="1" /><node timestamp="2026-04-10T00:02:21Z" lon="72.8358635" version="1" visible="true" uid="1" user="OSMnx" id="10277881696" lat="18.9328687" changeset="1" /><node timestamp="2026-04-10T00:02:21Z" lon="72.8360457" version="1" visible="true" uid="1" user="OSMnx" id="10277881697" lat="18.932699" changeset="1" /><node timestamp="2026-04-10T00:02:21Z" lon="72.8314094" version="1" visible="true" uid="1" user="OSMnx" id="10277881698" lat="18.9309476" changeset="1" /><node timestamp="2026-04-10T00:02:21Z" lon="72.8230927" version="1" visible="true" uid="1" user="OSMnx" id="10277881700" lat="18.9318427" changeset="1" /><node timestamp="2026-04-10T00:02:21Z" lon="72.8230905" version="1" visible="true" uid="1" user="OSMnx" id="10277881701" lat="18.9317299" changeset="1" /><node timestamp="2026-04-10T00:02:21Z" lon="72.8231093" version="1" visible="true" uid="1" user="OSMnx" id="10277881702" lat="18.931644" changeset="1" /><node timestamp="2026-04-10T00:02:21Z" lon="72.8231553" version="1" visible="true" uid="1" user="OSMnx" id="10277881703" lat="18.9315547" changeset="1" /><node timestamp="2026-04-10T00:02:21Z" lon="72.8232336" version="1" visible="true" uid="1" user="OSMnx" id="10277881704" lat="18.9314631" changeset="1" /><node timestamp="2026-04-10T00:02:21Z" lon="72.8228492" version="1" visible="true" uid="1" user="OSMnx" id="10277881705" lat="18.9313078" changeset="1" /><node timestamp="2026-04-10T00:02:21Z" lon="72.8229855" version="1" visible="true" uid="1" user="OSMnx" id="10277881706" lat="18.9314052" changeset="1" /><node timestamp="2026-04-10T00:02:21Z" lon="72.8230763" version="1" visible="true" uid="1" user="OSMnx" id="10277881707" lat="18.9314498" changeset="1" /><node timestamp="2026-04-10T00:02:21Z" lon="72.8217366" version="1" visible="true" uid="1" user="OSMnx" id="10277884789" lat="18.929299" changeset="1" /><node timestamp="2026-04-10T00:02:21Z" lon="72.822048" version="1" visible="true" uid="1" user="OSMnx" id="10277884790" lat="18.9293859" changeset="1" /><node timestamp="2026-04-10T00:02:21Z" lon="72.8185896" version="1" visible="true" uid="1" user="OSMnx" id="10310844542" lat="18.9150622" changeset="1" /><node timestamp="2026-04-10T00:02:21Z" lon="72.8188202" version="1" visible="true" uid="1" user="OSMnx" id="10310844545" lat="18.9148934" changeset="1" /><node timestamp="2026-04-10T00:02:21Z" lon="72.8356252" version="1" visible="true" uid="1" user="OSMnx" id="10598322635" lat="18.9315716" changeset="1" /><node timestamp="2026-04-10T00:02:21Z" lon="72.8357139" version="1" visible="true" uid="1" user="OSMnx" id="10598322636" lat="18.9316531" changeset="1" /><node timestamp="2026-04-10T00:02:21Z" lon="72.8356556" version="1" visible="true" uid="1" user="OSMnx" id="10598322637" lat="18.9319009" changeset="1" /><node timestamp="2026-04-10T00:02:21Z" lon="72.8357691" version="1" visible="true" uid="1" user="OSMnx" id="10598322638" lat="18.9321302" changeset="1" /><node timestamp="2026-04-10T00:02:21Z" lon="72.8357371" version="1" visible="true" uid="1" user="OSMnx" id="10598322639" lat="18.9322443" changeset="1" /><node timestamp="2026-04-10T00:02:21Z" lon="72.8355496" version="1" visible="true" uid="1" user="OSMnx" id="10598322640" lat="18.932365" changeset="1" /><node timestamp="2026-04-10T00:02:21Z" lon="72.8356726" version="1" visible="true" uid="1" user="OSMnx" id="10598322641" lat="18.9323244" changeset="1" /><node timestamp="2026-04-10T00:02:21Z" lon="72.8357168" version="1" visible="true" uid="1" user="OSMnx" id="10598322642" lat="18.9323155" changeset="1" /><node timestamp="2026-04-10T00:02:21Z" lon="72.8357543" version="1" visible="true" uid="1" user="OSMnx" id="10598322643" lat="18.9323111" changeset="1"><tag k="highway" v="traffic_signals" /></node><node timestamp="2026-04-10T00:02:21Z" lon="72.8358065" version="1" visible="true" uid="1" user="OSMnx" id="10598322644" lat="18.9323068" changeset="1"><tag k="highway" v="traffic_signals" /></node><node timestamp="2026-04-10T00:02:21Z" lon="72.8355618" version="1" visible="true" uid="1" user="OSMnx" id="10598322645" lat="18.9315502" changeset="1" /><node timestamp="2026-04-10T00:02:21Z" lon="72.817938" version="1" visible="true" uid="1" user="OSMnx" id="10683166355" lat="18.916761" changeset="1" /><node timestamp="2026-04-10T00:02:21Z" lon="72.8265379" version="1" visible="true" uid="1" user="OSMnx" id="10720463717" lat="18.9230423" changeset="1" /><node timestamp="2026-04-10T00:02:21Z" lon="72.8248193" version="1" visible="true" uid="1" user="OSMnx" id="10801585707" lat="18.9308729" changeset="1" /><node timestamp="2026-04-10T00:02:21Z" lon="72.8228369" version="1" visible="true" uid="1" user="OSMnx" id="10807296832" lat="18.9289278" changeset="1" /><node timestamp="2026-04-10T00:02:21Z" lon="72.8262424" version="1" visible="true" uid="1" user="OSMnx" id="10840959889" lat="18.9260222" changeset="1" /><node timestamp="2026-04-10T00:02:21Z" lon="72.8313704" version="1" visible="true" uid="1" user="OSMnx" id="10845362178" lat="18.9328619" changeset="1"><tag k="highway" v="traffic_signals" /></node><node timestamp="2026-04-10T00:02:21Z" lon="72.8278061" version="1" visible="true" uid="1" user="OSMnx" id="10877640889" lat="18.9177212" changeset="1" /><node timestamp="2026-04-10T00:02:21Z" lon="72.8272287" version="1" visible="true" uid="1" user="OSMnx" id="10877640891" lat="18.9169743" changeset="1" /><node timestamp="2026-04-10T00:02:21Z" lon="72.8269426" version="1" visible="true" uid="1" user="OSMnx" id="10877640892" lat="18.9165965" changeset="1" /><node timestamp="2026-04-10T00:02:21Z" lon="72.8265732" version="1" visible="true" uid="1" user="OSMnx" id="10877640894" lat="18.9162019" changeset="1" /><node timestamp="2026-04-10T00:02:21Z" lon="72.8258302" version="1" visible="true" uid="1" user="OSMnx" id="10877640896" lat="18.9154917" changeset="1" /><node timestamp="2026-04-10T00:02:21Z" lon="72.83225" version="1" visible="true" uid="1" user="OSMnx" id="10877693755" lat="18.9277162" changeset="1" /><node timestamp="2026-04-10T00:02:21Z" lon="72.8334323" version="1" visible="true" uid="1" user="OSMnx" id="10877693756" lat="18.9267092" changeset="1" /><node timestamp="2026-04-10T00:02:21Z" lon="72.8336299" version="1" visible="true" uid="1" user="OSMnx" id="10877693757" lat="18.9265114" changeset="1" /><node timestamp="2026-04-10T00:02:21Z" lon="72.8328422" version="1" visible="true" uid="1" user="OSMnx" id="10877693758" lat="18.9272104" changeset="1" /><node timestamp="2026-04-10T00:02:21Z" lon="72.8261041" version="1" visible="true" uid="1" user="OSMnx" id="10885994188" lat="18.9305644" changeset="1" /><node timestamp="2026-04-10T00:02:21Z" lon="72.8274526" version="1" visible="true" uid="1" user="OSMnx" id="10885994193" lat="18.9319792" changeset="1" /><node timestamp="2026-04-10T00:02:21Z" lon="72.8267954" version="1" visible="true" uid="1" user="OSMnx" id="10885994194" lat="18.9312074" changeset="1" /><node timestamp="2026-04-10T00:02:21Z" lon="72.8261923" version="1" visible="true" uid="1" user="OSMnx" id="10885994195" lat="18.9304962" changeset="1" /><node timestamp="2026-04-10T00:02:21Z" lon="72.8233828" version="1" visible="true" uid="1" user="OSMnx" id="10885994196" lat="18.9291861" changeset="1" /><node timestamp="2026-04-10T00:02:21Z" lon="72.8236798" version="1" visible="true" uid="1" user="OSMnx" id="10885994197" lat="18.9293189" changeset="1" /><node timestamp="2026-04-10T00:02:21Z" lon="72.8280127" version="1" visible="true" uid="1" user="OSMnx" id="10886054706" lat="18.9254603" changeset="1" /><node timestamp="2026-04-10T00:02:21Z" lon="72.8281243" version="1" visible="true" uid="1" user="OSMnx" id="10886054707" lat="18.9326111" changeset="1" /><node timestamp="2026-04-10T00:02:21Z" lon="72.8282476" version="1" visible="true" uid="1" user="OSMnx" id="10886054708" lat="18.9321736" changeset="1" /><node timestamp="2026-04-10T00:02:21Z" lon="72.8281166" version="1" visible="true" uid="1" user="OSMnx" id="10886054709" lat="18.9322717" changeset="1" /><node timestamp="2026-04-10T00:02:21Z" lon="72.8280754" version="1" visible="true" uid="1" user="OSMnx" id="10886054710" lat="18.9323031" changeset="1" /><node timestamp="2026-04-10T00:02:21Z" lon="72.8281857" version="1" visible="true" uid="1" user="OSMnx" id="10886054711" lat="18.9321154" changeset="1" /><node timestamp="2026-04-10T00:02:21Z" lon="72.8281827" version="1" visible="true" uid="1" user="OSMnx" id="10886054712" lat="18.9321629" changeset="1" /><node timestamp="2026-04-10T00:02:21Z" lon="72.8281943" version="1" visible="true" uid="1" user="OSMnx" id="10886054713" lat="18.931958" changeset="1" /><node timestamp="2026-04-10T00:02:21Z" lon="72.8282672" version="1" visible="true" uid="1" user="OSMnx" id="10886054714" lat="18.9320355" changeset="1" /><node timestamp="2026-04-10T00:02:21Z" lon="72.8282712" version="1" visible="true" uid="1" user="OSMnx" id="10886054715" lat="18.9317716" changeset="1" /><node timestamp="2026-04-10T00:02:21Z" lon="72.8282269" version="1" visible="true" uid="1" user="OSMnx" id="10886054716" lat="18.9296301" changeset="1"><tag k="highway" v="traffic_signals" /></node><node timestamp="2026-04-10T00:02:21Z" lon="72.8281827" version="1" visible="true" uid="1" user="OSMnx" id="10886054717" lat="18.9284987" changeset="1" /><node timestamp="2026-04-10T00:02:21Z" lon="72.8281408" version="1" visible="true" uid="1" user="OSMnx" id="10886054718" lat="18.9275249" changeset="1" /><node timestamp="2026-04-10T00:02:21Z" lon="72.8281276" version="1" visible="true" uid="1" user="OSMnx" id="10886054719" lat="18.9265318" changeset="1" /><node timestamp="2026-04-10T00:02:21Z" lon="72.8281215" version="1" visible="true" uid="1" user="OSMnx" id="10886054720" lat="18.9263767" changeset="1" /><node timestamp="2026-04-10T00:02:21Z" lon="72.8281215" version="1" visible="true" uid="1" user="OSMnx" id="10886054721" lat="18.9260977" changeset="1" /><node timestamp="2026-04-10T00:02:21Z" lon="72.8280322" version="1" visible="true" uid="1" user="OSMnx" id="10886054722" lat="18.9260259" changeset="1" /><node timestamp="2026-04-10T00:02:21Z" lon="72.828061" version="1" visible="true" uid="1" user="OSMnx" id="10886054723" lat="18.9327747" changeset="1" /><node timestamp="2026-04-10T00:02:21Z" lon="72.828092" version="1" visible="true" uid="1" user="OSMnx" id="10886054724" lat="18.9254564" changeset="1" /><node timestamp="2026-04-10T00:02:21Z" lon="72.8279662" version="1" visible="true" uid="1" user="OSMnx" id="10886054725" lat="18.9218173" changeset="1" /><node timestamp="2026-04-10T00:02:21Z" lon="72.8331405" version="1" visible="true" uid="1" user="OSMnx" id="10886066849" lat="18.9210295" changeset="1" /><node timestamp="2026-04-10T00:02:21Z" lon="72.833169" version="1" visible="true" uid="1" user="OSMnx" id="10886066850" lat="18.9209661" changeset="1" /><node timestamp="2026-04-10T00:02:21Z" lon="72.8292354" version="1" visible="true" uid="1" user="OSMnx" id="10886066851" lat="18.9188736" changeset="1" /><node timestamp="2026-04-10T00:02:21Z" lon="72.829298" version="1" visible="true" uid="1" user="OSMnx" id="10886066852" lat="18.9188998" changeset="1" /><node timestamp="2026-04-10T00:02:21Z" lon="72.8327175" version="1" visible="true" uid="1" user="OSMnx" id="10886066853" lat="18.919968" changeset="1" /><node timestamp="2026-04-10T00:02:21Z" lon="72.8320204" version="1" visible="true" uid="1" user="OSMnx" id="10886066854" lat="18.9184739" changeset="1" /><node timestamp="2026-04-10T00:02:21Z" lon="72.8319689" version="1" visible="true" uid="1" user="OSMnx" id="10886066855" lat="18.9183627" changeset="1" /><node timestamp="2026-04-10T00:02:21Z" lon="72.8319265" version="1" visible="true" uid="1" user="OSMnx" id="10886066856" lat="18.9183342" changeset="1" /><node timestamp="2026-04-10T00:02:21Z" lon="72.8318663" version="1" visible="true" uid="1" user="OSMnx" id="10886066857" lat="18.9183141" changeset="1" /><node timestamp="2026-04-10T00:02:21Z" lon="72.8317796" version="1" visible="true" uid="1" user="OSMnx" id="10886066858" lat="18.9182991" changeset="1" /><node timestamp="2026-04-10T00:02:21Z" lon="72.8316398" version="1" visible="true" uid="1" user="OSMnx" id="10886066859" lat="18.9183086" changeset="1" /><node timestamp="2026-04-10T00:02:21Z" lon="72.8308948" version="1" visible="true" uid="1" user="OSMnx" id="10886066860" lat="18.9184916" changeset="1" /><node timestamp="2026-04-10T00:02:21Z" lon="72.830618" version="1" visible="true" uid="1" user="OSMnx" id="10886066861" lat="18.9185412" changeset="1" /><node timestamp="2026-04-10T00:02:21Z" lon="72.8295721" version="1" visible="true" uid="1" user="OSMnx" id="10886066862" lat="18.9187687" changeset="1" /><node timestamp="2026-04-10T00:02:21Z" lon="72.8292703" version="1" visible="true" uid="1" user="OSMnx" id="10886066863" lat="18.9188247" changeset="1" /><node timestamp="2026-04-10T00:02:21Z" lon="72.8310016" version="1" visible="true" uid="1" user="OSMnx" id="10886066864" lat="18.9184653" changeset="1" /><node timestamp="2026-04-10T00:02:21Z" lon="72.8314628" version="1" visible="true" uid="1" user="OSMnx" id="10886066865" lat="18.9183521" changeset="1" /><node timestamp="2026-04-10T00:02:21Z" lon="72.8327144" version="1" visible="true" uid="1" user="OSMnx" id="10886066866" lat="18.9199614" changeset="1" /><node timestamp="2026-04-10T00:02:21Z" lon="72.8290798" version="1" visible="true" uid="1" user="OSMnx" id="10921039621" lat="18.9165652" changeset="1" /><node timestamp="2026-04-10T00:02:21Z" lon="72.8293525" version="1" visible="true" uid="1" user="OSMnx" id="10921039622" lat="18.9162743" changeset="1" /><node timestamp="2026-04-10T00:02:21Z" lon="72.8295795" version="1" visible="true" uid="1" user="OSMnx" id="10921039623" lat="18.9160591" changeset="1" /><node timestamp="2026-04-10T00:02:21Z" lon="72.8327344" version="1" visible="true" uid="1" user="OSMnx" id="10943519031" lat="18.9302166" changeset="1" /><node timestamp="2026-04-10T00:02:21Z" lon="72.8339037" version="1" visible="true" uid="1" user="OSMnx" id="10943519032" lat="18.9303526" changeset="1" /><node timestamp="2026-04-10T00:02:21Z" lon="72.8338332" version="1" visible="true" uid="1" user="OSMnx" id="10943519033" lat="18.9294501" changeset="1" /><node timestamp="2026-04-10T00:02:21Z" lon="72.8261841" version="1" visible="true" uid="1" user="OSMnx" id="10943659047" lat="18.9271586" changeset="1" /><node timestamp="2026-04-10T00:02:21Z" lon="72.8261332" version="1" visible="true" uid="1" user="OSMnx" id="10943659048" lat="18.9270678" changeset="1" /><node timestamp="2026-04-10T00:02:21Z" lon="72.8224752" version="1" visible="true" uid="1" user="OSMnx" id="10943674715" lat="18.9292855" changeset="1" /><node timestamp="2026-04-10T00:02:21Z" lon="72.8224081" version="1" visible="true" uid="1" user="OSMnx" id="10943674716" lat="18.9291767" changeset="1" /><node timestamp="2026-04-10T00:02:21Z" lon="72.8315168" version="1" visible="true" uid="1" user="OSMnx" id="10943884152" lat="18.9178956" changeset="1" /><node timestamp="2026-04-10T00:02:21Z" lon="72.8305264" version="1" visible="true" uid="1" user="OSMnx" id="10943884156" lat="18.9181223" changeset="1" /><node timestamp="2026-04-10T00:02:21Z" lon="72.8309791" version="1" visible="true" uid="1" user="OSMnx" id="10943884159" lat="18.9180558" changeset="1" /><node timestamp="2026-04-10T00:02:21Z" lon="72.8310083" version="1" visible="true" uid="1" user="OSMnx" id="10943884160" lat="18.9180491" changeset="1" /><node timestamp="2026-04-10T00:02:21Z" lon="72.8259915" version="1" visible="true" uid="1" user="OSMnx" id="10943902720" lat="18.9156724" changeset="1" /><node timestamp="2026-04-10T00:02:21Z" lon="72.827194" version="1" visible="true" uid="1" user="OSMnx" id="10943907683" lat="18.9176617" changeset="1" /><node timestamp="2026-04-10T00:02:21Z" lon="72.8112481" version="1" visible="true" uid="1" user="OSMnx" id="10970210932" lat="18.9117089" changeset="1" /><node timestamp="2026-04-10T00:02:21Z" lon="72.8221974" version="1" visible="true" uid="1" user="OSMnx" id="11029688943" lat="18.91382" changeset="1" /><node timestamp="2026-04-10T00:02:21Z" lon="72.8242283" version="1" visible="true" uid="1" user="OSMnx" id="11029716447" lat="18.9152868" changeset="1" /><node timestamp="2026-04-10T00:02:21Z" lon="72.8236165" version="1" visible="true" uid="1" user="OSMnx" id="11029720857" lat="18.9157165" changeset="1" /><node timestamp="2026-04-10T00:02:21Z" lon="72.8265252" version="1" visible="true" uid="1" user="OSMnx" id="11029761240" lat="18.91755" changeset="1" /><node timestamp="2026-04-10T00:02:21Z" lon="72.8280541" version="1" visible="true" uid="1" user="OSMnx" id="11029781707" lat="18.9180077" changeset="1" /><node timestamp="2026-04-10T00:02:21Z" lon="72.828252" version="1" visible="true" uid="1" user="OSMnx" id="11029787962" lat="18.9186869" changeset="1" /><node timestamp="2026-04-10T00:02:21Z" lon="72.8281246" version="1" visible="true" uid="1" user="OSMnx" id="11029787963" lat="18.9185408" changeset="1" /><node timestamp="2026-04-10T00:02:21Z" lon="72.8277942" version="1" visible="true" uid="1" user="OSMnx" id="11029789341" lat="18.9182198" changeset="1" /><node timestamp="2026-04-10T00:02:21Z" lon="72.8212409" version="1" visible="true" uid="1" user="OSMnx" id="11029923761" lat="18.9238936" changeset="1" /><node timestamp="2026-04-10T00:02:21Z" lon="72.8243816" version="1" visible="true" uid="1" user="OSMnx" id="11029952872" lat="18.9292702" changeset="1" /><node timestamp="2026-04-10T00:02:21Z" lon="72.8251442" version="1" visible="true" uid="1" user="OSMnx" id="11029958126" lat="18.9294472" changeset="1" /><node timestamp="2026-04-10T00:02:21Z" lon="72.820452" version="1" visible="true" uid="1" user="OSMnx" id="11029980434" lat="18.9250328" changeset="1" /><node timestamp="2026-04-10T00:02:21Z" lon="72.8202242" version="1" visible="true" uid="1" user="OSMnx" id="11029980436" lat="18.9247653" changeset="1" /><node timestamp="2026-04-10T00:02:21Z" lon="72.8209019" version="1" visible="true" uid="1" user="OSMnx" id="11029990634" lat="18.9267143" changeset="1" /><node timestamp="2026-04-10T00:02:21Z" lon="72.8217334" version="1" visible="true" uid="1" user="OSMnx" id="11029997825" lat="18.9253378" changeset="1" /><node timestamp="2026-04-10T00:02:21Z" lon="72.8218781" version="1" visible="true" uid="1" user="OSMnx" id="11029997828" lat="18.9246422" changeset="1" /><node timestamp="2026-04-10T00:02:21Z" lon="72.8216554" version="1" visible="true" uid="1" user="OSMnx" id="11030023218" lat="18.9255476" changeset="1" /><node timestamp="2026-04-10T00:02:21Z" lon="72.8208784" version="1" visible="true" uid="1" user="OSMnx" id="11030085776" lat="18.915538" changeset="1" /><node timestamp="2026-04-10T00:02:21Z" lon="72.8214277" version="1" visible="true" uid="1" user="OSMnx" id="11030085777" lat="18.9151625" changeset="1" /><node timestamp="2026-04-10T00:02:21Z" lon="72.8217338" version="1" visible="true" uid="1" user="OSMnx" id="11030085778" lat="18.9150102" changeset="1" /><node timestamp="2026-04-10T00:02:21Z" lon="72.8187077" version="1" visible="true" uid="1" user="OSMnx" id="11030085782" lat="18.908998" changeset="1" /><node timestamp="2026-04-10T00:02:21Z" lon="72.8247284" version="1" visible="true" uid="1" user="OSMnx" id="11031465165" lat="18.9244372" changeset="1" /><node timestamp="2026-04-10T00:02:21Z" lon="72.8228511" version="1" visible="true" uid="1" user="OSMnx" id="11031465167" lat="18.9255182" changeset="1" /><node timestamp="2026-04-10T00:02:21Z" lon="72.8241512" version="1" visible="true" uid="1" user="OSMnx" id="11031501077" lat="18.9237601" changeset="1" /><node timestamp="2026-04-10T00:02:21Z" lon="72.8244274" version="1" visible="true" uid="1" user="OSMnx" id="11031501082" lat="18.9240867" changeset="1" /><node timestamp="2026-04-10T00:02:21Z" lon="72.8357603" version="1" visible="true" uid="1" user="OSMnx" id="11034003549" lat="18.9320544" changeset="1" /><node timestamp="2026-04-10T00:02:21Z" lon="72.8274861" version="1" visible="true" uid="1" user="OSMnx" id="11042143760" lat="18.9322797" changeset="1" /><node timestamp="2026-04-10T00:02:21Z" lon="72.8272297" version="1" visible="true" uid="1" user="OSMnx" id="11042145276" lat="18.9319836" changeset="1" /><node timestamp="2026-04-10T00:02:21Z" lon="72.8273467" version="1" visible="true" uid="1" user="OSMnx" id="11042164007" lat="18.9309004" changeset="1" /><node timestamp="2026-04-10T00:02:21Z" lon="72.8241142" version="1" visible="true" uid="1" user="OSMnx" id="11042165477" lat="18.931135" changeset="1" /><node timestamp="2026-04-10T00:02:21Z" lon="72.8237672" version="1" visible="true" uid="1" user="OSMnx" id="11042165479" lat="18.931263" changeset="1" /><node timestamp="2026-04-10T00:02:21Z" lon="72.8247467" version="1" visible="true" uid="1" user="OSMnx" id="11042165480" lat="18.9308999" changeset="1" /><node timestamp="2026-04-10T00:02:21Z" lon="72.8240259" version="1" visible="true" uid="1" user="OSMnx" id="11042218310" lat="18.9311645" changeset="1" /><node timestamp="2026-04-10T00:02:21Z" lon="72.8246066" version="1" visible="true" uid="1" user="OSMnx" id="11042218314" lat="18.9309518" changeset="1" /><node timestamp="2026-04-10T00:02:21Z" lon="72.8263486" version="1" visible="true" uid="1" user="OSMnx" id="11047849376" lat="18.9213838" changeset="1" /><node timestamp="2026-04-10T00:02:21Z" lon="72.8239256" version="1" visible="true" uid="1" user="OSMnx" id="11047870935" lat="18.9234933" changeset="1" /><node timestamp="2026-04-10T00:02:21Z" lon="72.8245474" version="1" visible="true" uid="1" user="OSMnx" id="11047883237" lat="18.9195734" changeset="1" /><node timestamp="2026-04-10T00:02:21Z" lon="72.8245781" version="1" visible="true" uid="1" user="OSMnx" id="11047883238" lat="18.9196163" changeset="1" /><node timestamp="2026-04-10T00:02:21Z" lon="72.8246057" version="1" visible="true" uid="1" user="OSMnx" id="11047883239" lat="18.9196243" changeset="1" /><node timestamp="2026-04-10T00:02:21Z" lon="72.8246461" version="1" visible="true" uid="1" user="OSMnx" id="11047883240" lat="18.9196166" changeset="1" /><node timestamp="2026-04-10T00:02:21Z" lon="72.825428" version="1" visible="true" uid="1" user="OSMnx" id="11047883241" lat="18.9191797" changeset="1" /><node timestamp="2026-04-10T00:02:21Z" lon="72.8255052" version="1" visible="true" uid="1" user="OSMnx" id="11047883242" lat="18.9192542" changeset="1" /><node timestamp="2026-04-10T00:02:21Z" lon="72.8255684" version="1" visible="true" uid="1" user="OSMnx" id="11047883243" lat="18.9192572" changeset="1" /><node timestamp="2026-04-10T00:02:21Z" lon="72.8256348" version="1" visible="true" uid="1" user="OSMnx" id="11047883244" lat="18.9192291" changeset="1" /><node timestamp="2026-04-10T00:02:21Z" lon="72.8253933" version="1" visible="true" uid="1" user="OSMnx" id="11047883245" lat="18.9191991" changeset="1"><tag k="highway" v="crossing" /></node><node timestamp="2026-04-10T00:02:21Z" lon="72.824212" version="1" visible="true" uid="1" user="OSMnx" id="11047885005" lat="18.923832" changeset="1" /><node timestamp="2026-04-10T00:02:21Z" lon="72.8217324" version="1" visible="true" uid="1" user="OSMnx" id="11052576142" lat="18.9295574" changeset="1" /><node timestamp="2026-04-10T00:02:21Z" lon="72.8269744" version="1" visible="true" uid="1" user="OSMnx" id="11052629981" lat="18.9264743" changeset="1" /><node timestamp="2026-04-10T00:02:21Z" lon="72.8270019" version="1" visible="true" uid="1" user="OSMnx" id="11052629982" lat="18.9263101" changeset="1" /><node timestamp="2026-04-10T00:02:21Z" lon="72.8269563" version="1" visible="true" uid="1" user="OSMnx" id="11052629983" lat="18.9262401" changeset="1" /><node timestamp="2026-04-10T00:02:21Z" lon="72.8268614" version="1" visible="true" uid="1" user="OSMnx" id="11052629984" lat="18.9264726" changeset="1" /><node timestamp="2026-04-10T00:02:21Z" lon="72.8272712" version="1" visible="true" uid="1" user="OSMnx" id="11052629985" lat="18.9264242" changeset="1" /><node timestamp="2026-04-10T00:02:21Z" lon="72.810179" version="1" visible="true" uid="1" user="OSMnx" id="11056047016" lat="18.912147" changeset="1" /><node timestamp="2026-04-10T00:02:21Z" lon="72.8099546" version="1" visible="true" uid="1" user="OSMnx" id="11056047017" lat="18.9118308" changeset="1" /><node timestamp="2026-04-10T00:02:21Z" lon="72.8174488" version="1" visible="true" uid="1" user="OSMnx" id="11056101722" lat="18.9098385" changeset="1" /><node timestamp="2026-04-10T00:02:21Z" lon="72.8111166" version="1" visible="true" uid="1" user="OSMnx" id="11059366725" lat="18.901491" changeset="1" /><node timestamp="2026-04-10T00:02:21Z" lon="72.8117977" version="1" visible="true" uid="1" user="OSMnx" id="11059366726" lat="18.9016167" changeset="1" /><node timestamp="2026-04-10T00:02:21Z" lon="72.8070006" version="1" visible="true" uid="1" user="OSMnx" id="11059380771" lat="18.9019901" changeset="1" /><node timestamp="2026-04-10T00:02:21Z" lon="72.8077058" version="1" visible="true" uid="1" user="OSMnx" id="11059380773" lat="18.9016371" changeset="1" /><node timestamp="2026-04-10T00:02:21Z" lon="72.8082902" version="1" visible="true" uid="1" user="OSMnx" id="11059380778" lat="18.9013782" changeset="1" /><node timestamp="2026-04-10T00:02:21Z" lon="72.8084169" version="1" visible="true" uid="1" user="OSMnx" id="11059385879" lat="18.9017641" changeset="1" /><node timestamp="2026-04-10T00:02:21Z" lon="72.8093198" version="1" visible="true" uid="1" user="OSMnx" id="11059385880" lat="18.9017817" changeset="1" /><node timestamp="2026-04-10T00:02:21Z" lon="72.8113517" version="1" visible="true" uid="1" user="OSMnx" id="11060902287" lat="18.9003623" changeset="1" /><node timestamp="2026-04-10T00:02:21Z" lon="72.8105319" version="1" visible="true" uid="1" user="OSMnx" id="11060902288" lat="18.8993281" changeset="1" /><node timestamp="2026-04-10T00:02:21Z" lon="72.8110922" version="1" visible="true" uid="1" user="OSMnx" id="11060902289" lat="18.900042" changeset="1" /><node timestamp="2026-04-10T00:02:21Z" lon="72.811346" version="1" visible="true" uid="1" user="OSMnx" id="11060902290" lat="18.8998895" changeset="1" /><node timestamp="2026-04-10T00:02:21Z" lon="72.8133551" version="1" visible="true" uid="1" user="OSMnx" id="11060936297" lat="18.9055419" changeset="1" /><node timestamp="2026-04-10T00:02:21Z" lon="72.8117504" version="1" visible="true" uid="1" user="OSMnx" id="11060947422" lat="18.9005905" changeset="1" /><node timestamp="2026-04-10T00:02:21Z" lon="72.8114818" version="1" visible="true" uid="1" user="OSMnx" id="11060947423" lat="18.9005748" changeset="1" /><node timestamp="2026-04-10T00:02:21Z" lon="72.8113942" version="1" visible="true" uid="1" user="OSMnx" id="11060947424" lat="18.9006567" changeset="1" /><node timestamp="2026-04-10T00:02:21Z" lon="72.8111764" version="1" visible="true" uid="1" user="OSMnx" id="11060947425" lat="18.9006562" changeset="1" /><node timestamp="2026-04-10T00:02:21Z" lon="72.8115078" version="1" visible="true" uid="1" user="OSMnx" id="11060947426" lat="18.900707" changeset="1" /><node timestamp="2026-04-10T00:02:21Z" lon="72.8115036" version="1" visible="true" uid="1" user="OSMnx" id="11060947427" lat="18.9008467" changeset="1" /><node timestamp="2026-04-10T00:02:21Z" lon="72.8114091" version="1" visible="true" uid="1" user="OSMnx" id="11060947428" lat="18.9008757" changeset="1" /><node timestamp="2026-04-10T00:02:21Z" lon="72.8110075" version="1" visible="true" uid="1" user="OSMnx" id="11060947429" lat="18.9008871" changeset="1" /><node timestamp="2026-04-10T00:02:21Z" lon="72.8120392" version="1" visible="true" uid="1" user="OSMnx" id="11060988369" lat="18.8985059" changeset="1" /><node timestamp="2026-04-10T00:02:21Z" lon="72.8120278" version="1" visible="true" uid="1" user="OSMnx" id="11060988370" lat="18.8984166" changeset="1" /><node timestamp="2026-04-10T00:02:21Z" lon="72.8120968" version="1" visible="true" uid="1" user="OSMnx" id="11060988371" lat="18.8983042" changeset="1" /><node timestamp="2026-04-10T00:02:21Z" lon="72.812171" version="1" visible="true" uid="1" user="OSMnx" id="11060988372" lat="18.8982204" changeset="1" /><node timestamp="2026-04-10T00:02:21Z" lon="72.8128604" version="1" visible="true" uid="1" user="OSMnx" id="11061159496" lat="18.9036208" changeset="1" /><node timestamp="2026-04-10T00:02:21Z" lon="72.8118271" version="1" visible="true" uid="1" user="OSMnx" id="11061174808" lat="18.9021541" changeset="1" /><node timestamp="2026-04-10T00:02:21Z" lon="72.8116321" version="1" visible="true" uid="1" user="OSMnx" id="11061174809" lat="18.9023482" changeset="1" /><node timestamp="2026-04-10T00:02:21Z" lon="72.8110153" version="1" visible="true" uid="1" user="OSMnx" id="11061179617" lat="18.9024586" changeset="1" /><node timestamp="2026-04-10T00:02:21Z" lon="72.8106488" version="1" visible="true" uid="1" user="OSMnx" id="11061179618" lat="18.9023269" changeset="1" /><node timestamp="2026-04-10T00:02:21Z" lon="72.8105941" version="1" visible="true" uid="1" user="OSMnx" id="11061179620" lat="18.9023843" changeset="1" /><node timestamp="2026-04-10T00:02:21Z" lon="72.810579" version="1" visible="true" uid="1" user="OSMnx" id="11061179621" lat="18.90243" changeset="1" /><node timestamp="2026-04-10T00:02:21Z" lon="72.8173419" version="1" visible="true" uid="1" user="OSMnx" id="11061182038" lat="18.904" changeset="1" /><node timestamp="2026-04-10T00:02:21Z" lon="72.8171328" version="1" visible="true" uid="1" user="OSMnx" id="11061182039" lat="18.903306" changeset="1" /><node timestamp="2026-04-10T00:02:21Z" lon="72.8173639" version="1" visible="true" uid="1" user="OSMnx" id="11061182040" lat="18.9031964" changeset="1" /><node timestamp="2026-04-10T00:02:21Z" lon="72.8069946" version="1" visible="true" uid="1" user="OSMnx" id="11061199724" lat="18.9029728" changeset="1" /><node timestamp="2026-04-10T00:02:21Z" lon="72.8081924" version="1" visible="true" uid="1" user="OSMnx" id="11061215152" lat="18.9036202" changeset="1" /><node timestamp="2026-04-10T00:02:21Z" lon="72.8095626" version="1" visible="true" uid="1" user="OSMnx" id="11061215153" lat="18.9035448" changeset="1" /><node timestamp="2026-04-10T00:02:21Z" lon="72.8084944" version="1" visible="true" uid="1" user="OSMnx" id="11061221649" lat="18.9134304" changeset="1" /><node timestamp="2026-04-10T00:02:21Z" lon="72.8085565" version="1" visible="true" uid="1" user="OSMnx" id="11061221650" lat="18.9134452" changeset="1" /><node timestamp="2026-04-10T00:02:21Z" lon="72.8085552" version="1" visible="true" uid="1" user="OSMnx" id="11061221651" lat="18.9134986" changeset="1" /><node timestamp="2026-04-10T00:02:21Z" lon="72.8086492" version="1" visible="true" uid="1" user="OSMnx" id="11061221652" lat="18.9136823" changeset="1" /><node timestamp="2026-04-10T00:02:21Z" lon="72.8086722" version="1" visible="true" uid="1" user="OSMnx" id="11061221653" lat="18.9137854" changeset="1" /><node timestamp="2026-04-10T00:02:21Z" lon="72.8184616" version="1" visible="true" uid="1" user="OSMnx" id="11061240764" lat="18.913314" changeset="1" /><node timestamp="2026-04-10T00:02:21Z" lon="72.8083905" version="1" visible="true" uid="1" user="OSMnx" id="11064882620" lat="18.9095918" changeset="1" /><node timestamp="2026-04-10T00:02:21Z" lon="72.8073692" version="1" visible="true" uid="1" user="OSMnx" id="11064882621" lat="18.9104516" changeset="1" /><node timestamp="2026-04-10T00:02:21Z" lon="72.8070633" version="1" visible="true" uid="1" user="OSMnx" id="11064882625" lat="18.9099423" changeset="1" /><node timestamp="2026-04-10T00:02:21Z" lon="72.8088771" version="1" visible="true" uid="1" user="OSMnx" id="11065057625" lat="18.9092597" changeset="1" /><node timestamp="2026-04-10T00:02:21Z" lon="72.8088921" version="1" visible="true" uid="1" user="OSMnx" id="11065057628" lat="18.9075122" changeset="1" /><node timestamp="2026-04-10T00:02:21Z" lon="72.8116363" version="1" visible="true" uid="1" user="OSMnx" id="11066914729" lat="18.9003373" changeset="1" /><node timestamp="2026-04-10T00:02:21Z" lon="72.8116679" version="1" visible="true" uid="1" user="OSMnx" id="11066914730" lat="18.9003494" changeset="1" /><node timestamp="2026-04-10T00:02:21Z" lon="72.8117018" version="1" visible="true" uid="1" user="OSMnx" id="11066914731" lat="18.900352" changeset="1" /><node timestamp="2026-04-10T00:02:21Z" lon="72.811758" version="1" visible="true" uid="1" user="OSMnx" id="11066914732" lat="18.9003328" changeset="1" /><node timestamp="2026-04-10T00:02:21Z" lon="72.8117774" version="1" visible="true" uid="1" user="OSMnx" id="11066914733" lat="18.9003162" changeset="1" /><node timestamp="2026-04-10T00:02:21Z" lon="72.8118039" version="1" visible="true" uid="1" user="OSMnx" id="11066914734" lat="18.900261" changeset="1" /><node timestamp="2026-04-10T00:02:21Z" lon="72.8117443" version="1" visible="true" uid="1" user="OSMnx" id="11066914735" lat="18.900153" changeset="1" /><node timestamp="2026-04-10T00:02:21Z" lon="72.8117133" version="1" visible="true" uid="1" user="OSMnx" id="11066914736" lat="18.900143" changeset="1" /><node timestamp="2026-04-10T00:02:21Z" lon="72.8116806" version="1" visible="true" uid="1" user="OSMnx" id="11066914737" lat="18.9001421" changeset="1" /><node timestamp="2026-04-10T00:02:21Z" lon="72.811597" version="1" visible="true" uid="1" user="OSMnx" id="11066914738" lat="18.900194" changeset="1" /><node timestamp="2026-04-10T00:02:21Z" lon="72.8115844" version="1" visible="true" uid="1" user="OSMnx" id="11066914739" lat="18.9002252" changeset="1" /><node timestamp="2026-04-10T00:02:21Z" lon="72.8288162" version="1" visible="true" uid="1" user="OSMnx" id="11068259095" lat="18.9175498" changeset="1" /><node timestamp="2026-04-10T00:02:21Z" lon="72.8292086" version="1" visible="true" uid="1" user="OSMnx" id="11068259096" lat="18.9171023" changeset="1" /><node timestamp="2026-04-10T00:02:21Z" lon="72.8299561" version="1" visible="true" uid="1" user="OSMnx" id="11068272121" lat="18.9153872" changeset="1" /><node timestamp="2026-04-10T00:02:21Z" lon="72.8288674" version="1" visible="true" uid="1" user="OSMnx" id="11068721851" lat="18.9169643" changeset="1" /><node timestamp="2026-04-10T00:02:21Z" lon="72.8283495" version="1" visible="true" uid="1" user="OSMnx" id="11068751433" lat="18.9186059" changeset="1" /><node timestamp="2026-04-10T00:02:21Z" lon="72.8287876" version="1" visible="true" uid="1" user="OSMnx" id="11068751434" lat="18.9190957" changeset="1" /><node timestamp="2026-04-10T00:02:21Z" lon="72.8254069" version="1" visible="true" uid="1" user="OSMnx" id="11070428751" lat="18.9109471" changeset="1" /><node timestamp="2026-04-10T00:02:21Z" lon="72.825125" version="1" visible="true" uid="1" user="OSMnx" id="11070428752" lat="18.9107584" changeset="1" /><node timestamp="2026-04-10T00:02:21Z" lon="72.8250982" version="1" visible="true" uid="1" user="OSMnx" id="11070428753" lat="18.9106686" changeset="1" /><node timestamp="2026-04-10T00:02:21Z" lon="72.8253057" version="1" visible="true" uid="1" user="OSMnx" id="11070428754" lat="18.9104075" changeset="1" /><node timestamp="2026-04-10T00:02:21Z" lon="72.8254184" version="1" visible="true" uid="1" user="OSMnx" id="11070428755" lat="18.9103974" changeset="1" /><node timestamp="2026-04-10T00:02:21Z" lon="72.8257096" version="1" visible="true" uid="1" user="OSMnx" id="11070428756" lat="18.9106135" changeset="1" /><node timestamp="2026-04-10T00:02:21Z" lon="72.8251024" version="1" visible="true" uid="1" user="OSMnx" id="11070437998" lat="18.9112826" changeset="1" /><node timestamp="2026-04-10T00:02:21Z" lon="72.8247117" version="1" visible="true" uid="1" user="OSMnx" id="11070437999" lat="18.9109743" changeset="1" /><node timestamp="2026-04-10T00:02:21Z" lon="72.8249541" version="1" visible="true" uid="1" user="OSMnx" id="11070438000" lat="18.9107269" changeset="1" /><node timestamp="2026-04-10T00:02:21Z" lon="72.8252966" version="1" visible="true" uid="1" user="OSMnx" id="11070438001" lat="18.9110033" changeset="1" /><node timestamp="2026-04-10T00:02:21Z" lon="72.8250629" version="1" visible="true" uid="1" user="OSMnx" id="11070438002" lat="18.911252" changeset="1" /><node timestamp="2026-04-10T00:02:21Z" lon="72.822929" version="1" visible="true" uid="1" user="OSMnx" id="11070438228" lat="18.9123866" changeset="1" /><node timestamp="2026-04-10T00:02:21Z" lon="72.8217047" version="1" visible="true" uid="1" user="OSMnx" id="11070497149" lat="18.9120188" changeset="1" /><node timestamp="2026-04-10T00:02:21Z" lon="72.8216213" version="1" visible="true" uid="1" user="OSMnx" id="11070497150" lat="18.911943" changeset="1" /><node timestamp="2026-04-10T00:02:21Z" lon="72.8281068" version="1" visible="true" uid="1" user="OSMnx" id="11133432352" lat="18.9281629" changeset="1" /><node timestamp="2026-04-10T00:02:21Z" lon="72.8280974" version="1" visible="true" uid="1" user="OSMnx" id="11133432358" lat="18.9278923" changeset="1" /><node timestamp="2026-04-10T00:02:21Z" lon="72.828096" version="1" visible="true" uid="1" user="OSMnx" id="11133432359" lat="18.9278507" changeset="1" /><node timestamp="2026-04-10T00:02:21Z" lon="72.8192453" version="1" visible="true" uid="1" user="OSMnx" id="11137692659" lat="18.9145807" changeset="1" /><node timestamp="2026-04-10T00:02:21Z" lon="72.8271974" version="1" visible="true" uid="1" user="OSMnx" id="11173468177" lat="18.9266091" changeset="1" /><node timestamp="2026-04-10T00:02:21Z" lon="72.8108448" version="1" visible="true" uid="1" user="OSMnx" id="11174309906" lat="18.9103465" changeset="1" /><node timestamp="2026-04-10T00:02:21Z" lon="72.8108509" version="1" visible="true" uid="1" user="OSMnx" id="11174309907" lat="18.9104504" changeset="1" /><node timestamp="2026-04-10T00:02:21Z" lon="72.8104809" version="1" visible="true" uid="1" user="OSMnx" id="11174309908" lat="18.9104292" changeset="1" /><node timestamp="2026-04-10T00:02:21Z" lon="72.8105175" version="1" visible="true" uid="1" user="OSMnx" id="11174309909" lat="18.9103984" changeset="1" /><node timestamp="2026-04-10T00:02:21Z" lon="72.8105602" version="1" visible="true" uid="1" user="OSMnx" id="11174309910" lat="18.9103927" changeset="1" /><node timestamp="2026-04-10T00:02:21Z" lon="72.8106354" version="1" visible="true" uid="1" user="OSMnx" id="11174309911" lat="18.9104561" changeset="1" /><node timestamp="2026-04-10T00:02:21Z" lon="72.8109058" version="1" visible="true" uid="1" user="OSMnx" id="11174309912" lat="18.9105004" changeset="1" /><node timestamp="2026-04-10T00:02:21Z" lon="72.8110019" version="1" visible="true" uid="1" user="OSMnx" id="11174309913" lat="18.9105435" changeset="1" /><node timestamp="2026-04-10T00:02:21Z" lon="72.8251627" version="1" visible="true" uid="1" user="OSMnx" id="11182588223" lat="18.9255307" changeset="1" /><node timestamp="2026-04-10T00:02:21Z" lon="72.8290893" version="1" visible="true" uid="1" user="OSMnx" id="11189664116" lat="18.9189861" changeset="1" /><node timestamp="2026-04-10T00:02:21Z" lon="72.8291369" version="1" visible="true" uid="1" user="OSMnx" id="11189664117" lat="18.918928" changeset="1" /><node timestamp="2026-04-10T00:02:21Z" lon="72.8288923" version="1" visible="true" uid="1" user="OSMnx" id="11189664118" lat="18.9187474" changeset="1" /><node timestamp="2026-04-10T00:02:21Z" lon="72.8334882" version="1" visible="true" uid="1" user="OSMnx" id="11192467856" lat="18.9289108" changeset="1" /><node timestamp="2026-04-10T00:02:21Z" lon="72.8331911" version="1" visible="true" uid="1" user="OSMnx" id="11192467857" lat="18.9288448" changeset="1" /><node timestamp="2026-04-10T00:02:21Z" lon="72.8251082" version="1" visible="true" uid="1" user="OSMnx" id="11290169684" lat="18.9307654" changeset="1" /><node timestamp="2026-04-10T00:02:21Z" lon="72.8240647" version="1" visible="true" uid="1" user="OSMnx" id="11290171071" lat="18.9311524" changeset="1" /><node timestamp="2026-04-10T00:02:21Z" lon="72.8237379" version="1" visible="true" uid="1" user="OSMnx" id="11290171074" lat="18.931274" changeset="1" /><node timestamp="2026-04-10T00:02:21Z" lon="72.8210774" version="1" visible="true" uid="1" user="OSMnx" id="11299190783" lat="18.9237038" changeset="1" /><node timestamp="2026-04-10T00:02:21Z" lon="72.8327985" version="1" visible="true" uid="1" user="OSMnx" id="11357502774" lat="18.9329118" changeset="1" /><node timestamp="2026-04-10T00:02:21Z" lon="72.8327012" version="1" visible="true" uid="1" user="OSMnx" id="11357547960" lat="18.9302147" changeset="1" /><node timestamp="2026-04-10T00:02:21Z" lon="72.8339206" version="1" visible="true" uid="1" user="OSMnx" id="11357547961" lat="18.930426" changeset="1" /><node timestamp="2026-04-10T00:02:21Z" lon="72.8316299" version="1" visible="true" uid="1" user="OSMnx" id="11357559873" lat="18.9313498" changeset="1" /><node timestamp="2026-04-10T00:02:21Z" lon="72.8315726" version="1" visible="true" uid="1" user="OSMnx" id="11357566437" lat="18.9311972" changeset="1" /><node timestamp="2026-04-10T00:02:21Z" lon="72.8320074" version="1" visible="true" uid="1" user="OSMnx" id="11357570954" lat="18.9295709" changeset="1" /><node timestamp="2026-04-10T00:02:21Z" lon="72.8320312" version="1" visible="true" uid="1" user="OSMnx" id="11357571199" lat="18.9292314" changeset="1" /><node timestamp="2026-04-10T00:02:21Z" lon="72.8317016" version="1" visible="true" uid="1" user="OSMnx" id="11357571200" lat="18.9291508" changeset="1" /><node timestamp="2026-04-10T00:02:21Z" lon="72.8321627" version="1" visible="true" uid="1" user="OSMnx" id="11357578700" lat="18.9287184" changeset="1" /><node timestamp="2026-04-10T00:02:21Z" lon="72.82542" version="1" visible="true" uid="1" user="OSMnx" id="11594181149" lat="18.9238817" changeset="1" /><node timestamp="2026-04-10T00:02:21Z" lon="72.8180675" version="1" visible="true" uid="1" user="OSMnx" id="11950780350" lat="18.9169188" changeset="1" /><node timestamp="2026-04-10T00:02:21Z" lon="72.8174369" version="1" visible="true" uid="1" user="OSMnx" id="11950780351" lat="18.9159059" changeset="1" /><node timestamp="2026-04-10T00:02:21Z" lon="72.8174288" version="1" visible="true" uid="1" user="OSMnx" id="11950780352" lat="18.9160332" changeset="1" /><node timestamp="2026-04-10T00:02:21Z" lon="72.8173131" version="1" visible="true" uid="1" user="OSMnx" id="11950780353" lat="18.9159807" changeset="1" /><node timestamp="2026-04-10T00:02:21Z" lon="72.8173077" version="1" visible="true" uid="1" user="OSMnx" id="11950780354" lat="18.9159402" changeset="1" /><node timestamp="2026-04-10T00:02:21Z" lon="72.8180862" version="1" visible="true" uid="1" user="OSMnx" id="11950780356" lat="18.9168155" changeset="1" /><node timestamp="2026-04-10T00:02:21Z" lon="72.8181392" version="1" visible="true" uid="1" user="OSMnx" id="11950780357" lat="18.916959" changeset="1" /><node timestamp="2026-04-10T00:02:21Z" lon="72.8181512" version="1" visible="true" uid="1" user="OSMnx" id="11950780358" lat="18.917013" changeset="1" /><node timestamp="2026-04-10T00:02:21Z" lon="72.8181627" version="1" visible="true" uid="1" user="OSMnx" id="11950780359" lat="18.9169621" changeset="1" /><node timestamp="2026-04-10T00:02:21Z" lon="72.8182218" version="1" visible="true" uid="1" user="OSMnx" id="11950780360" lat="18.9168222" changeset="1" /><node timestamp="2026-04-10T00:02:21Z" lon="72.8246677" version="1" visible="true" uid="1" user="OSMnx" id="11950780361" lat="18.9157587" changeset="1" /><node timestamp="2026-04-10T00:02:21Z" lon="72.8314533" version="1" visible="true" uid="1" user="OSMnx" id="11950780590" lat="18.917682" changeset="1" /><node timestamp="2026-04-10T00:02:21Z" lon="72.8317596" version="1" visible="true" uid="1" user="OSMnx" id="11950780610" lat="18.9183005" changeset="1" /><node timestamp="2026-04-10T00:02:21Z" lon="72.8217104" version="1" visible="true" uid="1" user="OSMnx" id="11951270851" lat="18.9144265" changeset="1" /><node timestamp="2026-04-10T00:02:21Z" lon="72.823819" version="1" visible="true" uid="1" user="OSMnx" id="11952282406" lat="18.929475" changeset="1" /><node timestamp="2026-04-10T00:02:21Z" lon="72.8238087" version="1" visible="true" uid="1" user="OSMnx" id="11952282407" lat="18.929557" changeset="1" /><node timestamp="2026-04-10T00:02:21Z" lon="72.8238389" version="1" visible="true" uid="1" user="OSMnx" id="11952282408" lat="18.9297111" changeset="1" /><node timestamp="2026-04-10T00:02:21Z" lon="72.8297961" version="1" visible="true" uid="1" user="OSMnx" id="11952315862" lat="18.9320896" changeset="1" /><node timestamp="2026-04-10T00:02:21Z" lon="72.8324761" version="1" visible="true" uid="1" user="OSMnx" id="11955846373" lat="18.9275136" changeset="1" /><node timestamp="2026-04-10T00:02:21Z" lon="72.8256168" version="1" visible="true" uid="1" user="OSMnx" id="11978789335" lat="18.9295752" changeset="1" /><node timestamp="2026-04-10T00:02:21Z" lon="72.8291641" version="1" visible="true" uid="1" user="OSMnx" id="12067711313" lat="18.9178338" changeset="1" /><node timestamp="2026-04-10T00:02:21Z" lon="72.8283853" version="1" visible="true" uid="1" user="OSMnx" id="12067761721" lat="18.9183076" changeset="1" /><node timestamp="2026-04-10T00:02:21Z" lon="72.8289709" version="1" visible="true" uid="1" user="OSMnx" id="12067823777" lat="18.9176885" changeset="1" /><node timestamp="2026-04-10T00:02:21Z" lon="72.829986" version="1" visible="true" uid="1" user="OSMnx" id="12067836505" lat="18.9173336" changeset="1" /><node timestamp="2026-04-10T00:02:21Z" lon="72.8273907" version="1" visible="true" uid="1" user="OSMnx" id="12067871329" lat="18.9314427" changeset="1" /><node timestamp="2026-04-10T00:02:21Z" lon="72.8270772" version="1" visible="true" uid="1" user="OSMnx" id="12067874335" lat="18.9318085" changeset="1" /><node timestamp="2026-04-10T00:02:21Z" lon="72.8208613" version="1" visible="true" uid="1" user="OSMnx" id="12084846104" lat="18.9134969" changeset="1" /><node timestamp="2026-04-10T00:02:21Z" lon="72.8248636" version="1" visible="true" uid="1" user="OSMnx" id="12088314608" lat="18.9254048" changeset="1" /><node timestamp="2026-04-10T00:02:21Z" lon="72.8252275" version="1" visible="true" uid="1" user="OSMnx" id="12088314609" lat="18.9250125" changeset="1" /><node timestamp="2026-04-10T00:02:21Z" lon="72.8251184" version="1" visible="true" uid="1" user="OSMnx" id="12088314610" lat="18.9247329" changeset="1" /><node timestamp="2026-04-10T00:02:21Z" lon="72.8253143" version="1" visible="true" uid="1" user="OSMnx" id="12088314611" lat="18.9252343" changeset="1" /><node timestamp="2026-04-10T00:02:21Z" lon="72.8253526" version="1" visible="true" uid="1" user="OSMnx" id="12088314612" lat="18.9249851" changeset="1" /><node timestamp="2026-04-10T00:02:21Z" lon="72.8254554" version="1" visible="true" uid="1" user="OSMnx" id="12088314613" lat="18.925173" changeset="1" /><node timestamp="2026-04-10T00:02:21Z" lon="72.8254454" version="1" visible="true" uid="1" user="OSMnx" id="12088314614" lat="18.9256128" changeset="1" /><node timestamp="2026-04-10T00:02:21Z" lon="72.8253555" version="1" visible="true" uid="1" user="OSMnx" id="12088314615" lat="18.9255634" changeset="1" /><node timestamp="2026-04-10T00:02:21Z" lon="72.8253113" version="1" visible="true" uid="1" user="OSMnx" id="12088314616" lat="18.9255367" changeset="1" /><node timestamp="2026-04-10T00:02:21Z" lon="72.8252523" version="1" visible="true" uid="1" user="OSMnx" id="12088314617" lat="18.9254505" changeset="1" /><node timestamp="2026-04-10T00:02:21Z" lon="72.825826" version="1" visible="true" uid="1" user="OSMnx" id="12088314618" lat="18.9255658" changeset="1" /><node timestamp="2026-04-10T00:02:21Z" lon="72.8257961" version="1" visible="true" uid="1" user="OSMnx" id="12088314619" lat="18.9254685" changeset="1" /><node timestamp="2026-04-10T00:02:21Z" lon="72.8257639" version="1" visible="true" uid="1" user="OSMnx" id="12088314620" lat="18.9254305" changeset="1" /><node timestamp="2026-04-10T00:02:21Z" lon="72.8256861" version="1" visible="true" uid="1" user="OSMnx" id="12088314621" lat="18.9253455" changeset="1" /><node timestamp="2026-04-10T00:02:21Z" lon="72.8255762" version="1" visible="true" uid="1" user="OSMnx" id="12088314622" lat="18.9252351" changeset="1" /><node timestamp="2026-04-10T00:02:21Z" lon="72.8255145" version="1" visible="true" uid="1" user="OSMnx" id="12088314623" lat="18.9251894" changeset="1" /><node timestamp="2026-04-10T00:02:21Z" lon="72.8254695" version="1" visible="true" uid="1" user="OSMnx" id="12088314624" lat="18.9251744" changeset="1" /><node timestamp="2026-04-10T00:02:21Z" lon="72.825438" version="1" visible="true" uid="1" user="OSMnx" id="12088314625" lat="18.9251712" changeset="1" /><node timestamp="2026-04-10T00:02:21Z" lon="72.8254038" version="1" visible="true" uid="1" user="OSMnx" id="12088314626" lat="18.9251763" changeset="1" /><node timestamp="2026-04-10T00:02:21Z" lon="72.8253609" version="1" visible="true" uid="1" user="OSMnx" id="12088314627" lat="18.9251941" changeset="1" /><node timestamp="2026-04-10T00:02:21Z" lon="72.8253388" version="1" visible="true" uid="1" user="OSMnx" id="12088314628" lat="18.9252112" changeset="1" /><node timestamp="2026-04-10T00:02:21Z" lon="72.8253019" version="1" visible="true" uid="1" user="OSMnx" id="12088314629" lat="18.9252461" changeset="1" /><node timestamp="2026-04-10T00:02:21Z" lon="72.825259" version="1" visible="true" uid="1" user="OSMnx" id="12088314630" lat="18.9252955" changeset="1" /><node timestamp="2026-04-10T00:02:21Z" lon="72.8252429" version="1" visible="true" uid="1" user="OSMnx" id="12088314631" lat="18.925338" changeset="1" /><node timestamp="2026-04-10T00:02:21Z" lon="72.8283502" version="1" visible="true" uid="1" user="OSMnx" id="12199027443" lat="18.9220853" changeset="1" /><node timestamp="2026-04-10T00:02:21Z" lon="72.8340883" version="1" visible="true" uid="1" user="OSMnx" id="12258182375" lat="18.9284232" changeset="1" /><node timestamp="2026-04-10T00:02:21Z" lon="72.8343213" version="1" visible="true" uid="1" user="OSMnx" id="12260431034" lat="18.9322017" changeset="1" /><node timestamp="2026-04-10T00:02:21Z" lon="72.834242" version="1" visible="true" uid="1" user="OSMnx" id="12260431035" lat="18.9320718" changeset="1" /><node timestamp="2026-04-10T00:02:21Z" lon="72.8311945" version="1" visible="true" uid="1" user="OSMnx" id="12260986156" lat="18.9327888" changeset="1" /><node timestamp="2026-04-10T00:02:21Z" lon="72.8347607" version="1" visible="true" uid="1" user="OSMnx" id="12273088586" lat="18.9300291" changeset="1" /><node timestamp="2026-04-10T00:02:21Z" lon="72.8347986" version="1" visible="true" uid="1" user="OSMnx" id="12273088587" lat="18.9300089" changeset="1" /><node timestamp="2026-04-10T00:02:21Z" lon="72.8348419" version="1" visible="true" uid="1" user="OSMnx" id="12273088588" lat="18.9299965" changeset="1" /><node timestamp="2026-04-10T00:02:21Z" lon="72.8348855" version="1" visible="true" uid="1" user="OSMnx" id="12273088589" lat="18.9299941" changeset="1" /><node timestamp="2026-04-10T00:02:21Z" lon="72.8332529" version="1" visible="true" uid="1" user="OSMnx" id="12299166851" lat="18.9269006" changeset="1" /><node timestamp="2026-04-10T00:02:21Z" lon="72.8267237" version="1" visible="true" uid="1" user="OSMnx" id="12299724446" lat="18.9229468" changeset="1" /><node timestamp="2026-04-10T00:02:21Z" lon="72.8322818" version="1" visible="true" uid="1" user="OSMnx" id="12309203487" lat="18.9248239" changeset="1" /><node timestamp="2026-04-10T00:02:21Z" lon="72.8326918" version="1" visible="true" uid="1" user="OSMnx" id="12309203489" lat="18.9251725" changeset="1" /><node timestamp="2026-04-10T00:02:21Z" lon="72.8224012" version="1" visible="true" uid="1" user="OSMnx" id="12309203496" lat="18.9251657" changeset="1" /><node timestamp="2026-04-10T00:02:21Z" lon="72.8223315" version="1" visible="true" uid="1" user="OSMnx" id="12309203497" lat="18.9248435" changeset="1" /><node timestamp="2026-04-10T00:02:21Z" lon="72.8213337" version="1" visible="true" uid="1" user="OSMnx" id="12309216405" lat="18.9238426" changeset="1" /><node timestamp="2026-04-10T00:02:21Z" lon="72.821441" version="1" visible="true" uid="1" user="OSMnx" id="12309216406" lat="18.9238476" changeset="1" /><node timestamp="2026-04-10T00:02:21Z" lon="72.8230344" version="1" visible="true" uid="1" user="OSMnx" id="12343177493" lat="18.9258623" changeset="1" /><node timestamp="2026-04-10T00:02:21Z" lon="72.8317242" version="1" visible="true" uid="1" user="OSMnx" id="12350777514" lat="18.9216718" changeset="1" /><node timestamp="2026-04-10T00:02:21Z" lon="72.8319156" version="1" visible="true" uid="1" user="OSMnx" id="12350777515" lat="18.9215946" changeset="1" /><node timestamp="2026-04-10T00:02:21Z" lon="72.832273" version="1" visible="true" uid="1" user="OSMnx" id="12350777516" lat="18.9214382" changeset="1" /><node timestamp="2026-04-10T00:02:21Z" lon="72.8327526" version="1" visible="true" uid="1" user="OSMnx" id="12350777517" lat="18.921239" changeset="1" /><node timestamp="2026-04-10T00:02:21Z" lon="72.8332111" version="1" visible="true" uid="1" user="OSMnx" id="12350777518" lat="18.9210554" changeset="1" /><node timestamp="2026-04-10T00:02:21Z" lon="72.8331594" version="1" visible="true" uid="1" user="OSMnx" id="12350777519" lat="18.9210732" changeset="1" /><node timestamp="2026-04-10T00:02:21Z" lon="72.8323225" version="1" visible="true" uid="1" user="OSMnx" id="12350777521" lat="18.9214176" changeset="1" /><node timestamp="2026-04-10T00:02:21Z" lon="72.831058" version="1" visible="true" uid="1" user="OSMnx" id="12350793007" lat="18.9219274" changeset="1" /><node timestamp="2026-04-10T00:02:21Z" lon="72.830834" version="1" visible="true" uid="1" user="OSMnx" id="12350810684" lat="18.9213737" changeset="1" /><node timestamp="2026-04-10T00:02:21Z" lon="72.8238387" version="1" visible="true" uid="1" user="OSMnx" id="12353829986" lat="18.9125209" changeset="1" /><node timestamp="2026-04-10T00:02:21Z" lon="72.824489" version="1" visible="true" uid="1" user="OSMnx" id="12353829987" lat="18.9118311" changeset="1" /><node timestamp="2026-04-10T00:02:21Z" lon="72.8240071" version="1" visible="true" uid="1" user="OSMnx" id="12353829988" lat="18.9123462" changeset="1" /><node timestamp="2026-04-10T00:02:21Z" lon="72.8240635" version="1" visible="true" uid="1" user="OSMnx" id="12353829989" lat="18.912398" changeset="1" /><node timestamp="2026-04-10T00:02:21Z" lon="72.8221262" version="1" visible="true" uid="1" user="OSMnx" id="12373566825" lat="18.9268087" changeset="1" /><node timestamp="2026-04-10T00:02:21Z" lon="72.8206209" version="1" visible="true" uid="1" user="OSMnx" id="12378144234" lat="18.9280626" changeset="1" /><node timestamp="2026-04-10T00:02:21Z" lon="72.8207131" version="1" visible="true" uid="1" user="OSMnx" id="12378144235" lat="18.9279848" changeset="1" /><node timestamp="2026-04-10T00:02:21Z" lon="72.8356082" version="1" visible="true" uid="1" user="OSMnx" id="12400112791" lat="18.9314499" changeset="1" /><node timestamp="2026-04-10T00:02:21Z" lon="72.8365344" version="1" visible="true" uid="1" user="OSMnx" id="12400112795" lat="18.93302" changeset="1" /><node timestamp="2026-04-10T00:02:21Z" lon="72.8358316" version="1" visible="true" uid="1" user="OSMnx" id="12400147208" lat="18.9323742" changeset="1" /><node timestamp="2026-04-10T00:02:21Z" lon="72.8357756" version="1" visible="true" uid="1" user="OSMnx" id="12400147209" lat="18.932394" changeset="1" /><node timestamp="2026-04-10T00:02:21Z" lon="72.8215752" version="1" visible="true" uid="1" user="OSMnx" id="12414405104" lat="18.914324" changeset="1" /><node timestamp="2026-04-10T00:02:21Z" lon="72.8205882" version="1" visible="true" uid="1" user="OSMnx" id="12414405105" lat="18.9129833" changeset="1" /><node timestamp="2026-04-10T00:02:21Z" lon="72.8204432" version="1" visible="true" uid="1" user="OSMnx" id="12414405106" lat="18.9129971" changeset="1" /><node timestamp="2026-04-10T00:02:21Z" lon="72.820272" version="1" visible="true" uid="1" user="OSMnx" id="12414405107" lat="18.9126258" changeset="1" /><node timestamp="2026-04-10T00:02:21Z" lon="72.8191088" version="1" visible="true" uid="1" user="OSMnx" id="12415277159" lat="18.9263128" changeset="1" /><node timestamp="2026-04-10T00:02:21Z" lon="72.819212" version="1" visible="true" uid="1" user="OSMnx" id="12415277160" lat="18.9262405" changeset="1" /><node timestamp="2026-04-10T00:02:21Z" lon="72.8278084" version="1" visible="true" uid="1" user="OSMnx" id="12438097891" lat="18.9171644" changeset="1" /><node timestamp="2026-04-10T00:02:21Z" lon="72.8217643" version="1" visible="true" uid="1" user="OSMnx" id="12438102822" lat="18.9127684" changeset="1" /><node timestamp="2026-04-10T00:02:21Z" lon="72.8217069" version="1" visible="true" uid="1" user="OSMnx" id="12451314472" lat="18.9295208" changeset="1"><tag k="highway" v="crossing" /></node><node timestamp="2026-04-10T00:02:21Z" lon="72.8218425" version="1" visible="true" uid="1" user="OSMnx" id="12451314473" lat="18.9294431" changeset="1"><tag k="highway" v="crossing" /></node><node timestamp="2026-04-10T00:02:21Z" lon="72.821997" version="1" visible="true" uid="1" user="OSMnx" id="12451314474" lat="18.9295378" changeset="1"><tag k="highway" v="crossing" /></node><node timestamp="2026-04-10T00:02:21Z" lon="72.8219358" version="1" visible="true" uid="1" user="OSMnx" id="12451314475" lat="18.9294509" changeset="1"><tag k="highway" v="crossing" /></node><node timestamp="2026-04-10T00:02:21Z" lon="72.8111289" version="1" visible="true" uid="1" user="OSMnx" id="12458003300" lat="18.8993521" changeset="1" /><node timestamp="2026-04-10T00:02:21Z" lon="72.8114935" version="1" visible="true" uid="1" user="OSMnx" id="12458023601" lat="18.8991748" changeset="1" /><node timestamp="2026-04-10T00:02:21Z" lon="72.8115823" version="1" visible="true" uid="1" user="OSMnx" id="12458023602" lat="18.8991335" changeset="1" /><node timestamp="2026-04-10T00:02:21Z" lon="72.8116864" version="1" visible="true" uid="1" user="OSMnx" id="12458023603" lat="18.8990846" changeset="1" /><node timestamp="2026-04-10T00:02:21Z" lon="72.8117159" version="1" visible="true" uid="1" user="OSMnx" id="12458023604" lat="18.8990648" changeset="1" /><node timestamp="2026-04-10T00:02:21Z" lon="72.8117302" version="1" visible="true" uid="1" user="OSMnx" id="12458023605" lat="18.8990265" changeset="1" /><node timestamp="2026-04-10T00:02:21Z" lon="72.8117355" version="1" visible="true" uid="1" user="OSMnx" id="12458023606" lat="18.8989378" changeset="1" /><node timestamp="2026-04-10T00:02:21Z" lon="72.8117258" version="1" visible="true" uid="1" user="OSMnx" id="12458023607" lat="18.8988693" changeset="1" /><node timestamp="2026-04-10T00:02:21Z" lon="72.8117202" version="1" visible="true" uid="1" user="OSMnx" id="12458023608" lat="18.898819" changeset="1" /><node timestamp="2026-04-10T00:02:21Z" lon="72.8117321" version="1" visible="true" uid="1" user="OSMnx" id="12458023609" lat="18.8987818" changeset="1" /><node timestamp="2026-04-10T00:02:21Z" lon="72.8117723" version="1" visible="true" uid="1" user="OSMnx" id="12458023610" lat="18.898752" changeset="1" /><node timestamp="2026-04-10T00:02:21Z" lon="72.8118599" version="1" visible="true" uid="1" user="OSMnx" id="12458023611" lat="18.8987156" changeset="1" /><node timestamp="2026-04-10T00:02:21Z" lon="72.8119648" version="1" visible="true" uid="1" user="OSMnx" id="12458023612" lat="18.8987003" changeset="1" /><node timestamp="2026-04-10T00:02:21Z" lon="72.8120253" version="1" visible="true" uid="1" user="OSMnx" id="12458023613" lat="18.8987177" changeset="1" /><node timestamp="2026-04-10T00:02:21Z" lon="72.8121073" version="1" visible="true" uid="1" user="OSMnx" id="12458023614" lat="18.8987581" changeset="1" /><node timestamp="2026-04-10T00:02:21Z" lon="72.8121475" version="1" visible="true" uid="1" user="OSMnx" id="12458023615" lat="18.8988371" changeset="1" /><node timestamp="2026-04-10T00:02:21Z" lon="72.8121561" version="1" visible="true" uid="1" user="OSMnx" id="12458023616" lat="18.8988967" changeset="1" /><node timestamp="2026-04-10T00:02:21Z" lon="72.8121443" version="1" visible="true" uid="1" user="OSMnx" id="12458023617" lat="18.8989816" changeset="1" /><node timestamp="2026-04-10T00:02:21Z" lon="72.8121465" version="1" visible="true" uid="1" user="OSMnx" id="12458023618" lat="18.8990644" changeset="1" /><node timestamp="2026-04-10T00:02:21Z" lon="72.8121744" version="1" visible="true" uid="1" user="OSMnx" id="12458023619" lat="18.8991238" changeset="1" /><node timestamp="2026-04-10T00:02:21Z" lon="72.812242" version="1" visible="true" uid="1" user="OSMnx" id="12458023620" lat="18.89915" changeset="1" /><node timestamp="2026-04-10T00:02:21Z" lon="72.8123162" version="1" visible="true" uid="1" user="OSMnx" id="12458023621" lat="18.89915" changeset="1" /><node timestamp="2026-04-10T00:02:21Z" lon="72.8124323" version="1" visible="true" uid="1" user="OSMnx" id="12458023622" lat="18.8991145" changeset="1" /><node timestamp="2026-04-10T00:02:21Z" lon="72.8124933" version="1" visible="true" uid="1" user="OSMnx" id="12458023623" lat="18.8991787" changeset="1" /><node timestamp="2026-04-10T00:02:21Z" lon="72.8125487" version="1" visible="true" uid="1" user="OSMnx" id="12458023624" lat="18.8992194" changeset="1" /><node timestamp="2026-04-10T00:02:21Z" lon="72.8126352" version="1" visible="true" uid="1" user="OSMnx" id="12458023625" lat="18.8992535" changeset="1" /><node timestamp="2026-04-10T00:02:21Z" lon="72.8127328" version="1" visible="true" uid="1" user="OSMnx" id="12458023626" lat="18.8992571" changeset="1" /><node timestamp="2026-04-10T00:02:21Z" lon="72.812812" version="1" visible="true" uid="1" user="OSMnx" id="12458023627" lat="18.8992531" changeset="1" /><node timestamp="2026-04-10T00:02:21Z" lon="72.8128545" version="1" visible="true" uid="1" user="OSMnx" id="12458023628" lat="18.8992286" changeset="1" /><node timestamp="2026-04-10T00:02:21Z" lon="72.8128862" version="1" visible="true" uid="1" user="OSMnx" id="12458023629" lat="18.8991721" changeset="1" /><node timestamp="2026-04-10T00:02:21Z" lon="72.812909" version="1" visible="true" uid="1" user="OSMnx" id="12458023630" lat="18.899089" changeset="1" /><node timestamp="2026-04-10T00:02:21Z" lon="72.8129077" version="1" visible="true" uid="1" user="OSMnx" id="12458023631" lat="18.8989962" changeset="1" /><node timestamp="2026-04-10T00:02:21Z" lon="72.8129067" version="1" visible="true" uid="1" user="OSMnx" id="12458023632" lat="18.8989355" changeset="1" /><node timestamp="2026-04-10T00:02:21Z" lon="72.812878" version="1" visible="true" uid="1" user="OSMnx" id="12458023633" lat="18.8988927" changeset="1" /><node timestamp="2026-04-10T00:02:21Z" lon="72.8128296" version="1" visible="true" uid="1" user="OSMnx" id="12458023634" lat="18.8988781" changeset="1" /><node timestamp="2026-04-10T00:02:21Z" lon="72.8126953" version="1" visible="true" uid="1" user="OSMnx" id="12458023635" lat="18.8988957" changeset="1" /><node timestamp="2026-04-10T00:02:21Z" lon="72.8125498" version="1" visible="true" uid="1" user="OSMnx" id="12458023636" lat="18.8989241" changeset="1" /><node timestamp="2026-04-10T00:02:21Z" lon="72.8124914" version="1" visible="true" uid="1" user="OSMnx" id="12458023637" lat="18.8989441" changeset="1" /><node timestamp="2026-04-10T00:02:21Z" lon="72.812465" version="1" visible="true" uid="1" user="OSMnx" id="12458023638" lat="18.8989715" changeset="1" /><node timestamp="2026-04-10T00:02:21Z" lon="72.8124331" version="1" visible="true" uid="1" user="OSMnx" id="12458023639" lat="18.8990205" changeset="1" /><node timestamp="2026-04-10T00:02:21Z" lon="72.8119807" version="1" visible="true" uid="1" user="OSMnx" id="12458023640" lat="18.898651" changeset="1" /><node timestamp="2026-04-10T00:02:21Z" lon="72.8119948" version="1" visible="true" uid="1" user="OSMnx" id="12458023641" lat="18.8985761" changeset="1" /><node timestamp="2026-04-10T00:02:21Z" lon="72.8267741" version="1" visible="true" uid="1" user="OSMnx" id="12484130381" lat="18.9242911" changeset="1" /><node timestamp="2026-04-10T00:02:21Z" lon="72.8268147" version="1" visible="true" uid="1" user="OSMnx" id="12484130388" lat="18.9247247" changeset="1" /><node timestamp="2026-04-10T00:02:21Z" lon="72.8317819" version="1" visible="true" uid="1" user="OSMnx" id="12557973951" lat="18.9314776" changeset="1" /><node timestamp="2026-04-10T00:02:21Z" lon="72.8109585" version="1" visible="true" uid="1" user="OSMnx" id="12573469431" lat="18.9014188" changeset="1" /><node timestamp="2026-04-10T00:02:21Z" lon="72.8109579" version="1" visible="true" uid="1" user="OSMnx" id="12573469432" lat="18.901284" changeset="1" /><node timestamp="2026-04-10T00:02:21Z" lon="72.810949" version="1" visible="true" uid="1" user="OSMnx" id="12573469433" lat="18.901253" changeset="1" /><node timestamp="2026-04-10T00:02:21Z" lon="72.8270526" version="1" visible="true" uid="1" user="OSMnx" id="12578581349" lat="18.916802" changeset="1" /><node timestamp="2026-04-10T00:02:21Z" lon="72.8269336" version="1" visible="true" uid="1" user="OSMnx" id="12578581356" lat="18.9166603" changeset="1" /><node timestamp="2026-04-10T00:02:21Z" lon="72.8270001" version="1" visible="true" uid="1" user="OSMnx" id="12586989040" lat="18.9257049" changeset="1" /><node timestamp="2026-04-10T00:02:21Z" lon="72.8269062" version="1" visible="true" uid="1" user="OSMnx" id="12586989042" lat="18.9257036" changeset="1" /><node timestamp="2026-04-10T00:02:21Z" lon="72.8268805" version="1" visible="true" uid="1" user="OSMnx" id="12586989043" lat="18.9254291" changeset="1" /><node timestamp="2026-04-10T00:02:21Z" lon="72.8269167" version="1" visible="true" uid="1" user="OSMnx" id="12586989044" lat="18.9247209" changeset="1" /><node timestamp="2026-04-10T00:02:21Z" lon="72.8268736" version="1" visible="true" uid="1" user="OSMnx" id="12586989045" lat="18.9242816" changeset="1" /><node timestamp="2026-04-10T00:02:21Z" lon="72.8278879" version="1" visible="true" uid="1" user="OSMnx" id="12587158362" lat="18.9328624" changeset="1" /><node timestamp="2026-04-10T00:02:21Z" lon="72.8278994" version="1" visible="true" uid="1" user="OSMnx" id="12587158363" lat="18.9330295" changeset="1" /><node timestamp="2026-04-10T00:02:21Z" lon="72.827966" version="1" visible="true" uid="1" user="OSMnx" id="12587158364" lat="18.932809" changeset="1" /><node timestamp="2026-04-10T00:02:21Z" lon="72.8285316" version="1" visible="true" uid="1" user="OSMnx" id="12587158365" lat="18.9326938" changeset="1" /><node timestamp="2026-04-10T00:02:21Z" lon="72.827029" version="1" visible="true" uid="1" user="OSMnx" id="12632085906" lat="18.9266777" changeset="1" /><node timestamp="2026-04-10T00:02:21Z" lon="72.830043" version="1" visible="true" uid="1" user="OSMnx" id="12722134887" lat="18.9327534" changeset="1"><tag k="highway" v="crossing" /></node><node timestamp="2026-04-10T00:02:21Z" lon="72.8299965" version="1" visible="true" uid="1" user="OSMnx" id="12722134889" lat="18.9325216" changeset="1" /><node timestamp="2026-04-10T00:02:21Z" lon="72.8280495" version="1" visible="true" uid="1" user="OSMnx" id="12722358655" lat="18.9267202" changeset="1" /><node timestamp="2026-04-10T00:02:21Z" lon="72.8272709" version="1" visible="true" uid="1" user="OSMnx" id="12753863008" lat="18.9320309" changeset="1" /><node timestamp="2026-04-10T00:02:21Z" lon="72.8272943" version="1" visible="true" uid="1" user="OSMnx" id="12753868115" lat="18.9320578" changeset="1" /><node timestamp="2026-04-10T00:02:21Z" lon="72.8272692" version="1" visible="true" uid="1" user="OSMnx" id="12799950003" lat="18.9142445" changeset="1" /><node timestamp="2026-04-10T00:02:21Z" lon="72.833832" version="1" visible="true" uid="1" user="OSMnx" id="12800083983" lat="18.9233882" changeset="1"><tag k="highway" v="crossing" /></node><node timestamp="2026-04-10T00:02:21Z" lon="72.827871" version="1" visible="true" uid="1" user="OSMnx" id="12887958403" lat="18.932818" changeset="1" /><node timestamp="2026-04-10T00:02:21Z" lon="72.8319232" version="1" visible="true" uid="1" user="OSMnx" id="12894396026" lat="18.9256021" changeset="1" /><node timestamp="2026-04-10T00:02:21Z" lon="72.8337867" version="1" visible="true" uid="1" user="OSMnx" id="12945909672" lat="18.9235493" changeset="1" /><node timestamp="2026-04-10T00:02:21Z" lon="72.8319799" version="1" visible="true" uid="1" user="OSMnx" id="12945909690" lat="18.9241068" changeset="1" /><node timestamp="2026-04-10T00:02:21Z" lon="72.823096" version="1" visible="true" uid="1" user="OSMnx" id="12948753736" lat="18.9321633" changeset="1" /><node timestamp="2026-04-10T00:02:21Z" lon="72.8225315" version="1" visible="true" uid="1" user="OSMnx" id="12948753737" lat="18.9309541" changeset="1" /><node timestamp="2026-04-10T00:02:21Z" lon="72.8355469" version="1" visible="true" uid="1" user="OSMnx" id="12948782012" lat="18.9305445" changeset="1" /><node timestamp="2026-04-10T00:02:21Z" lon="72.8216226" version="1" visible="true" uid="1" user="OSMnx" id="13005872832" lat="18.9254228" changeset="1" /><node timestamp="2026-04-10T00:02:21Z" lon="72.8208251" version="1" visible="true" uid="1" user="OSMnx" id="13005872834" lat="18.9254642" changeset="1" /><node timestamp="2026-04-10T00:02:21Z" lon="72.824785" version="1" visible="true" uid="1" user="OSMnx" id="13015390769" lat="18.928954" changeset="1" /><node timestamp="2026-04-10T00:02:21Z" lon="72.8247584" version="1" visible="true" uid="1" user="OSMnx" id="13015390770" lat="18.9289776" changeset="1" /><node timestamp="2026-04-10T00:02:21Z" lon="72.8247358" version="1" visible="true" uid="1" user="OSMnx" id="13015390771" lat="18.929019" changeset="1" /><node timestamp="2026-04-10T00:02:21Z" lon="72.8247293" version="1" visible="true" uid="1" user="OSMnx" id="13015390772" lat="18.9290652" changeset="1" /><node timestamp="2026-04-10T00:02:21Z" lon="72.8247396" version="1" visible="true" uid="1" user="OSMnx" id="13015390773" lat="18.9291108" changeset="1" /><node timestamp="2026-04-10T00:02:21Z" lon="72.8247655" version="1" visible="true" uid="1" user="OSMnx" id="13015390774" lat="18.9291505" changeset="1" /><node timestamp="2026-04-10T00:02:21Z" lon="72.825012" version="1" visible="true" uid="1" user="OSMnx" id="13015390775" lat="18.9290204" changeset="1" /><node timestamp="2026-04-10T00:02:21Z" lon="72.8248349" version="1" visible="true" uid="1" user="OSMnx" id="13015390776" lat="18.9289283" changeset="1" /><node timestamp="2026-04-10T00:02:21Z" lon="72.824804" version="1" visible="true" uid="1" user="OSMnx" id="13015390777" lat="18.9291796" changeset="1" /><node timestamp="2026-04-10T00:02:21Z" lon="72.8248506" version="1" visible="true" uid="1" user="OSMnx" id="13015390778" lat="18.9291948" changeset="1" /><node timestamp="2026-04-10T00:02:21Z" lon="72.8248999" version="1" visible="true" uid="1" user="OSMnx" id="13015390779" lat="18.9291943" changeset="1" /><node timestamp="2026-04-10T00:02:21Z" lon="72.8249461" version="1" visible="true" uid="1" user="OSMnx" id="13015390780" lat="18.9291781" changeset="1" /><node timestamp="2026-04-10T00:02:21Z" lon="72.8249839" version="1" visible="true" uid="1" user="OSMnx" id="13015390781" lat="18.9291482" changeset="1" /><node timestamp="2026-04-10T00:02:21Z" lon="72.8249198" version="1" visible="true" uid="1" user="OSMnx" id="13015390784" lat="18.9291873" changeset="1" /><node timestamp="2026-04-10T00:02:21Z" lon="72.8262045" version="1" visible="true" uid="1" user="OSMnx" id="13015390785" lat="18.930475" changeset="1" /><node timestamp="2026-04-10T00:02:21Z" lon="72.8259223" version="1" visible="true" uid="1" user="OSMnx" id="13015390786" lat="18.9304781" changeset="1" /><node timestamp="2026-04-10T00:02:21Z" lon="72.826182" version="1" visible="true" uid="1" user="OSMnx" id="13015390787" lat="18.930514" changeset="1" /><node timestamp="2026-04-10T00:02:21Z" lon="72.8262075" version="1" visible="true" uid="1" user="OSMnx" id="13015390788" lat="18.9303872" changeset="1" /><node timestamp="2026-04-10T00:02:21Z" lon="72.8259158" version="1" visible="true" uid="1" user="OSMnx" id="13015390790" lat="18.9304648" changeset="1" /><node timestamp="2026-04-10T00:02:21Z" lon="72.8259106" version="1" visible="true" uid="1" user="OSMnx" id="13015390791" lat="18.9304198" changeset="1" /><node timestamp="2026-04-10T00:02:21Z" lon="72.8259443" version="1" visible="true" uid="1" user="OSMnx" id="13015390792" lat="18.9303364" changeset="1" /><node timestamp="2026-04-10T00:02:21Z" lon="72.8262133" version="1" visible="true" uid="1" user="OSMnx" id="13015390793" lat="18.9304313" changeset="1" /><node timestamp="2026-04-10T00:02:21Z" lon="72.8260097" version="1" visible="true" uid="1" user="OSMnx" id="13015390795" lat="18.9305613" changeset="1" /><node timestamp="2026-04-10T00:02:21Z" lon="72.825968" version="1" visible="true" uid="1" user="OSMnx" id="13015390799" lat="18.9305392" changeset="1" /><node timestamp="2026-04-10T00:02:21Z" lon="72.8259262" version="1" visible="true" uid="1" user="OSMnx" id="13015390800" lat="18.930366" changeset="1" /><node timestamp="2026-04-10T00:02:21Z" lon="72.8260221" version="1" visible="true" uid="1" user="OSMnx" id="13015483301" lat="18.9302885" changeset="1" /><node timestamp="2026-04-10T00:02:21Z" lon="72.8260688" version="1" visible="true" uid="1" user="OSMnx" id="13015483302" lat="18.9302836" changeset="1" /><node timestamp="2026-04-10T00:02:21Z" lon="72.8261148" version="1" visible="true" uid="1" user="OSMnx" id="13015483303" lat="18.9302925" changeset="1" /><node timestamp="2026-04-10T00:02:21Z" lon="72.8261877" version="1" visible="true" uid="1" user="OSMnx" id="13015483304" lat="18.9303469" changeset="1" /><node timestamp="2026-04-10T00:02:21Z" lon="72.8258163" version="1" visible="true" uid="1" user="OSMnx" id="13015483305" lat="18.9300347" changeset="1" /><node timestamp="2026-04-10T00:02:21Z" lon="72.8219394" version="1" visible="true" uid="1" user="OSMnx" id="13073684401" lat="18.9295946" changeset="1"><tag k="highway" v="traffic_signals" /></node><node timestamp="2026-04-10T00:02:21Z" lon="72.8218884" version="1" visible="true" uid="1" user="OSMnx" id="13073684402" lat="18.9294784" changeset="1"><tag k="highway" v="traffic_signals" /></node><node timestamp="2026-04-10T00:02:21Z" lon="72.8217236" version="1" visible="true" uid="1" user="OSMnx" id="13073684403" lat="18.9295448" changeset="1"><tag k="highway" v="traffic_signals" /></node><node timestamp="2026-04-10T00:02:21Z" lon="72.8232517" version="1" visible="true" uid="1" user="OSMnx" id="13073684405" lat="18.9314563" changeset="1"><tag k="highway" v="traffic_signals" /></node><node timestamp="2026-04-10T00:02:21Z" lon="72.8230997" version="1" visible="true" uid="1" user="OSMnx" id="13073684406" lat="18.9318593" changeset="1"><tag k="highway" v="traffic_signals" /></node><node timestamp="2026-04-10T00:02:21Z" lon="72.8200769" version="1" visible="true" uid="1" user="OSMnx" id="13143803116" lat="18.9267589" changeset="1" /><node timestamp="2026-04-10T00:02:21Z" lon="72.8204005" version="1" visible="true" uid="1" user="OSMnx" id="13143803119" lat="18.9265121" changeset="1" /><node timestamp="2026-04-10T00:02:21Z" lon="72.8233048" version="1" visible="true" uid="1" user="OSMnx" id="13236079138" lat="18.9327243" changeset="1" /><node timestamp="2026-04-10T00:02:21Z" lon="72.8216073" version="1" visible="true" uid="1" user="OSMnx" id="13257254185" lat="18.9293778" changeset="1" /><node timestamp="2026-04-10T00:02:21Z" lon="72.8209733" version="1" visible="true" uid="1" user="OSMnx" id="13257254186" lat="18.9284687" changeset="1" /><node timestamp="2026-04-10T00:02:21Z" lon="72.8226569" version="1" visible="true" uid="1" user="OSMnx" id="13257254187" lat="18.9312171" changeset="1" /><node timestamp="2026-04-10T00:02:21Z" lon="72.8220696" version="1" visible="true" uid="1" user="OSMnx" id="13257265784" lat="18.9298207" changeset="1" /><node timestamp="2026-04-10T00:02:21Z" lon="72.823208" version="1" visible="true" uid="1" user="OSMnx" id="13257265785" lat="18.9321156" changeset="1" /><node timestamp="2026-04-10T00:02:21Z" lon="72.8337384" version="1" visible="true" uid="1" user="OSMnx" id="13301329176" lat="18.9235043" changeset="1" /><node timestamp="2026-04-10T00:02:21Z" lon="72.8335348" version="1" visible="true" uid="1" user="OSMnx" id="13301329179" lat="18.9237488" changeset="1" /><node timestamp="2026-04-10T00:02:21Z" lon="72.8215715" version="1" visible="true" uid="1" user="OSMnx" id="13310384753" lat="18.9242772" changeset="1" /><node timestamp="2026-04-10T00:02:21Z" lon="72.8088015" version="1" visible="true" uid="1" user="OSMnx" id="13316134556" lat="18.8973436" changeset="1" /><node timestamp="2026-04-10T00:02:21Z" lon="72.8087645" version="1" visible="true" uid="1" user="OSMnx" id="13316134557" lat="18.8972997" changeset="1" /><node timestamp="2026-04-10T00:02:21Z" lon="72.8230833" version="1" visible="true" uid="1" user="OSMnx" id="13318691909" lat="18.9258316" changeset="1"><tag k="highway" v="traffic_signals" /></node><node timestamp="2026-04-10T00:02:21Z" lon="72.8230253" version="1" visible="true" uid="1" user="OSMnx" id="13318691910" lat="18.9259725" changeset="1"><tag k="highway" v="traffic_signals" /></node><node timestamp="2026-04-10T00:02:21Z" lon="72.835351" version="1" visible="true" uid="1" user="OSMnx" id="13327789496" lat="18.9302705" changeset="1" /><node timestamp="2026-04-10T00:02:21Z" lon="72.8353145" version="1" visible="true" uid="1" user="OSMnx" id="13327789497" lat="18.9303334" changeset="1" /><node timestamp="2026-04-10T00:02:21Z" lon="72.8279245" version="1" visible="true" uid="1" user="OSMnx" id="13333672653" lat="18.9229785" changeset="1" /><node timestamp="2026-04-10T00:02:21Z" lon="72.8308296" version="1" visible="true" uid="1" user="OSMnx" id="13408875728" lat="18.925628" changeset="1" /><node timestamp="2026-04-10T00:02:21Z" lon="72.8230147" version="1" visible="true" uid="1" user="OSMnx" id="13430259954" lat="18.9314195" changeset="1" /><node timestamp="2026-04-10T00:02:21Z" lon="72.8227956" version="1" visible="true" uid="1" user="OSMnx" id="13430259956" lat="18.9315081" changeset="1"><tag k="highway" v="crossing" /></node><node timestamp="2026-04-10T00:02:21Z" lon="72.8229182" version="1" visible="true" uid="1" user="OSMnx" id="13430259957" lat="18.9314585" changeset="1"><tag k="highway" v="crossing" /></node><node timestamp="2026-04-10T00:02:21Z" lon="72.8231232" version="1" visible="true" uid="1" user="OSMnx" id="13430259958" lat="18.9316171" changeset="1" /><node timestamp="2026-04-10T00:02:21Z" lon="72.8228862" version="1" visible="true" uid="1" user="OSMnx" id="13430259960" lat="18.9317021" changeset="1"><tag k="highway" v="crossing" /></node><node timestamp="2026-04-10T00:02:21Z" lon="72.8230091" version="1" visible="true" uid="1" user="OSMnx" id="13430259961" lat="18.931658" changeset="1"><tag k="highway" v="crossing" /></node><node timestamp="2026-04-10T00:02:21Z" lon="72.8230368" version="1" visible="true" uid="1" user="OSMnx" id="13430259964" lat="18.9315363" changeset="1"><tag k="highway" v="crossing" /></node><node timestamp="2026-04-10T00:02:21Z" lon="72.8227861" version="1" visible="true" uid="1" user="OSMnx" id="13430259965" lat="18.9314883" changeset="1"><tag k="highway" v="traffic_signals" /></node><node timestamp="2026-04-10T00:02:21Z" lon="72.8231791" version="1" visible="true" uid="1" user="OSMnx" id="13432151539" lat="18.9273001" changeset="1" /><node timestamp="2026-04-10T00:02:21Z" lon="72.8299533" version="1" visible="true" uid="1" user="OSMnx" id="13464335938" lat="18.932591" changeset="1" /><node timestamp="2026-04-10T00:02:21Z" lon="72.8299757" version="1" visible="true" uid="1" user="OSMnx" id="13464335939" lat="18.9327137" changeset="1" /><node timestamp="2026-04-10T00:02:21Z" lon="72.8280844" version="1" visible="true" uid="1" user="OSMnx" id="13470129546" lat="18.9330735" changeset="1"><tag k="highway" v="traffic_signals" /></node><node timestamp="2026-04-10T00:02:21Z" lon="72.8290886" version="1" visible="true" uid="1" user="OSMnx" id="13471619928" lat="18.9328206" changeset="1" /><node timestamp="2026-04-10T00:02:21Z" lon="72.8282246" version="1" visible="true" uid="1" user="OSMnx" id="13471766113" lat="18.9295701" changeset="1" /><node timestamp="2026-04-10T00:02:21Z" lon="72.8254342" version="1" visible="true" uid="1" user="OSMnx" id="13471766121" lat="18.9285952" changeset="1" /><node timestamp="2026-04-10T00:02:21Z" lon="72.8216968" version="1" visible="true" uid="1" user="OSMnx" id="13508319939" lat="18.9277163" changeset="1" /><node timestamp="2026-04-10T00:02:21Z" lon="72.8216141" version="1" visible="true" uid="1" user="OSMnx" id="13508319940" lat="18.9276881" changeset="1" /><node timestamp="2026-04-10T00:02:21Z" lon="72.8342888" version="1" visible="true" uid="1" user="OSMnx" id="13508793329" lat="18.931926" changeset="1" /><node timestamp="2026-04-10T00:02:21Z" lon="72.8274523" version="1" visible="true" uid="1" user="OSMnx" id="13514161108" lat="18.9330586" changeset="1" /><node timestamp="2026-04-10T00:02:21Z" lon="72.8287681" version="1" visible="true" uid="1" user="OSMnx" id="13515415256" lat="18.9329747" changeset="1" /><node timestamp="2026-04-10T00:02:21Z" lon="72.8281186" version="1" visible="true" uid="1" user="OSMnx" id="13515415264" lat="18.9330132" changeset="1" /><node timestamp="2026-04-10T00:02:21Z" lon="72.8280375" version="1" visible="true" uid="1" user="OSMnx" id="13515420601" lat="18.933019" changeset="1" /><node timestamp="2026-04-10T00:02:21Z" lon="72.8301883" version="1" visible="true" uid="1" user="OSMnx" id="13536129922" lat="18.932685" changeset="1" /><node timestamp="2026-04-10T00:02:21Z" lon="72.830056" version="1" visible="true" uid="1" user="OSMnx" id="13536129923" lat="18.9328317" changeset="1" /><node timestamp="2026-04-10T00:02:21Z" lon="72.8301871" version="1" visible="true" uid="1" user="OSMnx" id="13536129924" lat="18.9325587" changeset="1" /><node timestamp="2026-04-10T00:02:21Z" lon="72.8282427" version="1" visible="true" uid="1" user="OSMnx" id="13536163780" lat="18.9263575" changeset="1" /><node timestamp="2026-04-10T00:02:21Z" lon="72.8133218" version="1" visible="true" uid="1" user="OSMnx" id="13597583289" lat="18.8998232" changeset="1" /><node timestamp="2026-04-10T00:02:21Z" lon="72.8142451" version="1" visible="true" uid="1" user="OSMnx" id="13597583292" lat="18.9005401" changeset="1" /><node timestamp="2026-04-10T00:02:21Z" lon="72.8133871" version="1" visible="true" uid="1" user="OSMnx" id="13597598969" lat="18.8992259" changeset="1" /><node timestamp="2026-04-10T00:02:21Z" lon="72.8109602" version="1" visible="true" uid="1" user="OSMnx" id="13597710101" lat="18.9026" changeset="1" /><node timestamp="2026-04-10T00:02:21Z" lon="72.811228" version="1" visible="true" uid="1" user="OSMnx" id="13597710102" lat="18.9023339" changeset="1" /><node timestamp="2026-04-10T00:02:21Z" lon="72.811171" version="1" visible="true" uid="1" user="OSMnx" id="13597710103" lat="18.9024602" changeset="1" /><node timestamp="2026-04-10T00:02:21Z" lon="72.8111838" version="1" visible="true" uid="1" user="OSMnx" id="13597710104" lat="18.9024837" changeset="1" /><node timestamp="2026-04-10T00:02:21Z" lon="72.8112488" version="1" visible="true" uid="1" user="OSMnx" id="13597710105" lat="18.9025179" changeset="1" /><node timestamp="2026-04-10T00:02:21Z" lon="72.8112734" version="1" visible="true" uid="1" user="OSMnx" id="13597710106" lat="18.9025319" changeset="1" /><node timestamp="2026-04-10T00:02:21Z" lon="72.8112815" version="1" visible="true" uid="1" user="OSMnx" id="13597710107" lat="18.9025556" changeset="1" /><node timestamp="2026-04-10T00:02:21Z" lon="72.8112616" version="1" visible="true" uid="1" user="OSMnx" id="13597710108" lat="18.9026161" changeset="1" /><node timestamp="2026-04-10T00:02:21Z" lon="72.8112649" version="1" visible="true" uid="1" user="OSMnx" id="13597710109" lat="18.9026372" changeset="1" /><node timestamp="2026-04-10T00:02:21Z" lon="72.8112756" version="1" visible="true" uid="1" user="OSMnx" id="13597710110" lat="18.9026617" changeset="1" /><node timestamp="2026-04-10T00:02:21Z" lon="72.8113398" version="1" visible="true" uid="1" user="OSMnx" id="13597710111" lat="18.9026865" changeset="1" /><node timestamp="2026-04-10T00:02:21Z" lon="72.8113706" version="1" visible="true" uid="1" user="OSMnx" id="13597710112" lat="18.9026742" changeset="1" /><node timestamp="2026-04-10T00:02:21Z" lon="72.8113985" version="1" visible="true" uid="1" user="OSMnx" id="13597710113" lat="18.9026623" changeset="1" /><node timestamp="2026-04-10T00:02:21Z" lon="72.8114275" version="1" visible="true" uid="1" user="OSMnx" id="13597710114" lat="18.9025913" changeset="1" /><node timestamp="2026-04-10T00:02:21Z" lon="72.8114343" version="1" visible="true" uid="1" user="OSMnx" id="13597710115" lat="18.9025817" changeset="1" /><node timestamp="2026-04-10T00:02:21Z" lon="72.8114471" version="1" visible="true" uid="1" user="OSMnx" id="13597710116" lat="18.9025811" changeset="1" /><node timestamp="2026-04-10T00:02:21Z" lon="72.8115541" version="1" visible="true" uid="1" user="OSMnx" id="13597710117" lat="18.9026119" changeset="1" /><node timestamp="2026-04-10T00:02:21Z" lon="72.8115702" version="1" visible="true" uid="1" user="OSMnx" id="13597710118" lat="18.9026119" changeset="1" /><node timestamp="2026-04-10T00:02:21Z" lon="72.8115973" version="1" visible="true" uid="1" user="OSMnx" id="13597710119" lat="18.9026022" changeset="1" /><node timestamp="2026-04-10T00:02:21Z" lon="72.8116263" version="1" visible="true" uid="1" user="OSMnx" id="13597710120" lat="18.9025157" changeset="1" /><node timestamp="2026-04-10T00:02:21Z" lon="72.8116249" version="1" visible="true" uid="1" user="OSMnx" id="13597710121" lat="18.9024888" changeset="1" /><node timestamp="2026-04-10T00:02:21Z" lon="72.811611" version="1" visible="true" uid="1" user="OSMnx" id="13597710122" lat="18.9024743" changeset="1" /><node timestamp="2026-04-10T00:02:21Z" lon="72.8105843" version="1" visible="true" uid="1" user="OSMnx" id="13597710123" lat="18.9024544" changeset="1" /><node timestamp="2026-04-10T00:02:21Z" lon="72.8106012" version="1" visible="true" uid="1" user="OSMnx" id="13597710124" lat="18.9024822" changeset="1" /><node timestamp="2026-04-10T00:02:21Z" lon="72.8107166" version="1" visible="true" uid="1" user="OSMnx" id="13597710125" lat="18.9025341" changeset="1" /><node timestamp="2026-04-10T00:02:21Z" lon="72.8107283" version="1" visible="true" uid="1" user="OSMnx" id="13597710126" lat="18.9025469" changeset="1" /><node timestamp="2026-04-10T00:02:21Z" lon="72.8107054" version="1" visible="true" uid="1" user="OSMnx" id="13597710127" lat="18.9026067" changeset="1" /><node timestamp="2026-04-10T00:02:21Z" lon="72.8107074" version="1" visible="true" uid="1" user="OSMnx" id="13597710128" lat="18.9026316" changeset="1" /><node timestamp="2026-04-10T00:02:21Z" lon="72.8107788" version="1" visible="true" uid="1" user="OSMnx" id="13597710129" lat="18.9026555" changeset="1" /><node timestamp="2026-04-10T00:02:21Z" lon="72.8108019" version="1" visible="true" uid="1" user="OSMnx" id="13597710130" lat="18.9026508" changeset="1" /><node timestamp="2026-04-10T00:02:21Z" lon="72.8108319" version="1" visible="true" uid="1" user="OSMnx" id="13597710131" lat="18.902586" changeset="1" /><node timestamp="2026-04-10T00:02:21Z" lon="72.8108458" version="1" visible="true" uid="1" user="OSMnx" id="13597710132" lat="18.9025745" changeset="1" /><node timestamp="2026-04-10T00:02:21Z" lon="72.8109826" version="1" visible="true" uid="1" user="OSMnx" id="13597710133" lat="18.9025864" changeset="1" /><node timestamp="2026-04-10T00:02:21Z" lon="72.8098173" version="1" visible="true" uid="1" user="OSMnx" id="13597710134" lat="18.9022038" changeset="1" /><node timestamp="2026-04-10T00:02:21Z" lon="72.8098278" version="1" visible="true" uid="1" user="OSMnx" id="13597710135" lat="18.9020166" changeset="1" /><node timestamp="2026-04-10T00:02:21Z" lon="72.8094451" version="1" visible="true" uid="1" user="OSMnx" id="13597710136" lat="18.9024018" changeset="1" /><node timestamp="2026-04-10T00:02:21Z" lon="72.80943" version="1" visible="true" uid="1" user="OSMnx" id="13597710137" lat="18.9023454" changeset="1" /><node timestamp="2026-04-10T00:02:21Z" lon="72.8094194" version="1" visible="true" uid="1" user="OSMnx" id="13597710138" lat="18.90233" changeset="1" /><node timestamp="2026-04-10T00:02:21Z" lon="72.8093415" version="1" visible="true" uid="1" user="OSMnx" id="13597710139" lat="18.9023292" changeset="1" /><node timestamp="2026-04-10T00:02:21Z" lon="72.8093269" version="1" visible="true" uid="1" user="OSMnx" id="13597710140" lat="18.9023226" changeset="1" /><node timestamp="2026-04-10T00:02:21Z" lon="72.8093271" version="1" visible="true" uid="1" user="OSMnx" id="13597710141" lat="18.902218" changeset="1" /><node timestamp="2026-04-10T00:02:21Z" lon="72.8093384" version="1" visible="true" uid="1" user="OSMnx" id="13597710142" lat="18.9022026" changeset="1" /><node timestamp="2026-04-10T00:02:21Z" lon="72.809911" version="1" visible="true" uid="1" user="OSMnx" id="13597710143" lat="18.9022107" changeset="1" /><node timestamp="2026-04-10T00:02:21Z" lon="72.8099305" version="1" visible="true" uid="1" user="OSMnx" id="13597710144" lat="18.9022296" changeset="1" /><node timestamp="2026-04-10T00:02:21Z" lon="72.8099435" version="1" visible="true" uid="1" user="OSMnx" id="13597710145" lat="18.902254" changeset="1" /><node timestamp="2026-04-10T00:02:21Z" lon="72.8099417" version="1" visible="true" uid="1" user="OSMnx" id="13597710146" lat="18.9023241" changeset="1" /><node timestamp="2026-04-10T00:02:21Z" lon="72.8099042" version="1" visible="true" uid="1" user="OSMnx" id="13597710147" lat="18.9023467" changeset="1" /><node timestamp="2026-04-10T00:02:21Z" lon="72.8098392" version="1" visible="true" uid="1" user="OSMnx" id="13597710148" lat="18.902341" changeset="1" /><node timestamp="2026-04-10T00:02:21Z" lon="72.8098277" version="1" visible="true" uid="1" user="OSMnx" id="13597710149" lat="18.9023476" changeset="1" /><node timestamp="2026-04-10T00:02:21Z" lon="72.8098232" version="1" visible="true" uid="1" user="OSMnx" id="13597710150" lat="18.9023811" changeset="1" /><node timestamp="2026-04-10T00:02:21Z" lon="72.8098091" version="1" visible="true" uid="1" user="OSMnx" id="13597710151" lat="18.9023886" changeset="1" /><node timestamp="2026-04-10T00:02:21Z" lon="72.8097407" version="1" visible="true" uid="1" user="OSMnx" id="13597710152" lat="18.9023847" changeset="1" /><node timestamp="2026-04-10T00:02:21Z" lon="72.8097242" version="1" visible="true" uid="1" user="OSMnx" id="13597710153" lat="18.9023811" changeset="1" /><node timestamp="2026-04-10T00:02:21Z" lon="72.8097165" version="1" visible="true" uid="1" user="OSMnx" id="13597710154" lat="18.9023663" changeset="1" /><node timestamp="2026-04-10T00:02:21Z" lon="72.8097172" version="1" visible="true" uid="1" user="OSMnx" id="13597710155" lat="18.9023361" changeset="1" /><node timestamp="2026-04-10T00:02:21Z" lon="72.8097153" version="1" visible="true" uid="1" user="OSMnx" id="13597710156" lat="18.9023243" changeset="1" /><node timestamp="2026-04-10T00:02:21Z" lon="72.8095554" version="1" visible="true" uid="1" user="OSMnx" id="13597710157" lat="18.9023207" changeset="1" /><node timestamp="2026-04-10T00:02:21Z" lon="72.8095411" version="1" visible="true" uid="1" user="OSMnx" id="13597710158" lat="18.9023337" changeset="1" /><node timestamp="2026-04-10T00:02:21Z" lon="72.8095398" version="1" visible="true" uid="1" user="OSMnx" id="13597710159" lat="18.9023926" changeset="1" /><node timestamp="2026-04-10T00:02:21Z" lon="72.8095285" version="1" visible="true" uid="1" user="OSMnx" id="13597710160" lat="18.9024026" changeset="1" /><node timestamp="2026-04-10T00:02:21Z" lon="72.8094309" version="1" visible="true" uid="1" user="OSMnx" id="13597710161" lat="18.9023826" changeset="1" /><node timestamp="2026-04-10T00:02:21Z" lon="72.8110805" version="1" visible="true" uid="1" user="OSMnx" id="13597710162" lat="18.9020772" changeset="1" /><node timestamp="2026-04-10T00:02:21Z" lon="72.8109382" version="1" visible="true" uid="1" user="OSMnx" id="13597710163" lat="18.9015767" changeset="1" /><node timestamp="2026-04-10T00:02:21Z" lon="72.8111444" version="1" visible="true" uid="1" user="OSMnx" id="13597710164" lat="18.9014548" changeset="1" /><node timestamp="2026-04-10T00:02:21Z" lon="72.8070178" version="1" visible="true" uid="1" user="OSMnx" id="13597731035" lat="18.9034852" changeset="1" /><node timestamp="2026-04-10T00:02:21Z" lon="72.807415" version="1" visible="true" uid="1" user="OSMnx" id="13597731041" lat="18.9031304" changeset="1" /><node timestamp="2026-04-10T00:02:21Z" lon="72.8073374" version="1" visible="true" uid="1" user="OSMnx" id="13597731042" lat="18.9031913" changeset="1" /><node timestamp="2026-04-10T00:02:21Z" lon="72.8073035" version="1" visible="true" uid="1" user="OSMnx" id="13597731043" lat="18.9031934" changeset="1" /><node timestamp="2026-04-10T00:02:21Z" lon="72.8072298" version="1" visible="true" uid="1" user="OSMnx" id="13597731044" lat="18.9031307" changeset="1" /><node timestamp="2026-04-10T00:02:21Z" lon="72.8072007" version="1" visible="true" uid="1" user="OSMnx" id="13597731045" lat="18.9031216" changeset="1" /><node timestamp="2026-04-10T00:02:21Z" lon="72.8071533" version="1" visible="true" uid="1" user="OSMnx" id="13597731046" lat="18.9031673" changeset="1" /><node timestamp="2026-04-10T00:02:21Z" lon="72.8071471" version="1" visible="true" uid="1" user="OSMnx" id="13597731047" lat="18.9031931" changeset="1" /><node timestamp="2026-04-10T00:02:21Z" lon="72.8071471" version="1" visible="true" uid="1" user="OSMnx" id="13597731048" lat="18.9032157" changeset="1" /><node timestamp="2026-04-10T00:02:21Z" lon="72.807217" version="1" visible="true" uid="1" user="OSMnx" id="13597731049" lat="18.9032875" changeset="1" /><node timestamp="2026-04-10T00:02:21Z" lon="72.8072183" version="1" visible="true" uid="1" user="OSMnx" id="13597731050" lat="18.9033117" changeset="1" /><node timestamp="2026-04-10T00:02:21Z" lon="72.8071398" version="1" visible="true" uid="1" user="OSMnx" id="13597731051" lat="18.9033883" changeset="1" /><node timestamp="2026-04-10T00:02:21Z" lon="72.8071304" version="1" visible="true" uid="1" user="OSMnx" id="13597731052" lat="18.9034103" changeset="1" /><node timestamp="2026-04-10T00:02:21Z" lon="72.8071607" version="1" visible="true" uid="1" user="OSMnx" id="13597731053" lat="18.9034965" changeset="1" /><node timestamp="2026-04-10T00:02:21Z" lon="72.8075047" version="1" visible="true" uid="1" user="OSMnx" id="13597731054" lat="18.9034982" changeset="1" /><node timestamp="2026-04-10T00:02:21Z" lon="72.8074748" version="1" visible="true" uid="1" user="OSMnx" id="13597731055" lat="18.9033792" changeset="1" /><node timestamp="2026-04-10T00:02:21Z" lon="72.8073979" version="1" visible="true" uid="1" user="OSMnx" id="13597731056" lat="18.9033048" changeset="1" /><node timestamp="2026-04-10T00:02:21Z" lon="72.8073985" version="1" visible="true" uid="1" user="OSMnx" id="13597731057" lat="18.9032938" changeset="1" /><node timestamp="2026-04-10T00:02:21Z" lon="72.8074747" version="1" visible="true" uid="1" user="OSMnx" id="13597731058" lat="18.9032201" changeset="1" /><node timestamp="2026-04-10T00:02:21Z" lon="72.8074747" version="1" visible="true" uid="1" user="OSMnx" id="13597731059" lat="18.9032033" changeset="1" /><node timestamp="2026-04-10T00:02:21Z" lon="72.8075998" version="1" visible="true" uid="1" user="OSMnx" id="13597731060" lat="18.9029804" changeset="1" /><node timestamp="2026-04-10T00:02:21Z" lon="72.8072506" version="1" visible="true" uid="1" user="OSMnx" id="13597731062" lat="18.9035023" changeset="1" /><node timestamp="2026-04-10T00:02:21Z" lon="72.8082403" version="1" visible="true" uid="1" user="OSMnx" id="13597731063" lat="18.9029814" changeset="1" /><node timestamp="2026-04-10T00:02:21Z" lon="72.8080304" version="1" visible="true" uid="1" user="OSMnx" id="13597731064" lat="18.9031518" changeset="1" /><node timestamp="2026-04-10T00:02:21Z" lon="72.8079528" version="1" visible="true" uid="1" user="OSMnx" id="13597731065" lat="18.9032127" changeset="1" /><node timestamp="2026-04-10T00:02:21Z" lon="72.8079189" version="1" visible="true" uid="1" user="OSMnx" id="13597731066" lat="18.9032148" changeset="1" /><node timestamp="2026-04-10T00:02:21Z" lon="72.8078453" version="1" visible="true" uid="1" user="OSMnx" id="13597731067" lat="18.903152" changeset="1" /><node timestamp="2026-04-10T00:02:21Z" lon="72.8078162" version="1" visible="true" uid="1" user="OSMnx" id="13597731068" lat="18.903143" changeset="1" /><node timestamp="2026-04-10T00:02:21Z" lon="72.8077687" version="1" visible="true" uid="1" user="OSMnx" id="13597731069" lat="18.9031887" changeset="1" /><node timestamp="2026-04-10T00:02:21Z" lon="72.8077625" version="1" visible="true" uid="1" user="OSMnx" id="13597731070" lat="18.9032144" changeset="1" /><node timestamp="2026-04-10T00:02:21Z" lon="72.8077625" version="1" visible="true" uid="1" user="OSMnx" id="13597731071" lat="18.9032371" changeset="1" /><node timestamp="2026-04-10T00:02:21Z" lon="72.8078325" version="1" visible="true" uid="1" user="OSMnx" id="13597731072" lat="18.9033088" changeset="1" /><node timestamp="2026-04-10T00:02:21Z" lon="72.8078338" version="1" visible="true" uid="1" user="OSMnx" id="13597731073" lat="18.9033331" changeset="1" /><node timestamp="2026-04-10T00:02:21Z" lon="72.8077553" version="1" visible="true" uid="1" user="OSMnx" id="13597731074" lat="18.9034097" changeset="1" /><node timestamp="2026-04-10T00:02:21Z" lon="72.8077458" version="1" visible="true" uid="1" user="OSMnx" id="13597731075" lat="18.9034316" changeset="1" /><node timestamp="2026-04-10T00:02:21Z" lon="72.807805" version="1" visible="true" uid="1" user="OSMnx" id="13597731076" lat="18.9034883" changeset="1" /><node timestamp="2026-04-10T00:02:21Z" lon="72.8078308" version="1" visible="true" uid="1" user="OSMnx" id="13597731077" lat="18.9034908" changeset="1" /><node timestamp="2026-04-10T00:02:21Z" lon="72.8080028" version="1" visible="true" uid="1" user="OSMnx" id="13597731078" lat="18.9034875" changeset="1" /><node timestamp="2026-04-10T00:02:21Z" lon="72.8080902" version="1" visible="true" uid="1" user="OSMnx" id="13597731079" lat="18.9034006" changeset="1" /><node timestamp="2026-04-10T00:02:21Z" lon="72.8080133" version="1" visible="true" uid="1" user="OSMnx" id="13597731080" lat="18.9033261" changeset="1" /><node timestamp="2026-04-10T00:02:21Z" lon="72.808014" version="1" visible="true" uid="1" user="OSMnx" id="13597731081" lat="18.9033152" changeset="1" /><node timestamp="2026-04-10T00:02:21Z" lon="72.8080902" version="1" visible="true" uid="1" user="OSMnx" id="13597731082" lat="18.9032415" changeset="1" /><node timestamp="2026-04-10T00:02:21Z" lon="72.8080902" version="1" visible="true" uid="1" user="OSMnx" id="13597731083" lat="18.9032247" changeset="1" /><node timestamp="2026-04-10T00:02:21Z" lon="72.8079956" version="1" visible="true" uid="1" user="OSMnx" id="13597731084" lat="18.9037531" changeset="1" /><node timestamp="2026-04-10T00:02:21Z" lon="72.8079179" version="1" visible="true" uid="1" user="OSMnx" id="13597731085" lat="18.903814" changeset="1" /><node timestamp="2026-04-10T00:02:21Z" lon="72.8078841" version="1" visible="true" uid="1" user="OSMnx" id="13597731086" lat="18.9038162" changeset="1" /><node timestamp="2026-04-10T00:02:21Z" lon="72.8078104" version="1" visible="true" uid="1" user="OSMnx" id="13597731087" lat="18.9037534" changeset="1" /><node timestamp="2026-04-10T00:02:21Z" lon="72.8077813" version="1" visible="true" uid="1" user="OSMnx" id="13597731088" lat="18.9037444" changeset="1" /><node timestamp="2026-04-10T00:02:21Z" lon="72.8077339" version="1" visible="true" uid="1" user="OSMnx" id="13597731089" lat="18.9037901" changeset="1" /><node timestamp="2026-04-10T00:02:21Z" lon="72.8077276" version="1" visible="true" uid="1" user="OSMnx" id="13597731090" lat="18.9038158" changeset="1" /><node timestamp="2026-04-10T00:02:21Z" lon="72.8077276" version="1" visible="true" uid="1" user="OSMnx" id="13597731091" lat="18.9038384" changeset="1" /><node timestamp="2026-04-10T00:02:21Z" lon="72.8077976" version="1" visible="true" uid="1" user="OSMnx" id="13597731092" lat="18.9039102" changeset="1" /><node timestamp="2026-04-10T00:02:21Z" lon="72.8077989" version="1" visible="true" uid="1" user="OSMnx" id="13597731093" lat="18.9039344" changeset="1" /><node timestamp="2026-04-10T00:02:21Z" lon="72.8077204" version="1" visible="true" uid="1" user="OSMnx" id="13597731094" lat="18.9040111" changeset="1" /><node timestamp="2026-04-10T00:02:21Z" lon="72.807711" version="1" visible="true" uid="1" user="OSMnx" id="13597731095" lat="18.904033" changeset="1" /><node timestamp="2026-04-10T00:02:21Z" lon="72.8077734" version="1" visible="true" uid="1" user="OSMnx" id="13597731096" lat="18.9040935" changeset="1" /><node timestamp="2026-04-10T00:02:21Z" lon="72.8078052" version="1" visible="true" uid="1" user="OSMnx" id="13597731097" lat="18.9040797" changeset="1" /><node timestamp="2026-04-10T00:02:21Z" lon="72.8079741" version="1" visible="true" uid="1" user="OSMnx" id="13597731098" lat="18.9040814" changeset="1" /><node timestamp="2026-04-10T00:02:21Z" lon="72.8080554" version="1" visible="true" uid="1" user="OSMnx" id="13597731099" lat="18.904002" changeset="1" /><node timestamp="2026-04-10T00:02:21Z" lon="72.8079785" version="1" visible="true" uid="1" user="OSMnx" id="13597731100" lat="18.9039275" changeset="1" /><node timestamp="2026-04-10T00:02:21Z" lon="72.8079791" version="1" visible="true" uid="1" user="OSMnx" id="13597738301" lat="18.9039165" changeset="1" /><node timestamp="2026-04-10T00:02:21Z" lon="72.8080553" version="1" visible="true" uid="1" user="OSMnx" id="13597738302" lat="18.9038428" changeset="1" /><node timestamp="2026-04-10T00:02:21Z" lon="72.8080553" version="1" visible="true" uid="1" user="OSMnx" id="13597738303" lat="18.9038261" changeset="1" /><node timestamp="2026-04-10T00:02:21Z" lon="72.8079527" version="1" visible="true" uid="1" user="OSMnx" id="13597738304" lat="18.904064" changeset="1" /><node timestamp="2026-04-10T00:02:21Z" lon="72.8078743" version="1" visible="true" uid="1" user="OSMnx" id="13597738305" lat="18.9040138" changeset="1" /><node timestamp="2026-04-10T00:02:21Z" lon="72.807899" version="1" visible="true" uid="1" user="OSMnx" id="13597738306" lat="18.9040147" changeset="1" /><node timestamp="2026-04-10T00:02:21Z" lon="72.8079073" version="1" visible="true" uid="1" user="OSMnx" id="13597738307" lat="18.9034138" changeset="1" /><node timestamp="2026-04-10T00:02:21Z" lon="72.8079364" version="1" visible="true" uid="1" user="OSMnx" id="13597738308" lat="18.9034219" changeset="1" /><node timestamp="2026-04-10T00:02:21Z" lon="72.8081064" version="1" visible="true" uid="1" user="OSMnx" id="13597738309" lat="18.9036783" changeset="1" /><node timestamp="2026-04-10T00:02:21Z" lon="72.8084313" version="1" visible="true" uid="1" user="OSMnx" id="13598001711" lat="18.9014912" changeset="1" /><node timestamp="2026-04-10T00:02:21Z" lon="72.8093149" version="1" visible="true" uid="1" user="OSMnx" id="13598001712" lat="18.9013198" changeset="1" /><node timestamp="2026-04-10T00:02:21Z" lon="72.809305" version="1" visible="true" uid="1" user="OSMnx" id="13598001713" lat="18.9012923" changeset="1" /><node timestamp="2026-04-10T00:02:21Z" lon="72.8084576" version="1" visible="true" uid="1" user="OSMnx" id="13598001714" lat="18.9012784" changeset="1" /><node timestamp="2026-04-10T00:02:21Z" lon="72.8090635" version="1" visible="true" uid="1" user="OSMnx" id="13598001715" lat="18.9015068" changeset="1" /><node timestamp="2026-04-10T00:02:21Z" lon="72.8090679" version="1" visible="true" uid="1" user="OSMnx" id="13598001716" lat="18.9012884" changeset="1" /><node timestamp="2026-04-10T00:02:21Z" lon="72.810144" version="1" visible="true" uid="1" user="OSMnx" id="13598001717" lat="18.9010767" changeset="1" /><node timestamp="2026-04-10T00:02:21Z" lon="72.8100504" version="1" visible="true" uid="1" user="OSMnx" id="13598001718" lat="18.9010745" changeset="1" /><node timestamp="2026-04-10T00:02:21Z" lon="72.8100312" version="1" visible="true" uid="1" user="OSMnx" id="13598001719" lat="18.9010581" changeset="1" /><node timestamp="2026-04-10T00:02:21Z" lon="72.8100347" version="1" visible="true" uid="1" user="OSMnx" id="13598001720" lat="18.900992" changeset="1" /><node timestamp="2026-04-10T00:02:21Z" lon="72.8100227" version="1" visible="true" uid="1" user="OSMnx" id="13598001721" lat="18.9009778" changeset="1" /><node timestamp="2026-04-10T00:02:21Z" lon="72.8088669" version="1" visible="true" uid="1" user="OSMnx" id="13598001722" lat="18.9009418" changeset="1" /><node timestamp="2026-04-10T00:02:21Z" lon="72.8088452" version="1" visible="true" uid="1" user="OSMnx" id="13598001723" lat="18.9009658" changeset="1" /><node timestamp="2026-04-10T00:02:21Z" lon="72.8088208" version="1" visible="true" uid="1" user="OSMnx" id="13598001724" lat="18.9012844" changeset="1" /><node timestamp="2026-04-10T00:02:21Z" lon="72.8088343" version="1" visible="true" uid="1" user="OSMnx" id="13598001725" lat="18.9011082" changeset="1" /><node timestamp="2026-04-10T00:02:21Z" lon="72.8093397" version="1" visible="true" uid="1" user="OSMnx" id="13598001726" lat="18.9011097" changeset="1" /><node timestamp="2026-04-10T00:02:21Z" lon="72.8093615" version="1" visible="true" uid="1" user="OSMnx" id="13598001727" lat="18.9011023" changeset="1" /><node timestamp="2026-04-10T00:02:21Z" lon="72.8093767" version="1" visible="true" uid="1" user="OSMnx" id="13598001728" lat="18.9009577" changeset="1" /><node timestamp="2026-04-10T00:02:21Z" lon="72.8094968" version="1" visible="true" uid="1" user="OSMnx" id="13598001729" lat="18.9009614" changeset="1" /><node timestamp="2026-04-10T00:02:21Z" lon="72.8094813" version="1" visible="true" uid="1" user="OSMnx" id="13598001730" lat="18.9010887" changeset="1" /><node timestamp="2026-04-10T00:02:21Z" lon="72.8094892" version="1" visible="true" uid="1" user="OSMnx" id="13598001731" lat="18.9011146" changeset="1" /><node timestamp="2026-04-10T00:02:21Z" lon="72.8099943" version="1" visible="true" uid="1" user="OSMnx" id="13598001732" lat="18.9011311" changeset="1" /><node timestamp="2026-04-10T00:02:21Z" lon="72.8100169" version="1" visible="true" uid="1" user="OSMnx" id="13598001733" lat="18.9011183" changeset="1" /><node timestamp="2026-04-10T00:02:21Z" lon="72.8084407" version="1" visible="true" uid="1" user="OSMnx" id="13598001734" lat="18.9015508" changeset="1" /><node timestamp="2026-04-10T00:02:21Z" lon="72.8089724" version="1" visible="true" uid="1" user="OSMnx" id="13598001735" lat="18.9015705" changeset="1" /><node timestamp="2026-04-10T00:02:21Z" lon="72.8090256" version="1" visible="true" uid="1" user="OSMnx" id="13598001736" lat="18.9015727" changeset="1" /><node timestamp="2026-04-10T00:02:21Z" lon="72.8090406" version="1" visible="true" uid="1" user="OSMnx" id="13598001737" lat="18.9016012" changeset="1" /><node timestamp="2026-04-10T00:02:21Z" lon="72.8090171" version="1" visible="true" uid="1" user="OSMnx" id="13598001738" lat="18.9017811" changeset="1" /><node timestamp="2026-04-10T00:02:21Z" lon="72.8093027" version="1" visible="true" uid="1" user="OSMnx" id="13598001739" lat="18.9017892" changeset="1" /><node timestamp="2026-04-10T00:02:21Z" lon="72.8090635" version="1" visible="true" uid="1" user="OSMnx" id="13598001740" lat="18.9014776" changeset="1" /><node timestamp="2026-04-10T00:02:21Z" lon="72.809319" version="1" visible="true" uid="1" user="OSMnx" id="13598001741" lat="18.9015671" changeset="1" /><node timestamp="2026-04-10T00:02:21Z" lon="72.8084117" version="1" visible="true" uid="1" user="OSMnx" id="13598030862" lat="18.9017484" changeset="1" /><node timestamp="2026-04-10T00:02:21Z" lon="72.8084246" version="1" visible="true" uid="1" user="OSMnx" id="13598030863" lat="18.9015651" changeset="1" /><node timestamp="2026-04-10T00:02:21Z" lon="72.8095549" version="1" visible="true" uid="1" user="OSMnx" id="13601856150" lat="18.9078505" changeset="1" /><node timestamp="2026-04-10T00:02:21Z" lon="72.8095793" version="1" visible="true" uid="1" user="OSMnx" id="13601856151" lat="18.9078596" changeset="1" /><node timestamp="2026-04-10T00:02:21Z" lon="72.8096022" version="1" visible="true" uid="1" user="OSMnx" id="13601856152" lat="18.9078875" changeset="1" /><node timestamp="2026-04-10T00:02:21Z" lon="72.8097172" version="1" visible="true" uid="1" user="OSMnx" id="13601856153" lat="18.9085458" changeset="1" /><node timestamp="2026-04-10T00:02:21Z" lon="72.8100927" version="1" visible="true" uid="1" user="OSMnx" id="13601856154" lat="18.9086418" changeset="1" /><node timestamp="2026-04-10T00:02:21Z" lon="72.8105135" version="1" visible="true" uid="1" user="OSMnx" id="13601856155" lat="18.908368" changeset="1" /><node timestamp="2026-04-10T00:02:21Z" lon="72.8099611" version="1" visible="true" uid="1" user="OSMnx" id="13601856156" lat="18.908929" changeset="1" /><node timestamp="2026-04-10T00:02:21Z" lon="72.8100144" version="1" visible="true" uid="1" user="OSMnx" id="13601856157" lat="18.9088788" changeset="1" /><node timestamp="2026-04-10T00:02:21Z" lon="72.8079749" version="1" visible="true" uid="1" user="OSMnx" id="13601856158" lat="18.9092138" changeset="1" /><node timestamp="2026-04-10T00:02:21Z" lon="72.8221029" version="1" visible="true" uid="1" user="OSMnx" id="13601988253" lat="18.913215" changeset="1" /><node timestamp="2026-04-10T00:02:21Z" lon="72.822577" version="1" visible="true" uid="1" user="OSMnx" id="13601988254" lat="18.9128325" changeset="1" /><node timestamp="2026-04-10T00:02:21Z" lon="72.8318052" version="1" visible="true" uid="1" user="OSMnx" id="13602021545" lat="18.923605" changeset="1" /><node timestamp="2026-04-10T00:02:21Z" lon="72.8314489" version="1" visible="true" uid="1" user="OSMnx" id="13602021546" lat="18.9237101" changeset="1" /><node timestamp="2026-04-10T00:02:21Z" lon="72.8314255" version="1" visible="true" uid="1" user="OSMnx" id="13602021547" lat="18.9237303" changeset="1" /><node timestamp="2026-04-10T00:02:21Z" lon="72.8314201" version="1" visible="true" uid="1" user="OSMnx" id="13602021548" lat="18.9237618" changeset="1" /><node timestamp="2026-04-10T00:02:21Z" lon="72.8314125" version="1" visible="true" uid="1" user="OSMnx" id="13602021549" lat="18.9238368" changeset="1" /><node timestamp="2026-04-10T00:02:21Z" lon="72.8314684" version="1" visible="true" uid="1" user="OSMnx" id="13602021550" lat="18.9236029" changeset="1" /><node timestamp="2026-04-10T00:02:21Z" lon="72.8313977" version="1" visible="true" uid="1" user="OSMnx" id="13602021551" lat="18.9234202" changeset="1" /><node timestamp="2026-04-10T00:02:21Z" lon="72.8294493" version="1" visible="true" uid="1" user="OSMnx" id="13602021552" lat="18.9238817" changeset="1" /><node timestamp="2026-04-10T00:02:21Z" lon="72.8280227" version="1" visible="true" uid="1" user="OSMnx" id="13602122574" lat="18.9234504" changeset="1" /><node timestamp="2026-04-10T00:02:21Z" lon="72.8294365" version="1" visible="true" uid="1" user="OSMnx" id="13602122583" lat="18.923723" changeset="1" /><node timestamp="2026-04-10T00:02:21Z" lon="72.8275685" version="1" visible="true" uid="1" user="OSMnx" id="13602136343" lat="18.9264097" changeset="1" /><node timestamp="2026-04-10T00:02:21Z" lon="72.8275557" version="1" visible="true" uid="1" user="OSMnx" id="13602136344" lat="18.9260161" changeset="1" /><node timestamp="2026-04-10T00:02:21Z" lon="72.8275607" version="1" visible="true" uid="1" user="OSMnx" id="13602136345" lat="18.9259971" changeset="1" /><node timestamp="2026-04-10T00:02:21Z" lon="72.8275778" version="1" visible="true" uid="1" user="OSMnx" id="13602136346" lat="18.925991" changeset="1" /><node timestamp="2026-04-10T00:02:21Z" lon="72.8280309" version="1" visible="true" uid="1" user="OSMnx" id="13602136347" lat="18.9259889" changeset="1" /><node timestamp="2026-04-10T00:02:21Z" lon="72.8181625" version="1" visible="true" uid="1" user="OSMnx" id="13616999212" lat="18.9084431" changeset="1" /><node timestamp="2026-04-10T00:02:21Z" lon="72.8288095" version="1" visible="true" uid="1" user="OSMnx" id="13629231484" lat="18.9262696" changeset="1" /><node timestamp="2026-04-10T00:02:21Z" lon="72.8281084" version="1" visible="true" uid="1" user="OSMnx" id="13629231489" lat="18.9258125" changeset="1" /><node timestamp="2026-04-10T00:02:21Z" lon="72.8340716" version="1" visible="true" uid="1" user="OSMnx" id="13698317936" lat="18.9281541" changeset="1" /><node timestamp="2026-04-10T00:02:21Z" lon="72.8325159" version="1" visible="true" uid="1" user="OSMnx" id="13698318580" lat="18.9280043" changeset="1" /><node timestamp="2026-04-10T00:02:21Z" lon="72.8325904" version="1" visible="true" uid="1" user="OSMnx" id="13698318581" lat="18.9279863" changeset="1" /><node timestamp="2026-04-10T00:02:21Z" lon="72.8325325" version="1" visible="true" uid="1" user="OSMnx" id="13698318582" lat="18.9279911" changeset="1" /><node timestamp="2026-04-10T00:02:21Z" lon="72.8322192" version="1" visible="true" uid="1" user="OSMnx" id="13698318583" lat="18.927785" changeset="1" /><node timestamp="2026-04-10T00:02:21Z" lon="72.8333999" version="1" visible="true" uid="1" user="OSMnx" id="13698318584" lat="18.9267606" changeset="1" /><node timestamp="2026-04-10T00:02:21Z" lon="72.8339455" version="1" visible="true" uid="1" user="OSMnx" id="13698318585" lat="18.9266912" changeset="1" /><node timestamp="2026-04-10T00:02:21Z" lon="72.8338703" version="1" visible="true" uid="1" user="OSMnx" id="13698318586" lat="18.9264036" changeset="1" /><node timestamp="2026-04-10T00:02:21Z" lon="72.8339206" version="1" visible="true" uid="1" user="OSMnx" id="13698318587" lat="18.9264692" changeset="1" /><node timestamp="2026-04-10T00:02:21Z" lon="72.8339513" version="1" visible="true" uid="1" user="OSMnx" id="13698318588" lat="18.9265617" changeset="1" /><node timestamp="2026-04-10T00:02:21Z" lon="72.8329946" version="1" visible="true" uid="1" user="OSMnx" id="13698362447" lat="18.9308012" changeset="1" /><node timestamp="2026-04-10T00:02:21Z" lon="72.8331832" version="1" visible="true" uid="1" user="OSMnx" id="13698395291" lat="18.9271372" changeset="1" /><node timestamp="2026-04-10T00:02:21Z" lon="72.8332303" version="1" visible="true" uid="1" user="OSMnx" id="13698395292" lat="18.9272919" changeset="1" /><node timestamp="2026-04-10T00:02:21Z" lon="72.833666" version="1" visible="true" uid="1" user="OSMnx" id="13700497239" lat="18.9284535" changeset="1" /><node timestamp="2026-04-10T00:02:21Z" lon="72.833568" version="1" visible="true" uid="1" user="OSMnx" id="13700497241" lat="18.9289278" changeset="1" /><node timestamp="2026-04-10T00:02:21Z" lon="72.8333117" version="1" visible="true" uid="1" user="OSMnx" id="13700497246" lat="18.9283877" changeset="1" /><node timestamp="2026-04-10T00:02:21Z" lon="72.8334577" version="1" visible="true" uid="1" user="OSMnx" id="13700497251" lat="18.9284213" changeset="1" /><node timestamp="2026-04-10T00:02:21Z" lon="72.832569" version="1" visible="true" uid="1" user="OSMnx" id="13700547668" lat="18.9253558" changeset="1" /><node timestamp="2026-04-10T00:02:21Z" lon="72.832562" version="1" visible="true" uid="1" user="OSMnx" id="13700547669" lat="18.925264" changeset="1" /><node timestamp="2026-04-10T00:02:21Z" lon="72.8325225" version="1" visible="true" uid="1" user="OSMnx" id="13700547670" lat="18.9251799" changeset="1" /><node timestamp="2026-04-10T00:02:21Z" lon="72.8320078" version="1" visible="true" uid="1" user="OSMnx" id="13700547671" lat="18.9253523" changeset="1" /><node timestamp="2026-04-10T00:02:21Z" lon="72.8321428" version="1" visible="true" uid="1" user="OSMnx" id="13700547672" lat="18.9255568" changeset="1" /><node timestamp="2026-04-10T00:02:21Z" lon="72.8322241" version="1" visible="true" uid="1" user="OSMnx" id="13700547673" lat="18.9255882" changeset="1" /><node timestamp="2026-04-10T00:02:21Z" lon="72.8323679" version="1" visible="true" uid="1" user="OSMnx" id="13700547674" lat="18.9250729" changeset="1" /><node timestamp="2026-04-10T00:02:21Z" lon="72.8322712" version="1" visible="true" uid="1" user="OSMnx" id="13700547675" lat="18.9250626" changeset="1" /><node timestamp="2026-04-10T00:02:21Z" lon="72.8324532" version="1" visible="true" uid="1" user="OSMnx" id="13700547676" lat="18.9257436" changeset="1" /><node timestamp="2026-04-10T00:02:21Z" lon="72.8325416" version="1" visible="true" uid="1" user="OSMnx" id="13700547677" lat="18.9257354" changeset="1" /><node timestamp="2026-04-10T00:02:21Z" lon="72.8326556" version="1" visible="true" uid="1" user="OSMnx" id="13700547678" lat="18.9252291" changeset="1" /><node timestamp="2026-04-10T00:02:21Z" lon="72.8321506" version="1" visible="true" uid="1" user="OSMnx" id="13700547679" lat="18.9249729" changeset="1" /><node timestamp="2026-04-10T00:02:21Z" lon="72.8321767" version="1" visible="true" uid="1" user="OSMnx" id="13700547680" lat="18.925084" changeset="1" /><node timestamp="2026-04-10T00:02:21Z" lon="72.8330207" version="1" visible="true" uid="1" user="OSMnx" id="13700572817" lat="18.9257571" changeset="1" /><node timestamp="2026-04-10T00:02:21Z" lon="72.8330686" version="1" visible="true" uid="1" user="OSMnx" id="13700572818" lat="18.9256546" changeset="1" /><node timestamp="2026-04-10T00:02:21Z" lon="72.8333092" version="1" visible="true" uid="1" user="OSMnx" id="13700572819" lat="18.9258901" changeset="1" /><node timestamp="2026-04-10T00:02:21Z" lon="72.827456" version="1" visible="true" uid="1" user="OSMnx" id="13701038665" lat="18.9322446" changeset="1" /><node timestamp="2026-04-10T00:02:21Z" lon="72.8223865" version="1" visible="true" uid="1" user="OSMnx" id="13701099596" lat="18.9278312" changeset="1" /><node timestamp="2026-04-10T00:02:21Z" lon="72.8230652" version="1" visible="true" uid="1" user="OSMnx" id="13701142507" lat="18.9274482" changeset="1" /><node timestamp="2026-04-10T00:02:21Z" lon="72.8236295" version="1" visible="true" uid="1" user="OSMnx" id="13701142510" lat="18.9267867" changeset="1" /><node timestamp="2026-04-10T00:02:21Z" lon="72.8207187" version="1" visible="true" uid="1" user="OSMnx" id="13701145335" lat="18.9253411" changeset="1" /><node timestamp="2026-04-10T00:02:21Z" lon="72.8204945" version="1" visible="true" uid="1" user="OSMnx" id="13701145340" lat="18.9250819" changeset="1" /><node timestamp="2026-04-10T00:02:21Z" lon="72.8212889" version="1" visible="true" uid="1" user="OSMnx" id="13701156792" lat="18.9239493" changeset="1" /><node timestamp="2026-04-10T00:02:21Z" lon="72.8215237" version="1" visible="true" uid="1" user="OSMnx" id="13701156797" lat="18.9242218" changeset="1" /><node timestamp="2026-04-10T00:02:21Z" lon="72.8220187" version="1" visible="true" uid="1" user="OSMnx" id="13701170795" lat="18.926962" changeset="1" /><node timestamp="2026-04-10T00:02:21Z" lon="72.8212555" version="1" visible="true" uid="1" user="OSMnx" id="13701173405" lat="18.9271485" changeset="1" /><node timestamp="2026-04-10T00:02:21Z" lon="72.8217819" version="1" visible="true" uid="1" user="OSMnx" id="13701208931" lat="18.9245215" changeset="1" /><node timestamp="2026-04-10T00:02:21Z" lon="72.8215453" version="1" visible="true" uid="1" user="OSMnx" id="13701210146" lat="18.927983" changeset="1" /><node timestamp="2026-04-10T00:02:21Z" lon="72.8207791" version="1" visible="true" uid="1" user="OSMnx" id="13701210149" lat="18.9280612" changeset="1" /><node timestamp="2026-04-10T00:02:21Z" lon="72.8203686" version="1" visible="true" uid="1" user="OSMnx" id="13701210153" lat="18.9275854" changeset="1" /><node timestamp="2026-04-10T00:02:21Z" lon="72.820811" version="1" visible="true" uid="1" user="OSMnx" id="13701210158" lat="18.926608" changeset="1" /><node timestamp="2026-04-10T00:02:21Z" lon="72.8209898" version="1" visible="true" uid="1" user="OSMnx" id="13701210163" lat="18.9268222" changeset="1" /><node timestamp="2026-04-10T00:02:21Z" lon="72.8215722" version="1" visible="true" uid="1" user="OSMnx" id="13701251933" lat="18.9283167" changeset="1" /><node timestamp="2026-04-10T00:02:21Z" lon="72.8226511" version="1" visible="true" uid="1" user="OSMnx" id="13701251934" lat="18.9283939" changeset="1" /><node timestamp="2026-04-10T00:02:21Z" lon="72.8226876" version="1" visible="true" uid="1" user="OSMnx" id="13701251937" lat="18.9281906" changeset="1" /><node timestamp="2026-04-10T00:02:21Z" lon="72.8227317" version="1" visible="true" uid="1" user="OSMnx" id="13701251941" lat="18.9280597" changeset="1" /><node timestamp="2026-04-10T00:02:21Z" lon="72.8215813" version="1" visible="true" uid="1" user="OSMnx" id="13701251944" lat="18.9282744" changeset="1" /><node timestamp="2026-04-10T00:02:21Z" lon="72.8216085" version="1" visible="true" uid="1" user="OSMnx" id="13701251949" lat="18.9281481" changeset="1" /><node timestamp="2026-04-10T00:02:21Z" lon="72.821661" version="1" visible="true" uid="1" user="OSMnx" id="13701251956" lat="18.9278945" changeset="1" /><node timestamp="2026-04-10T00:02:21Z" lon="72.8211017" version="1" visible="true" uid="1" user="OSMnx" id="13701266501" lat="18.9259725" changeset="1" /><node timestamp="2026-04-10T00:02:21Z" lon="72.82096" version="1" visible="true" uid="1" user="OSMnx" id="13701287405" lat="18.9267856" changeset="1" /><node timestamp="2026-04-10T00:02:21Z" lon="72.8209408" version="1" visible="true" uid="1" user="OSMnx" id="13701287408" lat="18.926762" changeset="1" /><node timestamp="2026-04-10T00:02:21Z" lon="72.8209794" version="1" visible="true" uid="1" user="OSMnx" id="13701287409" lat="18.9268095" changeset="1" /><node timestamp="2026-04-10T00:02:21Z" lon="72.8211292" version="1" visible="true" uid="1" user="OSMnx" id="13701287413" lat="18.9269923" changeset="1" /><node timestamp="2026-04-10T00:02:21Z" lon="72.8211566" version="1" visible="true" uid="1" user="OSMnx" id="13701287418" lat="18.9270257" changeset="1" /><node timestamp="2026-04-10T00:02:21Z" lon="72.8313333" version="1" visible="true" uid="1" user="OSMnx" id="13701955559" lat="18.9315493" changeset="1" /><node timestamp="2026-04-10T00:02:21Z" lon="72.8314077" version="1" visible="true" uid="1" user="OSMnx" id="13701955560" lat="18.930683" changeset="1" /><node timestamp="2026-04-10T00:02:21Z" lon="72.8313025" version="1" visible="true" uid="1" user="OSMnx" id="13701955561" lat="18.9305186" changeset="1" /><node timestamp="2026-04-10T00:02:21Z" lon="72.8314036" version="1" visible="true" uid="1" user="OSMnx" id="13701955562" lat="18.9305172" changeset="1" /><node timestamp="2026-04-10T00:02:21Z" lon="72.8314525" version="1" visible="true" uid="1" user="OSMnx" id="13701955563" lat="18.928638" changeset="1" /><node timestamp="2026-04-10T00:02:21Z" lon="72.8313486" version="1" visible="true" uid="1" user="OSMnx" id="13701955564" lat="18.9284243" changeset="1" /><node timestamp="2026-04-10T00:02:21Z" lon="72.8314551" version="1" visible="true" uid="1" user="OSMnx" id="13701955565" lat="18.9284335" changeset="1" /><node timestamp="2026-04-10T00:02:21Z" lon="72.831562" version="1" visible="true" uid="1" user="OSMnx" id="13701955566" lat="18.9311692" changeset="1" /><node timestamp="2026-04-10T00:02:21Z" lon="72.8313541" version="1" visible="true" uid="1" user="OSMnx" id="13701955567" lat="18.9311638" changeset="1" /><node timestamp="2026-04-10T00:02:21Z" lon="72.8315357" version="1" visible="true" uid="1" user="OSMnx" id="13701955568" lat="18.9311685" changeset="1" /><node timestamp="2026-04-10T00:02:21Z" lon="72.8344119" version="1" visible="true" uid="1" user="OSMnx" id="13701996607" lat="18.9321896" changeset="1" /><node timestamp="2026-04-10T00:02:21Z" lon="72.8343761" version="1" visible="true" uid="1" user="OSMnx" id="13701996608" lat="18.932063" changeset="1" /><node timestamp="2026-04-10T00:02:21Z" lon="72.8255107" version="1" visible="true" uid="1" user="OSMnx" id="13702074447" lat="18.9298835" changeset="1" /><node timestamp="2026-04-10T00:02:21Z" lon="72.8256313" version="1" visible="true" uid="1" user="OSMnx" id="13702074448" lat="18.9297954" changeset="1" /><node timestamp="2026-04-10T00:02:21Z" lon="72.8253714" version="1" visible="true" uid="1" user="OSMnx" id="13702074449" lat="18.9297177" changeset="1" /><node timestamp="2026-04-10T00:02:21Z" lon="72.8254922" version="1" visible="true" uid="1" user="OSMnx" id="13702074450" lat="18.92962" changeset="1" /><node timestamp="2026-04-10T00:02:21Z" lon="72.8259356" version="1" visible="true" uid="1" user="OSMnx" id="13702074451" lat="18.9305059" changeset="1" /><node timestamp="2026-04-10T00:02:21Z" lon="72.8259204" version="1" visible="true" uid="1" user="OSMnx" id="13702074452" lat="18.9303756" changeset="1" /><node timestamp="2026-04-10T00:02:21Z" lon="72.8259792" version="1" visible="true" uid="1" user="OSMnx" id="13702074453" lat="18.9303067" changeset="1" /><node timestamp="2026-04-10T00:02:21Z" lon="72.8260566" version="1" visible="true" uid="1" user="OSMnx" id="13702074454" lat="18.9305699" changeset="1" /><node timestamp="2026-04-10T00:02:21Z" lon="72.8261473" version="1" visible="true" uid="1" user="OSMnx" id="13702074456" lat="18.9305451" changeset="1" /><node timestamp="2026-04-10T00:02:21Z" lon="72.8268095" version="1" visible="true" uid="1" user="OSMnx" id="13702074457" lat="18.9314663" changeset="1" /><node timestamp="2026-04-10T00:02:21Z" lon="72.8269324" version="1" visible="true" uid="1" user="OSMnx" id="13702074458" lat="18.9313677" changeset="1" /><node timestamp="2026-04-10T00:02:21Z" lon="72.8234512" version="1" visible="true" uid="1" user="OSMnx" id="13703020330" lat="18.9298069" changeset="1" /><node timestamp="2026-04-10T00:02:21Z" lon="72.8231381" version="1" visible="true" uid="1" user="OSMnx" id="13703020334" lat="18.9299703" changeset="1" /><node timestamp="2026-04-10T00:02:21Z" lon="72.8230848" version="1" visible="true" uid="1" user="OSMnx" id="13703031323" lat="18.9299974" changeset="1" /><node timestamp="2026-04-10T00:02:21Z" lon="72.8240048" version="1" visible="true" uid="1" user="OSMnx" id="13703033106" lat="18.9306123" changeset="1" /><node timestamp="2026-04-10T00:02:21Z" lon="72.8242184" version="1" visible="true" uid="1" user="OSMnx" id="13703033107" lat="18.9305189" changeset="1" /><way timestamp="2026-04-10T00:02:21Z" version="1" visible="true" uid="1" changeset="1" user="OSMnx" id="22845318"><nd ref="245654042" /><nd ref="528703845" /><nd ref="245654031" /><nd ref="245654021" /><nd ref="245654022" /><tag k="highway" v="residential" /><tag k="oneway" v="no" /><tag k="name" v="Homi Modi Street" /></way><way timestamp="2026-04-10T00:02:21Z" version="1" visible="true" uid="1" changeset="1" user="OSMnx" id="22845357"><nd ref="245654004" /><nd ref="245654005" /><tag k="highway" v="residential" /><tag k="oneway" v="no" /><tag k="name" v="Green Street" /></way><way timestamp="2026-04-10T00:02:21Z" version="1" visible="true" uid="1" changeset="1" user="OSMnx" id="22845489"><nd ref="245653665" /><nd ref="4328236683" /><tag k="lanes" v="2" /><tag k="highway" v="tertiary" /><tag k="oneway" v="no" /><tag k="name" v="Boman Behram Road (Mere Weather Road)" /></way><way timestamp="2026-04-10T00:02:21Z" version="1" visible="true" uid="1" changeset="1" user="OSMnx" id="22845536"><nd ref="245653956" /><nd ref="528713723" /><nd ref="536839590" /><tag k="highway" v="tertiary" /><tag k="oneway" v="no" /><tag k="name" v="Nyayamurty G N Vidya Road" /></way><way timestamp="2026-04-10T00:02:21Z" version="1" visible="true" uid="1" changeset="1" user="OSMnx" id="22845542"><nd ref="245654066" /><nd ref="245654112" /><tag k="highway" v="residential" /><tag k="oneway" v="no" /><tag k="name" v="Cawasji Patel Street" /></way><way timestamp="2026-04-10T00:02:21Z" version="1" visible="true" uid="1" changeset="1" user="OSMnx" id="22845631"><nd ref="245654036" /><nd ref="495108334" /><nd ref="317153588" /><nd ref="317153589" /><nd ref="495108431" /><nd ref="495091491" /><nd ref="1643093953" /><nd ref="245654056" /><nd ref="13701996608" /><nd ref="13701996607" /><nd ref="495100610" /><nd ref="2177429780" /><nd ref="245654073" /><nd ref="495108539" /><nd ref="317162374" /><nd ref="495108550" /><nd ref="245654082" /><nd ref="245654092" /><nd ref="1704905814" /><nd ref="10598322640" /><nd ref="486050974" /><nd ref="245654083" /><nd ref="10598322637" /><nd ref="1704905498" /><nd ref="1704905464" /><nd ref="317153587" /><nd ref="245654023" /><nd ref="245654036" /><tag k="highway" v="tertiary" /><tag k="junction" v="roundabout" /><tag k="oneway" v="no" /><tag k="name" v="Horniman Circle" /></way><way timestamp="2026-04-10T00:02:21Z" version="1" visible="true" uid="1" changeset="1" user="OSMnx" id="22845685"><nd ref="245653559" /><nd ref="10886066849" /><nd ref="245653597" /><nd ref="2176742007" /><nd ref="245653605" /><nd ref="2242540244" /><nd ref="245653633" /><nd ref="4307040346" /><nd ref="12350793007" /><tag k="lanes" v="6" /><tag k="highway" v="tertiary" /><tag k="oneway" v="no" /><tag k="name" v="BEST Marg" /></way><way timestamp="2026-04-10T00:02:21Z" version="1" visible="true" uid="1" changeset="1" user="OSMnx" id="22845692"><nd ref="13015390786" /><nd ref="2241842980" /><nd ref="11290169684" /><nd ref="10801585707" /><nd ref="11042165480" /><nd ref="11042218314" /><nd ref="11042165477" /><nd ref="11290171071" /><nd ref="11042218310" /><nd ref="11042165479" /><nd ref="11290171074" /><nd ref="2241843000" /><nd ref="13073684405" /><nd ref="10277881704" /><tag k="highway" v="tertiary" /><tag k="oneway" v="no" /><tag k="name" v="Dinshaw Wachha Road" /></way><way timestamp="2026-04-10T00:02:21Z" version="1" visible="true" uid="1" changeset="1" user="OSMnx" id="22845713"><nd ref="245653718" /><nd ref="245653702" /><nd ref="245653695" /><nd ref="245653684" /><nd ref="245653665" /><tag k="highway" v="tertiary" /><tag k="oneway" v="no" /><tag k="name" v="Mahakavi Bhushan Road (Lansdowne Road)" /></way><way timestamp="2026-04-10T00:02:21Z" version="1" visible="true" uid="1" changeset="1" user="OSMnx" id="22845714"><nd ref="245653980" /><nd ref="10943519031" /><nd ref="11357547960" /><nd ref="245653968" /><tag k="highway" v="residential" /><tag k="oneway" v="no" /><tag k="name" v="Ambalal Doshi Road" /></way><way timestamp="2026-04-10T00:02:21Z" version="1" visible="true" uid="1" changeset="1" user="OSMnx" id="22845716"><nd ref="245654112" /><nd ref="245654111" /><nd ref="11357502774" /><nd ref="245654104" /><nd ref="245654072" /><tag k="highway" v="residential" /><tag k="oneway" v="no" /><tag k="name" v="Banaji Street" /></way><way timestamp="2026-04-10T00:02:21Z" version="1" visible="true" uid="1" changeset="1" user="OSMnx" id="22845724"><nd ref="245653901" /><nd ref="245653902" /><nd ref="245653906" /><nd ref="245653908" /><nd ref="13700497246" /><nd ref="13700497251" /><nd ref="3366416122" /><nd ref="13700497239" /><nd ref="317158324" /><tag k="highway" v="tertiary" /><tag k="oneway" v="no" /><tag k="name" v="Dr V B Gandhi Road (Forbes Street)" /></way><way timestamp="2026-04-10T00:02:21Z" version="1" visible="true" uid="1" changeset="1" user="OSMnx" id="22845731"><nd ref="245653695" /><nd ref="245653662" /><tag k="highway" v="residential" /><tag k="oneway" v="no" /><tag k="name" v="Tullock Road" /></way><way timestamp="2026-04-10T00:02:21Z" version="1" visible="true" uid="1" changeset="1" user="OSMnx" id="22845732"><nd ref="245653684" /><nd ref="245653708" /><tag k="lanes" v="2" /><tag k="highway" v="residential" /><tag k="oneway" v="no" /><tag k="name" v="Stevens Street" /></way><way timestamp="2026-04-10T00:02:21Z" version="1" visible="true" uid="1" changeset="1" user="OSMnx" id="22845737"><nd ref="4307040348" /><nd ref="11978789335" /><nd ref="245653940" /><nd ref="245653935" /><nd ref="7345775399" /><nd ref="2241842873" /><nd ref="245653923" /><tag k="highway" v="tertiary" /><tag k="oneway" v="no" /><tag k="name" v="HT Parekh Road" /></way><way timestamp="2026-04-10T00:02:21Z" version="1" visible="true" uid="1" changeset="1" user="OSMnx" id="22845743"><nd ref="245653937" /><nd ref="245653936" /><nd ref="11357578700" /><nd ref="245653930" /><nd ref="245653926" /><tag k="highway" v="residential" /><tag k="oneway" v="no" /><tag k="name" v="Burjorji Bharucha Road" /></way><way timestamp="2026-04-10T00:02:21Z" version="1" visible="true" uid="1" changeset="1" user="OSMnx" id="22845744"><nd ref="245653960" /><nd ref="11357570954" /><nd ref="245653959" /><nd ref="528655931" /><tag k="highway" v="residential" /><tag k="oneway" v="no" /><tag k="name" v="Abdul Razak Allana Marg" /></way><way timestamp="2026-04-10T00:02:21Z" version="1" visible="true" uid="1" changeset="1" user="OSMnx" id="22845779"><nd ref="245654104" /><nd ref="245654105" /><tag k="highway" v="residential" /><tag k="oneway" v="no" /><tag k="name" v="Nana Bhai Lane" /></way><way timestamp="2026-04-10T00:02:21Z" version="1" visible="true" uid="1" changeset="1" user="OSMnx" id="22845780"><nd ref="245654041" /><nd ref="683782448" /><nd ref="245654042" /><tag k="highway" v="tertiary" /><tag k="oneway" v="no" /><tag k="name" v="Homi Modi Street" /></way><way timestamp="2026-04-10T00:02:21Z" version="1" visible="true" uid="1" changeset="1" user="OSMnx" id="22845788"><nd ref="245653930" /><nd ref="245653902" /><tag k="highway" v="residential" /><tag k="oneway" v="no" /><tag k="name" v="Rutherfield Street" /></way><way timestamp="2026-04-10T00:02:21Z" version="1" visible="true" uid="1" changeset="1" user="OSMnx" id="22845795"><nd ref="486404303" /><nd ref="2241842949" /><nd ref="13703031323" /><nd ref="2241842939" /><nd ref="13703020334" /><nd ref="13703020330" /><nd ref="492487418" /><nd ref="11952282407" /><tag k="highway" v="unclassified" /><tag k="oneway" v="no" /><tag k="name" v="Babubahi M. Chinai Road" /></way><way timestamp="2026-04-10T00:02:21Z" version="1" visible="true" uid="1" changeset="1" user="OSMnx" id="22845809"><nd ref="245653651" /><nd ref="245653662" /><nd ref="245653674" /><tag k="highway" v="residential" /><tag k="oneway" v="no" /><tag k="name" v="Nowroji Ferdonji Street" /></way><way timestamp="2026-04-10T00:02:21Z" version="1" visible="true" uid="1" changeset="1" user="OSMnx" id="22845820"><nd ref="245654021" /><nd ref="528703839" /><nd ref="245654066" /><tag k="highway" v="residential" /><tag k="oneway" v="no" /><tag k="name" v="M P Shetty Marg" /></way><way timestamp="2026-04-10T00:02:21Z" version="1" visible="true" uid="1" changeset="1" user="OSMnx" id="22845821"><nd ref="245653907" /><nd ref="7346067779" /><nd ref="7346067778" /><nd ref="245653911" /><nd ref="7349775238" /><nd ref="245653940" /><tag k="highway" v="residential" /><tag k="oneway" v="no" /><tag k="name" v="JD Daruwala Marg" /></way><way timestamp="2026-04-10T00:02:21Z" version="1" visible="true" uid="1" changeset="1" user="OSMnx" id="22845827"><nd ref="245653906" /><nd ref="245653936" /><tag k="highway" v="residential" /><tag k="oneway" v="no" /><tag k="name" v="Rope Walk Street" /></way><way timestamp="2026-04-10T00:02:21Z" version="1" visible="true" uid="1" changeset="1" user="OSMnx" id="22845840"><nd ref="528743527" /><nd ref="12587158365" /><nd ref="7462923338" /><tag k="highway" v="secondary_link" /><tag k="oneway" v="no" /></way><way timestamp="2026-04-10T00:02:21Z" version="1" visible="true" uid="1" changeset="1" user="OSMnx" id="22845844"><nd ref="245653702" /><nd ref="245653735" /><tag k="highway" v="residential" /><tag k="oneway" v="no" /><tag k="name" v="Battery Street" /></way><way timestamp="2026-04-10T00:02:21Z" version="1" visible="true" uid="1" changeset="1" user="OSMnx" id="22845846"><nd ref="245653991" /><nd ref="245653974" /><nd ref="245653965" /><nd ref="245653960" /><nd ref="245653952" /><nd ref="528653131" /><nd ref="245653937" /><nd ref="535190121" /><nd ref="245653914" /><nd ref="245653908" /><tag k="highway" v="residential" /><tag k="oneway" v="no" /><tag k="name" v="Nagindas Master Road" /></way><way timestamp="2026-04-10T00:02:21Z" version="1" visible="true" uid="1" changeset="1" user="OSMnx" id="22845862"><nd ref="245653908" /><nd ref="528686528" /><nd ref="486040899" /><nd ref="486040903" /><nd ref="486040911" /><nd ref="486040916" /><nd ref="13698395292" /><nd ref="13698395291" /><nd ref="245653867" /><tag k="highway" v="residential" /><tag k="oneway" v="no" /><tag k="name" v="Maharashtra Chamber of Commerce Lane" /></way><way timestamp="2026-04-10T00:02:21Z" version="1" visible="true" uid="1" changeset="1" user="OSMnx" id="22845870"><nd ref="245653728" /><nd ref="245653713" /><nd ref="13602021551" /><nd ref="2178056752" /><tag k="highway" v="residential" /><tag k="oneway" v="no" /><tag k="name" v="Convent Street" /></way><way timestamp="2026-04-10T00:02:21Z" version="1" visible="true" uid="1" changeset="1" user="OSMnx" id="22845871"><nd ref="245653994" /><nd ref="245654031" /><tag k="highway" v="residential" /><tag k="oneway" v="no" /><tag k="name" v="Homi Modi Street 2nd Cross Lane" /></way><way timestamp="2026-04-10T00:02:21Z" version="1" visible="true" uid="1" changeset="1" user="OSMnx" id="22845883"><nd ref="245653994" /><nd ref="245653995" /><nd ref="13698362447" /><nd ref="245654021" /><tag k="highway" v="residential" /><tag k="oneway" v="no" /><tag k="name" v="Mupanna P Shetty Marg" /></way><way timestamp="2026-04-10T00:02:21Z" version="1" visible="true" uid="1" changeset="1" user="OSMnx" id="22845888"><nd ref="2176701305" /><nd ref="13701099596" /><nd ref="245653879" /><tag k="highway" v="unclassified" /><tag k="oneway" v="no" /><tag k="name" v="Freedom Fighter Ramnanth Goenka Marg" /></way><way timestamp="2026-04-10T00:02:21Z" version="1" visible="true" uid="1" changeset="1" user="OSMnx" id="22845897"><nd ref="245653972" /><nd ref="245653973" /><nd ref="245653974" /><tag k="highway" v="residential" /><tag k="oneway" v="no" /><tag k="name" v="Ash Lane" /></way><way timestamp="2026-04-10T00:02:21Z" version="1" visible="true" uid="1" changeset="1" user="OSMnx" id="22845899"><nd ref="528743515" /><nd ref="245653964" /><nd ref="1643144581" /><nd ref="5997071711" /><tag k="highway" v="residential" /><tag k="oneway" v="no" /><tag k="name" v="University Road" /></way><way timestamp="2026-04-10T00:02:21Z" version="1" visible="true" uid="1" changeset="1" user="OSMnx" id="22845929"><nd ref="473084113" /><nd ref="245653929" /><nd ref="10885994196" /><nd ref="245653931" /><nd ref="10885994197" /><nd ref="245653932" /><nd ref="317152100" /><nd ref="11029952872" /><nd ref="245653933" /><nd ref="5907166289" /><tag k="highway" v="tertiary" /><tag k="oneway" v="no" /><tag k="name" v="Jeevan Bima Road" /></way><way timestamp="2026-04-10T00:02:21Z" version="1" visible="true" uid="1" changeset="1" user="OSMnx" id="22845940"><nd ref="485977586" /><nd ref="485989997" /><nd ref="13602021552" /><nd ref="13602122583" /><nd ref="2176742037" /><nd ref="245653671" /><tag k="highway" v="tertiary" /><tag k="oneway" v="no" /><tag k="name" v="Cooperage Road" /></way><way timestamp="2026-04-10T00:02:21Z" version="1" visible="true" uid="1" changeset="1" user="OSMnx" id="22845950"><nd ref="245653649" /><nd ref="317146515" /><nd ref="13333672653" /><nd ref="2242540256" /><nd ref="10886054706" /><nd ref="13602136347" /><nd ref="10886054722" /><nd ref="245653820" /><tag k="highway" v="tertiary" /><tag k="oneway" v="no" /><tag k="name" v="Maharshi Karve Road" /></way><way timestamp="2026-04-10T00:02:21Z" version="1" visible="true" uid="1" changeset="1" user="OSMnx" id="22845970"><nd ref="245653952" /><nd ref="11357571199" /><nd ref="11357571200" /><nd ref="245653946" /><tag k="highway" v="residential" /><tag k="oneway" v="no" /><tag k="name" v="Nanik Motawani Marg" /></way><way timestamp="2026-04-10T00:02:21Z" version="1" visible="true" uid="1" changeset="1" user="OSMnx" id="22845980"><nd ref="2176684336" /><nd ref="9819307340" /><nd ref="9819307338" /><nd ref="11047870935" /><nd ref="11031501077" /><nd ref="11047885005" /><nd ref="11031501082" /><nd ref="2176684445" /><tag k="highway" v="tertiary" /><tag k="oneway" v="no" /><tag k="name" v="Free Press Journal Road" /></way><way timestamp="2026-04-10T00:02:21Z" version="1" visible="true" uid="1" changeset="1" user="OSMnx" id="22846055"><nd ref="245653928" /><nd ref="2177429704" /><nd ref="12948753737" /><nd ref="13257254187" /><tag k="lanes" v="3" /><tag k="maxspeed" v="65" /><tag k="highway" v="primary" /><tag k="oneway" v="no" /><tag k="name" v="Marine Drive" /></way><way timestamp="2026-04-10T00:02:21Z" version="1" visible="true" uid="1" changeset="1" user="OSMnx" id="22846121"><nd ref="11052629982" /><nd ref="245653814" /><nd ref="2242540265" /><nd ref="2242540262" /><nd ref="12586989040" /><nd ref="2242540258" /><nd ref="245653752" /><nd ref="2241842815" /><nd ref="12586989044" /><nd ref="12586989045" /><nd ref="2241842757" /><nd ref="245653736" /><nd ref="12299724446" /><nd ref="317145665" /><nd ref="6618316498" /><nd ref="245653613" /><tag k="lanes" v="2" /><tag k="highway" v="secondary" /><tag k="oneway" v="no" /><tag k="name" v="Jagannath Bhosle Road" /></way><way timestamp="2026-04-10T00:02:21Z" version="1" visible="true" uid="1" changeset="1" user="OSMnx" id="22846142"><nd ref="245653671" /><nd ref="2176742048" /><nd ref="245653728" /><nd ref="245653745" /><nd ref="13700547679" /><tag k="lanes" v="3" /><tag k="highway" v="tertiary" /><tag k="oneway" v="no" /><tag k="name" v="Nathalal M. Parikh Road" /></way><way timestamp="2026-04-10T00:02:21Z" version="1" visible="true" uid="1" changeset="1" user="OSMnx" id="22846183"><nd ref="245653567" /><nd ref="245653518" /><tag k="highway" v="residential" /><tag k="oneway" v="no" /><tag k="name" v="Henry Road" /></way><way timestamp="2026-04-10T00:02:21Z" version="1" visible="true" uid="1" changeset="1" user="OSMnx" id="22846187"><nd ref="245653417" /><nd ref="245653430" /><nd ref="245653436" /><tag k="highway" v="residential" /><tag k="oneway" v="no" /><tag k="name" v="Fourth Pasta Lane" /></way><way timestamp="2026-04-10T00:02:21Z" version="1" visible="true" uid="1" changeset="1" user="OSMnx" id="22846193"><nd ref="2176726928" /><nd ref="11950780361" /><nd ref="2241842548" /><nd ref="4048579846" /><tag k="maxspeed" v="50" /><tag k="highway" v="secondary" /><tag k="oneway" v="no" /><tag k="name" v="Rambhau Salgaonkar Road" /></way><way timestamp="2026-04-10T00:02:21Z" version="1" visible="true" uid="1" changeset="1" user="OSMnx" id="22846194"><nd ref="245653394" /><nd ref="10877640891" /><nd ref="245653417" /><tag k="highway" v="residential" /><tag k="oneway" v="no" /><tag k="name" v="Pestonji Lane" /></way><way timestamp="2026-04-10T00:02:21Z" version="1" visible="true" uid="1" changeset="1" user="OSMnx" id="22846197"><nd ref="245653483" /><nd ref="245653472" /><nd ref="486226701" /><nd ref="245653457" /><tag k="highway" v="residential" /><tag k="oneway" v="no" /><tag k="name" v="Garden Road" /></way><way timestamp="2026-04-10T00:02:21Z" version="1" visible="true" uid="1" changeset="1" user="OSMnx" id="22846204"><nd ref="245653225" /><nd ref="623435062" /><nd ref="10877640896" /><nd ref="245653265" /><tag k="highway" v="residential" /><tag k="oneway" v="no" /><tag k="name" v="N Sawant Road" /></way><way timestamp="2026-04-10T00:02:21Z" version="1" visible="true" uid="1" changeset="1" user="OSMnx" id="22846271"><nd ref="245653395" /><nd ref="245653406" /><nd ref="623380600" /><nd ref="12438097891" /><nd ref="6901521406" /><nd ref="245653433" /><tag k="highway" v="residential" /><tag k="oneway" v="no" /><tag k="name" v="Indumati Sakrikar Marg" /></way><way timestamp="2026-04-10T00:02:21Z" version="1" visible="true" uid="1" changeset="1" user="OSMnx" id="22846295"><nd ref="245653450" /><nd ref="9910849116" /><nd ref="245653425" /><nd ref="10943884159" /><nd ref="10943884160" /><nd ref="245653408" /><tag k="highway" v="residential" /><tag k="oneway" v="no" /><tag k="name" v="Bhaskar Rao Kargutkar Marg" /></way><way timestamp="2026-04-10T00:02:21Z" version="1" visible="true" uid="1" changeset="1" user="OSMnx" id="22846297"><nd ref="245653104" /><nd ref="11070428756" /><nd ref="11070428751" /><nd ref="11070437998" /><nd ref="8620901469" /><nd ref="12353829989" /><nd ref="245653121" /><nd ref="4361337143" /><nd ref="245653170" /><tag k="highway" v="residential" /><tag k="oneway" v="no" /><tag k="name" v="Dumayne Marg" /></way><way timestamp="2026-04-10T00:02:21Z" version="1" visible="true" uid="1" changeset="1" user="OSMnx" id="22846306"><nd ref="245653379" /><nd ref="1278850323" /><nd ref="245653385" /><nd ref="1278850189" /><nd ref="245653407" /><nd ref="9652365705" /><nd ref="245653418" /><nd ref="2241842637" /><nd ref="245653449" /><tag k="highway" v="residential" /><tag k="oneway" v="no" /><tag k="name" v="Lala Ningam Road" /></way><way timestamp="2026-04-10T00:02:21Z" version="1" visible="true" uid="1" changeset="1" user="OSMnx" id="22846339"><nd ref="486059698" /><nd ref="245653232" /><nd ref="9315182231" /><nd ref="11029688943" /><nd ref="245653188" /><tag k="highway" v="residential" /><tag k="oneway" v="no" /><tag k="name" v="Panday Marg" /></way><way timestamp="2026-04-10T00:02:21Z" version="1" visible="true" uid="1" changeset="1" user="OSMnx" id="22846348"><nd ref="486004411" /><nd ref="2176726922" /><nd ref="9833420665" /><nd ref="486004416" /><nd ref="9833420663" /><nd ref="9833420664" /><nd ref="486004376" /><tag k="highway" v="secondary_link" /><tag k="oneway" v="no" /><tag k="name" v="Nathalal Parikh Road" /></way><way timestamp="2026-04-10T00:02:21Z" version="1" visible="true" uid="1" changeset="1" user="OSMnx" id="22846358"><nd ref="245653438" /><nd ref="9910890417" /><nd ref="245653410" /><tag k="highway" v="residential" /><tag k="oneway" v="no" /><tag k="name" v="Brahma Kumari Road" /></way><way timestamp="2026-04-10T00:02:21Z" version="1" visible="true" uid="1" changeset="1" user="OSMnx" id="22846377"><nd ref="245653071" /><nd ref="245653079" /><nd ref="245653087" /><nd ref="9652365712" /><nd ref="245653093" /><tag k="highway" v="residential" /><tag k="oneway" v="no" /><tag k="name" v="Women's Graduate Union Road" /></way><way timestamp="2026-04-10T00:02:21Z" version="1" visible="true" uid="1" changeset="1" user="OSMnx" id="22846416"><nd ref="2241842414" /><nd ref="12353829986" /><nd ref="245653121" /><tag k="highway" v="residential" /><tag k="oneway" v="no" /></way><way timestamp="2026-04-10T00:02:21Z" version="1" visible="true" uid="1" changeset="1" user="OSMnx" id="22846453"><nd ref="245653086" /><nd ref="4307040326" /><tag k="highway" v="residential" /><tag k="oneway" v="no" /><tag k="name" v="S Vaswani Road" /></way><way timestamp="2026-04-10T00:02:21Z" version="1" visible="true" uid="1" changeset="1" user="OSMnx" id="22846480"><nd ref="245653495" /><nd ref="11029787962" /><nd ref="11068751433" /><nd ref="245653455" /><tag k="highway" v="residential" /><tag k="oneway" v="no" /><tag k="name" v="First Pasta Lane" /></way><way timestamp="2026-04-10T00:02:21Z" version="1" visible="true" uid="1" changeset="1" user="OSMnx" id="22846481"><nd ref="245653464" /><nd ref="1461446619" /><nd ref="11068751434" /><nd ref="2176765799" /><nd ref="8602068502" /><tag k="highway" v="residential" /><tag k="oneway" v="no" /><tag k="name" v="S Bharucha Marg" /></way><way timestamp="2026-04-10T00:02:21Z" version="1" visible="true" uid="1" changeset="1" user="OSMnx" id="22846482"><nd ref="245653487" /><nd ref="245653500" /><nd ref="9909333266" /><nd ref="245653507" /><tag k="highway" v="residential" /><tag k="oneway" v="no" /><tag k="name" v="Walton Road" /></way><way timestamp="2026-04-10T00:02:21Z" version="1" visible="true" uid="1" changeset="1" user="OSMnx" id="22846504"><nd ref="4602838891" /><nd ref="245653372" /><nd ref="245653394" /><nd ref="623380673" /><tag k="highway" v="residential" /><tag k="oneway" v="no" /><tag k="name" v="Rajwadkar Street" /></way><way timestamp="2026-04-10T00:02:21Z" version="1" visible="true" uid="1" changeset="1" user="OSMnx" id="22846533"><nd ref="245653490" /><nd ref="11029789341" /><nd ref="11029781707" /><tag k="highway" v="residential" /><tag k="oneway" v="no" /><tag k="name" v="Second Pasta Lane" /></way><way timestamp="2026-04-10T00:02:21Z" version="1" visible="true" uid="1" changeset="1" user="OSMnx" id="22846536"><nd ref="245653364" /><nd ref="2241842595" /><tag k="highway" v="residential" /><tag k="oneway" v="no" /><tag k="name" v="Justice Devshankar V Vyas Marg" /></way><way timestamp="2026-04-10T00:02:21Z" version="1" visible="true" uid="1" changeset="1" user="OSMnx" id="22846544"><nd ref="245653447" /><nd ref="2241842664" /><nd ref="245653475" /><tag k="highway" v="residential" /><tag k="oneway" v="no" /></way><way timestamp="2026-04-10T00:02:21Z" version="1" visible="true" uid="1" changeset="1" user="OSMnx" id="22846545"><nd ref="245653454" /><nd ref="245653437" /><tag k="highway" v="residential" /><tag k="oneway" v="no" /><tag k="name" v="G Sawant Marg" /></way><way timestamp="2026-04-10T00:02:21Z" version="1" visible="true" uid="1" changeset="1" user="OSMnx" id="22846550"><nd ref="245653379" /><nd ref="2241842598" /><nd ref="245653396" /><tag k="highway" v="residential" /><tag k="oneway" v="no" /><tag k="name" v="Shri Haji Niyaz Ahmed Azmi Marg" /></way><way timestamp="2026-04-10T00:02:21Z" version="1" visible="true" uid="1" changeset="1" user="OSMnx" id="22846566"><nd ref="245653436" /><nd ref="245653447" /><nd ref="245653454" /><tag k="highway" v="residential" /><tag k="oneway" v="no" /><tag k="name" v="Cowasji Jahangir Road" /></way><way timestamp="2026-04-10T00:02:21Z" version="1" visible="true" uid="1" changeset="1" user="OSMnx" id="22846571"><nd ref="245653456" /><nd ref="10886066862" /><nd ref="245653450" /><nd ref="2241842689" /><nd ref="245653438" /><nd ref="2241842655" /><nd ref="12067711313" /><nd ref="245653431" /><nd ref="12067823777" /><nd ref="2241842640" /><nd ref="11068259095" /><nd ref="2241842636" /><nd ref="245653418" /><tag k="highway" v="residential" /><tag k="oneway" v="no" /><tag k="name" v="Strand Road" /></way><way timestamp="2026-04-10T00:02:21Z" version="1" visible="true" uid="1" changeset="1" user="OSMnx" id="22846574"><nd ref="4307040330" /><nd ref="12414405104" /><nd ref="245653249" /><nd ref="4044403809" /><nd ref="9315182299" /><nd ref="11950780360" /><nd ref="245653412" /><nd ref="11950780356" /><nd ref="4048772482" /><nd ref="11950780352" /><nd ref="486059629" /><tag k="lanes" v="2" /><tag k="maxspeed" v="40" /><tag k="highway" v="residential" /><tag k="oneway" v="no" /><tag k="name" v="GD Somani Road" /></way><way timestamp="2026-04-10T00:02:21Z" version="1" visible="true" uid="1" changeset="1" user="OSMnx" id="22846583"><nd ref="623362931" /><nd ref="7238373734" /><nd ref="11068272121" /><nd ref="1278850334" /><nd ref="1278850235" /><nd ref="1278850280" /><nd ref="1278850176" /><nd ref="623362940" /><nd ref="1278850262" /><nd ref="1278850217" /><nd ref="245653275" /><nd ref="1278850207" /><nd ref="623407526" /><nd ref="623407529" /><nd ref="9652363922" /><nd ref="623407531" /><nd ref="245653338" /><nd ref="623401122" /><nd ref="623401137" /><nd ref="623401149" /><nd ref="245653363" /><nd ref="623388152" /><nd ref="245653385" /><tag k="highway" v="residential" /><tag k="oneway" v="no" /><tag k="name" v="Lala Ningam Road" /></way><way timestamp="2026-04-10T00:02:21Z" version="1" visible="true" uid="1" changeset="1" user="OSMnx" id="22846593"><nd ref="10886066851" /><nd ref="10886066852" /><nd ref="245653456" /><nd ref="245653444" /><nd ref="245653445" /><nd ref="2241842686" /><nd ref="245653419" /><tag k="highway" v="tertiary" /><tag k="oneway" v="no" /><tag k="name" v="HNAA Road" /></way><way timestamp="2026-04-10T00:02:21Z" version="1" visible="true" uid="1" changeset="1" user="OSMnx" id="22846616"><nd ref="4048579846" /><nd ref="245653247" /><nd ref="245653224" /><nd ref="2241842483" /><nd ref="245653207" /><nd ref="623426008" /><nd ref="245653170" /><nd ref="1643072311" /><nd ref="13601988254" /><nd ref="245653112" /><nd ref="4044476073" /><nd ref="11070497149" /><nd ref="11070497150" /><nd ref="486004411" /><tag k="maxspeed" v="50" /><tag k="highway" v="secondary" /><tag k="oneway" v="no" /><tag k="name" v="Nanabhai Moos Marg" /></way><way timestamp="2026-04-10T00:02:21Z" version="1" visible="true" uid="1" changeset="1" user="OSMnx" id="38751075"><nd ref="1278343783" /><nd ref="1278344050" /><nd ref="11066914729" /><nd ref="11066914730" /><nd ref="11066914731" /><nd ref="1278343572" /><nd ref="11066914732" /><nd ref="11066914733" /><nd ref="459482314" /><nd ref="11066914734" /><nd ref="459482312" /><nd ref="1278343795" /><nd ref="1278343922" /><nd ref="11066914735" /><nd ref="11066914736" /><nd ref="11066914737" /><nd ref="459482308" /><nd ref="1278343509" /><nd ref="11066914738" /><nd ref="11066914739" /><nd ref="459482304" /><nd ref="1278343783" /><tag k="highway" v="residential" /><tag k="junction" v="roundabout" /><tag k="oneway" v="no" /></way><way timestamp="2026-04-10T00:02:21Z" version="1" visible="true" uid="1" changeset="1" user="OSMnx" id="38751079"><nd ref="459482366" /><nd ref="459482364" /><nd ref="2241842321" /><nd ref="9652365720" /><tag k="highway" v="residential" /><tag k="oneway" v="no" /><tag k="access" v="military" /></way><way timestamp="2026-04-10T00:02:21Z" version="1" visible="true" uid="1" changeset="1" user="OSMnx" id="38751080"><nd ref="4307040282" /><nd ref="459482334" /><nd ref="1934089145" /><nd ref="2241842235" /><nd ref="459482557" /><nd ref="1934089147" /><tag k="highway" v="tertiary" /><tag k="oneway" v="no" /><tag k="name" v="Dr Homi Bhaba Road" /></way><way timestamp="2026-04-10T00:02:21Z" version="1" visible="true" uid="1" changeset="1" user="OSMnx" id="38751081"><nd ref="459482397" /><nd ref="459482391" /><tag k="highway" v="residential" /><tag k="oneway" v="no" /></way><way timestamp="2026-04-10T00:02:21Z" version="1" visible="true" uid="1" changeset="1" user="OSMnx" id="38751083"><nd ref="459482449" /><nd ref="13597583289" /><nd ref="459482312" /><tag k="highway" v="residential" /><tag k="oneway" v="no" /><tag k="name" v="Robert Road" /><tag k="access" v="military" /></way><way timestamp="2026-04-10T00:02:21Z" version="1" visible="true" uid="1" changeset="1" user="OSMnx" id="38751084"><nd ref="9652365719" /><nd ref="2241842297" /><nd ref="459482378" /><tag k="highway" v="residential" /><tag k="oneway" v="no" /><tag k="access" v="military" /></way><way timestamp="2026-04-10T00:02:21Z" version="1" visible="true" uid="1" changeset="1" user="OSMnx" id="38751086"><nd ref="459482448" /><nd ref="11060988369" /><nd ref="459482459" /><tag k="highway" v="residential" /><tag k="oneway" v="no" /><tag k="name" v="Magdala Road" /><tag k="access" v="military" /></way><way timestamp="2026-04-10T00:02:21Z" version="1" visible="true" uid="1" changeset="1" user="OSMnx" id="38751089"><nd ref="459482386" /><nd ref="459482383" /><nd ref="459482382" /><tag k="highway" v="residential" /><tag k="oneway" v="no" /></way><way timestamp="2026-04-10T00:02:21Z" version="1" visible="true" uid="1" changeset="1" user="OSMnx" id="38751091"><nd ref="459482449" /><nd ref="13597598969" /><nd ref="459482440" /><nd ref="9652365494" /><nd ref="459482459" /><nd ref="4233118265" /><nd ref="2241842017" /><nd ref="459482441" /><tag k="highway" v="residential" /><tag k="oneway" v="no" /><tag k="name" v="Nanabhai Moos Marg" /><tag k="access" v="military" /></way><way timestamp="2026-04-10T00:02:21Z" version="1" visible="true" uid="1" changeset="1" user="OSMnx" id="38751092"><nd ref="459482379" /><nd ref="459482383" /><nd ref="459482385" /><tag k="highway" v="residential" /><tag k="oneway" v="no" /></way><way timestamp="2026-04-10T00:02:21Z" version="1" visible="true" uid="1" changeset="1" user="OSMnx" id="38751093"><nd ref="459482455" /><nd ref="2241842021" /><nd ref="9909304115" /><nd ref="459482441" /><tag k="highway" v="residential" /><tag k="oneway" v="no" /><tag k="name" v="Napier Road" /><tag k="access" v="military" /></way><way timestamp="2026-04-10T00:02:21Z" version="1" visible="true" uid="1" changeset="1" user="OSMnx" id="38751106"><nd ref="459482350" /><nd ref="1278343660" /><nd ref="2241842167" /><nd ref="11061215152" /><nd ref="1278343992" /><nd ref="459482345" /><nd ref="2241842124" /><nd ref="1278343656" /><nd ref="11059380778" /><nd ref="459482294" /><tag k="highway" v="residential" /><tag k="oneway" v="no" /><tag k="access" v="military" /></way><way timestamp="2026-04-10T00:02:21Z" version="1" visible="true" uid="1" changeset="1" user="OSMnx" id="38751111"><nd ref="459482503" /><nd ref="7229566252" /><nd ref="7229566251" /><nd ref="459482427" /><nd ref="459482431" /><tag k="highway" v="residential" /><tag k="oneway" v="no" /></way><way timestamp="2026-04-10T00:02:21Z" version="1" visible="true" uid="1" changeset="1" user="OSMnx" id="38751114"><nd ref="11064882625" /><nd ref="459482532" /><nd ref="11064882621" /><nd ref="669253864" /><nd ref="4233119223" /><nd ref="459482536" /><tag k="highway" v="residential" /><tag k="oneway" v="no" /><tag k="access" v="military" /></way><way timestamp="2026-04-10T00:02:21Z" version="1" visible="true" uid="1" changeset="1" user="OSMnx" id="38751115"><nd ref="459482541" /><nd ref="669254966" /><nd ref="459482536" /><nd ref="2241842382" /><nd ref="9909305627" /><nd ref="459482547" /><nd ref="459482548" /><nd ref="11174309913" /><nd ref="459482552" /><nd ref="9652365714" /><nd ref="459482371" /><nd ref="2241842308" /><tag k="highway" v="residential" /><tag k="oneway" v="no" /><tag k="access" v="military" /></way><way timestamp="2026-04-10T00:02:21Z" version="1" visible="true" uid="1" changeset="1" user="OSMnx" id="38751116"><nd ref="459482553" /><nd ref="2241842247" /><nd ref="2241842233" /><nd ref="4233119199" /><nd ref="4233119196" /><nd ref="7229566255" /><nd ref="4233119193" /><nd ref="1278343755" /><nd ref="1278343930" /><nd ref="459482555" /><tag k="highway" v="residential" /><tag k="oneway" v="no" /><tag k="access" v="military" /></way><way timestamp="2026-04-10T00:02:21Z" version="1" visible="true" uid="1" changeset="1" user="OSMnx" id="38751117"><nd ref="459482557" /><nd ref="2241842220" /><nd ref="2241842215" /><nd ref="1278343342" /><nd ref="1278343545" /><nd ref="1278343720" /><nd ref="459482559" /><tag k="highway" v="residential" /><tag k="oneway" v="no" /><tag k="access" v="military" /></way><way timestamp="2026-04-10T00:02:21Z" version="1" visible="true" uid="1" changeset="1" user="OSMnx" id="38756487"><nd ref="245653028" /><nd ref="459529385" /><nd ref="245653033" /><nd ref="2241842244" /><nd ref="2241842260" /><nd ref="13616999212" /><nd ref="11030085782" /><nd ref="1278569797" /><nd ref="2241842349" /><nd ref="4361337141" /><nd ref="245653078" /><tag k="maxspeed" v="50" /><tag k="highway" v="secondary" /><tag k="oneway" v="no" /><tag k="name" v="Nanabhai Moos Marg (Upper Colaba Road)" /></way><way timestamp="2026-04-10T00:02:21Z" version="1" visible="true" uid="1" changeset="1" user="OSMnx" id="38756488"><nd ref="459529378" /><nd ref="459529379" /><nd ref="459529380" /><nd ref="459529382" /><nd ref="9652365726" /><nd ref="9652365725" /><nd ref="459529383" /><nd ref="459529385" /><tag k="highway" v="residential" /><tag k="oneway" v="no" /><tag k="name" v="Pilot Bandar Road" /><tag k="access" v="military" /></way><way timestamp="2026-04-10T00:02:21Z" version="1" visible="true" uid="1" changeset="1" user="OSMnx" id="39492674"><nd ref="4307040267" /><nd ref="4307040265" /><nd ref="459482415" /><nd ref="459482498" /><nd ref="459482497" /><nd ref="245653028" /><tag k="maxspeed" v="50" /><tag k="highway" v="secondary" /><tag k="oneway" v="no" /><tag k="name" v="Bakery Lane" /></way><way timestamp="2026-04-10T00:02:21Z" version="1" visible="true" uid="1" changeset="1" user="OSMnx" id="39493110"><nd ref="245653718" /><nd ref="245653714" /><nd ref="245653674" /><nd ref="245653658" /><nd ref="2176742012" /><nd ref="245653633" /><nd ref="486236751" /><nd ref="245653567" /><nd ref="245653507" /><nd ref="2176723345" /><tag k="lanes" v="2" /><tag k="maxspeed" v="50" /><tag k="highway" v="secondary" /><tag k="oneway" v="no" /><tag k="name" v="Nanabhai Moos Marg (Upper Colaba Road)" /></way><way timestamp="2026-04-10T00:02:21Z" version="1" visible="true" uid="1" changeset="1" user="OSMnx" id="39497418"><nd ref="245653223" /><nd ref="486072710" /><nd ref="4099638627" /><nd ref="4040016271" /><nd ref="2241842536" /><nd ref="245653377" /><tag k="highway" v="residential" /><tag k="oneway" v="no" /><tag k="name" v="TL Wasvani Road" /></way><way timestamp="2026-04-10T00:02:21Z" version="1" visible="true" uid="1" changeset="1" user="OSMnx" id="40286063"><nd ref="485984666" /><nd ref="245653745" /><tag k="highway" v="secondary_link" /><tag k="oneway" v="no" /></way><way timestamp="2026-04-10T00:02:21Z" version="1" visible="true" uid="1" changeset="1" user="OSMnx" id="40288844"><nd ref="11955846373" /><nd ref="486036289" /><nd ref="245653891" /><nd ref="13698318581" /><nd ref="13698318582" /><nd ref="13698318580" /><nd ref="245653906" /><tag k="highway" v="residential" /><tag k="oneway" v="no" /><tag k="name" v="Sai Baba Road" /></way><way timestamp="2026-04-10T00:02:21Z" version="1" visible="true" uid="1" changeset="1" user="OSMnx" id="40289022"><nd ref="13698318584" /><nd ref="12299166851" /><nd ref="245653867" /><nd ref="10877693758" /><nd ref="11955846373" /><nd ref="10877693755" /><tag k="highway" v="tertiary" /><tag k="oneway" v="no" /><tag k="name" v="Kaikhushru Dubash Marg" /></way><way timestamp="2026-04-10T00:02:21Z" version="1" visible="true" uid="1" changeset="1" user="OSMnx" id="40290847"><nd ref="245653377" /><nd ref="11950780354" /><nd ref="11950780353" /><nd ref="486059687" /><nd ref="10683166355" /><nd ref="11950780350" /><nd ref="486059691" /><nd ref="11950780357" /><nd ref="11950780359" /><nd ref="4047362134" /><nd ref="2241842577" /><nd ref="2241842525" /><nd ref="486076397" /><nd ref="486059698" /><tag k="lanes" v="2" /><tag k="maxspeed" v="40" /><tag k="highway" v="residential" /><tag k="oneway" v="no" /><tag k="name" v="GD Somani Road" /></way><way timestamp="2026-04-10T00:02:21Z" version="1" visible="true" uid="1" changeset="1" user="OSMnx" id="40290849"><nd ref="473126116" /><nd ref="486059687" /><nd ref="486059629" /><tag k="highway" v="residential" /><tag k="oneway" v="no" /><tag k="name" v="TL Wasvani Road" /></way><way timestamp="2026-04-10T00:02:21Z" version="1" visible="true" uid="1" changeset="1" user="OSMnx" id="40297053"><nd ref="4244274468" /><nd ref="486125025" /><nd ref="486125015" /><nd ref="2241842528" /><nd ref="486125011" /><tag k="lanes" v="1" /><tag k="maxspeed" v="20" /><tag k="highway" v="residential" /><tag k="oneway" v="no" /><tag k="name" v="Fazal Road" /></way><way timestamp="2026-04-10T00:02:21Z" version="1" visible="true" uid="1" changeset="1" user="OSMnx" id="40297288"><nd ref="245653214" /><nd ref="245653221" /><nd ref="245653244" /><nd ref="4244274469" /><tag k="highway" v="residential" /><tag k="oneway" v="no" /><tag k="name" v="Khatau Road" /></way><way timestamp="2026-04-10T00:02:21Z" version="1" visible="true" uid="1" changeset="1" user="OSMnx" id="40297290"><nd ref="245653311" /><nd ref="2241842563" /><nd ref="11029720857" /><nd ref="486125015" /><nd ref="245653221" /><tag k="highway" v="residential" /><tag k="oneway" v="no" /></way><way timestamp="2026-04-10T00:02:21Z" version="1" visible="true" uid="1" changeset="1" user="OSMnx" id="40298517"><nd ref="245653500" /><nd ref="245653472" /><tag k="highway" v="residential" /><tag k="oneway" v="no" /><tag k="name" v="Oliver Street" /></way><way timestamp="2026-04-10T00:02:21Z" version="1" visible="true" uid="1" changeset="1" user="OSMnx" id="40300913"><nd ref="486236751" /><nd ref="486236838" /><tag k="highway" v="residential" /><tag k="oneway" v="no" /><tag k="name" v="JA Allana Marg" /></way><way timestamp="2026-04-10T00:02:21Z" version="1" visible="true" uid="1" changeset="1" user="OSMnx" id="40306688"><nd ref="2168581025" /><nd ref="486300784" /><nd ref="7238373731" /><nd ref="486300786" /><nd ref="486300787" /><nd ref="486300794" /><nd ref="7238373729" /><tag k="highway" v="secondary" /><tag k="oneway" v="no" /><tag k="name" v="Karmaveer Bhaurao Patil Marg (Mayo Road)" /></way><way timestamp="2026-04-10T00:02:21Z" version="1" visible="true" uid="1" changeset="1" user="OSMnx" id="40433567"><nd ref="245653757" /><nd ref="13700547678" /><nd ref="12309203489" /><nd ref="245653750" /><nd ref="489520517" /><nd ref="683779876" /><nd ref="489520507" /><nd ref="9654101605" /><nd ref="12945909672" /><nd ref="489520519" /><nd ref="2175129163" /><tag k="lanes" v="3" /><tag k="highway" v="tertiary" /><tag k="oneway" v="no" /><tag k="name" v="Chhatrapati Shivaji Maharaj Marg" /></way><way timestamp="2026-04-10T00:02:21Z" version="1" visible="true" uid="1" changeset="1" user="OSMnx" id="42347930"><nd ref="528644180" /><nd ref="528644218" /><nd ref="12088314608" /><nd ref="528644225" /><nd ref="9788769595" /><nd ref="2241842819" /><nd ref="528644237" /><nd ref="245653837" /><nd ref="13318691909" /><nd ref="9313040216" /><tag k="highway" v="tertiary" /><tag k="oneway" v="no" /><tag k="name" v="Barrister Rajni Patel Marg" /></way><way timestamp="2026-04-10T00:02:21Z" version="1" visible="true" uid="1" changeset="1" user="OSMnx" id="42348824"><nd ref="528686528" /><nd ref="528686548" /><tag k="highway" v="residential" /><tag k="oneway" v="no" /><tag k="name" v="MCC Cross Lane" /></way><way timestamp="2026-04-10T00:02:21Z" version="1" visible="true" uid="1" changeset="1" user="OSMnx" id="42349129"><nd ref="245653975" /><nd ref="528700700" /><nd ref="2168483702" /><tag k="highway" v="residential" /><tag k="oneway" v="no" /><tag k="name" v="Bank Street Cross Lane" /></way><way timestamp="2026-04-10T00:02:21Z" version="1" visible="true" uid="1" changeset="1" user="OSMnx" id="42349890"><nd ref="528713724" /><nd ref="3826284574" /><nd ref="528713723" /><tag k="highway" v="residential" /><tag k="oneway" v="no" /><tag k="name" v="Alkesh Dinesh Mody Marg" /></way><way timestamp="2026-04-10T00:02:21Z" version="1" visible="true" uid="1" changeset="1" user="OSMnx" id="42350252"><nd ref="12557973951" /><nd ref="1236410120" /><nd ref="11357559873" /><nd ref="11357566437" /><nd ref="13701955566" /><nd ref="245654003" /><tag k="highway" v="tertiary" /><tag k="oneway" v="no" /><tag k="name" v="Mahatma Gandhi Road" /></way><way timestamp="2026-04-10T00:02:21Z" version="1" visible="true" uid="1" changeset="1" user="OSMnx" id="42376646"><nd ref="12400112795" /><nd ref="529002922" /><nd ref="245654113" /><nd ref="12400147208" /><nd ref="662446662" /><nd ref="10598322644" /><nd ref="10598322638" /><tag k="lanes" v="3" /><tag k="maxspeed" v="50" /><tag k="highway" v="primary" /><tag k="oneway" v="no" /><tag k="name" v="Shahid Bhagat Singh Marg" /></way><way timestamp="2026-04-10T00:02:21Z" version="1" visible="true" uid="1" changeset="1" user="OSMnx" id="42798428"><nd ref="535190121" /><nd ref="11192467857" /><tag k="highway" v="residential" /><tag k="oneway" v="no" /><tag k="name" v="British Hotel Lane" /></way><way timestamp="2026-04-10T00:02:21Z" version="1" visible="true" uid="1" changeset="1" user="OSMnx" id="42884394"><nd ref="536839590" /><nd ref="12273088586" /><nd ref="12273088587" /><nd ref="12273088588" /><nd ref="12273088589" /><nd ref="495098003" /><tag k="highway" v="primary_link" /><tag k="oneway" v="no" /></way><way timestamp="2026-04-10T00:02:21Z" version="1" visible="true" uid="1" changeset="1" user="OSMnx" id="49142939"><nd ref="623384627" /><nd ref="623368336" /><nd ref="623368341" /><nd ref="623380590" /><tag k="highway" v="residential" /><tag k="oneway" v="no" /><tag k="name" v="Ganesh Lane" /></way><way timestamp="2026-04-10T00:02:21Z" version="1" visible="true" uid="1" changeset="1" user="OSMnx" id="49144194"><nd ref="623380598" /><nd ref="623380600" /><nd ref="623368336" /><tag k="highway" v="residential" /><tag k="oneway" v="no" /><tag k="name" v="Bori Street" /></way><way timestamp="2026-04-10T00:02:21Z" version="1" visible="true" uid="1" changeset="1" user="OSMnx" id="49144196"><nd ref="623380622" /><nd ref="245653406" /><nd ref="623368341" /><tag k="highway" v="residential" /><tag k="oneway" v="no" /><tag k="name" v="Ganesh Lane" /></way><way timestamp="2026-04-10T00:02:21Z" version="1" visible="true" uid="1" changeset="1" user="OSMnx" id="49144908"><nd ref="623384627" /><nd ref="6901521406" /><nd ref="623384635" /><nd ref="623384637" /><nd ref="623384639" /><nd ref="623384642" /><tag k="highway" v="residential" /><tag k="oneway" v="no" /><tag k="name" v="Shroff Lane" /></way><way timestamp="2026-04-10T00:02:21Z" version="1" visible="true" uid="1" changeset="1" user="OSMnx" id="49144909"><nd ref="623384642" /><nd ref="623384647" /><nd ref="623380598" /><nd ref="623380622" /><nd ref="623380673" /><tag k="highway" v="residential" /><tag k="oneway" v="no" /><tag k="name" v="Pestonji Street" /></way><way timestamp="2026-04-10T00:02:21Z" version="1" visible="true" uid="1" changeset="1" user="OSMnx" id="49145986"><nd ref="245653338" /><nd ref="623400994" /><nd ref="623401000" /><nd ref="623401010" /><nd ref="623401023" /><nd ref="623380673" /><tag k="highway" v="residential" /><tag k="oneway" v="no" /><tag k="name" v="Nowroji Road" /></way><way timestamp="2026-04-10T00:02:21Z" version="1" visible="true" uid="1" changeset="1" user="OSMnx" id="49145987"><nd ref="623401023" /><nd ref="623401044" /><tag k="highway" v="residential" /><tag k="oneway" v="no" /></way><way timestamp="2026-04-10T00:02:21Z" version="1" visible="true" uid="1" changeset="1" user="OSMnx" id="49145990"><nd ref="623401023" /><nd ref="623401070" /><nd ref="623401074" /><nd ref="623401081" /><nd ref="623401086" /><tag k="highway" v="residential" /><tag k="oneway" v="no" /><tag k="name" v="Manekji Street" /></way><way timestamp="2026-04-10T00:02:21Z" version="1" visible="true" uid="1" changeset="1" user="OSMnx" id="49151211"><nd ref="623418030" /><nd ref="12799950003" /><nd ref="245653163" /><nd ref="9652365707" /><nd ref="245653225" /><tag k="highway" v="residential" /><tag k="oneway" v="no" /><tag k="name" v="N Sawant Road" /></way><way timestamp="2026-04-10T00:02:21Z" version="1" visible="true" uid="1" changeset="1" user="OSMnx" id="49480585"><nd ref="4307040340" /><nd ref="4307040341" /><nd ref="4307040342" /><nd ref="12350810684" /><nd ref="4307040344" /><nd ref="4307040345" /><nd ref="4307040346" /><nd ref="2178056750" /><nd ref="2178056752" /><nd ref="13602021545" /><nd ref="2178056755" /><nd ref="12945909690" /><nd ref="628636218" /><nd ref="485984666" /><nd ref="13700547679" /><nd ref="245653753" /><tag k="lanes" v="2" /><tag k="maxspeed" v="50" /><tag k="highway" v="secondary" /><tag k="oneway" v="no" /><tag k="name" v="Nanabhai Moos Marg (Upper Colaba Road)" /></way><way timestamp="2026-04-10T00:02:21Z" version="1" visible="true" uid="1" changeset="1" user="OSMnx" id="52736598"><nd ref="669254966" /><nd ref="2241842424" /><nd ref="669254982" /><tag k="highway" v="residential" /><tag k="oneway" v="no" /><tag k="access" v="military" /></way><way timestamp="2026-04-10T00:02:21Z" version="1" visible="true" uid="1" changeset="1" user="OSMnx" id="54224945"><nd ref="245654066" /><nd ref="245654072" /><nd ref="245654077" /><tag k="highway" v="tertiary" /><tag k="oneway" v="no" /><tag k="name" v="Veer Nariman Road" /></way><way timestamp="2026-04-10T00:02:21Z" version="1" visible="true" uid="1" changeset="1" user="OSMnx" id="62723778"><nd ref="459482314" /><nd ref="459482325" /><nd ref="7301531873" /><nd ref="459482327" /><nd ref="669252933" /><nd ref="11061159496" /><nd ref="669252932" /><nd ref="1278343659" /><nd ref="669252955" /><nd ref="669252931" /><nd ref="11060936297" /><nd ref="459482403" /><nd ref="459482401" /><nd ref="4307040268" /><nd ref="4307040273" /><tag k="highway" v="residential" /><tag k="oneway" v="no" /><tag k="name" v="Somnath Marg" /><tag k="access" v="military" /></way><way timestamp="2026-04-10T00:02:21Z" version="1" visible="true" uid="1" changeset="1" user="OSMnx" id="112478628"><nd ref="1278570274" /><nd ref="1278569670" /><nd ref="1278343494" /><nd ref="1278569716" /><nd ref="1278343772" /><tag k="highway" v="residential" /><tag k="oneway" v="no" /></way><way timestamp="2026-04-10T00:02:21Z" version="1" visible="true" uid="1" changeset="1" user="OSMnx" id="112478629"><nd ref="1278343827" /><nd ref="1278343806" /><nd ref="1278343645" /><nd ref="1278343395" /><nd ref="1278343824" /><tag k="highway" v="residential" /><tag k="oneway" v="no" /><tag k="access" v="military" /></way><way timestamp="2026-04-10T00:02:21Z" version="1" visible="true" uid="1" changeset="1" user="OSMnx" id="112478631"><nd ref="459482431" /><nd ref="2241842009" /><nd ref="459482455" /><nd ref="459482448" /><nd ref="12458003300" /><nd ref="459482308" /><tag k="highway" v="residential" /><tag k="oneway" v="no" /><tag k="access" v="military" /></way><way timestamp="2026-04-10T00:02:21Z" version="1" visible="true" uid="1" changeset="1" user="OSMnx" id="112478633"><nd ref="1278344088" /><nd ref="1278344019" /><tag k="highway" v="residential" /><tag k="oneway" v="no" /><tag k="access" v="military" /></way><way timestamp="2026-04-10T00:02:21Z" version="1" visible="true" uid="1" changeset="1" user="OSMnx" id="112478657"><nd ref="1278343659" /><nd ref="1278343827" /><nd ref="1278344019" /><nd ref="1278343814" /><tag k="highway" v="residential" /><tag k="oneway" v="no" /><tag k="access" v="military" /></way><way timestamp="2026-04-10T00:02:21Z" version="1" visible="true" uid="1" changeset="1" user="OSMnx" id="112478666"><nd ref="1278343786" /><nd ref="1278343478" /><nd ref="1278343473" /><tag k="highway" v="residential" /><tag k="oneway" v="no" /><tag k="access" v="military" /></way><way timestamp="2026-04-10T00:02:21Z" version="1" visible="true" uid="1" changeset="1" user="OSMnx" id="112478670"><nd ref="1278343774" /><nd ref="1278343494" /><nd ref="3803004601" /><nd ref="1278570148" /><nd ref="1278343873" /><nd ref="1278569847" /><nd ref="1278569787" /><nd ref="1278570119" /><nd ref="1278343815" /><tag k="highway" v="residential" /><tag k="oneway" v="no" /></way><way timestamp="2026-04-10T00:02:21Z" version="1" visible="true" uid="1" changeset="1" user="OSMnx" id="112478673"><nd ref="1278343720" /><nd ref="2241842176" /><nd ref="1278343671" /><nd ref="1278343930" /><nd ref="2241842186" /><tag k="highway" v="residential" /><tag k="oneway" v="no" /><tag k="access" v="military" /></way><way timestamp="2026-04-10T00:02:21Z" version="1" visible="true" uid="1" changeset="1" user="OSMnx" id="112478683"><nd ref="1278343631" /><nd ref="9909333246" /><nd ref="11061215152" /><tag k="highway" v="residential" /><tag k="oneway" v="no" /><tag k="access" v="military" /></way><way timestamp="2026-04-10T00:02:21Z" version="1" visible="true" uid="1" changeset="1" user="OSMnx" id="112478687"><nd ref="4233118273" /><nd ref="4233118272" /><nd ref="1278343931" /><nd ref="13598001740" /><tag k="highway" v="residential" /><tag k="oneway" v="no" /><tag k="access" v="military" /></way><way timestamp="2026-04-10T00:02:21Z" version="1" visible="true" uid="1" changeset="1" user="OSMnx" id="112478688"><nd ref="1278343742" /><nd ref="1278343660" /><tag k="highway" v="residential" /><tag k="oneway" v="no" /><tag k="access" v="military" /></way><way timestamp="2026-04-10T00:02:21Z" version="1" visible="true" uid="1" changeset="1" user="OSMnx" id="112478689"><nd ref="2241842191" /><nd ref="1278343545" /><tag k="highway" v="residential" /><tag k="oneway" v="no" /><tag k="access" v="military" /></way><way timestamp="2026-04-10T00:02:21Z" version="1" visible="true" uid="1" changeset="1" user="OSMnx" id="112478694"><nd ref="1278343772" /><nd ref="1278343595" /><nd ref="1278569884" /><nd ref="1278343774" /><tag k="highway" v="residential" /><tag k="oneway" v="no" /></way><way timestamp="2026-04-10T00:02:21Z" version="1" visible="true" uid="1" changeset="1" user="OSMnx" id="112478714"><nd ref="1278343667" /><nd ref="1278343755" /><tag k="highway" v="residential" /><tag k="oneway" v="no" /><tag k="access" v="military" /></way><way timestamp="2026-04-10T00:02:21Z" version="1" visible="true" uid="1" changeset="1" user="OSMnx" id="112478718"><nd ref="1278343617" /><nd ref="1278343929" /><nd ref="13598001741" /><tag k="highway" v="residential" /><tag k="oneway" v="no" /><tag k="access" v="military" /></way><way timestamp="2026-04-10T00:02:21Z" version="1" visible="true" uid="1" changeset="1" user="OSMnx" id="112509703"><nd ref="1278569797" /><nd ref="1278569759" /><nd ref="2241842336" /><nd ref="2241842346" /><nd ref="1278569769" /><tag k="highway" v="residential" /><tag k="oneway" v="no" /><tag k="name" v="Windy Hall Lane" /></way><way timestamp="2026-04-10T00:02:21Z" version="1" visible="true" uid="1" changeset="1" user="OSMnx" id="112509706"><nd ref="1278570148" /><nd ref="1278570349" /><nd ref="1278570245" /><nd ref="1278570274" /><nd ref="1278570214" /><tag k="highway" v="residential" /><tag k="oneway" v="no" /></way><way timestamp="2026-04-10T00:02:21Z" version="1" visible="true" uid="1" changeset="1" user="OSMnx" id="112509730"><nd ref="1278570211" /><nd ref="1278343873" /><tag k="highway" v="residential" /><tag k="oneway" v="no" /></way><way timestamp="2026-04-10T00:02:21Z" version="1" visible="true" uid="1" changeset="1" user="OSMnx" id="112509752"><nd ref="1278570029" /><nd ref="1278569670" /><nd ref="1278570349" /><tag k="highway" v="residential" /><tag k="oneway" v="no" /></way><way timestamp="2026-04-10T00:02:21Z" version="1" visible="true" uid="1" changeset="1" user="OSMnx" id="112509755"><nd ref="1278569716" /><nd ref="1278569884" /><tag k="highway" v="residential" /><tag k="oneway" v="no" /></way><way timestamp="2026-04-10T00:02:21Z" version="1" visible="true" uid="1" changeset="1" user="OSMnx" id="112542493"><nd ref="1278850189" /><nd ref="11068721851" /><nd ref="1278850332" /><nd ref="1278850264" /><tag k="highway" v="residential" /><tag k="oneway" v="no" /></way><way timestamp="2026-04-10T00:02:21Z" version="1" visible="true" uid="1" changeset="1" user="OSMnx" id="130533407"><nd ref="528743523" /><nd ref="7462923336" /><nd ref="528743525" /><nd ref="7462923334" /><nd ref="528743527" /><tag k="highway" v="secondary" /><tag k="oneway" v="no" /><tag k="name" v="Veer Nariman Road" /></way><way timestamp="2026-04-10T00:02:21Z" version="1" visible="true" uid="1" changeset="1" user="OSMnx" id="130535598"><nd ref="4361337156" /><nd ref="1643144567" /><nd ref="1643144569" /><nd ref="1643144572" /><nd ref="1643144573" /><nd ref="1643144576" /><nd ref="4099754310" /><nd ref="13701955564" /><nd ref="2175130255" /><tag k="lanes" v="3" /><tag k="highway" v="primary" /><tag k="oneway" v="no" /><tag k="name" v="Mahatma Gandhi Road" /></way><way timestamp="2026-04-10T00:02:21Z" version="1" visible="true" uid="1" changeset="1" user="OSMnx" id="132953250"><nd ref="1643105824" /><nd ref="12587158363" /><tag k="maxspeed" v="60" /><tag k="highway" v="secondary" /><tag k="oneway" v="no" /><tag k="name" v="Maharshi Karve Road" /></way><way timestamp="2026-04-10T00:02:21Z" version="1" visible="true" uid="1" changeset="1" user="OSMnx" id="134139725"><nd ref="528644332" /><nd ref="9313040202" /><nd ref="2241842840" /><nd ref="4244306273" /><tag k="highway" v="tertiary" /><tag k="oneway" v="no" /><tag k="name" v="Free Press Journal Road" /></way><way timestamp="2026-04-10T00:02:21Z" version="1" visible="true" uid="1" changeset="1" user="OSMnx" id="134139731"><nd ref="9313040201" /><nd ref="12088314618" /><nd ref="12088314619" /><nd ref="12088314620" /><nd ref="12088314621" /><nd ref="12088314622" /><nd ref="12088314623" /><nd ref="12088314624" /><nd ref="12088314613" /><tag k="highway" v="tertiary" /><tag k="oneway" v="no" /><tag k="name" v="Free Press Journal Road" /></way><way timestamp="2026-04-10T00:02:21Z" version="1" visible="true" uid="1" changeset="1" user="OSMnx" id="151493856"><nd ref="245653093" /><nd ref="2241842417" /><tag k="highway" v="residential" /><tag k="oneway" v="no" /></way><way timestamp="2026-04-10T00:02:21Z" version="1" visible="true" uid="1" changeset="1" user="OSMnx" id="151496519"><nd ref="245654022" /><nd ref="245654004" /><nd ref="245653996" /><nd ref="11357547961" /><nd ref="10943519032" /><nd ref="245653980" /><nd ref="245653971" /><nd ref="528713724" /><nd ref="10943519033" /><nd ref="535190116" /><nd ref="7350034024" /><nd ref="7350034025" /><nd ref="317158324" /><tag k="highway" v="residential" /><tag k="oneway" v="no" /><tag k="name" v="Bombay Samachar Marg" /></way><way timestamp="2026-04-10T00:02:21Z" version="1" visible="true" uid="1" changeset="1" user="OSMnx" id="151497957"><nd ref="1643105826" /><nd ref="13515415256" /><nd ref="1643105819" /><tag k="highway" v="tertiary" /><tag k="oneway" v="no" /><tag k="name" v="Vithaldas Thackersey Marg" /></way><way timestamp="2026-04-10T00:02:21Z" version="1" visible="true" uid="1" changeset="1" user="OSMnx" id="151895894"><nd ref="7462923344" /><nd ref="2175130316" /><tag k="highway" v="secondary" /><tag k="oneway" v="no" /><tag k="name" v="Karmaveer Bhaurao Patil Road" /></way><way timestamp="2026-04-10T00:02:21Z" version="1" visible="true" uid="1" changeset="1" user="OSMnx" id="152317217"><nd ref="10885994188" /><nd ref="13702074457" /><nd ref="12067874335" /><nd ref="11042145276" /><nd ref="12753863008" /><nd ref="12753868115" /><nd ref="495026562" /><tag k="highway" v="tertiary" /><tag k="oneway" v="no" /><tag k="name" v="Jamshedji Tata Road" /></way><way timestamp="2026-04-10T00:02:21Z" version="1" visible="true" uid="1" changeset="1" user="OSMnx" id="152317218"><nd ref="5907166301" /><nd ref="492500318" /><nd ref="2241842882" /><nd ref="13471766121" /><nd ref="245653916" /><nd ref="245653907" /><tag k="highway" v="tertiary" /><tag k="oneway" v="no" /><tag k="name" v="Jeevan Bima Road" /></way><way timestamp="2026-04-10T00:02:21Z" version="1" visible="true" uid="1" changeset="1" user="OSMnx" id="158253011"><nd ref="1704905262" /><nd ref="1704905288" /><nd ref="12400112791" /><nd ref="10598322635" /><nd ref="10598322639" /><tag k="maxspeed" v="50" /><tag k="highway" v="primary" /><tag k="oneway" v="no" /><tag k="name" v="Shahid Bhagat Singh Marg" /></way><way timestamp="2026-04-10T00:02:21Z" version="1" visible="true" uid="1" changeset="1" user="OSMnx" id="158253012"><nd ref="662446652" /><nd ref="245653997" /><nd ref="12948782012" /><nd ref="1704905252" /><nd ref="6616201986" /><tag k="maxspeed" v="50" /><tag k="highway" v="primary" /><tag k="oneway" v="no" /><tag k="name" v="Shahid Bhagat Singh Marg" /></way><way timestamp="2026-04-10T00:02:21Z" version="1" visible="true" uid="1" changeset="1" user="OSMnx" id="158253014"><nd ref="10598322643" /><nd ref="12400147209" /><nd ref="1704905817" /><nd ref="1704905869" /><nd ref="10277881697" /><tag k="maxspeed" v="50" /><tag k="highway" v="primary" /><tag k="oneway" v="no" /><tag k="name" v="Shahid Bhagat Singh Marg" /></way><way timestamp="2026-04-10T00:02:21Z" version="1" visible="true" uid="1" changeset="1" user="OSMnx" id="183048816"><nd ref="1934089146" /><nd ref="1934089149" /><nd ref="2241842263" /><nd ref="2241842285" /><nd ref="1934089151" /><tag k="highway" v="residential" /><tag k="oneway" v="no" /><tag k="access" v="military" /></way><way timestamp="2026-04-10T00:02:21Z" version="1" visible="true" uid="1" changeset="1" user="OSMnx" id="183048818"><nd ref="1934089145" /><nd ref="1934089146" /><nd ref="4361285731" /><nd ref="1934089148" /><tag k="highway" v="residential" /><tag k="oneway" v="no" /></way><way timestamp="2026-04-10T00:02:21Z" version="1" visible="true" uid="1" changeset="1" user="OSMnx" id="206346653"><nd ref="245653783" /><nd ref="485973491" /><nd ref="13700572817" /><nd ref="13700572819" /><nd ref="485973500" /><nd ref="486050703" /><nd ref="2177429604" /><nd ref="2163538986" /><tag k="maxspeed" v="50" /><tag k="highway" v="primary" /><tag k="oneway" v="no" /><tag k="name" v="Shahid Bhagat Singh Marg" /></way><way timestamp="2026-04-10T00:02:21Z" version="1" visible="true" uid="1" changeset="1" user="OSMnx" id="206346654"><nd ref="495097987" /><nd ref="2163538993" /><nd ref="2163538995" /><nd ref="13698317936" /><nd ref="245653917" /><nd ref="2163538997" /><nd ref="2163539000" /><nd ref="245653956" /><nd ref="495097996" /><tag k="maxspeed" v="50" /><tag k="highway" v="primary" /><tag k="oneway" v="no" /><tag k="name" v="Shahid Bhagat Singh Marg" /></way><way timestamp="2026-04-10T00:02:21Z" version="1" visible="true" uid="1" changeset="1" user="OSMnx" id="206346655"><nd ref="495097987" /><nd ref="666012302" /><nd ref="13698318585" /><nd ref="666012326" /><nd ref="13698318588" /><nd ref="13698318587" /><nd ref="13698318586" /><nd ref="666012329" /><nd ref="666012335" /><nd ref="666012341" /><nd ref="666012348" /><nd ref="666012354" /><nd ref="13700572818" /><nd ref="666012359" /><nd ref="666012363" /><nd ref="245653777" /><tag k="maxspeed" v="50" /><tag k="highway" v="primary" /><tag k="oneway" v="no" /><tag k="name" v="Shahid Bhagat Singh Road" /></way><way timestamp="2026-04-10T00:02:21Z" version="1" visible="true" uid="1" changeset="1" user="OSMnx" id="206346658"><nd ref="317156842" /><nd ref="2163538983" /><nd ref="2163538981" /><nd ref="2163538979" /><nd ref="13700547676" /><nd ref="13700547677" /><nd ref="2163538980" /><nd ref="485973491" /><tag k="highway" v="primary_link" /><tag k="oneway" v="no" /><tag k="access" v="bus" /></way><way timestamp="2026-04-10T00:02:21Z" version="1" visible="true" uid="1" changeset="1" user="OSMnx" id="206348533"><nd ref="1704905817" /><nd ref="10277881696" /><tag k="highway" v="residential" /><tag k="oneway" v="no" /><tag k="name" v="Perin Nariman Street (Bazar Gate Street)" /></way><way timestamp="2026-04-10T00:02:21Z" version="1" visible="true" uid="1" changeset="1" user="OSMnx" id="206648526"><nd ref="2177429780" /><nd ref="7350616887" /><nd ref="2177429783" /><nd ref="2177429791" /><tag k="highway" v="residential" /><tag k="oneway" v="no" /><tag k="name" v="Mumbai Samachar Marg" /></way><way timestamp="2026-04-10T00:02:21Z" version="1" visible="true" uid="1" changeset="1" user="OSMnx" id="206715808"><nd ref="245654077" /><nd ref="683782447" /><nd ref="7350616885" /><nd ref="7350616886" /><nd ref="245654042" /><tag k="highway" v="tertiary" /><tag k="oneway" v="no" /><tag k="name" v="Nagindas Master Road" /></way><way timestamp="2026-04-10T00:02:21Z" version="1" visible="true" uid="1" changeset="1" user="OSMnx" id="207318869"><nd ref="2175130255" /><nd ref="2175130234" /><nd ref="2175130226" /><nd ref="2175130238" /><nd ref="2175130250" /><nd ref="2175130264" /><nd ref="2175130316" /><tag k="lanes" v="4" /><tag k="highway" v="primary" /><tag k="oneway" v="no" /><tag k="name" v="A D'Mello Road" /></way><way timestamp="2026-04-10T00:02:21Z" version="1" visible="true" uid="1" changeset="1" user="OSMnx" id="207318923"><nd ref="7238373733" /><nd ref="2175129206" /><nd ref="2175129200" /><nd ref="2175129199" /><nd ref="2175129198" /><tag k="highway" v="primary_link" /><tag k="oneway" v="no" /></way><way timestamp="2026-04-10T00:02:21Z" version="1" visible="true" uid="1" changeset="1" user="OSMnx" id="207354621"><nd ref="245654056" /><nd ref="12260431035" /><nd ref="7350616484" /><nd ref="2175568308" /><tag k="highway" v="tertiary" /><tag k="oneway" v="no" /><tag k="name" v="Veer Nariman Road" /></way><way timestamp="2026-04-10T00:02:21Z" version="1" visible="true" uid="1" changeset="1" user="OSMnx" id="207354622"><nd ref="2175568308" /><nd ref="7350616483" /><nd ref="12260431034" /><nd ref="13701996607" /><tag k="highway" v="tertiary" /><tag k="oneway" v="no" /></way><way timestamp="2026-04-10T00:02:21Z" version="1" visible="true" uid="1" changeset="1" user="OSMnx" id="207413321"><nd ref="2176684837" /><nd ref="13701210158" /><nd ref="11029990634" /><nd ref="13701287408" /><nd ref="13701287405" /><nd ref="13701287409" /><nd ref="13701210163" /><nd ref="13701287413" /><nd ref="13701287418" /><nd ref="13701173405" /><nd ref="9313040199" /><nd ref="245653871" /><tag k="highway" v="tertiary" /><tag k="oneway" v="no" /><tag k="name" v="Freedom Fighter Ramnanth Goenka Marg" /></way><way timestamp="2026-04-10T00:02:21Z" version="1" visible="true" uid="1" changeset="1" user="OSMnx" id="207413327"><nd ref="2176684582" /><nd ref="9313067504" /><tag k="lanes" v="1" /><tag k="highway" v="tertiary" /><tag k="oneway" v="no" /><tag k="name" v="Vinayak K Shah Marg" /></way><way timestamp="2026-04-10T00:02:21Z" version="1" visible="true" uid="1" changeset="1" user="OSMnx" id="207413899"><nd ref="2176684582" /><nd ref="12309203497" /><nd ref="9819307318" /><nd ref="9819283709" /><nd ref="9819283708" /><nd ref="9819283700" /><nd ref="12309216406" /><nd ref="12309216405" /><nd ref="11029923761" /><tag k="highway" v="unclassified" /><tag k="oneway" v="no" /><tag k="name" v="Jamnalal Bajaj Road" /></way><way timestamp="2026-04-10T00:02:21Z" version="1" visible="true" uid="1" changeset="1" user="OSMnx" id="207413902"><nd ref="9313067505" /><nd ref="9313067506" /><tag k="lanes" v="2" /><tag k="highway" v="tertiary" /><tag k="oneway" v="no" /><tag k="name" v="Vinayak K Shah Marg" /></way><way timestamp="2026-04-10T00:02:21Z" version="1" visible="true" uid="1" changeset="1" user="OSMnx" id="207413904"><nd ref="245653871" /><nd ref="245653869" /><tag k="highway" v="tertiary" /><tag k="oneway" v="no" /><tag k="name" v="Barrister Rajni Patel Marg" /></way><way timestamp="2026-04-10T00:02:21Z" version="1" visible="true" uid="1" changeset="1" user="OSMnx" id="207416557"><nd ref="486004411" /><nd ref="2241842388" /><nd ref="245653078" /><tag k="maxspeed" v="50" /><tag k="highway" v="secondary" /><tag k="oneway" v="no" /><tag k="name" v="Nanabhai Moos Marg (Upper Colaba Road)" /></way><way timestamp="2026-04-10T00:02:21Z" version="1" visible="true" uid="1" changeset="1" user="OSMnx" id="207416559"><nd ref="2176726928" /><nd ref="2176726929" /><nd ref="245653322" /><nd ref="245653354" /><nd ref="486176885" /><nd ref="4307040335" /><nd ref="245653413" /><nd ref="4244274459" /><tag k="highway" v="tertiary" /><tag k="oneway" v="no" /><tag k="name" v="Wodehouse Road" /></way><way timestamp="2026-04-10T00:02:21Z" version="1" visible="true" uid="1" changeset="1" user="OSMnx" id="207416561"><nd ref="2176726928" /><nd ref="2241842565" /><nd ref="245653311" /><nd ref="9909333265" /><nd ref="245653329" /><nd ref="4244274467" /><tag k="highway" v="residential" /><tag k="oneway" v="no" /><tag k="name" v="Rambhau Salgaonkar Road" /></way><way timestamp="2026-04-10T00:02:21Z" version="1" visible="true" uid="1" changeset="1" user="OSMnx" id="207416562"><nd ref="2241842567" /><nd ref="2241842582" /><nd ref="2241842588" /><nd ref="12578581356" /><nd ref="12578581349" /><nd ref="245653417" /><nd ref="245653433" /><nd ref="245653437" /><nd ref="245653449" /><nd ref="11029781707" /><nd ref="2241842676" /><nd ref="12067761721" /><nd ref="245653455" /><nd ref="2241842701" /><nd ref="11189664118" /><nd ref="245653464" /><tag k="maxspeed" v="50" /><tag k="highway" v="secondary" /><tag k="oneway" v="no" /><tag k="name" v="Nanabhai Moos Marg (Upper Colaba Road)" /></way><way timestamp="2026-04-10T00:02:21Z" version="1" visible="true" uid="1" changeset="1" user="OSMnx" id="207417310"><nd ref="2176742048" /><nd ref="2176742061" /><tag k="highway" v="residential" /><tag k="oneway" v="no" /></way><way timestamp="2026-04-10T00:02:21Z" version="1" visible="true" uid="1" changeset="1" user="OSMnx" id="214699805"><nd ref="2241842285" /><nd ref="2241842289" /><nd ref="4233119213" /><nd ref="2241842299" /><nd ref="4233119212" /><nd ref="2241842283" /><nd ref="2241842279" /><nd ref="4233119208" /><nd ref="2241842263" /><tag k="highway" v="residential" /><tag k="oneway" v="no" /><tag k="access" v="military" /></way><way timestamp="2026-04-10T00:02:21Z" version="1" visible="true" uid="1" changeset="1" user="OSMnx" id="214699816"><nd ref="4462576604" /><nd ref="4233119226" /><nd ref="2241842382" /><tag k="highway" v="residential" /><tag k="oneway" v="no" /></way><way timestamp="2026-04-10T00:02:21Z" version="1" visible="true" uid="1" changeset="1" user="OSMnx" id="214699823"><nd ref="2241842229" /><nd ref="2241842233" /><nd ref="2241842226" /><nd ref="2241842224" /><tag k="highway" v="residential" /><tag k="oneway" v="no" /><tag k="access" v="military" /></way><way timestamp="2026-04-10T00:02:21Z" version="1" visible="true" uid="1" changeset="1" user="OSMnx" id="214699834"><nd ref="2241842327" /><nd ref="2241842344" /><tag k="highway" v="residential" /><tag k="oneway" v="no" /></way><way timestamp="2026-04-10T00:02:21Z" version="1" visible="true" uid="1" changeset="1" user="OSMnx" id="214699842"><nd ref="2241842360" /><nd ref="9909305628" /><nd ref="11056047017" /><nd ref="2241842424" /><tag k="highway" v="residential" /><tag k="oneway" v="no" /><tag k="access" v="military" /></way><way timestamp="2026-04-10T00:02:21Z" version="1" visible="true" uid="1" changeset="1" user="OSMnx" id="214699845"><nd ref="2241842144" /><nd ref="2241842120" /><nd ref="8581680962" /><tag k="highway" v="residential" /><tag k="oneway" v="no" /><tag k="access" v="military" /></way><way timestamp="2026-04-10T00:02:21Z" version="1" visible="true" uid="1" changeset="1" user="OSMnx" id="214699848"><nd ref="2241842577" /><nd ref="9652365737" /><tag k="highway" v="residential" /><tag k="oneway" v="no" /></way><way timestamp="2026-04-10T00:02:21Z" version="1" visible="true" uid="1" changeset="1" user="OSMnx" id="214699857"><nd ref="2241842004" /><nd ref="4233118263" /><nd ref="2241842023" /><tag k="highway" v="residential" /><tag k="oneway" v="no" /><tag k="access" v="military" /></way><way timestamp="2026-04-10T00:02:21Z" version="1" visible="true" uid="1" changeset="1" user="OSMnx" id="214699872"><nd ref="9652365718" /><nd ref="2241842280" /><nd ref="2241842291" /><tag k="highway" v="residential" /><tag k="oneway" v="no" /><tag k="access" v="military" /></way><way timestamp="2026-04-10T00:02:21Z" version="1" visible="true" uid="1" changeset="1" user="OSMnx" id="214699874"><nd ref="2241842346" /><nd ref="2241842327" /><nd ref="2241842306" /><tag k="highway" v="residential" /><tag k="oneway" v="no" /></way><way timestamp="2026-04-10T00:02:21Z" version="1" visible="true" uid="1" changeset="1" user="OSMnx" id="214699879"><nd ref="2241842642" /><nd ref="2241842664" /><nd ref="2241842691" /><tag k="highway" v="residential" /><tag k="oneway" v="no" /></way><way timestamp="2026-04-10T00:02:21Z" version="1" visible="true" uid="1" changeset="1" user="OSMnx" id="214699881"><nd ref="1278343595" /><nd ref="2241842425" /><nd ref="2241842427" /><tag k="highway" v="residential" /><tag k="oneway" v="no" /></way><way timestamp="2026-04-10T00:02:21Z" version="1" visible="true" uid="1" changeset="1" user="OSMnx" id="214699887"><nd ref="2241842220" /><nd ref="2241842222" /><tag k="highway" v="residential" /><tag k="oneway" v="no" /><tag k="access" v="military" /></way><way timestamp="2026-04-10T00:02:21Z" version="1" visible="true" uid="1" changeset="1" user="OSMnx" id="214699891"><nd ref="1278343717" /><nd ref="2241842105" /><tag k="highway" v="residential" /><tag k="oneway" v="no" /><tag k="access" v="military" /></way><way timestamp="2026-04-10T00:02:21Z" version="1" visible="true" uid="1" changeset="1" user="OSMnx" id="214699918"><nd ref="2241842349" /><nd ref="2241842358" /><nd ref="2241842336" /><tag k="highway" v="residential" /><tag k="oneway" v="no" /></way><way timestamp="2026-04-10T00:02:21Z" version="1" visible="true" uid="1" changeset="1" user="OSMnx" id="214699931"><nd ref="2241842009" /><nd ref="2241842019" /><nd ref="2241842025" /><tag k="highway" v="residential" /><tag k="oneway" v="no" /><tag k="access" v="military" /></way><way timestamp="2026-04-10T00:02:21Z" version="1" visible="true" uid="1" changeset="1" user="OSMnx" id="214699942"><nd ref="2241842925" /><nd ref="2241842873" /><tag k="highway" v="residential" /><tag k="oneway" v="no" /></way><way timestamp="2026-04-10T00:02:21Z" version="1" visible="true" uid="1" changeset="1" user="OSMnx" id="214699956"><nd ref="459482281" /><nd ref="9652365723" /><nd ref="459482278" /><nd ref="9652365722" /><nd ref="9652365724" /><nd ref="459482294" /><nd ref="459482296" /><nd ref="1278343473" /><nd ref="459482298" /><nd ref="459482306" /><nd ref="11060902287" /><nd ref="459482304" /><tag k="highway" v="residential" /><tag k="oneway" v="no" /><tag k="name" v="Robert Road" /><tag k="access" v="military" /></way><way timestamp="2026-04-10T00:02:21Z" version="1" visible="true" uid="1" changeset="1" user="OSMnx" id="214699961"><nd ref="7302400533" /><nd ref="2241842194" /><nd ref="2241842170" /><nd ref="2241842138" /><tag k="highway" v="residential" /><tag k="oneway" v="no" /><tag k="access" v="military" /></way><way timestamp="2026-04-10T00:02:21Z" version="1" visible="true" uid="1" changeset="1" user="OSMnx" id="214699963"><nd ref="459482468" /><nd ref="2241842124" /><nd ref="7229566253" /><nd ref="2241842120" /><tag k="highway" v="residential" /><tag k="oneway" v="no" /><tag k="access" v="military" /></way><way timestamp="2026-04-10T00:02:21Z" version="1" visible="true" uid="1" changeset="1" user="OSMnx" id="214699972"><nd ref="2241842386" /><nd ref="9909305629" /><nd ref="11056047016" /><nd ref="669254982" /><nd ref="669254985" /><tag k="highway" v="residential" /><tag k="oneway" v="no" /><tag k="access" v="military" /></way><way timestamp="2026-04-10T00:02:21Z" version="1" visible="true" uid="1" changeset="1" user="OSMnx" id="214699983"><nd ref="2241842117" /><nd ref="2241842136" /><nd ref="2241842138" /><nd ref="2241842140" /><nd ref="7301531870" /><nd ref="7301531872" /><nd ref="7301531873" /><tag k="highway" v="residential" /><tag k="oneway" v="no" /><tag k="access" v="military" /></way><way timestamp="2026-04-10T00:02:21Z" version="1" visible="true" uid="1" changeset="1" user="OSMnx" id="214699986"><nd ref="2241842231" /><nd ref="2241842247" /><nd ref="2241842249" /><tag k="highway" v="residential" /><tag k="oneway" v="no" /><tag k="access" v="military" /></way><way timestamp="2026-04-10T00:02:21Z" version="1" visible="true" uid="1" changeset="1" user="OSMnx" id="214699990"><nd ref="2241842017" /><nd ref="9652365732" /><nd ref="4233118262" /><nd ref="2241842012" /><nd ref="2241842004" /><nd ref="2241842000" /><tag k="highway" v="residential" /><tag k="oneway" v="no" /><tag k="access" v="military" /></way><way timestamp="2026-04-10T00:02:21Z" version="1" visible="true" uid="1" changeset="1" user="OSMnx" id="214699995"><nd ref="2241842280" /><nd ref="2241842297" /><nd ref="2241842308" /><nd ref="2241842321" /><nd ref="4361285729" /><tag k="highway" v="residential" /><tag k="oneway" v="no" /><tag k="access" v="military" /></way><way timestamp="2026-04-10T00:02:21Z" version="1" visible="true" uid="1" changeset="1" user="OSMnx" id="214700006"><nd ref="1278343727" /><nd ref="2241842208" /><nd ref="2241842210" /><nd ref="2241842211" /><nd ref="4364271239" /><nd ref="9909333244" /><nd ref="2241842226" /><tag k="highway" v="residential" /><tag k="oneway" v="no" /><tag k="access" v="military" /></way><way timestamp="2026-04-10T00:02:21Z" version="1" visible="true" uid="1" changeset="1" user="OSMnx" id="235872051"><nd ref="245653708" /><nd ref="245653735" /><nd ref="2439477064" /><nd ref="2439477079" /><nd ref="245653748" /><tag k="lanes" v="3" /><tag k="highway" v="tertiary" /><tag k="oneway" v="no" /></way><way timestamp="2026-04-10T00:02:21Z" version="1" visible="true" uid="1" changeset="1" user="OSMnx" id="236178313"><nd ref="12587158362" /><nd ref="245654116" /><tag k="lanes" v="3" /><tag k="highway" v="secondary" /><tag k="oneway" v="no" /><tag k="name" v="Veer Nariman Road" /></way><way timestamp="2026-04-10T00:02:21Z" version="1" visible="true" uid="1" changeset="1" user="OSMnx" id="236178314"><nd ref="1643105819" /><nd ref="13471619928" /><nd ref="13464335939" /><nd ref="1643105814" /><tag k="lanes" v="3" /><tag k="highway" v="secondary" /><tag k="oneway" v="no" /><tag k="name" v="Veer Nariman Road" /></way><way timestamp="2026-04-10T00:02:21Z" version="1" visible="true" uid="1" changeset="1" user="OSMnx" id="236180641"><nd ref="245653771" /><nd ref="2168580969" /><nd ref="2168580970" /><nd ref="13408875728" /><nd ref="2168580977" /><nd ref="485977586" /><nd ref="2175129190" /><nd ref="2168581009" /><nd ref="2168581018" /><nd ref="13629231484" /><nd ref="6618261801" /><tag k="highway" v="primary" /><tag k="oneway" v="no" /><tag k="name" v="Madame Cama Road" /></way><way timestamp="2026-04-10T00:02:21Z" version="1" visible="true" uid="1" changeset="1" user="OSMnx" id="236607900"><nd ref="2175130316" /><nd ref="4364271210" /><nd ref="528744265" /><nd ref="528743515" /><nd ref="6602221633" /><tag k="lanes" v="6" /><tag k="highway" v="primary" /><tag k="oneway" v="no" /><tag k="name" v="Karmaveer Bhaurao Patil Road" /></way><way timestamp="2026-04-10T00:02:21Z" version="1" visible="true" uid="1" changeset="1" user="OSMnx" id="236607903"><nd ref="7350602914" /><nd ref="1643144591" /><tag k="highway" v="primary" /><tag k="oneway" v="no" /><tag k="name" v="Mahatma Gandhi Road" /></way><way timestamp="2026-04-10T00:02:21Z" version="1" visible="true" uid="1" changeset="1" user="OSMnx" id="236608605"><nd ref="1640191301" /><nd ref="6601918284" /><nd ref="1643134365" /><nd ref="245654041" /><tag k="highway" v="primary" /><tag k="oneway" v="no" /><tag k="name" v="Mahatma Gandhi Road" /></way><way timestamp="2026-04-10T00:02:21Z" version="1" visible="true" uid="1" changeset="1" user="OSMnx" id="236608606"><nd ref="473084113" /><nd ref="1643007858" /><tag k="highway" v="primary" /><tag k="oneway" v="no" /><tag k="name" v="Madame Cama Road" /></way><way timestamp="2026-04-10T00:02:21Z" version="1" visible="true" uid="1" changeset="1" user="OSMnx" id="252714864"><nd ref="486004376" /><nd ref="2176726924" /><nd ref="12438102822" /><nd ref="4044476074" /><nd ref="13601988253" /><nd ref="245653188" /><nd ref="245653214" /><nd ref="2241842517" /><nd ref="486125011" /><nd ref="2241842532" /><nd ref="11029716447" /><nd ref="7461994666" /><nd ref="2176726928" /><tag k="maxspeed" v="50" /><tag k="highway" v="secondary" /><tag k="oneway" v="no" /><tag k="name" v="Wodehouse Road" /></way><way timestamp="2026-04-10T00:02:21Z" version="1" visible="true" uid="1" changeset="1" user="OSMnx" id="260798125"><nd ref="486059629" /><nd ref="11950780351" /><nd ref="4048772484" /><nd ref="10310844542" /><nd ref="10310844545" /><nd ref="4041320770" /><nd ref="9513740983" /><nd ref="11137692659" /><nd ref="486059646" /><nd ref="245653223" /><tag k="highway" v="residential" /><tag k="oneway" v="no" /><tag k="name" v="TL Wasvani Road" /></way><way timestamp="2026-04-10T00:02:21Z" version="1" visible="true" uid="1" changeset="1" user="OSMnx" id="260798127"><nd ref="2663548237" /><nd ref="2663548229" /><nd ref="245653033" /><tag k="highway" v="residential" /><tag k="oneway" v="no" /></way><way timestamp="2026-04-10T00:02:21Z" version="1" visible="true" uid="1" changeset="1" user="OSMnx" id="402011211"><nd ref="2241842525" /><nd ref="11030085776" /><nd ref="4044359300" /><tag k="highway" v="residential" /><tag k="oneway" v="no" /></way><way timestamp="2026-04-10T00:02:21Z" version="1" visible="true" uid="1" changeset="1" user="OSMnx" id="402015847"><nd ref="4044403809" /><nd ref="2241842525" /><tag k="maxspeed" v="20" /><tag k="highway" v="residential" /><tag k="oneway" v="no" /><tag k="name" v="GD Somani Road" /></way><way timestamp="2026-04-10T00:02:21Z" version="1" visible="true" uid="1" changeset="1" user="OSMnx" id="402020963"><nd ref="4044476074" /><nd ref="245653112" /><tag k="highway" v="residential" /><tag k="oneway" v="no" /></way><way timestamp="2026-04-10T00:02:21Z" version="1" visible="true" uid="1" changeset="1" user="OSMnx" id="402302976"><nd ref="486076397" /><nd ref="11030085778" /><nd ref="4047176679" /><tag k="highway" v="residential" /><tag k="oneway" v="no" /></way><way timestamp="2026-04-10T00:02:21Z" version="1" visible="true" uid="1" changeset="1" user="OSMnx" id="402642461"><nd ref="9313067504" /><nd ref="9313067502" /><tag k="highway" v="tertiary" /><tag k="oneway" v="no" /><tag k="name" v="Jamnalal Bajaj Road" /></way><way timestamp="2026-04-10T00:02:21Z" version="1" visible="true" uid="1" changeset="1" user="OSMnx" id="407953904"><nd ref="4099754310" /><nd ref="486040864" /><tag k="highway" v="tertiary" /><tag k="oneway" v="no" /></way><way timestamp="2026-04-10T00:02:21Z" version="1" visible="true" uid="1" changeset="1" user="OSMnx" id="407958349"><nd ref="4328236684" /><nd ref="4328236685" /><nd ref="2439477058" /><tag k="highway" v="tertiary" /><tag k="oneway" v="no" /><tag k="name" v="Chhatrapati Shivaji Maharaj Road" /></way><way timestamp="2026-04-10T00:02:21Z" version="1" visible="true" uid="1" changeset="1" user="OSMnx" id="414005428"><nd ref="459529380" /><nd ref="669252926" /><tag k="highway" v="residential" /><tag k="oneway" v="no" /><tag k="access" v="military" /></way><way timestamp="2026-04-10T00:02:21Z" version="1" visible="true" uid="1" changeset="1" user="OSMnx" id="423753794"><nd ref="4233119208" /><nd ref="4233119209" /><tag k="highway" v="residential" /><tag k="oneway" v="no" /><tag k="access" v="military" /></way><way timestamp="2026-04-10T00:02:21Z" version="1" visible="true" uid="1" changeset="1" user="OSMnx" id="423753795"><nd ref="459482378" /><nd ref="4233119219" /><tag k="highway" v="residential" /><tag k="oneway" v="no" /></way><way timestamp="2026-04-10T00:02:21Z" version="1" visible="true" uid="1" changeset="1" user="OSMnx" id="423753798"><nd ref="4233118264" /><nd ref="4233118262" /><tag k="highway" v="residential" /><tag k="oneway" v="no" /><tag k="access" v="military" /></way><way timestamp="2026-04-10T00:02:21Z" version="1" visible="true" uid="1" changeset="1" user="OSMnx" id="423753799"><nd ref="1278343727" /><nd ref="1278343342" /><tag k="highway" v="residential" /><tag k="oneway" v="no" /><tag k="access" v="military" /></way><way timestamp="2026-04-10T00:02:21Z" version="1" visible="true" uid="1" changeset="1" user="OSMnx" id="423753803"><nd ref="13601856153" /><nd ref="13601856152" /><nd ref="13601856151" /><nd ref="13601856150" /><nd ref="4233119201" /><nd ref="4233119202" /><nd ref="4233119203" /><tag k="highway" v="residential" /><tag k="oneway" v="no" /><tag k="access" v="military" /></way><way timestamp="2026-04-10T00:02:21Z" version="1" visible="true" uid="1" changeset="1" user="OSMnx" id="423753805"><nd ref="4233119213" /><nd ref="4233119211" /><nd ref="4233119212" /><tag k="highway" v="residential" /><tag k="oneway" v="no" /></way><way timestamp="2026-04-10T00:02:21Z" version="1" visible="true" uid="1" changeset="1" user="OSMnx" id="423753806"><nd ref="4233119223" /><nd ref="9056987031" /><nd ref="4462576604" /><nd ref="8620852559" /><nd ref="4233119222" /><nd ref="4233119221" /><nd ref="11174309906" /><nd ref="11174309907" /><tag k="highway" v="residential" /><tag k="oneway" v="no" /><tag k="access" v="military" /></way><way timestamp="2026-04-10T00:02:21Z" version="1" visible="true" uid="1" changeset="1" user="OSMnx" id="423753807"><nd ref="4233119214" /><nd ref="4233119222" /><nd ref="4233119225" /><nd ref="11174309908" /><nd ref="11174309909" /><nd ref="11174309910" /><nd ref="11174309911" /><nd ref="11174309907" /><nd ref="11174309912" /><nd ref="11174309913" /><tag k="highway" v="residential" /><tag k="oneway" v="no" /><tag k="access" v="military" /></way><way timestamp="2026-04-10T00:02:21Z" version="1" visible="true" uid="1" changeset="1" user="OSMnx" id="423753810"><nd ref="4233119205" /><nd ref="4233119206" /><nd ref="4233119210" /><nd ref="4361285726" /><nd ref="4233119214" /><tag k="highway" v="residential" /><tag k="oneway" v="no" /><tag k="access" v="military" /></way><way timestamp="2026-04-10T00:02:21Z" version="1" visible="true" uid="1" changeset="1" user="OSMnx" id="423753813"><nd ref="2241842221" /><nd ref="2241842229" /><nd ref="2241842249" /><tag k="highway" v="residential" /><tag k="oneway" v="no" /></way><way timestamp="2026-04-10T00:02:21Z" version="1" visible="true" uid="1" changeset="1" user="OSMnx" id="423753814"><nd ref="4233118261" /><nd ref="4233118263" /><nd ref="4233118264" /><nd ref="4233118265" /><tag k="highway" v="residential" /><tag k="oneway" v="no" /><tag k="access" v="military" /></way><way timestamp="2026-04-10T00:02:21Z" version="1" visible="true" uid="1" changeset="1" user="OSMnx" id="423753819"><nd ref="4233118287" /><nd ref="2241842186" /><nd ref="4233119194" /><nd ref="4233119197" /><nd ref="4233119199" /><tag k="highway" v="residential" /><tag k="oneway" v="no" /><tag k="access" v="military" /></way><way timestamp="2026-04-10T00:02:21Z" version="1" visible="true" uid="1" changeset="1" user="OSMnx" id="423753820"><nd ref="1278343362" /><nd ref="459482368" /><nd ref="8609876358" /><nd ref="1934089148" /><nd ref="1934089147" /><tag k="highway" v="residential" /><tag k="oneway" v="no" /></way><way timestamp="2026-04-10T00:02:21Z" version="1" visible="true" uid="1" changeset="1" user="OSMnx" id="423753822"><nd ref="4233119193" /><nd ref="7229566236" /><nd ref="7229566237" /><nd ref="4233119191" /><nd ref="4233119190" /><nd ref="4233119194" /><tag k="highway" v="residential" /><tag k="oneway" v="no" /><tag k="access" v="military" /></way><way timestamp="2026-04-10T00:02:21Z" version="1" visible="true" uid="1" changeset="1" user="OSMnx" id="425101247"><nd ref="4307040305" /><nd ref="4307040309" /><nd ref="11056101722" /><nd ref="1278344000" /><nd ref="4307040318" /><nd ref="4307040324" /><nd ref="4307040325" /><nd ref="4307040326" /><tag k="lanes" v="2" /><tag k="highway" v="secondary" /><tag k="oneway" v="no" /><tag k="name" v="Captain Prakash Pethe Marg" /></way><way timestamp="2026-04-10T00:02:21Z" version="1" visible="true" uid="1" changeset="1" user="OSMnx" id="425101250"><nd ref="12299724446" /><nd ref="4244274463" /><nd ref="10720463717" /><nd ref="11594181149" /><tag k="highway" v="tertiary" /><tag k="oneway" v="no" /><tag k="name" v="Rajendra Venkateshwara Rao Marg" /></way><way timestamp="2026-04-10T00:02:21Z" version="1" visible="true" uid="1" changeset="1" user="OSMnx" id="425101257"><nd ref="4244274466" /><nd ref="11047849376" /><nd ref="9663266522" /><nd ref="9663266527" /><nd ref="4244274463" /><nd ref="12484130381" /><nd ref="12484130388" /><nd ref="12586989043" /><nd ref="12586989042" /><nd ref="11052629983" /><nd ref="11052629982" /><tag k="lanes" v="2" /><tag k="highway" v="secondary" /><tag k="oneway" v="no" /><tag k="name" v="General Jagannath Bhosale Marg" /></way><way timestamp="2026-04-10T00:02:21Z" version="1" visible="true" uid="1" changeset="1" user="OSMnx" id="425104432"><nd ref="4244306278" /><nd ref="13701266501" /><nd ref="2176684837" /><tag k="lanes" v="1" /><tag k="highway" v="tertiary" /><tag k="oneway" v="no" /><tag k="name" v="Vinayak K Shah Marg" /></way><way timestamp="2026-04-10T00:02:21Z" version="1" visible="true" uid="1" changeset="1" user="OSMnx" id="431494581"><nd ref="4307040282" /><nd ref="9833434859" /><nd ref="4307040287" /><nd ref="9833434858" /><nd ref="4307040286" /><nd ref="9833434857" /><nd ref="4307040281" /><nd ref="4307040279" /><tag k="highway" v="secondary" /><tag k="junction" v="roundabout" /><tag k="oneway" v="no" /><tag k="name" v="Bakery Lane" /></way><way timestamp="2026-04-10T00:02:21Z" version="1" visible="true" uid="1" changeset="1" user="OSMnx" id="431494582"><nd ref="4307040267" /><nd ref="4307040270" /><nd ref="4307040271" /><tag k="maxspeed" v="50" /><tag k="highway" v="secondary" /><tag k="oneway" v="no" /><tag k="name" v="Bakery Lane" /></way><way timestamp="2026-04-10T00:02:21Z" version="1" visible="true" uid="1" changeset="1" user="OSMnx" id="431494583"><nd ref="4307040279" /><nd ref="4307040275" /><nd ref="4307040267" /><tag k="maxspeed" v="50" /><tag k="highway" v="secondary" /><tag k="oneway" v="no" /><tag k="name" v="Bakery Lane" /></way><way timestamp="2026-04-10T00:02:21Z" version="1" visible="true" uid="1" changeset="1" user="OSMnx" id="431494584"><nd ref="245653613" /><nd ref="7461994658" /><nd ref="8620970561" /><nd ref="4307040338" /><nd ref="245653413" /><nd ref="4307040333" /><nd ref="4307040331" /><nd ref="9909333263" /><nd ref="245653329" /><nd ref="486125025" /><nd ref="245653244" /><nd ref="245653232" /><tag k="lanes" v="2" /><tag k="highway" v="secondary" /><tag k="oneway" v="no" /><tag k="name" v="Captain Prakash Pethe Marg" /></way><way timestamp="2026-04-10T00:02:21Z" version="1" visible="true" uid="1" changeset="1" user="OSMnx" id="431494585"><nd ref="486059698" /><nd ref="11951270851" /><nd ref="4244274469" /><nd ref="4244274468" /><nd ref="4244274467" /><nd ref="4307040332" /><nd ref="4307040334" /><nd ref="4307040336" /><nd ref="4244274459" /><nd ref="11047883244" /><nd ref="4244274460" /><nd ref="4244274461" /><nd ref="4244274462" /><nd ref="4244274466" /><tag k="lanes" v="2" /><tag k="highway" v="secondary" /><tag k="oneway" v="no" /><tag k="name" v="Captain Prakash Pethe Marg" /></way><way timestamp="2026-04-10T00:02:21Z" version="1" visible="true" uid="1" changeset="1" user="OSMnx" id="431494586"><nd ref="4307040287" /><nd ref="4307040290" /><nd ref="4307040292" /><tag k="lanes" v="1" /><tag k="highway" v="secondary" /><tag k="oneway" v="no" /><tag k="name" v="Captain Prakash Pethe Marg" /></way><way timestamp="2026-04-10T00:02:21Z" version="1" visible="true" uid="1" changeset="1" user="OSMnx" id="431494587"><nd ref="4307040292" /><nd ref="4307040289" /><nd ref="4307040281" /><tag k="lanes" v="1" /><tag k="highway" v="secondary" /><tag k="oneway" v="no" /><tag k="name" v="Captain Prakash Pethe Marg" /></way><way timestamp="2026-04-10T00:02:21Z" version="1" visible="true" uid="1" changeset="1" user="OSMnx" id="431494588"><nd ref="4307040292" /><nd ref="2663548237" /><nd ref="4307040305" /><tag k="lanes" v="2" /><tag k="highway" v="secondary" /><tag k="oneway" v="no" /><tag k="name" v="Captain Prakash Pethe Marg" /></way><way timestamp="2026-04-10T00:02:21Z" version="1" visible="true" uid="1" changeset="1" user="OSMnx" id="431494592"><nd ref="13015483301" /><nd ref="13015483305" /><nd ref="13702074448" /><nd ref="4307040348" /><tag k="highway" v="tertiary" /><tag k="oneway" v="no" /><tag k="name" v="Hasmukhbhai T. Parekh Road" /></way><way timestamp="2026-04-10T00:02:21Z" version="1" visible="true" uid="1" changeset="1" user="OSMnx" id="431494600"><nd ref="1640191301" /><nd ref="2168470071" /><nd ref="13536129924" /><tag k="highway" v="secondary" /><tag k="oneway" v="no" /><tag k="name" v="Veer Nariman Road" /></way><way timestamp="2026-04-10T00:02:21Z" version="1" visible="true" uid="1" changeset="1" user="OSMnx" id="431494601"><nd ref="13536129922" /><nd ref="2446246178" /><nd ref="1640191301" /><tag k="highway" v="secondary" /><tag k="oneway" v="no" /><tag k="name" v="Veer Nariman Road" /></way><way timestamp="2026-04-10T00:02:21Z" version="1" visible="true" uid="1" changeset="1" user="OSMnx" id="431494613"><nd ref="4307040295" /><nd ref="4307040298" /><nd ref="4307040300" /><nd ref="4307040299" /><nd ref="4307040297" /><nd ref="9652365713" /><nd ref="4307040294" /><tag k="highway" v="residential" /><tag k="oneway" v="no" /></way><way timestamp="2026-04-10T00:02:21Z" version="1" visible="true" uid="1" changeset="1" user="OSMnx" id="434912421"><nd ref="4328236683" /><nd ref="4328236684" /><tag k="highway" v="tertiary" /><tag k="oneway" v="no" /><tag k="name" v="Chhatrapati Shivaji Maharaj Road" /></way><way timestamp="2026-04-10T00:02:21Z" version="1" visible="true" uid="1" changeset="1" user="OSMnx" id="434912422"><nd ref="10886066849" /><nd ref="12350777519" /><nd ref="4328236676" /><nd ref="4328236677" /><nd ref="4328236678" /><nd ref="4328236680" /><nd ref="4328236682" /><nd ref="4328236683" /><tag k="lanes" v="2" /><tag k="highway" v="tertiary" /><tag k="oneway" v="no" /><tag k="name" v="Prem J. Ramchandani Road" /></way><way timestamp="2026-04-10T00:02:21Z" version="1" visible="true" uid="1" changeset="1" user="OSMnx" id="434912424"><nd ref="245653559" /><nd ref="10886066850" /><nd ref="10886066853" /><nd ref="10886066866" /><nd ref="10886066854" /><nd ref="10886066855" /><nd ref="10886066856" /><nd ref="10886066857" /><nd ref="10886066858" /><nd ref="11950780610" /><nd ref="10886066859" /><tag k="lanes" v="2" /><tag k="highway" v="tertiary" /><tag k="oneway" v="no" /><tag k="name" v="P J Ramchandani Marg" /></way><way timestamp="2026-04-10T00:02:21Z" version="1" visible="true" uid="1" changeset="1" user="OSMnx" id="438373271"><nd ref="1278343717" /><nd ref="13597710162" /><nd ref="1278343850" /><nd ref="11061174809" /><nd ref="1278343736" /><nd ref="11061174808" /><nd ref="4361196387" /><nd ref="11059366726" /><nd ref="11060947422" /><nd ref="1278343572" /><tag k="highway" v="residential" /><tag k="oneway" v="no" /><tag k="access" v="military" /></way><way timestamp="2026-04-10T00:02:21Z" version="1" visible="true" uid="1" changeset="1" user="OSMnx" id="438382349"><nd ref="4361285723" /><nd ref="4233119203" /><nd ref="459482553" /><tag k="highway" v="residential" /><tag k="oneway" v="no" /><tag k="access" v="military" /></way><way timestamp="2026-04-10T00:02:21Z" version="1" visible="true" uid="1" changeset="1" user="OSMnx" id="438382350"><nd ref="4233119210" /><nd ref="13601856153" /><nd ref="4361285724" /><nd ref="4361285725" /><nd ref="4361285726" /><tag k="highway" v="residential" /><tag k="oneway" v="no" /><tag k="access" v="military" /></way><way timestamp="2026-04-10T00:02:21Z" version="1" visible="true" uid="1" changeset="1" user="OSMnx" id="438382351"><nd ref="4361285724" /><nd ref="5246084529" /><tag k="highway" v="residential" /><tag k="oneway" v="no" /><tag k="access" v="military" /></way><way timestamp="2026-04-10T00:02:21Z" version="1" visible="true" uid="1" changeset="1" user="OSMnx" id="438382353"><nd ref="4361285729" /><nd ref="459482356" /><tag k="highway" v="residential" /><tag k="oneway" v="no" /></way><way timestamp="2026-04-10T00:02:21Z" version="1" visible="true" uid="1" changeset="1" user="OSMnx" id="438382354"><nd ref="4361285731" /><nd ref="1934089151" /><nd ref="4361285732" /><tag k="highway" v="residential" /><tag k="oneway" v="no" /><tag k="access" v="military" /></way><way timestamp="2026-04-10T00:02:21Z" version="1" visible="true" uid="1" changeset="1" user="OSMnx" id="438385019"><nd ref="1278569797" /><nd ref="4361337140" /><tag k="highway" v="residential" /><tag k="oneway" v="no" /></way><way timestamp="2026-04-10T00:02:21Z" version="1" visible="true" uid="1" changeset="1" user="OSMnx" id="438385020"><nd ref="4361337141" /><nd ref="4361337142" /><tag k="highway" v="residential" /><tag k="oneway" v="no" /></way><way timestamp="2026-04-10T00:02:21Z" version="1" visible="true" uid="1" changeset="1" user="OSMnx" id="438385021"><nd ref="4361337143" /><nd ref="2241842421" /><tag k="highway" v="residential" /><tag k="oneway" v="no" /></way><way timestamp="2026-04-10T00:02:21Z" version="1" visible="true" uid="1" changeset="1" user="OSMnx" id="438385023"><nd ref="623418030" /><nd ref="4361337144" /><nd ref="4361337146" /><tag k="highway" v="residential" /><tag k="oneway" v="no" /></way><way timestamp="2026-04-10T00:02:21Z" version="1" visible="true" uid="1" changeset="1" user="OSMnx" id="438385028"><nd ref="4361337153" /><nd ref="4361337154" /><nd ref="4361337155" /><nd ref="4361337156" /><tag k="highway" v="primary_link" /><tag k="oneway" v="no" /></way><way timestamp="2026-04-10T00:02:21Z" version="1" visible="true" uid="1" changeset="1" user="OSMnx" id="438385029"><nd ref="4361337161" /><nd ref="13703033106" /><nd ref="13703033107" /><nd ref="4361337162" /><nd ref="4361337163" /><nd ref="7345775406" /><nd ref="4361337164" /><nd ref="2241842980" /><tag k="highway" v="residential" /><tag k="oneway" v="no" /></way><way timestamp="2026-04-10T00:02:21Z" version="1" visible="true" uid="1" changeset="1" user="OSMnx" id="438385030"><nd ref="492487418" /><nd ref="11952282408" /><nd ref="7345775426" /><tag k="highway" v="residential" /><tag k="oneway" v="no" /></way><way timestamp="2026-04-10T00:02:21Z" version="1" visible="true" uid="1" changeset="1" user="OSMnx" id="438745907"><nd ref="4364271239" /><nd ref="2241842217" /><nd ref="2241842215" /><nd ref="7237941518" /><nd ref="7237941516" /><tag k="highway" v="residential" /><tag k="oneway" v="no" /><tag k="access" v="military" /></way><way timestamp="2026-04-10T00:02:21Z" version="1" visible="true" uid="1" changeset="1" user="OSMnx" id="438752841"><nd ref="1934089149" /><nd ref="4233119207" /><tag k="highway" v="residential" /><tag k="oneway" v="no" /><tag k="access" v="military" /></way><way timestamp="2026-04-10T00:02:21Z" version="1" visible="true" uid="1" changeset="1" user="OSMnx" id="449436454"><nd ref="459482358" /><nd ref="2241842222" /><nd ref="2241842217" /><nd ref="1278343727" /><nd ref="2241842204" /><nd ref="2241842201" /><nd ref="7229566256" /><nd ref="2241842191" /><nd ref="1278343667" /><nd ref="2241842176" /><nd ref="2241842172" /><nd ref="459482564" /><nd ref="1278343742" /><nd ref="1278343814" /><nd ref="1278343631" /><nd ref="11061215153" /><nd ref="1278343824" /><nd ref="459482467" /><nd ref="459482468" /><tag k="highway" v="residential" /><tag k="oneway" v="no" /><tag k="name" v="Navy Nagar Road" /><tag k="access" v="military" /></way><way timestamp="2026-04-10T00:02:21Z" version="1" visible="true" uid="1" changeset="1" user="OSMnx" id="556491643"><nd ref="4307040326" /><nd ref="9348211569" /><nd ref="1278343815" /><nd ref="9513750368" /><nd ref="9315182294" /><nd ref="11061240764" /><nd ref="486072716" /><nd ref="245653212" /><nd ref="245653223" /><tag k="highway" v="residential" /><tag k="oneway" v="no" /><tag k="name" v="S Vaswani Road" /></way><way timestamp="2026-04-10T00:02:21Z" version="1" visible="true" uid="1" changeset="1" user="OSMnx" id="625655200"><nd ref="13015390774" /><nd ref="13015390777" /><nd ref="13015390778" /><nd ref="13015390779" /><nd ref="13015390784" /><nd ref="13015390780" /><nd ref="13015390781" /><nd ref="5907166295" /><nd ref="5907166300" /><nd ref="13015390775" /><nd ref="5907166301" /><nd ref="5907166302" /><nd ref="5907166303" /><nd ref="5907166304" /><nd ref="13015390776" /><nd ref="5907166305" /><nd ref="13015390769" /><nd ref="13015390770" /><nd ref="13015390771" /><nd ref="13015390772" /><nd ref="13015390773" /><nd ref="5907166289" /><nd ref="13015390774" /><tag k="highway" v="tertiary" /><tag k="junction" v="roundabout" /><tag k="oneway" v="no" /><tag k="name" v="Jamshedji Tata Road" /></way><way timestamp="2026-04-10T00:02:21Z" version="1" visible="true" uid="1" changeset="1" user="OSMnx" id="647578132"><nd ref="2175130226" /><nd ref="245653905" /><nd ref="1643144576" /><tag k="highway" v="residential" /><tag k="oneway" v="no" /><tag k="name" v="David Sassoon Library Marg" /></way><way timestamp="2026-04-10T00:02:21Z" version="1" visible="true" uid="1" changeset="1" user="OSMnx" id="647578135"><nd ref="2175130238" /><nd ref="6081288560" /><nd ref="6081288561" /><nd ref="7462923344" /><tag k="highway" v="secondary_link" /><tag k="oneway" v="no" /></way><way timestamp="2026-04-10T00:02:21Z" version="1" visible="true" uid="1" changeset="1" user="OSMnx" id="647578138"><nd ref="7238373729" /><nd ref="7238373730" /><nd ref="9168645655" /><nd ref="2168580990" /><nd ref="485977586" /><tag k="highway" v="secondary" /><tag k="oneway" v="no" /><tag k="name" v="Karmaveer Bhaurao Patil Road" /></way><way timestamp="2026-04-10T00:02:21Z" version="1" visible="true" uid="1" changeset="1" user="OSMnx" id="647578141"><nd ref="7462923344" /><nd ref="7462923345" /><nd ref="7238373728" /><nd ref="7238373729" /><tag k="highway" v="secondary" /><tag k="oneway" v="no" /><tag k="name" v="Karmaveer Bhaurao Patil Road" /></way><way timestamp="2026-04-10T00:02:21Z" version="1" visible="true" uid="1" changeset="1" user="OSMnx" id="702987771"><nd ref="6601941185" /><nd ref="1643105813" /><tag k="highway" v="primary" /><tag k="oneway" v="no" /></way><way timestamp="2026-04-10T00:02:21Z" version="1" visible="true" uid="1" changeset="1" user="OSMnx" id="703029393"><nd ref="6602221633" /><nd ref="6602221629" /><nd ref="11952315862" /><nd ref="6602221631" /><nd ref="6602221630" /><nd ref="528743523" /><tag k="highway" v="secondary_link" /><tag k="oneway" v="no" /></way><way timestamp="2026-04-10T00:02:21Z" version="1" visible="true" uid="1" changeset="1" user="OSMnx" id="703779299"><nd ref="6608759219" /><nd ref="6608759218" /><nd ref="6608759216" /><nd ref="6608759215" /><tag k="highway" v="secondary" /><tag k="oneway" v="no" /></way><way timestamp="2026-04-10T00:02:21Z" version="1" visible="true" uid="1" changeset="1" user="OSMnx" id="704449416"><nd ref="10886054716" /><nd ref="13471766113" /><nd ref="10886054717" /><tag k="highway" v="secondary" /><tag k="oneway" v="no" /><tag k="name" v="Maharshi Karve Road" /></way><way timestamp="2026-04-10T00:02:21Z" version="1" visible="true" uid="1" changeset="1" user="OSMnx" id="704735185"><nd ref="6618261801" /><nd ref="6618261800" /><nd ref="6618261799" /><nd ref="6618261798" /><nd ref="10886054721" /><tag k="highway" v="primary_link" /><tag k="oneway" v="no" /></way><way timestamp="2026-04-10T00:02:21Z" version="1" visible="true" uid="1" changeset="1" user="OSMnx" id="704738525"><nd ref="6618316498" /><nd ref="6618316497" /><nd ref="6618316496" /><nd ref="6618316495" /><nd ref="6618316494" /><nd ref="6618316493" /><tag k="highway" v="tertiary" /><tag k="oneway" v="no" /></way><way timestamp="2026-04-10T00:02:21Z" version="1" visible="true" uid="1" changeset="1" user="OSMnx" id="704741359"><nd ref="245653597" /><nd ref="2242540243" /><nd ref="486236838" /><nd ref="245653518" /><nd ref="245653487" /><nd ref="2241842709" /><nd ref="245653457" /><nd ref="245653445" /><nd ref="10886066864" /><tag k="lanes" v="2" /><tag k="highway" v="residential" /><tag k="oneway" v="no" /><tag k="name" v="Boman Behram Road" /></way><way timestamp="2026-04-10T00:02:21Z" version="1" visible="true" uid="1" changeset="1" user="OSMnx" id="774907058"><nd ref="4233119197" /><nd ref="4233119196" /><tag k="highway" v="residential" /><tag k="oneway" v="no" /><tag k="access" v="military" /></way><way timestamp="2026-04-10T00:02:21Z" version="1" visible="true" uid="1" changeset="1" user="OSMnx" id="774907061"><nd ref="7229566255" /><nd ref="7229566256" /><tag k="highway" v="residential" /><tag k="oneway" v="no" /><tag k="access" v="military" /></way><way timestamp="2026-04-10T00:02:21Z" version="1" visible="true" uid="1" changeset="1" user="OSMnx" id="775900063"><nd ref="9313067506" /><nd ref="528622444" /><tag k="maxspeed" v="65" /><tag k="highway" v="tertiary" /><tag k="oneway" v="no" /><tag k="name" v="Sir Dorab Tata Road" /></way><way timestamp="2026-04-10T00:02:21Z" version="1" visible="true" uid="1" changeset="1" user="OSMnx" id="777729525"><nd ref="245653871" /><nd ref="2176701305" /><tag k="highway" v="tertiary" /><tag k="oneway" v="no" /></way><way timestamp="2026-04-10T00:02:21Z" version="1" visible="true" uid="1" changeset="1" user="OSMnx" id="786457501"><nd ref="7353554810" /><nd ref="7353554811" /><tag k="highway" v="tertiary" /><tag k="oneway" v="no" /><tag k="name" v="Kaikhushru Dubash Marg" /></way><way timestamp="2026-04-10T00:02:21Z" version="1" visible="true" uid="1" changeset="1" user="OSMnx" id="797817636"><nd ref="7461994656" /><nd ref="7461994655" /><tag k="highway" v="tertiary" /><tag k="oneway" v="no" /></way><way timestamp="2026-04-10T00:02:21Z" version="1" visible="true" uid="1" changeset="1" user="OSMnx" id="797817637"><nd ref="4307040343" /><nd ref="7461994659" /><nd ref="7461994657" /><nd ref="7461994660" /><nd ref="7461994656" /><nd ref="7461994661" /><nd ref="7461994658" /><nd ref="4244274462" /><tag k="highway" v="tertiary" /><tag k="oneway" v="no" /><tag k="name" v="Nathalal M. Parikh Road" /></way><way timestamp="2026-04-10T00:02:21Z" version="1" visible="true" uid="1" changeset="1" user="OSMnx" id="797817638"><nd ref="4244274466" /><nd ref="245653613" /><nd ref="317145669" /><nd ref="7461994655" /><nd ref="6618316493" /><nd ref="4307040343" /><tag k="highway" v="tertiary" /><tag k="oneway" v="no" /><tag k="name" v="Nathalal M. Parikh Road" /></way><way timestamp="2026-04-10T00:02:21Z" version="1" visible="true" uid="1" changeset="1" user="OSMnx" id="818279567"><nd ref="2241842315" /><nd ref="4307040305" /><tag k="lanes" v="2" /><tag k="highway" v="secondary" /><tag k="oneway" v="no" /><tag k="name" v="Captain Prakash Pethe Marg" /></way><way timestamp="2026-04-10T00:02:21Z" version="1" visible="true" uid="1" changeset="1" user="OSMnx" id="927105303"><nd ref="8602068502" /><nd ref="245653502" /><nd ref="2241842712" /><nd ref="245653495" /><tag k="highway" v="residential" /><tag k="oneway" v="no" /><tag k="name" v="S Bharucha Marg" /></way><way timestamp="2026-04-10T00:02:21Z" version="1" visible="true" uid="1" changeset="1" user="OSMnx" id="928135356"><nd ref="459482385" /><nd ref="9652365717" /><tag k="highway" v="residential" /><tag k="oneway" v="no" /></way><way timestamp="2026-04-10T00:02:21Z" version="1" visible="true" uid="1" changeset="1" user="OSMnx" id="929566607"><nd ref="8620852559" /><nd ref="8620852560" /><nd ref="8620852562" /><nd ref="4361285725" /><tag k="highway" v="residential" /><tag k="oneway" v="no" /></way><way timestamp="2026-04-10T00:02:21Z" version="1" visible="true" uid="1" changeset="1" user="OSMnx" id="929573397"><nd ref="8620901469" /><nd ref="12353829987" /><nd ref="8620901468" /><tag k="highway" v="residential" /><tag k="oneway" v="no" /></way><way timestamp="2026-04-10T00:02:21Z" version="1" visible="true" uid="1" changeset="1" user="OSMnx" id="929574548"><nd ref="245653395" /><nd ref="623380590" /><nd ref="245653407" /><tag k="highway" v="residential" /><tag k="oneway" v="no" /><tag k="name" v="Rajwadkar Street" /></way><way timestamp="2026-04-10T00:02:21Z" version="1" visible="true" uid="1" changeset="1" user="OSMnx" id="929574549"><nd ref="245653363" /><nd ref="623401086" /><nd ref="623388148" /><nd ref="245653395" /><tag k="highway" v="residential" /><tag k="oneway" v="no" /><tag k="name" v="Indumati Sakrikar Marg" /></way><way timestamp="2026-04-10T00:02:21Z" version="1" visible="true" uid="1" changeset="1" user="OSMnx" id="929574550"><nd ref="623380673" /><nd ref="245653395" /><tag k="highway" v="residential" /><tag k="oneway" v="no" /><tag k="name" v="Rajwadkar Street" /></way><way timestamp="2026-04-10T00:02:21Z" version="1" visible="true" uid="1" changeset="1" user="OSMnx" id="992355148"><nd ref="245653490" /><nd ref="9168645658" /><nd ref="245653495" /><tag k="highway" v="residential" /><tag k="oneway" v="no" /></way><way timestamp="2026-04-10T00:02:21Z" version="1" visible="true" uid="1" changeset="1" user="OSMnx" id="996191604"><nd ref="459482427" /><nd ref="13316134556" /><nd ref="13316134557" /><nd ref="9198743833" /><tag k="highway" v="residential" /><tag k="oneway" v="no" /></way><way timestamp="2026-04-10T00:02:21Z" version="1" visible="true" uid="1" changeset="1" user="OSMnx" id="996202007"><nd ref="9198832962" /><nd ref="9198832963" /><nd ref="9198832964" /><nd ref="9198832965" /><tag k="highway" v="residential" /><tag k="oneway" v="no" /></way><way timestamp="2026-04-10T00:02:21Z" version="1" visible="true" uid="1" changeset="1" user="OSMnx" id="1009368757"><nd ref="2176701319" /><nd ref="4050193893" /><tag k="highway" v="tertiary" /><tag k="oneway" v="no" /></way><way timestamp="2026-04-10T00:02:21Z" version="1" visible="true" uid="1" changeset="1" user="OSMnx" id="1009368758"><nd ref="245653869" /><nd ref="2176684869" /><nd ref="13701170795" /><nd ref="2241842857" /><nd ref="12373566825" /><nd ref="2176684859" /><nd ref="13318691910" /><nd ref="2176684763" /><tag k="lanes" v="2" /><tag k="highway" v="tertiary" /><tag k="oneway" v="no" /><tag k="name" v="Barrister Rajni Patel Marg" /></way><way timestamp="2026-04-10T00:02:21Z" version="1" visible="true" uid="1" changeset="1" user="OSMnx" id="1009368759"><nd ref="9313040215" /><nd ref="528644266" /><nd ref="245653795" /><nd ref="245653785" /><nd ref="528644320" /><nd ref="9313040214" /><nd ref="11182588223" /><nd ref="9313040213" /><tag k="highway" v="tertiary" /><tag k="oneway" v="no" /><tag k="name" v="Barrister Rajni Patel Marg" /></way><way timestamp="2026-04-10T00:02:21Z" version="1" visible="true" uid="1" changeset="1" user="OSMnx" id="1009368786"><nd ref="245653828" /><nd ref="11029980436" /><nd ref="11029980434" /><nd ref="13701145340" /><nd ref="13701145335" /><nd ref="13005872834" /><nd ref="245653829" /><nd ref="4244306278" /><tag k="lanes" v="2" /><tag k="highway" v="residential" /><tag k="oneway" v="no" /><tag k="name" v="NCPA Marg" /></way><way timestamp="2026-04-10T00:02:21Z" version="1" visible="true" uid="1" changeset="1" user="OSMnx" id="1044750108"><nd ref="1640191301" /><nd ref="2168470077" /><nd ref="12260986156" /><nd ref="6601941185" /><tag k="highway" v="primary" /><tag k="oneway" v="no" /><tag k="name" v="Dr Dadabhai Naoroji Road" /></way><way timestamp="2026-04-10T00:02:21Z" version="1" visible="true" uid="1" changeset="1" user="OSMnx" id="1050345072"><nd ref="1278343539" /><nd ref="11061221653" /><nd ref="9652365715" /><nd ref="9652365716" /><nd ref="10970210932" /><nd ref="2241842330" /><nd ref="9198832962" /><nd ref="1278343362" /><tag k="highway" v="residential" /><tag k="oneway" v="no" /><tag k="access" v="military" /></way><way timestamp="2026-04-10T00:02:21Z" version="1" visible="true" uid="1" changeset="1" user="OSMnx" id="1050345074"><nd ref="2241842308" /><nd ref="9652365721" /><tag k="highway" v="residential" /><tag k="oneway" v="no" /></way><way timestamp="2026-04-10T00:02:21Z" version="1" visible="true" uid="1" changeset="1" user="OSMnx" id="1050345076"><nd ref="459482555" /><nd ref="459482350" /><nd ref="459482564" /><nd ref="1278344088" /><nd ref="459482559" /><nd ref="669252955" /><tag k="highway" v="residential" /><tag k="oneway" v="no" /><tag k="access" v="military" /></way><way timestamp="2026-04-10T00:02:21Z" version="1" visible="true" uid="1" changeset="1" user="OSMnx" id="1050345077"><nd ref="459482356" /><nd ref="459482364" /><nd ref="459482371" /><nd ref="459482378" /><nd ref="2241842291" /><nd ref="459482385" /><nd ref="459482391" /><nd ref="13601856155" /><nd ref="4233119205" /><nd ref="2241842253" /><nd ref="459482358" /><tag k="highway" v="residential" /><tag k="oneway" v="no" /><tag k="access" v="military" /></way><way timestamp="2026-04-10T00:02:21Z" version="1" visible="true" uid="1" changeset="1" user="OSMnx" id="1050345078"><nd ref="669252931" /><nd ref="7237941516" /><nd ref="2241842235" /><tag k="highway" v="residential" /><tag k="oneway" v="no" /><tag k="name" v="Captain Prakash Pethe Road" /><tag k="access" v="military" /></way><way timestamp="2026-04-10T00:02:21Z" version="1" visible="true" uid="1" changeset="1" user="OSMnx" id="1050345079"><nd ref="459482403" /><nd ref="2241842194" /><tag k="highway" v="residential" /><tag k="oneway" v="no" /><tag k="access" v="military" /></way><way timestamp="2026-04-10T00:02:21Z" version="1" visible="true" uid="1" changeset="1" user="OSMnx" id="1050562434"><nd ref="9654101605" /><nd ref="9654101606" /><nd ref="9654101607" /><nd ref="9654101608" /><nd ref="9654101609" /><tag k="highway" v="residential" /><tag k="oneway" v="no" /></way><way timestamp="2026-04-10T00:02:21Z" version="1" visible="true" uid="1" changeset="1" user="OSMnx" id="1081125423"><nd ref="9909304115" /><nd ref="9909304116" /><tag k="highway" v="residential" /><tag k="oneway" v="no" /></way><way timestamp="2026-04-10T00:02:21Z" version="1" visible="true" uid="1" changeset="1" user="OSMnx" id="1081125424"><nd ref="9909305617" /><nd ref="9909305618" /><nd ref="9909305619" /><nd ref="9909305620" /><nd ref="9909305621" /><nd ref="9909305622" /><nd ref="9909305623" /><nd ref="9909305624" /><nd ref="9909305625" /><nd ref="9909305626" /><nd ref="9909304116" /><nd ref="9909305617" /><tag k="highway" v="residential" /><tag k="oneway" v="no" /><tag k="access" v="military" /></way><way timestamp="2026-04-10T00:02:21Z" version="1" visible="true" uid="1" changeset="1" user="OSMnx" id="1081125425"><nd ref="9909305627" /><nd ref="9909305628" /><nd ref="9909305629" /><tag k="highway" v="residential" /><tag k="oneway" v="no" /></way><way timestamp="2026-04-10T00:02:21Z" version="1" visible="true" uid="1" changeset="1" user="OSMnx" id="1081128789"><nd ref="9909333244" /><nd ref="9909333245" /><tag k="highway" v="residential" /><tag k="oneway" v="no" /><tag k="access" v="military" /></way><way timestamp="2026-04-10T00:02:21Z" version="1" visible="true" uid="1" changeset="1" user="OSMnx" id="1081312326"><nd ref="9910881332" /><nd ref="9910881333" /><tag k="highway" v="residential" /><tag k="oneway" v="no" /></way><way timestamp="2026-04-10T00:02:21Z" version="1" visible="true" uid="1" changeset="1" user="OSMnx" id="1110264211"><nd ref="2175129163" /><nd ref="10156860535" /><nd ref="12800083983" /><nd ref="10156860534" /><nd ref="10156860533" /><nd ref="2175129159" /><nd ref="245653624" /><tag k="highway" v="tertiary" /><tag k="oneway" v="no" /><tag k="name" v="Chhatrapati Shivaji Maharaj Road" /></way><way timestamp="2026-04-10T00:02:21Z" version="1" visible="true" uid="1" changeset="1" user="OSMnx" id="1123867121"><nd ref="10277881696" /><nd ref="10277881697" /><tag k="highway" v="residential" /><tag k="oneway" v="no" /></way><way timestamp="2026-04-10T00:02:21Z" version="1" visible="true" uid="1" changeset="1" user="OSMnx" id="1123867123"><nd ref="10277881700" /><nd ref="10277881701" /><nd ref="10277881702" /><nd ref="13430259958" /><nd ref="10277881703" /><nd ref="10277881704" /><tag k="highway" v="primary_link" /><tag k="oneway" v="no" /></way><way timestamp="2026-04-10T00:02:21Z" version="1" visible="true" uid="1" changeset="1" user="OSMnx" id="1123867124"><nd ref="10277881704" /><nd ref="10277881707" /><nd ref="13430259954" /><nd ref="10277881706" /><nd ref="10277881705" /><tag k="highway" v="primary_link" /><tag k="oneway" v="no" /></way><way timestamp="2026-04-10T00:02:21Z" version="1" visible="true" uid="1" changeset="1" user="OSMnx" id="1136378542"><nd ref="245653431" /><nd ref="9910881332" /><nd ref="245653396" /><tag k="highway" v="residential" /><tag k="oneway" v="no" /><tag k="name" v="Justice Devshankar V Vyas Marg" /></way><way timestamp="2026-04-10T00:02:21Z" version="1" visible="true" uid="1" changeset="1" user="OSMnx" id="1136378543"><nd ref="245653396" /><nd ref="12067836505" /><nd ref="9910924114" /><nd ref="4328236666" /><nd ref="245653410" /><nd ref="10943884156" /><nd ref="245653425" /><nd ref="10886066861" /><nd ref="245653444" /><tag k="highway" v="residential" /><tag k="oneway" v="no" /><tag k="name" v="Shri Haji Niyaz Ahmed Azmi Marg" /></way><way timestamp="2026-04-10T00:02:21Z" version="1" visible="true" uid="1" changeset="1" user="OSMnx" id="1136639107"><nd ref="1504771681" /><nd ref="1504771685" /><nd ref="13257265785" /><tag k="lanes" v="3" /><tag k="maxspeed" v="65" /><tag k="highway" v="primary" /><tag k="oneway" v="no" /><tag k="name" v="Marine Drive" /></way><way timestamp="2026-04-10T00:02:21Z" version="1" visible="true" uid="1" changeset="1" user="OSMnx" id="1136641408"><nd ref="9313067502" /><nd ref="11030023218" /><nd ref="4244306278" /><tag k="lanes" v="1" /><tag k="highway" v="tertiary" /><tag k="oneway" v="no" /><tag k="name" v="Vinayak K Shah Marg" /></way><way timestamp="2026-04-10T00:02:21Z" version="1" visible="true" uid="1" changeset="1" user="OSMnx" id="1136641410"><nd ref="9313040216" /><nd ref="11031465167" /><nd ref="9819307329" /><nd ref="2176684582" /><tag k="highway" v="tertiary" /><tag k="oneway" v="no" /><tag k="name" v="Jamnalal Bajaj Road" /></way><way timestamp="2026-04-10T00:02:21Z" version="1" visible="true" uid="1" changeset="1" user="OSMnx" id="1136641411"><nd ref="2176684582" /><nd ref="9313067502" /><tag k="lanes" v="1" /><tag k="highway" v="tertiary" /><tag k="oneway" v="no" /><tag k="name" v="Vinayak K Shah Marg" /></way><way timestamp="2026-04-10T00:02:21Z" version="1" visible="true" uid="1" changeset="1" user="OSMnx" id="1136641412"><nd ref="2176684763" /><nd ref="9313067503" /><tag k="highway" v="tertiary" /><tag k="oneway" v="no" /><tag k="name" v="Jamnalal Bajaj Road" /></way><way timestamp="2026-04-10T00:02:21Z" version="1" visible="true" uid="1" changeset="1" user="OSMnx" id="1136641413"><nd ref="9313067504" /><nd ref="11029997825" /><nd ref="13005872832" /><nd ref="245653829" /><nd ref="459457477" /><nd ref="245653840" /><tag k="lanes" v="1" /><tag k="highway" v="tertiary" /><tag k="oneway" v="no" /><tag k="name" v="Vinayak K Shah Marg" /></way><way timestamp="2026-04-10T00:02:21Z" version="1" visible="true" uid="1" changeset="1" user="OSMnx" id="1136641415"><nd ref="245653840" /><nd ref="528622444" /><tag k="lanes" v="2" /><tag k="highway" v="tertiary" /><tag k="oneway" v="no" /><tag k="name" v="Vinayak K Shah Marg" /></way><way timestamp="2026-04-10T00:02:21Z" version="1" visible="true" uid="1" changeset="1" user="OSMnx" id="1136654435"><nd ref="486404303" /><nd ref="2241842942" /><nd ref="13257265784" /><tag k="lanes" v="3" /><tag k="maxspeed" v="65" /><tag k="highway" v="primary" /><tag k="oneway" v="no" /><tag k="name" v="Marine Drive" /></way><way timestamp="2026-04-10T00:02:21Z" version="1" visible="true" uid="1" changeset="1" user="OSMnx" id="1136663098"><nd ref="528743522" /><nd ref="1643105814" /><tag k="highway" v="primary" /><tag k="oneway" v="no" /><tag k="name" v="Roychand Avenue" /></way><way timestamp="2026-04-10T00:02:21Z" version="1" visible="true" uid="1" changeset="1" user="OSMnx" id="1136664591"><nd ref="245654047" /><nd ref="2176685183" /><tag k="highway" v="residential" /><tag k="oneway" v="no" /><tag k="name" v="JTS Malani Marg" /></way><way timestamp="2026-04-10T00:02:21Z" version="1" visible="true" uid="1" changeset="1" user="OSMnx" id="1136664593"><nd ref="2241842972" /><nd ref="11042164007" /><nd ref="12067871329" /><nd ref="7812141383" /><nd ref="245654047" /><tag k="highway" v="residential" /><tag k="oneway" v="no" /><tag k="name" v="JTS Malani Marg" /></way><way timestamp="2026-04-10T00:02:21Z" version="1" visible="true" uid="1" changeset="1" user="OSMnx" id="1136664594"><nd ref="495026562" /><nd ref="13701038665" /><nd ref="11042143760" /><nd ref="6608759215" /><tag k="highway" v="tertiary" /><tag k="oneway" v="no" /><tag k="name" v="Jamshedji Tata Road" /></way><way timestamp="2026-04-10T00:02:21Z" version="1" visible="true" uid="1" changeset="1" user="OSMnx" id="1136669842"><nd ref="1643105816" /><nd ref="1643093963" /><tag k="highway" v="secondary" /><tag k="oneway" v="no" /></way><way timestamp="2026-04-10T00:02:21Z" version="1" visible="true" uid="1" changeset="1" user="OSMnx" id="1136678224"><nd ref="1643105813" /><nd ref="10845362178" /><tag k="highway" v="primary" /><tag k="oneway" v="no" /></way><way timestamp="2026-04-10T00:02:21Z" version="1" visible="true" uid="1" changeset="1" user="OSMnx" id="1136678226"><nd ref="10845362178" /><nd ref="2168470076" /><tag k="highway" v="primary" /><tag k="oneway" v="no" /><tag k="name" v="Dr Dadabhai Naoroji Road" /></way><way timestamp="2026-04-10T00:02:21Z" version="1" visible="true" uid="1" changeset="1" user="OSMnx" id="1136678227"><nd ref="6601941185" /><nd ref="1643105816" /><tag k="highway" v="secondary" /><tag k="oneway" v="no" /><tag k="name" v="Dr Dadabhai Naoroji Road" /></way><way timestamp="2026-04-10T00:02:21Z" version="1" visible="true" uid="1" changeset="1" user="OSMnx" id="1136697414"><nd ref="486004004" /><nd ref="1651447381" /><tag k="highway" v="primary" /><tag k="oneway" v="no" /><tag k="name" v="Madame Cama Road" /></way><way timestamp="2026-04-10T00:02:21Z" version="1" visible="true" uid="1" changeset="1" user="OSMnx" id="1136697415"><nd ref="245653820" /><nd ref="2168581047" /><tag k="lanes" v="4" /><tag k="highway" v="secondary" /><tag k="oneway" v="no" /><tag k="name" v="Maharshi Karve Road" /></way><way timestamp="2026-04-10T00:02:21Z" version="1" visible="true" uid="1" changeset="1" user="OSMnx" id="1136697416"><nd ref="2168581025" /><nd ref="2168581019" /><nd ref="2168580990" /><nd ref="2168580984" /><nd ref="4361337153" /><tag k="highway" v="primary" /><tag k="oneway" v="no" /><tag k="name" v="Madame Cama Road" /></way><way timestamp="2026-04-10T00:02:21Z" version="1" visible="true" uid="1" changeset="1" user="OSMnx" id="1136698219"><nd ref="7350602914" /><nd ref="10277881698" /><nd ref="245654003" /><nd ref="13701955560" /><nd ref="13701955562" /><nd ref="245653972" /><nd ref="5997071711" /><nd ref="528655931" /><nd ref="245653946" /><nd ref="2175130270" /><nd ref="13701955563" /><nd ref="245653926" /><nd ref="13701955565" /><nd ref="486040864" /><nd ref="486040927" /><nd ref="245653831" /><nd ref="5997071710" /><nd ref="486036364" /><nd ref="317156843" /><nd ref="317156842" /><tag k="highway" v="primary" /><tag k="oneway" v="no" /></way><way timestamp="2026-04-10T00:02:21Z" version="1" visible="true" uid="1" changeset="1" user="OSMnx" id="1136698220"><nd ref="245654041" /><nd ref="7350602915" /><nd ref="13701955559" /><nd ref="13701955567" /><nd ref="7350602914" /><tag k="highway" v="primary" /><tag k="oneway" v="no" /></way><way timestamp="2026-04-10T00:02:21Z" version="1" visible="true" uid="1" changeset="1" user="OSMnx" id="1136698221"><nd ref="1643144591" /><nd ref="13701955561" /><nd ref="1643144581" /><nd ref="2175130255" /><tag k="highway" v="primary" /><tag k="oneway" v="no" /><tag k="name" v="Esplanade Avenue" /></way><way timestamp="2026-04-10T00:02:21Z" version="1" visible="true" uid="1" changeset="1" user="OSMnx" id="1136913961"><nd ref="10598322640" /><nd ref="10598322641" /><nd ref="10598322642" /><nd ref="10598322643" /><tag k="highway" v="tertiary" /><tag k="oneway" v="no" /></way><way timestamp="2026-04-10T00:02:21Z" version="1" visible="true" uid="1" changeset="1" user="OSMnx" id="1136913962"><nd ref="10598322636" /><nd ref="10598322635" /><nd ref="10598322645" /><nd ref="1704905464" /><tag k="highway" v="tertiary" /><tag k="oneway" v="no" /></way><way timestamp="2026-04-10T00:02:21Z" version="1" visible="true" uid="1" changeset="1" user="OSMnx" id="1136940512"><nd ref="317156842" /><nd ref="2163538984" /><nd ref="1643093910" /><nd ref="245653783" /><tag k="highway" v="primary" /><tag k="oneway" v="no" /></way><way timestamp="2026-04-10T00:02:21Z" version="1" visible="true" uid="1" changeset="1" user="OSMnx" id="1153960183"><nd ref="13508319940" /><nd ref="13701210146" /><nd ref="2176701317" /><nd ref="2176701322" /><nd ref="2176701326" /><nd ref="2176701319" /><tag k="highway" v="tertiary" /><tag k="oneway" v="no" /><tag k="name" v="Barrister Rajni Patel Marg" /></way><way timestamp="2026-04-10T00:02:21Z" version="1" visible="true" uid="1" changeset="1" user="OSMnx" id="1153960184"><nd ref="2176701305" /><nd ref="245653869" /><tag k="highway" v="tertiary" /><tag k="oneway" v="no" /><tag k="name" v="Barrister Rajni Patel Marg" /></way><way timestamp="2026-04-10T00:02:21Z" version="1" visible="true" uid="1" changeset="1" user="OSMnx" id="1157872988"><nd ref="1643105824" /><nd ref="486024085" /><tag k="highway" v="secondary" /><tag k="oneway" v="no" /><tag k="name" v="Veer Nariman Road" /></way><way timestamp="2026-04-10T00:02:21Z" version="1" visible="true" uid="1" changeset="1" user="OSMnx" id="1157872989"><nd ref="486024085" /><nd ref="245654108" /><tag k="highway" v="secondary" /><tag k="oneway" v="no" /><tag k="name" v="Maharshi Karve Road" /></way><way timestamp="2026-04-10T00:02:21Z" version="1" visible="true" uid="1" changeset="1" user="OSMnx" id="1165552351"><nd ref="245653028" /><nd ref="459482418" /><nd ref="669252926" /><nd ref="459482423" /><nd ref="2241842169" /><nd ref="459482411" /><nd ref="2241842117" /><nd ref="4233118278" /><nd ref="13597583292" /><nd ref="2241842073" /><nd ref="459482449" /><tag k="highway" v="tertiary" /><tag k="oneway" v="no" /><tag k="name" v="Nanabhai Moos Marg" /></way><way timestamp="2026-04-10T00:02:21Z" version="1" visible="true" uid="1" changeset="1" user="OSMnx" id="1166038296"><nd ref="2168470081" /><nd ref="2168470072" /><nd ref="245654077" /><tag k="highway" v="residential" /><tag k="oneway" v="no" /><tag k="name" v="Crown Street" /></way><way timestamp="2026-04-10T00:02:21Z" version="1" visible="true" uid="1" changeset="1" user="OSMnx" id="1171519860"><nd ref="13015390784" /><nd ref="11029958126" /><nd ref="13702074449" /><nd ref="13702074447" /><nd ref="7345775405" /><nd ref="13015390800" /><tag k="highway" v="tertiary" /><tag k="oneway" v="no" /><tag k="name" v="Jamshedji Tata Road" /></way><way timestamp="2026-04-10T00:02:21Z" version="1" visible="true" uid="1" changeset="1" user="OSMnx" id="1171519862"><nd ref="6608759216" /><nd ref="10885994193" /><nd ref="2176685183" /><nd ref="13702074458" /><nd ref="10885994194" /><nd ref="2241842985" /><nd ref="10885994195" /><tag k="highway" v="tertiary" /><tag k="oneway" v="no" /></way><way timestamp="2026-04-10T00:02:21Z" version="1" visible="true" uid="1" changeset="1" user="OSMnx" id="1171519863"><nd ref="1651447381" /><nd ref="473084113" /><tag k="highway" v="tertiary" /><tag k="oneway" v="no" /><tag k="name" v="Jeevan Bima Road" /></way><way timestamp="2026-04-10T00:02:21Z" version="1" visible="true" uid="1" changeset="1" user="OSMnx" id="1171519864"><nd ref="245653928" /><nd ref="486404313" /><tag k="highway" v="primary" /><tag k="oneway" v="no" /><tag k="name" v="Madame Cama Road" /></way><way timestamp="2026-04-10T00:02:21Z" version="1" visible="true" uid="1" changeset="1" user="OSMnx" id="1171523536"><nd ref="2176685184" /><nd ref="10886054709" /><nd ref="10886054710" /><nd ref="6608759219" /><tag k="highway" v="secondary" /><tag k="oneway" v="no" /></way><way timestamp="2026-04-10T00:02:21Z" version="1" visible="true" uid="1" changeset="1" user="OSMnx" id="1171523537"><nd ref="245653923" /><nd ref="10886054717" /><tag k="highway" v="tertiary" /><tag k="oneway" v="no" /><tag k="name" v="HT Parekh Road" /></way><way timestamp="2026-04-10T00:02:21Z" version="1" visible="true" uid="1" changeset="1" user="OSMnx" id="1171523538"><nd ref="12722358655" /><nd ref="2242540274" /><tag k="lanes" v="4" /><tag k="highway" v="secondary" /><tag k="oneway" v="no" /><tag k="name" v="Maharshi Karve Road" /></way><way timestamp="2026-04-10T00:02:21Z" version="1" visible="true" uid="1" changeset="1" user="OSMnx" id="1171523539"><nd ref="12587158364" /><nd ref="10886054723" /><nd ref="2175535141" /><nd ref="10886054707" /><nd ref="10886054708" /><nd ref="7462923338" /><nd ref="10886054714" /><nd ref="10886054715" /><nd ref="10886054716" /><tag k="highway" v="secondary" /><tag k="oneway" v="no" /><tag k="name" v="Maharshi Karve Road" /></way><way timestamp="2026-04-10T00:02:21Z" version="1" visible="true" uid="1" changeset="1" user="OSMnx" id="1171525533"><nd ref="245653624" /><nd ref="4328236681" /><nd ref="245653598" /><nd ref="4328236679" /><nd ref="245653592" /><nd ref="245653574" /><nd ref="4328255084" /><nd ref="4328236674" /><nd ref="12350777518" /><nd ref="245653559" /><tag k="lanes" v="2" /><tag k="highway" v="tertiary" /><tag k="oneway" v="no" /><tag k="name" v="Prem J. Ramchandani Road" /></way><way timestamp="2026-04-10T00:02:21Z" version="1" visible="true" uid="1" changeset="1" user="OSMnx" id="1171525534"><nd ref="245653464" /><nd ref="10886066851" /><tag k="highway" v="tertiary" /><tag k="oneway" v="no" /><tag k="name" v="Apollo Bandar Road/P J Ramchandani Marg (Strand Raod)" /></way><way timestamp="2026-04-10T00:02:21Z" version="1" visible="true" uid="1" changeset="1" user="OSMnx" id="1171525535"><nd ref="245653505" /><nd ref="10886066866" /><tag k="highway" v="residential" /><tag k="oneway" v="no" /><tag k="name" v="Henry Road" /></way><way timestamp="2026-04-10T00:02:21Z" version="1" visible="true" uid="1" changeset="1" user="OSMnx" id="1171525536"><nd ref="245653505" /><nd ref="10886066849" /><tag k="highway" v="tertiary" /><tag k="oneway" v="no" /><tag k="name" v="P J Ramchandani Marg" /></way><way timestamp="2026-04-10T00:02:21Z" version="1" visible="true" uid="1" changeset="1" user="OSMnx" id="1174204489"><nd ref="245653967" /><nd ref="2241842972" /><tag k="highway" v="residential" /><tag k="oneway" v="no" /><tag k="name" v="JTS Malani Marg" /></way><way timestamp="2026-04-10T00:02:21Z" version="1" visible="true" uid="1" changeset="1" user="OSMnx" id="1174204491"><nd ref="10886054716" /><nd ref="245653961" /><nd ref="2241842925" /><nd ref="245653967" /><nd ref="2241842948" /><nd ref="2241842966" /><tag k="highway" v="tertiary" /><tag k="oneway" v="no" /><tag k="name" v="Dinshaw Wachha Road" /></way><way timestamp="2026-04-10T00:02:21Z" version="1" visible="true" uid="1" changeset="1" user="OSMnx" id="1175247825"><nd ref="245653419" /><nd ref="10886066859" /><nd ref="245653408" /><nd ref="10943884152" /><nd ref="11950780590" /><nd ref="9168645657" /><nd ref="495026563" /><nd ref="9910924115" /><nd ref="2241842592" /><nd ref="245653364" /><nd ref="2241842572" /><nd ref="245653340" /><tag k="highway" v="residential" /><tag k="oneway" v="no" /><tag k="name" v="V Desai Marg" /></way><way timestamp="2026-04-10T00:02:21Z" version="1" visible="true" uid="1" changeset="1" user="OSMnx" id="1175247826"><nd ref="2241842595" /><nd ref="245653396" /><tag k="highway" v="residential" /><tag k="oneway" v="no" /><tag k="name" v="Justice Devshankar V Vyas Marg" /></way><way timestamp="2026-04-10T00:02:21Z" version="1" visible="true" uid="1" changeset="1" user="OSMnx" id="1175247828"><nd ref="245653379" /><nd ref="10921039621" /><nd ref="10921039622" /><tag k="highway" v="residential" /><tag k="oneway" v="no" /></way><way timestamp="2026-04-10T00:02:21Z" version="1" visible="true" uid="1" changeset="1" user="OSMnx" id="1175247829"><nd ref="10921039622" /><nd ref="10921039623" /><nd ref="245653340" /><tag k="highway" v="residential" /><tag k="oneway" v="no" /></way><way timestamp="2026-04-10T00:02:21Z" version="1" visible="true" uid="1" changeset="1" user="OSMnx" id="1175247830"><nd ref="2241842570" /><nd ref="10921039622" /><tag k="highway" v="residential" /><tag k="oneway" v="no" /></way><way timestamp="2026-04-10T00:02:21Z" version="1" visible="true" uid="1" changeset="1" user="OSMnx" id="1175251204"><nd ref="4048579846" /><nd ref="245653265" /><nd ref="10943902720" /><nd ref="245653285" /><nd ref="2241842567" /><tag k="maxspeed" v="50" /><tag k="highway" v="secondary" /><tag k="oneway" v="no" /><tag k="name" v="Nanabhai Moos Marg (Upper Colaba Road)" /></way><way timestamp="2026-04-10T00:02:21Z" version="1" visible="true" uid="1" changeset="1" user="OSMnx" id="1175251207"><nd ref="2241842567" /><nd ref="10877640894" /><tag k="highway" v="residential" /><tag k="oneway" v="no" /></way><way timestamp="2026-04-10T00:02:21Z" version="1" visible="true" uid="1" changeset="1" user="OSMnx" id="1175251210"><nd ref="2241842588" /><nd ref="10877640892" /><tag k="highway" v="residential" /><tag k="oneway" v="no" /></way><way timestamp="2026-04-10T00:02:21Z" version="1" visible="true" uid="1" changeset="1" user="OSMnx" id="1178021042"><nd ref="2242540274" /><nd ref="11133432359" /><nd ref="11133432358" /><nd ref="11133432352" /><nd ref="245653923" /><nd ref="245653961" /><nd ref="2241843006" /><nd ref="10886054713" /><nd ref="10886054711" /><nd ref="10886054712" /><nd ref="2176685184" /><tag k="lanes" v="4" /><tag k="highway" v="secondary" /><tag k="oneway" v="no" /><tag k="name" v="Maharshi Karve Road" /></way><way timestamp="2026-04-10T00:02:21Z" version="1" visible="true" uid="1" changeset="1" user="OSMnx" id="1178021044"><nd ref="10886054718" /><nd ref="7238373733" /><nd ref="10886054719" /><tag k="highway" v="secondary" /><tag k="oneway" v="no" /><tag k="name" v="Maharshi Karve Road" /></way><way timestamp="2026-04-10T00:02:21Z" version="1" visible="true" uid="1" changeset="1" user="OSMnx" id="1178023295"><nd ref="6608759215" /><nd ref="3762234395" /><tag k="highway" v="secondary" /><tag k="oneway" v="no" /><tag k="name" v="Jamshedji Tata Road" /></way><way timestamp="2026-04-10T00:02:21Z" version="1" visible="true" uid="1" changeset="1" user="OSMnx" id="1178023726"><nd ref="13514161108" /><nd ref="3762234394" /><nd ref="1643105824" /><tag k="highway" v="secondary" /><tag k="oneway" v="no" /><tag k="name" v="Veer Nariman Road" /></way><way timestamp="2026-04-10T00:02:21Z" version="1" visible="true" uid="1" changeset="1" user="OSMnx" id="1178023727"><nd ref="245654108" /><nd ref="12587158362" /><tag k="highway" v="secondary" /><tag k="oneway" v="no" /><tag k="name" v="Veer Nariman Road" /></way><way timestamp="2026-04-10T00:02:21Z" version="1" visible="true" uid="1" changeset="1" user="OSMnx" id="1178023728"><nd ref="528743527" /><nd ref="1643105817" /><nd ref="245654108" /><tag k="highway" v="secondary" /><tag k="oneway" v="no" /><tag k="name" v="Veer Nariman Road" /></way><way timestamp="2026-04-10T00:02:21Z" version="1" visible="true" uid="1" changeset="1" user="OSMnx" id="1178023729"><nd ref="3762234397" /><nd ref="1643105820" /><nd ref="4307040358" /><nd ref="1643105819" /><tag k="highway" v="secondary" /><tag k="oneway" v="no" /><tag k="name" v="Veer Nariman Road" /></way><way timestamp="2026-04-10T00:02:21Z" version="1" visible="true" uid="1" changeset="1" user="OSMnx" id="1178036276"><nd ref="10886054717" /><nd ref="10886054718" /><tag k="highway" v="secondary" /><tag k="oneway" v="no" /><tag k="name" v="Maharshi Karve Road" /></way><way timestamp="2026-04-10T00:02:21Z" version="1" visible="true" uid="1" changeset="1" user="OSMnx" id="1178037695"><nd ref="486003937" /><nd ref="11052576142" /><tag k="highway" v="primary" /><tag k="oneway" v="no" /><tag k="name" v="Madame Cama Road" /></way><way timestamp="2026-04-10T00:02:21Z" version="1" visible="true" uid="1" changeset="1" user="OSMnx" id="1178037696"><nd ref="486404313" /><nd ref="486003937" /><tag k="lanes" v="3" /><tag k="maxspeed" v="65" /><tag k="highway" v="primary" /><tag k="oneway" v="no" /><tag k="name" v="Marine Drive" /></way><way timestamp="2026-04-10T00:02:21Z" version="1" visible="true" uid="1" changeset="1" user="OSMnx" id="1178037697"><nd ref="486404313" /><nd ref="12451314474" /><nd ref="10943674715" /><nd ref="2241842896" /><nd ref="245653922" /><nd ref="473084113" /><tag k="highway" v="primary" /><tag k="oneway" v="no" /><tag k="name" v="Madame Cama Road" /></way><way timestamp="2026-04-10T00:02:21Z" version="1" visible="true" uid="1" changeset="1" user="OSMnx" id="1178037699"><nd ref="2176701333" /><nd ref="2176701331" /><nd ref="2176701320" /><nd ref="13701251933" /><nd ref="13701251944" /><nd ref="13701251949" /><nd ref="2176701313" /><nd ref="13701251956" /><nd ref="13508319939" /><tag k="lanes" v="1" /><tag k="highway" v="tertiary" /><tag k="oneway" v="no" /><tag k="name" v="Barrister Rajni Patel Marg" /></way><way timestamp="2026-04-10T00:02:21Z" version="1" visible="true" uid="1" changeset="1" user="OSMnx" id="1178037700"><nd ref="486003937" /><nd ref="12451314473" /><nd ref="10277884789" /><nd ref="2176701333" /><tag k="lanes" v="3" /><tag k="maxspeed" v="65" /><tag k="highway" v="tertiary" /><tag k="oneway" v="no" /><tag k="name" v="Barrister Rajni Patel Marg" /></way><way timestamp="2026-04-10T00:02:21Z" version="1" visible="true" uid="1" changeset="1" user="OSMnx" id="1178038145"><nd ref="1651447381" /><nd ref="10807296832" /><nd ref="486003873" /><nd ref="10943674716" /><nd ref="10277884790" /><nd ref="12451314475" /><nd ref="13073684402" /><nd ref="486003937" /><tag k="highway" v="primary" /><tag k="oneway" v="no" /><tag k="name" v="Madame Cama Road" /></way><way timestamp="2026-04-10T00:02:21Z" version="1" visible="true" uid="1" changeset="1" user="OSMnx" id="1178042447"><nd ref="528644374" /><nd ref="12632085906" /><nd ref="2168581052" /><tag k="highway" v="primary" /><tag k="oneway" v="no" /><tag k="name" v="Madame Cama Road" /></way><way timestamp="2026-04-10T00:02:21Z" version="1" visible="true" uid="1" changeset="1" user="OSMnx" id="1178042448"><nd ref="245653870" /><nd ref="10943659047" /><nd ref="1651447343" /><nd ref="2168581069" /><nd ref="528644374" /><tag k="highway" v="primary" /><tag k="oneway" v="no" /><tag k="name" v="Madame Cama Road" /></way><way timestamp="2026-04-10T00:02:21Z" version="1" visible="true" uid="1" changeset="1" user="OSMnx" id="1178042449"><nd ref="245653820" /><nd ref="13602136343" /><nd ref="2242540269" /><nd ref="11052629985" /><tag k="highway" v="primary" /><tag k="oneway" v="no" /><tag k="name" v="Madame Cama Road" /></way><way timestamp="2026-04-10T00:02:21Z" version="1" visible="true" uid="1" changeset="1" user="OSMnx" id="1178042450"><nd ref="4244306273" /><nd ref="1651447327" /><nd ref="1651447341" /><nd ref="10943659048" /><nd ref="486004004" /><tag k="highway" v="primary" /><tag k="oneway" v="no" /><tag k="name" v="Madame Cama Road" /></way><way timestamp="2026-04-10T00:02:21Z" version="1" visible="true" uid="1" changeset="1" user="OSMnx" id="1178044116"><nd ref="4244306274" /><nd ref="4244306273" /><tag k="highway" v="primary" /><tag k="oneway" v="no" /><tag k="name" v="Madame Cama Road" /></way><way timestamp="2026-04-10T00:02:21Z" version="1" visible="true" uid="1" changeset="1" user="OSMnx" id="1178044122"><nd ref="2168581049" /><nd ref="2242540271" /><nd ref="2168581047" /><tag k="highway" v="primary" /><tag k="oneway" v="no" /><tag k="name" v="Madame Cama Road" /></way><way timestamp="2026-04-10T00:02:21Z" version="1" visible="true" uid="1" changeset="1" user="OSMnx" id="1178048368"><nd ref="12088314610" /><nd ref="245653788" /><tag k="highway" v="tertiary" /><tag k="oneway" v="no" /><tag k="name" v="Free Press Journal Road" /></way><way timestamp="2026-04-10T00:02:21Z" version="1" visible="true" uid="1" changeset="1" user="OSMnx" id="1178048369"><nd ref="245653788" /><nd ref="2176684445" /><tag k="highway" v="tertiary" /><tag k="oneway" v="no" /><tag k="name" v="Rajendra Venkateshwara Rao Marg" /></way><way timestamp="2026-04-10T00:02:21Z" version="1" visible="true" uid="1" changeset="1" user="OSMnx" id="1178048370"><nd ref="2176684445" /><nd ref="11031465165" /><tag k="highway" v="tertiary" /><tag k="oneway" v="no" /><tag k="name" v="Free Press Journal Road" /></way><way timestamp="2026-04-10T00:02:21Z" version="1" visible="true" uid="1" changeset="1" user="OSMnx" id="1178050898"><nd ref="6618261801" /><nd ref="13536163780" /><tag k="highway" v="primary" /><tag k="oneway" v="no" /><tag k="name" v="Madame Cama Road" /></way><way timestamp="2026-04-10T00:02:21Z" version="1" visible="true" uid="1" changeset="1" user="OSMnx" id="1178050899"><nd ref="2168581047" /><nd ref="10886054719" /><tag k="highway" v="primary" /><tag k="oneway" v="no" /><tag k="name" v="Madame Cama Road" /></way><way timestamp="2026-04-10T00:02:21Z" version="1" visible="true" uid="1" changeset="1" user="OSMnx" id="1178051353"><nd ref="4244306273" /><nd ref="528644374" /><tag k="highway" v="tertiary" /><tag k="oneway" v="no" /><tag k="name" v="Free Press Journal Road" /></way><way timestamp="2026-04-10T00:02:21Z" version="1" visible="true" uid="1" changeset="1" user="OSMnx" id="1178054840"><nd ref="245653658" /><nd ref="2242540247" /><nd ref="2242540246" /><nd ref="245653638" /><tag k="highway" v="residential" /><tag k="oneway" v="no" /><tag k="name" v="Mandlik Road" /></way><way timestamp="2026-04-10T00:02:21Z" version="1" visible="true" uid="1" changeset="1" user="OSMnx" id="1178070172"><nd ref="245653433" /><nd ref="10943907683" /><tag k="highway" v="living_street" /><tag k="oneway" v="no" /></way><way timestamp="2026-04-10T00:02:21Z" version="1" visible="true" uid="1" changeset="1" user="OSMnx" id="1187809406"><nd ref="11029787962" /><nd ref="11029787963" /><tag k="highway" v="residential" /><tag k="oneway" v="no" /></way><way timestamp="2026-04-10T00:02:21Z" version="1" visible="true" uid="1" changeset="1" user="OSMnx" id="1187847445"><nd ref="11030085776" /><nd ref="11030085777" /><nd ref="11030085778" /><tag k="highway" v="residential" /><tag k="oneway" v="no" /></way><way timestamp="2026-04-10T00:02:21Z" version="1" visible="true" uid="1" changeset="1" user="OSMnx" id="1189344615"><nd ref="245654066" /><nd ref="2175568308" /><tag k="highway" v="tertiary" /><tag k="oneway" v="no" /><tag k="name" v="Veer Nariman Road" /></way><way timestamp="2026-04-10T00:02:21Z" version="1" visible="true" uid="1" changeset="1" user="OSMnx" id="1189814245"><nd ref="11047883237" /><nd ref="11047883238" /><nd ref="11047883239" /><nd ref="11047883240" /><nd ref="11047883245" /><nd ref="11047883241" /><nd ref="11047883242" /><nd ref="11047883243" /><nd ref="11047883244" /><tag k="highway" v="living_street" /><tag k="oneway" v="no" /></way><way timestamp="2026-04-10T00:02:21Z" version="1" visible="true" uid="1" changeset="1" user="OSMnx" id="1190354053"><nd ref="11052576142" /><nd ref="245653928" /><tag k="lanes" v="2" /><tag k="maxspeed" v="65" /><tag k="highway" v="primary" /><tag k="oneway" v="no" /><tag k="name" v="Marine Drive" /></way><way timestamp="2026-04-10T00:02:21Z" version="1" visible="true" uid="1" changeset="1" user="OSMnx" id="1190362240"><nd ref="245653830" /><nd ref="4244306276" /><tag k="highway" v="secondary" /><tag k="oneway" v="no" /><tag k="name" v="Jagannath Bhosle Road" /></way><way timestamp="2026-04-10T00:02:21Z" version="1" visible="true" uid="1" changeset="1" user="OSMnx" id="1190362241"><nd ref="11052629985" /><nd ref="245653830" /><tag k="highway" v="primary" /><tag k="oneway" v="no" /><tag k="name" v="Madame Cama Road" /></way><way timestamp="2026-04-10T00:02:21Z" version="1" visible="true" uid="1" changeset="1" user="OSMnx" id="1190362242"><nd ref="2168581052" /><nd ref="4244306274" /><tag k="highway" v="tertiary" /><tag k="oneway" v="no" /><tag k="name" v="Free Press Journal Road" /></way><way timestamp="2026-04-10T00:02:21Z" version="1" visible="true" uid="1" changeset="1" user="OSMnx" id="1190362243"><nd ref="2168581052" /><nd ref="4244306276" /><tag k="highway" v="primary" /><tag k="oneway" v="no" /><tag k="name" v="Madame Cama Road" /></way><way timestamp="2026-04-10T00:02:21Z" version="1" visible="true" uid="1" changeset="1" user="OSMnx" id="1190362244"><nd ref="4244306276" /><nd ref="11173468177" /><nd ref="2168581049" /><tag k="highway" v="primary" /><tag k="oneway" v="no" /><tag k="name" v="Madame Cama Road" /></way><way timestamp="2026-04-10T00:02:21Z" version="1" visible="true" uid="1" changeset="1" user="OSMnx" id="1190362245"><nd ref="11052629982" /><nd ref="245653830" /><tag k="highway" v="secondary" /><tag k="oneway" v="no" /><tag k="name" v="Jagannath Bhosle Road" /></way><way timestamp="2026-04-10T00:02:21Z" version="1" visible="true" uid="1" changeset="1" user="OSMnx" id="1190362246"><nd ref="245653830" /><nd ref="11052629981" /><nd ref="4244306274" /><tag k="highway" v="primary" /><tag k="oneway" v="no" /><tag k="name" v="Madame Cama Road" /></way><way timestamp="2026-04-10T00:02:21Z" version="1" visible="true" uid="1" changeset="1" user="OSMnx" id="1190743145"><nd ref="11056047016" /><nd ref="11056047017" /><tag k="highway" v="residential" /><tag k="oneway" v="no" /></way><way timestamp="2026-04-10T00:02:21Z" version="1" visible="true" uid="1" changeset="1" user="OSMnx" id="1191222959"><nd ref="11059380771" /><nd ref="8581680962" /><nd ref="11059380773" /><tag k="highway" v="residential" /><tag k="oneway" v="no" /></way><way timestamp="2026-04-10T00:02:21Z" version="1" visible="true" uid="1" changeset="1" user="OSMnx" id="1191223563"><nd ref="13598001734" /><nd ref="13598030863" /><nd ref="13598030862" /><nd ref="11059385879" /><nd ref="13598001738" /><nd ref="13598001739" /><nd ref="11059385880" /><nd ref="13598001741" /><nd ref="1278343931" /><tag k="highway" v="residential" /><tag k="oneway" v="no" /></way><way timestamp="2026-04-10T00:02:21Z" version="1" visible="true" uid="1" changeset="1" user="OSMnx" id="1191223759"><nd ref="13597710162" /><nd ref="11059366725" /><nd ref="13597710164" /><nd ref="11059366726" /><tag k="highway" v="residential" /><tag k="oneway" v="no" /></way><way timestamp="2026-04-10T00:02:21Z" version="1" visible="true" uid="1" changeset="1" user="OSMnx" id="1191337135"><nd ref="11060947422" /><nd ref="11060947423" /><nd ref="11060947424" /><nd ref="11060947425" /><tag k="highway" v="residential" /><tag k="oneway" v="no" /></way><way timestamp="2026-04-10T00:02:21Z" version="1" visible="true" uid="1" changeset="1" user="OSMnx" id="1191337136"><nd ref="11060947424" /><nd ref="11060947426" /><nd ref="11060947427" /><nd ref="11060947428" /><nd ref="11060947429" /><tag k="highway" v="residential" /><tag k="oneway" v="no" /></way><way timestamp="2026-04-10T00:02:21Z" version="1" visible="true" uid="1" changeset="1" user="OSMnx" id="1191337621"><nd ref="11060902287" /><nd ref="11060902289" /><nd ref="11060902288" /><tag k="highway" v="residential" /><tag k="oneway" v="no" /></way><way timestamp="2026-04-10T00:02:21Z" version="1" visible="true" uid="1" changeset="1" user="OSMnx" id="1191337622"><nd ref="11060902289" /><nd ref="11060902290" /><tag k="highway" v="residential" /><tag k="oneway" v="no" /></way><way timestamp="2026-04-10T00:02:21Z" version="1" visible="true" uid="1" changeset="1" user="OSMnx" id="1191338101"><nd ref="11060988369" /><nd ref="11060988370" /><nd ref="11060988371" /><nd ref="11060988372" /><nd ref="9909305621" /><tag k="highway" v="residential" /><tag k="oneway" v="no" /></way><way timestamp="2026-04-10T00:02:21Z" version="1" visible="true" uid="1" changeset="1" user="OSMnx" id="1191346572"><nd ref="2241842158" /><nd ref="11061182038" /><tag k="highway" v="residential" /><tag k="oneway" v="no" /></way><way timestamp="2026-04-10T00:02:21Z" version="1" visible="true" uid="1" changeset="1" user="OSMnx" id="1191346573"><nd ref="2241842158" /><nd ref="11061182039" /><nd ref="11061182040" /><tag k="highway" v="residential" /><tag k="oneway" v="no" /></way><way timestamp="2026-04-10T00:02:21Z" version="1" visible="true" uid="1" changeset="1" user="OSMnx" id="1191348810"><nd ref="1278343850" /><nd ref="11061179617" /><nd ref="11061179618" /><nd ref="11061179620" /><nd ref="11061179621" /><nd ref="13597710123" /><nd ref="13597710124" /><nd ref="13597710125" /><nd ref="13597710126" /><nd ref="13597710127" /><nd ref="13597710128" /><nd ref="13597710129" /><nd ref="13597710130" /><nd ref="13597710131" /><nd ref="13597710132" /><nd ref="13597710101" /><tag k="highway" v="residential" /><tag k="oneway" v="no" /></way><way timestamp="2026-04-10T00:02:21Z" version="1" visible="true" uid="1" changeset="1" user="OSMnx" id="1191352586"><nd ref="669254982" /><nd ref="11061221649" /><nd ref="11061221650" /><nd ref="11061221651" /><nd ref="11061221652" /><nd ref="11061221653" /><tag k="highway" v="residential" /><tag k="oneway" v="no" /></way><way timestamp="2026-04-10T00:02:21Z" version="1" visible="true" uid="1" changeset="1" user="OSMnx" id="1191847023"><nd ref="4361285725" /><nd ref="11065057625" /><nd ref="11064882620" /><tag k="highway" v="residential" /><tag k="oneway" v="no" /></way><way timestamp="2026-04-10T00:02:21Z" version="1" visible="true" uid="1" changeset="1" user="OSMnx" id="1192253277"><nd ref="11068259095" /><nd ref="11068259096" /><nd ref="9910881332" /><tag k="highway" v="residential" /><tag k="oneway" v="no" /></way><way timestamp="2026-04-10T00:02:21Z" version="1" visible="true" uid="1" changeset="1" user="OSMnx" id="1192555765"><nd ref="11070428751" /><nd ref="11070428752" /><nd ref="11070428753" /><nd ref="11070428754" /><nd ref="11070428755" /><nd ref="11070428756" /><tag k="highway" v="residential" /><tag k="oneway" v="no" /></way><way timestamp="2026-04-10T00:02:21Z" version="1" visible="true" uid="1" changeset="1" user="OSMnx" id="1192556357"><nd ref="11070437998" /><nd ref="11070438002" /><nd ref="11070437999" /><nd ref="11070438000" /><nd ref="11070438001" /><nd ref="11070438002" /><tag k="highway" v="residential" /><tag k="oneway" v="no" /></way><way timestamp="2026-04-10T00:02:21Z" version="1" visible="true" uid="1" changeset="1" user="OSMnx" id="1192556810"><nd ref="2241842417" /><nd ref="11070438228" /><tag k="highway" v="residential" /><tag k="oneway" v="no" /></way><way timestamp="2026-04-10T00:02:21Z" version="1" visible="true" uid="1" changeset="1" user="OSMnx" id="1204837748"><nd ref="245653464" /><nd ref="11189664116" /><nd ref="4307040339" /><nd ref="4307040340" /><tag k="lanes" v="2" /><tag k="maxspeed" v="50" /><tag k="highway" v="secondary" /><tag k="oneway" v="no" /><tag k="name" v="Nanabhai Moos Marg (Upper Colaba Road)" /></way><way timestamp="2026-04-10T00:02:21Z" version="1" visible="true" uid="1" changeset="1" user="OSMnx" id="1204837749"><nd ref="4307040340" /><nd ref="2176723345" /><tag k="highway" v="residential" /><tag k="oneway" v="no" /></way><way timestamp="2026-04-10T00:02:21Z" version="1" visible="true" uid="1" changeset="1" user="OSMnx" id="1206792815"><nd ref="245653879" /><nd ref="13701251941" /><nd ref="13701251937" /><nd ref="245653903" /><nd ref="13701251934" /><nd ref="245653910" /><nd ref="486003873" /><tag k="highway" v="unclassified" /><tag k="oneway" v="no" /><tag k="name" v="Vidhan Bhavan Road" /></way><way timestamp="2026-04-10T00:02:21Z" version="1" visible="true" uid="1" changeset="1" user="OSMnx" id="1206792816"><nd ref="13701142510" /><nd ref="4050185213" /><nd ref="13432151539" /><nd ref="317143182" /><nd ref="13701142507" /><nd ref="316300991" /><nd ref="245653879" /><tag k="highway" v="unclassified" /><tag k="oneway" v="no" /></way><way timestamp="2026-04-10T00:02:21Z" version="1" visible="true" uid="1" changeset="1" user="OSMnx" id="1206828260"><nd ref="245653968" /><nd ref="245653965" /><tag k="highway" v="residential" /><tag k="oneway" v="no" /><tag k="name" v="Hamam Street" /></way><way timestamp="2026-04-10T00:02:21Z" version="1" visible="true" uid="1" changeset="1" user="OSMnx" id="1207656828"><nd ref="245653484" /><nd ref="2241842691" /><nd ref="245653454" /><tag k="highway" v="residential" /><tag k="oneway" v="no" /><tag k="name" v="G Sawant Marg" /></way><way timestamp="2026-04-10T00:02:21Z" version="1" visible="true" uid="1" changeset="1" user="OSMnx" id="1207656829"><nd ref="245653436" /><nd ref="11029761240" /><nd ref="2241842642" /><nd ref="245653467" /><tag k="highway" v="residential" /><tag k="oneway" v="no" /><tag k="name" v="Fourth Pasta Lane" /></way><way timestamp="2026-04-10T00:02:21Z" version="1" visible="true" uid="1" changeset="1" user="OSMnx" id="1207943898"><nd ref="11192467856" /><nd ref="13700497241" /><nd ref="535190116" /><tag k="highway" v="residential" /><tag k="oneway" v="no" /><tag k="name" v="British Hotel Lane" /></way><way timestamp="2026-04-10T00:02:21Z" version="1" visible="true" uid="1" changeset="1" user="OSMnx" id="1218433040"><nd ref="4307040348" /><nd ref="13702074450" /><nd ref="5907166295" /><tag k="highway" v="tertiary" /><tag k="oneway" v="no" /><tag k="name" v="Road No 3" /></way><way timestamp="2026-04-10T00:02:21Z" version="1" visible="true" uid="1" changeset="1" user="OSMnx" id="1224687798"><nd ref="245654036" /><nd ref="1704905443" /><tag k="highway" v="residential" /><tag k="oneway" v="no" /></way><way timestamp="2026-04-10T00:02:21Z" version="1" visible="true" uid="1" changeset="1" user="OSMnx" id="1235213735"><nd ref="13700547674" /><nd ref="13700547675" /><nd ref="13700547680" /><nd ref="245653753" /><nd ref="1437389176" /><nd ref="245653756" /><nd ref="1437389164" /><nd ref="13700547671" /><nd ref="245653771" /><nd ref="4099692992" /><nd ref="245653781" /><nd ref="13700547672" /><nd ref="13700547673" /><nd ref="245653783" /><nd ref="245653784" /><nd ref="1437389151" /><nd ref="2163538977" /><nd ref="245653777" /><nd ref="13700547668" /><nd ref="245653757" /><nd ref="13700547669" /><nd ref="13700547670" /><nd ref="4099692995" /><nd ref="245653748" /><nd ref="13700547674" /><tag k="lanes" v="3" /><tag k="highway" v="primary" /><tag k="junction" v="roundabout" /><tag k="oneway" v="no" /><tag k="name" v="Wellington Circus" /></way><way timestamp="2026-04-10T00:02:21Z" version="1" visible="true" uid="1" changeset="1" user="OSMnx" id="1235236197"><nd ref="2168470076" /><nd ref="1640191301" /><tag k="highway" v="primary" /><tag k="oneway" v="no" /></way><way timestamp="2026-04-10T00:02:21Z" version="1" visible="true" uid="1" changeset="1" user="OSMnx" id="1235466426"><nd ref="4307040271" /><nd ref="4307040273" /><nd ref="9833434855" /><nd ref="4307040278" /><nd ref="9833434854" /><nd ref="4307040282" /><tag k="highway" v="secondary" /><tag k="junction" v="roundabout" /><tag k="oneway" v="no" /><tag k="name" v="Bakery Lane" /></way><way timestamp="2026-04-10T00:02:21Z" version="1" visible="true" uid="1" changeset="1" user="OSMnx" id="1235466427"><nd ref="4307040279" /><nd ref="4307040277" /><nd ref="9833434856" /><nd ref="4307040272" /><nd ref="4307040271" /><tag k="highway" v="secondary" /><tag k="junction" v="roundabout" /><tag k="oneway" v="no" /><tag k="name" v="Bakery Lane" /></way><way timestamp="2026-04-10T00:02:21Z" version="1" visible="true" uid="1" changeset="1" user="OSMnx" id="1235473834"><nd ref="10886054720" /><nd ref="245653820" /><tag k="highway" v="primary" /><tag k="oneway" v="no" /><tag k="name" v="Madame Cama Road" /></way><way timestamp="2026-04-10T00:02:21Z" version="1" visible="true" uid="1" changeset="1" user="OSMnx" id="1235473835"><nd ref="10886054720" /><nd ref="10886054721" /><nd ref="13629231489" /><nd ref="10886054724" /><nd ref="13602122574" /><nd ref="10886054725" /><tag k="highway" v="tertiary" /><tag k="oneway" v="no" /><tag k="name" v="Maharshi Karve Road" /></way><way timestamp="2026-04-10T00:02:21Z" version="1" visible="true" uid="1" changeset="1" user="OSMnx" id="1235473860"><nd ref="2175129198" /><nd ref="7238373732" /><nd ref="2168581025" /><tag k="highway" v="primary" /><tag k="oneway" v="no" /><tag k="name" v="Madame Cama Road" /></way><way timestamp="2026-04-10T00:02:21Z" version="1" visible="true" uid="1" changeset="1" user="OSMnx" id="1235473861"><nd ref="1643007858" /><nd ref="245653870" /><tag k="highway" v="primary" /><tag k="oneway" v="no" /><tag k="name" v="Madame Cama Road" /></way><way timestamp="2026-04-10T00:02:21Z" version="1" visible="true" uid="1" changeset="1" user="OSMnx" id="1237732049"><nd ref="245653086" /><nd ref="1278569769" /><nd ref="4307040323" /><nd ref="2241842344" /><nd ref="2241842315" /><tag k="lanes" v="2" /><tag k="highway" v="secondary" /><tag k="oneway" v="no" /><tag k="name" v="Captain Prakash Pethe Marg" /></way><way timestamp="2026-04-10T00:02:21Z" version="1" visible="true" uid="1" changeset="1" user="OSMnx" id="1237752423"><nd ref="2176723345" /><nd ref="245653483" /><nd ref="11189664117" /><nd ref="245653464" /><tag k="lanes" v="2" /><tag k="maxspeed" v="50" /><tag k="highway" v="secondary" /><tag k="oneway" v="no" /><tag k="name" v="Nanabhai Moos Marg (Upper Colaba Road)" /></way><way timestamp="2026-04-10T00:02:21Z" version="1" visible="true" uid="1" changeset="1" user="OSMnx" id="1237753228"><nd ref="245653078" /><nd ref="2176726921" /><nd ref="486004376" /><tag k="maxspeed" v="50" /><tag k="highway" v="secondary" /><tag k="oneway" v="no" /><tag k="name" v="Wodehouse Road" /></way><way timestamp="2026-04-10T00:02:21Z" version="1" visible="true" uid="1" changeset="1" user="OSMnx" id="1239646044"><nd ref="245653781" /><nd ref="12894396026" /><nd ref="1437389142" /><nd ref="4361337156" /><tag k="lanes" v="3" /><tag k="highway" v="primary" /><tag k="oneway" v="no" /><tag k="name" v="Esplanade Avenue" /></way><way timestamp="2026-04-10T00:02:21Z" version="1" visible="true" uid="1" changeset="1" user="OSMnx" id="1239646045"><nd ref="4361337153" /><nd ref="2168580972" /><nd ref="4099692991" /><nd ref="12894396026" /><tag k="highway" v="primary" /><tag k="oneway" v="no" /><tag k="name" v="Madame Cama Road" /></way><way timestamp="2026-04-10T00:02:21Z" version="1" visible="true" uid="1" changeset="1" user="OSMnx" id="1240185725"><nd ref="245653788" /><nd ref="9949164579" /><nd ref="245653778" /><nd ref="2176684334" /><nd ref="2176684336" /><tag k="highway" v="tertiary" /><tag k="oneway" v="no" /><tag k="name" v="Free Press Journal Road" /></way><way timestamp="2026-04-10T00:02:21Z" version="1" visible="true" uid="1" changeset="1" user="OSMnx" id="1240185726"><nd ref="10886054719" /><nd ref="10886054720" /><tag k="highway" v="secondary" /><tag k="oneway" v="no" /><tag k="name" v="Maharshi Karve Road" /></way><way timestamp="2026-04-10T00:02:21Z" version="1" visible="true" uid="1" changeset="1" user="OSMnx" id="1240185727"><nd ref="10886054719" /><nd ref="2175129198" /><tag k="highway" v="primary" /><tag k="oneway" v="no" /><tag k="name" v="Madame Cama Road" /></way><way timestamp="2026-04-10T00:02:21Z" version="1" visible="true" uid="1" changeset="1" user="OSMnx" id="1240760843"><nd ref="528743522" /><nd ref="13464335938" /><nd ref="528743523" /><tag k="highway" v="secondary" /><tag k="oneway" v="no" /><tag k="name" v="Veer Nariman Road" /></way><way timestamp="2026-04-10T00:02:21Z" version="1" visible="true" uid="1" changeset="1" user="OSMnx" id="1240760844"><nd ref="6602221633" /><nd ref="7462923339" /><nd ref="7462923340" /><nd ref="12722134889" /><tag k="lanes" v="6" /><tag k="highway" v="primary" /><tag k="oneway" v="no" /><tag k="name" v="Roychand Avenue" /></way><way timestamp="2026-04-10T00:02:21Z" version="1" visible="true" uid="1" changeset="1" user="OSMnx" id="1240765606"><nd ref="13257254186" /><nd ref="2176701327" /><nd ref="4050193893" /><nd ref="13257254185" /><tag k="lanes" v="2" /><tag k="maxspeed" v="65" /><tag k="highway" v="tertiary" /><tag k="oneway" v="no" /><tag k="name" v="Sir Dorab Tata Road" /></way><way timestamp="2026-04-10T00:02:21Z" version="1" visible="true" uid="1" changeset="1" user="OSMnx" id="1240765607"><nd ref="2176701333" /><nd ref="2176701319" /><nd ref="13701210149" /><nd ref="12378144235" /><tag k="lanes" v="2" /><tag k="maxspeed" v="65" /><tag k="highway" v="tertiary" /><tag k="oneway" v="no" /><tag k="name" v="Sir Dorab Tata Road" /></way><way timestamp="2026-04-10T00:02:21Z" version="1" visible="true" uid="1" changeset="1" user="OSMnx" id="1240765608"><nd ref="9313067503" /><nd ref="12309203496" /><nd ref="9313067502" /><tag k="highway" v="tertiary" /><tag k="oneway" v="no" /><tag k="name" v="Jamnalal Bajaj Road" /></way><way timestamp="2026-04-10T00:02:21Z" version="1" visible="true" uid="1" changeset="1" user="OSMnx" id="1240765610"><nd ref="9313040215" /><nd ref="9313040216" /><tag k="highway" v="tertiary" /><tag k="oneway" v="no" /><tag k="name" v="Jamnalal Bajaj Road" /></way><way timestamp="2026-04-10T00:02:21Z" version="1" visible="true" uid="1" changeset="1" user="OSMnx" id="1240765611"><nd ref="9313040216" /><nd ref="12343177493" /><nd ref="9313067503" /><tag k="highway" v="tertiary" /><tag k="oneway" v="no" /><tag k="name" v="Barrister Rajni Patel Marg" /></way><way timestamp="2026-04-10T00:02:21Z" version="1" visible="true" uid="1" changeset="1" user="OSMnx" id="1241028623"><nd ref="245653748" /><nd ref="12309203487" /><nd ref="245653718" /><tag k="lanes" v="2" /><tag k="maxspeed" v="50" /><tag k="highway" v="secondary" /><tag k="oneway" v="no" /><tag k="name" v="Nanabhai Moos Marg (Upper Colaba Road)" /></way><way timestamp="2026-04-10T00:02:21Z" version="1" visible="true" uid="1" changeset="1" user="OSMnx" id="1241557704"><nd ref="10277881705" /><nd ref="2241842995" /><nd ref="2241842987" /><nd ref="486404303" /><tag k="lanes" v="3" /><tag k="maxspeed" v="65" /><tag k="highway" v="primary" /><tag k="oneway" v="no" /><tag k="name" v="Marine Drive" /></way><way timestamp="2026-04-10T00:02:21Z" version="1" visible="true" uid="1" changeset="1" user="OSMnx" id="1241557705"><nd ref="10277881704" /><nd ref="13430259964" /><nd ref="486404283" /><tag k="highway" v="tertiary" /><tag k="oneway" v="no" /><tag k="name" v="Dinshaw Wachha Road" /></way><way timestamp="2026-04-10T00:02:21Z" version="1" visible="true" uid="1" changeset="1" user="OSMnx" id="1244585201"><nd ref="1278343362" /><nd ref="4361285732" /><nd ref="4233119216" /><nd ref="4233119209" /><nd ref="4233119207" /><tag k="highway" v="residential" /><tag k="oneway" v="no" /><tag k="access" v="military" /></way><way timestamp="2026-04-10T00:02:21Z" version="1" visible="true" uid="1" changeset="1" user="OSMnx" id="1244585202"><nd ref="1934089147" /><nd ref="459482358" /><nd ref="4307040294" /><nd ref="459482388" /><nd ref="4307040295" /><nd ref="459482553" /><tag k="highway" v="tertiary" /><tag k="oneway" v="no" /><tag k="name" v="Dr Homi Bhaba Road" /></way><way timestamp="2026-04-10T00:02:21Z" version="1" visible="true" uid="1" changeset="1" user="OSMnx" id="1247150907"><nd ref="11594181149" /><nd ref="245653788" /><tag k="highway" v="tertiary" /><tag k="oneway" v="no" /><tag k="name" v="Rajendra Venkateshwara Rao Marg" /></way><way timestamp="2026-04-10T00:02:21Z" version="1" visible="true" uid="1" changeset="1" user="OSMnx" id="1288781458"><nd ref="2241842158" /><nd ref="459529379" /><nd ref="2241842169" /><tag k="highway" v="residential" /><tag k="oneway" v="no" /><tag k="name" v="Pilot Bunder" /><tag k="access" v="military" /></way><way timestamp="2026-04-10T00:02:21Z" version="1" visible="true" uid="1" changeset="1" user="OSMnx" id="1288781463"><nd ref="245653412" /><nd ref="11950780357" /><nd ref="11950780358" /><nd ref="245653435" /><tag k="highway" v="residential" /><tag k="oneway" v="no" /></way><way timestamp="2026-04-10T00:02:21Z" version="1" visible="true" uid="1" changeset="1" user="OSMnx" id="1288781464"><nd ref="10886066859" /><nd ref="10886066865" /><nd ref="10886066864" /><nd ref="10886066860" /><nd ref="10886066861" /><nd ref="10886066862" /><nd ref="10886066863" /><nd ref="10886066851" /><tag k="lanes" v="2" /><tag k="highway" v="tertiary" /><tag k="oneway" v="no" /><tag k="name" v="HNAA Road" /></way><way timestamp="2026-04-10T00:02:21Z" version="1" visible="true" uid="1" changeset="1" user="OSMnx" id="1288781465"><nd ref="245653419" /><nd ref="486187053" /><nd ref="4328236670" /><nd ref="4328236671" /><nd ref="245653505" /><tag k="highway" v="tertiary" /><tag k="oneway" v="no" /><tag k="name" v="P J Ramchandani Marg" /></way><way timestamp="2026-04-10T00:02:21Z" version="1" visible="true" uid="1" changeset="1" user="OSMnx" id="1288957897"><nd ref="11952282406" /><nd ref="245653932" /><tag k="highway" v="unclassified" /><tag k="oneway" v="no" /><tag k="name" v="Babubahi M. Chinai Road" /></way><way timestamp="2026-04-10T00:02:21Z" version="1" visible="true" uid="1" changeset="1" user="OSMnx" id="1288957898"><nd ref="11952282407" /><nd ref="11952282406" /><tag k="tunnel" v="building_passage" /><tag k="highway" v="unclassified" /><tag k="oneway" v="no" /><tag k="name" v="Babubahi M. Chinai Road" /></way><way timestamp="2026-04-10T00:02:21Z" version="1" visible="true" uid="1" changeset="1" user="OSMnx" id="1304436720"><nd ref="245653518" /><nd ref="2241842732" /><nd ref="245653505" /><tag k="highway" v="residential" /><tag k="oneway" v="no" /><tag k="name" v="Henry Road" /></way><way timestamp="2026-04-10T00:02:21Z" version="1" visible="true" uid="1" changeset="1" user="OSMnx" id="1305182701"><nd ref="11031465165" /><nd ref="9313040208" /><nd ref="12088314609" /><nd ref="12088314611" /><tag k="highway" v="tertiary" /><tag k="oneway" v="no" /><tag k="name" v="Free Press Journal Road" /></way><way timestamp="2026-04-10T00:02:21Z" version="1" visible="true" uid="1" changeset="1" user="OSMnx" id="1305182702"><nd ref="12088314613" /><nd ref="12088314612" /><nd ref="9313040209" /><nd ref="12088314610" /><tag k="highway" v="tertiary" /><tag k="oneway" v="no" /><tag k="name" v="Free Press Journal Road" /></way><way timestamp="2026-04-10T00:02:21Z" version="1" visible="true" uid="1" changeset="1" user="OSMnx" id="1305182703"><nd ref="528644332" /><nd ref="9313040200" /><nd ref="9313040201" /><tag k="highway" v="tertiary" /><tag k="oneway" v="no" /><tag k="name" v="Free Press Journal Road" /></way><way timestamp="2026-04-10T00:02:21Z" version="1" visible="true" uid="1" changeset="1" user="OSMnx" id="1305182704"><nd ref="528644180" /><nd ref="12088314617" /><nd ref="12088314616" /><nd ref="9313040213" /><tag k="highway" v="tertiary" /><tag k="oneway" v="no" /><tag k="name" v="Free Press Journal Road" /></way><way timestamp="2026-04-10T00:02:21Z" version="1" visible="true" uid="1" changeset="1" user="OSMnx" id="1307180152"><nd ref="2439477058" /><nd ref="2439477062" /><nd ref="13301329176" /><nd ref="13301329179" /><nd ref="245653708" /><tag k="lanes" v="3" /><tag k="highway" v="tertiary" /><tag k="oneway" v="no" /></way><way timestamp="2026-04-10T00:02:21Z" version="1" visible="true" uid="1" changeset="1" user="OSMnx" id="1308550065"><nd ref="12088314613" /><nd ref="12088314625" /><nd ref="12088314626" /><nd ref="12088314627" /><nd ref="12088314628" /><nd ref="12088314611" /><tag k="highway" v="tertiary" /><tag k="oneway" v="no" /><tag k="name" v="Free Press Journal Road" /></way><way timestamp="2026-04-10T00:02:21Z" version="1" visible="true" uid="1" changeset="1" user="OSMnx" id="1308550066"><nd ref="4244306274" /><nd ref="11052629984" /><nd ref="4244306277" /><nd ref="10840959889" /><nd ref="1651447303" /><nd ref="9313040201" /><tag k="highway" v="tertiary" /><tag k="oneway" v="no" /><tag k="name" v="Free Press Journal Road" /></way><way timestamp="2026-04-10T00:02:21Z" version="1" visible="true" uid="1" changeset="1" user="OSMnx" id="1308550067"><nd ref="12088314611" /><nd ref="12088314629" /><nd ref="12088314630" /><nd ref="12088314631" /><nd ref="528644180" /><tag k="highway" v="tertiary" /><tag k="oneway" v="no" /><tag k="name" v="Free Press Journal Road" /></way><way timestamp="2026-04-10T00:02:21Z" version="1" visible="true" uid="1" changeset="1" user="OSMnx" id="1308550068"><nd ref="9313040213" /><nd ref="12088314615" /><nd ref="12088314614" /><nd ref="528644332" /><tag k="highway" v="tertiary" /><tag k="oneway" v="no" /><tag k="name" v="Free Press Journal Road" /></way><way timestamp="2026-04-10T00:02:21Z" version="1" visible="true" uid="1" changeset="1" user="OSMnx" id="1308550069"><nd ref="2176684763" /><nd ref="9313040215" /><tag k="highway" v="tertiary" /><tag k="oneway" v="no" /><tag k="name" v="Barrister Rajni Patel Marg" /></way><way timestamp="2026-04-10T00:02:21Z" version="1" visible="true" uid="1" changeset="1" user="OSMnx" id="1324660953"><nd ref="317158324" /><nd ref="2163544974" /><nd ref="12258182375" /><nd ref="245653917" /><tag k="highway" v="tertiary" /><tag k="oneway" v="no" /><tag k="name" v="Bombay Samachar Marg" /></way><way timestamp="2026-04-10T00:02:21Z" version="1" visible="true" uid="1" changeset="1" user="OSMnx" id="1324930132"><nd ref="245654022" /><nd ref="1643093949" /><nd ref="13508793329" /><nd ref="1643093953" /><tag k="highway" v="residential" /><tag k="oneway" v="no" /><tag k="name" v="Bombay Samachar Marg" /></way><way timestamp="2026-04-10T00:02:21Z" version="1" visible="true" uid="1" changeset="1" user="OSMnx" id="1324985450"><nd ref="10845362178" /><nd ref="12260986156" /><tag k="highway" v="primary" /><tag k="oneway" v="no" /></way><way timestamp="2026-04-10T00:02:21Z" version="1" visible="true" uid="1" changeset="1" user="OSMnx" id="1330374273"><nd ref="245653840" /><nd ref="2176684837" /><tag k="highway" v="tertiary" /><tag k="oneway" v="no" /><tag k="name" v="Freedom Fighter Ramnanth Goenka Marg" /></way><way timestamp="2026-04-10T00:02:21Z" version="1" visible="true" uid="1" changeset="1" user="OSMnx" id="1330374276"><nd ref="11299190783" /><nd ref="11029923761" /><tag k="highway" v="unclassified" /><tag k="oneway" v="no" /></way><way timestamp="2026-04-10T00:02:21Z" version="1" visible="true" uid="1" changeset="1" user="OSMnx" id="1330374277"><nd ref="11029923761" /><nd ref="13701156792" /><nd ref="13701156797" /><nd ref="13310384753" /><nd ref="13701208931" /><nd ref="11029997828" /><nd ref="9313067504" /><tag k="highway" v="unclassified" /><tag k="oneway" v="no" /><tag k="name" v="Jamnalal Bajaj Road" /></way><way timestamp="2026-04-10T00:02:21Z" version="1" visible="true" uid="1" changeset="1" user="OSMnx" id="1334185616"><nd ref="1704905262" /><nd ref="6616201986" /><tag k="highway" v="residential" /><tag k="oneway" v="no" /><tag k="name" v="Green Street" /></way><way timestamp="2026-04-10T00:02:21Z" version="1" visible="true" uid="1" changeset="1" user="OSMnx" id="1334185617"><nd ref="495098003" /><nd ref="2163539003" /><tag k="maxspeed" v="50" /><tag k="highway" v="primary" /><tag k="oneway" v="no" /><tag k="name" v="Shahid Bhagat Singh Marg" /></way><way timestamp="2026-04-10T00:02:21Z" version="1" visible="true" uid="1" changeset="1" user="OSMnx" id="1334185619"><nd ref="536839590" /><nd ref="245653975" /><tag k="highway" v="tertiary" /><tag k="oneway" v="no" /><tag k="name" v="Nyayamurty G N Vidya Road" /></way><way timestamp="2026-04-10T00:02:21Z" version="1" visible="true" uid="1" changeset="1" user="OSMnx" id="1334185620"><nd ref="245654005" /><nd ref="245654011" /><nd ref="245654036" /><tag k="highway" v="tertiary" /><tag k="oneway" v="no" /><tag k="name" v="Nyayamurty G N Vidya Road" /></way><way timestamp="2026-04-10T00:02:21Z" version="1" visible="true" uid="1" changeset="1" user="OSMnx" id="1334186236"><nd ref="495097996" /><nd ref="495098003" /><tag k="maxspeed" v="50" /><tag k="highway" v="primary" /><tag k="oneway" v="no" /><tag k="name" v="Shahid Bhagat Singh Marg" /></way><way timestamp="2026-04-10T00:02:21Z" version="1" visible="true" uid="1" changeset="1" user="OSMnx" id="1335005893"><nd ref="12350793007" /><nd ref="2178056750" /><nd ref="2176742012" /><nd ref="12350777514" /><nd ref="12350777515" /><nd ref="12350777516" /><nd ref="12350777521" /><nd ref="12350777517" /><nd ref="12350777519" /><nd ref="12350777518" /><tag k="highway" v="tertiary" /><tag k="oneway" v="no" /></way><way timestamp="2026-04-10T00:02:21Z" version="1" visible="true" uid="1" changeset="1" user="OSMnx" id="1335008543"><nd ref="12350793007" /><nd ref="2176723388" /><nd ref="245653668" /><nd ref="4361337152" /><nd ref="245653671" /><tag k="lanes" v="6" /><tag k="highway" v="tertiary" /><tag k="oneway" v="no" /><tag k="name" v="BEST Marg" /></way><way timestamp="2026-04-10T00:02:21Z" version="1" visible="true" uid="1" changeset="1" user="OSMnx" id="1335024160"><nd ref="486236751" /><nd ref="12350810684" /><tag k="highway" v="residential" /><tag k="oneway" v="no" /></way><way timestamp="2026-04-10T00:02:21Z" version="1" visible="true" uid="1" changeset="1" user="OSMnx" id="1335342332"><nd ref="2241842421" /><nd ref="2241842417" /><tag k="highway" v="residential" /><tag k="oneway" v="no" /></way><way timestamp="2026-04-10T00:02:21Z" version="1" visible="true" uid="1" changeset="1" user="OSMnx" id="1335342333"><nd ref="2241842417" /><nd ref="1643072311" /><tag k="highway" v="residential" /><tag k="oneway" v="no" /></way><way timestamp="2026-04-10T00:02:21Z" version="1" visible="true" uid="1" changeset="1" user="OSMnx" id="1335348030"><nd ref="12353829986" /><nd ref="12353829988" /><nd ref="12353829987" /><tag k="highway" v="residential" /><tag k="oneway" v="no" /></way><way timestamp="2026-04-10T00:02:21Z" version="1" visible="true" uid="1" changeset="1" user="OSMnx" id="1335348031"><nd ref="12353829988" /><nd ref="12353829989" /><tag k="highway" v="residential" /><tag k="oneway" v="no" /></way><way timestamp="2026-04-10T00:02:21Z" version="1" visible="true" uid="1" changeset="1" user="OSMnx" id="1338210568"><nd ref="12378144234" /><nd ref="12378144235" /><tag k="lanes" v="1" /><tag k="highway" v="tertiary_link" /><tag k="oneway" v="no" /></way><way timestamp="2026-04-10T00:02:21Z" version="1" visible="true" uid="1" changeset="1" user="OSMnx" id="1340536981"><nd ref="10598322639" /><nd ref="10598322643" /><tag k="maxspeed" v="50" /><tag k="highway" v="primary" /><tag k="oneway" v="no" /><tag k="name" v="Shahid Bhagat Singh Marg" /></way><way timestamp="2026-04-10T00:02:21Z" version="1" visible="true" uid="1" changeset="1" user="OSMnx" id="1340536982"><nd ref="12400147208" /><nd ref="12400147209" /><tag k="highway" v="primary_link" /><tag k="oneway" v="no" /></way><way timestamp="2026-04-10T00:02:21Z" version="1" visible="true" uid="1" changeset="1" user="OSMnx" id="1341992700"><nd ref="4307040326" /><nd ref="9348211566" /><nd ref="12414405106" /><nd ref="12084846104" /><tag k="lanes" v="2" /><tag k="highway" v="secondary" /><tag k="oneway" v="no" /><tag k="name" v="Captain Prakash Pethe Marg" /></way><way timestamp="2026-04-10T00:02:21Z" version="1" visible="true" uid="1" changeset="1" user="OSMnx" id="1341992701"><nd ref="4307040330" /><nd ref="245653178" /><nd ref="12414405105" /><nd ref="12414405107" /><nd ref="2241842390" /><nd ref="245653086" /><tag k="lanes" v="2" /><tag k="highway" v="secondary" /><tag k="oneway" v="no" /><tag k="name" v="Captain Prakash Pethe Marg" /></way><way timestamp="2026-04-10T00:02:21Z" version="1" visible="true" uid="1" changeset="1" user="OSMnx" id="1341992704"><nd ref="12084846104" /><nd ref="12414405104" /><nd ref="486059698" /><tag k="lanes" v="2" /><tag k="highway" v="secondary" /><tag k="oneway" v="no" /><tag k="name" v="Captain Prakash Pethe Marg" /></way><way timestamp="2026-04-10T00:02:21Z" version="1" visible="true" uid="1" changeset="1" user="OSMnx" id="1341992705"><nd ref="12414405105" /><nd ref="12414405106" /><tag k="highway" v="secondary_link" /><tag k="oneway" v="no" /></way><way timestamp="2026-04-10T00:02:21Z" version="1" visible="true" uid="1" changeset="1" user="OSMnx" id="1341993707"><nd ref="245653232" /><nd ref="4307040330" /><tag k="lanes" v="2" /><tag k="highway" v="secondary" /><tag k="oneway" v="no" /><tag k="name" v="Captain Prakash Pethe Marg" /></way><way timestamp="2026-04-10T00:02:21Z" version="1" visible="true" uid="1" changeset="1" user="OSMnx" id="1342057986"><nd ref="12415277159" /><nd ref="12415277160" /><tag k="highway" v="tertiary_link" /><tag k="oneway" v="no" /></way><way timestamp="2026-04-10T00:02:21Z" version="1" visible="true" uid="1" changeset="1" user="OSMnx" id="1346803269"><nd ref="12458003300" /><nd ref="12458023601" /><nd ref="12458023602" /><nd ref="12458023603" /><nd ref="12458023604" /><nd ref="12458023605" /><nd ref="12458023606" /><nd ref="12458023607" /><nd ref="12458023608" /><nd ref="12458023609" /><nd ref="12458023610" /><nd ref="12458023611" /><nd ref="12458023612" /><nd ref="12458023613" /><nd ref="12458023614" /><nd ref="12458023615" /><nd ref="12458023616" /><nd ref="12458023617" /><nd ref="12458023618" /><nd ref="12458023619" /><nd ref="12458023620" /><nd ref="12458023621" /><nd ref="12458023622" /><nd ref="12458023623" /><nd ref="12458023624" /><nd ref="12458023625" /><nd ref="12458023626" /><nd ref="12458023627" /><nd ref="12458023628" /><nd ref="12458023629" /><nd ref="12458023630" /><nd ref="12458023631" /><nd ref="12458023632" /><nd ref="12458023633" /><nd ref="12458023634" /><nd ref="12458023635" /><nd ref="12458023636" /><nd ref="12458023637" /><nd ref="12458023638" /><nd ref="12458023639" /><nd ref="12458023622" /><tag k="highway" v="residential" /><tag k="oneway" v="no" /></way><way timestamp="2026-04-10T00:02:21Z" version="1" visible="true" uid="1" changeset="1" user="OSMnx" id="1346803270"><nd ref="12458023612" /><nd ref="12458023640" /><nd ref="12458023641" /><nd ref="11060988369" /><tag k="highway" v="residential" /><tag k="oneway" v="no" /></way><way timestamp="2026-04-10T00:02:21Z" version="1" visible="true" uid="1" changeset="1" user="OSMnx" id="1356816287"><nd ref="245653991" /><nd ref="12557973951" /><tag k="highway" v="residential" /><tag k="oneway" v="no" /><tag k="name" v="Crown Street" /></way><way timestamp="2026-04-10T00:02:21Z" version="1" visible="true" uid="1" changeset="1" user="OSMnx" id="1356816288"><nd ref="12557973951" /><nd ref="245654042" /><tag k="highway" v="tertiary" /><tag k="oneway" v="no" /><tag k="name" v="Crown Street" /></way><way timestamp="2026-04-10T00:02:21Z" version="1" visible="true" uid="1" changeset="1" user="OSMnx" id="1358624947"><nd ref="5246084529" /><nd ref="4233119202" /><nd ref="11065057628" /><nd ref="4307040299" /><nd ref="459482388" /><tag k="highway" v="residential" /><tag k="oneway" v="no" /><tag k="access" v="military" /></way><way timestamp="2026-04-10T00:02:21Z" version="1" visible="true" uid="1" changeset="1" user="OSMnx" id="1358626729"><nd ref="245653437" /><nd ref="10877640889" /><nd ref="623384627" /><tag k="highway" v="living_street" /><tag k="oneway" v="no" /><tag k="name" v="Ganesh Lane" /></way><way timestamp="2026-04-10T00:02:21Z" version="1" visible="true" uid="1" changeset="1" user="OSMnx" id="1359792742"><nd ref="12586989040" /><nd ref="12586989042" /><tag k="highway" v="residential" /><tag k="oneway" v="no" /></way><way timestamp="2026-04-10T00:02:21Z" version="1" visible="true" uid="1" changeset="1" user="OSMnx" id="1359792743"><nd ref="2242540258" /><nd ref="12586989043" /><tag k="highway" v="residential" /><tag k="oneway" v="no" /></way><way timestamp="2026-04-10T00:02:21Z" version="1" visible="true" uid="1" changeset="1" user="OSMnx" id="1359792744"><nd ref="12484130388" /><nd ref="12586989044" /><tag k="highway" v="residential" /><tag k="oneway" v="no" /></way><way timestamp="2026-04-10T00:02:21Z" version="1" visible="true" uid="1" changeset="1" user="OSMnx" id="1359792745"><nd ref="12484130381" /><nd ref="12586989045" /><tag k="highway" v="residential" /><tag k="oneway" v="no" /></way><way timestamp="2026-04-10T00:02:21Z" version="1" visible="true" uid="1" changeset="1" user="OSMnx" id="1359809946"><nd ref="245654108" /><nd ref="12587158364" /><tag k="highway" v="secondary" /><tag k="oneway" v="no" /><tag k="name" v="Jamshedji Tata Road" /></way><way timestamp="2026-04-10T00:02:21Z" version="1" visible="true" uid="1" changeset="1" user="OSMnx" id="1359809947"><nd ref="12587158362" /><nd ref="1643105824" /><tag k="highway" v="secondary" /><tag k="oneway" v="no" /><tag k="name" v="Maharshi Karve Road" /></way><way timestamp="2026-04-10T00:02:21Z" version="1" visible="true" uid="1" changeset="1" user="OSMnx" id="1374034525"><nd ref="12722134889" /><nd ref="528743522" /><tag k="lanes" v="6" /><tag k="highway" v="primary" /><tag k="oneway" v="no" /><tag k="name" v="Roychand Avenue" /></way><way timestamp="2026-04-10T00:02:21Z" version="1" visible="true" uid="1" changeset="1" user="OSMnx" id="1374045455"><nd ref="486024085" /><nd ref="3762234397" /><tag k="highway" v="secondary" /><tag k="oneway" v="no" /><tag k="name" v="Veer Nariman Road" /></way><way timestamp="2026-04-10T00:02:21Z" version="1" visible="true" uid="1" changeset="1" user="OSMnx" id="1374046827"><nd ref="2168581047" /><nd ref="12722358655" /><tag k="lanes" v="4" /><tag k="highway" v="secondary" /><tag k="oneway" v="no" /><tag k="name" v="Maharshi Karve Road" /></way><way timestamp="2026-04-10T00:02:21Z" version="1" visible="true" uid="1" changeset="1" user="OSMnx" id="1377398354"><nd ref="12753863008" /><nd ref="2176685183" /><tag k="highway" v="residential" /><tag k="oneway" v="no" /><tag k="name" v="JTS Malani Marg" /></way><way timestamp="2026-04-10T00:02:21Z" version="1" visible="true" uid="1" changeset="1" user="OSMnx" id="1416306571"><nd ref="13015483303" /><nd ref="13015483302" /><nd ref="13015483301" /><nd ref="13702074453" /><nd ref="13015390792" /><nd ref="13015390800" /><nd ref="13702074452" /><nd ref="13015390791" /><nd ref="13015390790" /><nd ref="13015390786" /><nd ref="13702074451" /><nd ref="13015390799" /><nd ref="13015390795" /><nd ref="13702074454" /><nd ref="10885994188" /><nd ref="13702074456" /><nd ref="13015390787" /><nd ref="10885994195" /><nd ref="13015390785" /><nd ref="13015390793" /><nd ref="13015390788" /><nd ref="2241842966" /><nd ref="13015483304" /><nd ref="2241842947" /><nd ref="13015483303" /><tag k="highway" v="tertiary" /><tag k="oneway" v="no" /><tag k="name" v="Jamshedji Tata Road" /></way><way timestamp="2026-04-10T00:02:21Z" version="1" visible="true" uid="1" changeset="1" user="OSMnx" id="1418658786"><nd ref="245653665" /><nd ref="2176742036" /><nd ref="245653651" /><nd ref="2242540245" /><nd ref="245653638" /><nd ref="12350777521" /><nd ref="245653597" /><tag k="lanes" v="2" /><tag k="highway" v="residential" /><tag k="oneway" v="no" /><tag k="name" v="B.K. Boman Behram Road" /></way><way timestamp="2026-04-10T00:02:21Z" version="1" visible="true" uid="1" changeset="1" user="OSMnx" id="1422597184"><nd ref="486404283" /><nd ref="13430259957" /><nd ref="10277881705" /><tag k="lanes" v="3" /><tag k="maxspeed" v="65" /><tag k="highway" v="primary" /><tag k="oneway" v="no" /><tag k="name" v="Marine Drive" /></way><way timestamp="2026-04-10T00:02:21Z" version="1" visible="true" uid="1" changeset="1" user="OSMnx" id="1422597185"><nd ref="486404283" /><nd ref="245654001" /><tag k="highway" v="tertiary" /><tag k="oneway" v="no" /><tag k="name" v="Dinshaw Wachha Road" /></way><way timestamp="2026-04-10T00:02:21Z" version="1" visible="true" uid="1" changeset="1" user="OSMnx" id="1422597186"><nd ref="245654001" /><nd ref="13430259960" /><nd ref="12948753736" /><nd ref="13236079138" /><tag k="lanes" v="3" /><tag k="maxspeed" v="65" /><tag k="highway" v="primary" /><tag k="oneway" v="no" /><tag k="name" v="Marine Drive" /></way><way timestamp="2026-04-10T00:02:21Z" version="1" visible="true" uid="1" changeset="1" user="OSMnx" id="1444852907"><nd ref="13257254185" /><nd ref="12451314472" /><nd ref="13073684403" /><nd ref="11052576142" /><tag k="lanes" v="2" /><tag k="maxspeed" v="65" /><tag k="highway" v="tertiary" /><tag k="oneway" v="no" /><tag k="name" v="Sir Dorab Tata Road" /></way><way timestamp="2026-04-10T00:02:21Z" version="1" visible="true" uid="1" changeset="1" user="OSMnx" id="1444852908"><nd ref="245653855" /><nd ref="9313067505" /><tag k="lanes" v="2" /><tag k="maxspeed" v="65" /><tag k="highway" v="tertiary" /><tag k="oneway" v="no" /><tag k="name" v="Sir Dorab Tata Road" /></way><way timestamp="2026-04-10T00:02:21Z" version="1" visible="true" uid="1" changeset="1" user="OSMnx" id="1444852909"><nd ref="13257254187" /><nd ref="13430259965" /><nd ref="13430259956" /><nd ref="245654001" /><tag k="lanes" v="3" /><tag k="maxspeed" v="65" /><tag k="highway" v="primary" /><tag k="oneway" v="no" /><tag k="name" v="Marine Drive" /></way><way timestamp="2026-04-10T00:02:21Z" version="1" visible="true" uid="1" changeset="1" user="OSMnx" id="1444853963"><nd ref="13257265784" /><nd ref="13073684401" /><nd ref="486404313" /><tag k="lanes" v="3" /><tag k="maxspeed" v="65" /><tag k="highway" v="primary" /><tag k="oneway" v="no" /><tag k="name" v="Marine Drive" /></way><way timestamp="2026-04-10T00:02:21Z" version="1" visible="true" uid="1" changeset="1" user="OSMnx" id="1444853964"><nd ref="10277881700" /><nd ref="13430259961" /><nd ref="486404283" /><tag k="lanes" v="3" /><tag k="maxspeed" v="65" /><tag k="highway" v="primary" /><tag k="oneway" v="no" /><tag k="name" v="Marine Drive" /></way><way timestamp="2026-04-10T00:02:21Z" version="1" visible="true" uid="1" changeset="1" user="OSMnx" id="1444853965"><nd ref="13257265785" /><nd ref="13073684406" /><nd ref="10277881700" /><tag k="lanes" v="3" /><tag k="maxspeed" v="65" /><tag k="highway" v="primary" /><tag k="oneway" v="no" /><tag k="name" v="Marine Drive" /></way><way timestamp="2026-04-10T00:02:21Z" version="1" visible="true" uid="1" changeset="1" user="OSMnx" id="1446483250"><nd ref="10598322638" /><nd ref="11034003549" /><nd ref="10598322636" /><nd ref="662446652" /><tag k="maxspeed" v="50" /><tag k="highway" v="primary" /><tag k="oneway" v="no" /><tag k="name" v="Shahid Bhagat Singh Marg" /></way><way timestamp="2026-04-10T00:02:21Z" version="1" visible="true" uid="1" changeset="1" user="OSMnx" id="1452271231"><nd ref="528622444" /><nd ref="12415277160" /><nd ref="528622478" /><nd ref="459457476" /><nd ref="12415277159" /><nd ref="245653855" /><tag k="maxspeed" v="65" /><tag k="highway" v="tertiary" /><tag k="oneway" v="no" /><tag k="name" v="Sir Dorab Tata Road" /></way><way timestamp="2026-04-10T00:02:21Z" version="1" visible="true" uid="1" changeset="1" user="OSMnx" id="1452271232"><nd ref="528622444" /><nd ref="245653855" /><tag k="lanes" v="2" /><tag k="highway" v="tertiary" /><tag k="oneway" v="no" /><tag k="name" v="Vinayak K Shah Marg" /></way><way timestamp="2026-04-10T00:02:21Z" version="1" visible="true" uid="1" changeset="1" user="OSMnx" id="1452271233"><nd ref="9313067505" /><nd ref="12378144234" /><tag k="lanes" v="2" /><tag k="maxspeed" v="65" /><tag k="highway" v="tertiary" /><tag k="oneway" v="no" /><tag k="name" v="Sir Dorab Tata Road" /></way><way timestamp="2026-04-10T00:02:21Z" version="1" visible="true" uid="1" changeset="1" user="OSMnx" id="1452271234"><nd ref="9313067506" /><nd ref="13143803116" /><nd ref="13143803119" /><nd ref="2176684837" /><tag k="lanes" v="2" /><tag k="highway" v="tertiary" /><tag k="oneway" v="no" /><tag k="name" v="Vinayak K Shah Marg" /></way><way timestamp="2026-04-10T00:02:21Z" version="1" visible="true" uid="1" changeset="1" user="OSMnx" id="1452271235"><nd ref="12378144234" /><nd ref="13257254186" /><tag k="lanes" v="2" /><tag k="maxspeed" v="65" /><tag k="highway" v="tertiary" /><tag k="oneway" v="no" /><tag k="name" v="Sir Dorab Tata Road" /></way><way timestamp="2026-04-10T00:02:21Z" version="1" visible="true" uid="1" changeset="1" user="OSMnx" id="1452271236"><nd ref="12378144235" /><nd ref="13701210153" /><nd ref="9313067506" /><tag k="lanes" v="2" /><tag k="maxspeed" v="65" /><tag k="highway" v="tertiary" /><tag k="oneway" v="no" /><tag k="name" v="Sir Dorab Tata Road" /></way><way timestamp="2026-04-10T00:02:21Z" version="1" visible="true" uid="1" changeset="1" user="OSMnx" id="1453286566"><nd ref="6616201986" /><nd ref="13327789496" /><tag k="maxspeed" v="50" /><tag k="highway" v="primary" /><tag k="oneway" v="no" /><tag k="name" v="Shahid Bhagat Singh Marg" /></way><way timestamp="2026-04-10T00:02:21Z" version="1" visible="true" uid="1" changeset="1" user="OSMnx" id="1453286567"><nd ref="2163539003" /><nd ref="13327789497" /><tag k="maxspeed" v="50" /><tag k="highway" v="primary" /><tag k="oneway" v="no" /><tag k="name" v="Shahid Bhagat Singh Marg" /></way><way timestamp="2026-04-10T00:02:21Z" version="1" visible="true" uid="1" changeset="1" user="OSMnx" id="1453286568"><nd ref="13327789496" /><nd ref="2163539003" /><tag k="maxspeed" v="50" /><tag k="highway" v="primary" /><tag k="oneway" v="no" /><tag k="name" v="Shahid Bhagat Singh Marg" /></way><way timestamp="2026-04-10T00:02:21Z" version="1" visible="true" uid="1" changeset="1" user="OSMnx" id="1453286569"><nd ref="13327789497" /><nd ref="1704905262" /><tag k="maxspeed" v="50" /><tag k="highway" v="primary" /><tag k="oneway" v="no" /><tag k="name" v="Shahid Bhagat Singh Marg" /></way><way timestamp="2026-04-10T00:02:21Z" version="1" visible="true" uid="1" changeset="1" user="OSMnx" id="1460494745"><nd ref="2163559520" /><nd ref="1643105818" /><nd ref="10845362178" /><tag k="highway" v="primary" /><tag k="oneway" v="no" /><tag k="name" v="Dr Dadabhai Naoroji Road" /></way><way timestamp="2026-04-10T00:02:21Z" version="1" visible="true" uid="1" changeset="1" user="OSMnx" id="1468684650"><nd ref="13470129546" /><nd ref="13515415264" /><nd ref="3762234397" /><tag k="highway" v="secondary_link" /><tag k="oneway" v="no" /></way><way timestamp="2026-04-10T00:02:21Z" version="1" visible="true" uid="1" changeset="1" user="OSMnx" id="1468684948"><nd ref="245653975" /><nd ref="245654005" /><tag k="highway" v="tertiary" /><tag k="oneway" v="no" /><tag k="name" v="Nyayamurty G N Vidya Road" /></way><way timestamp="2026-04-10T00:02:21Z" version="1" visible="true" uid="1" changeset="1" user="OSMnx" id="1472165914"><nd ref="13508319939" /><nd ref="2176701305" /><tag k="lanes" v="1" /><tag k="highway" v="tertiary" /><tag k="oneway" v="no" /><tag k="name" v="Barrister Rajni Patel Marg" /></way><way timestamp="2026-04-10T00:02:21Z" version="1" visible="true" uid="1" changeset="1" user="OSMnx" id="1472165915"><nd ref="245653871" /><nd ref="13508319940" /><tag k="highway" v="tertiary" /><tag k="oneway" v="no" /><tag k="name" v="Barrister Rajni Patel Marg" /></way><way timestamp="2026-04-10T00:02:21Z" version="1" visible="true" uid="1" changeset="1" user="OSMnx" id="1475491443"><nd ref="13515420601" /><nd ref="486024085" /><tag k="maxspeed" v="60" /><tag k="highway" v="secondary" /><tag k="oneway" v="no" /><tag k="name" v="Maharshi Karve Road" /></way><way timestamp="2026-04-10T00:02:21Z" version="1" visible="true" uid="1" changeset="1" user="OSMnx" id="1475491444"><nd ref="12587158364" /><nd ref="6608759216" /><tag k="highway" v="secondary" /><tag k="oneway" v="no" /><tag k="name" v="Jamshedji Tata Road" /></way><way timestamp="2026-04-10T00:02:21Z" version="1" visible="true" uid="1" changeset="1" user="OSMnx" id="1475491445"><nd ref="3762234395" /><nd ref="12887958403" /><nd ref="12587158362" /><tag k="highway" v="secondary" /><tag k="oneway" v="no" /><tag k="name" v="Jamshedji Tata Road" /></way><way timestamp="2026-04-10T00:02:21Z" version="1" visible="true" uid="1" changeset="1" user="OSMnx" id="1475492142"><nd ref="1643105814" /><nd ref="13536129922" /><tag k="highway" v="secondary" /><tag k="oneway" v="no" /><tag k="name" v="Veer Nariman Road" /></way><way timestamp="2026-04-10T00:02:21Z" version="1" visible="true" uid="1" changeset="1" user="OSMnx" id="1475492143"><nd ref="1643105814" /><nd ref="12722134887" /><nd ref="13536129923" /><tag k="lanes" v="6" /><tag k="highway" v="primary" /><tag k="oneway" v="no" /><tag k="name" v="Roychand Avenue" /></way><way timestamp="2026-04-10T00:02:21Z" version="1" visible="true" uid="1" changeset="1" user="OSMnx" id="1475492144"><nd ref="13536129924" /><nd ref="528743522" /><tag k="highway" v="secondary" /><tag k="oneway" v="no" /><tag k="name" v="Veer Nariman Road" /></way><way timestamp="2026-04-10T00:02:21Z" version="1" visible="true" uid="1" changeset="1" user="OSMnx" id="1475500919"><nd ref="13536163780" /><nd ref="10886054720" /><tag k="highway" v="primary" /><tag k="oneway" v="no" /><tag k="name" v="Madame Cama Road" /></way><way timestamp="2026-04-10T00:02:21Z" version="1" visible="true" uid="1" changeset="1" user="OSMnx" id="1482834912"><nd ref="13597710101" /><nd ref="13597710133" /><nd ref="11061179617" /><tag k="highway" v="residential" /><tag k="oneway" v="no" /></way><way timestamp="2026-04-10T00:02:21Z" version="1" visible="true" uid="1" changeset="1" user="OSMnx" id="1482834913"><nd ref="13597710103" /><nd ref="13597710104" /><nd ref="13597710105" /><nd ref="13597710106" /><nd ref="13597710107" /><nd ref="13597710108" /><nd ref="13597710109" /><nd ref="13597710110" /><nd ref="13597710111" /><nd ref="13597710112" /><nd ref="13597710113" /><nd ref="13597710114" /><nd ref="13597710115" /><nd ref="13597710116" /><nd ref="13597710117" /><nd ref="13597710118" /><nd ref="13597710119" /><nd ref="13597710120" /><nd ref="13597710121" /><nd ref="13597710122" /><nd ref="13597710102" /><nd ref="13597710103" /><tag k="highway" v="residential" /><tag k="oneway" v="no" /></way><way timestamp="2026-04-10T00:02:21Z" version="1" visible="true" uid="1" changeset="1" user="OSMnx" id="1482834914"><nd ref="13597710102" /><nd ref="1278343850" /><tag k="highway" v="residential" /><tag k="oneway" v="no" /></way><way timestamp="2026-04-10T00:02:21Z" version="1" visible="true" uid="1" changeset="1" user="OSMnx" id="1482834915"><nd ref="11061179618" /><nd ref="1278343717" /><tag k="highway" v="residential" /><tag k="oneway" v="no" /></way><way timestamp="2026-04-10T00:02:21Z" version="1" visible="true" uid="1" changeset="1" user="OSMnx" id="1482834916"><nd ref="2241842105" /><nd ref="1278343929" /><nd ref="4233118273" /><nd ref="1278343377" /><nd ref="13598001717" /><nd ref="459482298" /><tag k="highway" v="residential" /><tag k="oneway" v="no" /><tag k="name" v="Navy Nagar Road" /><tag k="access" v="military" /></way><way timestamp="2026-04-10T00:02:21Z" version="1" visible="true" uid="1" changeset="1" user="OSMnx" id="1482834917"><nd ref="2241842105" /><nd ref="13597710135" /><nd ref="2241842103" /><tag k="highway" v="residential" /><tag k="oneway" v="no" /><tag k="access" v="military" /></way><way timestamp="2026-04-10T00:02:21Z" version="1" visible="true" uid="1" changeset="1" user="OSMnx" id="1482834918"><nd ref="13597710134" /><nd ref="13597710135" /><tag k="highway" v="residential" /><tag k="oneway" v="no" /></way><way timestamp="2026-04-10T00:02:21Z" version="1" visible="true" uid="1" changeset="1" user="OSMnx" id="1482834919"><nd ref="13597710136" /><nd ref="13597710161" /><nd ref="13597710137" /><nd ref="13597710138" /><nd ref="13597710139" /><nd ref="13597710140" /><nd ref="13597710141" /><nd ref="13597710142" /><nd ref="13597710134" /><tag k="highway" v="residential" /><tag k="oneway" v="no" /></way><way timestamp="2026-04-10T00:02:21Z" version="1" visible="true" uid="1" changeset="1" user="OSMnx" id="1482834920"><nd ref="13597710134" /><nd ref="13597710143" /><nd ref="13597710144" /><nd ref="13597710145" /><nd ref="13597710146" /><nd ref="13597710147" /><nd ref="13597710148" /><nd ref="13597710149" /><nd ref="13597710150" /><nd ref="13597710151" /><nd ref="13597710152" /><nd ref="13597710153" /><nd ref="13597710154" /><nd ref="13597710155" /><nd ref="13597710156" /><nd ref="13597710157" /><nd ref="13597710158" /><nd ref="13597710159" /><nd ref="13597710160" /><nd ref="13597710136" /><tag k="highway" v="residential" /><tag k="oneway" v="no" /></way><way timestamp="2026-04-10T00:02:21Z" version="1" visible="true" uid="1" changeset="1" user="OSMnx" id="1482834921"><nd ref="1278343377" /><nd ref="1278343380" /><nd ref="12573469433" /><nd ref="12573469432" /><nd ref="12573469431" /><nd ref="13597710163" /><nd ref="1278343617" /><tag k="highway" v="residential" /><tag k="oneway" v="no" /><tag k="access" v="military" /></way><way timestamp="2026-04-10T00:02:21Z" version="1" visible="true" uid="1" changeset="1" user="OSMnx" id="1482839729"><nd ref="13597731053" /><nd ref="13597731035" /><tag k="highway" v="residential" /><tag k="oneway" v="no" /></way><way timestamp="2026-04-10T00:02:21Z" version="1" visible="true" uid="1" changeset="1" user="OSMnx" id="1482839730"><nd ref="13597731042" /><nd ref="13597731043" /><nd ref="13597731044" /><nd ref="13597731045" /><nd ref="13597731046" /><nd ref="13597731047" /><nd ref="13597731048" /><nd ref="13597731049" /><nd ref="13597731050" /><nd ref="13597731051" /><nd ref="13597731052" /><nd ref="13597731053" /><nd ref="13597731062" /><nd ref="13597731054" /><nd ref="13597731055" /><nd ref="13597731056" /><nd ref="13597731057" /><nd ref="13597731058" /><nd ref="13597731059" /><nd ref="13597731041" /><nd ref="13597731042" /><tag k="highway" v="residential" /><tag k="oneway" v="no" /></way><way timestamp="2026-04-10T00:02:21Z" version="1" visible="true" uid="1" changeset="1" user="OSMnx" id="1482839731"><nd ref="13597731060" /><nd ref="13597731041" /><tag k="highway" v="residential" /><tag k="oneway" v="no" /></way><way timestamp="2026-04-10T00:02:21Z" version="1" visible="true" uid="1" changeset="1" user="OSMnx" id="1482839733"><nd ref="13597731063" /><nd ref="13597731064" /><tag k="highway" v="residential" /><tag k="oneway" v="no" /></way><way timestamp="2026-04-10T00:02:21Z" version="1" visible="true" uid="1" changeset="1" user="OSMnx" id="1482839734"><nd ref="13597731065" /><nd ref="13597731066" /><nd ref="13597731067" /><nd ref="13597731068" /><nd ref="13597731069" /><nd ref="13597731070" /><nd ref="13597731071" /><nd ref="13597731072" /><nd ref="13597731073" /><nd ref="13597731074" /><nd ref="13597731075" /><nd ref="13597731076" /><nd ref="13597731077" /><nd ref="13597738307" /><nd ref="13597738308" /><nd ref="13597731078" /><nd ref="13597731079" /><nd ref="13597731080" /><nd ref="13597731081" /><nd ref="13597731082" /><nd ref="13597731083" /><nd ref="13597731064" /><nd ref="13597731065" /><tag k="highway" v="residential" /><tag k="oneway" v="no" /></way><way timestamp="2026-04-10T00:02:21Z" version="1" visible="true" uid="1" changeset="1" user="OSMnx" id="1482839735"><nd ref="13597731085" /><nd ref="13597731086" /><nd ref="13597731087" /><nd ref="13597731088" /><nd ref="13597731089" /><nd ref="13597731090" /><nd ref="13597731091" /><nd ref="13597731092" /><nd ref="13597731093" /><nd ref="13597731094" /><nd ref="13597731095" /><nd ref="13597731096" /><nd ref="13597731097" /><nd ref="13597738305" /><nd ref="13597738306" /><nd ref="13597738304" /><nd ref="13597731098" /><nd ref="13597731099" /><nd ref="13597731100" /><nd ref="13597738301" /><nd ref="13597738302" /><nd ref="13597738303" /><nd ref="13597731084" /><nd ref="13597731085" /><tag k="highway" v="residential" /><tag k="oneway" v="no" /></way><way timestamp="2026-04-10T00:02:21Z" version="1" visible="true" uid="1" changeset="1" user="OSMnx" id="1482839736"><nd ref="11061215152" /><nd ref="13597738309" /><nd ref="13597731084" /><tag k="highway" v="residential" /><tag k="oneway" v="no" /></way><way timestamp="2026-04-10T00:02:21Z" version="1" visible="true" uid="1" changeset="1" user="OSMnx" id="1482839737"><nd ref="13597731078" /><nd ref="13597738309" /><tag k="highway" v="residential" /><tag k="oneway" v="no" /></way><way timestamp="2026-04-10T00:02:21Z" version="1" visible="true" uid="1" changeset="1" user="OSMnx" id="1482873411"><nd ref="4233118272" /><nd ref="13598001712" /><nd ref="13598001713" /><nd ref="13598001716" /><nd ref="13598001724" /><nd ref="13598001714" /><tag k="highway" v="residential" /><tag k="oneway" v="no" /></way><way timestamp="2026-04-10T00:02:21Z" version="1" visible="true" uid="1" changeset="1" user="OSMnx" id="1482873412"><nd ref="13598001715" /><nd ref="13598001740" /><nd ref="13598001716" /><tag k="highway" v="residential" /><tag k="oneway" v="no" /></way><way timestamp="2026-04-10T00:02:21Z" version="1" visible="true" uid="1" changeset="1" user="OSMnx" id="1482873413"><nd ref="13598001717" /><nd ref="13598001718" /><nd ref="13598001719" /><nd ref="13598001720" /><nd ref="13598001721" /><nd ref="13598001729" /><nd ref="13598001728" /><nd ref="13598001722" /><nd ref="13598001723" /><nd ref="13598001725" /><nd ref="13598001724" /><tag k="highway" v="residential" /><tag k="oneway" v="no" /></way><way timestamp="2026-04-10T00:02:21Z" version="1" visible="true" uid="1" changeset="1" user="OSMnx" id="1482873414"><nd ref="13598001725" /><nd ref="13598001726" /><nd ref="13598001727" /><nd ref="13598001728" /><tag k="highway" v="residential" /><tag k="oneway" v="no" /></way><way timestamp="2026-04-10T00:02:21Z" version="1" visible="true" uid="1" changeset="1" user="OSMnx" id="1482873415"><nd ref="13598001729" /><nd ref="13598001730" /><nd ref="13598001731" /><nd ref="13598001732" /><nd ref="13598001733" /><nd ref="13598001719" /><tag k="highway" v="residential" /><tag k="oneway" v="no" /></way><way timestamp="2026-04-10T00:02:21Z" version="1" visible="true" uid="1" changeset="1" user="OSMnx" id="1482873416"><nd ref="13598001734" /><nd ref="13598001735" /><nd ref="13598001736" /><nd ref="13598001737" /><nd ref="13598001738" /><tag k="highway" v="residential" /><tag k="oneway" v="no" /></way><way timestamp="2026-04-10T00:02:21Z" version="1" visible="true" uid="1" changeset="1" user="OSMnx" id="1482884319"><nd ref="459482467" /><nd ref="13597731063" /><nd ref="459482345" /><nd ref="13597731060" /><nd ref="2241842144" /><nd ref="11061199724" /><tag k="highway" v="residential" /><tag k="oneway" v="no" /><tag k="access" v="military" /></way><way timestamp="2026-04-10T00:02:21Z" version="1" visible="true" uid="1" changeset="1" user="OSMnx" id="1483294837"><nd ref="4233119205" /><nd ref="13601856154" /><tag k="highway" v="residential" /><tag k="oneway" v="no" /></way><way timestamp="2026-04-10T00:02:21Z" version="1" visible="true" uid="1" changeset="1" user="OSMnx" id="1483294838"><nd ref="13601856155" /><nd ref="13601856154" /><tag k="highway" v="residential" /><tag k="oneway" v="no" /></way><way timestamp="2026-04-10T00:02:21Z" version="1" visible="true" uid="1" changeset="1" user="OSMnx" id="1483294839"><nd ref="4361285726" /><nd ref="13601856156" /><nd ref="13601856157" /><nd ref="13601856154" /><tag k="highway" v="residential" /><tag k="oneway" v="no" /></way><way timestamp="2026-04-10T00:02:21Z" version="1" visible="true" uid="1" changeset="1" user="OSMnx" id="1483294840"><nd ref="13601856158" /><nd ref="4361285725" /><tag k="highway" v="residential" /><tag k="oneway" v="no" /></way><way timestamp="2026-04-10T00:02:21Z" version="1" visible="true" uid="1" changeset="1" user="OSMnx" id="1483297442"><nd ref="13598001715" /><nd ref="13598001711" /><tag k="highway" v="residential" /><tag k="oneway" v="no" /><tag k="access" v="military" /></way><way timestamp="2026-04-10T00:02:21Z" version="1" visible="true" uid="1" changeset="1" user="OSMnx" id="1483319367"><nd ref="13602021545" /><nd ref="13602021546" /><nd ref="13602021547" /><nd ref="13602021548" /><nd ref="13602021549" /><tag k="highway" v="residential" /><tag k="oneway" v="no" /></way><way timestamp="2026-04-10T00:02:21Z" version="1" visible="true" uid="1" changeset="1" user="OSMnx" id="1483319368"><nd ref="13602021550" /><nd ref="13602021551" /><tag k="highway" v="residential" /><tag k="oneway" v="no" /></way><way timestamp="2026-04-10T00:02:21Z" version="1" visible="true" uid="1" changeset="1" user="OSMnx" id="1483336239"><nd ref="13602136343" /><nd ref="13602136344" /><nd ref="13602136345" /><nd ref="13602136346" /><nd ref="13602136347" /><tag k="highway" v="residential" /><tag k="oneway" v="no" /><tag k="access" v="permissive" /></way><way timestamp="2026-04-10T00:02:21Z" version="1" visible="true" uid="1" changeset="1" user="OSMnx" id="1495040020"><nd ref="13698318584" /><nd ref="2163538988" /><nd ref="486050696" /><tag k="highway" v="tertiary" /><tag k="oneway" v="no" /><tag k="name" v="Kaikhushru Dubash Marg" /></way><way timestamp="2026-04-10T00:02:21Z" version="1" visible="true" uid="1" changeset="1" user="OSMnx" id="1495040021"><nd ref="486040864" /><nd ref="245653901" /><nd ref="7353554810" /><nd ref="486036293" /><nd ref="13698318583" /><nd ref="10877693755" /><tag k="highway" v="tertiary" /><tag k="oneway" v="no" /><tag k="name" v="Kaikhushru Dubash Marg" /></way><way timestamp="2026-04-10T00:02:21Z" version="1" visible="true" uid="1" changeset="1" user="OSMnx" id="1495040022"><nd ref="10877693755" /><nd ref="7353554811" /><nd ref="486040927" /><tag k="highway" v="tertiary" /><tag k="oneway" v="no" /><tag k="name" v="Kaikhushru Dubash Marg" /></way><way timestamp="2026-04-10T00:02:21Z" version="1" visible="true" uid="1" changeset="1" user="OSMnx" id="1495040023"><nd ref="2163538986" /><nd ref="10877693757" /><nd ref="10877693756" /><nd ref="13698318584" /><tag k="highway" v="tertiary" /><tag k="oneway" v="no" /><tag k="name" v="Kaikhushru Dubash Marg" /></way><way timestamp="2026-04-10T00:02:21Z" version="1" visible="true" uid="1" changeset="1" user="OSMnx" id="1495040024"><nd ref="486050696" /><nd ref="2163538990" /><nd ref="495097987" /><tag k="maxspeed" v="50" /><tag k="highway" v="primary" /><tag k="oneway" v="no" /><tag k="name" v="Shahid Bhagat Singh Marg" /></way><way timestamp="2026-04-10T00:02:21Z" version="1" visible="true" uid="1" changeset="1" user="OSMnx" id="1495040025"><nd ref="13698318586" /><nd ref="2163538986" /><tag k="highway" v="tertiary" /><tag k="oneway" v="no" /><tag k="name" v="Kaikhushru Dubash Marg" /></way><way timestamp="2026-04-10T00:02:21Z" version="1" visible="true" uid="1" changeset="1" user="OSMnx" id="1495040026"><nd ref="486050696" /><nd ref="13698318585" /><tag k="highway" v="tertiary" /><tag k="oneway" v="no" /><tag k="name" v="Kaikhushru Dubash Marg" /></way><way timestamp="2026-04-10T00:02:21Z" version="1" visible="true" uid="1" changeset="1" user="OSMnx" id="1495040027"><nd ref="2163538986" /><nd ref="486050696" /><tag k="maxspeed" v="50" /><tag k="highway" v="primary" /><tag k="oneway" v="no" /><tag k="name" v="Shahid Bhagat Singh Marg" /></way><way timestamp="2026-04-10T00:02:21Z" version="1" visible="true" uid="1" changeset="1" user="OSMnx" id="1495044608"><nd ref="245653968" /><nd ref="245653994" /><tag k="highway" v="residential" /><tag k="oneway" v="no" /><tag k="name" v="Homi Modi Street 2nd Cross Lane" /></way><way timestamp="2026-04-10T00:02:21Z" version="1" visible="true" uid="1" changeset="1" user="OSMnx" id="1495044609"><nd ref="245653991" /><nd ref="245653994" /><tag k="highway" v="residential" /><tag k="oneway" v="no" /><tag k="name" v="Mupanna P Shetty Marg" /></way><way timestamp="2026-04-10T00:02:21Z" version="1" visible="true" uid="1" changeset="1" user="OSMnx" id="1495384684"><nd ref="4307040343" /><nd ref="245653649" /><nd ref="10886054725" /><nd ref="12199027443" /><nd ref="245653671" /><tag k="lanes" v="3" /><tag k="highway" v="tertiary" /><tag k="oneway" v="no" /><tag k="name" v="Nathalal M. Parikh Road" /></way><way timestamp="2026-04-10T00:02:21Z" version="1" visible="true" uid="1" changeset="1" user="OSMnx" id="1495385344"><nd ref="13700572817" /><nd ref="13700572818" /><tag k="highway" v="primary_link" /><tag k="oneway" v="no" /></way><way timestamp="2026-04-10T00:02:21Z" version="1" visible="true" uid="1" changeset="1" user="OSMnx" id="1495648100"><nd ref="13701955561" /><nd ref="13701955562" /><tag k="highway" v="primary_link" /><tag k="oneway" v="no" /></way><way timestamp="2026-04-10T00:02:21Z" version="1" visible="true" uid="1" changeset="1" user="OSMnx" id="1495648101"><nd ref="2175130255" /><nd ref="13701955563" /><tag k="highway" v="primary_link" /><tag k="oneway" v="no" /></way><way timestamp="2026-04-10T00:02:21Z" version="1" visible="true" uid="1" changeset="1" user="OSMnx" id="1495648102"><nd ref="13701955564" /><nd ref="13701955565" /><tag k="highway" v="primary_link" /><tag k="oneway" v="no" /></way><way timestamp="2026-04-10T00:02:21Z" version="1" visible="true" uid="1" changeset="1" user="OSMnx" id="1495648103"><nd ref="13701955566" /><nd ref="13701955568" /><nd ref="13701955567" /><tag k="highway" v="primary_link" /><tag k="oneway" v="no" /></way><way timestamp="2026-04-10T00:02:21Z" version="1" visible="true" uid="1" changeset="1" user="OSMnx" id="1495670389"><nd ref="13702074447" /><nd ref="13702074448" /><tag k="highway" v="tertiary_link" /><tag k="oneway" v="no" /></way><way timestamp="2026-04-10T00:02:21Z" version="1" visible="true" uid="1" changeset="1" user="OSMnx" id="1495670390"><nd ref="13702074449" /><nd ref="13702074450" /><tag k="highway" v="tertiary_link" /><tag k="oneway" v="no" /></way><way timestamp="2026-04-10T00:02:21Z" version="1" visible="true" uid="1" changeset="1" user="OSMnx" id="1495670391"><nd ref="13702074457" /><nd ref="13702074458" /><tag k="highway" v="tertiary_link" /><tag k="oneway" v="no" /></way></osm>