<?xml version='1.0' encoding='utf-8'?>
<osm version="0.6" generator="OSMnx 1.9.1"><node id="253179982" timestamp="2026-04-01T21:47:50Z" uid="1" user="OSMnx" version="1" changeset="1" lat="12.981238" lon="77.646015" /><node id="253179989" timestamp="2026-04-01T21:47:50Z" uid="1" user="OSMnx" version="1" changeset="1" lat="12.97269" lon="77.64694" /><node id="253179991" timestamp="2026-04-01T21:47:50Z" uid="1" user="OSMnx" version="1" changeset="1" lat="12.970966" lon="77.647316" /><node id="286682015" timestamp="2026-04-01T21:47:50Z" uid="1" user="OSMnx" version="1" changeset="1" lat="12.970321" lon="77.643514" /><node id="287908996" timestamp="2026-04-01T21:47:50Z" uid="1" user="OSMnx" version="1" changeset="1" lat="12.982443" lon="77.6407" /><node id="355428742" timestamp="2026-04-01T21:47:50Z" uid="1" user="OSMnx" version="1" changeset="1" lat="12.979084" lon="77.640887" /><node id="412119404" timestamp="2026-04-01T21:47:50Z" uid="1" user="OSMnx" version="1" changeset="1" lat="12.970826" lon="77.6419" /><node id="421262977" timestamp="2026-04-01T21:47:50Z" uid="1" user="OSMnx" version="1" changeset="1" lat="12.975827" lon="77.646738" /><node id="421262997" timestamp="2026-04-01T21:47:50Z" uid="1" user="OSMnx" version="1" changeset="1" lat="12.976802" lon="77.645994" /><node id="421264364" timestamp="2026-04-01T21:47:50Z" uid="1" user="OSMnx" version="1" changeset="1" lat="12.978506" lon="77.64572" /><node id="421264365" timestamp="2026-04-01T21:47:50Z" uid="1" user="OSMnx" version="1" changeset="1" lat="12.974576" lon="77.64682" /><node id="421264366" timestamp="2026-04-01T21:47:50Z" uid="1" user="OSMnx" version="1" changeset="1" lat="12.977154" lon="77.640984" /><node id="421264367" timestamp="2026-04-01T21:47:50Z" uid="1" user="OSMnx" version="1" changeset="1" lat="12.973934" lon="77.643539" /><node id="421264368" timestamp="2026-04-01T21:47:50Z" uid="1" user="OSMnx" version="1" changeset="1" lat="12.973983" lon="77.645279" /><node id="421264369" timestamp="2026-04-01T21:47:50Z" uid="1" user="OSMnx" version="1" changeset="1" lat="12.975682" lon="77.642268" /><node id="421264370" timestamp="2026-04-01T21:47:50Z" uid="1" user="OSMnx" version="1" changeset="1" lat="12.975702" lon="77.642874" /><node id="421264372" timestamp="2026-04-01T21:47:50Z" uid="1" user="OSMnx" version="1" changeset="1" lat="12.976659" lon="77.641644" /><node id="421264373" timestamp="2026-04-01T21:47:50Z" uid="1" user="OSMnx" version="1" changeset="1" lat="12.976778" lon="77.645449" /><node id="421264374" timestamp="2026-04-01T21:47:50Z" uid="1" user="OSMnx" version="1" changeset="1" lat="12.977345" lon="77.646649" /><node id="421264375" timestamp="2026-04-01T21:47:50Z" uid="1" user="OSMnx" version="1" changeset="1" lat="12.977224" lon="77.642929" /><node id="421264376" timestamp="2026-04-01T21:47:50Z" uid="1" user="OSMnx" version="1" changeset="1" lat="12.977183" lon="77.641624" /><node id="421264378" timestamp="2026-04-01T21:47:50Z" uid="1" user="OSMnx" version="1" changeset="1" lat="12.977844" lon="77.645758" /><node id="421264380" timestamp="2026-04-01T21:47:50Z" uid="1" user="OSMnx" version="1" changeset="1" lat="12.975787" lon="77.645491" /><node id="421264381" timestamp="2026-04-01T21:47:50Z" uid="1" user="OSMnx" version="1" changeset="1" lat="12.973877" lon="77.641748" /><node id="421264385" timestamp="2026-04-01T21:47:50Z" uid="1" user="OSMnx" version="1" changeset="1" lat="12.978362" lon="77.641565" /><node id="421264386" timestamp="2026-04-01T21:47:50Z" uid="1" user="OSMnx" version="1" changeset="1" lat="12.978408" lon="77.642878" /><node id="421264387" timestamp="2026-04-01T21:47:50Z" uid="1" user="OSMnx" version="1" changeset="1" lat="12.978453" lon="77.644188" /><node id="421264394" timestamp="2026-04-01T21:47:50Z" uid="1" user="OSMnx" version="1" changeset="1" lat="12.974504" lon="77.645066" /><node id="421264395" timestamp="2026-04-01T21:47:50Z" uid="1" user="OSMnx" version="1" changeset="1" lat="12.97455" lon="77.646125" /><node id="421264396" timestamp="2026-04-01T21:47:50Z" uid="1" user="OSMnx" version="1" changeset="1" lat="12.975805" lon="77.646052" /><node id="421265107" timestamp="2026-04-01T21:47:50Z" uid="1" user="OSMnx" version="1" changeset="1" lat="12.979234" lon="77.645641" /><node id="421265108" timestamp="2026-04-01T21:47:50Z" uid="1" user="OSMnx" version="1" changeset="1" lat="12.979152" lon="77.643048" /><node id="421265109" timestamp="2026-04-01T21:47:50Z" uid="1" user="OSMnx" version="1" changeset="1" lat="12.979185" lon="77.644105" /><node id="421265110" timestamp="2026-04-01T21:47:50Z" uid="1" user="OSMnx" version="1" changeset="1" lat="12.97914" lon="77.642671" /><node id="421265112" timestamp="2026-04-01T21:47:50Z" uid="1" user="OSMnx" version="1" changeset="1" lat="12.97878" lon="77.642857" /><node id="423744833" timestamp="2026-04-01T21:47:50Z" uid="1" user="OSMnx" version="1" changeset="1" lat="12.973918" lon="77.643134" /><node id="423744834" timestamp="2026-04-01T21:47:50Z" uid="1" user="OSMnx" version="1" changeset="1" lat="12.973395" lon="77.643155" /><node id="423744839" timestamp="2026-04-01T21:47:50Z" uid="1" user="OSMnx" version="1" changeset="1" lat="12.97086" lon="77.643271" /><node id="423744840" timestamp="2026-04-01T21:47:50Z" uid="1" user="OSMnx" version="1" changeset="1" lat="12.970315" lon="77.643298" /><node id="423744841" timestamp="2026-04-01T21:47:50Z" uid="1" user="OSMnx" version="1" changeset="1" lat="12.975058" lon="77.643494" /><node id="423744842" timestamp="2026-04-01T21:47:50Z" uid="1" user="OSMnx" version="1" changeset="1" lat="12.975663" lon="77.641681" /><node id="423744886" timestamp="2026-04-01T21:47:50Z" uid="1" user="OSMnx" version="1" changeset="1" lat="12.97779" lon="77.644226" /><node id="423744887" timestamp="2026-04-01T21:47:50Z" uid="1" user="OSMnx" version="1" changeset="1" lat="12.9777" lon="77.641595" /><node id="423744889" timestamp="2026-04-01T21:47:50Z" uid="1" user="OSMnx" version="1" changeset="1" lat="12.977315" lon="77.645788" /><node id="423744890" timestamp="2026-04-01T21:47:50Z" uid="1" user="OSMnx" version="1" changeset="1" lat="12.97722" lon="77.642788" /><node id="423744891" timestamp="2026-04-01T21:47:50Z" uid="1" user="OSMnx" version="1" changeset="1" lat="12.977239" lon="77.643403" /><node id="423744892" timestamp="2026-04-01T21:47:50Z" uid="1" user="OSMnx" version="1" changeset="1" lat="12.977267" lon="77.644256" /><node id="423744893" timestamp="2026-04-01T21:47:50Z" uid="1" user="OSMnx" version="1" changeset="1" lat="12.976639" lon="77.641014" /><node id="423744894" timestamp="2026-04-01T21:47:50Z" uid="1" user="OSMnx" version="1" changeset="1" lat="12.976698" lon="77.642817" /><node id="423744895" timestamp="2026-04-01T21:47:50Z" uid="1" user="OSMnx" version="1" changeset="1" lat="12.976715" lon="77.643425" /><node id="423744896" timestamp="2026-04-01T21:47:50Z" uid="1" user="OSMnx" version="1" changeset="1" lat="12.975721" lon="77.643466" /><node id="423744897" timestamp="2026-04-01T21:47:50Z" uid="1" user="OSMnx" version="1" changeset="1" lat="12.974986" lon="77.641706" /><node id="423744898" timestamp="2026-04-01T21:47:50Z" uid="1" user="OSMnx" version="1" changeset="1" lat="12.974414" lon="77.641727" /><node id="423744899" timestamp="2026-04-01T21:47:50Z" uid="1" user="OSMnx" version="1" changeset="1" lat="12.974489" lon="77.643517" /><node id="423744900" timestamp="2026-04-01T21:47:50Z" uid="1" user="OSMnx" version="1" changeset="1" lat="12.975116" lon="77.644965" /><node id="423744919" timestamp="2026-04-01T21:47:50Z" uid="1" user="OSMnx" version="1" changeset="1" lat="12.975644" lon="77.641058" /><node id="423744929" timestamp="2026-04-01T21:47:50Z" uid="1" user="OSMnx" version="1" changeset="1" lat="12.975161" lon="77.646091" /><node id="448305147" timestamp="2026-04-01T21:47:50Z" uid="1" user="OSMnx" version="1" changeset="1" lat="12.973349" lon="77.641768" /><node id="448305148" timestamp="2026-04-01T21:47:50Z" uid="1" user="OSMnx" version="1" changeset="1" lat="12.973517" lon="77.64688" /><node id="448306386" timestamp="2026-04-01T21:47:50Z" uid="1" user="OSMnx" version="1" changeset="1" lat="12.97207" lon="77.643222" /><node id="448306390" timestamp="2026-04-01T21:47:50Z" uid="1" user="OSMnx" version="1" changeset="1" lat="12.972034" lon="77.641835" /><node id="448306395" timestamp="2026-04-01T21:47:50Z" uid="1" user="OSMnx" version="1" changeset="1" lat="12.972019" lon="77.641239" /><node id="448306746" timestamp="2026-04-01T21:47:50Z" uid="1" user="OSMnx" version="1" changeset="1" lat="12.970838" lon="77.642396" /><node id="448306747" timestamp="2026-04-01T21:47:50Z" uid="1" user="OSMnx" version="1" changeset="1" lat="12.97085" lon="77.642847" /><node id="448306748" timestamp="2026-04-01T21:47:50Z" uid="1" user="OSMnx" version="1" changeset="1" lat="12.97338" lon="77.642699" /><node id="448306749" timestamp="2026-04-01T21:47:50Z" uid="1" user="OSMnx" version="1" changeset="1" lat="12.973366" lon="77.64228" /><node id="448306750" timestamp="2026-04-01T21:47:50Z" uid="1" user="OSMnx" version="1" changeset="1" lat="12.972047" lon="77.642349" /><node id="448306751" timestamp="2026-04-01T21:47:50Z" uid="1" user="OSMnx" version="1" changeset="1" lat="12.972058" lon="77.642774" /><node id="448307449" timestamp="2026-04-01T21:47:50Z" uid="1" user="OSMnx" version="1" changeset="1" lat="12.97259" lon="77.643204" /><node id="448307453" timestamp="2026-04-01T21:47:50Z" uid="1" user="OSMnx" version="1" changeset="1" lat="12.970904" lon="77.644959" /><node id="448307454" timestamp="2026-04-01T21:47:50Z" uid="1" user="OSMnx" version="1" changeset="1" lat="12.97345" lon="77.64484" /><node id="448307457" timestamp="2026-04-01T21:47:50Z" uid="1" user="OSMnx" version="1" changeset="1" lat="12.971687" lon="77.644925" /><node id="448307458" timestamp="2026-04-01T21:47:50Z" uid="1" user="OSMnx" version="1" changeset="1" lat="12.972655" lon="77.644884" /><node id="448308010" timestamp="2026-04-01T21:47:50Z" uid="1" user="OSMnx" version="1" changeset="1" lat="12.973977" lon="77.644823" /><node id="470899603" timestamp="2026-04-01T21:47:50Z" uid="1" user="OSMnx" version="1" changeset="1" lat="12.974504" lon="77.643886" /><node id="478413769" timestamp="2026-04-01T21:47:50Z" uid="1" user="OSMnx" version="1" changeset="1" lat="12.976677" lon="77.642225" /><node id="478415543" timestamp="2026-04-01T21:47:50Z" uid="1" user="OSMnx" version="1" changeset="1" lat="12.971646" lon="77.643236" /><node id="486964297" timestamp="2026-04-01T21:47:50Z" uid="1" user="OSMnx" version="1" changeset="1" lat="12.97034" lon="77.644098" /><node id="491866469" timestamp="2026-04-01T21:47:50Z" uid="1" user="OSMnx" version="1" changeset="1" lat="12.968761" lon="77.648744" /><node id="491866470" timestamp="2026-04-01T21:47:50Z" uid="1" user="OSMnx" version="1" changeset="1" lat="12.969228" lon="77.648853" /><node id="491866474" timestamp="2026-04-01T21:47:50Z" uid="1" user="OSMnx" version="1" changeset="1" lat="12.971954" lon="77.649097" /><node id="491866517" timestamp="2026-04-01T21:47:50Z" uid="1" user="OSMnx" version="1" changeset="1" lat="12.972018" lon="77.64995" /><node id="491866519" timestamp="2026-04-01T21:47:50Z" uid="1" user="OSMnx" version="1" changeset="1" lat="12.97218" lon="77.650727" /><node id="736207255" timestamp="2026-04-01T21:47:50Z" uid="1" user="OSMnx" version="1" changeset="1" lat="12.983152" lon="77.638184" /><node id="736207324" timestamp="2026-04-01T21:47:50Z" uid="1" user="OSMnx" version="1" changeset="1" lat="12.980757" lon="77.640119" /><node id="736207362" timestamp="2026-04-01T21:47:50Z" uid="1" user="OSMnx" version="1" changeset="1" lat="12.981613" lon="77.640086" /><node id="736207379" timestamp="2026-04-01T21:47:50Z" uid="1" user="OSMnx" version="1" changeset="1" lat="12.982792" lon="77.638201" /><node id="736207509" timestamp="2026-04-01T21:47:50Z" uid="1" user="OSMnx" version="1" changeset="1" lat="12.982326" lon="77.638672" /><node id="736207511" timestamp="2026-04-01T21:47:50Z" uid="1" user="OSMnx" version="1" changeset="1" lat="12.9823" lon="77.638224" /><node id="736207529" timestamp="2026-04-01T21:47:50Z" uid="1" user="OSMnx" version="1" changeset="1" lat="12.980756" lon="77.63965" /><node id="736207543" timestamp="2026-04-01T21:47:50Z" uid="1" user="OSMnx" version="1" changeset="1" lat="12.980755" lon="77.639199" /><node id="736207552" timestamp="2026-04-01T21:47:50Z" uid="1" user="OSMnx" version="1" changeset="1" lat="12.98155" lon="77.639172" /><node id="736207577" timestamp="2026-04-01T21:47:50Z" uid="1" user="OSMnx" version="1" changeset="1" lat="12.982406" lon="77.640056" /><node id="736207607" timestamp="2026-04-01T21:47:50Z" uid="1" user="OSMnx" version="1" changeset="1" lat="12.982923" lon="77.640576" /><node id="736207620" timestamp="2026-04-01T21:47:50Z" uid="1" user="OSMnx" version="1" changeset="1" lat="12.982353" lon="77.639141" /><node id="736207640" timestamp="2026-04-01T21:47:50Z" uid="1" user="OSMnx" version="1" changeset="1" lat="12.982437" lon="77.640593" /><node id="960504303" timestamp="2026-04-01T21:47:50Z" uid="1" user="OSMnx" version="1" changeset="1" lat="12.968855" lon="77.648068" /><node id="1317176280" timestamp="2026-04-01T21:47:50Z" uid="1" user="OSMnx" version="1" changeset="1" lat="12.970991" lon="77.647976" /><node id="1317176299" timestamp="2026-04-01T21:47:50Z" uid="1" user="OSMnx" version="1" changeset="1" lat="12.971253" lon="77.649447" /><node id="1317176300" timestamp="2026-04-01T21:47:50Z" uid="1" user="OSMnx" version="1" changeset="1" lat="12.971492" lon="77.650782" /><node id="1328155425" timestamp="2026-04-01T21:47:50Z" uid="1" user="OSMnx" version="1" changeset="1" lat="12.96843" lon="77.650427" /><node id="1328155427" timestamp="2026-04-01T21:47:50Z" uid="1" user="OSMnx" version="1" changeset="1" lat="12.971879" lon="77.65075" /><node id="1328155440" timestamp="2026-04-01T21:47:50Z" uid="1" user="OSMnx" version="1" changeset="1" lat="12.970358" lon="77.650878" /><node id="1328610664" timestamp="2026-04-01T21:47:50Z" uid="1" user="OSMnx" version="1" changeset="1" lat="12.981133" lon="77.647058" /><node id="1336840359" timestamp="2026-04-01T21:47:50Z" uid="1" user="OSMnx" version="1" changeset="1" lat="12.968525" lon="77.650078" /><node id="1336840409" timestamp="2026-04-01T21:47:50Z" uid="1" user="OSMnx" version="1" changeset="1" lat="12.969996" lon="77.65046" /><node id="1336840471" timestamp="2026-04-01T21:47:50Z" uid="1" user="OSMnx" version="1" changeset="1" lat="12.969984" lon="77.650127" /><node id="1339408083" timestamp="2026-04-01T21:47:50Z" uid="1" user="OSMnx" version="1" changeset="1" lat="12.969714" lon="77.649408" /><node id="1339408095" timestamp="2026-04-01T21:47:50Z" uid="1" user="OSMnx" version="1" changeset="1" lat="12.969708" lon="77.649204" /><node id="1339408101" timestamp="2026-04-01T21:47:50Z" uid="1" user="OSMnx" version="1" changeset="1" lat="12.969043" lon="77.649941" /><node id="1339408130" timestamp="2026-04-01T21:47:50Z" uid="1" user="OSMnx" version="1" changeset="1" lat="12.968995" lon="77.650224" /><node id="1339408148" timestamp="2026-04-01T21:47:50Z" uid="1" user="OSMnx" version="1" changeset="1" lat="12.97097" lon="77.650826" /><node id="1339408165" timestamp="2026-04-01T21:47:50Z" uid="1" user="OSMnx" version="1" changeset="1" lat="12.97065" lon="77.650853" /><node id="1339408186" timestamp="2026-04-01T21:47:50Z" uid="1" user="OSMnx" version="1" changeset="1" lat="12.969735" lon="77.65008" /><node id="1339408212" timestamp="2026-04-01T21:47:50Z" uid="1" user="OSMnx" version="1" changeset="1" lat="12.969186" lon="77.649097" /><node id="1420066803" timestamp="2026-04-01T21:47:50Z" uid="1" user="OSMnx" version="1" changeset="1" lat="12.969778" lon="77.647572" /><node id="1420066813" timestamp="2026-04-01T21:47:50Z" uid="1" user="OSMnx" version="1" changeset="1" lat="12.97036" lon="77.644974" /><node id="1462139757" timestamp="2026-04-01T21:47:50Z" uid="1" user="OSMnx" version="1" changeset="1" lat="12.979981" lon="77.640849" /><node id="1462139759" timestamp="2026-04-01T21:47:50Z" uid="1" user="OSMnx" version="1" changeset="1" lat="12.980905" lon="77.64427" /><node id="1462139760" timestamp="2026-04-01T21:47:50Z" uid="1" user="OSMnx" version="1" changeset="1" lat="12.981934" lon="77.641371" /><node id="1462139764" timestamp="2026-04-01T21:47:50Z" uid="1" user="OSMnx" version="1" changeset="1" lat="12.979197" lon="77.644475" /><node id="1462139766" timestamp="2026-04-01T21:47:50Z" uid="1" user="OSMnx" version="1" changeset="1" lat="12.980971" lon="77.643904" /><node id="1462139769" timestamp="2026-04-01T21:47:50Z" uid="1" user="OSMnx" version="1" changeset="1" lat="12.98" lon="77.641404" /><node id="1500356589" timestamp="2026-04-01T21:47:50Z" uid="1" user="OSMnx" version="1" changeset="1" lat="12.971454" lon="77.650569" /><node id="1500356591" timestamp="2026-04-01T21:47:50Z" uid="1" user="OSMnx" version="1" changeset="1" lat="12.970246" lon="77.648979" /><node id="1500356593" timestamp="2026-04-01T21:47:50Z" uid="1" user="OSMnx" version="1" changeset="1" lat="12.971935" lon="77.649544" /><node id="1500356596" timestamp="2026-04-01T21:47:50Z" uid="1" user="OSMnx" version="1" changeset="1" lat="12.970388" lon="77.648085" /><node id="1500356611" timestamp="2026-04-01T21:47:50Z" uid="1" user="OSMnx" version="1" changeset="1" lat="12.971181" lon="77.649044" /><node id="1500356614" timestamp="2026-04-01T21:47:50Z" uid="1" user="OSMnx" version="1" changeset="1" lat="12.97054" lon="77.649012" /><node id="1500356616" timestamp="2026-04-01T21:47:50Z" uid="1" user="OSMnx" version="1" changeset="1" lat="12.96995" lon="77.648944" /><node id="1500356621" timestamp="2026-04-01T21:47:50Z" uid="1" user="OSMnx" version="1" changeset="1" lat="12.970346" lon="77.65033" /><node id="1500356623" timestamp="2026-04-01T21:47:50Z" uid="1" user="OSMnx" version="1" changeset="1" lat="12.970621" lon="77.650383" /><node id="1500356625" timestamp="2026-04-01T21:47:50Z" uid="1" user="OSMnx" version="1" changeset="1" lat="12.969987" lon="77.650269" /><node id="1500723968" timestamp="2026-04-01T21:47:50Z" uid="1" user="OSMnx" version="1" changeset="1" lat="12.971274" lon="77.650801" /><node id="1500723973" timestamp="2026-04-01T21:47:50Z" uid="1" user="OSMnx" version="1" changeset="1" lat="12.971584" lon="77.650775" /><node id="1500723974" timestamp="2026-04-01T21:47:50Z" uid="1" user="OSMnx" version="1" changeset="1" lat="12.971628" lon="77.649501" /><node id="1500736131" timestamp="2026-04-01T21:47:50Z" uid="1" user="OSMnx" version="1" changeset="1" lat="12.969317" lon="77.648327" /><node id="1500736132" timestamp="2026-04-01T21:47:50Z" uid="1" user="OSMnx" version="1" changeset="1" lat="12.972486" lon="77.647643" /><node id="1500741746" timestamp="2026-04-01T21:47:50Z" uid="1" user="OSMnx" version="1" changeset="1" lat="12.971128" lon="77.648745" /><node id="1500741747" timestamp="2026-04-01T21:47:50Z" uid="1" user="OSMnx" version="1" changeset="1" lat="12.972283" lon="77.648197" /><node id="1500741749" timestamp="2026-04-01T21:47:50Z" uid="1" user="OSMnx" version="1" changeset="1" lat="12.971069" lon="77.648413" /><node id="1500741750" timestamp="2026-04-01T21:47:50Z" uid="1" user="OSMnx" version="1" changeset="1" lat="12.972058" lon="77.648776" /><node id="1500742635" timestamp="2026-04-01T21:47:50Z" uid="1" user="OSMnx" version="1" changeset="1" lat="12.972442" lon="77.645594" /><node id="1500742637" timestamp="2026-04-01T21:47:50Z" uid="1" user="OSMnx" version="1" changeset="1" lat="12.972671" lon="77.646003" /><node id="1563301976" timestamp="2026-04-01T21:47:50Z" uid="1" user="OSMnx" version="1" changeset="1" lat="12.980205" lon="77.647059" /><node id="1563301979" timestamp="2026-04-01T21:47:50Z" uid="1" user="OSMnx" version="1" changeset="1" lat="12.980487" lon="77.647663" /><node id="1563301981" timestamp="2026-04-01T21:47:50Z" uid="1" user="OSMnx" version="1" changeset="1" lat="12.980209" lon="77.647652" /><node id="1563301989" timestamp="2026-04-01T21:47:50Z" uid="1" user="OSMnx" version="1" changeset="1" lat="12.980099" lon="77.644367" /><node id="1563301990" timestamp="2026-04-01T21:47:50Z" uid="1" user="OSMnx" version="1" changeset="1" lat="12.980982" lon="77.645473" /><node id="1563301992" timestamp="2026-04-01T21:47:50Z" uid="1" user="OSMnx" version="1" changeset="1" lat="12.980183" lon="77.645536" /><node id="1563301999" timestamp="2026-04-01T21:47:50Z" uid="1" user="OSMnx" version="1" changeset="1" lat="12.980494" lon="77.647058" /><node id="1563306444" timestamp="2026-04-01T21:47:50Z" uid="1" user="OSMnx" version="1" changeset="1" lat="12.982121" lon="77.645824" /><node id="1563309904" timestamp="2026-04-01T21:47:50Z" uid="1" user="OSMnx" version="1" changeset="1" lat="12.981556" lon="77.644208" /><node id="1563309905" timestamp="2026-04-01T21:47:50Z" uid="1" user="OSMnx" version="1" changeset="1" lat="12.982341" lon="77.641392" /><node id="1563309909" timestamp="2026-04-01T21:47:50Z" uid="1" user="OSMnx" version="1" changeset="1" lat="12.981727" lon="77.643318" /><node id="1563314088" timestamp="2026-04-01T21:47:50Z" uid="1" user="OSMnx" version="1" changeset="1" lat="12.981476" lon="77.643204" /><node id="1563314094" timestamp="2026-04-01T21:47:50Z" uid="1" user="OSMnx" version="1" changeset="1" lat="12.982034" lon="77.641374" /><node id="1563314096" timestamp="2026-04-01T21:47:50Z" uid="1" user="OSMnx" version="1" changeset="1" lat="12.981242" lon="77.644234" /><node id="1563314098" timestamp="2026-04-01T21:47:50Z" uid="1" user="OSMnx" version="1" changeset="1" lat="12.981176" lon="77.643077" /><node id="1563316282" timestamp="2026-04-01T21:47:50Z" uid="1" user="OSMnx" version="1" changeset="1" lat="12.981751" lon="77.645133" /><node id="1563316284" timestamp="2026-04-01T21:47:50Z" uid="1" user="OSMnx" version="1" changeset="1" lat="12.980073" lon="77.644005" /><node id="1756917762" timestamp="2026-04-01T21:47:50Z" uid="1" user="OSMnx" version="1" changeset="1" lat="12.980046" lon="77.643626" /><node id="1756917763" timestamp="2026-04-01T21:47:50Z" uid="1" user="OSMnx" version="1" changeset="1" lat="12.979172" lon="77.643712" /><node id="1758230707" timestamp="2026-04-01T21:47:50Z" uid="1" user="OSMnx" version="1" changeset="1" lat="12.970473" lon="77.648555" /><node id="1763359261" timestamp="2026-04-01T21:47:50Z" uid="1" user="OSMnx" version="1" changeset="1" lat="12.970376" lon="77.645557" /><node id="1768672378" timestamp="2026-04-01T21:47:50Z" uid="1" user="OSMnx" version="1" changeset="1" lat="12.981389" lon="77.647387" /><node id="1842455497" timestamp="2026-04-01T21:47:50Z" uid="1" user="OSMnx" version="1" changeset="1" lat="12.970921" lon="77.645642" /><node id="1842455499" timestamp="2026-04-01T21:47:50Z" uid="1" user="OSMnx" version="1" changeset="1" lat="12.97094" lon="77.646376" /><node id="1842455501" timestamp="2026-04-01T21:47:50Z" uid="1" user="OSMnx" version="1" changeset="1" lat="12.971422" lon="77.645623" /><node id="1842455503" timestamp="2026-04-01T21:47:50Z" uid="1" user="OSMnx" version="1" changeset="1" lat="12.971428" lon="77.646111" /><node id="1842455520" timestamp="2026-04-01T21:47:50Z" uid="1" user="OSMnx" version="1" changeset="1" lat="12.971682" lon="77.646302" /><node id="1842455522" timestamp="2026-04-01T21:47:50Z" uid="1" user="OSMnx" version="1" changeset="1" lat="12.971973" lon="77.646306" /><node id="1842455524" timestamp="2026-04-01T21:47:50Z" uid="1" user="OSMnx" version="1" changeset="1" lat="12.97199" lon="77.647082" /><node id="1842455527" timestamp="2026-04-01T21:47:50Z" uid="1" user="OSMnx" version="1" changeset="1" lat="12.972217" lon="77.646181" /><node id="1842455528" timestamp="2026-04-01T21:47:50Z" uid="1" user="OSMnx" version="1" changeset="1" lat="12.972278" lon="77.647012" /><node id="1842455529" timestamp="2026-04-01T21:47:50Z" uid="1" user="OSMnx" version="1" changeset="1" lat="12.972413" lon="77.645781" /><node id="1842455530" timestamp="2026-04-01T21:47:50Z" uid="1" user="OSMnx" version="1" changeset="1" lat="12.972471" lon="77.646181" /><node id="1842455531" timestamp="2026-04-01T21:47:50Z" uid="1" user="OSMnx" version="1" changeset="1" lat="12.972428" lon="77.646982" /><node id="1842455533" timestamp="2026-04-01T21:47:50Z" uid="1" user="OSMnx" version="1" changeset="1" lat="12.973055" lon="77.64552" /><node id="1842455534" timestamp="2026-04-01T21:47:50Z" uid="1" user="OSMnx" version="1" changeset="1" lat="12.973072" lon="77.645986" /><node id="1842455535" timestamp="2026-04-01T21:47:50Z" uid="1" user="OSMnx" version="1" changeset="1" lat="12.97346" lon="77.645192" /><node id="1842455536" timestamp="2026-04-01T21:47:50Z" uid="1" user="OSMnx" version="1" changeset="1" lat="12.973468" lon="77.645489" /><node id="2268586300" timestamp="2026-04-01T21:47:50Z" uid="1" user="OSMnx" version="1" changeset="1" lat="12.979127" lon="77.642228" /><node id="2268586310" timestamp="2026-04-01T21:47:50Z" uid="1" user="OSMnx" version="1" changeset="1" lat="12.979728" lon="77.645586" /><node id="2268586318" timestamp="2026-04-01T21:47:50Z" uid="1" user="OSMnx" version="1" changeset="1" lat="12.980116" lon="77.644608" /><node id="2268586320" timestamp="2026-04-01T21:47:50Z" uid="1" user="OSMnx" version="1" changeset="1" lat="12.980194" lon="77.646244" /><node id="2268586322" timestamp="2026-04-01T21:47:50Z" uid="1" user="OSMnx" version="1" changeset="1" lat="12.980495" lon="77.647342" /><node id="2268586324" timestamp="2026-04-01T21:47:50Z" uid="1" user="OSMnx" version="1" changeset="1" lat="12.980975" lon="77.64607" /><node id="2268586326" timestamp="2026-04-01T21:47:50Z" uid="1" user="OSMnx" version="1" changeset="1" lat="12.981115" lon="77.647665" /><node id="2268586328" timestamp="2026-04-01T21:47:50Z" uid="1" user="OSMnx" version="1" changeset="1" lat="12.981109" lon="77.647366" /><node id="2268586334" timestamp="2026-04-01T21:47:50Z" uid="1" user="OSMnx" version="1" changeset="1" lat="12.983468" lon="77.64554" /><node id="3152690637" timestamp="2026-04-01T21:47:50Z" uid="1" user="OSMnx" version="1" changeset="1" lat="12.98118" lon="77.646554" /><node id="3352035440" timestamp="2026-04-01T21:47:50Z" uid="1" user="OSMnx" version="1" changeset="1" lat="12.982266" lon="77.637627" /><node id="3352035441" timestamp="2026-04-01T21:47:50Z" uid="1" user="OSMnx" version="1" changeset="1" lat="12.982879" lon="77.63745"><tag k="highway" v="traffic_signals" /></node><node id="3369884080" timestamp="2026-04-01T21:47:50Z" uid="1" user="OSMnx" version="1" changeset="1" lat="12.977321" lon="77.645964" /><node id="3369884089" timestamp="2026-04-01T21:47:50Z" uid="1" user="OSMnx" version="1" changeset="1" lat="12.978503" lon="77.642873" /><node id="3369884090" timestamp="2026-04-01T21:47:50Z" uid="1" user="OSMnx" version="1" changeset="1" lat="12.978548" lon="77.644178" /><node id="3369884091" timestamp="2026-04-01T21:47:50Z" uid="1" user="OSMnx" version="1" changeset="1" lat="12.97859" lon="77.645712" /><node id="3369913191" timestamp="2026-04-01T21:47:50Z" uid="1" user="OSMnx" version="1" changeset="1" lat="12.982748" lon="77.637503" /><node id="3370055425" timestamp="2026-04-01T21:47:50Z" uid="1" user="OSMnx" version="1" changeset="1" lat="12.981569" lon="77.63944" /><node id="3370055428" timestamp="2026-04-01T21:47:50Z" uid="1" user="OSMnx" version="1" changeset="1" lat="12.981971" lon="77.639413" /><node id="3370055430" timestamp="2026-04-01T21:47:50Z" uid="1" user="OSMnx" version="1" changeset="1" lat="12.982368" lon="77.639401" /><node id="3370171491" timestamp="2026-04-01T21:47:50Z" uid="1" user="OSMnx" version="1" changeset="1" lat="12.981583" lon="77.639651" /><node id="3370175096" timestamp="2026-04-01T21:47:50Z" uid="1" user="OSMnx" version="1" changeset="1" lat="12.98195" lon="77.639157" /><node id="3370175097" timestamp="2026-04-01T21:47:50Z" uid="1" user="OSMnx" version="1" changeset="1" lat="12.981988" lon="77.639626" /><node id="3370175098" timestamp="2026-04-01T21:47:50Z" uid="1" user="OSMnx" version="1" changeset="1" lat="12.98238" lon="77.639607" /><node id="3370456519" timestamp="2026-04-01T21:47:50Z" uid="1" user="OSMnx" version="1" changeset="1" lat="12.973122" lon="77.64698" /><node id="3370456520" timestamp="2026-04-01T21:47:50Z" uid="1" user="OSMnx" version="1" changeset="1" lat="12.974035" lon="77.646746" /><node id="3370456525" timestamp="2026-04-01T21:47:50Z" uid="1" user="OSMnx" version="1" changeset="1" lat="12.981155" lon="77.646102" /><node id="3384284847" timestamp="2026-04-01T21:47:50Z" uid="1" user="OSMnx" version="1" changeset="1" lat="12.983362" lon="77.641766" /><node id="3384284869" timestamp="2026-04-01T21:47:50Z" uid="1" user="OSMnx" version="1" changeset="1" lat="12.98383" lon="77.641399" /><node id="3384284888" timestamp="2026-04-01T21:47:50Z" uid="1" user="OSMnx" version="1" changeset="1" lat="12.98391" lon="77.641874" /><node id="3384288941" timestamp="2026-04-01T21:47:50Z" uid="1" user="OSMnx" version="1" changeset="1" lat="12.984291" lon="77.641341" /><node id="3387828981" timestamp="2026-04-01T21:47:50Z" uid="1" user="OSMnx" version="1" changeset="1" lat="12.979409" lon="77.642218" /><node id="3387829500" timestamp="2026-04-01T21:47:50Z" uid="1" user="OSMnx" version="1" changeset="1" lat="12.980106" lon="77.645545" /><node id="3389131729" timestamp="2026-04-01T21:47:50Z" uid="1" user="OSMnx" version="1" changeset="1" lat="12.983724" lon="77.64094" /><node id="3506426909" timestamp="2026-04-01T21:47:50Z" uid="1" user="OSMnx" version="1" changeset="1" lat="12.977747" lon="77.642902" /><node id="3530536223" timestamp="2026-04-01T21:47:50Z" uid="1" user="OSMnx" version="1" changeset="1" lat="12.96908" lon="77.649726" /><node id="3530536224" timestamp="2026-04-01T21:47:50Z" uid="1" user="OSMnx" version="1" changeset="1" lat="12.969118" lon="77.6495" /><node id="3530536225" timestamp="2026-04-01T21:47:50Z" uid="1" user="OSMnx" version="1" changeset="1" lat="12.969721" lon="77.64964" /><node id="3530536226" timestamp="2026-04-01T21:47:50Z" uid="1" user="OSMnx" version="1" changeset="1" lat="12.969728" lon="77.64985" /><node id="3530536227" timestamp="2026-04-01T21:47:50Z" uid="1" user="OSMnx" version="1" changeset="1" lat="12.970586" lon="77.649333" /><node id="3530536228" timestamp="2026-04-01T21:47:50Z" uid="1" user="OSMnx" version="1" changeset="1" lat="12.970595" lon="77.649658" /><node id="3530536229" timestamp="2026-04-01T21:47:50Z" uid="1" user="OSMnx" version="1" changeset="1" lat="12.970606" lon="77.64996" /><node id="3530536230" timestamp="2026-04-01T21:47:50Z" uid="1" user="OSMnx" version="1" changeset="1" lat="12.971354" lon="77.650011" /><node id="3530536231" timestamp="2026-04-01T21:47:50Z" uid="1" user="OSMnx" version="1" changeset="1" lat="12.971238" lon="77.649359" /><node id="3530536232" timestamp="2026-04-01T21:47:50Z" uid="1" user="OSMnx" version="1" changeset="1" lat="12.9713" lon="77.649709" /><node id="3563294493" timestamp="2026-04-01T21:47:50Z" uid="1" user="OSMnx" version="1" changeset="1" lat="12.979992" lon="77.64117" /><node id="3563294494" timestamp="2026-04-01T21:47:50Z" uid="1" user="OSMnx" version="1" changeset="1" lat="12.979096" lon="77.641257" /><node id="3706026737" timestamp="2026-04-01T21:47:50Z" uid="1" user="OSMnx" version="1" changeset="1" lat="12.971244" lon="77.646378" /><node id="3726120778" timestamp="2026-04-01T21:47:50Z" uid="1" user="OSMnx" version="1" changeset="1" lat="12.983804" lon="77.639689" /><node id="3726120783" timestamp="2026-04-01T21:47:50Z" uid="1" user="OSMnx" version="1" changeset="1" lat="12.984112" lon="77.639669" /><node id="3726150980" timestamp="2026-04-01T21:47:50Z" uid="1" user="OSMnx" version="1" changeset="1" lat="12.98002" lon="77.642017" /><node id="3887138916" timestamp="2026-04-01T21:47:50Z" uid="1" user="OSMnx" version="1" changeset="1" lat="12.970914" lon="77.645353" /><node id="3887138936" timestamp="2026-04-01T21:47:50Z" uid="1" user="OSMnx" version="1" changeset="1" lat="12.971694" lon="77.645313" /><node id="3887138937" timestamp="2026-04-01T21:47:50Z" uid="1" user="OSMnx" version="1" changeset="1" lat="12.972286" lon="77.645289" /><node id="4101591489" timestamp="2026-04-01T21:47:50Z" uid="1" user="OSMnx" version="1" changeset="1" lat="12.981285" lon="77.642843" /><node id="4202330449" timestamp="2026-04-01T21:47:50Z" uid="1" user="OSMnx" version="1" changeset="1" lat="12.972607" lon="77.643654" /><node id="4202330450" timestamp="2026-04-01T21:47:50Z" uid="1" user="OSMnx" version="1" changeset="1" lat="12.972638" lon="77.644437" /><node id="4202330453" timestamp="2026-04-01T21:47:50Z" uid="1" user="OSMnx" version="1" changeset="1" lat="12.972979" lon="77.643636" /><node id="4202330456" timestamp="2026-04-01T21:47:50Z" uid="1" user="OSMnx" version="1" changeset="1" lat="12.973016" lon="77.644412" /><node id="4202330457" timestamp="2026-04-01T21:47:50Z" uid="1" user="OSMnx" version="1" changeset="1" lat="12.97341" lon="77.643616" /><node id="4202330458" timestamp="2026-04-01T21:47:50Z" uid="1" user="OSMnx" version="1" changeset="1" lat="12.973435" lon="77.644385" /><node id="4202336813" timestamp="2026-04-01T21:47:50Z" uid="1" user="OSMnx" version="1" changeset="1" lat="12.970871" lon="77.643687" /><node id="4202336814" timestamp="2026-04-01T21:47:50Z" uid="1" user="OSMnx" version="1" changeset="1" lat="12.970893" lon="77.644545" /><node id="4202336815" timestamp="2026-04-01T21:47:50Z" uid="1" user="OSMnx" version="1" changeset="1" lat="12.971658" lon="77.643673" /><node id="4202336816" timestamp="2026-04-01T21:47:50Z" uid="1" user="OSMnx" version="1" changeset="1" lat="12.971676" lon="77.644518" /><node id="4333461579" timestamp="2026-04-01T21:47:50Z" uid="1" user="OSMnx" version="1" changeset="1" lat="12.981182" lon="77.646498" /><node id="4333461582" timestamp="2026-04-01T21:47:50Z" uid="1" user="OSMnx" version="1" changeset="1" lat="12.98116" lon="77.646833" /><node id="4333461584" timestamp="2026-04-01T21:47:50Z" uid="1" user="OSMnx" version="1" changeset="1" lat="12.980792" lon="77.646816" /><node id="4386562995" timestamp="2026-04-01T21:47:50Z" uid="1" user="OSMnx" version="1" changeset="1" lat="12.981234" lon="77.644496" /><node id="4386562996" timestamp="2026-04-01T21:47:50Z" uid="1" user="OSMnx" version="1" changeset="1" lat="12.981234" lon="77.64465" /><node id="4386562999" timestamp="2026-04-01T21:47:50Z" uid="1" user="OSMnx" version="1" changeset="1" lat="12.982097" lon="77.645592" /><node id="4386563000" timestamp="2026-04-01T21:47:50Z" uid="1" user="OSMnx" version="1" changeset="1" lat="12.982271" lon="77.644734" /><node id="4386563001" timestamp="2026-04-01T21:47:50Z" uid="1" user="OSMnx" version="1" changeset="1" lat="12.982412" lon="77.645763" /><node id="4467762320" timestamp="2026-04-01T21:47:50Z" uid="1" user="OSMnx" version="1" changeset="1" lat="12.981569" lon="77.644445" /><node id="4474675120" timestamp="2026-04-01T21:47:50Z" uid="1" user="OSMnx" version="1" changeset="1" lat="12.980492" lon="77.647519" /><node id="4474675121" timestamp="2026-04-01T21:47:50Z" uid="1" user="OSMnx" version="1" changeset="1" lat="12.980556" lon="77.646434" /><node id="4474675122" timestamp="2026-04-01T21:47:50Z" uid="1" user="OSMnx" version="1" changeset="1" lat="12.980563" lon="77.646789" /><node id="4474675127" timestamp="2026-04-01T21:47:50Z" uid="1" user="OSMnx" version="1" changeset="1" lat="12.981108" lon="77.647568" /><node id="4474675140" timestamp="2026-04-01T21:47:50Z" uid="1" user="OSMnx" version="1" changeset="1" lat="12.98138" lon="77.647649" /><node id="4474692831" timestamp="2026-04-01T21:47:50Z" uid="1" user="OSMnx" version="1" changeset="1" lat="12.969152" lon="77.649298" /><node id="4474692928" timestamp="2026-04-01T21:47:50Z" uid="1" user="OSMnx" version="1" changeset="1" lat="12.969958" lon="77.649218" /><node id="4725358883" timestamp="2026-04-01T21:47:50Z" uid="1" user="OSMnx" version="1" changeset="1" lat="12.972807" lon="77.645536" /><node id="5164915353" timestamp="2026-04-01T21:47:50Z" uid="1" user="OSMnx" version="1" changeset="1" lat="12.980822" lon="77.645021" /><node id="5164915354" timestamp="2026-04-01T21:47:50Z" uid="1" user="OSMnx" version="1" changeset="1" lat="12.98015" lon="77.645075" /><node id="5251934694" timestamp="2026-04-01T21:47:50Z" uid="1" user="OSMnx" version="1" changeset="1" lat="12.971688" lon="77.64677" /><node id="5251934695" timestamp="2026-04-01T21:47:50Z" uid="1" user="OSMnx" version="1" changeset="1" lat="12.970951" lon="77.646796" /><node id="5336663607" timestamp="2026-04-01T21:47:50Z" uid="1" user="OSMnx" version="1" changeset="1" lat="12.980791" lon="77.645474" /><node id="5336663608" timestamp="2026-04-01T21:47:50Z" uid="1" user="OSMnx" version="1" changeset="1" lat="12.980795" lon="77.64611" /><node id="5375145474" timestamp="2026-04-01T21:47:50Z" uid="1" user="OSMnx" version="1" changeset="1" lat="12.981271" lon="77.641378" /><node id="5469373779" timestamp="2026-04-01T21:47:50Z" uid="1" user="OSMnx" version="1" changeset="1" lat="12.980813" lon="77.644901" /><node id="5469373780" timestamp="2026-04-01T21:47:50Z" uid="1" user="OSMnx" version="1" changeset="1" lat="12.981195" lon="77.64491" /><node id="5469373781" timestamp="2026-04-01T21:47:50Z" uid="1" user="OSMnx" version="1" changeset="1" lat="12.981609" lon="77.644942" /><node id="5573418680" timestamp="2026-04-01T21:47:50Z" uid="1" user="OSMnx" version="1" changeset="1" lat="12.982719" lon="77.645691" /><node id="6133955228" timestamp="2026-04-01T21:47:50Z" uid="1" user="OSMnx" version="1" changeset="1" lat="12.969434" lon="77.647637" /><node id="6136526267" timestamp="2026-04-01T21:47:50Z" uid="1" user="OSMnx" version="1" changeset="1" lat="12.972703" lon="77.647009" /><node id="6137935141" timestamp="2026-04-01T21:47:50Z" uid="1" user="OSMnx" version="1" changeset="1" lat="12.977871" lon="77.646701" /><node id="6137935142" timestamp="2026-04-01T21:47:50Z" uid="1" user="OSMnx" version="1" changeset="1" lat="12.977869" lon="77.646626" /><node id="6197065811" timestamp="2026-04-01T21:47:50Z" uid="1" user="OSMnx" version="1" changeset="1" lat="12.970912" lon="77.650448" /><node id="6197065812" timestamp="2026-04-01T21:47:50Z" uid="1" user="OSMnx" version="1" changeset="1" lat="12.9709" lon="77.649979" /><node id="6424016578" timestamp="2026-04-01T21:47:50Z" uid="1" user="OSMnx" version="1" changeset="1" lat="12.971066" lon="77.649991" /><node id="6424016579" timestamp="2026-04-01T21:47:50Z" uid="1" user="OSMnx" version="1" changeset="1" lat="12.971088" lon="77.650487" /><node id="6426357731" timestamp="2026-04-01T21:47:50Z" uid="1" user="OSMnx" version="1" changeset="1" lat="12.970668" lon="77.648036" /><node id="6426357732" timestamp="2026-04-01T21:47:50Z" uid="1" user="OSMnx" version="1" changeset="1" lat="12.970833" lon="77.649022" /><node id="6485070843" timestamp="2026-04-01T21:47:50Z" uid="1" user="OSMnx" version="1" changeset="1" lat="12.970244" lon="77.641238" /><node id="6485070845" timestamp="2026-04-01T21:47:50Z" uid="1" user="OSMnx" version="1" changeset="1" lat="12.970285" lon="77.641934" /><node id="6485070847" timestamp="2026-04-01T21:47:50Z" uid="1" user="OSMnx" version="1" changeset="1" lat="12.970312" lon="77.643192" /><node id="6485075159" timestamp="2026-04-01T21:47:50Z" uid="1" user="OSMnx" version="1" changeset="1" lat="12.973992" lon="77.645816" /><node id="6901551440" timestamp="2026-04-01T21:47:50Z" uid="1" user="OSMnx" version="1" changeset="1" lat="12.982959" lon="77.637426"><tag k="highway" v="traffic_signals" /></node><node id="7488252791" timestamp="2026-04-01T21:47:50Z" uid="1" user="OSMnx" version="1" changeset="1" lat="12.983796" lon="77.641402" /><node id="7488252816" timestamp="2026-04-01T21:47:50Z" uid="1" user="OSMnx" version="1" changeset="1" lat="12.980139" lon="77.645811" /><node id="7488252817" timestamp="2026-04-01T21:47:50Z" uid="1" user="OSMnx" version="1" changeset="1" lat="12.980326" lon="77.645786" /><node id="7488252818" timestamp="2026-04-01T21:47:50Z" uid="1" user="OSMnx" version="1" changeset="1" lat="12.979907" lon="77.645877" /><node id="7488252819" timestamp="2026-04-01T21:47:50Z" uid="1" user="OSMnx" version="1" changeset="1" lat="12.980144" lon="77.645848" /><node id="9189560806" timestamp="2026-04-01T21:47:50Z" uid="1" user="OSMnx" version="1" changeset="1" lat="12.9816" lon="77.645098" /><node id="9351941623" timestamp="2026-04-01T21:47:50Z" uid="1" user="OSMnx" version="1" changeset="1" lat="12.985699" lon="77.645033" /><node id="10182013927" timestamp="2026-04-01T21:47:50Z" uid="1" user="OSMnx" version="1" changeset="1" lat="12.980098" lon="77.646333" /><node id="10182013928" timestamp="2026-04-01T21:47:50Z" uid="1" user="OSMnx" version="1" changeset="1" lat="12.980164" lon="77.646717" /><node id="10182013933" timestamp="2026-04-01T21:47:50Z" uid="1" user="OSMnx" version="1" changeset="1" lat="12.98132" lon="77.645125" /><node id="10289616892" timestamp="2026-04-01T21:47:50Z" uid="1" user="OSMnx" version="1" changeset="1" lat="12.981216" lon="77.647382" /><node id="10291078964" timestamp="2026-04-01T21:47:50Z" uid="1" user="OSMnx" version="1" changeset="1" lat="12.985725" lon="77.645128" /><node id="10309256812" timestamp="2026-04-01T21:47:50Z" uid="1" user="OSMnx" version="1" changeset="1" lat="12.98348" lon="77.645597" /><node id="10309256814" timestamp="2026-04-01T21:47:50Z" uid="1" user="OSMnx" version="1" changeset="1" lat="12.982733" lon="77.645759" /><node id="11012314119" timestamp="2026-04-01T21:47:50Z" uid="1" user="OSMnx" version="1" changeset="1" lat="12.97159" lon="77.64561" /><node id="11012314120" timestamp="2026-04-01T21:47:50Z" uid="1" user="OSMnx" version="1" changeset="1" lat="12.971591" lon="77.645925" /><node id="11012318041" timestamp="2026-04-01T21:47:50Z" uid="1" user="OSMnx" version="1" changeset="1" lat="12.97145" lon="77.648689" /><node id="11012318042" timestamp="2026-04-01T21:47:50Z" uid="1" user="OSMnx" version="1" changeset="1" lat="12.972156" lon="77.648545" /><node id="11015767999" timestamp="2026-04-01T21:47:50Z" uid="1" user="OSMnx" version="1" changeset="1" lat="12.978625" lon="77.646652" /><node id="11386898670" timestamp="2026-04-01T21:47:50Z" uid="1" user="OSMnx" version="1" changeset="1" lat="12.981648" lon="77.645131" /><node id="11494414329" timestamp="2026-04-01T21:47:50Z" uid="1" user="OSMnx" version="1" changeset="1" lat="12.97834" lon="77.640917" /><node id="11494414330" timestamp="2026-04-01T21:47:50Z" uid="1" user="OSMnx" version="1" changeset="1" lat="12.978424" lon="77.640913" /><node id="11497593334" timestamp="2026-04-01T21:47:50Z" uid="1" user="OSMnx" version="1" changeset="1" lat="12.978621" lon="77.646586" /><node id="11497593335" timestamp="2026-04-01T21:47:50Z" uid="1" user="OSMnx" version="1" changeset="1" lat="12.978536" lon="77.646594" /><node id="11497593343" timestamp="2026-04-01T21:47:50Z" uid="1" user="OSMnx" version="1" changeset="1" lat="12.979259" lon="77.646442" /><node id="11497593344" timestamp="2026-04-01T21:47:50Z" uid="1" user="OSMnx" version="1" changeset="1" lat="12.979266" lon="77.64651" /><node id="11497616784" timestamp="2026-04-01T21:47:50Z" uid="1" user="OSMnx" version="1" changeset="1" lat="12.970252" lon="77.64133" /><node id="11497616798" timestamp="2026-04-01T21:47:50Z" uid="1" user="OSMnx" version="1" changeset="1" lat="12.977681" lon="77.641"><tag k="highway" v="crossing" /></node><node id="11909580134" timestamp="2026-04-01T21:47:50Z" uid="1" user="OSMnx" version="1" changeset="1" lat="12.982942" lon="77.637371" /><node id="12107761069" timestamp="2026-04-01T21:47:50Z" uid="1" user="OSMnx" version="1" changeset="1" lat="12.971998" lon="77.647142" /><node id="12107761079" timestamp="2026-04-01T21:47:50Z" uid="1" user="OSMnx" version="1" changeset="1" lat="12.971919" lon="77.647127" /><node id="12107761085" timestamp="2026-04-01T21:47:50Z" uid="1" user="OSMnx" version="1" changeset="1" lat="12.973121" lon="77.646906" /><node id="12107777014" timestamp="2026-04-01T21:47:50Z" uid="1" user="OSMnx" version="1" changeset="1" lat="12.978542" lon="77.646663" /><node id="12189334800" timestamp="2026-04-01T21:47:50Z" uid="1" user="OSMnx" version="1" changeset="1" lat="12.974038" lon="77.646849" /><node id="12239510691" timestamp="2026-04-01T21:47:50Z" uid="1" user="OSMnx" version="1" changeset="1" lat="12.982134" lon="77.64589" /><node id="12364203537" timestamp="2026-04-01T21:47:50Z" uid="1" user="OSMnx" version="1" changeset="1" lat="12.981039" lon="77.645473" /><node id="12692472176" timestamp="2026-04-01T21:47:50Z" uid="1" user="OSMnx" version="1" changeset="1" lat="12.984037" lon="77.640531" /><node id="12692472177" timestamp="2026-04-01T21:47:50Z" uid="1" user="OSMnx" version="1" changeset="1" lat="12.984061" lon="77.640619" /><node id="12692472178" timestamp="2026-04-01T21:47:50Z" uid="1" user="OSMnx" version="1" changeset="1" lat="12.984122" lon="77.64052" /><node id="12692472179" timestamp="2026-04-01T21:47:50Z" uid="1" user="OSMnx" version="1" changeset="1" lat="12.984151" lon="77.640595" /><node id="13373931596" timestamp="2026-04-01T21:47:50Z" uid="1" user="OSMnx" version="1" changeset="1" lat="12.973861" lon="77.64112" /><way id="0" timestamp="2026-04-01T21:47:50Z" uid="1" user="OSMnx" version="1" changeset="1"><nd ref="253179982" /><nd ref="5469373780" /><tag k="highway" v="residential" /><tag k="name" v="4th Cross Road" /><tag k="oneway" v="no" /></way><way id="1" timestamp="2026-04-01T21:47:50Z" uid="1" user="OSMnx" version="1" changeset="1"><nd ref="253179982" /><nd ref="1563306444" /><tag k="highway" v="secondary" /><tag k="lanes" v="2" /><tag k="name" v="80 Feet Road" /><tag k="oneway" v="no" /></way><way id="2" timestamp="2026-04-01T21:47:50Z" uid="1" user="OSMnx" version="1" changeset="1"><nd ref="253179989" /><nd ref="6136526267" /><tag k="highway" v="residential" /><tag k="name" v="9th Main Road" /><tag k="oneway" v="no" /></way><way id="3" timestamp="2026-04-01T21:47:50Z" uid="1" user="OSMnx" version="1" changeset="1"><nd ref="253179989" /><nd ref="12107761085" /><tag k="highway" v="secondary" /><tag k="lanes" v="2" /><tag k="name" v="80 Feet Road" /><tag k="oneway" v="no" /></way><way id="4" timestamp="2026-04-01T21:47:50Z" uid="1" user="OSMnx" version="1" changeset="1"><nd ref="253179991" /><nd ref="12107761079" /><tag k="highway" v="secondary" /><tag k="lanes" v="4" /><tag k="name" v="80 Feet Road" /><tag k="oneway" v="no" /></way><way id="5" timestamp="2026-04-01T21:47:50Z" uid="1" user="OSMnx" version="1" changeset="1"><nd ref="286682015" /><nd ref="486964297" /><tag k="highway" v="tertiary" /><tag k="lanes" v="2" /><tag k="name" v="12th Main Road" /><tag k="oneway" v="no" /></way><way id="6" timestamp="2026-04-01T21:47:50Z" uid="1" user="OSMnx" version="1" changeset="1"><nd ref="287908996" /><nd ref="1462139757" /><tag k="highway" v="primary" /><tag k="lanes" v="2" /><tag k="name" v="100 Feet Road" /><tag k="oneway" v="no" /></way><way id="7" timestamp="2026-04-01T21:47:50Z" uid="1" user="OSMnx" version="1" changeset="1"><nd ref="355428742" /><nd ref="3563294494" /><tag k="highway" v="tertiary" /><tag k="lanes" v="2" /><tag k="name" v="Sri Krishna Temple Road" /><tag k="oneway" v="no" /></way><way id="8" timestamp="2026-04-01T21:47:50Z" uid="1" user="OSMnx" version="1" changeset="1"><nd ref="355428742" /><nd ref="11494414330" /><tag k="highway" v="primary" /><tag k="lanes" v="2" /><tag k="name" v="100 Feet Road" /><tag k="oneway" v="no" /></way><way id="9" timestamp="2026-04-01T21:47:50Z" uid="1" user="OSMnx" version="1" changeset="1"><nd ref="412119404" /><nd ref="448306746" /><tag k="highway" v="residential" /><tag k="name" v="11th Main Road" /><tag k="oneway" v="no" /></way><way id="10" timestamp="2026-04-01T21:47:50Z" uid="1" user="OSMnx" version="1" changeset="1"><nd ref="412119404" /><nd ref="6485070845" /><tag k="highway" v="residential" /><tag k="name" v="1st Cross Road" /><tag k="oneway" v="no" /></way><way id="11" timestamp="2026-04-01T21:47:50Z" uid="1" user="OSMnx" version="1" changeset="1"><nd ref="421262977" /><nd ref="421264374" /><tag k="highway" v="secondary" /><tag k="lanes" v="2" /><tag k="name" v="80 Feet Road" /><tag k="oneway" v="no" /></way><way id="12" timestamp="2026-04-01T21:47:50Z" uid="1" user="OSMnx" version="1" changeset="1"><nd ref="421262997" /><nd ref="421264396" /><tag k="highway" v="residential" /><tag k="name" v="6th Cross Road" /><tag k="oneway" v="no" /></way><way id="13" timestamp="2026-04-01T21:47:50Z" uid="1" user="OSMnx" version="1" changeset="1"><nd ref="421264364" /><nd ref="421264387" /><tag k="highway" v="secondary" /><tag k="lanes" v="2" /><tag k="name" v="Chinmaya Mission Hospital Road" /><tag k="oneway" v="no" /></way><way id="14" timestamp="2026-04-01T21:47:50Z" uid="1" user="OSMnx" version="1" changeset="1"><nd ref="421264365" /><nd ref="421262977" /><tag k="highway" v="secondary" /><tag k="lanes" v="2" /><tag k="name" v="80 Feet Road" /><tag k="oneway" v="no" /></way><way id="15" timestamp="2026-04-01T21:47:50Z" uid="1" user="OSMnx" version="1" changeset="1"><nd ref="421264366" /><nd ref="423744893" /><tag k="highway" v="primary" /><tag k="lanes" v="2" /><tag k="name" v="100 Feet Road" /><tag k="oneway" v="no" /></way><way id="16" timestamp="2026-04-01T21:47:50Z" uid="1" user="OSMnx" version="1" changeset="1"><nd ref="421264367" /><nd ref="448308010" /><tag k="highway" v="tertiary" /><tag k="name" v="6th Main Road" /><tag k="oneway" v="no" /></way><way id="17" timestamp="2026-04-01T21:47:50Z" uid="1" user="OSMnx" version="1" changeset="1"><nd ref="421264368" /><nd ref="6485075159" /><tag k="highway" v="tertiary" /><tag k="name" v="6th Main Road" /><tag k="oneway" v="no" /></way><way id="18" timestamp="2026-04-01T21:47:50Z" uid="1" user="OSMnx" version="1" changeset="1"><nd ref="421264369" /><nd ref="421264370" /><tag k="highway" v="residential" /><tag k="name" v="3rd Main Road" /><tag k="oneway" v="no" /></way><way id="19" timestamp="2026-04-01T21:47:50Z" uid="1" user="OSMnx" version="1" changeset="1"><nd ref="421264370" /><nd ref="423744896" /><tag k="highway" v="residential" /><tag k="name" v="3rd Main Road" /><tag k="oneway" v="no" /></way><way id="20" timestamp="2026-04-01T21:47:50Z" uid="1" user="OSMnx" version="1" changeset="1"><nd ref="421264372" /><nd ref="478413769" /><tag k="highway" v="residential" /><tag k="name" v="2nd Main Road" /><tag k="oneway" v="no" /></way><way id="21" timestamp="2026-04-01T21:47:50Z" uid="1" user="OSMnx" version="1" changeset="1"><nd ref="421264373" /><nd ref="421262997" /><tag k="highway" v="residential" /><tag k="name" v="2nd Main Road" /><tag k="oneway" v="no" /></way><way id="22" timestamp="2026-04-01T21:47:50Z" uid="1" user="OSMnx" version="1" changeset="1"><nd ref="421264374" /><nd ref="3369884080" /><tag k="highway" v="residential" /><tag k="name" v="1st Main Road" /><tag k="oneway" v="no" /></way><way id="23" timestamp="2026-04-01T21:47:50Z" uid="1" user="OSMnx" version="1" changeset="1"><nd ref="421264374" /><nd ref="6137935142" /><tag k="highway" v="secondary" /><tag k="lanes" v="2" /><tag k="name" v="80 Feet Road" /><tag k="oneway" v="no" /></way><way id="24" timestamp="2026-04-01T21:47:50Z" uid="1" user="OSMnx" version="1" changeset="1"><nd ref="421264375" /><nd ref="423744890" /><tag k="highway" v="residential" /><tag k="name" v="1st Main Road" /><tag k="oneway" v="no" /></way><way id="25" timestamp="2026-04-01T21:47:50Z" uid="1" user="OSMnx" version="1" changeset="1"><nd ref="421264376" /><nd ref="421264366" /><tag k="highway" v="residential" /><tag k="name" v="1st Main Road" /><tag k="oneway" v="no" /></way><way id="26" timestamp="2026-04-01T21:47:50Z" uid="1" user="OSMnx" version="1" changeset="1"><nd ref="421264378" /><nd ref="421264364" /><tag k="highway" v="residential" /><tag k="name" v="1st Cross Road" /><tag k="oneway" v="no" /></way><way id="27" timestamp="2026-04-01T21:47:50Z" uid="1" user="OSMnx" version="1" changeset="1"><nd ref="421264380" /><nd ref="421264396" /><tag k="highway" v="residential" /><tag k="name" v="3rd Main Road" /><tag k="oneway" v="no" /></way><way id="28" timestamp="2026-04-01T21:47:50Z" uid="1" user="OSMnx" version="1" changeset="1"><nd ref="421264380" /><nd ref="421264373" /><tag k="highway" v="residential" /><tag k="name" v="5th Cross Road" /><tag k="oneway" v="no" /></way><way id="29" timestamp="2026-04-01T21:47:50Z" uid="1" user="OSMnx" version="1" changeset="1"><nd ref="421264381" /><nd ref="448305147" /><tag k="highway" v="residential" /><tag k="name" v="1st Cross Road" /><tag k="oneway" v="no" /></way><way id="30" timestamp="2026-04-01T21:47:50Z" uid="1" user="OSMnx" version="1" changeset="1"><nd ref="421264381" /><nd ref="423744898" /><tag k="highway" v="residential" /><tag k="name" v="1st Cross Road" /><tag k="oneway" v="no" /></way><way id="31" timestamp="2026-04-01T21:47:50Z" uid="1" user="OSMnx" version="1" changeset="1"><nd ref="421264381" /><nd ref="423744833" /><tag k="highway" v="tertiary" /><tag k="name" v="6th Main Road" /><tag k="oneway" v="no" /></way><way id="32" timestamp="2026-04-01T21:47:50Z" uid="1" user="OSMnx" version="1" changeset="1"><nd ref="421264385" /><nd ref="11494414329" /><tag k="highway" v="secondary" /><tag k="lanes" v="2" /><tag k="name" v="Chinmaya Mission Hospital Road" /><tag k="oneway" v="no" /></way><way id="33" timestamp="2026-04-01T21:47:50Z" uid="1" user="OSMnx" version="1" changeset="1"><nd ref="421264385" /><nd ref="423744887" /><tag k="highway" v="residential" /><tag k="name" v="1st Cross Road" /><tag k="oneway" v="no" /></way><way id="34" timestamp="2026-04-01T21:47:50Z" uid="1" user="OSMnx" version="1" changeset="1"><nd ref="421264386" /><nd ref="421264385" /><tag k="highway" v="secondary" /><tag k="lanes" v="2" /><tag k="name" v="Chinmaya Mission Hospital Road" /><tag k="oneway" v="no" /></way><way id="35" timestamp="2026-04-01T21:47:50Z" uid="1" user="OSMnx" version="1" changeset="1"><nd ref="421264386" /><nd ref="3506426909" /><tag k="highway" v="residential" /><tag k="name" v="2nd Cross Road" /><tag k="oneway" v="no" /></way><way id="36" timestamp="2026-04-01T21:47:50Z" uid="1" user="OSMnx" version="1" changeset="1"><nd ref="421264387" /><nd ref="421264386" /><tag k="highway" v="secondary" /><tag k="lanes" v="2" /><tag k="name" v="Chinmaya Mission Hospital Road" /><tag k="oneway" v="no" /></way><way id="37" timestamp="2026-04-01T21:47:50Z" uid="1" user="OSMnx" version="1" changeset="1"><nd ref="421264387" /><nd ref="3369884090" /><tag k="highway" v="residential" /><tag k="name" v="2nd Cross Road" /><tag k="oneway" v="no" /></way><way id="38" timestamp="2026-04-01T21:47:50Z" uid="1" user="OSMnx" version="1" changeset="1"><nd ref="421264394" /><nd ref="421264368" /><tag k="highway" v="residential" /><tag k="name" v="5th Cross Road" /><tag k="oneway" v="no" /></way><way id="39" timestamp="2026-04-01T21:47:50Z" uid="1" user="OSMnx" version="1" changeset="1"><nd ref="421264394" /><nd ref="421264395" /><tag k="highway" v="residential" /><tag k="name" v="5th Main Road" /><tag k="oneway" v="no" /></way><way id="40" timestamp="2026-04-01T21:47:50Z" uid="1" user="OSMnx" version="1" changeset="1"><nd ref="421264395" /><nd ref="421264365" /><tag k="highway" v="residential" /><tag k="name" v="5th Main Road" /><tag k="oneway" v="no" /></way><way id="41" timestamp="2026-04-01T21:47:50Z" uid="1" user="OSMnx" version="1" changeset="1"><nd ref="421264396" /><nd ref="423744929" /><tag k="highway" v="residential" /><tag k="name" v="6th Cross Road" /><tag k="oneway" v="no" /></way><way id="42" timestamp="2026-04-01T21:47:50Z" uid="1" user="OSMnx" version="1" changeset="1"><nd ref="421264396" /><nd ref="421262977" /><tag k="highway" v="residential" /><tag k="name" v="3rd Main Road" /><tag k="oneway" v="no" /></way><way id="43" timestamp="2026-04-01T21:47:50Z" uid="1" user="OSMnx" version="1" changeset="1"><nd ref="421265107" /><nd ref="11497593343" /><tag k="highway" v="tertiary" /><tag k="lanes" v="2" /><tag k="name" v="Sri Krishna Temple Road" /><tag k="oneway" v="no" /></way><way id="44" timestamp="2026-04-01T21:47:50Z" uid="1" user="OSMnx" version="1" changeset="1"><nd ref="421265107" /><nd ref="3369884091" /><tag k="highway" v="residential" /><tag k="name" v="1st A Cross Road" /><tag k="oneway" v="no" /></way><way id="45" timestamp="2026-04-01T21:47:50Z" uid="1" user="OSMnx" version="1" changeset="1"><nd ref="421265108" /><nd ref="1756917763" /><tag k="highway" v="tertiary" /><tag k="lanes" v="2" /><tag k="name" v="Sri Krishna Temple Road" /><tag k="oneway" v="no" /></way><way id="46" timestamp="2026-04-01T21:47:50Z" uid="1" user="OSMnx" version="1" changeset="1"><nd ref="421265109" /><nd ref="1462139764" /><tag k="highway" v="tertiary" /><tag k="lanes" v="2" /><tag k="name" v="Sri Krishna Temple Road" /><tag k="oneway" v="no" /></way><way id="47" timestamp="2026-04-01T21:47:50Z" uid="1" user="OSMnx" version="1" changeset="1"><nd ref="421265109" /><nd ref="1563316284" /><tag k="highway" v="residential" /><tag k="name" v="2nd Cross Road" /><tag k="oneway" v="no" /></way><way id="48" timestamp="2026-04-01T21:47:50Z" uid="1" user="OSMnx" version="1" changeset="1"><nd ref="421265110" /><nd ref="421265108" /><tag k="highway" v="tertiary" /><tag k="lanes" v="2" /><tag k="name" v="Sri Krishna Temple Road" /><tag k="oneway" v="no" /></way><way id="49" timestamp="2026-04-01T21:47:50Z" uid="1" user="OSMnx" version="1" changeset="1"><nd ref="421265110" /><nd ref="421265112" /><tag k="highway" v="residential" /><tag k="name" v="2nd Cross Road" /><tag k="oneway" v="no" /></way><way id="50" timestamp="2026-04-01T21:47:50Z" uid="1" user="OSMnx" version="1" changeset="1"><nd ref="421265112" /><nd ref="3369884089" /><tag k="highway" v="residential" /><tag k="name" v="2nd Cross Road" /><tag k="oneway" v="no" /></way><way id="51" timestamp="2026-04-01T21:47:50Z" uid="1" user="OSMnx" version="1" changeset="1"><nd ref="421265112" /><nd ref="421265108" /><tag k="highway" v="residential" /><tag k="name" v="2nd Cross Road" /><tag k="oneway" v="no" /></way><way id="52" timestamp="2026-04-01T21:47:50Z" uid="1" user="OSMnx" version="1" changeset="1"><nd ref="423744833" /><nd ref="423744834" /><tag k="highway" v="residential" /><tag k="name" v="4th Cross Road" /><tag k="oneway" v="no" /></way><way id="53" timestamp="2026-04-01T21:47:50Z" uid="1" user="OSMnx" version="1" changeset="1"><nd ref="423744833" /><nd ref="421264367" /><tag k="highway" v="tertiary" /><tag k="name" v="6th Main Road" /><tag k="oneway" v="no" /></way><way id="54" timestamp="2026-04-01T21:47:50Z" uid="1" user="OSMnx" version="1" changeset="1"><nd ref="423744834" /><nd ref="448307449" /><tag k="highway" v="residential" /><tag k="name" v="4th Cross Road" /><tag k="oneway" v="no" /></way><way id="55" timestamp="2026-04-01T21:47:50Z" uid="1" user="OSMnx" version="1" changeset="1"><nd ref="423744834" /><nd ref="448306748" /><tag k="highway" v="residential" /><tag k="name" v="7th Main Road" /><tag k="oneway" v="no" /></way><way id="56" timestamp="2026-04-01T21:47:50Z" uid="1" user="OSMnx" version="1" changeset="1"><nd ref="423744839" /><nd ref="4202336813" /><tag k="highway" v="residential" /><tag k="name" v="11th Main Road" /><tag k="oneway" v="no" /></way><way id="57" timestamp="2026-04-01T21:47:50Z" uid="1" user="OSMnx" version="1" changeset="1"><nd ref="423744839" /><nd ref="423744840" /><tag k="highway" v="residential" /><tag k="name" v="4th Cross Road" /><tag k="oneway" v="no" /></way><way id="58" timestamp="2026-04-01T21:47:50Z" uid="1" user="OSMnx" version="1" changeset="1"><nd ref="423744840" /><nd ref="286682015" /><tag k="highway" v="tertiary" /><tag k="lanes" v="2" /><tag k="name" v="12th Main Road" /><tag k="oneway" v="no" /></way><way id="59" timestamp="2026-04-01T21:47:50Z" uid="1" user="OSMnx" version="1" changeset="1"><nd ref="423744841" /><nd ref="423744899" /><tag k="highway" v="residential" /><tag k="name" v="4th Cross Road" /><tag k="oneway" v="no" /></way><way id="60" timestamp="2026-04-01T21:47:50Z" uid="1" user="OSMnx" version="1" changeset="1"><nd ref="423744841" /><nd ref="423744900" /><tag k="highway" v="residential" /><tag k="name" v="4th Main Road" /><tag k="oneway" v="no" /></way><way id="61" timestamp="2026-04-01T21:47:50Z" uid="1" user="OSMnx" version="1" changeset="1"><nd ref="423744842" /><nd ref="421264369" /><tag k="highway" v="residential" /><tag k="name" v="3rd Main Road" /><tag k="oneway" v="no" /></way><way id="62" timestamp="2026-04-01T21:47:50Z" uid="1" user="OSMnx" version="1" changeset="1"><nd ref="423744842" /><nd ref="421264372" /><tag k="highway" v="residential" /><tag k="name" v="1st Cross Road" /><tag k="oneway" v="no" /></way><way id="63" timestamp="2026-04-01T21:47:50Z" uid="1" user="OSMnx" version="1" changeset="1"><nd ref="423744886" /><nd ref="421264378" /><tag k="highway" v="residential" /><tag k="name" v="Old Syndicate Bank Road" /><tag k="oneway" v="no" /></way><way id="64" timestamp="2026-04-01T21:47:50Z" uid="1" user="OSMnx" version="1" changeset="1"><nd ref="423744886" /><nd ref="421264387" /><tag k="highway" v="residential" /><tag k="name" v="1st A Cross Road" /><tag k="oneway" v="no" /></way><way id="65" timestamp="2026-04-01T21:47:50Z" uid="1" user="OSMnx" version="1" changeset="1"><nd ref="423744887" /><nd ref="3506426909" /><tag k="highway" v="residential" /><tag k="name" v="Old Syndicate Bank Road" /><tag k="oneway" v="no" /></way><way id="66" timestamp="2026-04-01T21:47:50Z" uid="1" user="OSMnx" version="1" changeset="1"><nd ref="423744887" /><nd ref="421264376" /><tag k="highway" v="residential" /><tag k="name" v="1st Cross Road" /><tag k="oneway" v="no" /></way><way id="67" timestamp="2026-04-01T21:47:50Z" uid="1" user="OSMnx" version="1" changeset="1"><nd ref="423744889" /><nd ref="423744892" /><tag k="highway" v="residential" /><tag k="name" v="1st Main Road" /><tag k="oneway" v="no" /></way><way id="68" timestamp="2026-04-01T21:47:50Z" uid="1" user="OSMnx" version="1" changeset="1"><nd ref="423744889" /><nd ref="421264378" /><tag k="highway" v="residential" /><tag k="name" v="1st Cross Road" /><tag k="oneway" v="no" /></way><way id="69" timestamp="2026-04-01T21:47:50Z" uid="1" user="OSMnx" version="1" changeset="1"><nd ref="423744890" /><nd ref="421264376" /><tag k="highway" v="residential" /><tag k="name" v="1st Main Road" /><tag k="oneway" v="no" /></way><way id="70" timestamp="2026-04-01T21:47:50Z" uid="1" user="OSMnx" version="1" changeset="1"><nd ref="423744890" /><nd ref="423744894" /><tag k="highway" v="residential" /><tag k="name" v="3rd Cross Road" /><tag k="oneway" v="no" /></way><way id="71" timestamp="2026-04-01T21:47:50Z" uid="1" user="OSMnx" version="1" changeset="1"><nd ref="423744891" /><nd ref="421264375" /><tag k="highway" v="residential" /><tag k="name" v="1st Main Road" /><tag k="oneway" v="no" /></way><way id="72" timestamp="2026-04-01T21:47:50Z" uid="1" user="OSMnx" version="1" changeset="1"><nd ref="423744891" /><nd ref="423744895" /><tag k="highway" v="residential" /><tag k="name" v="4th Cross Road" /><tag k="oneway" v="no" /></way><way id="73" timestamp="2026-04-01T21:47:50Z" uid="1" user="OSMnx" version="1" changeset="1"><nd ref="423744892" /><nd ref="423744891" /><tag k="highway" v="residential" /><tag k="name" v="1st Main Road" /><tag k="oneway" v="no" /></way><way id="74" timestamp="2026-04-01T21:47:50Z" uid="1" user="OSMnx" version="1" changeset="1"><nd ref="423744892" /><nd ref="423744886" /><tag k="highway" v="residential" /><tag k="name" v="1st A Cross Road" /><tag k="oneway" v="no" /></way><way id="75" timestamp="2026-04-01T21:47:50Z" uid="1" user="OSMnx" version="1" changeset="1"><nd ref="423744893" /><nd ref="423744919" /><tag k="highway" v="primary" /><tag k="lanes" v="2" /><tag k="name" v="100 Feet Road" /><tag k="oneway" v="no" /></way><way id="76" timestamp="2026-04-01T21:47:50Z" uid="1" user="OSMnx" version="1" changeset="1"><nd ref="423744893" /><nd ref="421264372" /><tag k="highway" v="residential" /><tag k="name" v="2nd Main Road" /><tag k="oneway" v="no" /></way><way id="77" timestamp="2026-04-01T21:47:50Z" uid="1" user="OSMnx" version="1" changeset="1"><nd ref="423744894" /><nd ref="423744895" /><tag k="highway" v="residential" /><tag k="name" v="2nd Main Road" /><tag k="oneway" v="no" /></way><way id="78" timestamp="2026-04-01T21:47:50Z" uid="1" user="OSMnx" version="1" changeset="1"><nd ref="423744894" /><nd ref="421264370" /><tag k="highway" v="residential" /><tag k="name" v="3rd Cross Road" /><tag k="oneway" v="no" /></way><way id="79" timestamp="2026-04-01T21:47:50Z" uid="1" user="OSMnx" version="1" changeset="1"><nd ref="423744895" /><nd ref="423744896" /><tag k="highway" v="residential" /><tag k="name" v="4th Cross Road" /><tag k="oneway" v="no" /></way><way id="80" timestamp="2026-04-01T21:47:50Z" uid="1" user="OSMnx" version="1" changeset="1"><nd ref="423744895" /><nd ref="421264373" /><tag k="highway" v="residential" /><tag k="name" v="2nd Main Road" /><tag k="oneway" v="no" /></way><way id="81" timestamp="2026-04-01T21:47:50Z" uid="1" user="OSMnx" version="1" changeset="1"><nd ref="423744896" /><nd ref="423744841" /><tag k="highway" v="residential" /><tag k="name" v="4th Cross Road" /><tag k="oneway" v="no" /></way><way id="82" timestamp="2026-04-01T21:47:50Z" uid="1" user="OSMnx" version="1" changeset="1"><nd ref="423744896" /><nd ref="421264380" /><tag k="highway" v="residential" /><tag k="name" v="3rd Main Road" /><tag k="oneway" v="no" /></way><way id="83" timestamp="2026-04-01T21:47:50Z" uid="1" user="OSMnx" version="1" changeset="1"><nd ref="423744897" /><nd ref="423744842" /><tag k="highway" v="residential" /><tag k="name" v="1st Cross Road" /><tag k="oneway" v="no" /></way><way id="84" timestamp="2026-04-01T21:47:50Z" uid="1" user="OSMnx" version="1" changeset="1"><nd ref="423744897" /><nd ref="423744841" /><tag k="highway" v="residential" /><tag k="name" v="4th Main Road" /><tag k="oneway" v="no" /></way><way id="85" timestamp="2026-04-01T21:47:50Z" uid="1" user="OSMnx" version="1" changeset="1"><nd ref="423744898" /><nd ref="423744897" /><tag k="highway" v="residential" /><tag k="name" v="1st Cross Road" /><tag k="oneway" v="no" /></way><way id="86" timestamp="2026-04-01T21:47:50Z" uid="1" user="OSMnx" version="1" changeset="1"><nd ref="423744898" /><nd ref="423744899" /><tag k="highway" v="residential" /><tag k="name" v="5th Main Road" /><tag k="oneway" v="no" /></way><way id="87" timestamp="2026-04-01T21:47:50Z" uid="1" user="OSMnx" version="1" changeset="1"><nd ref="423744899" /><nd ref="421264367" /><tag k="highway" v="residential" /><tag k="name" v="4th Cross Road" /><tag k="oneway" v="no" /></way><way id="88" timestamp="2026-04-01T21:47:50Z" uid="1" user="OSMnx" version="1" changeset="1"><nd ref="423744899" /><nd ref="470899603" /><tag k="highway" v="residential" /><tag k="name" v="5th Main Road" /><tag k="oneway" v="no" /></way><way id="89" timestamp="2026-04-01T21:47:50Z" uid="1" user="OSMnx" version="1" changeset="1"><nd ref="423744900" /><nd ref="423744929" /><tag k="highway" v="residential" /><tag k="name" v="4th Main Road" /><tag k="oneway" v="no" /></way><way id="90" timestamp="2026-04-01T21:47:50Z" uid="1" user="OSMnx" version="1" changeset="1"><nd ref="423744900" /><nd ref="421264394" /><tag k="highway" v="residential" /><tag k="name" v="5th Cross Road" /><tag k="oneway" v="no" /></way><way id="91" timestamp="2026-04-01T21:47:50Z" uid="1" user="OSMnx" version="1" changeset="1"><nd ref="423744919" /><nd ref="13373931596" /><tag k="highway" v="primary" /><tag k="lanes" v="2" /><tag k="name" v="100 Feet Road" /><tag k="oneway" v="no" /></way><way id="92" timestamp="2026-04-01T21:47:50Z" uid="1" user="OSMnx" version="1" changeset="1"><nd ref="423744919" /><nd ref="423744842" /><tag k="highway" v="residential" /><tag k="name" v="3rd Main Road" /><tag k="oneway" v="no" /></way><way id="93" timestamp="2026-04-01T21:47:50Z" uid="1" user="OSMnx" version="1" changeset="1"><nd ref="423744929" /><nd ref="421264395" /><tag k="highway" v="residential" /><tag k="name" v="6th Cross Road" /><tag k="oneway" v="no" /></way><way id="94" timestamp="2026-04-01T21:47:50Z" uid="1" user="OSMnx" version="1" changeset="1"><nd ref="448305147" /><nd ref="448306390" /><tag k="highway" v="residential" /><tag k="name" v="1st Cross Road" /><tag k="oneway" v="no" /></way><way id="95" timestamp="2026-04-01T21:47:50Z" uid="1" user="OSMnx" version="1" changeset="1"><nd ref="448305148" /><nd ref="1842455536" /><tag k="highway" v="residential" /><tag k="name" v="7th Main Road" /><tag k="oneway" v="no" /></way><way id="96" timestamp="2026-04-01T21:47:50Z" uid="1" user="OSMnx" version="1" changeset="1"><nd ref="448305148" /><nd ref="12189334800" /><tag k="highway" v="secondary" /><tag k="lanes" v="2" /><tag k="name" v="80 Feet Road" /><tag k="oneway" v="no" /></way><way id="97" timestamp="2026-04-01T21:47:50Z" uid="1" user="OSMnx" version="1" changeset="1"><nd ref="448306386" /><nd ref="478415543" /><tag k="highway" v="residential" /><tag k="name" v="4th Cross Road" /><tag k="oneway" v="no" /></way><way id="98" timestamp="2026-04-01T21:47:50Z" uid="1" user="OSMnx" version="1" changeset="1"><nd ref="448306390" /><nd ref="412119404" /><tag k="highway" v="residential" /><tag k="name" v="1st Cross Road" /><tag k="oneway" v="no" /></way><way id="99" timestamp="2026-04-01T21:47:50Z" uid="1" user="OSMnx" version="1" changeset="1"><nd ref="448306390" /><nd ref="448306750" /><tag k="highway" v="residential" /><tag k="name" v="9th Main Road" /><tag k="oneway" v="no" /></way><way id="100" timestamp="2026-04-01T21:47:50Z" uid="1" user="OSMnx" version="1" changeset="1"><nd ref="448306395" /><nd ref="448306390" /><tag k="highway" v="residential" /><tag k="name" v="9th Main Road" /><tag k="oneway" v="no" /></way><way id="101" timestamp="2026-04-01T21:47:50Z" uid="1" user="OSMnx" version="1" changeset="1"><nd ref="448306395" /><nd ref="11497616784" /><tag k="highway" v="primary" /><tag k="lanes" v="2" /><tag k="name" v="100 Feet Road" /><tag k="oneway" v="no" /></way><way id="102" timestamp="2026-04-01T21:47:50Z" uid="1" user="OSMnx" version="1" changeset="1"><nd ref="448306746" /><nd ref="448306747" /><tag k="highway" v="residential" /><tag k="name" v="11th Main Road" /><tag k="oneway" v="no" /></way><way id="103" timestamp="2026-04-01T21:47:50Z" uid="1" user="OSMnx" version="1" changeset="1"><nd ref="448306746" /><nd ref="448306750" /><tag k="highway" v="residential" /><tag k="name" v="2nd Cross Road" /><tag k="oneway" v="no" /></way><way id="104" timestamp="2026-04-01T21:47:50Z" uid="1" user="OSMnx" version="1" changeset="1"><nd ref="448306747" /><nd ref="423744839" /><tag k="highway" v="residential" /><tag k="name" v="11th Main Road" /><tag k="oneway" v="no" /></way><way id="105" timestamp="2026-04-01T21:47:50Z" uid="1" user="OSMnx" version="1" changeset="1"><nd ref="448306747" /><nd ref="448306751" /><tag k="highway" v="residential" /><tag k="name" v="3rd Cross Road" /><tag k="oneway" v="no" /></way><way id="106" timestamp="2026-04-01T21:47:50Z" uid="1" user="OSMnx" version="1" changeset="1"><nd ref="448306748" /><nd ref="448306749" /><tag k="highway" v="residential" /><tag k="name" v="7th Main Road" /><tag k="oneway" v="no" /></way><way id="107" timestamp="2026-04-01T21:47:50Z" uid="1" user="OSMnx" version="1" changeset="1"><nd ref="448306749" /><nd ref="448305147" /><tag k="highway" v="residential" /><tag k="name" v="7th Main Road" /><tag k="oneway" v="no" /></way><way id="108" timestamp="2026-04-01T21:47:50Z" uid="1" user="OSMnx" version="1" changeset="1"><nd ref="448306750" /><nd ref="448306751" /><tag k="highway" v="residential" /><tag k="name" v="9th Main Road" /><tag k="oneway" v="no" /></way><way id="109" timestamp="2026-04-01T21:47:50Z" uid="1" user="OSMnx" version="1" changeset="1"><nd ref="448306750" /><nd ref="448306749" /><tag k="highway" v="residential" /><tag k="name" v="2nd Cross Road" /><tag k="oneway" v="no" /></way><way id="110" timestamp="2026-04-01T21:47:50Z" uid="1" user="OSMnx" version="1" changeset="1"><nd ref="448306751" /><nd ref="448306386" /><tag k="highway" v="residential" /><tag k="name" v="9th Main Road" /><tag k="oneway" v="no" /></way><way id="111" timestamp="2026-04-01T21:47:50Z" uid="1" user="OSMnx" version="1" changeset="1"><nd ref="448306751" /><nd ref="448306748" /><tag k="highway" v="residential" /><tag k="name" v="3rd Cross Road" /><tag k="oneway" v="no" /></way><way id="112" timestamp="2026-04-01T21:47:50Z" uid="1" user="OSMnx" version="1" changeset="1"><nd ref="448307449" /><nd ref="448306386" /><tag k="highway" v="residential" /><tag k="name" v="4th Cross Road" /><tag k="oneway" v="no" /></way><way id="113" timestamp="2026-04-01T21:47:50Z" uid="1" user="OSMnx" version="1" changeset="1"><nd ref="448307449" /><nd ref="4202330449" /><tag k="highway" v="residential" /><tag k="name" v="8th Main Road" /><tag k="oneway" v="no" /></way><way id="114" timestamp="2026-04-01T21:47:50Z" uid="1" user="OSMnx" version="1" changeset="1"><nd ref="448307453" /><nd ref="448307457" /><tag k="highway" v="residential" /><tag k="name" v="7th Cross Road" /><tag k="oneway" v="no" /></way><way id="115" timestamp="2026-04-01T21:47:50Z" uid="1" user="OSMnx" version="1" changeset="1"><nd ref="448307453" /><nd ref="3887138916" /><tag k="highway" v="residential" /><tag k="name" v="11th Main Road" /><tag k="oneway" v="no" /></way><way id="116" timestamp="2026-04-01T21:47:50Z" uid="1" user="OSMnx" version="1" changeset="1"><nd ref="448307454" /><nd ref="4202330458" /><tag k="highway" v="residential" /><tag k="name" v="7th Main Road" /><tag k="oneway" v="no" /></way><way id="117" timestamp="2026-04-01T21:47:50Z" uid="1" user="OSMnx" version="1" changeset="1"><nd ref="448307454" /><nd ref="448308010" /><tag k="highway" v="residential" /><tag k="name" v="7th Cross Road" /><tag k="oneway" v="no" /></way><way id="118" timestamp="2026-04-01T21:47:50Z" uid="1" user="OSMnx" version="1" changeset="1"><nd ref="448307457" /><nd ref="448307458" /><tag k="highway" v="residential" /><tag k="name" v="7th Cross Road" /><tag k="oneway" v="no" /></way><way id="119" timestamp="2026-04-01T21:47:50Z" uid="1" user="OSMnx" version="1" changeset="1"><nd ref="448307457" /><nd ref="3887138936" /><tag k="highway" v="residential" /><tag k="name" v="10th Main Road" /><tag k="oneway" v="no" /></way><way id="120" timestamp="2026-04-01T21:47:50Z" uid="1" user="OSMnx" version="1" changeset="1"><nd ref="448307458" /><nd ref="448307454" /><tag k="highway" v="residential" /><tag k="name" v="7th Cross Road" /><tag k="oneway" v="no" /></way><way id="121" timestamp="2026-04-01T21:47:50Z" uid="1" user="OSMnx" version="1" changeset="1"><nd ref="448307458" /><nd ref="1842455535" /><tag k="highway" v="residential" /><tag k="name" v="['8th Cross Road', '8th Main Road']" /><tag k="oneway" v="no" /></way><way id="122" timestamp="2026-04-01T21:47:50Z" uid="1" user="OSMnx" version="1" changeset="1"><nd ref="448308010" /><nd ref="421264368" /><tag k="highway" v="tertiary" /><tag k="name" v="6th Main Road" /><tag k="oneway" v="no" /></way><way id="123" timestamp="2026-04-01T21:47:50Z" uid="1" user="OSMnx" version="1" changeset="1"><nd ref="478413769" /><nd ref="423744894" /><tag k="highway" v="residential" /><tag k="name" v="2nd Main Road" /><tag k="oneway" v="no" /></way><way id="124" timestamp="2026-04-01T21:47:50Z" uid="1" user="OSMnx" version="1" changeset="1"><nd ref="478413769" /><nd ref="421264369" /><tag k="highway" v="residential" /><tag k="name" v="2nd Cross Road" /><tag k="oneway" v="no" /></way><way id="125" timestamp="2026-04-01T21:47:50Z" uid="1" user="OSMnx" version="1" changeset="1"><nd ref="478415543" /><nd ref="423744839" /><tag k="highway" v="residential" /><tag k="name" v="4th Cross Road" /><tag k="oneway" v="no" /></way><way id="126" timestamp="2026-04-01T21:47:50Z" uid="1" user="OSMnx" version="1" changeset="1"><nd ref="478415543" /><nd ref="4202336815" /><tag k="highway" v="residential" /><tag k="name" v="10th Main Road" /><tag k="oneway" v="no" /></way><way id="127" timestamp="2026-04-01T21:47:50Z" uid="1" user="OSMnx" version="1" changeset="1"><nd ref="486964297" /><nd ref="1420066813" /><tag k="highway" v="tertiary" /><tag k="lanes" v="2" /><tag k="name" v="12th Main Road" /><tag k="oneway" v="no" /></way><way id="128" timestamp="2026-04-01T21:47:50Z" uid="1" user="OSMnx" version="1" changeset="1"><nd ref="491866469" /><nd ref="960504303" /><tag k="highway" v="secondary" /><tag k="lanes" v="2" /><tag k="name" v="Jeevan Bhima Nagar Main Road" /><tag k="oneway" v="no" /></way><way id="129" timestamp="2026-04-01T21:47:50Z" uid="1" user="OSMnx" version="1" changeset="1"><nd ref="491866469" /><nd ref="491866470" /><tag k="highway" v="residential" /><tag k="name" v="4th Cross Road" /><tag k="oneway" v="no" /></way><way id="130" timestamp="2026-04-01T21:47:50Z" uid="1" user="OSMnx" version="1" changeset="1"><nd ref="491866470" /><nd ref="1339408212" /><tag k="highway" v="residential" /><tag k="name" v="9th Main Road" /><tag k="oneway" v="no" /></way><way id="131" timestamp="2026-04-01T21:47:50Z" uid="1" user="OSMnx" version="1" changeset="1"><nd ref="491866470" /><nd ref="1500356616" /><tag k="highway" v="residential" /><tag k="name" v="4th Cross Road" /><tag k="oneway" v="no" /></way><way id="132" timestamp="2026-04-01T21:47:50Z" uid="1" user="OSMnx" version="1" changeset="1"><nd ref="491866470" /><nd ref="1758230707" /><tag k="highway" v="residential" /><tag k="name" v="2nd Cross Road" /><tag k="oneway" v="no" /></way><way id="133" timestamp="2026-04-01T21:47:50Z" uid="1" user="OSMnx" version="1" changeset="1"><nd ref="491866517" /><nd ref="491866519" /><tag k="highway" v="residential" /><tag k="name" v="2nd Main Road" /><tag k="oneway" v="no" /></way><way id="134" timestamp="2026-04-01T21:47:50Z" uid="1" user="OSMnx" version="1" changeset="1"><nd ref="491866519" /><nd ref="1328155427" /><tag k="highway" v="residential" /><tag k="name" v="6th Cross Road" /><tag k="oneway" v="no" /></way><way id="135" timestamp="2026-04-01T21:47:50Z" uid="1" user="OSMnx" version="1" changeset="1"><nd ref="736207255" /><nd ref="736207379" /><tag k="highway" v="residential" /><tag k="name" v="11th Cross Road" /><tag k="oneway" v="no" /></way><way id="136" timestamp="2026-04-01T21:47:50Z" uid="1" user="OSMnx" version="1" changeset="1"><nd ref="736207255" /><nd ref="3352035441" /><tag k="highway" v="primary" /><tag k="lanes" v="3" /><tag k="name" v="Swamy Vivekananda Road" /><tag k="oneway" v="no" /></way><way id="137" timestamp="2026-04-01T21:47:50Z" uid="1" user="OSMnx" version="1" changeset="1"><nd ref="736207324" /><nd ref="736207529" /><tag k="highway" v="residential" /><tag k="name" v="4th Main Road" /><tag k="oneway" v="no" /></way><way id="138" timestamp="2026-04-01T21:47:50Z" uid="1" user="OSMnx" version="1" changeset="1"><nd ref="736207362" /><nd ref="736207324" /><tag k="highway" v="residential" /><tag k="name" v="6th Cross Road" /><tag k="oneway" v="no" /></way><way id="139" timestamp="2026-04-01T21:47:50Z" uid="1" user="OSMnx" version="1" changeset="1"><nd ref="736207379" /><nd ref="736207511" /><tag k="highway" v="residential" /><tag k="name" v="11th Cross Road" /><tag k="oneway" v="no" /></way><way id="140" timestamp="2026-04-01T21:47:50Z" uid="1" user="OSMnx" version="1" changeset="1"><nd ref="736207379" /><nd ref="736207607" /><tag k="highway" v="residential" /><tag k="name" v="1st Main Road" /><tag k="oneway" v="no" /></way><way id="141" timestamp="2026-04-01T21:47:50Z" uid="1" user="OSMnx" version="1" changeset="1"><nd ref="736207509" /><nd ref="736207620" /><tag k="highway" v="tertiary" /><tag k="name" v="2nd Main Road" /><tag k="oneway" v="no" /></way><way id="142" timestamp="2026-04-01T21:47:50Z" uid="1" user="OSMnx" version="1" changeset="1"><nd ref="736207511" /><nd ref="736207509" /><tag k="highway" v="tertiary" /><tag k="name" v="2nd Main Road" /><tag k="oneway" v="no" /></way><way id="143" timestamp="2026-04-01T21:47:50Z" uid="1" user="OSMnx" version="1" changeset="1"><nd ref="736207529" /><nd ref="736207543" /><tag k="highway" v="residential" /><tag k="name" v="4th Main Road" /><tag k="oneway" v="no" /></way><way id="144" timestamp="2026-04-01T21:47:50Z" uid="1" user="OSMnx" version="1" changeset="1"><nd ref="736207543" /><nd ref="736207552" /><tag k="highway" v="residential" /><tag k="name" v="9th Cross Road" /><tag k="oneway" v="no" /></way><way id="145" timestamp="2026-04-01T21:47:50Z" uid="1" user="OSMnx" version="1" changeset="1"><nd ref="736207552" /><nd ref="3370055425" /><tag k="highway" v="residential" /><tag k="name" v="3rd Main Road" /><tag k="oneway" v="no" /></way><way id="146" timestamp="2026-04-01T21:47:50Z" uid="1" user="OSMnx" version="1" changeset="1"><nd ref="736207552" /><nd ref="3370175096" /><tag k="highway" v="residential" /><tag k="name" v="9th Cross Road" /><tag k="oneway" v="no" /></way><way id="147" timestamp="2026-04-01T21:47:50Z" uid="1" user="OSMnx" version="1" changeset="1"><nd ref="736207577" /><nd ref="736207640" /><tag k="highway" v="tertiary" /><tag k="name" v="2nd Main Road" /><tag k="oneway" v="no" /></way><way id="148" timestamp="2026-04-01T21:47:50Z" uid="1" user="OSMnx" version="1" changeset="1"><nd ref="736207577" /><nd ref="736207362" /><tag k="highway" v="residential" /><tag k="name" v="6th Cross Road" /><tag k="oneway" v="no" /></way><way id="149" timestamp="2026-04-01T21:47:50Z" uid="1" user="OSMnx" version="1" changeset="1"><nd ref="736207607" /><nd ref="12692472176" /><tag k="highway" v="primary" /><tag k="lanes" v="2" /><tag k="name" v="100 Feet Road" /><tag k="oneway" v="no" /></way><way id="150" timestamp="2026-04-01T21:47:50Z" uid="1" user="OSMnx" version="1" changeset="1"><nd ref="736207620" /><nd ref="3370055430" /><tag k="highway" v="tertiary" /><tag k="name" v="2nd Main Road" /><tag k="oneway" v="no" /></way><way id="151" timestamp="2026-04-01T21:47:50Z" uid="1" user="OSMnx" version="1" changeset="1"><nd ref="736207640" /><nd ref="287908996" /><tag k="highway" v="tertiary" /><tag k="name" v="2nd Main Road" /><tag k="oneway" v="no" /></way><way id="152" timestamp="2026-04-01T21:47:50Z" uid="1" user="OSMnx" version="1" changeset="1"><nd ref="736207640" /><nd ref="736207607" /><tag k="highway" v="primary" /><tag k="lanes" v="2" /><tag k="name" v="100 Feet Road" /><tag k="oneway" v="no" /></way><way id="153" timestamp="2026-04-01T21:47:50Z" uid="1" user="OSMnx" version="1" changeset="1"><nd ref="1317176280" /><nd ref="6426357731" /><tag k="highway" v="residential" /><tag k="name" v="1st Cross Road" /><tag k="oneway" v="no" /></way><way id="154" timestamp="2026-04-01T21:47:50Z" uid="1" user="OSMnx" version="1" changeset="1"><nd ref="1317176280" /><nd ref="253179991" /><tag k="highway" v="residential" /><tag k="name" v="4th Main Road" /><tag k="oneway" v="no" /></way><way id="155" timestamp="2026-04-01T21:47:50Z" uid="1" user="OSMnx" version="1" changeset="1"><nd ref="1317176299" /><nd ref="3530536231" /><tag k="highway" v="residential" /><tag k="name" v="4th Main Road" /><tag k="oneway" v="no" /></way><way id="156" timestamp="2026-04-01T21:47:50Z" uid="1" user="OSMnx" version="1" changeset="1"><nd ref="1317176299" /><nd ref="1500723974" /><tag k="highway" v="residential" /><tag k="name" v="5th Cross Road" /><tag k="oneway" v="no" /></way><way id="157" timestamp="2026-04-01T21:47:50Z" uid="1" user="OSMnx" version="1" changeset="1"><nd ref="1317176300" /><nd ref="1500356589" /><tag k="highway" v="residential" /><tag k="name" v="4th Main Road" /><tag k="oneway" v="no" /></way><way id="158" timestamp="2026-04-01T21:47:50Z" uid="1" user="OSMnx" version="1" changeset="1"><nd ref="1317176300" /><nd ref="1500723968" /><tag k="highway" v="residential" /><tag k="name" v="6th Cross Road" /><tag k="oneway" v="no" /></way><way id="159" timestamp="2026-04-01T21:47:50Z" uid="1" user="OSMnx" version="1" changeset="1"><nd ref="1328155425" /><nd ref="1336840359" /><tag k="highway" v="secondary" /><tag k="lanes" v="2" /><tag k="name" v="Jeevan Bhima Nagar Main Road" /><tag k="oneway" v="no" /></way><way id="160" timestamp="2026-04-01T21:47:50Z" uid="1" user="OSMnx" version="1" changeset="1"><nd ref="1328155427" /><nd ref="1500723973" /><tag k="highway" v="residential" /><tag k="name" v="6th Cross Road" /><tag k="oneway" v="no" /></way><way id="161" timestamp="2026-04-01T21:47:50Z" uid="1" user="OSMnx" version="1" changeset="1"><nd ref="1328610664" /><nd ref="4333461582" /><tag k="highway" v="residential" /><tag k="name" v="4th Cross Road" /><tag k="oneway" v="no" /></way><way id="162" timestamp="2026-04-01T21:47:50Z" uid="1" user="OSMnx" version="1" changeset="1"><nd ref="1336840359" /><nd ref="491866469" /><tag k="highway" v="secondary" /><tag k="lanes" v="2" /><tag k="name" v="Jeevan Bhima Nagar Main Road" /><tag k="oneway" v="no" /></way><way id="163" timestamp="2026-04-01T21:47:50Z" uid="1" user="OSMnx" version="1" changeset="1"><nd ref="1336840409" /><nd ref="1339408130" /><tag k="highway" v="residential" /><tag k="name" v="5th Cross Road" /><tag k="oneway" v="no" /></way><way id="164" timestamp="2026-04-01T21:47:50Z" uid="1" user="OSMnx" version="1" changeset="1"><nd ref="1336840471" /><nd ref="1500356625" /><tag k="highway" v="residential" /><tag k="lanes" v="2" /><tag k="name" v="8th Main Road" /><tag k="oneway" v="no" /></way><way id="165" timestamp="2026-04-01T21:47:50Z" uid="1" user="OSMnx" version="1" changeset="1"><nd ref="1336840471" /><nd ref="1339408186" /><tag k="highway" v="residential" /><tag k="name" v="4th E Cross Road" /><tag k="oneway" v="no" /></way><way id="166" timestamp="2026-04-01T21:47:50Z" uid="1" user="OSMnx" version="1" changeset="1"><nd ref="1339408083" /><nd ref="3530536225" /><tag k="highway" v="residential" /><tag k="name" v="8th A Main Road" /><tag k="oneway" v="no" /></way><way id="167" timestamp="2026-04-01T21:47:50Z" uid="1" user="OSMnx" version="1" changeset="1"><nd ref="1339408083" /><nd ref="4474692831" /><tag k="highway" v="residential" /><tag k="name" v="4th B Cross Road" /><tag k="oneway" v="no" /></way><way id="168" timestamp="2026-04-01T21:47:50Z" uid="1" user="OSMnx" version="1" changeset="1"><nd ref="1339408095" /><nd ref="1339408212" /><tag k="highway" v="residential" /><tag k="name" v="4th A Cross Road" /><tag k="oneway" v="no" /></way><way id="169" timestamp="2026-04-01T21:47:50Z" uid="1" user="OSMnx" version="1" changeset="1"><nd ref="1339408095" /><nd ref="1339408083" /><tag k="highway" v="residential" /><tag k="name" v="8th A Main Road" /><tag k="oneway" v="no" /></way><way id="170" timestamp="2026-04-01T21:47:50Z" uid="1" user="OSMnx" version="1" changeset="1"><nd ref="1339408101" /><nd ref="1339408130" /><tag k="highway" v="residential" /><tag k="name" v="9th Main Road" /><tag k="oneway" v="no" /></way><way id="171" timestamp="2026-04-01T21:47:50Z" uid="1" user="OSMnx" version="1" changeset="1"><nd ref="1339408130" /><nd ref="1336840359" /><tag k="highway" v="residential" /><tag k="name" v="5th Cross Road" /><tag k="oneway" v="no" /></way><way id="172" timestamp="2026-04-01T21:47:50Z" uid="1" user="OSMnx" version="1" changeset="1"><nd ref="1339408148" /><nd ref="1339408165" /><tag k="highway" v="residential" /><tag k="name" v="6th Cross Road" /><tag k="oneway" v="no" /></way><way id="173" timestamp="2026-04-01T21:47:50Z" uid="1" user="OSMnx" version="1" changeset="1"><nd ref="1339408165" /><nd ref="1328155440" /><tag k="highway" v="residential" /><tag k="name" v="6th Cross Road" /><tag k="oneway" v="no" /></way><way id="174" timestamp="2026-04-01T21:47:50Z" uid="1" user="OSMnx" version="1" changeset="1"><nd ref="1339408186" /><nd ref="1339408101" /><tag k="highway" v="residential" /><tag k="name" v="4th E Cross Road" /><tag k="oneway" v="no" /></way><way id="175" timestamp="2026-04-01T21:47:50Z" uid="1" user="OSMnx" version="1" changeset="1"><nd ref="1339408212" /><nd ref="4474692831" /><tag k="highway" v="residential" /><tag k="name" v="9th Main Road" /><tag k="oneway" v="no" /></way><way id="176" timestamp="2026-04-01T21:47:50Z" uid="1" user="OSMnx" version="1" changeset="1"><nd ref="1420066813" /><nd ref="1763359261" /><tag k="highway" v="tertiary" /><tag k="lanes" v="2" /><tag k="name" v="12th Main Road" /><tag k="oneway" v="no" /></way><way id="177" timestamp="2026-04-01T21:47:50Z" uid="1" user="OSMnx" version="1" changeset="1"><nd ref="1420066813" /><nd ref="448307453" /><tag k="highway" v="residential" /><tag k="name" v="7th Cross Road" /><tag k="oneway" v="no" /></way><way id="178" timestamp="2026-04-01T21:47:50Z" uid="1" user="OSMnx" version="1" changeset="1"><nd ref="1462139757" /><nd ref="355428742" /><tag k="highway" v="primary" /><tag k="lanes" v="2" /><tag k="name" v="100 Feet Road" /><tag k="oneway" v="no" /></way><way id="179" timestamp="2026-04-01T21:47:50Z" uid="1" user="OSMnx" version="1" changeset="1"><nd ref="1462139757" /><nd ref="3563294493" /><tag k="highway" v="residential" /><tag k="name" v="5th Main Road" /><tag k="oneway" v="no" /></way><way id="180" timestamp="2026-04-01T21:47:50Z" uid="1" user="OSMnx" version="1" changeset="1"><nd ref="1462139759" /><nd ref="1563314096" /><tag k="highway" v="residential" /><tag k="name" v="1st Cross Road" /><tag k="oneway" v="no" /></way><way id="181" timestamp="2026-04-01T21:47:50Z" uid="1" user="OSMnx" version="1" changeset="1"><nd ref="1462139760" /><nd ref="1563314094" /><tag k="highway" v="residential" /><tag k="name" v="5th Cross Road" /><tag k="oneway" v="no" /></way><way id="182" timestamp="2026-04-01T21:47:50Z" uid="1" user="OSMnx" version="1" changeset="1"><nd ref="1462139760" /><nd ref="4101591489" /><tag k="highway" v="residential" /><tag k="name" v="3rd Main Road" /><tag k="oneway" v="no" /></way><way id="183" timestamp="2026-04-01T21:47:50Z" uid="1" user="OSMnx" version="1" changeset="1"><nd ref="1462139764" /><nd ref="421265107" /><tag k="highway" v="tertiary" /><tag k="lanes" v="2" /><tag k="name" v="Sri Krishna Temple Road" /><tag k="oneway" v="no" /></way><way id="184" timestamp="2026-04-01T21:47:50Z" uid="1" user="OSMnx" version="1" changeset="1"><nd ref="1462139764" /><nd ref="1563301989" /><tag k="highway" v="residential" /><tag k="name" v="1st Cross Road" /><tag k="oneway" v="no" /></way><way id="185" timestamp="2026-04-01T21:47:50Z" uid="1" user="OSMnx" version="1" changeset="1"><nd ref="1462139766" /><nd ref="1462139759" /><tag k="highway" v="residential" /><tag k="name" v="3rd Main Road" /><tag k="oneway" v="no" /></way><way id="186" timestamp="2026-04-01T21:47:50Z" uid="1" user="OSMnx" version="1" changeset="1"><nd ref="1462139769" /><nd ref="3726150980" /><tag k="highway" v="residential" /><tag k="name" v="5th Main Road" /><tag k="oneway" v="no" /></way><way id="187" timestamp="2026-04-01T21:47:50Z" uid="1" user="OSMnx" version="1" changeset="1"><nd ref="1462139769" /><nd ref="5375145474" /><tag k="highway" v="residential" /><tag k="name" v="5th Cross Road" /><tag k="oneway" v="no" /></way><way id="188" timestamp="2026-04-01T21:47:50Z" uid="1" user="OSMnx" version="1" changeset="1"><nd ref="1500356589" /><nd ref="3530536230" /><tag k="highway" v="residential" /><tag k="name" v="4th Main Road" /><tag k="oneway" v="no" /></way><way id="189" timestamp="2026-04-01T21:47:50Z" uid="1" user="OSMnx" version="1" changeset="1"><nd ref="1500356589" /><nd ref="6424016579" /><tag k="highway" v="residential" /><tag k="name" v="5th Cross Road" /><tag k="oneway" v="no" /></way><way id="190" timestamp="2026-04-01T21:47:50Z" uid="1" user="OSMnx" version="1" changeset="1"><nd ref="1500356591" /><nd ref="1500356614" /><tag k="highway" v="residential" /><tag k="name" v="4th Cross Road" /><tag k="oneway" v="no" /></way><way id="191" timestamp="2026-04-01T21:47:50Z" uid="1" user="OSMnx" version="1" changeset="1"><nd ref="1500356591" /><nd ref="1500356621" /><tag k="highway" v="residential" /><tag k="name" v="7th Main Road" /><tag k="oneway" v="no" /></way><way id="192" timestamp="2026-04-01T21:47:50Z" uid="1" user="OSMnx" version="1" changeset="1"><nd ref="1500356593" /><nd ref="491866517" /><tag k="highway" v="residential" /><tag k="name" v="2nd Main Road" /><tag k="oneway" v="no" /></way><way id="193" timestamp="2026-04-01T21:47:50Z" uid="1" user="OSMnx" version="1" changeset="1"><nd ref="1500356596" /><nd ref="1758230707" /><tag k="highway" v="residential" /><tag k="name" v="6th Main Road" /><tag k="oneway" v="no" /></way><way id="194" timestamp="2026-04-01T21:47:50Z" uid="1" user="OSMnx" version="1" changeset="1"><nd ref="1500356596" /><nd ref="1500736131" /><tag k="highway" v="residential" /><tag k="name" v="1st Cross Road" /><tag k="oneway" v="no" /></way><way id="195" timestamp="2026-04-01T21:47:50Z" uid="1" user="OSMnx" version="1" changeset="1"><nd ref="1500356611" /><nd ref="1500741746" /><tag k="highway" v="residential" /><tag k="name" v="4th Main Road" /><tag k="oneway" v="no" /></way><way id="196" timestamp="2026-04-01T21:47:50Z" uid="1" user="OSMnx" version="1" changeset="1"><nd ref="1500356611" /><nd ref="491866474" /><tag k="highway" v="residential" /><tag k="name" v="4th Cross Road" /><tag k="oneway" v="no" /></way><way id="197" timestamp="2026-04-01T21:47:50Z" uid="1" user="OSMnx" version="1" changeset="1"><nd ref="1500356614" /><nd ref="3530536227" /><tag k="highway" v="residential" /><tag k="name" v="6th Main Road" /><tag k="oneway" v="no" /></way><way id="198" timestamp="2026-04-01T21:47:50Z" uid="1" user="OSMnx" version="1" changeset="1"><nd ref="1500356614" /><nd ref="6426357732" /><tag k="highway" v="residential" /><tag k="name" v="4th Cross Road" /><tag k="oneway" v="no" /></way><way id="199" timestamp="2026-04-01T21:47:50Z" uid="1" user="OSMnx" version="1" changeset="1"><nd ref="1500356616" /><nd ref="4474692928" /><tag k="highway" v="residential" /><tag k="lanes" v="2" /><tag k="name" v="8th Main Road" /><tag k="oneway" v="no" /></way><way id="200" timestamp="2026-04-01T21:47:50Z" uid="1" user="OSMnx" version="1" changeset="1"><nd ref="1500356616" /><nd ref="1500356591" /><tag k="highway" v="residential" /><tag k="name" v="4th Cross Road" /><tag k="oneway" v="no" /></way><way id="201" timestamp="2026-04-01T21:47:50Z" uid="1" user="OSMnx" version="1" changeset="1"><nd ref="1500356621" /><nd ref="1500356625" /><tag k="highway" v="residential" /><tag k="name" v="5th Cross Road" /><tag k="oneway" v="no" /></way><way id="202" timestamp="2026-04-01T21:47:50Z" uid="1" user="OSMnx" version="1" changeset="1"><nd ref="1500356623" /><nd ref="1500356621" /><tag k="highway" v="residential" /><tag k="name" v="5th Cross Road" /><tag k="oneway" v="no" /></way><way id="203" timestamp="2026-04-01T21:47:50Z" uid="1" user="OSMnx" version="1" changeset="1"><nd ref="1500356625" /><nd ref="1336840409" /><tag k="highway" v="residential" /><tag k="lanes" v="2" /><tag k="name" v="8th Main Road" /><tag k="oneway" v="no" /></way><way id="204" timestamp="2026-04-01T21:47:50Z" uid="1" user="OSMnx" version="1" changeset="1"><nd ref="1500723968" /><nd ref="1339408148" /><tag k="highway" v="residential" /><tag k="name" v="6th Cross Road" /><tag k="oneway" v="no" /></way><way id="205" timestamp="2026-04-01T21:47:50Z" uid="1" user="OSMnx" version="1" changeset="1"><nd ref="1500723973" /><nd ref="1317176300" /><tag k="highway" v="residential" /><tag k="name" v="6th Cross Road" /><tag k="oneway" v="no" /></way><way id="206" timestamp="2026-04-01T21:47:50Z" uid="1" user="OSMnx" version="1" changeset="1"><nd ref="1500723974" /><nd ref="1328155427" /><tag k="highway" v="residential" /><tag k="name" v="3rd Main Road" /><tag k="oneway" v="no" /></way><way id="207" timestamp="2026-04-01T21:47:50Z" uid="1" user="OSMnx" version="1" changeset="1"><nd ref="1500723974" /><nd ref="1500356593" /><tag k="highway" v="residential" /><tag k="name" v="5th Cross Road" /><tag k="oneway" v="no" /></way><way id="208" timestamp="2026-04-01T21:47:50Z" uid="1" user="OSMnx" version="1" changeset="1"><nd ref="1500736131" /><nd ref="491866470" /><tag k="highway" v="residential" /><tag k="name" v="9th Main Road" /><tag k="oneway" v="no" /></way><way id="209" timestamp="2026-04-01T21:47:50Z" uid="1" user="OSMnx" version="1" changeset="1"><nd ref="1500736132" /><nd ref="1317176280" /><tag k="highway" v="residential" /><tag k="name" v="1st Cross Road" /><tag k="oneway" v="no" /></way><way id="210" timestamp="2026-04-01T21:47:50Z" uid="1" user="OSMnx" version="1" changeset="1"><nd ref="1500736132" /><nd ref="1500741747" /><tag k="highway" v="residential" /><tag k="name" v="2nd Main Road" /><tag k="oneway" v="no" /></way><way id="211" timestamp="2026-04-01T21:47:50Z" uid="1" user="OSMnx" version="1" changeset="1"><nd ref="1500741746" /><nd ref="1500741749" /><tag k="highway" v="residential" /><tag k="name" v="4th Main Road" /><tag k="oneway" v="no" /></way><way id="212" timestamp="2026-04-01T21:47:50Z" uid="1" user="OSMnx" version="1" changeset="1"><nd ref="1500741746" /><nd ref="11012318041" /><tag k="highway" v="residential" /><tag k="name" v="3rd Cross Road" /><tag k="oneway" v="no" /></way><way id="213" timestamp="2026-04-01T21:47:50Z" uid="1" user="OSMnx" version="1" changeset="1"><nd ref="1500741747" /><nd ref="1500741749" /><tag k="highway" v="residential" /><tag k="name" v="2nd Cross Road" /><tag k="oneway" v="no" /></way><way id="214" timestamp="2026-04-01T21:47:50Z" uid="1" user="OSMnx" version="1" changeset="1"><nd ref="1500741747" /><nd ref="11012318042" /><tag k="highway" v="residential" /><tag k="name" v="2nd Main Road" /><tag k="oneway" v="no" /></way><way id="215" timestamp="2026-04-01T21:47:50Z" uid="1" user="OSMnx" version="1" changeset="1"><nd ref="1500741749" /><nd ref="1317176280" /><tag k="highway" v="residential" /><tag k="name" v="4th Main Road" /><tag k="oneway" v="no" /></way><way id="216" timestamp="2026-04-01T21:47:50Z" uid="1" user="OSMnx" version="1" changeset="1"><nd ref="1500741750" /><nd ref="491866474" /><tag k="highway" v="residential" /><tag k="name" v="2nd Main Road" /><tag k="oneway" v="no" /></way><way id="217" timestamp="2026-04-01T21:47:50Z" uid="1" user="OSMnx" version="1" changeset="1"><nd ref="1500742635" /><nd ref="1500742637" /><tag k="highway" v="residential" /><tag k="name" v="9th Main Road" /><tag k="oneway" v="no" /></way><way id="218" timestamp="2026-04-01T21:47:50Z" uid="1" user="OSMnx" version="1" changeset="1"><nd ref="1500742637" /><nd ref="1842455534" /><tag k="highway" v="residential" /><tag k="name" v="4th Main Road" /><tag k="oneway" v="no" /></way><way id="219" timestamp="2026-04-01T21:47:50Z" uid="1" user="OSMnx" version="1" changeset="1"><nd ref="1500742637" /><nd ref="253179989" /><tag k="highway" v="residential" /><tag k="name" v="9th Main Road" /><tag k="oneway" v="no" /></way><way id="220" timestamp="2026-04-01T21:47:50Z" uid="1" user="OSMnx" version="1" changeset="1"><nd ref="1563301976" /><nd ref="1563301999" /><tag k="highway" v="residential" /><tag k="name" v="1st Main Road" /><tag k="oneway" v="no" /></way><way id="221" timestamp="2026-04-01T21:47:50Z" uid="1" user="OSMnx" version="1" changeset="1"><nd ref="1563301979" /><nd ref="4474675120" /><tag k="highway" v="residential" /><tag k="oneway" v="no" /></way><way id="222" timestamp="2026-04-01T21:47:50Z" uid="1" user="OSMnx" version="1" changeset="1"><nd ref="1563301981" /><nd ref="1563301976" /><tag k="highway" v="residential" /><tag k="oneway" v="no" /></way><way id="223" timestamp="2026-04-01T21:47:50Z" uid="1" user="OSMnx" version="1" changeset="1"><nd ref="1563301989" /><nd ref="1462139759" /><tag k="highway" v="residential" /><tag k="name" v="1st Cross Road" /><tag k="oneway" v="no" /></way><way id="224" timestamp="2026-04-01T21:47:50Z" uid="1" user="OSMnx" version="1" changeset="1"><nd ref="1563301989" /><nd ref="2268586318" /><tag k="highway" v="residential" /><tag k="name" v="1st Main Road" /><tag k="oneway" v="no" /></way><way id="225" timestamp="2026-04-01T21:47:50Z" uid="1" user="OSMnx" version="1" changeset="1"><nd ref="1563301990" /><nd ref="5336663607" /><tag k="highway" v="residential" /><tag k="name" v="1st A Cross" /><tag k="oneway" v="no" /></way><way id="226" timestamp="2026-04-01T21:47:50Z" uid="1" user="OSMnx" version="1" changeset="1"><nd ref="1563301990" /><nd ref="2268586324" /><tag k="highway" v="residential" /><tag k="name" v="3rd B Cross" /><tag k="oneway" v="no" /></way><way id="227" timestamp="2026-04-01T21:47:50Z" uid="1" user="OSMnx" version="1" changeset="1"><nd ref="1563301992" /><nd ref="3387829500" /><tag k="highway" v="residential" /><tag k="name" v="1st A Cross Road" /><tag k="oneway" v="no" /></way><way id="228" timestamp="2026-04-01T21:47:50Z" uid="1" user="OSMnx" version="1" changeset="1"><nd ref="1563301999" /><nd ref="1328610664" /><tag k="highway" v="residential" /><tag k="name" v="1st Main Road" /><tag k="oneway" v="no" /></way><way id="229" timestamp="2026-04-01T21:47:50Z" uid="1" user="OSMnx" version="1" changeset="1"><nd ref="1563306444" /><nd ref="4386563001" /><tag k="highway" v="secondary" /><tag k="lanes" v="2" /><tag k="name" v="80 Feet Road" /><tag k="oneway" v="no" /></way><way id="230" timestamp="2026-04-01T21:47:50Z" uid="1" user="OSMnx" version="1" changeset="1"><nd ref="1563306444" /><nd ref="12239510691" /><tag k="highway" v="secondary_link" /><tag k="oneway" v="no" /></way><way id="231" timestamp="2026-04-01T21:47:50Z" uid="1" user="OSMnx" version="1" changeset="1"><nd ref="1563306444" /><nd ref="4386562999" /><tag k="highway" v="residential" /><tag k="name" v="4th B Cross" /><tag k="oneway" v="no" /></way><way id="232" timestamp="2026-04-01T21:47:50Z" uid="1" user="OSMnx" version="1" changeset="1"><nd ref="1563309904" /><nd ref="1563309909" /><tag k="highway" v="residential" /><tag k="name" v="1st Main Road" /><tag k="oneway" v="no" /></way><way id="233" timestamp="2026-04-01T21:47:50Z" uid="1" user="OSMnx" version="1" changeset="1"><nd ref="1563309905" /><nd ref="287908996" /><tag k="highway" v="residential" /><tag k="name" v="5th Cross Road" /><tag k="oneway" v="no" /></way><way id="234" timestamp="2026-04-01T21:47:50Z" uid="1" user="OSMnx" version="1" changeset="1"><nd ref="1563309909" /><nd ref="1563309905" /><tag k="highway" v="residential" /><tag k="name" v="1st Main Road" /><tag k="oneway" v="no" /></way><way id="235" timestamp="2026-04-01T21:47:50Z" uid="1" user="OSMnx" version="1" changeset="1"><nd ref="1563314088" /><nd ref="1563309909" /><tag k="highway" v="residential" /><tag k="name" v="1st Cross Road" /><tag k="oneway" v="no" /></way><way id="236" timestamp="2026-04-01T21:47:50Z" uid="1" user="OSMnx" version="1" changeset="1"><nd ref="1563314088" /><nd ref="1563314096" /><tag k="highway" v="residential" /><tag k="name" v="2nd Main Road" /><tag k="oneway" v="no" /></way><way id="237" timestamp="2026-04-01T21:47:50Z" uid="1" user="OSMnx" version="1" changeset="1"><nd ref="1563314094" /><nd ref="1563309905" /><tag k="highway" v="residential" /><tag k="name" v="5th Cross Road" /><tag k="oneway" v="no" /></way><way id="238" timestamp="2026-04-01T21:47:50Z" uid="1" user="OSMnx" version="1" changeset="1"><nd ref="1563314094" /><nd ref="1563314088" /><tag k="highway" v="residential" /><tag k="name" v="2nd Main Road" /><tag k="oneway" v="no" /></way><way id="239" timestamp="2026-04-01T21:47:50Z" uid="1" user="OSMnx" version="1" changeset="1"><nd ref="1563314096" /><nd ref="1563309904" /><tag k="highway" v="residential" /><tag k="name" v="1st Cross Road" /><tag k="oneway" v="no" /></way><way id="240" timestamp="2026-04-01T21:47:50Z" uid="1" user="OSMnx" version="1" changeset="1"><nd ref="1563314098" /><nd ref="1462139766" /><tag k="highway" v="residential" /><tag k="name" v="3rd Main Road" /><tag k="oneway" v="no" /></way><way id="241" timestamp="2026-04-01T21:47:50Z" uid="1" user="OSMnx" version="1" changeset="1"><nd ref="1563314098" /><nd ref="1563314088" /><tag k="highway" v="residential" /><tag k="name" v="1st Cross Road" /><tag k="oneway" v="no" /></way><way id="242" timestamp="2026-04-01T21:47:50Z" uid="1" user="OSMnx" version="1" changeset="1"><nd ref="1563316282" /><nd ref="11386898670" /><tag k="highway" v="residential" /><tag k="oneway" v="no" /></way><way id="243" timestamp="2026-04-01T21:47:50Z" uid="1" user="OSMnx" version="1" changeset="1"><nd ref="1563316284" /><nd ref="1462139766" /><tag k="highway" v="residential" /><tag k="name" v="2nd Cross Road" /><tag k="oneway" v="no" /></way><way id="244" timestamp="2026-04-01T21:47:50Z" uid="1" user="OSMnx" version="1" changeset="1"><nd ref="1563316284" /><nd ref="1563301989" /><tag k="highway" v="residential" /><tag k="name" v="1st Main Road" /><tag k="oneway" v="no" /></way><way id="245" timestamp="2026-04-01T21:47:50Z" uid="1" user="OSMnx" version="1" changeset="1"><nd ref="1756917762" /><nd ref="1563316284" /><tag k="highway" v="residential" /><tag k="name" v="1st Main Road" /><tag k="oneway" v="no" /></way><way id="246" timestamp="2026-04-01T21:47:50Z" uid="1" user="OSMnx" version="1" changeset="1"><nd ref="1756917762" /><nd ref="1756917763" /><tag k="highway" v="residential" /><tag k="name" v="3rd Cross Road" /><tag k="oneway" v="no" /></way><way id="247" timestamp="2026-04-01T21:47:50Z" uid="1" user="OSMnx" version="1" changeset="1"><nd ref="1756917763" /><nd ref="421265109" /><tag k="highway" v="tertiary" /><tag k="lanes" v="2" /><tag k="name" v="Sri Krishna Temple Road" /><tag k="oneway" v="no" /></way><way id="248" timestamp="2026-04-01T21:47:50Z" uid="1" user="OSMnx" version="1" changeset="1"><nd ref="1758230707" /><nd ref="1500356614" /><tag k="highway" v="residential" /><tag k="name" v="6th Main Road" /><tag k="oneway" v="no" /></way><way id="249" timestamp="2026-04-01T21:47:50Z" uid="1" user="OSMnx" version="1" changeset="1"><nd ref="1768672378" /><nd ref="3152690637" /><tag k="highway" v="residential" /><tag k="name" v="5th Cross Road" /><tag k="oneway" v="no" /></way><way id="250" timestamp="2026-04-01T21:47:50Z" uid="1" user="OSMnx" version="1" changeset="1"><nd ref="1842455497" /><nd ref="1842455501" /><tag k="highway" v="residential" /><tag k="name" v="9th Cross Road" /><tag k="oneway" v="no" /></way><way id="251" timestamp="2026-04-01T21:47:50Z" uid="1" user="OSMnx" version="1" changeset="1"><nd ref="1842455497" /><nd ref="1842455499" /><tag k="highway" v="residential" /><tag k="name" v="11th Main Road" /><tag k="oneway" v="no" /></way><way id="252" timestamp="2026-04-01T21:47:50Z" uid="1" user="OSMnx" version="1" changeset="1"><nd ref="1842455499" /><nd ref="3706026737" /><tag k="highway" v="residential" /><tag k="name" v="10th Cross Road" /><tag k="oneway" v="no" /></way><way id="253" timestamp="2026-04-01T21:47:50Z" uid="1" user="OSMnx" version="1" changeset="1"><nd ref="1842455499" /><nd ref="5251934695" /><tag k="highway" v="residential" /><tag k="name" v="11th Main Road" /><tag k="oneway" v="no" /></way><way id="254" timestamp="2026-04-01T21:47:50Z" uid="1" user="OSMnx" version="1" changeset="1"><nd ref="1842455501" /><nd ref="11012314119" /><tag k="highway" v="residential" /><tag k="name" v="9th Cross Road" /><tag k="oneway" v="no" /></way><way id="255" timestamp="2026-04-01T21:47:50Z" uid="1" user="OSMnx" version="1" changeset="1"><nd ref="1842455503" /><nd ref="1842455501" /><tag k="highway" v="residential" /><tag k="oneway" v="no" /></way><way id="256" timestamp="2026-04-01T21:47:50Z" uid="1" user="OSMnx" version="1" changeset="1"><nd ref="1842455520" /><nd ref="1842455522" /><tag k="highway" v="residential" /><tag k="oneway" v="no" /></way><way id="257" timestamp="2026-04-01T21:47:50Z" uid="1" user="OSMnx" version="1" changeset="1"><nd ref="1842455522" /><nd ref="1842455524" /><tag k="highway" v="residential" /><tag k="name" v="1st Main Road" /><tag k="oneway" v="no" /></way><way id="258" timestamp="2026-04-01T21:47:50Z" uid="1" user="OSMnx" version="1" changeset="1"><nd ref="1842455522" /><nd ref="1842455527" /><tag k="highway" v="residential" /><tag k="oneway" v="no" /></way><way id="259" timestamp="2026-04-01T21:47:50Z" uid="1" user="OSMnx" version="1" changeset="1"><nd ref="1842455524" /><nd ref="12107761069" /><tag k="highway" v="residential" /><tag k="name" v="1st Main Road" /><tag k="oneway" v="no" /></way><way id="260" timestamp="2026-04-01T21:47:50Z" uid="1" user="OSMnx" version="1" changeset="1"><nd ref="1842455524" /><nd ref="1842455528" /><tag k="highway" v="secondary" /><tag k="lanes" v="2" /><tag k="name" v="80 Feet Road" /><tag k="oneway" v="no" /></way><way id="261" timestamp="2026-04-01T21:47:50Z" uid="1" user="OSMnx" version="1" changeset="1"><nd ref="1842455527" /><nd ref="1842455530" /><tag k="highway" v="residential" /><tag k="oneway" v="no" /></way><way id="262" timestamp="2026-04-01T21:47:50Z" uid="1" user="OSMnx" version="1" changeset="1"><nd ref="1842455527" /><nd ref="1842455528" /><tag k="highway" v="residential" /><tag k="name" v="2nd Main Road" /><tag k="oneway" v="no" /></way><way id="263" timestamp="2026-04-01T21:47:50Z" uid="1" user="OSMnx" version="1" changeset="1"><nd ref="1842455528" /><nd ref="1842455531" /><tag k="highway" v="secondary" /><tag k="lanes" v="2" /><tag k="name" v="80 Feet Road" /><tag k="oneway" v="no" /></way><way id="264" timestamp="2026-04-01T21:47:50Z" uid="1" user="OSMnx" version="1" changeset="1"><nd ref="1842455529" /><nd ref="1500742635" /><tag k="highway" v="living_street" /><tag k="name" v="3rd Main Road" /><tag k="oneway" v="no" /></way><way id="265" timestamp="2026-04-01T21:47:50Z" uid="1" user="OSMnx" version="1" changeset="1"><nd ref="1842455529" /><nd ref="1842455527" /><tag k="highway" v="residential" /><tag k="name" v="2nd Main Road" /><tag k="oneway" v="no" /></way><way id="266" timestamp="2026-04-01T21:47:50Z" uid="1" user="OSMnx" version="1" changeset="1"><nd ref="1842455530" /><nd ref="1842455529" /><tag k="highway" v="living_street" /><tag k="name" v="3rd Main Road" /><tag k="oneway" v="no" /></way><way id="267" timestamp="2026-04-01T21:47:50Z" uid="1" user="OSMnx" version="1" changeset="1"><nd ref="1842455531" /><nd ref="253179989" /><tag k="highway" v="secondary" /><tag k="lanes" v="2" /><tag k="name" v="80 Feet Road" /><tag k="oneway" v="no" /></way><way id="268" timestamp="2026-04-01T21:47:50Z" uid="1" user="OSMnx" version="1" changeset="1"><nd ref="1842455531" /><nd ref="1842455530" /><tag k="highway" v="living_street" /><tag k="name" v="3rd Main Road" /><tag k="oneway" v="no" /></way><way id="269" timestamp="2026-04-01T21:47:50Z" uid="1" user="OSMnx" version="1" changeset="1"><nd ref="1842455533" /><nd ref="1842455534" /><tag k="highway" v="residential" /><tag k="name" v="9th Cross Road" /><tag k="oneway" v="no" /></way><way id="270" timestamp="2026-04-01T21:47:50Z" uid="1" user="OSMnx" version="1" changeset="1"><nd ref="1842455533" /><nd ref="4725358883" /><tag k="highway" v="residential" /><tag k="name" v="9th Cross Road" /><tag k="oneway" v="no" /></way><way id="271" timestamp="2026-04-01T21:47:50Z" uid="1" user="OSMnx" version="1" changeset="1"><nd ref="1842455534" /><nd ref="12107761085" /><tag k="highway" v="residential" /><tag k="name" v="9th Cross Road" /><tag k="oneway" v="no" /></way><way id="272" timestamp="2026-04-01T21:47:50Z" uid="1" user="OSMnx" version="1" changeset="1"><nd ref="1842455535" /><nd ref="448307454" /><tag k="highway" v="residential" /><tag k="name" v="7th Main Road" /><tag k="oneway" v="no" /></way><way id="273" timestamp="2026-04-01T21:47:50Z" uid="1" user="OSMnx" version="1" changeset="1"><nd ref="1842455536" /><nd ref="1842455535" /><tag k="highway" v="residential" /><tag k="name" v="7th Main Road" /><tag k="oneway" v="no" /></way><way id="274" timestamp="2026-04-01T21:47:50Z" uid="1" user="OSMnx" version="1" changeset="1"><nd ref="1842455536" /><nd ref="1842455533" /><tag k="highway" v="residential" /><tag k="name" v="9th Cross Road" /><tag k="oneway" v="no" /></way><way id="275" timestamp="2026-04-01T21:47:50Z" uid="1" user="OSMnx" version="1" changeset="1"><nd ref="2268586300" /><nd ref="421265110" /><tag k="highway" v="tertiary" /><tag k="lanes" v="2" /><tag k="name" v="Sri Krishna Temple Road" /><tag k="oneway" v="no" /></way><way id="276" timestamp="2026-04-01T21:47:50Z" uid="1" user="OSMnx" version="1" changeset="1"><nd ref="2268586300" /><nd ref="3387828981" /><tag k="highway" v="residential" /><tag k="name" v="3rd A Cross Road" /><tag k="oneway" v="no" /></way><way id="277" timestamp="2026-04-01T21:47:50Z" uid="1" user="OSMnx" version="1" changeset="1"><nd ref="2268586310" /><nd ref="421265107" /><tag k="highway" v="residential" /><tag k="name" v="1st A Cross Road" /><tag k="oneway" v="no" /></way><way id="278" timestamp="2026-04-01T21:47:50Z" uid="1" user="OSMnx" version="1" changeset="1"><nd ref="2268586318" /><nd ref="2268586310" /><tag k="highway" v="residential" /><tag k="oneway" v="no" /></way><way id="279" timestamp="2026-04-01T21:47:50Z" uid="1" user="OSMnx" version="1" changeset="1"><nd ref="2268586318" /><nd ref="5164915354" /><tag k="highway" v="residential" /><tag k="name" v="1st Main Road" /><tag k="oneway" v="no" /></way><way id="280" timestamp="2026-04-01T21:47:50Z" uid="1" user="OSMnx" version="1" changeset="1"><nd ref="2268586320" /><nd ref="5336663608" /><tag k="highway" v="secondary" /><tag k="lanes" v="2" /><tag k="name" v="80 Feet Road" /><tag k="oneway" v="no" /></way><way id="281" timestamp="2026-04-01T21:47:50Z" uid="1" user="OSMnx" version="1" changeset="1"><nd ref="2268586322" /><nd ref="1563301999" /><tag k="highway" v="residential" /><tag k="oneway" v="no" /></way><way id="282" timestamp="2026-04-01T21:47:50Z" uid="1" user="OSMnx" version="1" changeset="1"><nd ref="2268586322" /><nd ref="2268586328" /><tag k="highway" v="residential" /><tag k="oneway" v="no" /></way><way id="283" timestamp="2026-04-01T21:47:50Z" uid="1" user="OSMnx" version="1" changeset="1"><nd ref="2268586324" /><nd ref="253179982" /><tag k="highway" v="secondary" /><tag k="lanes" v="2" /><tag k="name" v="80 Feet Road" /><tag k="oneway" v="no" /></way><way id="284" timestamp="2026-04-01T21:47:50Z" uid="1" user="OSMnx" version="1" changeset="1"><nd ref="2268586326" /><nd ref="4474675127" /><tag k="highway" v="living_street" /><tag k="name" v="4th Cross Road" /><tag k="oneway" v="no" /></way><way id="285" timestamp="2026-04-01T21:47:50Z" uid="1" user="OSMnx" version="1" changeset="1"><nd ref="2268586328" /><nd ref="1328610664" /><tag k="highway" v="residential" /><tag k="name" v="4th Cross Road" /><tag k="oneway" v="no" /></way><way id="286" timestamp="2026-04-01T21:47:50Z" uid="1" user="OSMnx" version="1" changeset="1"><nd ref="2268586334" /><nd ref="10309256812" /><tag k="highway" v="secondary_link" /><tag k="oneway" v="no" /></way><way id="287" timestamp="2026-04-01T21:47:50Z" uid="1" user="OSMnx" version="1" changeset="1"><nd ref="2268586334" /><nd ref="9351941623" /><tag k="highway" v="secondary" /><tag k="lanes" v="2" /><tag k="name" v="80 Feet Road" /><tag k="oneway" v="no" /></way><way id="288" timestamp="2026-04-01T21:47:50Z" uid="1" user="OSMnx" version="1" changeset="1"><nd ref="3152690637" /><nd ref="4333461579" /><tag k="highway" v="residential" /><tag k="name" v="4th Cross Road" /><tag k="oneway" v="no" /></way><way id="289" timestamp="2026-04-01T21:47:50Z" uid="1" user="OSMnx" version="1" changeset="1"><nd ref="3352035440" /><nd ref="736207511" /><tag k="highway" v="tertiary" /><tag k="name" v="2nd Main Road" /><tag k="oneway" v="no" /></way><way id="290" timestamp="2026-04-01T21:47:50Z" uid="1" user="OSMnx" version="1" changeset="1"><nd ref="3352035441" /><nd ref="3369913191" /><tag k="highway" v="tertiary" /><tag k="name" v="Indiranagar Double Road" /><tag k="oneway" v="no" /></way><way id="291" timestamp="2026-04-01T21:47:50Z" uid="1" user="OSMnx" version="1" changeset="1"><nd ref="3369884080" /><nd ref="423744889" /><tag k="highway" v="residential" /><tag k="name" v="1st Main Road" /><tag k="oneway" v="no" /></way><way id="292" timestamp="2026-04-01T21:47:50Z" uid="1" user="OSMnx" version="1" changeset="1"><nd ref="3369884080" /><nd ref="421262997" /><tag k="highway" v="residential" /><tag k="name" v="6th Cross Road" /><tag k="oneway" v="no" /></way><way id="293" timestamp="2026-04-01T21:47:50Z" uid="1" user="OSMnx" version="1" changeset="1"><nd ref="3369884089" /><nd ref="421264386" /><tag k="highway" v="residential" /><tag k="name" v="2nd Cross Road" /><tag k="oneway" v="no" /></way><way id="294" timestamp="2026-04-01T21:47:50Z" uid="1" user="OSMnx" version="1" changeset="1"><nd ref="3369884089" /><nd ref="3369884090" /><tag k="highway" v="secondary" /><tag k="lanes" v="2" /><tag k="name" v="Chinmaya Mission Hospital Road" /><tag k="oneway" v="no" /></way><way id="295" timestamp="2026-04-01T21:47:50Z" uid="1" user="OSMnx" version="1" changeset="1"><nd ref="3369884090" /><nd ref="3369884091" /><tag k="highway" v="secondary" /><tag k="lanes" v="2" /><tag k="name" v="Chinmaya Mission Hospital Road" /><tag k="oneway" v="no" /></way><way id="296" timestamp="2026-04-01T21:47:50Z" uid="1" user="OSMnx" version="1" changeset="1"><nd ref="3369884090" /><nd ref="421265109" /><tag k="highway" v="residential" /><tag k="name" v="2nd Cross Road" /><tag k="oneway" v="no" /></way><way id="297" timestamp="2026-04-01T21:47:50Z" uid="1" user="OSMnx" version="1" changeset="1"><nd ref="3369884091" /><nd ref="421264364" /><tag k="highway" v="residential" /><tag k="name" v="1st A Cross Road" /><tag k="oneway" v="no" /></way><way id="298" timestamp="2026-04-01T21:47:50Z" uid="1" user="OSMnx" version="1" changeset="1"><nd ref="3369884091" /><nd ref="11497593334" /><tag k="highway" v="secondary" /><tag k="lanes" v="2" /><tag k="name" v="Chinmaya Mission Hospital Road" /><tag k="oneway" v="no" /></way><way id="299" timestamp="2026-04-01T21:47:50Z" uid="1" user="OSMnx" version="1" changeset="1"><nd ref="3369913191" /><nd ref="3352035440" /><tag k="highway" v="tertiary" /><tag k="name" v="Indiranagar Double Road" /><tag k="oneway" v="no" /></way><way id="300" timestamp="2026-04-01T21:47:50Z" uid="1" user="OSMnx" version="1" changeset="1"><nd ref="3370055425" /><nd ref="3370055428" /><tag k="highway" v="residential" /><tag k="name" v="8th Cross Road - Zain Burj" /><tag k="oneway" v="no" /></way><way id="301" timestamp="2026-04-01T21:47:50Z" uid="1" user="OSMnx" version="1" changeset="1"><nd ref="3370055425" /><nd ref="3370171491" /><tag k="highway" v="residential" /><tag k="name" v="3rd Main Road" /><tag k="oneway" v="no" /></way><way id="302" timestamp="2026-04-01T21:47:50Z" uid="1" user="OSMnx" version="1" changeset="1"><nd ref="3370055428" /><nd ref="3370055430" /><tag k="highway" v="residential" /><tag k="name" v="8th Cross Road - Zain Burj" /><tag k="oneway" v="no" /></way><way id="303" timestamp="2026-04-01T21:47:50Z" uid="1" user="OSMnx" version="1" changeset="1"><nd ref="3370055428" /><nd ref="3370175097" /><tag k="highway" v="residential" /><tag k="name" v="2nd A Main" /><tag k="oneway" v="no" /></way><way id="304" timestamp="2026-04-01T21:47:50Z" uid="1" user="OSMnx" version="1" changeset="1"><nd ref="3370055430" /><nd ref="3370175098" /><tag k="highway" v="tertiary" /><tag k="name" v="2nd Main Road" /><tag k="oneway" v="no" /></way><way id="305" timestamp="2026-04-01T21:47:50Z" uid="1" user="OSMnx" version="1" changeset="1"><nd ref="3370171491" /><nd ref="3370175097" /><tag k="highway" v="residential" /><tag k="name" v="7th Cross Road" /><tag k="oneway" v="no" /></way><way id="306" timestamp="2026-04-01T21:47:50Z" uid="1" user="OSMnx" version="1" changeset="1"><nd ref="3370171491" /><nd ref="736207362" /><tag k="highway" v="residential" /><tag k="name" v="3rd Main Road" /><tag k="oneway" v="no" /></way><way id="307" timestamp="2026-04-01T21:47:50Z" uid="1" user="OSMnx" version="1" changeset="1"><nd ref="3370175096" /><nd ref="736207620" /><tag k="highway" v="residential" /><tag k="name" v="9th Cross Road" /><tag k="oneway" v="no" /></way><way id="308" timestamp="2026-04-01T21:47:50Z" uid="1" user="OSMnx" version="1" changeset="1"><nd ref="3370175096" /><nd ref="3370055428" /><tag k="highway" v="residential" /><tag k="name" v="2nd A Main" /><tag k="oneway" v="no" /></way><way id="309" timestamp="2026-04-01T21:47:50Z" uid="1" user="OSMnx" version="1" changeset="1"><nd ref="3370175097" /><nd ref="3370175098" /><tag k="highway" v="residential" /><tag k="name" v="7th Cross Road" /><tag k="oneway" v="no" /></way><way id="310" timestamp="2026-04-01T21:47:50Z" uid="1" user="OSMnx" version="1" changeset="1"><nd ref="3370175098" /><nd ref="736207577" /><tag k="highway" v="tertiary" /><tag k="name" v="2nd Main Road" /><tag k="oneway" v="no" /></way><way id="311" timestamp="2026-04-01T21:47:50Z" uid="1" user="OSMnx" version="1" changeset="1"><nd ref="3370456519" /><nd ref="6136526267" /><tag k="highway" v="secondary" /><tag k="lanes" v="2" /><tag k="name" v="80 Feet Road" /><tag k="oneway" v="no" /></way><way id="312" timestamp="2026-04-01T21:47:50Z" uid="1" user="OSMnx" version="1" changeset="1"><nd ref="3370456520" /><nd ref="6485075159" /><tag k="highway" v="tertiary" /><tag k="name" v="6th Main Road" /><tag k="oneway" v="no" /></way><way id="313" timestamp="2026-04-01T21:47:50Z" uid="1" user="OSMnx" version="1" changeset="1"><nd ref="3370456525" /><nd ref="10182013927" /><tag k="highway" v="secondary" /><tag k="lanes" v="2" /><tag k="name" v="80 Feet Road" /><tag k="oneway" v="no" /></way><way id="314" timestamp="2026-04-01T21:47:50Z" uid="1" user="OSMnx" version="1" changeset="1"><nd ref="3384284869" /><nd ref="7488252791" /><tag k="highway" v="residential" /><tag k="oneway" v="no" /></way><way id="315" timestamp="2026-04-01T21:47:50Z" uid="1" user="OSMnx" version="1" changeset="1"><nd ref="3384284869" /><nd ref="3384284888" /><tag k="highway" v="residential" /><tag k="oneway" v="no" /></way><way id="316" timestamp="2026-04-01T21:47:50Z" uid="1" user="OSMnx" version="1" changeset="1"><nd ref="3384288941" /><nd ref="3384284869" /><tag k="highway" v="residential" /><tag k="oneway" v="no" /></way><way id="317" timestamp="2026-04-01T21:47:50Z" uid="1" user="OSMnx" version="1" changeset="1"><nd ref="3384288941" /><nd ref="12692472177" /><tag k="highway" v="primary" /><tag k="lanes" v="3" /><tag k="name" v="Swamy Vivekananda Road" /><tag k="oneway" v="no" /></way><way id="318" timestamp="2026-04-01T21:47:50Z" uid="1" user="OSMnx" version="1" changeset="1"><nd ref="3387829500" /><nd ref="7488252816" /><tag k="highway" v="residential" /><tag k="name" v="1st Main Road" /><tag k="oneway" v="no" /></way><way id="319" timestamp="2026-04-01T21:47:50Z" uid="1" user="OSMnx" version="1" changeset="1"><nd ref="3387829500" /><nd ref="2268586310" /><tag k="highway" v="residential" /><tag k="name" v="1st A Cross Road" /><tag k="oneway" v="no" /></way><way id="320" timestamp="2026-04-01T21:47:50Z" uid="1" user="OSMnx" version="1" changeset="1"><nd ref="3389131729" /><nd ref="7488252791" /><tag k="highway" v="residential" /><tag k="oneway" v="no" /></way><way id="321" timestamp="2026-04-01T21:47:50Z" uid="1" user="OSMnx" version="1" changeset="1"><nd ref="3506426909" /><nd ref="423744886" /><tag k="highway" v="residential" /><tag k="name" v="Old Syndicate Bank Road" /><tag k="oneway" v="no" /></way><way id="322" timestamp="2026-04-01T21:47:50Z" uid="1" user="OSMnx" version="1" changeset="1"><nd ref="3506426909" /><nd ref="421264375" /><tag k="highway" v="residential" /><tag k="name" v="2nd Cross Road" /><tag k="oneway" v="no" /></way><way id="323" timestamp="2026-04-01T21:47:50Z" uid="1" user="OSMnx" version="1" changeset="1"><nd ref="3530536223" /><nd ref="1339408101" /><tag k="highway" v="residential" /><tag k="name" v="9th Main Road" /><tag k="oneway" v="no" /></way><way id="324" timestamp="2026-04-01T21:47:50Z" uid="1" user="OSMnx" version="1" changeset="1"><nd ref="3530536224" /><nd ref="3530536223" /><tag k="highway" v="residential" /><tag k="name" v="9th Main Road" /><tag k="oneway" v="no" /></way><way id="325" timestamp="2026-04-01T21:47:50Z" uid="1" user="OSMnx" version="1" changeset="1"><nd ref="3530536225" /><nd ref="3530536226" /><tag k="highway" v="residential" /><tag k="name" v="8th A Main Road" /><tag k="oneway" v="no" /></way><way id="326" timestamp="2026-04-01T21:47:50Z" uid="1" user="OSMnx" version="1" changeset="1"><nd ref="3530536225" /><nd ref="3530536224" /><tag k="highway" v="residential" /><tag k="name" v="4th C Cross Road" /><tag k="oneway" v="no" /></way><way id="327" timestamp="2026-04-01T21:47:50Z" uid="1" user="OSMnx" version="1" changeset="1"><nd ref="3530536226" /><nd ref="1339408186" /><tag k="highway" v="residential" /><tag k="name" v="8th A Main Road" /><tag k="oneway" v="no" /></way><way id="328" timestamp="2026-04-01T21:47:50Z" uid="1" user="OSMnx" version="1" changeset="1"><nd ref="3530536226" /><nd ref="3530536223" /><tag k="highway" v="residential" /><tag k="name" v="4th D Cross Road" /><tag k="oneway" v="no" /></way><way id="329" timestamp="2026-04-01T21:47:50Z" uid="1" user="OSMnx" version="1" changeset="1"><nd ref="3530536227" /><nd ref="3530536228" /><tag k="highway" v="residential" /><tag k="name" v="6th Main Road" /><tag k="oneway" v="no" /></way><way id="330" timestamp="2026-04-01T21:47:50Z" uid="1" user="OSMnx" version="1" changeset="1"><nd ref="3530536228" /><nd ref="3530536229" /><tag k="highway" v="residential" /><tag k="name" v="6th Main Road" /><tag k="oneway" v="no" /></way><way id="331" timestamp="2026-04-01T21:47:50Z" uid="1" user="OSMnx" version="1" changeset="1"><nd ref="3530536228" /><nd ref="3530536232" /><tag k="highway" v="residential" /><tag k="oneway" v="no" /></way><way id="332" timestamp="2026-04-01T21:47:50Z" uid="1" user="OSMnx" version="1" changeset="1"><nd ref="3530536229" /><nd ref="1500356623" /><tag k="highway" v="residential" /><tag k="name" v="6th Main Road" /><tag k="oneway" v="no" /></way><way id="333" timestamp="2026-04-01T21:47:50Z" uid="1" user="OSMnx" version="1" changeset="1"><nd ref="3530536229" /><nd ref="6197065812" /><tag k="highway" v="residential" /><tag k="oneway" v="no" /></way><way id="334" timestamp="2026-04-01T21:47:50Z" uid="1" user="OSMnx" version="1" changeset="1"><nd ref="3530536230" /><nd ref="3530536232" /><tag k="highway" v="residential" /><tag k="name" v="4th Main Road" /><tag k="oneway" v="no" /></way><way id="335" timestamp="2026-04-01T21:47:50Z" uid="1" user="OSMnx" version="1" changeset="1"><nd ref="3530536231" /><nd ref="1500356611" /><tag k="highway" v="residential" /><tag k="name" v="4th Main Road" /><tag k="oneway" v="no" /></way><way id="336" timestamp="2026-04-01T21:47:50Z" uid="1" user="OSMnx" version="1" changeset="1"><nd ref="3530536231" /><nd ref="3530536227" /><tag k="highway" v="residential" /><tag k="name" v="5th B Cross Road" /><tag k="oneway" v="no" /></way><way id="337" timestamp="2026-04-01T21:47:50Z" uid="1" user="OSMnx" version="1" changeset="1"><nd ref="3530536232" /><nd ref="1317176299" /><tag k="highway" v="residential" /><tag k="name" v="4th Main Road" /><tag k="oneway" v="no" /></way><way id="338" timestamp="2026-04-01T21:47:50Z" uid="1" user="OSMnx" version="1" changeset="1"><nd ref="3563294493" /><nd ref="1462139769" /><tag k="highway" v="residential" /><tag k="name" v="5th Main Road" /><tag k="oneway" v="no" /></way><way id="339" timestamp="2026-04-01T21:47:50Z" uid="1" user="OSMnx" version="1" changeset="1"><nd ref="3563294494" /><nd ref="2268586300" /><tag k="highway" v="tertiary" /><tag k="lanes" v="2" /><tag k="name" v="Sri Krishna Temple Road" /><tag k="oneway" v="no" /></way><way id="340" timestamp="2026-04-01T21:47:50Z" uid="1" user="OSMnx" version="1" changeset="1"><nd ref="3563294494" /><nd ref="3563294493" /><tag k="highway" v="residential" /><tag k="name" v="1st Cross Road" /><tag k="oneway" v="no" /></way><way id="341" timestamp="2026-04-01T21:47:50Z" uid="1" user="OSMnx" version="1" changeset="1"><nd ref="3726120778" /><nd ref="3726120783" /><tag k="highway" v="living_street" /><tag k="oneway" v="no" /></way><way id="342" timestamp="2026-04-01T21:47:50Z" uid="1" user="OSMnx" version="1" changeset="1"><nd ref="3726120778" /><nd ref="12692472178" /><tag k="highway" v="primary" /><tag k="lanes" v="2" /><tag k="name" v="Swamy Vivekananda Road" /><tag k="oneway" v="no" /></way><way id="343" timestamp="2026-04-01T21:47:50Z" uid="1" user="OSMnx" version="1" changeset="1"><nd ref="3887138916" /><nd ref="3887138936" /><tag k="highway" v="residential" /><tag k="name" v="8th Cross Road" /><tag k="oneway" v="no" /></way><way id="344" timestamp="2026-04-01T21:47:50Z" uid="1" user="OSMnx" version="1" changeset="1"><nd ref="3887138916" /><nd ref="1842455497" /><tag k="highway" v="residential" /><tag k="name" v="11th Main Road" /><tag k="oneway" v="no" /></way><way id="345" timestamp="2026-04-01T21:47:50Z" uid="1" user="OSMnx" version="1" changeset="1"><nd ref="3887138936" /><nd ref="3887138937" /><tag k="highway" v="residential" /><tag k="name" v="8th Cross Road" /><tag k="oneway" v="no" /></way><way id="346" timestamp="2026-04-01T21:47:50Z" uid="1" user="OSMnx" version="1" changeset="1"><nd ref="4101591489" /><nd ref="1563314098" /><tag k="highway" v="residential" /><tag k="name" v="3rd Main Road" /><tag k="oneway" v="no" /></way><way id="347" timestamp="2026-04-01T21:47:50Z" uid="1" user="OSMnx" version="1" changeset="1"><nd ref="4202330449" /><nd ref="4202330450" /><tag k="highway" v="residential" /><tag k="name" v="8th Main Road" /><tag k="oneway" v="no" /></way><way id="348" timestamp="2026-04-01T21:47:50Z" uid="1" user="OSMnx" version="1" changeset="1"><nd ref="4202330450" /><nd ref="448307458" /><tag k="highway" v="residential" /><tag k="name" v="8th Main Road" /><tag k="oneway" v="no" /></way><way id="349" timestamp="2026-04-01T21:47:50Z" uid="1" user="OSMnx" version="1" changeset="1"><nd ref="4202330450" /><nd ref="4202330456" /><tag k="highway" v="residential" /><tag k="name" v="6th Cross Road" /><tag k="oneway" v="no" /></way><way id="350" timestamp="2026-04-01T21:47:50Z" uid="1" user="OSMnx" version="1" changeset="1"><nd ref="4202330453" /><nd ref="4202330449" /><tag k="highway" v="residential" /><tag k="name" v="5th Cross Road" /><tag k="oneway" v="no" /></way><way id="351" timestamp="2026-04-01T21:47:50Z" uid="1" user="OSMnx" version="1" changeset="1"><nd ref="4202330456" /><nd ref="4202330453" /><tag k="highway" v="residential" /><tag k="name" v="7th B Main Road" /><tag k="oneway" v="no" /></way><way id="352" timestamp="2026-04-01T21:47:50Z" uid="1" user="OSMnx" version="1" changeset="1"><nd ref="4202330456" /><nd ref="4202330458" /><tag k="highway" v="residential" /><tag k="name" v="6th Cross Road" /><tag k="oneway" v="no" /></way><way id="353" timestamp="2026-04-01T21:47:50Z" uid="1" user="OSMnx" version="1" changeset="1"><nd ref="4202330457" /><nd ref="423744834" /><tag k="highway" v="residential" /><tag k="name" v="7th Main Road" /><tag k="oneway" v="no" /></way><way id="354" timestamp="2026-04-01T21:47:50Z" uid="1" user="OSMnx" version="1" changeset="1"><nd ref="4202330457" /><nd ref="4202330453" /><tag k="highway" v="residential" /><tag k="name" v="5th Cross Road" /><tag k="oneway" v="no" /></way><way id="355" timestamp="2026-04-01T21:47:50Z" uid="1" user="OSMnx" version="1" changeset="1"><nd ref="4202330458" /><nd ref="4202330457" /><tag k="highway" v="residential" /><tag k="name" v="7th Main Road" /><tag k="oneway" v="no" /></way><way id="356" timestamp="2026-04-01T21:47:50Z" uid="1" user="OSMnx" version="1" changeset="1"><nd ref="4202336813" /><nd ref="4202336814" /><tag k="highway" v="residential" /><tag k="name" v="11th Main Road" /><tag k="oneway" v="no" /></way><way id="357" timestamp="2026-04-01T21:47:50Z" uid="1" user="OSMnx" version="1" changeset="1"><nd ref="4202336814" /><nd ref="448307453" /><tag k="highway" v="residential" /><tag k="name" v="11th Main Road" /><tag k="oneway" v="no" /></way><way id="358" timestamp="2026-04-01T21:47:50Z" uid="1" user="OSMnx" version="1" changeset="1"><nd ref="4202336815" /><nd ref="4202336813" /><tag k="highway" v="residential" /><tag k="name" v="5th Cross Road" /><tag k="oneway" v="no" /></way><way id="359" timestamp="2026-04-01T21:47:50Z" uid="1" user="OSMnx" version="1" changeset="1"><nd ref="4202336815" /><nd ref="4202336816" /><tag k="highway" v="residential" /><tag k="name" v="10th Main Road" /><tag k="oneway" v="no" /></way><way id="360" timestamp="2026-04-01T21:47:50Z" uid="1" user="OSMnx" version="1" changeset="1"><nd ref="4202336816" /><nd ref="448307457" /><tag k="highway" v="residential" /><tag k="name" v="10th Main Road" /><tag k="oneway" v="no" /></way><way id="361" timestamp="2026-04-01T21:47:50Z" uid="1" user="OSMnx" version="1" changeset="1"><nd ref="4202336816" /><nd ref="4202336814" /><tag k="highway" v="residential" /><tag k="name" v="6th Cross Road" /><tag k="oneway" v="no" /></way><way id="362" timestamp="2026-04-01T21:47:50Z" uid="1" user="OSMnx" version="1" changeset="1"><nd ref="4333461579" /><nd ref="3370456525" /><tag k="highway" v="residential" /><tag k="name" v="4th Cross Road" /><tag k="oneway" v="no" /></way><way id="363" timestamp="2026-04-01T21:47:50Z" uid="1" user="OSMnx" version="1" changeset="1"><nd ref="4333461579" /><nd ref="4474675121" /><tag k="highway" v="residential" /><tag k="oneway" v="no" /></way><way id="364" timestamp="2026-04-01T21:47:50Z" uid="1" user="OSMnx" version="1" changeset="1"><nd ref="4333461582" /><nd ref="3152690637" /><tag k="highway" v="residential" /><tag k="name" v="4th Cross Road" /><tag k="oneway" v="no" /></way><way id="365" timestamp="2026-04-01T21:47:50Z" uid="1" user="OSMnx" version="1" changeset="1"><nd ref="4333461584" /><nd ref="4333461582" /><tag k="highway" v="residential" /><tag k="oneway" v="no" /></way><way id="366" timestamp="2026-04-01T21:47:50Z" uid="1" user="OSMnx" version="1" changeset="1"><nd ref="4386562996" /><nd ref="4386562995" /><tag k="highway" v="residential" /><tag k="name" v="4th Cross Road" /><tag k="oneway" v="no" /></way><way id="367" timestamp="2026-04-01T21:47:50Z" uid="1" user="OSMnx" version="1" changeset="1"><nd ref="4386562996" /><nd ref="5469373779" /><tag k="highway" v="['residential', 'living_street']" /><tag k="name" v="['1A Road', '2nd Cross Road']" /><tag k="oneway" v="no" /></way><way id="368" timestamp="2026-04-01T21:47:50Z" uid="1" user="OSMnx" version="1" changeset="1"><nd ref="4386562999" /><nd ref="1563316282" /><tag k="highway" v="residential" /><tag k="name" v="4th B Cross Road" /><tag k="oneway" v="no" /></way><way id="369" timestamp="2026-04-01T21:47:50Z" uid="1" user="OSMnx" version="1" changeset="1"><nd ref="4386562999" /><nd ref="1563316282" /><tag k="highway" v="residential" /><tag k="name" v="4th B Cross" /><tag k="oneway" v="no" /></way><way id="370" timestamp="2026-04-01T21:47:50Z" uid="1" user="OSMnx" version="1" changeset="1"><nd ref="4386563001" /><nd ref="5573418680" /><tag k="highway" v="secondary" /><tag k="lanes" v="2" /><tag k="name" v="80 Feet Road" /><tag k="oneway" v="no" /></way><way id="371" timestamp="2026-04-01T21:47:50Z" uid="1" user="OSMnx" version="1" changeset="1"><nd ref="4386563001" /><nd ref="4386563000" /><tag k="highway" v="residential" /><tag k="name" v="5th Cross Road" /><tag k="oneway" v="no" /></way><way id="372" timestamp="2026-04-01T21:47:50Z" uid="1" user="OSMnx" version="1" changeset="1"><nd ref="4467762320" /><nd ref="1563309904" /><tag k="highway" v="residential" /><tag k="name" v="1st Main Road" /><tag k="oneway" v="no" /></way><way id="373" timestamp="2026-04-01T21:47:50Z" uid="1" user="OSMnx" version="1" changeset="1"><nd ref="4474675120" /><nd ref="2268586322" /><tag k="highway" v="residential" /><tag k="oneway" v="no" /></way><way id="374" timestamp="2026-04-01T21:47:50Z" uid="1" user="OSMnx" version="1" changeset="1"><nd ref="4474675120" /><nd ref="4474675127" /><tag k="highway" v="living_street" /><tag k="oneway" v="no" /></way><way id="375" timestamp="2026-04-01T21:47:50Z" uid="1" user="OSMnx" version="1" changeset="1"><nd ref="4474675122" /><nd ref="4474675121" /><tag k="highway" v="living_street" /><tag k="oneway" v="no" /></way><way id="376" timestamp="2026-04-01T21:47:50Z" uid="1" user="OSMnx" version="1" changeset="1"><nd ref="4474675127" /><nd ref="2268586328" /><tag k="highway" v="living_street" /><tag k="name" v="4th Cross Road" /><tag k="oneway" v="no" /></way><way id="377" timestamp="2026-04-01T21:47:50Z" uid="1" user="OSMnx" version="1" changeset="1"><nd ref="4474675140" /><nd ref="1768672378" /><tag k="highway" v="residential" /><tag k="name" v="5th Cross Road" /><tag k="oneway" v="no" /></way><way id="378" timestamp="2026-04-01T21:47:50Z" uid="1" user="OSMnx" version="1" changeset="1"><nd ref="4474692831" /><nd ref="3530536224" /><tag k="highway" v="residential" /><tag k="name" v="9th Main Road" /><tag k="oneway" v="no" /></way><way id="379" timestamp="2026-04-01T21:47:50Z" uid="1" user="OSMnx" version="1" changeset="1"><nd ref="4474692928" /><nd ref="1336840471" /><tag k="highway" v="residential" /><tag k="lanes" v="2" /><tag k="name" v="8th Main Road" /><tag k="oneway" v="no" /></way><way id="380" timestamp="2026-04-01T21:47:50Z" uid="1" user="OSMnx" version="1" changeset="1"><nd ref="4474692928" /><nd ref="1339408095" /><tag k="highway" v="residential" /><tag k="name" v="4th A Cross Road" /><tag k="oneway" v="no" /></way><way id="381" timestamp="2026-04-01T21:47:50Z" uid="1" user="OSMnx" version="1" changeset="1"><nd ref="5164915354" /><nd ref="1563301992" /><tag k="highway" v="residential" /><tag k="name" v="1st Main Road" /><tag k="oneway" v="no" /></way><way id="382" timestamp="2026-04-01T21:47:50Z" uid="1" user="OSMnx" version="1" changeset="1"><nd ref="5164915354" /><nd ref="5164915353" /><tag k="highway" v="residential" /><tag k="name" v="1st B Cross Road" /><tag k="oneway" v="no" /></way><way id="383" timestamp="2026-04-01T21:47:50Z" uid="1" user="OSMnx" version="1" changeset="1"><nd ref="5251934695" /><nd ref="5251934694" /><tag k="highway" v="residential" /><tag k="name" v="11th Cross Road" /><tag k="oneway" v="no" /></way><way id="384" timestamp="2026-04-01T21:47:50Z" uid="1" user="OSMnx" version="1" changeset="1"><nd ref="5251934695" /><nd ref="253179991" /><tag k="highway" v="residential" /><tag k="name" v="11th Main Road" /><tag k="oneway" v="no" /></way><way id="385" timestamp="2026-04-01T21:47:50Z" uid="1" user="OSMnx" version="1" changeset="1"><nd ref="5336663607" /><nd ref="1563301992" /><tag k="highway" v="residential" /><tag k="name" v="1st A Cross Road" /><tag k="oneway" v="no" /></way><way id="386" timestamp="2026-04-01T21:47:50Z" uid="1" user="OSMnx" version="1" changeset="1"><nd ref="5336663607" /><nd ref="5336663608" /><tag k="highway" v="residential" /><tag k="name" v="2nd Cross Road" /><tag k="oneway" v="no" /></way><way id="387" timestamp="2026-04-01T21:47:50Z" uid="1" user="OSMnx" version="1" changeset="1"><nd ref="5336663608" /><nd ref="2268586324" /><tag k="highway" v="secondary" /><tag k="lanes" v="2" /><tag k="name" v="80 Feet Road" /><tag k="oneway" v="no" /></way><way id="388" timestamp="2026-04-01T21:47:50Z" uid="1" user="OSMnx" version="1" changeset="1"><nd ref="5375145474" /><nd ref="1462139760" /><tag k="highway" v="residential" /><tag k="name" v="5th Cross Road" /><tag k="oneway" v="no" /></way><way id="389" timestamp="2026-04-01T21:47:50Z" uid="1" user="OSMnx" version="1" changeset="1"><nd ref="5375145474" /><nd ref="4101591489" /><tag k="highway" v="residential" /><tag k="oneway" v="no" /></way><way id="390" timestamp="2026-04-01T21:47:50Z" uid="1" user="OSMnx" version="1" changeset="1"><nd ref="5469373779" /><nd ref="5164915353" /><tag k="highway" v="residential" /><tag k="name" v="1A Road" /><tag k="oneway" v="no" /></way><way id="391" timestamp="2026-04-01T21:47:50Z" uid="1" user="OSMnx" version="1" changeset="1"><nd ref="5469373780" /><nd ref="5469373779" /><tag k="highway" v="living_street" /><tag k="oneway" v="no" /></way><way id="392" timestamp="2026-04-01T21:47:50Z" uid="1" user="OSMnx" version="1" changeset="1"><nd ref="5469373780" /><nd ref="4386562996" /><tag k="highway" v="residential" /><tag k="name" v="4th Cross Road" /><tag k="oneway" v="no" /></way><way id="393" timestamp="2026-04-01T21:47:50Z" uid="1" user="OSMnx" version="1" changeset="1"><nd ref="5469373781" /><nd ref="5469373780" /><tag k="highway" v="living_street" /><tag k="oneway" v="no" /></way><way id="394" timestamp="2026-04-01T21:47:50Z" uid="1" user="OSMnx" version="1" changeset="1"><nd ref="5469373781" /><nd ref="4386562996" /><tag k="highway" v="living_street" /><tag k="name" v="2nd Cross Road" /><tag k="oneway" v="no" /></way><way id="395" timestamp="2026-04-01T21:47:50Z" uid="1" user="OSMnx" version="1" changeset="1"><nd ref="5573418680" /><nd ref="10309256814" /><tag k="highway" v="secondary_link" /><tag k="oneway" v="no" /></way><way id="396" timestamp="2026-04-01T21:47:50Z" uid="1" user="OSMnx" version="1" changeset="1"><nd ref="5573418680" /><nd ref="2268586334" /><tag k="highway" v="secondary" /><tag k="lanes" v="2" /><tag k="name" v="80 Feet Road" /><tag k="oneway" v="no" /></way><way id="397" timestamp="2026-04-01T21:47:50Z" uid="1" user="OSMnx" version="1" changeset="1"><nd ref="6133955228" /><nd ref="1420066803" /><tag k="highway" v="secondary" /><tag k="lanes" v="2" /><tag k="name" v="80 Feet Road" /><tag k="oneway" v="no" /></way><way id="398" timestamp="2026-04-01T21:47:50Z" uid="1" user="OSMnx" version="1" changeset="1"><nd ref="6133955228" /><nd ref="1500736131" /><tag k="highway" v="residential" /><tag k="name" v="9th Main Road" /><tag k="oneway" v="no" /></way><way id="399" timestamp="2026-04-01T21:47:50Z" uid="1" user="OSMnx" version="1" changeset="1"><nd ref="6136526267" /><nd ref="12107761069" /><tag k="highway" v="secondary" /><tag k="lanes" v="2" /><tag k="name" v="80 Feet Road" /><tag k="oneway" v="no" /></way><way id="400" timestamp="2026-04-01T21:47:50Z" uid="1" user="OSMnx" version="1" changeset="1"><nd ref="6137935142" /><nd ref="6137935141" /><tag k="highway" v="secondary_link" /><tag k="oneway" v="no" /></way><way id="401" timestamp="2026-04-01T21:47:50Z" uid="1" user="OSMnx" version="1" changeset="1"><nd ref="6137935142" /><nd ref="11497593335" /><tag k="highway" v="secondary" /><tag k="lanes" v="2" /><tag k="name" v="80 Feet Road" /><tag k="oneway" v="no" /></way><way id="402" timestamp="2026-04-01T21:47:50Z" uid="1" user="OSMnx" version="1" changeset="1"><nd ref="6197065811" /><nd ref="1500356623" /><tag k="highway" v="residential" /><tag k="name" v="5th Cross Road" /><tag k="oneway" v="no" /></way><way id="403" timestamp="2026-04-01T21:47:50Z" uid="1" user="OSMnx" version="1" changeset="1"><nd ref="6197065812" /><nd ref="6424016578" /><tag k="highway" v="residential" /><tag k="oneway" v="no" /></way><way id="404" timestamp="2026-04-01T21:47:50Z" uid="1" user="OSMnx" version="1" changeset="1"><nd ref="6197065812" /><nd ref="6197065811" /><tag k="highway" v="residential" /><tag k="name" v="5th A Main Road" /><tag k="oneway" v="no" /></way><way id="405" timestamp="2026-04-01T21:47:50Z" uid="1" user="OSMnx" version="1" changeset="1"><nd ref="6424016578" /><nd ref="3530536230" /><tag k="highway" v="residential" /><tag k="oneway" v="no" /></way><way id="406" timestamp="2026-04-01T21:47:50Z" uid="1" user="OSMnx" version="1" changeset="1"><nd ref="6424016578" /><nd ref="6424016579" /><tag k="highway" v="residential" /><tag k="oneway" v="no" /></way><way id="407" timestamp="2026-04-01T21:47:50Z" uid="1" user="OSMnx" version="1" changeset="1"><nd ref="6424016579" /><nd ref="6197065811" /><tag k="highway" v="residential" /><tag k="name" v="5th Cross Road" /><tag k="oneway" v="no" /></way><way id="408" timestamp="2026-04-01T21:47:50Z" uid="1" user="OSMnx" version="1" changeset="1"><nd ref="6426357731" /><nd ref="1500356596" /><tag k="highway" v="residential" /><tag k="name" v="1st Cross Road" /><tag k="oneway" v="no" /></way><way id="409" timestamp="2026-04-01T21:47:50Z" uid="1" user="OSMnx" version="1" changeset="1"><nd ref="6426357731" /><nd ref="6426357732" /><tag k="highway" v="residential" /><tag k="name" v="5th Main Road" /><tag k="oneway" v="no" /></way><way id="410" timestamp="2026-04-01T21:47:50Z" uid="1" user="OSMnx" version="1" changeset="1"><nd ref="6426357732" /><nd ref="1500356611" /><tag k="highway" v="residential" /><tag k="name" v="4th Cross Road" /><tag k="oneway" v="no" /></way><way id="411" timestamp="2026-04-01T21:47:50Z" uid="1" user="OSMnx" version="1" changeset="1"><nd ref="6485070843" /><nd ref="11497616784" /><tag k="highway" v="tertiary" /><tag k="name" v="12th Main Road" /><tag k="oneway" v="no" /></way><way id="412" timestamp="2026-04-01T21:47:50Z" uid="1" user="OSMnx" version="1" changeset="1"><nd ref="6485070845" /><nd ref="6485070847" /><tag k="highway" v="tertiary" /><tag k="name" v="12th Main Road" /><tag k="oneway" v="no" /></way><way id="413" timestamp="2026-04-01T21:47:50Z" uid="1" user="OSMnx" version="1" changeset="1"><nd ref="6485070847" /><nd ref="423744840" /><tag k="highway" v="tertiary" /><tag k="lanes" v="2" /><tag k="name" v="12th Main Road" /><tag k="oneway" v="no" /></way><way id="414" timestamp="2026-04-01T21:47:50Z" uid="1" user="OSMnx" version="1" changeset="1"><nd ref="6485075159" /><nd ref="3370456520" /><tag k="highway" v="tertiary" /><tag k="name" v="6th Main Road" /><tag k="oneway" v="no" /></way><way id="415" timestamp="2026-04-01T21:47:50Z" uid="1" user="OSMnx" version="1" changeset="1"><nd ref="6901551440" /><nd ref="3352035441" /><tag k="highway" v="tertiary" /><tag k="name" v="Indiranagar Double Road" /><tag k="oneway" v="no" /></way><way id="416" timestamp="2026-04-01T21:47:50Z" uid="1" user="OSMnx" version="1" changeset="1"><nd ref="6901551440" /><nd ref="3726120778" /><tag k="highway" v="primary" /><tag k="lanes" v="2" /><tag k="name" v="Swamy Vivekananda Road" /><tag k="oneway" v="no" /></way><way id="417" timestamp="2026-04-01T21:47:50Z" uid="1" user="OSMnx" version="1" changeset="1"><nd ref="7488252791" /><nd ref="3384284847" /><tag k="highway" v="residential" /><tag k="oneway" v="no" /></way><way id="418" timestamp="2026-04-01T21:47:50Z" uid="1" user="OSMnx" version="1" changeset="1"><nd ref="7488252816" /><nd ref="7488252819" /><tag k="highway" v="residential" /><tag k="name" v="1st Main Road" /><tag k="oneway" v="no" /></way><way id="419" timestamp="2026-04-01T21:47:50Z" uid="1" user="OSMnx" version="1" changeset="1"><nd ref="7488252817" /><nd ref="7488252816" /><tag k="highway" v="residential" /><tag k="oneway" v="no" /></way><way id="420" timestamp="2026-04-01T21:47:50Z" uid="1" user="OSMnx" version="1" changeset="1"><nd ref="7488252819" /><nd ref="7488252818" /><tag k="highway" v="residential" /><tag k="oneway" v="no" /></way><way id="421" timestamp="2026-04-01T21:47:50Z" uid="1" user="OSMnx" version="1" changeset="1"><nd ref="7488252819" /><nd ref="2268586320" /><tag k="highway" v="residential" /><tag k="name" v="1st Main Road" /><tag k="oneway" v="no" /></way><way id="422" timestamp="2026-04-01T21:47:50Z" uid="1" user="OSMnx" version="1" changeset="1"><nd ref="9189560806" /><nd ref="5469373781" /><tag k="highway" v="living_street" /><tag k="oneway" v="no" /></way><way id="423" timestamp="2026-04-01T21:47:50Z" uid="1" user="OSMnx" version="1" changeset="1"><nd ref="9189560806" /><nd ref="10182013933" /><tag k="highway" v="living_street" /><tag k="oneway" v="no" /></way><way id="424" timestamp="2026-04-01T21:47:50Z" uid="1" user="OSMnx" version="1" changeset="1"><nd ref="9351941623" /><nd ref="3384288941" /><tag k="highway" v="primary" /><tag k="lanes" v="3" /><tag k="name" v="Swamy Vivekananda Road" /><tag k="oneway" v="no" /></way><way id="425" timestamp="2026-04-01T21:47:50Z" uid="1" user="OSMnx" version="1" changeset="1"><nd ref="10182013927" /><nd ref="11497593344" /><tag k="highway" v="secondary" /><tag k="lanes" v="2" /><tag k="name" v="80 Feet Road" /><tag k="oneway" v="no" /></way><way id="426" timestamp="2026-04-01T21:47:50Z" uid="1" user="OSMnx" version="1" changeset="1"><nd ref="10182013927" /><nd ref="10182013928" /><tag k="highway" v="living_street" /><tag k="oneway" v="no" /></way><way id="427" timestamp="2026-04-01T21:47:50Z" uid="1" user="OSMnx" version="1" changeset="1"><nd ref="10289616892" /><nd ref="1768672378" /><tag k="highway" v="living_street" /><tag k="oneway" v="no" /></way><way id="428" timestamp="2026-04-01T21:47:50Z" uid="1" user="OSMnx" version="1" changeset="1"><nd ref="10291078964" /><nd ref="9351941623" /><tag k="highway" v="primary" /><tag k="lanes" v="3" /><tag k="name" v="Swamy Vivekananda Road" /><tag k="oneway" v="no" /></way><way id="429" timestamp="2026-04-01T21:47:50Z" uid="1" user="OSMnx" version="1" changeset="1"><nd ref="10291078964" /><nd ref="10309256812" /><tag k="highway" v="secondary" /><tag k="lanes" v="2" /><tag k="name" v="80 Feet Road" /><tag k="oneway" v="no" /></way><way id="430" timestamp="2026-04-01T21:47:50Z" uid="1" user="OSMnx" version="1" changeset="1"><nd ref="10309256812" /><nd ref="10309256814" /><tag k="highway" v="secondary" /><tag k="lanes" v="2" /><tag k="name" v="80 Feet Road" /><tag k="oneway" v="no" /></way><way id="431" timestamp="2026-04-01T21:47:50Z" uid="1" user="OSMnx" version="1" changeset="1"><nd ref="10309256814" /><nd ref="12239510691" /><tag k="highway" v="secondary" /><tag k="lanes" v="2" /><tag k="name" v="80 Feet Road" /><tag k="oneway" v="no" /></way><way id="432" timestamp="2026-04-01T21:47:50Z" uid="1" user="OSMnx" version="1" changeset="1"><nd ref="11012314119" /><nd ref="11012314120" /><tag k="highway" v="living_street" /><tag k="oneway" v="no" /></way><way id="433" timestamp="2026-04-01T21:47:50Z" uid="1" user="OSMnx" version="1" changeset="1"><nd ref="11012314119" /><nd ref="1500742635" /><tag k="highway" v="residential" /><tag k="name" v="['9th Main Road', '9th Cross Road']" /><tag k="oneway" v="no" /></way><way id="434" timestamp="2026-04-01T21:47:50Z" uid="1" user="OSMnx" version="1" changeset="1"><nd ref="11012318041" /><nd ref="1500741750" /><tag k="highway" v="residential" /><tag k="name" v="3rd Cross Road" /><tag k="oneway" v="no" /></way><way id="435" timestamp="2026-04-01T21:47:50Z" uid="1" user="OSMnx" version="1" changeset="1"><nd ref="11012318041" /><nd ref="11012318042" /><tag k="highway" v="residential" /><tag k="name" v="3rd Cross Street" /><tag k="oneway" v="no" /></way><way id="436" timestamp="2026-04-01T21:47:50Z" uid="1" user="OSMnx" version="1" changeset="1"><nd ref="11012318042" /><nd ref="1500741750" /><tag k="highway" v="residential" /><tag k="name" v="2nd Main Road" /><tag k="oneway" v="no" /></way><way id="437" timestamp="2026-04-01T21:47:50Z" uid="1" user="OSMnx" version="1" changeset="1"><nd ref="11015767999" /><nd ref="12107777014" /><tag k="highway" v="secondary" /><tag k="lanes" v="2" /><tag k="name" v="80 Feet Road" /><tag k="oneway" v="no" /></way><way id="438" timestamp="2026-04-01T21:47:50Z" uid="1" user="OSMnx" version="1" changeset="1"><nd ref="11494414329" /><nd ref="421264366" /><tag k="highway" v="primary" /><tag k="lanes" v="2" /><tag k="name" v="100 Feet Road" /><tag k="oneway" v="no" /></way><way id="439" timestamp="2026-04-01T21:47:50Z" uid="1" user="OSMnx" version="1" changeset="1"><nd ref="11494414330" /><nd ref="11494414329" /><tag k="highway" v="primary" /><tag k="lanes" v="2" /><tag k="name" v="100 Feet Road" /><tag k="oneway" v="no" /></way><way id="440" timestamp="2026-04-01T21:47:50Z" uid="1" user="OSMnx" version="1" changeset="1"><nd ref="11494414330" /><nd ref="3369884089" /><tag k="highway" v="secondary" /><tag k="lanes" v="2" /><tag k="name" v="Chinmaya Mission Hospital Road" /><tag k="oneway" v="no" /></way><way id="441" timestamp="2026-04-01T21:47:50Z" uid="1" user="OSMnx" version="1" changeset="1"><nd ref="11497593334" /><nd ref="11015767999" /><tag k="highway" v="secondary" /><tag k="name" v="Chinmaya Mission Hospital Road" /><tag k="oneway" v="no" /></way><way id="442" timestamp="2026-04-01T21:47:50Z" uid="1" user="OSMnx" version="1" changeset="1"><nd ref="11497593334" /><nd ref="11497593343" /><tag k="highway" v="secondary" /><tag k="lanes" v="2" /><tag k="name" v="80 Feet Road" /><tag k="oneway" v="no" /></way><way id="443" timestamp="2026-04-01T21:47:50Z" uid="1" user="OSMnx" version="1" changeset="1"><nd ref="11497593335" /><nd ref="11497593334" /><tag k="highway" v="secondary" /><tag k="name" v="80 Feet Road" /><tag k="oneway" v="no" /></way><way id="444" timestamp="2026-04-01T21:47:50Z" uid="1" user="OSMnx" version="1" changeset="1"><nd ref="11497593335" /><nd ref="421264364" /><tag k="highway" v="secondary" /><tag k="lanes" v="2" /><tag k="name" v="Chinmaya Mission Hospital Road" /><tag k="oneway" v="no" /></way><way id="445" timestamp="2026-04-01T21:47:50Z" uid="1" user="OSMnx" version="1" changeset="1"><nd ref="11497593343" /><nd ref="11497593344" /><tag k="highway" v="residential" /><tag k="name" v="1st Main Road" /><tag k="oneway" v="no" /></way><way id="446" timestamp="2026-04-01T21:47:50Z" uid="1" user="OSMnx" version="1" changeset="1"><nd ref="11497593343" /><nd ref="2268586320" /><tag k="highway" v="secondary" /><tag k="lanes" v="2" /><tag k="name" v="80 Feet Road" /><tag k="oneway" v="no" /></way><way id="447" timestamp="2026-04-01T21:47:50Z" uid="1" user="OSMnx" version="1" changeset="1"><nd ref="11497593344" /><nd ref="1563301976" /><tag k="highway" v="residential" /><tag k="name" v="1st Main Road" /><tag k="oneway" v="no" /></way><way id="448" timestamp="2026-04-01T21:47:50Z" uid="1" user="OSMnx" version="1" changeset="1"><nd ref="11497593344" /><nd ref="11015767999" /><tag k="highway" v="secondary" /><tag k="lanes" v="2" /><tag k="name" v="80 Feet Road" /><tag k="oneway" v="no" /></way><way id="449" timestamp="2026-04-01T21:47:50Z" uid="1" user="OSMnx" version="1" changeset="1"><nd ref="11497616784" /><nd ref="6485070845" /><tag k="highway" v="tertiary" /><tag k="name" v="12th Main Road" /><tag k="oneway" v="no" /></way><way id="450" timestamp="2026-04-01T21:47:50Z" uid="1" user="OSMnx" version="1" changeset="1"><nd ref="11497616798" /><nd ref="423744887" /><tag k="highway" v="residential" /><tag k="name" v="Old Syndicate Bank Road" /><tag k="oneway" v="no" /></way><way id="451" timestamp="2026-04-01T21:47:50Z" uid="1" user="OSMnx" version="1" changeset="1"><nd ref="11909580134" /><nd ref="6901551440" /><tag k="highway" v="primary" /><tag k="lanes" v="2" /><tag k="name" v="Swamy Vivekananda Road" /><tag k="oneway" v="no" /></way><way id="452" timestamp="2026-04-01T21:47:50Z" uid="1" user="OSMnx" version="1" changeset="1"><nd ref="12107761069" /><nd ref="12107761079" /><tag k="highway" v="secondary" /><tag k="lanes" v="2" /><tag k="name" v="80 Feet Road" /><tag k="oneway" v="no" /></way><way id="453" timestamp="2026-04-01T21:47:50Z" uid="1" user="OSMnx" version="1" changeset="1"><nd ref="12107761079" /><nd ref="1842455524" /><tag k="highway" v="secondary" /><tag k="lanes" v="2" /><tag k="name" v="80 Feet Road" /><tag k="oneway" v="no" /></way><way id="454" timestamp="2026-04-01T21:47:50Z" uid="1" user="OSMnx" version="1" changeset="1"><nd ref="12107761085" /><nd ref="3370456519" /><tag k="highway" v="tertiary" /><tag k="lanes" v="4" /><tag k="name" v="Thippasandra Main Road" /><tag k="oneway" v="no" /></way><way id="455" timestamp="2026-04-01T21:47:50Z" uid="1" user="OSMnx" version="1" changeset="1"><nd ref="12107761085" /><nd ref="448305148" /><tag k="highway" v="secondary" /><tag k="lanes" v="2" /><tag k="name" v="80 Feet Road" /><tag k="oneway" v="no" /></way><way id="456" timestamp="2026-04-01T21:47:50Z" uid="1" user="OSMnx" version="1" changeset="1"><nd ref="12107777014" /><nd ref="11497593335" /><tag k="highway" v="secondary" /><tag k="name" v="Chinmaya Mission Hospital Road" /><tag k="oneway" v="no" /></way><way id="457" timestamp="2026-04-01T21:47:50Z" uid="1" user="OSMnx" version="1" changeset="1"><nd ref="12107777014" /><nd ref="6137935141" /><tag k="highway" v="secondary" /><tag k="lanes" v="2" /><tag k="name" v="80 Feet Road" /><tag k="oneway" v="no" /></way><way id="458" timestamp="2026-04-01T21:47:50Z" uid="1" user="OSMnx" version="1" changeset="1"><nd ref="12189334800" /><nd ref="421264365" /><tag k="highway" v="secondary" /><tag k="lanes" v="2" /><tag k="name" v="80 Feet Road" /><tag k="oneway" v="no" /></way><way id="459" timestamp="2026-04-01T21:47:50Z" uid="1" user="OSMnx" version="1" changeset="1"><nd ref="12189334800" /><nd ref="3370456520" /><tag k="highway" v="tertiary" /><tag k="name" v="6th Main Road" /><tag k="oneway" v="no" /></way><way id="460" timestamp="2026-04-01T21:47:50Z" uid="1" user="OSMnx" version="1" changeset="1"><nd ref="12239510691" /><nd ref="3370456525" /><tag k="highway" v="secondary" /><tag k="lanes" v="2" /><tag k="name" v="80 Feet Road" /><tag k="oneway" v="no" /></way><way id="461" timestamp="2026-04-01T21:47:50Z" uid="1" user="OSMnx" version="1" changeset="1"><nd ref="12364203537" /><nd ref="1563301990" /><tag k="highway" v="residential" /><tag k="name" v="1st A Cross" /><tag k="oneway" v="no" /></way><way id="462" timestamp="2026-04-01T21:47:50Z" uid="1" user="OSMnx" version="1" changeset="1"><nd ref="12692472176" /><nd ref="12692472178" /><tag k="highway" v="primary" /><tag k="lanes" v="2" /><tag k="name" v="100 Feet Road" /><tag k="oneway" v="no" /></way><way id="463" timestamp="2026-04-01T21:47:50Z" uid="1" user="OSMnx" version="1" changeset="1"><nd ref="12692472176" /><nd ref="736207255" /><tag k="highway" v="primary" /><tag k="lanes" v="3" /><tag k="name" v="Swamy Vivekananda Road" /><tag k="oneway" v="no" /></way><way id="464" timestamp="2026-04-01T21:47:50Z" uid="1" user="OSMnx" version="1" changeset="1"><nd ref="12692472177" /><nd ref="12692472176" /><tag k="highway" v="primary" /><tag k="lanes" v="3" /><tag k="name" v="Swamy Vivekananda Road" /><tag k="oneway" v="no" /></way><way id="465" timestamp="2026-04-01T21:47:50Z" uid="1" user="OSMnx" version="1" changeset="1"><nd ref="12692472177" /><nd ref="287908996" /><tag k="highway" v="primary" /><tag k="lanes" v="2" /><tag k="name" v="100 Feet Road" /><tag k="oneway" v="no" /></way><way id="466" timestamp="2026-04-01T21:47:50Z" uid="1" user="OSMnx" version="1" changeset="1"><nd ref="12692472178" /><nd ref="12692472179" /><tag k="highway" v="primary" /><tag k="lanes" v="2" /><tag k="name" v="Swamy Vivekananda Road" /><tag k="oneway" v="no" /></way><way id="467" timestamp="2026-04-01T21:47:50Z" uid="1" user="OSMnx" version="1" changeset="1"><nd ref="12692472179" /><nd ref="12692472177" /><tag k="highway" v="primary" /><tag k="lanes" v="2" /><tag k="name" v="100 Feet Road" /><tag k="oneway" v="no" /></way><way id="468" timestamp="2026-04-01T21:47:50Z" uid="1" user="OSMnx" version="1" changeset="1"><nd ref="13373931596" /><nd ref="448306395" /><tag k="highway" v="primary" /><tag k="lanes" v="2" /><tag k="name" v="100 Feet Road" /><tag k="oneway" v="no" /></way><way id="469" timestamp="2026-04-01T21:47:50Z" uid="1" user="OSMnx" version="1" changeset="1"><nd ref="13373931596" /><nd ref="421264381" /><tag k="highway" v="tertiary" /><tag k="name" v="6th Main Road" /><tag k="oneway" v="no" /></way></osm>