<?xml version='1.0' encoding='utf-8'?>
<osm attribution="https://www.openstreetmap.org/copyright" copyright="OpenStreetMap and contributors" generator="OSMnx 2.1.0" license="https://opendatacommons.org/licenses/odbl/1-0/" version="0.6"><bounds minlon="72.9599677" minlat="19.199491" maxlon="72.9980466" maxlat="19.2354503" /><node changeset="1" id="352462430" user="OSMnx" visible="true" lon="72.9960299" lat="19.2089862" version="1" uid="1" timestamp="2026-04-09T19:16:40Z" /><node changeset="1" id="352462827" user="OSMnx" visible="true" lon="72.9778685" lat="19.2118415" version="1" uid="1" timestamp="2026-04-09T19:16:40Z" /><node changeset="1" id="414595019" user="OSMnx" visible="true" lon="72.9776705" lat="19.2011173" version="1" uid="1" timestamp="2026-04-09T19:16:40Z" /><node changeset="1" id="414595020" user="OSMnx" visible="true" lon="72.9779003" lat="19.2022526" version="1" uid="1" timestamp="2026-04-09T19:16:40Z" /><node changeset="1" id="414595021" user="OSMnx" visible="true" lon="72.9781221" lat="19.2031241" version="1" uid="1" timestamp="2026-04-09T19:16:40Z"><tag k="junction" v="yes" /></node><node changeset="1" id="414595022" user="OSMnx" visible="true" lon="72.977999" lat="19.2039023" version="1" uid="1" timestamp="2026-04-09T19:16:40Z" /><node changeset="1" id="414595023" user="OSMnx" visible="true" lon="72.9775003" lat="19.2050663" version="1" uid="1" timestamp="2026-04-09T19:16:40Z" /><node changeset="1" id="414595025" user="OSMnx" visible="true" lon="72.9775179" lat="19.2069289" version="1" uid="1" timestamp="2026-04-09T19:16:40Z" /><node changeset="1" id="414595026" user="OSMnx" visible="true" lon="72.9770039" lat="19.2077878" version="1" uid="1" timestamp="2026-04-09T19:16:40Z" /><node changeset="1" id="414595032" user="OSMnx" visible="true" lon="72.970106" lat="19.2005629" version="1" uid="1" timestamp="2026-04-09T19:16:40Z" /><node changeset="1" id="414595049" user="OSMnx" visible="true" lon="72.977313" lat="19.2045346" version="1" uid="1" timestamp="2026-04-09T19:16:40Z" /><node changeset="1" id="414595050" user="OSMnx" visible="true" lon="72.9771302" lat="19.2036152" version="1" uid="1" timestamp="2026-04-09T19:16:40Z" /><node changeset="1" id="414595051" user="OSMnx" visible="true" lon="72.9765721" lat="19.2030055" version="1" uid="1" timestamp="2026-04-09T19:16:40Z" /><node changeset="1" id="414595052" user="OSMnx" visible="true" lon="72.9758614" lat="19.2023726" version="1" uid="1" timestamp="2026-04-09T19:16:40Z" /><node changeset="1" id="414727652" user="OSMnx" visible="true" lon="72.9793983" lat="19.2014532" version="1" uid="1" timestamp="2026-04-09T19:16:40Z" /><node changeset="1" id="414727654" user="OSMnx" visible="true" lon="72.9789885" lat="19.2023674" version="1" uid="1" timestamp="2026-04-09T19:16:40Z" /><node changeset="1" id="414727656" user="OSMnx" visible="true" lon="72.9788829" lat="19.2027296" version="1" uid="1" timestamp="2026-04-09T19:16:40Z" /><node changeset="1" id="414727663" user="OSMnx" visible="true" lon="72.9784061" lat="19.2042539" version="1" uid="1" timestamp="2026-04-09T19:16:40Z" /><node changeset="1" id="414727665" user="OSMnx" visible="true" lon="72.978178" lat="19.2045534" version="1" uid="1" timestamp="2026-04-09T19:16:40Z" /><node changeset="1" id="414728864" user="OSMnx" visible="true" lon="72.9742571" lat="19.2096603" version="1" uid="1" timestamp="2026-04-09T19:16:40Z" /><node changeset="1" id="414728865" user="OSMnx" visible="true" lon="72.9758783" lat="19.2112095" version="1" uid="1" timestamp="2026-04-09T19:16:40Z" /><node changeset="1" id="414729201" user="OSMnx" visible="true" lon="72.9745505" lat="19.2160994" version="1" uid="1" timestamp="2026-04-09T19:16:40Z" /><node changeset="1" id="414729203" user="OSMnx" visible="true" lon="72.9726916" lat="19.2166268" version="1" uid="1" timestamp="2026-04-09T19:16:40Z" /><node changeset="1" id="414729698" user="OSMnx" visible="true" lon="72.9763318" lat="19.2329172" version="1" uid="1" timestamp="2026-04-09T19:16:40Z" /><node changeset="1" id="414730041" user="OSMnx" visible="true" lon="72.9698867" lat="19.2327205" version="1" uid="1" timestamp="2026-04-09T19:16:40Z"><tag k="highway" v="bus_stop" /></node><node changeset="1" id="414730051" user="OSMnx" visible="true" lon="72.9701654" lat="19.2261883" version="1" uid="1" timestamp="2026-04-09T19:16:40Z" /><node changeset="1" id="414730053" user="OSMnx" visible="true" lon="72.969935" lat="19.2248747" version="1" uid="1" timestamp="2026-04-09T19:16:40Z" /><node changeset="1" id="414730063" user="OSMnx" visible="true" lon="72.9699744" lat="19.2222103" version="1" uid="1" timestamp="2026-04-09T19:16:40Z" /><node changeset="1" id="414730067" user="OSMnx" visible="true" lon="72.9702021" lat="19.2210551" version="1" uid="1" timestamp="2026-04-09T19:16:40Z" /><node changeset="1" id="414730069" user="OSMnx" visible="true" lon="72.9704167" lat="19.2203082" version="1" uid="1" timestamp="2026-04-09T19:16:40Z" /><node changeset="1" id="414730202" user="OSMnx" visible="true" lon="72.9723532" lat="19.2169687" version="1" uid="1" timestamp="2026-04-09T19:16:40Z" /><node changeset="1" id="414730360" user="OSMnx" visible="true" lon="72.9706496" lat="19.2179673" version="1" uid="1" timestamp="2026-04-09T19:16:40Z" /><node changeset="1" id="414730361" user="OSMnx" visible="true" lon="72.9709258" lat="19.2177335" version="1" uid="1" timestamp="2026-04-09T19:16:40Z" /><node changeset="1" id="414730363" user="OSMnx" visible="true" lon="72.9712718" lat="19.2172786" version="1" uid="1" timestamp="2026-04-09T19:16:40Z" /><node changeset="1" id="414730430" user="OSMnx" visible="true" lon="72.9683715" lat="19.2189141" version="1" uid="1" timestamp="2026-04-09T19:16:40Z" /><node changeset="1" id="414730508" user="OSMnx" visible="true" lon="72.9717606" lat="19.2225343" version="1" uid="1" timestamp="2026-04-09T19:16:40Z" /><node changeset="1" id="414730509" user="OSMnx" visible="true" lon="72.9734952" lat="19.2224492" version="1" uid="1" timestamp="2026-04-09T19:16:40Z" /><node changeset="1" id="414731700" user="OSMnx" visible="true" lon="72.9783899" lat="19.217263" version="1" uid="1" timestamp="2026-04-09T19:16:40Z"><tag k="highway" v="traffic_signals" /></node><node changeset="1" id="619138963" user="OSMnx" visible="true" lon="72.9829825" lat="19.2183123" version="1" uid="1" timestamp="2026-04-09T19:16:40Z" /><node changeset="1" id="619143454" user="OSMnx" visible="true" lon="72.9894342" lat="19.2043907" version="1" uid="1" timestamp="2026-04-09T19:16:40Z" /><node changeset="1" id="619143455" user="OSMnx" visible="true" lon="72.990856" lat="19.2053592" version="1" uid="1" timestamp="2026-04-09T19:16:40Z" /><node changeset="1" id="619143456" user="OSMnx" visible="true" lon="72.9920044" lat="19.2060233" version="1" uid="1" timestamp="2026-04-09T19:16:40Z" /><node changeset="1" id="619143457" user="OSMnx" visible="true" lon="72.9935793" lat="19.2086127" version="1" uid="1" timestamp="2026-04-09T19:16:40Z" /><node changeset="1" id="619143458" user="OSMnx" visible="true" lon="72.9943877" lat="19.2090974" version="1" uid="1" timestamp="2026-04-09T19:16:40Z" /><node changeset="1" id="619143460" user="OSMnx" visible="true" lon="72.9940944" lat="19.2107889" version="1" uid="1" timestamp="2026-04-09T19:16:40Z" /><node changeset="1" id="619143461" user="OSMnx" visible="true" lon="72.9942" lat="19.2128455" version="1" uid="1" timestamp="2026-04-09T19:16:40Z" /><node changeset="1" id="619143462" user="OSMnx" visible="true" lon="72.9939034" lat="19.2135848" version="1" uid="1" timestamp="2026-04-09T19:16:40Z" /><node changeset="1" id="619143463" user="OSMnx" visible="true" lon="72.9914978" lat="19.2157621" version="1" uid="1" timestamp="2026-04-09T19:16:40Z" /><node changeset="1" id="619143464" user="OSMnx" visible="true" lon="72.9908435" lat="19.2165509" version="1" uid="1" timestamp="2026-04-09T19:16:40Z" /><node changeset="1" id="619143465" user="OSMnx" visible="true" lon="72.9909965" lat="19.2174045" version="1" uid="1" timestamp="2026-04-09T19:16:40Z" /><node changeset="1" id="619143466" user="OSMnx" visible="true" lon="72.9915758" lat="19.2184784" version="1" uid="1" timestamp="2026-04-09T19:16:40Z" /><node changeset="1" id="619143467" user="OSMnx" visible="true" lon="72.9913901" lat="19.2198112" version="1" uid="1" timestamp="2026-04-09T19:16:40Z" /><node changeset="1" id="619143468" user="OSMnx" visible="true" lon="72.9907298" lat="19.2199385" version="1" uid="1" timestamp="2026-04-09T19:16:40Z" /><node changeset="1" id="619143469" user="OSMnx" visible="true" lon="72.9901385" lat="19.219926" version="1" uid="1" timestamp="2026-04-09T19:16:40Z" /><node changeset="1" id="619143470" user="OSMnx" visible="true" lon="72.9896325" lat="19.2203021" version="1" uid="1" timestamp="2026-04-09T19:16:40Z" /><node changeset="1" id="619143471" user="OSMnx" visible="true" lon="72.9891879" lat="19.2210939" version="1" uid="1" timestamp="2026-04-09T19:16:40Z"><tag k="highway" v="traffic_signals" /></node><node changeset="1" id="659515964" user="OSMnx" visible="true" lon="72.9974607" lat="19.2257353" version="1" uid="1" timestamp="2026-04-09T19:16:40Z" /><node changeset="1" id="1078664097" user="OSMnx" visible="true" lon="72.9717815" lat="19.2033291" version="1" uid="1" timestamp="2026-04-09T19:16:40Z" /><node changeset="1" id="1078664103" user="OSMnx" visible="true" lon="72.9706764" lat="19.2028553" version="1" uid="1" timestamp="2026-04-09T19:16:40Z" /><node changeset="1" id="1078664175" user="OSMnx" visible="true" lon="72.9702516" lat="19.2017509" version="1" uid="1" timestamp="2026-04-09T19:16:40Z" /><node changeset="1" id="1078664406" user="OSMnx" visible="true" lon="72.9708566" lat="19.2037732" version="1" uid="1" timestamp="2026-04-09T19:16:40Z" /><node changeset="1" id="1078664418" user="OSMnx" visible="true" lon="72.9701368" lat="19.2021509" version="1" uid="1" timestamp="2026-04-09T19:16:40Z" /><node changeset="1" id="1078664649" user="OSMnx" visible="true" lon="72.97003" lat="19.2013938" version="1" uid="1" timestamp="2026-04-09T19:16:40Z" /><node changeset="1" id="1178760799" user="OSMnx" visible="true" lon="72.9761095" lat="19.2113933" version="1" uid="1" timestamp="2026-04-09T19:16:40Z" /><node changeset="1" id="1178760800" user="OSMnx" visible="true" lon="72.9763881" lat="19.2115754" version="1" uid="1" timestamp="2026-04-09T19:16:40Z" /><node changeset="1" id="1178760801" user="OSMnx" visible="true" lon="72.9770219" lat="19.2117991" version="1" uid="1" timestamp="2026-04-09T19:16:40Z" /><node changeset="1" id="1178760802" user="OSMnx" visible="true" lon="72.9771959" lat="19.2118288" version="1" uid="1" timestamp="2026-04-09T19:16:40Z" /><node changeset="1" id="1178760803" user="OSMnx" visible="true" lon="72.9773385" lat="19.2118468" version="1" uid="1" timestamp="2026-04-09T19:16:40Z" /><node changeset="1" id="1178760805" user="OSMnx" visible="true" lon="72.9781185" lat="19.2118229" version="1" uid="1" timestamp="2026-04-09T19:16:40Z" /><node changeset="1" id="1178760806" user="OSMnx" visible="true" lon="72.9784548" lat="19.2117802" version="1" uid="1" timestamp="2026-04-09T19:16:40Z" /><node changeset="1" id="1180435741" user="OSMnx" visible="true" lon="72.9743558" lat="19.2095689" version="1" uid="1" timestamp="2026-04-09T19:16:40Z" /><node changeset="1" id="1180435746" user="OSMnx" visible="true" lon="72.9758664" lat="19.2110638" version="1" uid="1" timestamp="2026-04-09T19:16:40Z" /><node changeset="1" id="1180435749" user="OSMnx" visible="true" lon="72.9740694" lat="19.2098344" version="1" uid="1" timestamp="2026-04-09T19:16:40Z" /><node changeset="1" id="1180435752" user="OSMnx" visible="true" lon="72.9762647" lat="19.2113895" version="1" uid="1" timestamp="2026-04-09T19:16:40Z" /><node changeset="1" id="1180440452" user="OSMnx" visible="true" lon="72.9778656" lat="19.2117346" version="1" uid="1" timestamp="2026-04-09T19:16:40Z" /><node changeset="1" id="1180440455" user="OSMnx" visible="true" lon="72.9812593" lat="19.2112128" version="1" uid="1" timestamp="2026-04-09T19:16:40Z" /><node changeset="1" id="1180440459" user="OSMnx" visible="true" lon="72.9776766" lat="19.2121082" version="1" uid="1" timestamp="2026-04-09T19:16:40Z" /><node changeset="1" id="1180440463" user="OSMnx" visible="true" lon="72.9781314" lat="19.2120208" version="1" uid="1" timestamp="2026-04-09T19:16:40Z" /><node changeset="1" id="1180440465" user="OSMnx" visible="true" lon="72.9813033" lat="19.2115246" version="1" uid="1" timestamp="2026-04-09T19:16:40Z" /><node changeset="1" id="1182363447" user="OSMnx" visible="true" lon="72.9874638" lat="19.2324306" version="1" uid="1" timestamp="2026-04-09T19:16:40Z" /><node changeset="1" id="1182363451" user="OSMnx" visible="true" lon="72.9801687" lat="19.225772" version="1" uid="1" timestamp="2026-04-09T19:16:40Z" /><node changeset="1" id="1182363460" user="OSMnx" visible="true" lon="72.9819496" lat="19.2244208" version="1" uid="1" timestamp="2026-04-09T19:16:40Z" /><node changeset="1" id="1182363471" user="OSMnx" visible="true" lon="72.9818168" lat="19.224664" version="1" uid="1" timestamp="2026-04-09T19:16:40Z" /><node changeset="1" id="1182363474" user="OSMnx" visible="true" lon="72.9824857" lat="19.2214196" version="1" uid="1" timestamp="2026-04-09T19:16:40Z" /><node changeset="1" id="1182363477" user="OSMnx" visible="true" lon="72.978375" lat="19.2183501" version="1" uid="1" timestamp="2026-04-09T19:16:40Z" /><node changeset="1" id="1182363483" user="OSMnx" visible="true" lon="72.9840373" lat="19.218725" version="1" uid="1" timestamp="2026-04-09T19:16:40Z"><tag k="highway" v="traffic_signals" /></node><node changeset="1" id="1182363492" user="OSMnx" visible="true" lon="72.978626" lat="19.2186803" version="1" uid="1" timestamp="2026-04-09T19:16:40Z" /><node changeset="1" id="1182363512" user="OSMnx" visible="true" lon="72.9809854" lat="19.2254063" version="1" uid="1" timestamp="2026-04-09T19:16:40Z" /><node changeset="1" id="1182363525" user="OSMnx" visible="true" lon="72.9798281" lat="19.225996" version="1" uid="1" timestamp="2026-04-09T19:16:40Z" /><node changeset="1" id="1182363528" user="OSMnx" visible="true" lon="72.9790777" lat="19.2245668" version="1" uid="1" timestamp="2026-04-09T19:16:40Z" /><node changeset="1" id="1182363530" user="OSMnx" visible="true" lon="72.9874141" lat="19.2323094" version="1" uid="1" timestamp="2026-04-09T19:16:40Z" /><node changeset="1" id="1182363539" user="OSMnx" visible="true" lon="72.9849832" lat="19.2299774" version="1" uid="1" timestamp="2026-04-09T19:16:40Z" /><node changeset="1" id="1182363542" user="OSMnx" visible="true" lon="72.9791655" lat="19.2224201" version="1" uid="1" timestamp="2026-04-09T19:16:40Z" /><node changeset="1" id="1182363560" user="OSMnx" visible="true" lon="72.9852784" lat="19.2302307" version="1" uid="1" timestamp="2026-04-09T19:16:40Z" /><node changeset="1" id="1182363562" user="OSMnx" visible="true" lon="72.9811846" lat="19.2252859" version="1" uid="1" timestamp="2026-04-09T19:16:40Z" /><node changeset="1" id="1182363583" user="OSMnx" visible="true" lon="72.9791381" lat="19.2216782" version="1" uid="1" timestamp="2026-04-09T19:16:40Z" /><node changeset="1" id="1184044034" user="OSMnx" visible="true" lon="72.9772826" lat="19.2141451" version="1" uid="1" timestamp="2026-04-09T19:16:40Z" /><node changeset="1" id="1184044035" user="OSMnx" visible="true" lon="72.9762186" lat="19.2111861" version="1" uid="1" timestamp="2026-04-09T19:16:40Z" /><node changeset="1" id="1184044042" user="OSMnx" visible="true" lon="72.9765061" lat="19.2113884" version="1" uid="1" timestamp="2026-04-09T19:16:40Z" /><node changeset="1" id="1184044062" user="OSMnx" visible="true" lon="72.9769286" lat="19.2129099" version="1" uid="1" timestamp="2026-04-09T19:16:40Z" /><node changeset="1" id="1184044070" user="OSMnx" visible="true" lon="72.9770287" lat="19.2131478" version="1" uid="1" timestamp="2026-04-09T19:16:40Z" /><node changeset="1" id="1184044101" user="OSMnx" visible="true" lon="72.968454" lat="19.2047392" version="1" uid="1" timestamp="2026-04-09T19:16:40Z" /><node changeset="1" id="1184044115" user="OSMnx" visible="true" lon="72.9759733" lat="19.2109857" version="1" uid="1" timestamp="2026-04-09T19:16:40Z" /><node changeset="1" id="1184044201" user="OSMnx" visible="true" lon="72.9767784" lat="19.2127222" version="1" uid="1" timestamp="2026-04-09T19:16:40Z" /><node changeset="1" id="1184046348" user="OSMnx" visible="true" lon="72.963997" lat="19.1998722" version="1" uid="1" timestamp="2026-04-09T19:16:40Z" /><node changeset="1" id="1184046360" user="OSMnx" visible="true" lon="72.9636807" lat="19.1995354" version="1" uid="1" timestamp="2026-04-09T19:16:40Z" /><node changeset="1" id="1184122822" user="OSMnx" visible="true" lon="72.9748486" lat="19.2047082" version="1" uid="1" timestamp="2026-04-09T19:16:40Z" /><node changeset="1" id="1184122824" user="OSMnx" visible="true" lon="72.9737382" lat="19.2035607" version="1" uid="1" timestamp="2026-04-09T19:16:40Z" /><node changeset="1" id="1184122825" user="OSMnx" visible="true" lon="72.9744448" lat="19.2065344" version="1" uid="1" timestamp="2026-04-09T19:16:40Z" /><node changeset="1" id="1184122826" user="OSMnx" visible="true" lon="72.9744985" lat="19.206813" version="1" uid="1" timestamp="2026-04-09T19:16:40Z" /><node changeset="1" id="1184122829" user="OSMnx" visible="true" lon="72.9755258" lat="19.2040217" version="1" uid="1" timestamp="2026-04-09T19:16:40Z" /><node changeset="1" id="1184122835" user="OSMnx" visible="true" lon="72.9743858" lat="19.2058404" version="1" uid="1" timestamp="2026-04-09T19:16:40Z" /><node changeset="1" id="1184122836" user="OSMnx" visible="true" lon="72.9756707" lat="19.2065571" version="1" uid="1" timestamp="2026-04-09T19:16:40Z" /><node changeset="1" id="1184122837" user="OSMnx" visible="true" lon="72.9744019" lat="19.2062937" version="1" uid="1" timestamp="2026-04-09T19:16:40Z" /><node changeset="1" id="1184122838" user="OSMnx" visible="true" lon="72.9760115" lat="19.2064184" version="1" uid="1" timestamp="2026-04-09T19:16:40Z" /><node changeset="1" id="1184122839" user="OSMnx" visible="true" lon="72.9743831" lat="19.2061696" version="1" uid="1" timestamp="2026-04-09T19:16:40Z" /><node changeset="1" id="1184122840" user="OSMnx" visible="true" lon="72.9729674" lat="19.2080948" version="1" uid="1" timestamp="2026-04-09T19:16:40Z" /><node changeset="1" id="1184122842" user="OSMnx" visible="true" lon="72.9775154" lat="19.205232" version="1" uid="1" timestamp="2026-04-09T19:16:40Z" /><node changeset="1" id="1184122843" user="OSMnx" visible="true" lon="72.9744101" lat="19.2048272" version="1" uid="1" timestamp="2026-04-09T19:16:40Z" /><node changeset="1" id="1184122844" user="OSMnx" visible="true" lon="72.974477" lat="19.2075096" version="1" uid="1" timestamp="2026-04-09T19:16:40Z" /><node changeset="1" id="1184122845" user="OSMnx" visible="true" lon="72.9749804" lat="19.2017388" version="1" uid="1" timestamp="2026-04-09T19:16:40Z" /><node changeset="1" id="1184122847" user="OSMnx" visible="true" lon="72.9756071" lat="19.2021343" version="1" uid="1" timestamp="2026-04-09T19:16:40Z" /><node changeset="1" id="1184122851" user="OSMnx" visible="true" lon="72.9742866" lat="19.204351" version="1" uid="1" timestamp="2026-04-09T19:16:40Z" /><node changeset="1" id="1184122854" user="OSMnx" visible="true" lon="72.9734578" lat="19.2078794" version="1" uid="1" timestamp="2026-04-09T19:16:40Z" /><node changeset="1" id="1184122857" user="OSMnx" visible="true" lon="72.9730086" lat="19.2032973" version="1" uid="1" timestamp="2026-04-09T19:16:40Z" /><node changeset="1" id="1184122858" user="OSMnx" visible="true" lon="72.9740586" lat="19.2076641" version="1" uid="1" timestamp="2026-04-09T19:16:40Z" /><node changeset="1" id="1184122859" user="OSMnx" visible="true" lon="72.9769447" lat="19.2036671" version="1" uid="1" timestamp="2026-04-09T19:16:40Z" /><node changeset="1" id="1184122860" user="OSMnx" visible="true" lon="72.9759603" lat="19.2038622" version="1" uid="1" timestamp="2026-04-09T19:16:40Z" /><node changeset="1" id="1184122861" user="OSMnx" visible="true" lon="72.9761467" lat="19.2038321" version="1" uid="1" timestamp="2026-04-09T19:16:40Z" /><node changeset="1" id="1184122863" user="OSMnx" visible="true" lon="72.974418" lat="19.2054832" version="1" uid="1" timestamp="2026-04-09T19:16:40Z" /><node changeset="1" id="1184122864" user="OSMnx" visible="true" lon="72.9746165" lat="19.2074412" version="1" uid="1" timestamp="2026-04-09T19:16:40Z" /><node changeset="1" id="1184122867" user="OSMnx" visible="true" lon="72.9737528" lat="19.2077705" version="1" uid="1" timestamp="2026-04-09T19:16:40Z" /><node changeset="1" id="1184122869" user="OSMnx" visible="true" lon="72.9723809" lat="19.2027846" version="1" uid="1" timestamp="2026-04-09T19:16:40Z" /><node changeset="1" id="1184122870" user="OSMnx" visible="true" lon="72.9728691" lat="19.2032099" version="1" uid="1" timestamp="2026-04-09T19:16:40Z" /><node changeset="1" id="1184122872" user="OSMnx" visible="true" lon="72.9745656" lat="19.207041" version="1" uid="1" timestamp="2026-04-09T19:16:40Z" /><node changeset="1" id="1184122873" user="OSMnx" visible="true" lon="72.9742827" lat="19.2048437" version="1" uid="1" timestamp="2026-04-09T19:16:40Z" /><node changeset="1" id="1184122874" user="OSMnx" visible="true" lon="72.9743832" lat="19.2042092" version="1" uid="1" timestamp="2026-04-09T19:16:40Z" /><node changeset="1" id="1184122879" user="OSMnx" visible="true" lon="72.9765477" lat="19.2037583" version="1" uid="1" timestamp="2026-04-09T19:16:40Z" /><node changeset="1" id="1184122880" user="OSMnx" visible="true" lon="72.9744878" lat="19.2040749" version="1" uid="1" timestamp="2026-04-09T19:16:40Z" /><node changeset="1" id="1184122882" user="OSMnx" visible="true" lon="72.9752334" lat="19.2041534" version="1" uid="1" timestamp="2026-04-09T19:16:40Z" /><node changeset="1" id="1184122883" user="OSMnx" visible="true" lon="72.9747077" lat="19.2041661" version="1" uid="1" timestamp="2026-04-09T19:16:40Z" /><node changeset="1" id="1184122886" user="OSMnx" visible="true" lon="72.9742008" lat="19.2038166" version="1" uid="1" timestamp="2026-04-09T19:16:40Z" /><node changeset="1" id="1184122887" user="OSMnx" visible="true" lon="72.9742491" lat="19.2044827" version="1" uid="1" timestamp="2026-04-09T19:16:40Z" /><node changeset="1" id="1184122889" user="OSMnx" visible="true" lon="72.9735611" lat="19.2034873" version="1" uid="1" timestamp="2026-04-09T19:16:40Z" /><node changeset="1" id="1184122890" user="OSMnx" visible="true" lon="72.9732316" lat="19.2019597" version="1" uid="1" timestamp="2026-04-09T19:16:40Z" /><node changeset="1" id="1184122891" user="OSMnx" visible="true" lon="72.9746635" lat="19.2047867" version="1" uid="1" timestamp="2026-04-09T19:16:40Z" /><node changeset="1" id="1184122892" user="OSMnx" visible="true" lon="72.9743671" lat="19.205235" version="1" uid="1" timestamp="2026-04-09T19:16:40Z" /><node changeset="1" id="1184122894" user="OSMnx" visible="true" lon="72.9713476" lat="19.2035717" version="1" uid="1" timestamp="2026-04-09T19:16:40Z" /><node changeset="1" id="1184122896" user="OSMnx" visible="true" lon="72.9757404" lat="19.2039179" version="1" uid="1" timestamp="2026-04-09T19:16:40Z" /><node changeset="1" id="1184122897" user="OSMnx" visible="true" lon="72.9724009" lat="19.1996847" version="1" uid="1" timestamp="2026-04-09T19:16:40Z" /><node changeset="1" id="1184122901" user="OSMnx" visible="true" lon="72.9751127" lat="19.2044219" version="1" uid="1" timestamp="2026-04-09T19:16:40Z" /><node changeset="1" id="1184122902" user="OSMnx" visible="true" lon="72.9733089" lat="19.2007343" version="1" uid="1" timestamp="2026-04-09T19:16:40Z"><tag k="highway" v="bus_stop" /></node><node changeset="1" id="1184122903" user="OSMnx" visible="true" lon="72.9746112" lat="19.2072968" version="1" uid="1" timestamp="2026-04-09T19:16:40Z" /><node changeset="1" id="1184122905" user="OSMnx" visible="true" lon="72.9743805" lat="19.2060202" version="1" uid="1" timestamp="2026-04-09T19:16:40Z" /><node changeset="1" id="1184122907" user="OSMnx" visible="true" lon="72.9749652" lat="19.2041813" version="1" uid="1" timestamp="2026-04-09T19:16:40Z" /><node changeset="1" id="1184122910" user="OSMnx" visible="true" lon="72.974241" lat="19.2046524" version="1" uid="1" timestamp="2026-04-09T19:16:40Z" /><node changeset="1" id="1184122911" user="OSMnx" visible="true" lon="72.9742625" lat="19.2047714" version="1" uid="1" timestamp="2026-04-09T19:16:40Z" /><node changeset="1" id="1184130760" user="OSMnx" visible="true" lon="72.9873721" lat="19.2025294" version="1" uid="1" timestamp="2026-04-09T19:16:40Z" /><node changeset="1" id="1184130764" user="OSMnx" visible="true" lon="72.9869534" lat="19.2021488" version="1" uid="1" timestamp="2026-04-09T19:16:40Z" /><node changeset="1" id="1184130771" user="OSMnx" visible="true" lon="72.9884137" lat="19.2034689" version="1" uid="1" timestamp="2026-04-09T19:16:40Z" /><node changeset="1" id="1184130776" user="OSMnx" visible="true" lon="72.9863749" lat="19.2015281" version="1" uid="1" timestamp="2026-04-09T19:16:40Z" /><node changeset="1" id="1184130780" user="OSMnx" visible="true" lon="72.9856962" lat="19.199957" version="1" uid="1" timestamp="2026-04-09T19:16:40Z" /><node changeset="1" id="1235792892" user="OSMnx" visible="true" lon="72.963081" lat="19.2183425" version="1" uid="1" timestamp="2026-04-09T19:16:40Z" /><node changeset="1" id="1235792893" user="OSMnx" visible="true" lon="72.9630652" lat="19.2199847" version="1" uid="1" timestamp="2026-04-09T19:16:40Z" /><node changeset="1" id="1235792896" user="OSMnx" visible="true" lon="72.9620827" lat="19.21757" version="1" uid="1" timestamp="2026-04-09T19:16:40Z" /><node changeset="1" id="1235792897" user="OSMnx" visible="true" lon="72.9627374" lat="19.2185837" version="1" uid="1" timestamp="2026-04-09T19:16:40Z" /><node changeset="1" id="1235792908" user="OSMnx" visible="true" lon="72.9623125" lat="19.2202183" version="1" uid="1" timestamp="2026-04-09T19:16:40Z" /><node changeset="1" id="1235792910" user="OSMnx" visible="true" lon="72.9627585" lat="19.2182259" version="1" uid="1" timestamp="2026-04-09T19:16:40Z" /><node changeset="1" id="1235792911" user="OSMnx" visible="true" lon="72.9628881" lat="19.2185575" version="1" uid="1" timestamp="2026-04-09T19:16:40Z" /><node changeset="1" id="1235792920" user="OSMnx" visible="true" lon="72.962705" lat="19.2181424" version="1" uid="1" timestamp="2026-04-09T19:16:40Z" /><node changeset="1" id="1235792932" user="OSMnx" visible="true" lon="72.963011" lat="19.2184712" version="1" uid="1" timestamp="2026-04-09T19:16:40Z" /><node changeset="1" id="1235792933" user="OSMnx" visible="true" lon="72.9627773" lat="19.2184374" version="1" uid="1" timestamp="2026-04-09T19:16:40Z" /><node changeset="1" id="1235813888" user="OSMnx" visible="true" lon="72.9654212" lat="19.2336117" version="1" uid="1" timestamp="2026-04-09T19:16:40Z" /><node changeset="1" id="1235813999" user="OSMnx" visible="true" lon="72.9655982" lat="19.2335596" version="1" uid="1" timestamp="2026-04-09T19:16:40Z" /><node changeset="1" id="1235814003" user="OSMnx" visible="true" lon="72.9676911" lat="19.2330417" version="1" uid="1" timestamp="2026-04-09T19:16:40Z" /><node changeset="1" id="1235814011" user="OSMnx" visible="true" lon="72.9653534" lat="19.2339844" version="1" uid="1" timestamp="2026-04-09T19:16:40Z" /><node changeset="1" id="1235814015" user="OSMnx" visible="true" lon="72.9653494" lat="19.233763" version="1" uid="1" timestamp="2026-04-09T19:16:40Z" /><node changeset="1" id="1235814023" user="OSMnx" visible="true" lon="72.9687283" lat="19.231479" version="1" uid="1" timestamp="2026-04-09T19:16:40Z" /><node changeset="1" id="1235814026" user="OSMnx" visible="true" lon="72.9654414" lat="19.2341551" version="1" uid="1" timestamp="2026-04-09T19:16:40Z" /><node changeset="1" id="1235814027" user="OSMnx" visible="true" lon="72.96616" lat="19.2335924" version="1" uid="1" timestamp="2026-04-09T19:16:40Z" /><node changeset="1" id="1235814040" user="OSMnx" visible="true" lon="72.9686048" lat="19.2315394" version="1" uid="1" timestamp="2026-04-09T19:16:40Z" /><node changeset="1" id="1235814045" user="OSMnx" visible="true" lon="72.9678728" lat="19.2328695" version="1" uid="1" timestamp="2026-04-09T19:16:40Z" /><node changeset="1" id="1235814053" user="OSMnx" visible="true" lon="72.9689114" lat="19.2315194" version="1" uid="1" timestamp="2026-04-09T19:16:40Z" /><node changeset="1" id="1235814072" user="OSMnx" visible="true" lon="72.9674588" lat="19.2331713" version="1" uid="1" timestamp="2026-04-09T19:16:40Z" /><node changeset="1" id="1235814084" user="OSMnx" visible="true" lon="72.9659183" lat="19.2344373" version="1" uid="1" timestamp="2026-04-09T19:16:40Z" /><node changeset="1" id="1643413937" user="OSMnx" visible="true" lon="72.9663253" lat="19.2193778" version="1" uid="1" timestamp="2026-04-09T19:16:40Z" /><node changeset="1" id="1643413951" user="OSMnx" visible="true" lon="72.9663284" lat="19.2225679" version="1" uid="1" timestamp="2026-04-09T19:16:40Z" /><node changeset="1" id="1643413961" user="OSMnx" visible="true" lon="72.9663433" lat="19.2260628" version="1" uid="1" timestamp="2026-04-09T19:16:40Z" /><node changeset="1" id="1643413962" user="OSMnx" visible="true" lon="72.9652499" lat="19.2260669" version="1" uid="1" timestamp="2026-04-09T19:16:40Z" /><node changeset="1" id="1643413963" user="OSMnx" visible="true" lon="72.9663468" lat="19.2268846" version="1" uid="1" timestamp="2026-04-09T19:16:40Z" /><node changeset="1" id="1643413966" user="OSMnx" visible="true" lon="72.9664627" lat="19.2270675" version="1" uid="1" timestamp="2026-04-09T19:16:40Z" /><node changeset="1" id="1643413969" user="OSMnx" visible="true" lon="72.9669607" lat="19.2274126" version="1" uid="1" timestamp="2026-04-09T19:16:40Z" /><node changeset="1" id="1643413981" user="OSMnx" visible="true" lon="72.9671063" lat="19.2276261" version="1" uid="1" timestamp="2026-04-09T19:16:40Z" /><node changeset="1" id="1643413986" user="OSMnx" visible="true" lon="72.9689727" lat="19.2282683" version="1" uid="1" timestamp="2026-04-09T19:16:40Z" /><node changeset="1" id="1643413992" user="OSMnx" visible="true" lon="72.96736" lat="19.2286267" version="1" uid="1" timestamp="2026-04-09T19:16:40Z"><tag k="highway" v="bus_stop" /></node><node changeset="1" id="1643429120" user="OSMnx" visible="true" lon="72.9626824" lat="19.2253584" version="1" uid="1" timestamp="2026-04-09T19:16:40Z" /><node changeset="1" id="1855281025" user="OSMnx" visible="true" lon="72.976936" lat="19.2228151" version="1" uid="1" timestamp="2026-04-09T19:16:40Z" /><node changeset="1" id="1855281026" user="OSMnx" visible="true" lon="72.9749372" lat="19.2228607" version="1" uid="1" timestamp="2026-04-09T19:16:40Z" /><node changeset="1" id="1855281027" user="OSMnx" visible="true" lon="72.9754013" lat="19.2227791" version="1" uid="1" timestamp="2026-04-09T19:16:40Z" /><node changeset="1" id="1855281028" user="OSMnx" visible="true" lon="72.9757635" lat="19.2226004" version="1" uid="1" timestamp="2026-04-09T19:16:40Z" /><node changeset="1" id="1855281029" user="OSMnx" visible="true" lon="72.9766213" lat="19.2226019" version="1" uid="1" timestamp="2026-04-09T19:16:40Z" /><node changeset="1" id="1855281030" user="OSMnx" visible="true" lon="72.9735828" lat="19.2233148" version="1" uid="1" timestamp="2026-04-09T19:16:40Z" /><node changeset="1" id="1855281031" user="OSMnx" visible="true" lon="72.9743611" lat="19.2229789" version="1" uid="1" timestamp="2026-04-09T19:16:40Z" /><node changeset="1" id="1855281032" user="OSMnx" visible="true" lon="72.9761313" lat="19.222531" version="1" uid="1" timestamp="2026-04-09T19:16:40Z" /><node changeset="1" id="1855283453" user="OSMnx" visible="true" lon="72.9741438" lat="19.2248156" version="1" uid="1" timestamp="2026-04-09T19:16:40Z" /><node changeset="1" id="1855283454" user="OSMnx" visible="true" lon="72.9740989" lat="19.2241947" version="1" uid="1" timestamp="2026-04-09T19:16:40Z" /><node changeset="1" id="1855283455" user="OSMnx" visible="true" lon="72.9772277" lat="19.2250868" version="1" uid="1" timestamp="2026-04-09T19:16:40Z" /><node changeset="1" id="1855283456" user="OSMnx" visible="true" lon="72.9739291" lat="19.2237978" version="1" uid="1" timestamp="2026-04-09T19:16:40Z" /><node changeset="1" id="1855291432" user="OSMnx" visible="true" lon="72.9665557" lat="19.2058371" version="1" uid="1" timestamp="2026-04-09T19:16:40Z" /><node changeset="1" id="1855304304" user="OSMnx" visible="true" lon="72.9625679" lat="19.2092454" version="1" uid="1" timestamp="2026-04-09T19:16:40Z" /><node changeset="1" id="1856751377" user="OSMnx" visible="true" lon="72.9659083" lat="19.228386" version="1" uid="1" timestamp="2026-04-09T19:16:40Z" /><node changeset="1" id="1861349246" user="OSMnx" visible="true" lon="72.9774909" lat="19.2228558" version="1" uid="1" timestamp="2026-04-09T19:16:40Z"><tag k="highway" v="traffic_signals" /></node><node changeset="1" id="1942838867" user="OSMnx" visible="true" lon="72.9795546" lat="19.2099734" version="1" uid="1" timestamp="2026-04-09T19:16:40Z" /><node changeset="1" id="1942838870" user="OSMnx" visible="true" lon="72.9793173" lat="19.2102606" version="1" uid="1" timestamp="2026-04-09T19:16:40Z" /><node changeset="1" id="1942838873" user="OSMnx" visible="true" lon="72.9792858" lat="19.2101362" version="1" uid="1" timestamp="2026-04-09T19:16:40Z" /><node changeset="1" id="1942838877" user="OSMnx" visible="true" lon="72.9799679" lat="19.2101822" version="1" uid="1" timestamp="2026-04-09T19:16:40Z" /><node changeset="1" id="1960733596" user="OSMnx" visible="true" lon="72.9635833" lat="19.1995869" version="1" uid="1" timestamp="2026-04-09T19:16:40Z" /><node changeset="1" id="1960733625" user="OSMnx" visible="true" lon="72.9725234" lat="19.1996179" version="1" uid="1" timestamp="2026-04-09T19:16:40Z" /><node changeset="1" id="1960733632" user="OSMnx" visible="true" lon="72.9639076" lat="19.1999353" version="1" uid="1" timestamp="2026-04-09T19:16:40Z" /><node changeset="1" id="1960733642" user="OSMnx" visible="true" lon="72.963833" lat="19.1999878" version="1" uid="1" timestamp="2026-04-09T19:16:40Z" /><node changeset="1" id="1960733650" user="OSMnx" visible="true" lon="72.9729657" lat="19.2002355" version="1" uid="1" timestamp="2026-04-09T19:16:40Z" /><node changeset="1" id="1960733661" user="OSMnx" visible="true" lon="72.9642241" lat="19.2003633" version="1" uid="1" timestamp="2026-04-09T19:16:40Z" /><node changeset="1" id="1960733664" user="OSMnx" visible="true" lon="72.9769783" lat="19.2000347" version="1" uid="1" timestamp="2026-04-09T19:16:40Z" /><node changeset="1" id="1960733668" user="OSMnx" visible="true" lon="72.9773752" lat="19.1999365" version="1" uid="1" timestamp="2026-04-09T19:16:40Z" /><node changeset="1" id="1960733671" user="OSMnx" visible="true" lon="72.9733795" lat="19.2006759" version="1" uid="1" timestamp="2026-04-09T19:16:40Z"><tag k="highway" v="bus_stop" /></node><node changeset="1" id="1960733674" user="OSMnx" visible="true" lon="72.9755318" lat="19.2007721" version="1" uid="1" timestamp="2026-04-09T19:16:40Z" /><node changeset="1" id="1960733678" user="OSMnx" visible="true" lon="72.9736985" lat="19.2009836" version="1" uid="1" timestamp="2026-04-09T19:16:40Z" /><node changeset="1" id="1960733680" user="OSMnx" visible="true" lon="72.9794624" lat="19.2010371" version="1" uid="1" timestamp="2026-04-09T19:16:40Z" /><node changeset="1" id="1960733682" user="OSMnx" visible="true" lon="72.9736442" lat="19.2010378" version="1" uid="1" timestamp="2026-04-09T19:16:40Z" /><node changeset="1" id="1960733716" user="OSMnx" visible="true" lon="72.9748658" lat="19.2009804" version="1" uid="1" timestamp="2026-04-09T19:16:40Z" /><node changeset="1" id="1960733722" user="OSMnx" visible="true" lon="72.9741962" lat="19.2010731" version="1" uid="1" timestamp="2026-04-09T19:16:40Z" /><node changeset="1" id="1960733727" user="OSMnx" visible="true" lon="72.9739683" lat="19.2011873" version="1" uid="1" timestamp="2026-04-09T19:16:40Z"><tag k="highway" v="traffic_signals" /></node><node changeset="1" id="1960733730" user="OSMnx" visible="true" lon="72.9738792" lat="19.2012586" version="1" uid="1" timestamp="2026-04-09T19:16:40Z"><tag k="highway" v="traffic_signals" /></node><node changeset="1" id="1960733734" user="OSMnx" visible="true" lon="72.9739385" lat="19.2013021" version="1" uid="1" timestamp="2026-04-09T19:16:40Z"><tag k="highway" v="traffic_signals" /></node><node changeset="1" id="1960733742" user="OSMnx" visible="true" lon="72.979517" lat="19.2014786" version="1" uid="1" timestamp="2026-04-09T19:16:40Z" /><node changeset="1" id="1960733746" user="OSMnx" visible="true" lon="72.9746816" lat="19.2015247" version="1" uid="1" timestamp="2026-04-09T19:16:40Z" /><node changeset="1" id="1960733754" user="OSMnx" visible="true" lon="72.9736126" lat="19.201645" version="1" uid="1" timestamp="2026-04-09T19:16:40Z" /><node changeset="1" id="1960733758" user="OSMnx" visible="true" lon="72.9793453" lat="19.201699" version="1" uid="1" timestamp="2026-04-09T19:16:40Z" /><node changeset="1" id="1960733762" user="OSMnx" visible="true" lon="72.9794526" lat="19.2017623" version="1" uid="1" timestamp="2026-04-09T19:16:40Z" /><node changeset="1" id="1960733766" user="OSMnx" visible="true" lon="72.9753518" lat="19.2018227" version="1" uid="1" timestamp="2026-04-09T19:16:40Z" /><node changeset="1" id="1960733769" user="OSMnx" visible="true" lon="72.9732772" lat="19.2019991" version="1" uid="1" timestamp="2026-04-09T19:16:40Z" /><node changeset="1" id="1960733773" user="OSMnx" visible="true" lon="72.9790967" lat="19.2020744" version="1" uid="1" timestamp="2026-04-09T19:16:40Z" /><node changeset="1" id="1960733775" user="OSMnx" visible="true" lon="72.9756804" lat="19.2020135" version="1" uid="1" timestamp="2026-04-09T19:16:40Z" /><node changeset="1" id="1960733777" user="OSMnx" visible="true" lon="72.9792085" lat="19.2021043" version="1" uid="1" timestamp="2026-04-09T19:16:40Z" /><node changeset="1" id="1960733778" user="OSMnx" visible="true" lon="72.9759899" lat="19.2022461" version="1" uid="1" timestamp="2026-04-09T19:16:40Z" /><node changeset="1" id="1960733812" user="OSMnx" visible="true" lon="72.9661498" lat="19.2024561" version="1" uid="1" timestamp="2026-04-09T19:16:40Z" /><node changeset="1" id="1960733816" user="OSMnx" visible="true" lon="72.9789394" lat="19.2025319" version="1" uid="1" timestamp="2026-04-09T19:16:40Z" /><node changeset="1" id="1960733821" user="OSMnx" visible="true" lon="72.9790556" lat="19.2025248" version="1" uid="1" timestamp="2026-04-09T19:16:40Z" /><node changeset="1" id="1960733826" user="OSMnx" visible="true" lon="72.9613255" lat="19.2025498" version="1" uid="1" timestamp="2026-04-09T19:16:40Z" /><node changeset="1" id="1960733842" user="OSMnx" visible="true" lon="72.9724274" lat="19.202826" version="1" uid="1" timestamp="2026-04-09T19:16:40Z" /><node changeset="1" id="1960733846" user="OSMnx" visible="true" lon="72.9657408" lat="19.2020598" version="1" uid="1" timestamp="2026-04-09T19:16:40Z" /><node changeset="1" id="1960733850" user="OSMnx" visible="true" lon="72.9767892" lat="19.2029883" version="1" uid="1" timestamp="2026-04-09T19:16:40Z" /><node changeset="1" id="1960733853" user="OSMnx" visible="true" lon="72.9788573" lat="19.2031012" version="1" uid="1" timestamp="2026-04-09T19:16:40Z" /><node changeset="1" id="1960733864" user="OSMnx" visible="true" lon="72.9715845" lat="19.2034531" version="1" uid="1" timestamp="2026-04-09T19:16:40Z" /><node changeset="1" id="1960733866" user="OSMnx" visible="true" lon="72.9716162" lat="19.2035033" version="1" uid="1" timestamp="2026-04-09T19:16:40Z" /><node changeset="1" id="1960733871" user="OSMnx" visible="true" lon="72.9788518" lat="19.2035253" version="1" uid="1" timestamp="2026-04-09T19:16:40Z" /><node changeset="1" id="1960733873" user="OSMnx" visible="true" lon="72.9780992" lat="19.2035401" version="1" uid="1" timestamp="2026-04-09T19:16:40Z" /><node changeset="1" id="1960733875" user="OSMnx" visible="true" lon="72.9772988" lat="19.203505" version="1" uid="1" timestamp="2026-04-09T19:16:40Z" /><node changeset="1" id="1960733896" user="OSMnx" visible="true" lon="72.971375" lat="19.2036241" version="1" uid="1" timestamp="2026-04-09T19:16:40Z" /><node changeset="1" id="1960733900" user="OSMnx" visible="true" lon="72.97088" lat="19.2038388" version="1" uid="1" timestamp="2026-04-09T19:16:40Z" /><node changeset="1" id="1960733905" user="OSMnx" visible="true" lon="72.978592" lat="19.2038968" version="1" uid="1" timestamp="2026-04-09T19:16:40Z" /><node changeset="1" id="1960733909" user="OSMnx" visible="true" lon="72.978715" lat="19.2039306" version="1" uid="1" timestamp="2026-04-09T19:16:40Z" /><node changeset="1" id="1960733917" user="OSMnx" visible="true" lon="72.9623408" lat="19.2041324" version="1" uid="1" timestamp="2026-04-09T19:16:40Z" /><node changeset="1" id="1960733924" user="OSMnx" visible="true" lon="72.9785514" lat="19.2042345" version="1" uid="1" timestamp="2026-04-09T19:16:40Z" /><node changeset="1" id="1960733928" user="OSMnx" visible="true" lon="72.9691495" lat="19.2043014" version="1" uid="1" timestamp="2026-04-09T19:16:40Z" /><node changeset="1" id="1960733934" user="OSMnx" visible="true" lon="72.9691995" lat="19.2043992" version="1" uid="1" timestamp="2026-04-09T19:16:40Z" /><node changeset="1" id="1960733955" user="OSMnx" visible="true" lon="72.9774222" lat="19.2043105" version="1" uid="1" timestamp="2026-04-09T19:16:40Z" /><node changeset="1" id="1960733990" user="OSMnx" visible="true" lon="72.9781641" lat="19.2046994" version="1" uid="1" timestamp="2026-04-09T19:16:40Z" /><node changeset="1" id="1960734021" user="OSMnx" visible="true" lon="72.9622315" lat="19.204798" version="1" uid="1" timestamp="2026-04-09T19:16:40Z" /><node changeset="1" id="1960734030" user="OSMnx" visible="true" lon="72.9779014" lat="19.2048309" version="1" uid="1" timestamp="2026-04-09T19:16:40Z" /><node changeset="1" id="1960734049" user="OSMnx" visible="true" lon="72.9779517" lat="19.2048915" version="1" uid="1" timestamp="2026-04-09T19:16:40Z"><tag k="highway" v="bus_stop" /></node><node changeset="1" id="1960734050" user="OSMnx" visible="true" lon="72.9776635" lat="19.2048391" version="1" uid="1" timestamp="2026-04-09T19:16:40Z" /><node changeset="1" id="1960734084" user="OSMnx" visible="true" lon="72.9777869" lat="19.2050021" version="1" uid="1" timestamp="2026-04-09T19:16:40Z" /><node changeset="1" id="1960734099" user="OSMnx" visible="true" lon="72.9776359" lat="19.2050877" version="1" uid="1" timestamp="2026-04-09T19:16:40Z" /><node changeset="1" id="1960734115" user="OSMnx" visible="true" lon="72.978174" lat="19.2054829" version="1" uid="1" timestamp="2026-04-09T19:16:40Z" /><node changeset="1" id="1960734119" user="OSMnx" visible="true" lon="72.9622295" lat="19.2055769" version="1" uid="1" timestamp="2026-04-09T19:16:40Z" /><node changeset="1" id="1960734122" user="OSMnx" visible="true" lon="72.9666059" lat="19.2058927" version="1" uid="1" timestamp="2026-04-09T19:16:40Z" /><node changeset="1" id="1960734124" user="OSMnx" visible="true" lon="72.9783516" lat="19.2059861" version="1" uid="1" timestamp="2026-04-09T19:16:40Z" /><node changeset="1" id="1960734128" user="OSMnx" visible="true" lon="72.9825941" lat="19.2060783" version="1" uid="1" timestamp="2026-04-09T19:16:40Z" /><node changeset="1" id="1960734130" user="OSMnx" visible="true" lon="72.9784566" lat="19.2061558" version="1" uid="1" timestamp="2026-04-09T19:16:40Z" /><node changeset="1" id="1960734149" user="OSMnx" visible="true" lon="72.978719" lat="19.2061977" version="1" uid="1" timestamp="2026-04-09T19:16:40Z" /><node changeset="1" id="1960734151" user="OSMnx" visible="true" lon="72.9623509" lat="19.2062712" version="1" uid="1" timestamp="2026-04-09T19:16:40Z" /><node changeset="1" id="1960734155" user="OSMnx" visible="true" lon="72.966114" lat="19.2063632" version="1" uid="1" timestamp="2026-04-09T19:16:40Z" /><node changeset="1" id="1960734156" user="OSMnx" visible="true" lon="72.9703157" lat="19.206408" version="1" uid="1" timestamp="2026-04-09T19:16:40Z" /><node changeset="1" id="1960734159" user="OSMnx" visible="true" lon="72.9777306" lat="19.2067624" version="1" uid="1" timestamp="2026-04-09T19:16:40Z" /><node changeset="1" id="1960734161" user="OSMnx" visible="true" lon="72.9775954" lat="19.2067433" version="1" uid="1" timestamp="2026-04-09T19:16:40Z" /><node changeset="1" id="1960734164" user="OSMnx" visible="true" lon="72.9641553" lat="19.2067014" version="1" uid="1" timestamp="2026-04-09T19:16:40Z" /><node changeset="1" id="1960734172" user="OSMnx" visible="true" lon="72.977626" lat="19.2069878" version="1" uid="1" timestamp="2026-04-09T19:16:40Z" /><node changeset="1" id="1960734174" user="OSMnx" visible="true" lon="72.9626691" lat="19.2070559" version="1" uid="1" timestamp="2026-04-09T19:16:40Z" /><node changeset="1" id="1960734178" user="OSMnx" visible="true" lon="72.9693614" lat="19.2071658" version="1" uid="1" timestamp="2026-04-09T19:16:40Z" /><node changeset="1" id="1960734180" user="OSMnx" visible="true" lon="72.9772315" lat="19.20736" version="1" uid="1" timestamp="2026-04-09T19:16:40Z" /><node changeset="1" id="1960734182" user="OSMnx" visible="true" lon="72.971868" lat="19.2073203" version="1" uid="1" timestamp="2026-04-09T19:16:40Z" /><node changeset="1" id="1960734183" user="OSMnx" visible="true" lon="72.9717505" lat="19.2074204" version="1" uid="1" timestamp="2026-04-09T19:16:40Z" /><node changeset="1" id="1960734185" user="OSMnx" visible="true" lon="72.9772398" lat="19.2075856" version="1" uid="1" timestamp="2026-04-09T19:16:40Z" /><node changeset="1" id="1960734187" user="OSMnx" visible="true" lon="72.9647764" lat="19.2074589" version="1" uid="1" timestamp="2026-04-09T19:16:40Z" /><node changeset="1" id="1960734205" user="OSMnx" visible="true" lon="72.9629296" lat="19.2075577" version="1" uid="1" timestamp="2026-04-09T19:16:40Z" /><node changeset="1" id="1960734207" user="OSMnx" visible="true" lon="72.9648618" lat="19.2075528" version="1" uid="1" timestamp="2026-04-09T19:16:40Z" /><node changeset="1" id="1960734209" user="OSMnx" visible="true" lon="72.9627893" lat="19.207655" version="1" uid="1" timestamp="2026-04-09T19:16:40Z" /><node changeset="1" id="1960734213" user="OSMnx" visible="true" lon="72.9771049" lat="19.2082183" version="1" uid="1" timestamp="2026-04-09T19:16:40Z" /><node changeset="1" id="1960734215" user="OSMnx" visible="true" lon="72.9769531" lat="19.2080027" version="1" uid="1" timestamp="2026-04-09T19:16:40Z" /><node changeset="1" id="1960734231" user="OSMnx" visible="true" lon="72.9827214" lat="19.208437" version="1" uid="1" timestamp="2026-04-09T19:16:40Z" /><node changeset="1" id="1960734245" user="OSMnx" visible="true" lon="72.9823625" lat="19.2087674" version="1" uid="1" timestamp="2026-04-09T19:16:40Z" /><node changeset="1" id="1960734268" user="OSMnx" visible="true" lon="72.9960501" lat="19.2090967" version="1" uid="1" timestamp="2026-04-09T19:16:40Z" /><node changeset="1" id="1960734272" user="OSMnx" visible="true" lon="72.9913015" lat="19.2091992" version="1" uid="1" timestamp="2026-04-09T19:16:40Z" /><node changeset="1" id="1960734275" user="OSMnx" visible="true" lon="72.9944721" lat="19.2094415" version="1" uid="1" timestamp="2026-04-09T19:16:40Z" /><node changeset="1" id="1960734277" user="OSMnx" visible="true" lon="72.9796909" lat="19.2092322" version="1" uid="1" timestamp="2026-04-09T19:16:40Z" /><node changeset="1" id="1960734283" user="OSMnx" visible="true" lon="72.9941343" lat="19.2092851" version="1" uid="1" timestamp="2026-04-09T19:16:40Z" /><node changeset="1" id="1960734286" user="OSMnx" visible="true" lon="72.97395" lat="19.2093538" version="1" uid="1" timestamp="2026-04-09T19:16:40Z" /><node changeset="1" id="1960734298" user="OSMnx" visible="true" lon="72.9816384" lat="19.2093965" version="1" uid="1" timestamp="2026-04-09T19:16:40Z" /><node changeset="1" id="1960734300" user="OSMnx" visible="true" lon="72.982345" lat="19.2096865" version="1" uid="1" timestamp="2026-04-09T19:16:40Z" /><node changeset="1" id="1960734330" user="OSMnx" visible="true" lon="72.9623566" lat="19.2096221" version="1" uid="1" timestamp="2026-04-09T19:16:40Z" /><node changeset="1" id="1960734332" user="OSMnx" visible="true" lon="72.9942237" lat="19.209763" version="1" uid="1" timestamp="2026-04-09T19:16:40Z" /><node changeset="1" id="1960734334" user="OSMnx" visible="true" lon="72.9622679" lat="19.2097088" version="1" uid="1" timestamp="2026-04-09T19:16:40Z" /><node changeset="1" id="1960734339" user="OSMnx" visible="true" lon="72.9741705" lat="19.2097406" version="1" uid="1" timestamp="2026-04-09T19:16:40Z" /><node changeset="1" id="1960734350" user="OSMnx" visible="true" lon="72.9821465" lat="19.2099292" version="1" uid="1" timestamp="2026-04-09T19:16:40Z" /><node changeset="1" id="1960734355" user="OSMnx" visible="true" lon="72.9798802" lat="19.2098814" version="1" uid="1" timestamp="2026-04-09T19:16:40Z" /><node changeset="1" id="1960734358" user="OSMnx" visible="true" lon="72.9892457" lat="19.2100243" version="1" uid="1" timestamp="2026-04-09T19:16:40Z" /><node changeset="1" id="1960734364" user="OSMnx" visible="true" lon="72.9626727" lat="19.2101716" version="1" uid="1" timestamp="2026-04-09T19:16:40Z" /><node changeset="1" id="1960734366" user="OSMnx" visible="true" lon="72.9624715" lat="19.2100449" version="1" uid="1" timestamp="2026-04-09T19:16:40Z" /><node changeset="1" id="1960734392" user="OSMnx" visible="true" lon="72.9826371" lat="19.2104523" version="1" uid="1" timestamp="2026-04-09T19:16:40Z" /><node changeset="1" id="1960734394" user="OSMnx" visible="true" lon="72.9826427" lat="19.2105875" version="1" uid="1" timestamp="2026-04-09T19:16:40Z" /><node changeset="1" id="1960734396" user="OSMnx" visible="true" lon="72.9825285" lat="19.2106692" version="1" uid="1" timestamp="2026-04-09T19:16:40Z" /><node changeset="1" id="1960734403" user="OSMnx" visible="true" lon="72.9802252" lat="19.2110649" version="1" uid="1" timestamp="2026-04-09T19:16:40Z" /><node changeset="1" id="1960734406" user="OSMnx" visible="true" lon="72.9821932" lat="19.2111519" version="1" uid="1" timestamp="2026-04-09T19:16:40Z" /><node changeset="1" id="1960734408" user="OSMnx" visible="true" lon="72.9822148" lat="19.2112748" version="1" uid="1" timestamp="2026-04-09T19:16:40Z" /><node changeset="1" id="1960734415" user="OSMnx" visible="true" lon="72.9941887" lat="19.2117512" version="1" uid="1" timestamp="2026-04-09T19:16:40Z" /><node changeset="1" id="1960734422" user="OSMnx" visible="true" lon="72.9761265" lat="19.2117976" version="1" uid="1" timestamp="2026-04-09T19:16:40Z" /><node changeset="1" id="1960734424" user="OSMnx" visible="true" lon="72.9773065" lat="19.2115498" version="1" uid="1" timestamp="2026-04-09T19:16:40Z"><tag k="highway" v="traffic_signals" /></node><node changeset="1" id="1960734426" user="OSMnx" visible="true" lon="72.9771973" lat="19.2115536" version="1" uid="1" timestamp="2026-04-09T19:16:40Z"><tag k="highway" v="traffic_signals" /></node><node changeset="1" id="1960734449" user="OSMnx" visible="true" lon="72.9762674" lat="19.211658" version="1" uid="1" timestamp="2026-04-09T19:16:40Z" /><node changeset="1" id="1960734451" user="OSMnx" visible="true" lon="72.976312" lat="19.2116545" version="1" uid="1" timestamp="2026-04-09T19:16:40Z" /><node changeset="1" id="1960734455" user="OSMnx" visible="true" lon="72.977202" lat="19.2117155" version="1" uid="1" timestamp="2026-04-09T19:16:40Z"><tag k="highway" v="traffic_signals" /></node><node changeset="1" id="1960734457" user="OSMnx" visible="true" lon="72.9773161" lat="19.2117363" version="1" uid="1" timestamp="2026-04-09T19:16:40Z"><tag k="highway" v="traffic_signals" /></node><node changeset="1" id="1960734459" user="OSMnx" visible="true" lon="72.9764794" lat="19.2117372" version="1" uid="1" timestamp="2026-04-09T19:16:40Z" /><node changeset="1" id="1960734464" user="OSMnx" visible="true" lon="72.9766632" lat="19.2118137" version="1" uid="1" timestamp="2026-04-09T19:16:40Z" /><node changeset="1" id="1960734468" user="OSMnx" visible="true" lon="72.978474" lat="19.2118946" version="1" uid="1" timestamp="2026-04-09T19:16:40Z" /><node changeset="1" id="1960734470" user="OSMnx" visible="true" lon="72.9781025" lat="19.2119435" version="1" uid="1" timestamp="2026-04-09T19:16:40Z" /><node changeset="1" id="1960734472" user="OSMnx" visible="true" lon="72.9769886" lat="19.2119066" version="1" uid="1" timestamp="2026-04-09T19:16:40Z" /><node changeset="1" id="1960734474" user="OSMnx" visible="true" lon="72.9777806" lat="19.2119592" version="1" uid="1" timestamp="2026-04-09T19:16:40Z" /><node changeset="1" id="1960734475" user="OSMnx" visible="true" lon="72.9775929" lat="19.2119664" version="1" uid="1" timestamp="2026-04-09T19:16:40Z" /><node changeset="1" id="1960734489" user="OSMnx" visible="true" lon="72.9767968" lat="19.2124672" version="1" uid="1" timestamp="2026-04-09T19:16:40Z" /><node changeset="1" id="1960734517" user="OSMnx" visible="true" lon="72.9600134" lat="19.2125504" version="1" uid="1" timestamp="2026-04-09T19:16:40Z" /><node changeset="1" id="1960734521" user="OSMnx" visible="true" lon="72.9769758" lat="19.2126641" version="1" uid="1" timestamp="2026-04-09T19:16:40Z"><tag k="highway" v="traffic_signals" /></node><node changeset="1" id="1960734522" user="OSMnx" visible="true" lon="72.9773572" lat="19.2126914" version="1" uid="1" timestamp="2026-04-09T19:16:40Z"><tag k="highway" v="traffic_signals" /></node><node changeset="1" id="1960734524" user="OSMnx" visible="true" lon="72.9604298" lat="19.2128607" version="1" uid="1" timestamp="2026-04-09T19:16:40Z" /><node changeset="1" id="1960734526" user="OSMnx" visible="true" lon="72.9623723" lat="19.2131427" version="1" uid="1" timestamp="2026-04-09T19:16:40Z" /><node changeset="1" id="1960734528" user="OSMnx" visible="true" lon="72.9634183" lat="19.2133681" version="1" uid="1" timestamp="2026-04-09T19:16:40Z" /><node changeset="1" id="1960734529" user="OSMnx" visible="true" lon="72.9633003" lat="19.2133529" version="1" uid="1" timestamp="2026-04-09T19:16:40Z" /><node changeset="1" id="1960734533" user="OSMnx" visible="true" lon="72.9617593" lat="19.2134536" version="1" uid="1" timestamp="2026-04-09T19:16:40Z" /><node changeset="1" id="1960734536" user="OSMnx" visible="true" lon="72.9615055" lat="19.213658" version="1" uid="1" timestamp="2026-04-09T19:16:40Z" /><node changeset="1" id="1960734542" user="OSMnx" visible="true" lon="72.9776558" lat="19.2135419" version="1" uid="1" timestamp="2026-04-09T19:16:40Z" /><node changeset="1" id="1960734545" user="OSMnx" visible="true" lon="72.977374" lat="19.2137405" version="1" uid="1" timestamp="2026-04-09T19:16:40Z" /><node changeset="1" id="1960734575" user="OSMnx" visible="true" lon="72.977458" lat="19.214121" version="1" uid="1" timestamp="2026-04-09T19:16:40Z" /><node changeset="1" id="1960734583" user="OSMnx" visible="true" lon="72.9815187" lat="19.2144418" version="1" uid="1" timestamp="2026-04-09T19:16:40Z" /><node changeset="1" id="1960734587" user="OSMnx" visible="true" lon="72.9775747" lat="19.2147196" version="1" uid="1" timestamp="2026-04-09T19:16:40Z" /><node changeset="1" id="1960734589" user="OSMnx" visible="true" lon="72.9805995" lat="19.2145928" version="1" uid="1" timestamp="2026-04-09T19:16:40Z" /><node changeset="1" id="1960734636" user="OSMnx" visible="true" lon="72.9636545" lat="19.2152132" version="1" uid="1" timestamp="2026-04-09T19:16:40Z" /><node changeset="1" id="1960734638" user="OSMnx" visible="true" lon="72.9780044" lat="19.2150116" version="1" uid="1" timestamp="2026-04-09T19:16:40Z"><tag k="highway" v="traffic_signals" /></node><node changeset="1" id="1960734661" user="OSMnx" visible="true" lon="72.9780619" lat="19.2155575" version="1" uid="1" timestamp="2026-04-09T19:16:40Z" /><node changeset="1" id="1960734705" user="OSMnx" visible="true" lon="72.9744487" lat="19.2160017" version="1" uid="1" timestamp="2026-04-09T19:16:40Z" /><node changeset="1" id="1960734711" user="OSMnx" visible="true" lon="72.9741644" lat="19.21619" version="1" uid="1" timestamp="2026-04-09T19:16:40Z" /><node changeset="1" id="1960734720" user="OSMnx" visible="true" lon="72.9742181" lat="19.2163086" version="1" uid="1" timestamp="2026-04-09T19:16:40Z" /><node changeset="1" id="1960734736" user="OSMnx" visible="true" lon="72.9732453" lat="19.2163859" version="1" uid="1" timestamp="2026-04-09T19:16:40Z" /><node changeset="1" id="1960734738" user="OSMnx" visible="true" lon="72.9727569" lat="19.2164533" version="1" uid="1" timestamp="2026-04-09T19:16:40Z" /><node changeset="1" id="1960734743" user="OSMnx" visible="true" lon="72.9732691" lat="19.2165277" version="1" uid="1" timestamp="2026-04-09T19:16:40Z" /><node changeset="1" id="1960734749" user="OSMnx" visible="true" lon="72.9727672" lat="19.2165783" version="1" uid="1" timestamp="2026-04-09T19:16:40Z" /><node changeset="1" id="1960734760" user="OSMnx" visible="true" lon="72.9723799" lat="19.2167917" version="1" uid="1" timestamp="2026-04-09T19:16:40Z" /><node changeset="1" id="1960734766" user="OSMnx" visible="true" lon="72.9722556" lat="19.2168775" version="1" uid="1" timestamp="2026-04-09T19:16:40Z" /><node changeset="1" id="1960734773" user="OSMnx" visible="true" lon="72.978372" lat="19.216871" version="1" uid="1" timestamp="2026-04-09T19:16:40Z" /><node changeset="1" id="1960734778" user="OSMnx" visible="true" lon="72.9908168" lat="19.2168603" version="1" uid="1" timestamp="2026-04-09T19:16:40Z" /><node changeset="1" id="1960734783" user="OSMnx" visible="true" lon="72.9716949" lat="19.2170159" version="1" uid="1" timestamp="2026-04-09T19:16:40Z" /><node changeset="1" id="1960734794" user="OSMnx" visible="true" lon="72.9717139" lat="19.2171294" version="1" uid="1" timestamp="2026-04-09T19:16:40Z" /><node changeset="1" id="1960734795" user="OSMnx" visible="true" lon="72.9711711" lat="19.2172343" version="1" uid="1" timestamp="2026-04-09T19:16:40Z" /><node changeset="1" id="1960734796" user="OSMnx" visible="true" lon="72.9786234" lat="19.2171363" version="1" uid="1" timestamp="2026-04-09T19:16:40Z" /><node changeset="1" id="1960734799" user="OSMnx" visible="true" lon="72.9788892" lat="19.2173359" version="1" uid="1" timestamp="2026-04-09T19:16:40Z" /><node changeset="1" id="1960734801" user="OSMnx" visible="true" lon="72.9781082" lat="19.2173772" version="1" uid="1" timestamp="2026-04-09T19:16:40Z" /><node changeset="1" id="1960734803" user="OSMnx" visible="true" lon="72.9792145" lat="19.2174437" version="1" uid="1" timestamp="2026-04-09T19:16:40Z" /><node changeset="1" id="1960734807" user="OSMnx" visible="true" lon="72.9788567" lat="19.2175693" version="1" uid="1" timestamp="2026-04-09T19:16:40Z" /><node changeset="1" id="1960734809" user="OSMnx" visible="true" lon="72.9786754" lat="19.2175579" version="1" uid="1" timestamp="2026-04-09T19:16:40Z" /><node changeset="1" id="1960734810" user="OSMnx" visible="true" lon="72.9791833" lat="19.2176416" version="1" uid="1" timestamp="2026-04-09T19:16:40Z" /><node changeset="1" id="1960734812" user="OSMnx" visible="true" lon="72.9783144" lat="19.2179094" version="1" uid="1" timestamp="2026-04-09T19:16:40Z" /><node changeset="1" id="1960734816" user="OSMnx" visible="true" lon="72.9708682" lat="19.2176771" version="1" uid="1" timestamp="2026-04-09T19:16:40Z" /><node changeset="1" id="1960734818" user="OSMnx" visible="true" lon="72.9705785" lat="19.2179131" version="1" uid="1" timestamp="2026-04-09T19:16:40Z" /><node changeset="1" id="1960734822" user="OSMnx" visible="true" lon="72.983146" lat="19.2182133" version="1" uid="1" timestamp="2026-04-09T19:16:40Z" /><node changeset="1" id="1960734824" user="OSMnx" visible="true" lon="72.9702721" lat="19.2181255" version="1" uid="1" timestamp="2026-04-09T19:16:40Z" /><node changeset="1" id="1960734838" user="OSMnx" visible="true" lon="72.983356" lat="19.2184211" version="1" uid="1" timestamp="2026-04-09T19:16:40Z" /><node changeset="1" id="1960734842" user="OSMnx" visible="true" lon="72.969556" lat="19.2185106" version="1" uid="1" timestamp="2026-04-09T19:16:40Z" /><node changeset="1" id="1960734844" user="OSMnx" visible="true" lon="72.9695825" lat="19.2185536" version="1" uid="1" timestamp="2026-04-09T19:16:40Z" /><node changeset="1" id="1960734861" user="OSMnx" visible="true" lon="72.9683555" lat="19.2188733" version="1" uid="1" timestamp="2026-04-09T19:16:40Z" /><node changeset="1" id="1960734872" user="OSMnx" visible="true" lon="72.9674827" lat="19.2190912" version="1" uid="1" timestamp="2026-04-09T19:16:40Z" /><node changeset="1" id="1960734873" user="OSMnx" visible="true" lon="72.9674865" lat="19.2191453" version="1" uid="1" timestamp="2026-04-09T19:16:40Z" /><node changeset="1" id="1960734881" user="OSMnx" visible="true" lon="72.966315" lat="19.2193357" version="1" uid="1" timestamp="2026-04-09T19:16:40Z" /><node changeset="1" id="1960734890" user="OSMnx" visible="true" lon="72.9646949" lat="19.2196412" version="1" uid="1" timestamp="2026-04-09T19:16:40Z" /><node changeset="1" id="1960734892" user="OSMnx" visible="true" lon="72.9915544" lat="19.2196456" version="1" uid="1" timestamp="2026-04-09T19:16:40Z" /><node changeset="1" id="1960734894" user="OSMnx" visible="true" lon="72.9647031" lat="19.2196809" version="1" uid="1" timestamp="2026-04-09T19:16:40Z" /><node changeset="1" id="1960734900" user="OSMnx" visible="true" lon="72.9630519" lat="19.2199336" version="1" uid="1" timestamp="2026-04-09T19:16:40Z" /><node changeset="1" id="1960734901" user="OSMnx" visible="true" lon="72.9626791" lat="19.2200409" version="1" uid="1" timestamp="2026-04-09T19:16:40Z" /><node changeset="1" id="1960734911" user="OSMnx" visible="true" lon="72.9626974" lat="19.220091" version="1" uid="1" timestamp="2026-04-09T19:16:40Z" /><node changeset="1" id="1960734918" user="OSMnx" visible="true" lon="72.9622905" lat="19.2201646" version="1" uid="1" timestamp="2026-04-09T19:16:40Z" /><node changeset="1" id="1960734924" user="OSMnx" visible="true" lon="72.9620269" lat="19.2202753" version="1" uid="1" timestamp="2026-04-09T19:16:40Z" /><node changeset="1" id="1960734932" user="OSMnx" visible="true" lon="72.9618162" lat="19.2203638" version="1" uid="1" timestamp="2026-04-09T19:16:40Z"><tag k="highway" v="bus_stop" /></node><node changeset="1" id="1960734936" user="OSMnx" visible="true" lon="72.97021" lat="19.2204748" version="1" uid="1" timestamp="2026-04-09T19:16:40Z"><tag k="highway" v="bus_stop" /></node><node changeset="1" id="1960734938" user="OSMnx" visible="true" lon="72.9604299" lat="19.2206196" version="1" uid="1" timestamp="2026-04-09T19:16:40Z" /><node changeset="1" id="1960734940" user="OSMnx" visible="true" lon="72.9704216" lat="19.2204093" version="1" uid="1" timestamp="2026-04-09T19:16:40Z"><tag k="highway" v="bus_stop" /></node><node changeset="1" id="1960734944" user="OSMnx" visible="true" lon="72.961498" lat="19.2204974" version="1" uid="1" timestamp="2026-04-09T19:16:40Z" /><node changeset="1" id="1960734946" user="OSMnx" visible="true" lon="72.9615214" lat="19.220547" version="1" uid="1" timestamp="2026-04-09T19:16:40Z" /><node changeset="1" id="1960734952" user="OSMnx" visible="true" lon="72.9701884" lat="19.2206021" version="1" uid="1" timestamp="2026-04-09T19:16:40Z" /><node changeset="1" id="1960734954" user="OSMnx" visible="true" lon="72.970399" lat="19.220513" version="1" uid="1" timestamp="2026-04-09T19:16:40Z" /><node changeset="1" id="1960734967" user="OSMnx" visible="true" lon="72.9733197" lat="19.2208068" version="1" uid="1" timestamp="2026-04-09T19:16:40Z" /><node changeset="1" id="1960734972" user="OSMnx" visible="true" lon="72.9606116" lat="19.220946" version="1" uid="1" timestamp="2026-04-09T19:16:40Z" /><node changeset="1" id="1960734981" user="OSMnx" visible="true" lon="72.9601313" lat="19.2211881" version="1" uid="1" timestamp="2026-04-09T19:16:40Z" /><node changeset="1" id="1960734983" user="OSMnx" visible="true" lon="72.9891355" lat="19.2211837" version="1" uid="1" timestamp="2026-04-09T19:16:40Z"><tag k="highway" v="traffic_signals" /></node><node changeset="1" id="1960734993" user="OSMnx" visible="true" lon="72.9962944" lat="19.221271" version="1" uid="1" timestamp="2026-04-09T19:16:40Z" /><node changeset="1" id="1960735011" user="OSMnx" visible="true" lon="72.9947731" lat="19.2215499" version="1" uid="1" timestamp="2026-04-09T19:16:40Z" /><node changeset="1" id="1960735013" user="OSMnx" visible="true" lon="72.9698298" lat="19.2215946" version="1" uid="1" timestamp="2026-04-09T19:16:40Z" /><node changeset="1" id="1960735015" user="OSMnx" visible="true" lon="72.9700071" lat="19.2216332" version="1" uid="1" timestamp="2026-04-09T19:16:40Z" /><node changeset="1" id="1960735017" user="OSMnx" visible="true" lon="72.9903449" lat="19.2216343" version="1" uid="1" timestamp="2026-04-09T19:16:40Z" /><node changeset="1" id="1960735019" user="OSMnx" visible="true" lon="72.9903068" lat="19.2217294" version="1" uid="1" timestamp="2026-04-09T19:16:40Z" /><node changeset="1" id="1960735021" user="OSMnx" visible="true" lon="72.9908889" lat="19.2217707" version="1" uid="1" timestamp="2026-04-09T19:16:40Z" /><node changeset="1" id="1960735031" user="OSMnx" visible="true" lon="72.9702784" lat="19.2218181" version="1" uid="1" timestamp="2026-04-09T19:16:40Z" /><node changeset="1" id="1960735055" user="OSMnx" visible="true" lon="72.9927454" lat="19.2222505" version="1" uid="1" timestamp="2026-04-09T19:16:40Z" /><node changeset="1" id="1960735063" user="OSMnx" visible="true" lon="72.9948803" lat="19.2223125" version="1" uid="1" timestamp="2026-04-09T19:16:40Z" /><node changeset="1" id="1960735077" user="OSMnx" visible="true" lon="72.9976975" lat="19.2223959" version="1" uid="1" timestamp="2026-04-09T19:16:40Z" /><node changeset="1" id="1960735081" user="OSMnx" visible="true" lon="72.9663243" lat="19.2224183" version="1" uid="1" timestamp="2026-04-09T19:16:40Z" /><node changeset="1" id="1960735089" user="OSMnx" visible="true" lon="72.9662645" lat="19.2225182" version="1" uid="1" timestamp="2026-04-09T19:16:40Z" /><node changeset="1" id="1960735091" user="OSMnx" visible="true" lon="72.9664206" lat="19.2224922" version="1" uid="1" timestamp="2026-04-09T19:16:40Z" /><node changeset="1" id="1960735101" user="OSMnx" visible="true" lon="72.9719087" lat="19.2225429" version="1" uid="1" timestamp="2026-04-09T19:16:40Z" /><node changeset="1" id="1960735103" user="OSMnx" visible="true" lon="72.9713379" lat="19.2225446" version="1" uid="1" timestamp="2026-04-09T19:16:40Z" /><node changeset="1" id="1960735147" user="OSMnx" visible="true" lon="72.973892" lat="19.2231657" version="1" uid="1" timestamp="2026-04-09T19:16:40Z" /><node changeset="1" id="1960735159" user="OSMnx" visible="true" lon="72.9777763" lat="19.2233323" version="1" uid="1" timestamp="2026-04-09T19:16:40Z" /><node changeset="1" id="1960735161" user="OSMnx" visible="true" lon="72.9698342" lat="19.2233866" version="1" uid="1" timestamp="2026-04-09T19:16:40Z" /><node changeset="1" id="1960735178" user="OSMnx" visible="true" lon="72.9697949" lat="19.2249036" version="1" uid="1" timestamp="2026-04-09T19:16:40Z" /><node changeset="1" id="1960735181" user="OSMnx" visible="true" lon="72.9741454" lat="19.2253881" version="1" uid="1" timestamp="2026-04-09T19:16:40Z" /><node changeset="1" id="1960735183" user="OSMnx" visible="true" lon="72.9701343" lat="19.2257553" version="1" uid="1" timestamp="2026-04-09T19:16:40Z"><tag k="highway" v="bus_stop" /></node><node changeset="1" id="1960735184" user="OSMnx" visible="true" lon="72.9699772" lat="19.2257939" version="1" uid="1" timestamp="2026-04-09T19:16:40Z" /><node changeset="1" id="1960735187" user="OSMnx" visible="true" lon="72.9740472" lat="19.2262784" version="1" uid="1" timestamp="2026-04-09T19:16:40Z" /><node changeset="1" id="1960735202" user="OSMnx" visible="true" lon="72.9699747" lat="19.2266883" version="1" uid="1" timestamp="2026-04-09T19:16:40Z" /><node changeset="1" id="1960735208" user="OSMnx" visible="true" lon="72.9738051" lat="19.2271493" version="1" uid="1" timestamp="2026-04-09T19:16:40Z" /><node changeset="1" id="1960735216" user="OSMnx" visible="true" lon="72.9734311" lat="19.2281323" version="1" uid="1" timestamp="2026-04-09T19:16:40Z" /><node changeset="1" id="1960735221" user="OSMnx" visible="true" lon="72.9699075" lat="19.2282147" version="1" uid="1" timestamp="2026-04-09T19:16:40Z"><tag k="highway" v="traffic_signals" /></node><node changeset="1" id="1960735225" user="OSMnx" visible="true" lon="72.9712782" lat="19.2283255" version="1" uid="1" timestamp="2026-04-09T19:16:40Z" /><node changeset="1" id="1960735251" user="OSMnx" visible="true" lon="72.970001" lat="19.2293923" version="1" uid="1" timestamp="2026-04-09T19:16:40Z" /><node changeset="1" id="1960735262" user="OSMnx" visible="true" lon="72.9767119" lat="19.2309356" version="1" uid="1" timestamp="2026-04-09T19:16:40Z" /><node changeset="1" id="1960735264" user="OSMnx" visible="true" lon="72.9784708" lat="19.2310716" version="1" uid="1" timestamp="2026-04-09T19:16:40Z" /><node changeset="1" id="1960735266" user="OSMnx" visible="true" lon="72.9700961" lat="19.2316542" version="1" uid="1" timestamp="2026-04-09T19:16:40Z" /><node changeset="1" id="1960735268" user="OSMnx" visible="true" lon="72.968449" lat="19.231819" version="1" uid="1" timestamp="2026-04-09T19:16:40Z" /><node changeset="1" id="1960735299" user="OSMnx" visible="true" lon="72.9700205" lat="19.2322201" version="1" uid="1" timestamp="2026-04-09T19:16:40Z"><tag k="highway" v="traffic_signals" /></node><node changeset="1" id="1960735322" user="OSMnx" visible="true" lon="72.9696853" lat="19.23345" version="1" uid="1" timestamp="2026-04-09T19:16:40Z" /><node changeset="1" id="1960735324" user="OSMnx" visible="true" lon="72.9698165" lat="19.2331829" version="1" uid="1" timestamp="2026-04-09T19:16:40Z" /><node changeset="1" id="2050868050" user="OSMnx" visible="true" lon="72.9720832" lat="19.2170687" version="1" uid="1" timestamp="2026-04-09T19:16:40Z" /><node changeset="1" id="2050868055" user="OSMnx" visible="true" lon="72.9713603" lat="19.2171057" version="1" uid="1" timestamp="2026-04-09T19:16:40Z" /><node changeset="1" id="2050868056" user="OSMnx" visible="true" lon="72.9712271" lat="19.2171729" version="1" uid="1" timestamp="2026-04-09T19:16:40Z" /><node changeset="1" id="2050868058" user="OSMnx" visible="true" lon="72.9713899" lat="19.2171974" version="1" uid="1" timestamp="2026-04-09T19:16:40Z" /><node changeset="1" id="2050868060" user="OSMnx" visible="true" lon="72.9713125" lat="19.2172402" version="1" uid="1" timestamp="2026-04-09T19:16:40Z" /><node changeset="1" id="2050868152" user="OSMnx" visible="true" lon="72.9724707" lat="19.2283548" version="1" uid="1" timestamp="2026-04-09T19:16:40Z" /><node changeset="1" id="2227586530" user="OSMnx" visible="true" lon="72.984628" lat="19.2114944" version="1" uid="1" timestamp="2026-04-09T19:16:40Z" /><node changeset="1" id="2227586540" user="OSMnx" visible="true" lon="72.982315" lat="19.212602" version="1" uid="1" timestamp="2026-04-09T19:16:40Z" /><node changeset="1" id="2227586569" user="OSMnx" visible="true" lon="72.9823254" lat="19.2131253" version="1" uid="1" timestamp="2026-04-09T19:16:40Z" /><node changeset="1" id="2227586577" user="OSMnx" visible="true" lon="72.9822916" lat="19.2131818" version="1" uid="1" timestamp="2026-04-09T19:16:40Z" /><node changeset="1" id="2227586579" user="OSMnx" visible="true" lon="72.9822578" lat="19.2132039" version="1" uid="1" timestamp="2026-04-09T19:16:40Z" /><node changeset="1" id="2227586582" user="OSMnx" visible="true" lon="72.9818843" lat="19.2132814" version="1" uid="1" timestamp="2026-04-09T19:16:40Z" /><node changeset="1" id="2227586632" user="OSMnx" visible="true" lon="72.9825478" lat="19.2137161" version="1" uid="1" timestamp="2026-04-09T19:16:40Z" /><node changeset="1" id="2227586640" user="OSMnx" visible="true" lon="72.9817363" lat="19.2137531" version="1" uid="1" timestamp="2026-04-09T19:16:40Z" /><node changeset="1" id="2227586656" user="OSMnx" visible="true" lon="72.9822468" lat="19.2138531" version="1" uid="1" timestamp="2026-04-09T19:16:40Z" /><node changeset="1" id="2227586663" user="OSMnx" visible="true" lon="72.9821476" lat="19.2139633" version="1" uid="1" timestamp="2026-04-09T19:16:40Z" /><node changeset="1" id="2227586671" user="OSMnx" visible="true" lon="72.981644" lat="19.2139456" version="1" uid="1" timestamp="2026-04-09T19:16:40Z" /><node changeset="1" id="2227586711" user="OSMnx" visible="true" lon="72.9820798" lat="19.2141007" version="1" uid="1" timestamp="2026-04-09T19:16:40Z" /><node changeset="1" id="2227586774" user="OSMnx" visible="true" lon="72.9815882" lat="19.2143184" version="1" uid="1" timestamp="2026-04-09T19:16:40Z" /><node changeset="1" id="2227586808" user="OSMnx" visible="true" lon="72.9842785" lat="19.2149194" version="1" uid="1" timestamp="2026-04-09T19:16:40Z" /><node changeset="1" id="2227586907" user="OSMnx" visible="true" lon="72.9860227" lat="19.2157033" version="1" uid="1" timestamp="2026-04-09T19:16:40Z" /><node changeset="1" id="2227586933" user="OSMnx" visible="true" lon="72.9912172" lat="19.2151112" version="1" uid="1" timestamp="2026-04-09T19:16:40Z" /><node changeset="1" id="2227586937" user="OSMnx" visible="true" lon="72.9836609" lat="19.2156532" version="1" uid="1" timestamp="2026-04-09T19:16:40Z" /><node changeset="1" id="2227586949" user="OSMnx" visible="true" lon="72.9833712" lat="19.2158419" version="1" uid="1" timestamp="2026-04-09T19:16:40Z" /><node changeset="1" id="2227586967" user="OSMnx" visible="true" lon="72.9832426" lat="19.2159848" version="1" uid="1" timestamp="2026-04-09T19:16:40Z" /><node changeset="1" id="2227586986" user="OSMnx" visible="true" lon="72.9829274" lat="19.2163692" version="1" uid="1" timestamp="2026-04-09T19:16:40Z" /><node changeset="1" id="2227586993" user="OSMnx" visible="true" lon="72.9826935" lat="19.2165744" version="1" uid="1" timestamp="2026-04-09T19:16:40Z" /><node changeset="1" id="2227587002" user="OSMnx" visible="true" lon="72.9825988" lat="19.216751" version="1" uid="1" timestamp="2026-04-09T19:16:40Z" /><node changeset="1" id="2227587005" user="OSMnx" visible="true" lon="72.9824427" lat="19.21694" version="1" uid="1" timestamp="2026-04-09T19:16:40Z" /><node changeset="1" id="2227587025" user="OSMnx" visible="true" lon="72.9823119" lat="19.2170087" version="1" uid="1" timestamp="2026-04-09T19:16:40Z" /><node changeset="1" id="2227587035" user="OSMnx" visible="true" lon="72.9911412" lat="19.2176054" version="1" uid="1" timestamp="2026-04-09T19:16:40Z" /><node changeset="1" id="2227587038" user="OSMnx" visible="true" lon="72.9824124" lat="19.2176569" version="1" uid="1" timestamp="2026-04-09T19:16:40Z" /><node changeset="1" id="2227587044" user="OSMnx" visible="true" lon="72.9794298" lat="19.2176851" version="1" uid="1" timestamp="2026-04-09T19:16:40Z" /><node changeset="1" id="2227587048" user="OSMnx" visible="true" lon="72.9712967" lat="19.2176947" version="1" uid="1" timestamp="2026-04-09T19:16:40Z" /><node changeset="1" id="2227587061" user="OSMnx" visible="true" lon="72.9714623" lat="19.2176972" version="1" uid="1" timestamp="2026-04-09T19:16:40Z" /><node changeset="1" id="2227587064" user="OSMnx" visible="true" lon="72.971118" lat="19.2177419" version="1" uid="1" timestamp="2026-04-09T19:16:40Z" /><node changeset="1" id="2227587067" user="OSMnx" visible="true" lon="72.9710476" lat="19.2177438" version="1" uid="1" timestamp="2026-04-09T19:16:40Z" /><node changeset="1" id="2227587070" user="OSMnx" visible="true" lon="72.9824086" lat="19.2177693" version="1" uid="1" timestamp="2026-04-09T19:16:40Z" /><node changeset="1" id="2227587074" user="OSMnx" visible="true" lon="72.9715797" lat="19.2177352" version="1" uid="1" timestamp="2026-04-09T19:16:40Z" /><node changeset="1" id="2227587082" user="OSMnx" visible="true" lon="72.9717245" lat="19.2178536" version="1" uid="1" timestamp="2026-04-09T19:16:40Z" /><node changeset="1" id="2227587089" user="OSMnx" visible="true" lon="72.9794087" lat="19.2179162" version="1" uid="1" timestamp="2026-04-09T19:16:40Z" /><node changeset="1" id="2227587099" user="OSMnx" visible="true" lon="72.9718613" lat="19.2179695" version="1" uid="1" timestamp="2026-04-09T19:16:40Z" /><node changeset="1" id="2227587102" user="OSMnx" visible="true" lon="72.9794165" lat="19.218012" version="1" uid="1" timestamp="2026-04-09T19:16:40Z" /><node changeset="1" id="2227587111" user="OSMnx" visible="true" lon="72.9719565" lat="19.2180727" version="1" uid="1" timestamp="2026-04-09T19:16:40Z" /><node changeset="1" id="2227587115" user="OSMnx" visible="true" lon="72.9794555" lat="19.2181176" version="1" uid="1" timestamp="2026-04-09T19:16:40Z" /><node changeset="1" id="2227587125" user="OSMnx" visible="true" lon="72.9794763" lat="19.2182134" version="1" uid="1" timestamp="2026-04-09T19:16:40Z" /><node changeset="1" id="2227587134" user="OSMnx" visible="true" lon="72.9720839" lat="19.218293" version="1" uid="1" timestamp="2026-04-09T19:16:40Z" /><node changeset="1" id="2227587138" user="OSMnx" visible="true" lon="72.9721369" lat="19.2183475" version="1" uid="1" timestamp="2026-04-09T19:16:40Z" /><node changeset="1" id="2227587142" user="OSMnx" visible="true" lon="72.9721986" lat="19.2183887" version="1" uid="1" timestamp="2026-04-09T19:16:40Z" /><node changeset="1" id="2227587145" user="OSMnx" visible="true" lon="72.9723085" lat="19.2184127" version="1" uid="1" timestamp="2026-04-09T19:16:40Z" /><node changeset="1" id="2227587148" user="OSMnx" visible="true" lon="72.9723676" lat="19.2184393" version="1" uid="1" timestamp="2026-04-09T19:16:40Z" /><node changeset="1" id="2227587151" user="OSMnx" visible="true" lon="72.9794789" lat="19.2185082" version="1" uid="1" timestamp="2026-04-09T19:16:40Z" /><node changeset="1" id="2227587154" user="OSMnx" visible="true" lon="72.9724688" lat="19.2185862" version="1" uid="1" timestamp="2026-04-09T19:16:40Z" /><node changeset="1" id="2227587157" user="OSMnx" visible="true" lon="72.9725366" lat="19.2186259" version="1" uid="1" timestamp="2026-04-09T19:16:40Z" /><node changeset="1" id="2227587160" user="OSMnx" visible="true" lon="72.9726096" lat="19.2186364" version="1" uid="1" timestamp="2026-04-09T19:16:40Z" /><node changeset="1" id="2227587161" user="OSMnx" visible="true" lon="72.9726973" lat="19.2186413" version="1" uid="1" timestamp="2026-04-09T19:16:40Z" /><node changeset="1" id="2227587164" user="OSMnx" visible="true" lon="72.9727534" lat="19.2186498" version="1" uid="1" timestamp="2026-04-09T19:16:40Z" /><node changeset="1" id="2227587167" user="OSMnx" visible="true" lon="72.973135" lat="19.2187084" version="1" uid="1" timestamp="2026-04-09T19:16:40Z" /><node changeset="1" id="2227587169" user="OSMnx" visible="true" lon="72.9728789" lat="19.2187056" version="1" uid="1" timestamp="2026-04-09T19:16:40Z" /><node changeset="1" id="2227587171" user="OSMnx" visible="true" lon="72.9729374" lat="19.2187154" version="1" uid="1" timestamp="2026-04-09T19:16:40Z" /><node changeset="1" id="2227587180" user="OSMnx" visible="true" lon="72.9723649" lat="19.218766" version="1" uid="1" timestamp="2026-04-09T19:16:40Z" /><node changeset="1" id="2227587194" user="OSMnx" visible="true" lon="72.9723368" lat="19.2189096" version="1" uid="1" timestamp="2026-04-09T19:16:40Z" /><node changeset="1" id="2227587197" user="OSMnx" visible="true" lon="72.9904657" lat="19.2188725" version="1" uid="1" timestamp="2026-04-09T19:16:40Z" /><node changeset="1" id="2227587203" user="OSMnx" visible="true" lon="72.9904679" lat="19.2191042" version="1" uid="1" timestamp="2026-04-09T19:16:40Z" /><node changeset="1" id="2227587210" user="OSMnx" visible="true" lon="72.9722491" lat="19.2191107" version="1" uid="1" timestamp="2026-04-09T19:16:40Z" /><node changeset="1" id="2227587214" user="OSMnx" visible="true" lon="72.9731401" lat="19.2188894" version="1" uid="1" timestamp="2026-04-09T19:16:40Z" /><node changeset="1" id="2227587216" user="OSMnx" visible="true" lon="72.9904809" lat="19.2192663" version="1" uid="1" timestamp="2026-04-09T19:16:40Z" /><node changeset="1" id="2227587220" user="OSMnx" visible="true" lon="72.9721786" lat="19.2191974" version="1" uid="1" timestamp="2026-04-09T19:16:40Z" /><node changeset="1" id="2227587224" user="OSMnx" visible="true" lon="72.9904679" lat="19.2193523" version="1" uid="1" timestamp="2026-04-09T19:16:40Z" /><node changeset="1" id="2227587235" user="OSMnx" visible="true" lon="72.9914948" lat="19.219747" version="1" uid="1" timestamp="2026-04-09T19:16:40Z" /><node changeset="1" id="2227587245" user="OSMnx" visible="true" lon="72.9915817" lat="19.2199003" version="1" uid="1" timestamp="2026-04-09T19:16:40Z" /><node changeset="1" id="2227587249" user="OSMnx" visible="true" lon="72.991595" lat="19.2199962" version="1" uid="1" timestamp="2026-04-09T19:16:40Z" /><node changeset="1" id="2227587254" user="OSMnx" visible="true" lon="72.983206" lat="19.2201171" version="1" uid="1" timestamp="2026-04-09T19:16:40Z" /><node changeset="1" id="2227587258" user="OSMnx" visible="true" lon="72.9915456" lat="19.2201341" version="1" uid="1" timestamp="2026-04-09T19:16:40Z" /><node changeset="1" id="2227587260" user="OSMnx" visible="true" lon="72.9840918" lat="19.220305" version="1" uid="1" timestamp="2026-04-09T19:16:40Z" /><node changeset="1" id="2227587265" user="OSMnx" visible="true" lon="72.997169" lat="19.2203292" version="1" uid="1" timestamp="2026-04-09T19:16:40Z" /><node changeset="1" id="2227587268" user="OSMnx" visible="true" lon="72.9914121" lat="19.2203573" version="1" uid="1" timestamp="2026-04-09T19:16:40Z" /><node changeset="1" id="2227587278" user="OSMnx" visible="true" lon="72.9879532" lat="19.2203089" version="1" uid="1" timestamp="2026-04-09T19:16:40Z" /><node changeset="1" id="2227587287" user="OSMnx" visible="true" lon="72.9848174" lat="19.2209661" version="1" uid="1" timestamp="2026-04-09T19:16:40Z" /><node changeset="1" id="2227587312" user="OSMnx" visible="true" lon="72.9826558" lat="19.22102" version="1" uid="1" timestamp="2026-04-09T19:16:40Z" /><node changeset="1" id="2227587315" user="OSMnx" visible="true" lon="72.9974839" lat="19.2211473" version="1" uid="1" timestamp="2026-04-09T19:16:40Z" /><node changeset="1" id="2227587319" user="OSMnx" visible="true" lon="72.9919644" lat="19.2211431" version="1" uid="1" timestamp="2026-04-09T19:16:40Z" /><node changeset="1" id="2227587329" user="OSMnx" visible="true" lon="72.9919983" lat="19.2212591" version="1" uid="1" timestamp="2026-04-09T19:16:40Z" /><node changeset="1" id="2227587331" user="OSMnx" visible="true" lon="72.9887795" lat="19.2214406" version="1" uid="1" timestamp="2026-04-09T19:16:40Z" /><node changeset="1" id="2227587361" user="OSMnx" visible="true" lon="72.9920217" lat="19.2214811" version="1" uid="1" timestamp="2026-04-09T19:16:40Z" /><node changeset="1" id="2227587365" user="OSMnx" visible="true" lon="72.9963715" lat="19.2215587" version="1" uid="1" timestamp="2026-04-09T19:16:40Z" /><node changeset="1" id="2227587368" user="OSMnx" visible="true" lon="72.9890831" lat="19.2215272" version="1" uid="1" timestamp="2026-04-09T19:16:40Z" /><node changeset="1" id="2227587372" user="OSMnx" visible="true" lon="72.992012" lat="19.2216316" version="1" uid="1" timestamp="2026-04-09T19:16:40Z" /><node changeset="1" id="2227587378" user="OSMnx" visible="true" lon="72.9962102" lat="19.2216717" version="1" uid="1" timestamp="2026-04-09T19:16:40Z" /><node changeset="1" id="2227587381" user="OSMnx" visible="true" lon="72.9919" lat="19.2218271" version="1" uid="1" timestamp="2026-04-09T19:16:40Z" /><node changeset="1" id="2227587392" user="OSMnx" visible="true" lon="72.9837059" lat="19.2218652" version="1" uid="1" timestamp="2026-04-09T19:16:40Z" /><node changeset="1" id="2227587395" user="OSMnx" visible="true" lon="72.9977056" lat="19.2217733" version="1" uid="1" timestamp="2026-04-09T19:16:40Z" /><node changeset="1" id="2227587399" user="OSMnx" visible="true" lon="72.9904407" lat="19.2218095" version="1" uid="1" timestamp="2026-04-09T19:16:40Z" /><node changeset="1" id="2227587407" user="OSMnx" visible="true" lon="72.9962191" lat="19.2218056" version="1" uid="1" timestamp="2026-04-09T19:16:40Z" /><node changeset="1" id="2227587414" user="OSMnx" visible="true" lon="72.989633" lat="19.2218542" version="1" uid="1" timestamp="2026-04-09T19:16:40Z" /><node changeset="1" id="2227587421" user="OSMnx" visible="true" lon="72.9961504" lat="19.2218855" version="1" uid="1" timestamp="2026-04-09T19:16:40Z" /><node changeset="1" id="2227587442" user="OSMnx" visible="true" lon="72.991824" lat="19.2220028" version="1" uid="1" timestamp="2026-04-09T19:16:40Z" /><node changeset="1" id="2227587445" user="OSMnx" visible="true" lon="72.9960359" lat="19.2220108" version="1" uid="1" timestamp="2026-04-09T19:16:40Z" /><node changeset="1" id="2227587452" user="OSMnx" visible="true" lon="72.9836319" lat="19.2220425" version="1" uid="1" timestamp="2026-04-09T19:16:40Z" /><node changeset="1" id="2227587456" user="OSMnx" visible="true" lon="72.9823412" lat="19.2221368" version="1" uid="1" timestamp="2026-04-09T19:16:40Z" /><node changeset="1" id="2227587469" user="OSMnx" visible="true" lon="72.9901959" lat="19.2222105" version="1" uid="1" timestamp="2026-04-09T19:16:40Z" /><node changeset="1" id="2227587473" user="OSMnx" visible="true" lon="72.9835785" lat="19.2221341" version="1" uid="1" timestamp="2026-04-09T19:16:40Z" /><node changeset="1" id="2227587492" user="OSMnx" visible="true" lon="72.9900756" lat="19.2221918" version="1" uid="1" timestamp="2026-04-09T19:16:40Z" /><node changeset="1" id="2227587500" user="OSMnx" visible="true" lon="72.9834768" lat="19.2222221" version="1" uid="1" timestamp="2026-04-09T19:16:40Z" /><node changeset="1" id="2227587506" user="OSMnx" visible="true" lon="72.9898778" lat="19.2222483" version="1" uid="1" timestamp="2026-04-09T19:16:40Z" /><node changeset="1" id="2227587512" user="OSMnx" visible="true" lon="72.9939973" lat="19.2222716" version="1" uid="1" timestamp="2026-04-09T19:16:40Z" /><node changeset="1" id="2227587520" user="OSMnx" visible="true" lon="72.9833553" lat="19.2222916" version="1" uid="1" timestamp="2026-04-09T19:16:40Z" /><node changeset="1" id="2227587523" user="OSMnx" visible="true" lon="72.9959785" lat="19.2223452" version="1" uid="1" timestamp="2026-04-09T19:16:40Z" /><node changeset="1" id="2227587527" user="OSMnx" visible="true" lon="72.9894824" lat="19.2223588" version="1" uid="1" timestamp="2026-04-09T19:16:40Z" /><node changeset="1" id="2227587534" user="OSMnx" visible="true" lon="72.9869401" lat="19.2224671" version="1" uid="1" timestamp="2026-04-09T19:16:40Z" /><node changeset="1" id="2227587537" user="OSMnx" visible="true" lon="72.9894095" lat="19.2224006" version="1" uid="1" timestamp="2026-04-09T19:16:40Z" /><node changeset="1" id="2227587546" user="OSMnx" visible="true" lon="72.9893471" lat="19.2224816" version="1" uid="1" timestamp="2026-04-09T19:16:40Z" /><node changeset="1" id="2227587619" user="OSMnx" visible="true" lon="72.9892196" lat="19.2229017" version="1" uid="1" timestamp="2026-04-09T19:16:40Z" /><node changeset="1" id="2227587625" user="OSMnx" visible="true" lon="72.9915589" lat="19.2229285" version="1" uid="1" timestamp="2026-04-09T19:16:40Z" /><node changeset="1" id="2227587632" user="OSMnx" visible="true" lon="72.9881827" lat="19.2230157" version="1" uid="1" timestamp="2026-04-09T19:16:40Z"><tag k="highway" v="bus_stop" /></node><node changeset="1" id="2227587651" user="OSMnx" visible="true" lon="72.9890872" lat="19.2234374" version="1" uid="1" timestamp="2026-04-09T19:16:40Z" /><node changeset="1" id="2227587659" user="OSMnx" visible="true" lon="72.9822318" lat="19.2233845" version="1" uid="1" timestamp="2026-04-09T19:16:40Z" /><node changeset="1" id="2227587672" user="OSMnx" visible="true" lon="72.9822118" lat="19.2235382" version="1" uid="1" timestamp="2026-04-09T19:16:40Z" /><node changeset="1" id="2227587684" user="OSMnx" visible="true" lon="72.9791139" lat="19.2236822" version="1" uid="1" timestamp="2026-04-09T19:16:40Z" /><node changeset="1" id="2227587700" user="OSMnx" visible="true" lon="72.9849078" lat="19.2239518" version="1" uid="1" timestamp="2026-04-09T19:16:40Z" /><node changeset="1" id="2227587741" user="OSMnx" visible="true" lon="72.9890019" lat="19.2238522" version="1" uid="1" timestamp="2026-04-09T19:16:40Z" /><node changeset="1" id="2227587774" user="OSMnx" visible="true" lon="72.9889371" lat="19.2241497" version="1" uid="1" timestamp="2026-04-09T19:16:40Z" /><node changeset="1" id="2227587782" user="OSMnx" visible="true" lon="72.9940197" lat="19.2243139" version="1" uid="1" timestamp="2026-04-09T19:16:40Z" /><node changeset="1" id="2227587794" user="OSMnx" visible="true" lon="72.9888476" lat="19.2245624" version="1" uid="1" timestamp="2026-04-09T19:16:40Z" /><node changeset="1" id="2227587799" user="OSMnx" visible="true" lon="72.9944189" lat="19.2246447" version="1" uid="1" timestamp="2026-04-09T19:16:40Z" /><node changeset="1" id="2227587804" user="OSMnx" visible="true" lon="72.9855201" lat="19.2245652" version="1" uid="1" timestamp="2026-04-09T19:16:40Z" /><node changeset="1" id="2227587807" user="OSMnx" visible="true" lon="72.9857749" lat="19.2248529" version="1" uid="1" timestamp="2026-04-09T19:16:40Z" /><node changeset="1" id="2227587808" user="OSMnx" visible="true" lon="72.9887981" lat="19.2247761" version="1" uid="1" timestamp="2026-04-09T19:16:40Z" /><node changeset="1" id="2227587812" user="OSMnx" visible="true" lon="72.9860503" lat="19.2251231" version="1" uid="1" timestamp="2026-04-09T19:16:40Z" /><node changeset="1" id="2227587824" user="OSMnx" visible="true" lon="72.9886602" lat="19.2250365" version="1" uid="1" timestamp="2026-04-09T19:16:40Z" /><node changeset="1" id="2227587831" user="OSMnx" visible="true" lon="72.9884989" lat="19.2252306" version="1" uid="1" timestamp="2026-04-09T19:16:40Z" /><node changeset="1" id="2227587855" user="OSMnx" visible="true" lon="72.9883376" lat="19.2253854" version="1" uid="1" timestamp="2026-04-09T19:16:40Z" /><node changeset="1" id="2227587859" user="OSMnx" visible="true" lon="72.986345" lat="19.2253745" version="1" uid="1" timestamp="2026-04-09T19:16:40Z" /><node changeset="1" id="2227587863" user="OSMnx" visible="true" lon="72.9880046" lat="19.2255893" version="1" uid="1" timestamp="2026-04-09T19:16:40Z" /><node changeset="1" id="2227587869" user="OSMnx" visible="true" lon="72.9877406" lat="19.2257758" version="1" uid="1" timestamp="2026-04-09T19:16:40Z" /><node changeset="1" id="2227587880" user="OSMnx" visible="true" lon="72.9803324" lat="19.2260515" version="1" uid="1" timestamp="2026-04-09T19:16:40Z" /><node changeset="1" id="2227587889" user="OSMnx" visible="true" lon="72.9804027" lat="19.2260932" version="1" uid="1" timestamp="2026-04-09T19:16:40Z" /><node changeset="1" id="2227587893" user="OSMnx" visible="true" lon="72.9805484" lat="19.2261792" version="1" uid="1" timestamp="2026-04-09T19:16:40Z" /><node changeset="1" id="2227587896" user="OSMnx" visible="true" lon="72.9807279" lat="19.2262849" version="1" uid="1" timestamp="2026-04-09T19:16:40Z" /><node changeset="1" id="2227587900" user="OSMnx" visible="true" lon="72.9872149" lat="19.2262292" version="1" uid="1" timestamp="2026-04-09T19:16:40Z" /><node changeset="1" id="2227587905" user="OSMnx" visible="true" lon="72.9808423" lat="19.2263168" version="1" uid="1" timestamp="2026-04-09T19:16:40Z" /><node changeset="1" id="2227587932" user="OSMnx" visible="true" lon="72.9810947" lat="19.2263954" version="1" uid="1" timestamp="2026-04-09T19:16:40Z" /><node changeset="1" id="2227587941" user="OSMnx" visible="true" lon="72.9870191" lat="19.226452" version="1" uid="1" timestamp="2026-04-09T19:16:40Z" /><node changeset="1" id="2227587947" user="OSMnx" visible="true" lon="72.9812014" lat="19.2264568" version="1" uid="1" timestamp="2026-04-09T19:16:40Z" /><node changeset="1" id="2227587957" user="OSMnx" visible="true" lon="72.9786427" lat="19.22638" version="1" uid="1" timestamp="2026-04-09T19:16:40Z" /><node changeset="1" id="2227587960" user="OSMnx" visible="true" lon="72.9791388" lat="19.2264977" version="1" uid="1" timestamp="2026-04-09T19:16:40Z" /><node changeset="1" id="2227587964" user="OSMnx" visible="true" lon="72.9812664" lat="19.2265575" version="1" uid="1" timestamp="2026-04-09T19:16:40Z" /><node changeset="1" id="2227587972" user="OSMnx" visible="true" lon="72.9800021" lat="19.2266859" version="1" uid="1" timestamp="2026-04-09T19:16:40Z" /><node changeset="1" id="2227587981" user="OSMnx" visible="true" lon="72.9813133" lat="19.2266656" version="1" uid="1" timestamp="2026-04-09T19:16:40Z" /><node changeset="1" id="2227587985" user="OSMnx" visible="true" lon="72.9868743" lat="19.2267509" version="1" uid="1" timestamp="2026-04-09T19:16:40Z" /><node changeset="1" id="2227588000" user="OSMnx" visible="true" lon="72.9794471" lat="19.2268833" version="1" uid="1" timestamp="2026-04-09T19:16:40Z" /><node changeset="1" id="2227588003" user="OSMnx" visible="true" lon="72.9813868" lat="19.2268445" version="1" uid="1" timestamp="2026-04-09T19:16:40Z" /><node changeset="1" id="2227588011" user="OSMnx" visible="true" lon="72.9814085" lat="19.2269277" version="1" uid="1" timestamp="2026-04-09T19:16:40Z" /><node changeset="1" id="2227588016" user="OSMnx" visible="true" lon="72.986767" lat="19.2270675" version="1" uid="1" timestamp="2026-04-09T19:16:40Z" /><node changeset="1" id="2227588022" user="OSMnx" visible="true" lon="72.9814746" lat="19.227082" version="1" uid="1" timestamp="2026-04-09T19:16:40Z" /><node changeset="1" id="2227588025" user="OSMnx" visible="true" lon="72.9866463" lat="19.2272245" version="1" uid="1" timestamp="2026-04-09T19:16:40Z" /><node changeset="1" id="2227588036" user="OSMnx" visible="true" lon="72.9865336" lat="19.2273511" version="1" uid="1" timestamp="2026-04-09T19:16:40Z" /><node changeset="1" id="2227588045" user="OSMnx" visible="true" lon="72.9809527" lat="19.2274897" version="1" uid="1" timestamp="2026-04-09T19:16:40Z" /><node changeset="1" id="2227588048" user="OSMnx" visible="true" lon="72.9864666" lat="19.2275335" version="1" uid="1" timestamp="2026-04-09T19:16:40Z" /><node changeset="1" id="2227588062" user="OSMnx" visible="true" lon="72.9862869" lat="19.2279184" version="1" uid="1" timestamp="2026-04-09T19:16:40Z" /><node changeset="1" id="2227588084" user="OSMnx" visible="true" lon="72.997434" lat="19.2281716" version="1" uid="1" timestamp="2026-04-09T19:16:40Z" /><node changeset="1" id="2227588092" user="OSMnx" visible="true" lon="72.9859114" lat="19.2283186" version="1" uid="1" timestamp="2026-04-09T19:16:40Z" /><node changeset="1" id="2227588095" user="OSMnx" visible="true" lon="72.9859462" lat="19.2284173" version="1" uid="1" timestamp="2026-04-09T19:16:40Z" /><node changeset="1" id="2227588098" user="OSMnx" visible="true" lon="72.9976516" lat="19.2284107" version="1" uid="1" timestamp="2026-04-09T19:16:40Z" /><node changeset="1" id="2227588101" user="OSMnx" visible="true" lon="72.9794797" lat="19.2283526" version="1" uid="1" timestamp="2026-04-09T19:16:40Z" /><node changeset="1" id="2227588106" user="OSMnx" visible="true" lon="72.9977468" lat="19.228526" version="1" uid="1" timestamp="2026-04-09T19:16:40Z" /><node changeset="1" id="2227588109" user="OSMnx" visible="true" lon="72.9977909" lat="19.2285998" version="1" uid="1" timestamp="2026-04-09T19:16:40Z" /><node changeset="1" id="2227588112" user="OSMnx" visible="true" lon="72.9978093" lat="19.228671" version="1" uid="1" timestamp="2026-04-09T19:16:40Z" /><node changeset="1" id="2227588114" user="OSMnx" visible="true" lon="72.9860723" lat="19.2286022" version="1" uid="1" timestamp="2026-04-09T19:16:40Z" /><node changeset="1" id="2227588117" user="OSMnx" visible="true" lon="72.9832418" lat="19.228937" version="1" uid="1" timestamp="2026-04-09T19:16:40Z" /><node changeset="1" id="2227588120" user="OSMnx" visible="true" lon="72.9862615" lat="19.2289351" version="1" uid="1" timestamp="2026-04-09T19:16:40Z" /><node changeset="1" id="2227588122" user="OSMnx" visible="true" lon="72.9862797" lat="19.2290113" version="1" uid="1" timestamp="2026-04-09T19:16:40Z" /><node changeset="1" id="2227588131" user="OSMnx" visible="true" lon="72.9862896" lat="19.2293063" version="1" uid="1" timestamp="2026-04-09T19:16:40Z" /><node changeset="1" id="2227588134" user="OSMnx" visible="true" lon="72.986244" lat="19.2294253" version="1" uid="1" timestamp="2026-04-09T19:16:40Z" /><node changeset="1" id="2227588142" user="OSMnx" visible="true" lon="72.9861796" lat="19.2295139" version="1" uid="1" timestamp="2026-04-09T19:16:40Z" /><node changeset="1" id="2227588159" user="OSMnx" visible="true" lon="72.9859033" lat="19.229714" version="1" uid="1" timestamp="2026-04-09T19:16:40Z" /><node changeset="1" id="2227588169" user="OSMnx" visible="true" lon="72.9855628" lat="19.2305016" version="1" uid="1" timestamp="2026-04-09T19:16:40Z" /><node changeset="1" id="2227588184" user="OSMnx" visible="true" lon="72.9892541" lat="19.2300637" version="1" uid="1" timestamp="2026-04-09T19:16:40Z" /><node changeset="1" id="2227588200" user="OSMnx" visible="true" lon="72.9800534" lat="19.2303471" version="1" uid="1" timestamp="2026-04-09T19:16:40Z" /><node changeset="1" id="2227588210" user="OSMnx" visible="true" lon="72.9796216" lat="19.2305143" version="1" uid="1" timestamp="2026-04-09T19:16:40Z" /><node changeset="1" id="2227588233" user="OSMnx" visible="true" lon="72.9794714" lat="19.2306713" version="1" uid="1" timestamp="2026-04-09T19:16:40Z" /><node changeset="1" id="2227588316" user="OSMnx" visible="true" lon="72.986123" lat="19.231035" version="1" uid="1" timestamp="2026-04-09T19:16:40Z" /><node changeset="1" id="2227588318" user="OSMnx" visible="true" lon="72.9792738" lat="19.2311972" version="1" uid="1" timestamp="2026-04-09T19:16:40Z" /><node changeset="1" id="2227588320" user="OSMnx" visible="true" lon="72.9820088" lat="19.2311702" version="1" uid="1" timestamp="2026-04-09T19:16:40Z" /><node changeset="1" id="2227588329" user="OSMnx" visible="true" lon="72.9801864" lat="19.2313899" version="1" uid="1" timestamp="2026-04-09T19:16:40Z" /><node changeset="1" id="2227588338" user="OSMnx" visible="true" lon="72.9808259" lat="19.2314539" version="1" uid="1" timestamp="2026-04-09T19:16:40Z" /><node changeset="1" id="2227588346" user="OSMnx" visible="true" lon="72.9804915" lat="19.2316174" version="1" uid="1" timestamp="2026-04-09T19:16:40Z" /><node changeset="1" id="2227588349" user="OSMnx" visible="true" lon="72.9802251" lat="19.2316742" version="1" uid="1" timestamp="2026-04-09T19:16:40Z" /><node changeset="1" id="2227588352" user="OSMnx" visible="true" lon="72.983039" lat="19.2316819" version="1" uid="1" timestamp="2026-04-09T19:16:40Z" /><node changeset="1" id="2227588357" user="OSMnx" visible="true" lon="72.9821616" lat="19.2318135" version="1" uid="1" timestamp="2026-04-09T19:16:40Z" /><node changeset="1" id="2227588359" user="OSMnx" visible="true" lon="72.9837027" lat="19.2318131" version="1" uid="1" timestamp="2026-04-09T19:16:40Z" /><node changeset="1" id="2227588364" user="OSMnx" visible="true" lon="72.9978017" lat="19.2319041" version="1" uid="1" timestamp="2026-04-09T19:16:40Z" /><node changeset="1" id="2227588366" user="OSMnx" visible="true" lon="72.9825298" lat="19.2319054" version="1" uid="1" timestamp="2026-04-09T19:16:40Z" /><node changeset="1" id="2227588372" user="OSMnx" visible="true" lon="72.9840525" lat="19.2319374" version="1" uid="1" timestamp="2026-04-09T19:16:40Z" /><node changeset="1" id="2227588374" user="OSMnx" visible="true" lon="72.9844096" lat="19.2321207" version="1" uid="1" timestamp="2026-04-09T19:16:40Z" /><node changeset="1" id="2227588376" user="OSMnx" visible="true" lon="72.9803565" lat="19.2320034" version="1" uid="1" timestamp="2026-04-09T19:16:40Z" /><node changeset="1" id="2227588380" user="OSMnx" visible="true" lon="72.9841803" lat="19.2319954" version="1" uid="1" timestamp="2026-04-09T19:16:40Z" /><node changeset="1" id="2227588382" user="OSMnx" visible="true" lon="72.9801527" lat="19.2320896" version="1" uid="1" timestamp="2026-04-09T19:16:40Z" /><node changeset="1" id="2227588392" user="OSMnx" visible="true" lon="72.980091" lat="19.2326492" version="1" uid="1" timestamp="2026-04-09T19:16:40Z" /><node changeset="1" id="2227588397" user="OSMnx" visible="true" lon="72.9799113" lat="19.2330975" version="1" uid="1" timestamp="2026-04-09T19:16:40Z" /><node changeset="1" id="2227588408" user="OSMnx" visible="true" lon="72.979997" lat="19.2333864" version="1" uid="1" timestamp="2026-04-09T19:16:40Z" /><node changeset="1" id="2227588415" user="OSMnx" visible="true" lon="72.9809949" lat="19.2334723" version="1" uid="1" timestamp="2026-04-09T19:16:40Z" /><node changeset="1" id="2227588418" user="OSMnx" visible="true" lon="72.9832774" lat="19.2336293" version="1" uid="1" timestamp="2026-04-09T19:16:40Z" /><node changeset="1" id="2227588449" user="OSMnx" visible="true" lon="72.982969" lat="19.2339066" version="1" uid="1" timestamp="2026-04-09T19:16:40Z" /><node changeset="1" id="2227588460" user="OSMnx" visible="true" lon="72.9830199" lat="19.2342244" version="1" uid="1" timestamp="2026-04-09T19:16:40Z" /><node changeset="1" id="2227588468" user="OSMnx" visible="true" lon="72.9830199" lat="19.2343713" version="1" uid="1" timestamp="2026-04-09T19:16:40Z" /><node changeset="1" id="2227588470" user="OSMnx" visible="true" lon="72.9801232" lat="19.2345638" version="1" uid="1" timestamp="2026-04-09T19:16:40Z" /><node changeset="1" id="2227588472" user="OSMnx" visible="true" lon="72.981443" lat="19.2345824" version="1" uid="1" timestamp="2026-04-09T19:16:40Z" /><node changeset="1" id="2227588478" user="OSMnx" visible="true" lon="72.9978236" lat="19.2346802" version="1" uid="1" timestamp="2026-04-09T19:16:40Z" /><node changeset="1" id="2227588484" user="OSMnx" visible="true" lon="72.978881" lat="19.2347512" version="1" uid="1" timestamp="2026-04-09T19:16:40Z" /><node changeset="1" id="2227588489" user="OSMnx" visible="true" lon="72.9829583" lat="19.2346499" version="1" uid="1" timestamp="2026-04-09T19:16:40Z" /><node changeset="1" id="2227588497" user="OSMnx" visible="true" lon="72.9768189" lat="19.2348157" version="1" uid="1" timestamp="2026-04-09T19:16:40Z" /><node changeset="1" id="2227588499" user="OSMnx" visible="true" lon="72.9805496" lat="19.2348474" version="1" uid="1" timestamp="2026-04-09T19:16:40Z" /><node changeset="1" id="2227588505" user="OSMnx" visible="true" lon="72.9773324" lat="19.2349411" version="1" uid="1" timestamp="2026-04-09T19:16:40Z" /><node changeset="1" id="2227588510" user="OSMnx" visible="true" lon="72.9781303" lat="19.2349842" version="1" uid="1" timestamp="2026-04-09T19:16:40Z" /><node changeset="1" id="2227588513" user="OSMnx" visible="true" lon="72.9779452" lat="19.2349867" version="1" uid="1" timestamp="2026-04-09T19:16:40Z" /><node changeset="1" id="2227588516" user="OSMnx" visible="true" lon="72.997811" lat="19.2349369" version="1" uid="1" timestamp="2026-04-09T19:16:40Z" /><node changeset="1" id="2227588519" user="OSMnx" visible="true" lon="72.9798468" lat="19.235017" version="1" uid="1" timestamp="2026-04-09T19:16:40Z" /><node changeset="1" id="2227588522" user="OSMnx" visible="true" lon="72.9829288" lat="19.2350981" version="1" uid="1" timestamp="2026-04-09T19:16:40Z" /><node changeset="1" id="2227588527" user="OSMnx" visible="true" lon="72.9790129" lat="19.2351832" version="1" uid="1" timestamp="2026-04-09T19:16:40Z" /><node changeset="1" id="2227588532" user="OSMnx" visible="true" lon="72.9784559" lat="19.2352217" version="1" uid="1" timestamp="2026-04-09T19:16:40Z" /><node changeset="1" id="2227588538" user="OSMnx" visible="true" lon="72.9774853" lat="19.2352642" version="1" uid="1" timestamp="2026-04-09T19:16:40Z" /><node changeset="1" id="2227588544" user="OSMnx" visible="true" lon="72.9829811" lat="19.2353096" version="1" uid="1" timestamp="2026-04-09T19:16:40Z" /><node changeset="1" id="2227588546" user="OSMnx" visible="true" lon="72.9773964" lat="19.2352709" version="1" uid="1" timestamp="2026-04-09T19:16:40Z" /><node changeset="1" id="2227588550" user="OSMnx" visible="true" lon="72.9771258" lat="19.2353223" version="1" uid="1" timestamp="2026-04-09T19:16:40Z" /><node changeset="1" id="2227588553" user="OSMnx" visible="true" lon="72.9828067" lat="19.2354248" version="1" uid="1" timestamp="2026-04-09T19:16:40Z" /><node changeset="1" id="2227588565" user="OSMnx" visible="true" lon="72.9791205" lat="19.2353984" version="1" uid="1" timestamp="2026-04-09T19:16:40Z" /><node changeset="1" id="2227588573" user="OSMnx" visible="true" lon="72.9817701" lat="19.2352298" version="1" uid="1" timestamp="2026-04-09T19:16:40Z" /><node changeset="1" id="2227610253" user="OSMnx" visible="true" lon="72.981963" lat="19.2141079" version="1" uid="1" timestamp="2026-04-09T19:16:40Z" /><node changeset="1" id="2227610256" user="OSMnx" visible="true" lon="72.9821232" lat="19.2141199" version="1" uid="1" timestamp="2026-04-09T19:16:40Z" /><node changeset="1" id="2227610272" user="OSMnx" visible="true" lon="72.9821801" lat="19.2141843" version="1" uid="1" timestamp="2026-04-09T19:16:40Z" /><node changeset="1" id="2227610275" user="OSMnx" visible="true" lon="72.9822224" lat="19.2142347" version="1" uid="1" timestamp="2026-04-09T19:16:40Z" /><node changeset="1" id="2227610277" user="OSMnx" visible="true" lon="72.9824726" lat="19.2142364" version="1" uid="1" timestamp="2026-04-09T19:16:40Z" /><node changeset="1" id="2227610279" user="OSMnx" visible="true" lon="72.9825463" lat="19.2142209" version="1" uid="1" timestamp="2026-04-09T19:16:40Z" /><node changeset="1" id="2227610281" user="OSMnx" visible="true" lon="72.9822739" lat="19.2142503" version="1" uid="1" timestamp="2026-04-09T19:16:40Z" /><node changeset="1" id="2227610284" user="OSMnx" visible="true" lon="72.9826117" lat="19.2142348" version="1" uid="1" timestamp="2026-04-09T19:16:40Z" /><node changeset="1" id="2227610287" user="OSMnx" visible="true" lon="72.9817496" lat="19.2142729" version="1" uid="1" timestamp="2026-04-09T19:16:40Z" /><node changeset="1" id="2227610300" user="OSMnx" visible="true" lon="72.9826948" lat="19.2143378" version="1" uid="1" timestamp="2026-04-09T19:16:40Z" /><node changeset="1" id="2227610303" user="OSMnx" visible="true" lon="72.9826813" lat="19.2144798" version="1" uid="1" timestamp="2026-04-09T19:16:40Z" /><node changeset="1" id="2227610309" user="OSMnx" visible="true" lon="72.982714" lat="19.2145548" version="1" uid="1" timestamp="2026-04-09T19:16:40Z" /><node changeset="1" id="2227610321" user="OSMnx" visible="true" lon="72.9829316" lat="19.2147836" version="1" uid="1" timestamp="2026-04-09T19:16:40Z" /><node changeset="1" id="2227610325" user="OSMnx" visible="true" lon="72.9829895" lat="19.2149741" version="1" uid="1" timestamp="2026-04-09T19:16:40Z" /><node changeset="1" id="2227610330" user="OSMnx" visible="true" lon="72.9830079" lat="19.2150355" version="1" uid="1" timestamp="2026-04-09T19:16:40Z" /><node changeset="1" id="2227610339" user="OSMnx" visible="true" lon="72.9830576" lat="19.2151606" version="1" uid="1" timestamp="2026-04-09T19:16:40Z" /><node changeset="1" id="2227610343" user="OSMnx" visible="true" lon="72.9830962" lat="19.2153152" version="1" uid="1" timestamp="2026-04-09T19:16:40Z" /><node changeset="1" id="2227610361" user="OSMnx" visible="true" lon="72.9831376" lat="19.2155122" version="1" uid="1" timestamp="2026-04-09T19:16:40Z" /><node changeset="1" id="2227610363" user="OSMnx" visible="true" lon="72.9834765" lat="19.2155676" version="1" uid="1" timestamp="2026-04-09T19:16:40Z" /><node changeset="1" id="2227611189" user="OSMnx" visible="true" lon="72.9816322" lat="19.2270179" version="1" uid="1" timestamp="2026-04-09T19:16:40Z" /><node changeset="1" id="2227611193" user="OSMnx" visible="true" lon="72.9815474" lat="19.2270556" version="1" uid="1" timestamp="2026-04-09T19:16:40Z" /><node changeset="1" id="2227611199" user="OSMnx" visible="true" lon="72.9812202" lat="19.2272409" version="1" uid="1" timestamp="2026-04-09T19:16:40Z" /><node changeset="1" id="2227611201" user="OSMnx" visible="true" lon="72.9811263" lat="19.227322" version="1" uid="1" timestamp="2026-04-09T19:16:40Z" /><node changeset="1" id="2227611224" user="OSMnx" visible="true" lon="72.980775" lat="19.2277766" version="1" uid="1" timestamp="2026-04-09T19:16:40Z" /><node changeset="1" id="2227611257" user="OSMnx" visible="true" lon="72.9804182" lat="19.2285693" version="1" uid="1" timestamp="2026-04-09T19:16:40Z" /><node changeset="1" id="2227611463" user="OSMnx" visible="true" lon="72.9801473" lat="19.2309676" version="1" uid="1" timestamp="2026-04-09T19:16:40Z" /><node changeset="1" id="2227611502" user="OSMnx" visible="true" lon="72.9802036" lat="19.2314969" version="1" uid="1" timestamp="2026-04-09T19:16:40Z" /><node changeset="1" id="2227611571" user="OSMnx" visible="true" lon="72.9808259" lat="19.2325783" version="1" uid="1" timestamp="2026-04-09T19:16:40Z" /><node changeset="1" id="2227611644" user="OSMnx" visible="true" lon="72.9810593" lat="19.233804" version="1" uid="1" timestamp="2026-04-09T19:16:40Z" /><node changeset="1" id="2227611659" user="OSMnx" visible="true" lon="72.9812953" lat="19.23427" version="1" uid="1" timestamp="2026-04-09T19:16:40Z" /><node changeset="1" id="2228291827" user="OSMnx" visible="true" lon="72.9728454" lat="19.2000754" version="1" uid="1" timestamp="2026-04-09T19:16:40Z" /><node changeset="1" id="2228291837" user="OSMnx" visible="true" lon="72.9856018" lat="19.2001081" version="1" uid="1" timestamp="2026-04-09T19:16:40Z" /><node changeset="1" id="2228291842" user="OSMnx" visible="true" lon="72.9776887" lat="19.2012071" version="1" uid="1" timestamp="2026-04-09T19:16:40Z" /><node changeset="1" id="2228291846" user="OSMnx" visible="true" lon="72.9767241" lat="19.2014232" version="1" uid="1" timestamp="2026-04-09T19:16:40Z" /><node changeset="1" id="2228291851" user="OSMnx" visible="true" lon="72.9855045" lat="19.2020922" version="1" uid="1" timestamp="2026-04-09T19:16:40Z" /><node changeset="1" id="2228291857" user="OSMnx" visible="true" lon="72.9847358" lat="19.202157" version="1" uid="1" timestamp="2026-04-09T19:16:40Z" /><node changeset="1" id="2228291860" user="OSMnx" visible="true" lon="72.9844704" lat="19.2021841" version="1" uid="1" timestamp="2026-04-09T19:16:40Z" /><node changeset="1" id="2228291863" user="OSMnx" visible="true" lon="72.98414" lat="19.2022504" version="1" uid="1" timestamp="2026-04-09T19:16:40Z" /><node changeset="1" id="2228291865" user="OSMnx" visible="true" lon="72.9838356" lat="19.2023364" version="1" uid="1" timestamp="2026-04-09T19:16:40Z" /><node changeset="1" id="2228291867" user="OSMnx" visible="true" lon="72.9827377" lat="19.2024175" version="1" uid="1" timestamp="2026-04-09T19:16:40Z" /><node changeset="1" id="2228291872" user="OSMnx" visible="true" lon="72.9824099" lat="19.2024199" version="1" uid="1" timestamp="2026-04-09T19:16:40Z" /><node changeset="1" id="2228291875" user="OSMnx" visible="true" lon="72.9829823" lat="19.2024371" version="1" uid="1" timestamp="2026-04-09T19:16:40Z" /><node changeset="1" id="2228291877" user="OSMnx" visible="true" lon="72.9819546" lat="19.2024494" version="1" uid="1" timestamp="2026-04-09T19:16:40Z" /><node changeset="1" id="2228291879" user="OSMnx" visible="true" lon="72.983167" lat="19.2024789" version="1" uid="1" timestamp="2026-04-09T19:16:40Z" /><node changeset="1" id="2228291880" user="OSMnx" visible="true" lon="72.9817048" lat="19.2024814" version="1" uid="1" timestamp="2026-04-09T19:16:40Z" /><node changeset="1" id="2228291882" user="OSMnx" visible="true" lon="72.983422" lat="19.2024814" version="1" uid="1" timestamp="2026-04-09T19:16:40Z" /><node changeset="1" id="2228291884" user="OSMnx" visible="true" lon="72.9833439" lat="19.202501" version="1" uid="1" timestamp="2026-04-09T19:16:40Z" /><node changeset="1" id="2228291886" user="OSMnx" visible="true" lon="72.9832893" lat="19.2025035" version="1" uid="1" timestamp="2026-04-09T19:16:40Z" /><node changeset="1" id="2228291888" user="OSMnx" visible="true" lon="72.9815617" lat="19.2025305" version="1" uid="1" timestamp="2026-04-09T19:16:40Z" /><node changeset="1" id="2228291893" user="OSMnx" visible="true" lon="72.9854508" lat="19.2025308" version="1" uid="1" timestamp="2026-04-09T19:16:40Z" /><node changeset="1" id="2228291898" user="OSMnx" visible="true" lon="72.9812521" lat="19.2026607" version="1" uid="1" timestamp="2026-04-09T19:16:40Z" /><node changeset="1" id="2228291900" user="OSMnx" visible="true" lon="72.9811246" lat="19.2027" version="1" uid="1" timestamp="2026-04-09T19:16:40Z" /><node changeset="1" id="2228291902" user="OSMnx" visible="true" lon="72.9809842" lat="19.2027098" version="1" uid="1" timestamp="2026-04-09T19:16:40Z" /><node changeset="1" id="2228291908" user="OSMnx" visible="true" lon="72.9809217" lat="19.2027295" version="1" uid="1" timestamp="2026-04-09T19:16:40Z" /><node changeset="1" id="2228291910" user="OSMnx" visible="true" lon="72.9848031" lat="19.2028148" version="1" uid="1" timestamp="2026-04-09T19:16:40Z" /><node changeset="1" id="2228291912" user="OSMnx" visible="true" lon="72.9842622" lat="19.20286" version="1" uid="1" timestamp="2026-04-09T19:16:40Z" /><node changeset="1" id="2228291914" user="OSMnx" visible="true" lon="72.9853955" lat="19.2028653" version="1" uid="1" timestamp="2026-04-09T19:16:40Z" /><node changeset="1" id="2228291917" user="OSMnx" visible="true" lon="72.98392" lat="19.2028704" version="1" uid="1" timestamp="2026-04-09T19:16:40Z" /><node changeset="1" id="2228291920" user="OSMnx" visible="true" lon="72.9809009" lat="19.2028867" version="1" uid="1" timestamp="2026-04-09T19:16:40Z" /><node changeset="1" id="2228291937" user="OSMnx" visible="true" lon="72.9835705" lat="19.2028947" version="1" uid="1" timestamp="2026-04-09T19:16:40Z" /><node changeset="1" id="2228291940" user="OSMnx" visible="true" lon="72.982984" lat="19.2029816" version="1" uid="1" timestamp="2026-04-09T19:16:40Z" /><node changeset="1" id="2228291942" user="OSMnx" visible="true" lon="72.9799591" lat="19.2030366" version="1" uid="1" timestamp="2026-04-09T19:16:40Z" /><node changeset="1" id="2228291945" user="OSMnx" visible="true" lon="72.9797952" lat="19.203044" version="1" uid="1" timestamp="2026-04-09T19:16:40Z" /><node changeset="1" id="2228291954" user="OSMnx" visible="true" lon="72.9808437" lat="19.2031251" version="1" uid="1" timestamp="2026-04-09T19:16:40Z" /><node changeset="1" id="2228291956" user="OSMnx" visible="true" lon="72.9793217" lat="19.2031275" version="1" uid="1" timestamp="2026-04-09T19:16:40Z" /><node changeset="1" id="2228291962" user="OSMnx" visible="true" lon="72.9789564" lat="19.2031479" version="1" uid="1" timestamp="2026-04-09T19:16:40Z" /><node changeset="1" id="2228291965" user="OSMnx" visible="true" lon="72.980815" lat="19.2032479" version="1" uid="1" timestamp="2026-04-09T19:16:40Z" /><node changeset="1" id="2228291966" user="OSMnx" visible="true" lon="72.9808046" lat="19.2033093" version="1" uid="1" timestamp="2026-04-09T19:16:40Z" /><node changeset="1" id="2228291976" user="OSMnx" visible="true" lon="72.9830217" lat="19.2034592" version="1" uid="1" timestamp="2026-04-09T19:16:40Z" /><node changeset="1" id="2228291978" user="OSMnx" visible="true" lon="72.9807578" lat="19.203469" version="1" uid="1" timestamp="2026-04-09T19:16:40Z" /><node changeset="1" id="2228291981" user="OSMnx" visible="true" lon="72.980711" lat="19.2035501" version="1" uid="1" timestamp="2026-04-09T19:16:40Z" /><node changeset="1" id="2228291982" user="OSMnx" visible="true" lon="72.9852898" lat="19.203628" version="1" uid="1" timestamp="2026-04-09T19:16:40Z" /><node changeset="1" id="2228291990" user="OSMnx" visible="true" lon="72.9808463" lat="19.2037762" version="1" uid="1" timestamp="2026-04-09T19:16:40Z" /><node changeset="1" id="2228291995" user="OSMnx" visible="true" lon="72.9809269" lat="19.2038671" version="1" uid="1" timestamp="2026-04-09T19:16:40Z" /><node changeset="1" id="2228291998" user="OSMnx" visible="true" lon="72.9810004" lat="19.2039111" version="1" uid="1" timestamp="2026-04-09T19:16:40Z" /><node changeset="1" id="2228291999" user="OSMnx" visible="true" lon="72.9813354" lat="19.2039334" version="1" uid="1" timestamp="2026-04-09T19:16:40Z" /><node changeset="1" id="2228292000" user="OSMnx" visible="true" lon="72.9811168" lat="19.2039359" version="1" uid="1" timestamp="2026-04-09T19:16:40Z" /><node changeset="1" id="2228292001" user="OSMnx" visible="true" lon="72.9814915" lat="19.2039359" version="1" uid="1" timestamp="2026-04-09T19:16:40Z" /><node changeset="1" id="2228292002" user="OSMnx" visible="true" lon="72.9816502" lat="19.2039924" version="1" uid="1" timestamp="2026-04-09T19:16:40Z" /><node changeset="1" id="2228292005" user="OSMnx" visible="true" lon="72.9817491" lat="19.2040735" version="1" uid="1" timestamp="2026-04-09T19:16:40Z" /><node changeset="1" id="2228292007" user="OSMnx" visible="true" lon="72.981946" lat="19.2041747" version="1" uid="1" timestamp="2026-04-09T19:16:40Z" /><node changeset="1" id="2228292010" user="OSMnx" visible="true" lon="72.982165" lat="19.204327" version="1" uid="1" timestamp="2026-04-09T19:16:40Z" /><node changeset="1" id="2228292017" user="OSMnx" visible="true" lon="72.9823747" lat="19.2044443" version="1" uid="1" timestamp="2026-04-09T19:16:40Z" /><node changeset="1" id="2228292031" user="OSMnx" visible="true" lon="72.9827117" lat="19.2046336" version="1" uid="1" timestamp="2026-04-09T19:16:40Z" /><node changeset="1" id="2228292038" user="OSMnx" visible="true" lon="72.982938" lat="19.2047835" version="1" uid="1" timestamp="2026-04-09T19:16:40Z" /><node changeset="1" id="2228292043" user="OSMnx" visible="true" lon="72.9830811" lat="19.2049063" version="1" uid="1" timestamp="2026-04-09T19:16:40Z" /><node changeset="1" id="2228292048" user="OSMnx" visible="true" lon="72.974019" lat="19.2049755" version="1" uid="1" timestamp="2026-04-09T19:16:40Z" /><node changeset="1" id="2228292051" user="OSMnx" visible="true" lon="72.9839995" lat="19.2050046" version="1" uid="1" timestamp="2026-04-09T19:16:40Z" /><node changeset="1" id="2228292053" user="OSMnx" visible="true" lon="72.9862326" lat="19.2050197" version="1" uid="1" timestamp="2026-04-09T19:16:40Z" /><node changeset="1" id="2228292057" user="OSMnx" visible="true" lon="72.9838044" lat="19.2050267" version="1" uid="1" timestamp="2026-04-09T19:16:40Z" /><node changeset="1" id="2228292059" user="OSMnx" visible="true" lon="72.9841114" lat="19.2050267" version="1" uid="1" timestamp="2026-04-09T19:16:40Z" /><node changeset="1" id="2228292061" user="OSMnx" visible="true" lon="72.9861447" lat="19.2050026" version="1" uid="1" timestamp="2026-04-09T19:16:40Z" /><node changeset="1" id="2228292065" user="OSMnx" visible="true" lon="72.983167" lat="19.2050341" version="1" uid="1" timestamp="2026-04-09T19:16:40Z" /><node changeset="1" id="2228292067" user="OSMnx" visible="true" lon="72.9739859" lat="19.2050346" version="1" uid="1" timestamp="2026-04-09T19:16:40Z" /><node changeset="1" id="2228292078" user="OSMnx" visible="true" lon="72.9862989" lat="19.2050526" version="1" uid="1" timestamp="2026-04-09T19:16:40Z" /><node changeset="1" id="2228292083" user="OSMnx" visible="true" lon="72.9876287" lat="19.2050984" version="1" uid="1" timestamp="2026-04-09T19:16:40Z" /><node changeset="1" id="2228292089" user="OSMnx" visible="true" lon="72.9865704" lat="19.2050937" version="1" uid="1" timestamp="2026-04-09T19:16:40Z" /><node changeset="1" id="2228292091" user="OSMnx" visible="true" lon="72.9851238" lat="19.2051201" version="1" uid="1" timestamp="2026-04-09T19:16:40Z" /><node changeset="1" id="2228292104" user="OSMnx" visible="true" lon="72.9845589" lat="19.2051496" version="1" uid="1" timestamp="2026-04-09T19:16:40Z" /><node changeset="1" id="2228292106" user="OSMnx" visible="true" lon="72.9714158" lat="19.2051509" version="1" uid="1" timestamp="2026-04-09T19:16:40Z" /><node changeset="1" id="2228292111" user="OSMnx" visible="true" lon="72.9739546" lat="19.2051527" version="1" uid="1" timestamp="2026-04-09T19:16:40Z" /><node changeset="1" id="2228292122" user="OSMnx" visible="true" lon="72.9847124" lat="19.2051717" version="1" uid="1" timestamp="2026-04-09T19:16:40Z" /><node changeset="1" id="2228292130" user="OSMnx" visible="true" lon="72.983219" lat="19.2051889" version="1" uid="1" timestamp="2026-04-09T19:16:40Z" /><node changeset="1" id="2228292133" user="OSMnx" visible="true" lon="72.9739031" lat="19.2052153" version="1" uid="1" timestamp="2026-04-09T19:16:40Z" /><node changeset="1" id="2228292137" user="OSMnx" visible="true" lon="72.973789" lat="19.2052587" version="1" uid="1" timestamp="2026-04-09T19:16:40Z" /><node changeset="1" id="2228292145" user="OSMnx" visible="true" lon="72.9737063" lat="19.2052987" version="1" uid="1" timestamp="2026-04-09T19:16:40Z" /><node changeset="1" id="2228292155" user="OSMnx" visible="true" lon="72.97364" lat="19.2053456" version="1" uid="1" timestamp="2026-04-09T19:16:40Z" /><node changeset="1" id="2228292160" user="OSMnx" visible="true" lon="72.982188" lat="19.2054179" version="1" uid="1" timestamp="2026-04-09T19:16:40Z" /><node changeset="1" id="2228292163" user="OSMnx" visible="true" lon="72.9822634" lat="19.2054196" version="1" uid="1" timestamp="2026-04-09T19:16:40Z" /><node changeset="1" id="2228292165" user="OSMnx" visible="true" lon="72.9809167" lat="19.2054214" version="1" uid="1" timestamp="2026-04-09T19:16:40Z" /><node changeset="1" id="2228292166" user="OSMnx" visible="true" lon="72.9735701" lat="19.2054272" version="1" uid="1" timestamp="2026-04-09T19:16:40Z" /><node changeset="1" id="2228292167" user="OSMnx" visible="true" lon="72.9823867" lat="19.2054457" version="1" uid="1" timestamp="2026-04-09T19:16:40Z" /><node changeset="1" id="2228292168" user="OSMnx" visible="true" lon="72.9713767" lat="19.2054506" version="1" uid="1" timestamp="2026-04-09T19:16:40Z" /><node changeset="1" id="2228292169" user="OSMnx" visible="true" lon="72.9819396" lat="19.2054804" version="1" uid="1" timestamp="2026-04-09T19:16:40Z" /><node changeset="1" id="2228292171" user="OSMnx" visible="true" lon="72.9825375" lat="19.2054906" version="1" uid="1" timestamp="2026-04-09T19:16:40Z" /><node changeset="1" id="2228292173" user="OSMnx" visible="true" lon="72.9814411" lat="19.2055048" version="1" uid="1" timestamp="2026-04-09T19:16:40Z" /><node changeset="1" id="2228292175" user="OSMnx" visible="true" lon="72.9816361" lat="19.2055134" version="1" uid="1" timestamp="2026-04-09T19:16:40Z" /><node changeset="1" id="2228292191" user="OSMnx" visible="true" lon="72.9827309" lat="19.2056368" version="1" uid="1" timestamp="2026-04-09T19:16:40Z" /><node changeset="1" id="2228292193" user="OSMnx" visible="true" lon="72.9733751" lat="19.2056687" version="1" uid="1" timestamp="2026-04-09T19:16:40Z" /><node changeset="1" id="2228292194" user="OSMnx" visible="true" lon="72.9827796" lat="19.2056795" version="1" uid="1" timestamp="2026-04-09T19:16:40Z" /><node changeset="1" id="2228292199" user="OSMnx" visible="true" lon="72.9712961" lat="19.2058462" version="1" uid="1" timestamp="2026-04-09T19:16:40Z" /><node changeset="1" id="2228292200" user="OSMnx" visible="true" lon="72.9832868" lat="19.2058817" version="1" uid="1" timestamp="2026-04-09T19:16:40Z" /><node changeset="1" id="2228292202" user="OSMnx" visible="true" lon="72.9829586" lat="19.2058307" version="1" uid="1" timestamp="2026-04-09T19:16:40Z" /><node changeset="1" id="2228292207" user="OSMnx" visible="true" lon="72.9832127" lat="19.2059304" version="1" uid="1" timestamp="2026-04-09T19:16:40Z" /><node changeset="1" id="2228292208" user="OSMnx" visible="true" lon="72.9830222" lat="19.2058996" version="1" uid="1" timestamp="2026-04-09T19:16:40Z" /><node changeset="1" id="2228292209" user="OSMnx" visible="true" lon="72.9831446" lat="19.2059634" version="1" uid="1" timestamp="2026-04-09T19:16:40Z" /><node changeset="1" id="2228292210" user="OSMnx" visible="true" lon="72.9830815" lat="19.2059575" version="1" uid="1" timestamp="2026-04-09T19:16:40Z" /><node changeset="1" id="2228292211" user="OSMnx" visible="true" lon="72.9712545" lat="19.205974" version="1" uid="1" timestamp="2026-04-09T19:16:40Z" /><node changeset="1" id="2228292213" user="OSMnx" visible="true" lon="72.9734285" lat="19.2059918" version="1" uid="1" timestamp="2026-04-09T19:16:40Z" /><node changeset="1" id="2228292216" user="OSMnx" visible="true" lon="72.9833793" lat="19.2059549" version="1" uid="1" timestamp="2026-04-09T19:16:40Z" /><node changeset="1" id="2228292218" user="OSMnx" visible="true" lon="72.9825491" lat="19.2060452" version="1" uid="1" timestamp="2026-04-09T19:16:40Z" /><node changeset="1" id="2228292221" user="OSMnx" visible="true" lon="72.9711972" lat="19.2060477" version="1" uid="1" timestamp="2026-04-09T19:16:40Z" /><node changeset="1" id="2228292222" user="OSMnx" visible="true" lon="72.9815278" lat="19.2060491" version="1" uid="1" timestamp="2026-04-09T19:16:40Z" /><node changeset="1" id="2228292224" user="OSMnx" visible="true" lon="72.9812217" lat="19.2060652" version="1" uid="1" timestamp="2026-04-09T19:16:40Z" /><node changeset="1" id="2228292226" user="OSMnx" visible="true" lon="72.9804041" lat="19.2061084" version="1" uid="1" timestamp="2026-04-09T19:16:40Z" /><node changeset="1" id="2228292229" user="OSMnx" visible="true" lon="72.9834641" lat="19.2060603" version="1" uid="1" timestamp="2026-04-09T19:16:40Z" /><node changeset="1" id="2228292234" user="OSMnx" visible="true" lon="72.9710012" lat="19.2061871" version="1" uid="1" timestamp="2026-04-09T19:16:40Z" /><node changeset="1" id="2228292241" user="OSMnx" visible="true" lon="72.9834247" lat="19.2063056" version="1" uid="1" timestamp="2026-04-09T19:16:40Z" /><node changeset="1" id="2228292243" user="OSMnx" visible="true" lon="72.9777253" lat="19.2064077" version="1" uid="1" timestamp="2026-04-09T19:16:40Z" /><node changeset="1" id="2228292262" user="OSMnx" visible="true" lon="72.992258" lat="19.2064454" version="1" uid="1" timestamp="2026-04-09T19:16:40Z" /><node changeset="1" id="2228292269" user="OSMnx" visible="true" lon="72.9778714" lat="19.2064544" version="1" uid="1" timestamp="2026-04-09T19:16:40Z" /><node changeset="1" id="2228292296" user="OSMnx" visible="true" lon="72.9713545" lat="19.2065299" version="1" uid="1" timestamp="2026-04-09T19:16:40Z" /><node changeset="1" id="2228292302" user="OSMnx" visible="true" lon="72.9781148" lat="19.2065553" version="1" uid="1" timestamp="2026-04-09T19:16:40Z" /><node changeset="1" id="2228292305" user="OSMnx" visible="true" lon="72.9826258" lat="19.2066656" version="1" uid="1" timestamp="2026-04-09T19:16:40Z" /><node changeset="1" id="2228292309" user="OSMnx" visible="true" lon="72.978254" lat="19.2066976" version="1" uid="1" timestamp="2026-04-09T19:16:40Z" /><node changeset="1" id="2228292322" user="OSMnx" visible="true" lon="72.9910238" lat="19.2068448" version="1" uid="1" timestamp="2026-04-09T19:16:40Z" /><node changeset="1" id="2228292328" user="OSMnx" visible="true" lon="72.9783497" lat="19.2068088" version="1" uid="1" timestamp="2026-04-09T19:16:40Z" /><node changeset="1" id="2228292336" user="OSMnx" visible="true" lon="72.9923875" lat="19.2074854" version="1" uid="1" timestamp="2026-04-09T19:16:40Z" /><node changeset="1" id="2228292342" user="OSMnx" visible="true" lon="72.9784453" lat="19.2069825" version="1" uid="1" timestamp="2026-04-09T19:16:40Z" /><node changeset="1" id="2228292354" user="OSMnx" visible="true" lon="72.9784895" lat="19.2071249" version="1" uid="1" timestamp="2026-04-09T19:16:40Z" /><node changeset="1" id="2228292381" user="OSMnx" visible="true" lon="72.9785079" lat="19.2073716" version="1" uid="1" timestamp="2026-04-09T19:16:40Z" /><node changeset="1" id="2228292385" user="OSMnx" visible="true" lon="72.9692797" lat="19.2074539" version="1" uid="1" timestamp="2026-04-09T19:16:40Z" /><node changeset="1" id="2228292389" user="OSMnx" visible="true" lon="72.9785042" lat="19.2075071" version="1" uid="1" timestamp="2026-04-09T19:16:40Z" /><node changeset="1" id="2228292391" user="OSMnx" visible="true" lon="72.981625" lat="19.2075244" version="1" uid="1" timestamp="2026-04-09T19:16:40Z" /><node changeset="1" id="2228292393" user="OSMnx" visible="true" lon="72.9930845" lat="19.2075577" version="1" uid="1" timestamp="2026-04-09T19:16:40Z" /><node changeset="1" id="2228292394" user="OSMnx" visible="true" lon="72.981319" lat="19.2075424" version="1" uid="1" timestamp="2026-04-09T19:16:40Z" /><node changeset="1" id="2228292398" user="OSMnx" visible="true" lon="72.9809059" lat="19.2075667" version="1" uid="1" timestamp="2026-04-09T19:16:40Z" /><node changeset="1" id="2228292407" user="OSMnx" visible="true" lon="72.9692719" lat="19.2075767" version="1" uid="1" timestamp="2026-04-09T19:16:40Z" /><node changeset="1" id="2228292409" user="OSMnx" visible="true" lon="72.9805017" lat="19.2075904" version="1" uid="1" timestamp="2026-04-09T19:16:40Z" /><node changeset="1" id="2228292416" user="OSMnx" visible="true" lon="72.9924616" lat="19.2077117" version="1" uid="1" timestamp="2026-04-09T19:16:40Z" /><node changeset="1" id="2228292418" user="OSMnx" visible="true" lon="72.9785116" lat="19.207667" version="1" uid="1" timestamp="2026-04-09T19:16:40Z" /><node changeset="1" id="2228292429" user="OSMnx" visible="true" lon="72.9747046" lat="19.2077469" version="1" uid="1" timestamp="2026-04-09T19:16:40Z" /><node changeset="1" id="2228292434" user="OSMnx" visible="true" lon="72.9922476" lat="19.2077674" version="1" uid="1" timestamp="2026-04-09T19:16:40Z" /><node changeset="1" id="2228292435" user="OSMnx" visible="true" lon="72.9785557" lat="19.2078199" version="1" uid="1" timestamp="2026-04-09T19:16:40Z" /><node changeset="1" id="2228292438" user="OSMnx" visible="true" lon="72.9693135" lat="19.2078371" version="1" uid="1" timestamp="2026-04-09T19:16:40Z" /><node changeset="1" id="2228292443" user="OSMnx" visible="true" lon="72.9826895" lat="19.2078559" version="1" uid="1" timestamp="2026-04-09T19:16:40Z" /><node changeset="1" id="2228292445" user="OSMnx" visible="true" lon="72.9816508" lat="19.2079169" version="1" uid="1" timestamp="2026-04-09T19:16:40Z" /><node changeset="1" id="2228292451" user="OSMnx" visible="true" lon="72.9786183" lat="19.2079866" version="1" uid="1" timestamp="2026-04-09T19:16:40Z" /><node changeset="1" id="2228292454" user="OSMnx" visible="true" lon="72.9693499" lat="19.208014" version="1" uid="1" timestamp="2026-04-09T19:16:40Z" /><node changeset="1" id="2228292456" user="OSMnx" visible="true" lon="72.9748347" lat="19.2080442" version="1" uid="1" timestamp="2026-04-09T19:16:40Z" /><node changeset="1" id="2228292458" user="OSMnx" visible="true" lon="72.9787084" lat="19.2080795" version="1" uid="1" timestamp="2026-04-09T19:16:40Z" /><node changeset="1" id="2228292460" user="OSMnx" visible="true" lon="72.9798534" lat="19.2080562" version="1" uid="1" timestamp="2026-04-09T19:16:40Z" /><node changeset="1" id="2228292461" user="OSMnx" visible="true" lon="72.9810542" lat="19.2080487" version="1" uid="1" timestamp="2026-04-09T19:16:40Z" /><node changeset="1" id="2228292462" user="OSMnx" visible="true" lon="72.9816679" lat="19.2081048" version="1" uid="1" timestamp="2026-04-09T19:16:40Z" /><node changeset="1" id="2228292464" user="OSMnx" visible="true" lon="72.9693915" lat="19.2081246" version="1" uid="1" timestamp="2026-04-09T19:16:40Z" /><node changeset="1" id="2228292466" user="OSMnx" visible="true" lon="72.9809094" lat="19.2081842" version="1" uid="1" timestamp="2026-04-09T19:16:40Z" /><node changeset="1" id="2228292469" user="OSMnx" visible="true" lon="72.978828" lat="19.208136" version="1" uid="1" timestamp="2026-04-09T19:16:40Z" /><node changeset="1" id="2228292477" user="OSMnx" visible="true" lon="72.9783803" lat="19.2082468" version="1" uid="1" timestamp="2026-04-09T19:16:40Z" /><node changeset="1" id="2228292479" user="OSMnx" visible="true" lon="72.9759725" lat="19.2082015" version="1" uid="1" timestamp="2026-04-09T19:16:40Z" /><node changeset="1" id="2228292481" user="OSMnx" visible="true" lon="72.9790561" lat="19.2082055" version="1" uid="1" timestamp="2026-04-09T19:16:40Z" /><node changeset="1" id="2228292483" user="OSMnx" visible="true" lon="72.979394" lat="19.2082138" version="1" uid="1" timestamp="2026-04-09T19:16:40Z" /><node changeset="1" id="2228292484" user="OSMnx" visible="true" lon="72.9758164" lat="19.2082089" version="1" uid="1" timestamp="2026-04-09T19:16:40Z" /><node changeset="1" id="2228292485" user="OSMnx" visible="true" lon="72.976165" lat="19.2082236" version="1" uid="1" timestamp="2026-04-09T19:16:40Z" /><node changeset="1" id="2228292490" user="OSMnx" visible="true" lon="72.9792916" lat="19.2082333" version="1" uid="1" timestamp="2026-04-09T19:16:40Z" /><node changeset="1" id="2228292493" user="OSMnx" visible="true" lon="72.9757643" lat="19.2082359" version="1" uid="1" timestamp="2026-04-09T19:16:40Z" /><node changeset="1" id="2228292495" user="OSMnx" visible="true" lon="72.9762353" lat="19.2082556" version="1" uid="1" timestamp="2026-04-09T19:16:40Z" /><node changeset="1" id="2228292497" user="OSMnx" visible="true" lon="72.969454" lat="19.2082646" version="1" uid="1" timestamp="2026-04-09T19:16:40Z" /><node changeset="1" id="2228292501" user="OSMnx" visible="true" lon="72.9757461" lat="19.2082998" version="1" uid="1" timestamp="2026-04-09T19:16:40Z" /><node changeset="1" id="2228292503" user="OSMnx" visible="true" lon="72.9807509" lat="19.2083327" version="1" uid="1" timestamp="2026-04-09T19:16:40Z" /><node changeset="1" id="2228292504" user="OSMnx" visible="true" lon="72.9789347" lat="19.2084959" version="1" uid="1" timestamp="2026-04-09T19:16:40Z" /><node changeset="1" id="2228292506" user="OSMnx" visible="true" lon="72.9763133" lat="19.2083514" version="1" uid="1" timestamp="2026-04-09T19:16:40Z" /><node changeset="1" id="2228292512" user="OSMnx" visible="true" lon="72.9694748" lat="19.2083777" version="1" uid="1" timestamp="2026-04-09T19:16:40Z" /><node changeset="1" id="2228292514" user="OSMnx" visible="true" lon="72.9785042" lat="19.208414" version="1" uid="1" timestamp="2026-04-09T19:16:40Z" /><node changeset="1" id="2228292517" user="OSMnx" visible="true" lon="72.9764616" lat="19.2084669" version="1" uid="1" timestamp="2026-04-09T19:16:40Z" /><node changeset="1" id="2228292519" user="OSMnx" visible="true" lon="72.9765735" lat="19.2085037" version="1" uid="1" timestamp="2026-04-09T19:16:40Z" /><node changeset="1" id="2228292521" user="OSMnx" visible="true" lon="72.9767608" lat="19.2085111" version="1" uid="1" timestamp="2026-04-09T19:16:40Z" /><node changeset="1" id="2228292522" user="OSMnx" visible="true" lon="72.9769958" lat="19.2085129" version="1" uid="1" timestamp="2026-04-09T19:16:40Z" /><node changeset="1" id="2228292526" user="OSMnx" visible="true" lon="72.9774451" lat="19.2085332" version="1" uid="1" timestamp="2026-04-09T19:16:40Z" /><node changeset="1" id="2228292528" user="OSMnx" visible="true" lon="72.9750804" lat="19.2086119" version="1" uid="1" timestamp="2026-04-09T19:16:40Z" /><node changeset="1" id="2228292531" user="OSMnx" visible="true" lon="72.9804128" lat="19.2086492" version="1" uid="1" timestamp="2026-04-09T19:16:40Z" /><node changeset="1" id="2228292537" user="OSMnx" visible="true" lon="72.9803071" lat="19.2087337" version="1" uid="1" timestamp="2026-04-09T19:16:40Z" /><node changeset="1" id="2228292539" user="OSMnx" visible="true" lon="72.9695242" lat="19.2087486" version="1" uid="1" timestamp="2026-04-09T19:16:40Z" /><node changeset="1" id="2228292542" user="OSMnx" visible="true" lon="72.9801476" lat="19.2088112" version="1" uid="1" timestamp="2026-04-09T19:16:40Z" /><node changeset="1" id="2228292545" user="OSMnx" visible="true" lon="72.9757461" lat="19.2088919" version="1" uid="1" timestamp="2026-04-09T19:16:40Z" /><node changeset="1" id="2228292546" user="OSMnx" visible="true" lon="72.979623" lat="19.2089991" version="1" uid="1" timestamp="2026-04-09T19:16:40Z" /><node changeset="1" id="2228292555" user="OSMnx" visible="true" lon="72.9757591" lat="19.2090712" version="1" uid="1" timestamp="2026-04-09T19:16:40Z" /><node changeset="1" id="2228292557" user="OSMnx" visible="true" lon="72.9790638" lat="19.2090649" version="1" uid="1" timestamp="2026-04-09T19:16:40Z" /><node changeset="1" id="2228292559" user="OSMnx" visible="true" lon="72.9786687" lat="19.2091253" version="1" uid="1" timestamp="2026-04-09T19:16:40Z" /><node changeset="1" id="2228292563" user="OSMnx" visible="true" lon="72.9912858" lat="19.2090758" version="1" uid="1" timestamp="2026-04-09T19:16:40Z" /><node changeset="1" id="2228292565" user="OSMnx" visible="true" lon="72.975884" lat="19.2092555" version="1" uid="1" timestamp="2026-04-09T19:16:40Z" /><node changeset="1" id="2228292574" user="OSMnx" visible="true" lon="72.9695685" lat="19.2092965" version="1" uid="1" timestamp="2026-04-09T19:16:40Z" /><node changeset="1" id="2228292576" user="OSMnx" visible="true" lon="72.9808074" lat="19.2092922" version="1" uid="1" timestamp="2026-04-09T19:16:40Z" /><node changeset="1" id="2228292586" user="OSMnx" visible="true" lon="72.9768284" lat="19.2093833" version="1" uid="1" timestamp="2026-04-09T19:16:40Z" /><node changeset="1" id="2228292588" user="OSMnx" visible="true" lon="72.9803914" lat="19.2094368" version="1" uid="1" timestamp="2026-04-09T19:16:40Z" /><node changeset="1" id="2228292592" user="OSMnx" visible="true" lon="72.9759933" lat="19.2094029" version="1" uid="1" timestamp="2026-04-09T19:16:40Z" /><node changeset="1" id="2228292593" user="OSMnx" visible="true" lon="72.9609418" lat="19.209429" version="1" uid="1" timestamp="2026-04-09T19:16:40Z" /><node changeset="1" id="2228292597" user="OSMnx" visible="true" lon="72.9608259" lat="19.2094342" version="1" uid="1" timestamp="2026-04-09T19:16:40Z" /><node changeset="1" id="2228292598" user="OSMnx" visible="true" lon="72.9765501" lat="19.2094447" version="1" uid="1" timestamp="2026-04-09T19:16:40Z" /><node changeset="1" id="2228292600" user="OSMnx" visible="true" lon="72.9760896" lat="19.2094471" version="1" uid="1" timestamp="2026-04-09T19:16:40Z" /><node changeset="1" id="2228292604" user="OSMnx" visible="true" lon="72.96071" lat="19.2094568" version="1" uid="1" timestamp="2026-04-09T19:16:40Z" /><node changeset="1" id="2228292607" user="OSMnx" visible="true" lon="72.9611018" lat="19.2094586" version="1" uid="1" timestamp="2026-04-09T19:16:40Z" /><node changeset="1" id="2228292611" user="OSMnx" visible="true" lon="72.9695711" lat="19.2094685" version="1" uid="1" timestamp="2026-04-09T19:16:40Z" /><node changeset="1" id="2228292613" user="OSMnx" visible="true" lon="72.9763705" lat="19.2094693" version="1" uid="1" timestamp="2026-04-09T19:16:40Z" /><node changeset="1" id="2228292615" user="OSMnx" visible="true" lon="72.9762118" lat="19.2094717" version="1" uid="1" timestamp="2026-04-09T19:16:40Z" /><node changeset="1" id="2228292625" user="OSMnx" visible="true" lon="72.9605628" lat="19.2095298" version="1" uid="1" timestamp="2026-04-09T19:16:40Z" /><node changeset="1" id="2228292627" user="OSMnx" visible="true" lon="72.9622581" lat="19.209528" version="1" uid="1" timestamp="2026-04-09T19:16:40Z" /><node changeset="1" id="2228292629" user="OSMnx" visible="true" lon="72.9809245" lat="19.2095927" version="1" uid="1" timestamp="2026-04-09T19:16:40Z" /><node changeset="1" id="2228292633" user="OSMnx" visible="true" lon="72.9695476" lat="19.2095766" version="1" uid="1" timestamp="2026-04-09T19:16:40Z" /><node changeset="1" id="2228292641" user="OSMnx" visible="true" lon="72.960388" lat="19.2096253" version="1" uid="1" timestamp="2026-04-09T19:16:40Z" /><node changeset="1" id="2228292645" user="OSMnx" visible="true" lon="72.9602618" lat="19.2097597" version="1" uid="1" timestamp="2026-04-09T19:16:40Z" /><node changeset="1" id="2228292704" user="OSMnx" visible="true" lon="72.969454" lat="19.2099255" version="1" uid="1" timestamp="2026-04-09T19:16:40Z" /><node changeset="1" id="2228292749" user="OSMnx" visible="true" lon="72.9694254" lat="19.2101933" version="1" uid="1" timestamp="2026-04-09T19:16:40Z" /><node changeset="1" id="2228292753" user="OSMnx" visible="true" lon="72.9694097" lat="19.2102596" version="1" uid="1" timestamp="2026-04-09T19:16:40Z" /><node changeset="1" id="2228292771" user="OSMnx" visible="true" lon="72.9692276" lat="19.2105225" version="1" uid="1" timestamp="2026-04-09T19:16:40Z" /><node changeset="1" id="2228292796" user="OSMnx" visible="true" lon="72.9692068" lat="19.2105741" version="1" uid="1" timestamp="2026-04-09T19:16:40Z" /><node changeset="1" id="2228292805" user="OSMnx" visible="true" lon="72.9692042" lat="19.2106429" version="1" uid="1" timestamp="2026-04-09T19:16:40Z" /><node changeset="1" id="2228292831" user="OSMnx" visible="true" lon="72.9692406" lat="19.2108247" version="1" uid="1" timestamp="2026-04-09T19:16:40Z" /><node changeset="1" id="2228292869" user="OSMnx" visible="true" lon="72.9692771" lat="19.2110581" version="1" uid="1" timestamp="2026-04-09T19:16:40Z" /><node changeset="1" id="2228292892" user="OSMnx" visible="true" lon="72.9692771" lat="19.2111613" version="1" uid="1" timestamp="2026-04-09T19:16:40Z" /><node changeset="1" id="2228292948" user="OSMnx" visible="true" lon="72.9699665" lat="19.211574" version="1" uid="1" timestamp="2026-04-09T19:16:40Z" /><node changeset="1" id="2228292953" user="OSMnx" visible="true" lon="72.9692536" lat="19.2115838" version="1" uid="1" timestamp="2026-04-09T19:16:40Z" /><node changeset="1" id="2228292965" user="OSMnx" visible="true" lon="72.9692641" lat="19.2116502" version="1" uid="1" timestamp="2026-04-09T19:16:40Z" /><node changeset="1" id="2228292971" user="OSMnx" visible="true" lon="72.9693109" lat="19.2116895" version="1" uid="1" timestamp="2026-04-09T19:16:40Z" /><node changeset="1" id="2228292974" user="OSMnx" visible="true" lon="72.9693837" lat="19.2116993" version="1" uid="1" timestamp="2026-04-09T19:16:40Z" /><node changeset="1" id="2228293048" user="OSMnx" visible="true" lon="72.9753059" lat="19.2123233" version="1" uid="1" timestamp="2026-04-09T19:16:40Z" /><node changeset="1" id="2228293290" user="OSMnx" visible="true" lon="72.9776531" lat="19.2154765" version="1" uid="1" timestamp="2026-04-09T19:16:40Z" /><node changeset="1" id="2228429123" user="OSMnx" visible="true" lon="72.9621874" lat="19.1997959" version="1" uid="1" timestamp="2026-04-09T19:16:40Z" /><node changeset="1" id="2228429124" user="OSMnx" visible="true" lon="72.9623884" lat="19.2000104" version="1" uid="1" timestamp="2026-04-09T19:16:40Z"><tag k="highway" v="bus_stop" /></node><node changeset="1" id="2228429125" user="OSMnx" visible="true" lon="72.9625096" lat="19.200528" version="1" uid="1" timestamp="2026-04-09T19:16:40Z" /><node changeset="1" id="2228429127" user="OSMnx" visible="true" lon="72.9610796" lat="19.2006224" version="1" uid="1" timestamp="2026-04-09T19:16:40Z" /><node changeset="1" id="2228429128" user="OSMnx" visible="true" lon="72.9643879" lat="19.2007812" version="1" uid="1" timestamp="2026-04-09T19:16:40Z" /><node changeset="1" id="2228429130" user="OSMnx" visible="true" lon="72.9611901" lat="19.2008169" version="1" uid="1" timestamp="2026-04-09T19:16:40Z" /><node changeset="1" id="2228429132" user="OSMnx" visible="true" lon="72.9612356" lat="19.2010967" version="1" uid="1" timestamp="2026-04-09T19:16:40Z" /><node changeset="1" id="2228429134" user="OSMnx" visible="true" lon="72.9639984" lat="19.2012288" version="1" uid="1" timestamp="2026-04-09T19:16:40Z" /><node changeset="1" id="2228429135" user="OSMnx" visible="true" lon="72.9626089" lat="19.2012508" version="1" uid="1" timestamp="2026-04-09T19:16:40Z" /><node changeset="1" id="2228429137" user="OSMnx" visible="true" lon="72.9639947" lat="19.2012879" version="1" uid="1" timestamp="2026-04-09T19:16:40Z" /><node changeset="1" id="2228429139" user="OSMnx" visible="true" lon="72.9641897" lat="19.2017709" version="1" uid="1" timestamp="2026-04-09T19:16:40Z" /><node changeset="1" id="2228429140" user="OSMnx" visible="true" lon="72.9641676" lat="19.2018021" version="1" uid="1" timestamp="2026-04-09T19:16:40Z" /><node changeset="1" id="2228429142" user="OSMnx" visible="true" lon="72.9613874" lat="19.2018543" version="1" uid="1" timestamp="2026-04-09T19:16:40Z" /><node changeset="1" id="2228429143" user="OSMnx" visible="true" lon="72.96157" lat="19.2018612" version="1" uid="1" timestamp="2026-04-09T19:16:40Z" /><node changeset="1" id="2228429144" user="OSMnx" visible="true" lon="72.9639432" lat="19.2018647" version="1" uid="1" timestamp="2026-04-09T19:16:40Z" /><node changeset="1" id="2228429147" user="OSMnx" visible="true" lon="72.9610236" lat="19.201906" version="1" uid="1" timestamp="2026-04-09T19:16:40Z" /><node changeset="1" id="2228429154" user="OSMnx" visible="true" lon="72.9608305" lat="19.2019689" version="1" uid="1" timestamp="2026-04-09T19:16:40Z" /><node changeset="1" id="2228429155" user="OSMnx" visible="true" lon="72.9619122" lat="19.2019828" version="1" uid="1" timestamp="2026-04-09T19:16:40Z" /><node changeset="1" id="2228429156" user="OSMnx" visible="true" lon="72.9634244" lat="19.2019863" version="1" uid="1" timestamp="2026-04-09T19:16:40Z" /><node changeset="1" id="2228429157" user="OSMnx" visible="true" lon="72.9632" lat="19.2020349" version="1" uid="1" timestamp="2026-04-09T19:16:40Z" /><node changeset="1" id="2228429158" user="OSMnx" visible="true" lon="72.9606354" lat="19.2020419" version="1" uid="1" timestamp="2026-04-09T19:16:40Z" /><node changeset="1" id="2228429160" user="OSMnx" visible="true" lon="72.9627989" lat="19.2020697" version="1" uid="1" timestamp="2026-04-09T19:16:40Z" /><node changeset="1" id="2228429161" user="OSMnx" visible="true" lon="72.9627703" lat="19.2020686" version="1" uid="1" timestamp="2026-04-09T19:16:40Z" /><node changeset="1" id="2228429163" user="OSMnx" visible="true" lon="72.9622764" lat="19.2021149" version="1" uid="1" timestamp="2026-04-09T19:16:40Z" /><node changeset="1" id="2228429165" user="OSMnx" visible="true" lon="72.9625671" lat="19.2021183" version="1" uid="1" timestamp="2026-04-09T19:16:40Z" /><node changeset="1" id="2228429167" user="OSMnx" visible="true" lon="72.9623942" lat="19.2021288" version="1" uid="1" timestamp="2026-04-09T19:16:40Z" /><node changeset="1" id="2228429168" user="OSMnx" visible="true" lon="72.9603742" lat="19.20216" version="1" uid="1" timestamp="2026-04-09T19:16:40Z" /><node changeset="1" id="2230881391" user="OSMnx" visible="true" lon="72.9666632" lat="19.1995552" version="1" uid="1" timestamp="2026-04-09T19:16:40Z" /><node changeset="1" id="2230881394" user="OSMnx" visible="true" lon="72.969201" lat="19.1996039" version="1" uid="1" timestamp="2026-04-09T19:16:40Z" /><node changeset="1" id="2230881397" user="OSMnx" visible="true" lon="72.9663174" lat="19.1996453" version="1" uid="1" timestamp="2026-04-09T19:16:40Z" /><node changeset="1" id="2230881401" user="OSMnx" visible="true" lon="72.9661028" lat="19.1997353" version="1" uid="1" timestamp="2026-04-09T19:16:40Z" /><node changeset="1" id="2230881407" user="OSMnx" visible="true" lon="72.9658047" lat="19.1999268" version="1" uid="1" timestamp="2026-04-09T19:16:40Z" /><node changeset="1" id="2230881410" user="OSMnx" visible="true" lon="72.968597" lat="19.2000218" version="1" uid="1" timestamp="2026-04-09T19:16:40Z" /><node changeset="1" id="2230881419" user="OSMnx" visible="true" lon="72.9729238" lat="19.2003155" version="1" uid="1" timestamp="2026-04-09T19:16:40Z" /><node changeset="1" id="2230881423" user="OSMnx" visible="true" lon="72.9681677" lat="19.200354" version="1" uid="1" timestamp="2026-04-09T19:16:40Z" /><node changeset="1" id="2230881429" user="OSMnx" visible="true" lon="72.9650484" lat="19.20049" version="1" uid="1" timestamp="2026-04-09T19:16:40Z" /><node changeset="1" id="2230881432" user="OSMnx" visible="true" lon="72.9678577" lat="19.2005538" version="1" uid="1" timestamp="2026-04-09T19:16:40Z" /><node changeset="1" id="2230881436" user="OSMnx" visible="true" lon="72.9724484" lat="19.2006798" version="1" uid="1" timestamp="2026-04-09T19:16:40Z" /><node changeset="1" id="2230881441" user="OSMnx" visible="true" lon="72.9674701" lat="19.2007425" version="1" uid="1" timestamp="2026-04-09T19:16:40Z" /><node changeset="1" id="2230881443" user="OSMnx" visible="true" lon="72.9722606" lat="19.2007614" version="1" uid="1" timestamp="2026-04-09T19:16:40Z" /><node changeset="1" id="2230881446" user="OSMnx" visible="true" lon="72.9673628" lat="19.2007988" version="1" uid="1" timestamp="2026-04-09T19:16:40Z" /><node changeset="1" id="2230881449" user="OSMnx" visible="true" lon="72.9720669" lat="19.2008177" version="1" uid="1" timestamp="2026-04-09T19:16:40Z" /><node changeset="1" id="2230881453" user="OSMnx" visible="true" lon="72.9718164" lat="19.200846" version="1" uid="1" timestamp="2026-04-09T19:16:40Z" /><node changeset="1" id="2230881455" user="OSMnx" visible="true" lon="72.9672764" lat="19.2008804" version="1" uid="1" timestamp="2026-04-09T19:16:40Z" /><node changeset="1" id="2230881461" user="OSMnx" visible="true" lon="72.9671895" lat="19.2010354" version="1" uid="1" timestamp="2026-04-09T19:16:40Z" /><node changeset="1" id="2230881467" user="OSMnx" visible="true" lon="72.9658219" lat="19.201195" version="1" uid="1" timestamp="2026-04-09T19:16:40Z" /><node changeset="1" id="2230881470" user="OSMnx" visible="true" lon="72.9712846" lat="19.2012266" version="1" uid="1" timestamp="2026-04-09T19:16:40Z" /><node changeset="1" id="2230881473" user="OSMnx" visible="true" lon="72.9671198" lat="19.2011924" version="1" uid="1" timestamp="2026-04-09T19:16:40Z" /><node changeset="1" id="2230881476" user="OSMnx" visible="true" lon="72.971237" lat="19.2012538" version="1" uid="1" timestamp="2026-04-09T19:16:40Z" /><node changeset="1" id="2230881478" user="OSMnx" visible="true" lon="72.9670769" lat="19.2013596" version="1" uid="1" timestamp="2026-04-09T19:16:40Z" /><node changeset="1" id="2230881481" user="OSMnx" visible="true" lon="72.9710117" lat="19.2013659" version="1" uid="1" timestamp="2026-04-09T19:16:40Z" /><node changeset="1" id="2230881484" user="OSMnx" visible="true" lon="72.970956" lat="19.2014096" version="1" uid="1" timestamp="2026-04-09T19:16:40Z" /><node changeset="1" id="2230881486" user="OSMnx" visible="true" lon="72.9670608" lat="19.2016585" version="1" uid="1" timestamp="2026-04-09T19:16:40Z" /><node changeset="1" id="2230881489" user="OSMnx" visible="true" lon="72.9706747" lat="19.2016792" version="1" uid="1" timestamp="2026-04-09T19:16:40Z" /><node changeset="1" id="2230881494" user="OSMnx" visible="true" lon="72.9705406" lat="19.2017355" version="1" uid="1" timestamp="2026-04-09T19:16:40Z" /><node changeset="1" id="2230881498" user="OSMnx" visible="true" lon="72.967152" lat="19.2021347" version="1" uid="1" timestamp="2026-04-09T19:16:40Z" /><node changeset="1" id="2230881499" user="OSMnx" visible="true" lon="72.9699414" lat="19.2022619" version="1" uid="1" timestamp="2026-04-09T19:16:40Z" /><node changeset="1" id="2230881502" user="OSMnx" visible="true" lon="72.9671252" lat="19.2022867" version="1" uid="1" timestamp="2026-04-09T19:16:40Z" /><node changeset="1" id="2230881505" user="OSMnx" visible="true" lon="72.9670271" lat="19.2023628" version="1" uid="1" timestamp="2026-04-09T19:16:40Z" /><node changeset="1" id="2230881508" user="OSMnx" visible="true" lon="72.9697715" lat="19.2023745" version="1" uid="1" timestamp="2026-04-09T19:16:40Z" /><node changeset="1" id="2230881511" user="OSMnx" visible="true" lon="72.9694359" lat="19.20254" version="1" uid="1" timestamp="2026-04-09T19:16:40Z" /><node changeset="1" id="2230881513" user="OSMnx" visible="true" lon="72.9711136" lat="19.2026552" version="1" uid="1" timestamp="2026-04-09T19:16:40Z" /><node changeset="1" id="2230881514" user="OSMnx" visible="true" lon="72.971186" lat="19.2026628" version="1" uid="1" timestamp="2026-04-09T19:16:40Z" /><node changeset="1" id="2230881516" user="OSMnx" visible="true" lon="72.9710385" lat="19.2026729" version="1" uid="1" timestamp="2026-04-09T19:16:40Z" /><node changeset="1" id="2230881517" user="OSMnx" visible="true" lon="72.9714319" lat="19.2027321" version="1" uid="1" timestamp="2026-04-09T19:16:40Z" /><node changeset="1" id="2230881519" user="OSMnx" visible="true" lon="72.9709634" lat="19.2027147" version="1" uid="1" timestamp="2026-04-09T19:16:40Z" /><node changeset="1" id="2230881521" user="OSMnx" visible="true" lon="72.9717909" lat="19.2028072" version="1" uid="1" timestamp="2026-04-09T19:16:40Z" /><node changeset="1" id="2230881523" user="OSMnx" visible="true" lon="72.9708253" lat="19.2028363" version="1" uid="1" timestamp="2026-04-09T19:16:40Z" /><node changeset="1" id="2230881525" user="OSMnx" visible="true" lon="72.9718687" lat="19.2028363" version="1" uid="1" timestamp="2026-04-09T19:16:40Z" /><node changeset="1" id="2230881526" user="OSMnx" visible="true" lon="72.9721308" lat="19.2030669" version="1" uid="1" timestamp="2026-04-09T19:16:40Z" /><node changeset="1" id="2230881545" user="OSMnx" visible="true" lon="72.9644617" lat="19.2078979" version="1" uid="1" timestamp="2026-04-09T19:16:40Z" /><node changeset="1" id="2230881569" user="OSMnx" visible="true" lon="72.9618696" lat="19.2092356" version="1" uid="1" timestamp="2026-04-09T19:16:40Z" /><node changeset="1" id="2230881588" user="OSMnx" visible="true" lon="72.9618265" lat="19.2102616" version="1" uid="1" timestamp="2026-04-09T19:16:40Z" /><node changeset="1" id="2230881591" user="OSMnx" visible="true" lon="72.9626458" lat="19.2105364" version="1" uid="1" timestamp="2026-04-09T19:16:40Z" /><node changeset="1" id="2230881597" user="OSMnx" visible="true" lon="72.9621104" lat="19.2108787" version="1" uid="1" timestamp="2026-04-09T19:16:40Z" /><node changeset="1" id="2230881600" user="OSMnx" visible="true" lon="72.9627747" lat="19.2111645" version="1" uid="1" timestamp="2026-04-09T19:16:40Z" /><node changeset="1" id="2230881615" user="OSMnx" visible="true" lon="72.9625357" lat="19.2125406" version="1" uid="1" timestamp="2026-04-09T19:16:40Z" /><node changeset="1" id="2230881617" user="OSMnx" visible="true" lon="72.9624809" lat="19.2126905" version="1" uid="1" timestamp="2026-04-09T19:16:40Z" /><node changeset="1" id="2230881623" user="OSMnx" visible="true" lon="72.9623938" lat="19.2128223" version="1" uid="1" timestamp="2026-04-09T19:16:40Z" /><node changeset="1" id="2230881629" user="OSMnx" visible="true" lon="72.9623334" lat="19.2128995" version="1" uid="1" timestamp="2026-04-09T19:16:40Z" /><node changeset="1" id="2230881632" user="OSMnx" visible="true" lon="72.9622932" lat="19.2129742" version="1" uid="1" timestamp="2026-04-09T19:16:40Z" /><node changeset="1" id="2230881640" user="OSMnx" visible="true" lon="72.9622583" lat="19.2130667" version="1" uid="1" timestamp="2026-04-09T19:16:40Z" /><node changeset="1" id="2230881653" user="OSMnx" visible="true" lon="72.9622329" lat="19.2131692" version="1" uid="1" timestamp="2026-04-09T19:16:40Z" /><node changeset="1" id="2230881693" user="OSMnx" visible="true" lon="72.9643705" lat="19.2139202" version="1" uid="1" timestamp="2026-04-09T19:16:40Z" /><node changeset="1" id="2230881697" user="OSMnx" visible="true" lon="72.9635069" lat="19.2140519" version="1" uid="1" timestamp="2026-04-09T19:16:40Z" /><node changeset="1" id="2230881723" user="OSMnx" visible="true" lon="72.9612283" lat="19.2146969" version="1" uid="1" timestamp="2026-04-09T19:16:40Z" /><node changeset="1" id="2230881725" user="OSMnx" visible="true" lon="72.9616721" lat="19.2146752" version="1" uid="1" timestamp="2026-04-09T19:16:40Z" /><node changeset="1" id="2230881736" user="OSMnx" visible="true" lon="72.9622876" lat="19.2148065" version="1" uid="1" timestamp="2026-04-09T19:16:40Z" /><node changeset="1" id="2230881745" user="OSMnx" visible="true" lon="72.9647206" lat="19.2148257" version="1" uid="1" timestamp="2026-04-09T19:16:40Z" /><node changeset="1" id="2230881748" user="OSMnx" visible="true" lon="72.9646079" lat="19.2147295" version="1" uid="1" timestamp="2026-04-09T19:16:40Z" /><node changeset="1" id="2230881757" user="OSMnx" visible="true" lon="72.9630697" lat="19.2150096" version="1" uid="1" timestamp="2026-04-09T19:16:40Z" /><node changeset="1" id="2230881763" user="OSMnx" visible="true" lon="72.9641835" lat="19.2151842" version="1" uid="1" timestamp="2026-04-09T19:16:40Z" /><node changeset="1" id="2230881765" user="OSMnx" visible="true" lon="72.9640051" lat="19.2151816" version="1" uid="1" timestamp="2026-04-09T19:16:40Z" /><node changeset="1" id="2230881769" user="OSMnx" visible="true" lon="72.9643788" lat="19.2152413" version="1" uid="1" timestamp="2026-04-09T19:16:40Z" /><node changeset="1" id="2230881772" user="OSMnx" visible="true" lon="72.9612218" lat="19.2152526" version="1" uid="1" timestamp="2026-04-09T19:16:40Z" /><node changeset="1" id="2230881775" user="OSMnx" visible="true" lon="72.9645353" lat="19.2152976" version="1" uid="1" timestamp="2026-04-09T19:16:40Z" /><node changeset="1" id="2230881782" user="OSMnx" visible="true" lon="72.9646754" lat="19.2153722" version="1" uid="1" timestamp="2026-04-09T19:16:40Z" /><node changeset="1" id="2230881784" user="OSMnx" visible="true" lon="72.9647996" lat="19.2154265" version="1" uid="1" timestamp="2026-04-09T19:16:40Z" /><node changeset="1" id="2230881787" user="OSMnx" visible="true" lon="72.9648559" lat="19.2154462" version="1" uid="1" timestamp="2026-04-09T19:16:40Z" /><node changeset="1" id="2230881796" user="OSMnx" visible="true" lon="72.9650435" lat="19.2154819" version="1" uid="1" timestamp="2026-04-09T19:16:40Z" /><node changeset="1" id="2230881799" user="OSMnx" visible="true" lon="72.9612645" lat="19.2154247" version="1" uid="1" timestamp="2026-04-09T19:16:40Z" /><node changeset="1" id="2230881802" user="OSMnx" visible="true" lon="72.965832" lat="19.2155115" version="1" uid="1" timestamp="2026-04-09T19:16:40Z" /><node changeset="1" id="2230881805" user="OSMnx" visible="true" lon="72.965911" lat="19.2155115" version="1" uid="1" timestamp="2026-04-09T19:16:40Z" /><node changeset="1" id="2230881808" user="OSMnx" visible="true" lon="72.9653222" lat="19.2155213" version="1" uid="1" timestamp="2026-04-09T19:16:40Z" /><node changeset="1" id="2230881811" user="OSMnx" visible="true" lon="72.9656487" lat="19.2155213" version="1" uid="1" timestamp="2026-04-09T19:16:40Z" /><node changeset="1" id="2230881814" user="OSMnx" visible="true" lon="72.9659761" lat="19.2155464" version="1" uid="1" timestamp="2026-04-09T19:16:40Z" /><node changeset="1" id="2230881822" user="OSMnx" visible="true" lon="72.9614631" lat="19.215754" version="1" uid="1" timestamp="2026-04-09T19:16:40Z" /><node changeset="1" id="2230881824" user="OSMnx" visible="true" lon="72.96621" lat="19.2157753" version="1" uid="1" timestamp="2026-04-09T19:16:40Z" /><node changeset="1" id="2230881840" user="OSMnx" visible="true" lon="72.9663112" lat="19.2159445" version="1" uid="1" timestamp="2026-04-09T19:16:40Z" /><node changeset="1" id="2230881846" user="OSMnx" visible="true" lon="72.9615086" lat="19.2159009" version="1" uid="1" timestamp="2026-04-09T19:16:40Z" /><node changeset="1" id="2230881848" user="OSMnx" visible="true" lon="72.9663998" lat="19.2160141" version="1" uid="1" timestamp="2026-04-09T19:16:40Z" /><node changeset="1" id="2230881854" user="OSMnx" visible="true" lon="72.9665642" lat="19.2161495" version="1" uid="1" timestamp="2026-04-09T19:16:40Z" /><node changeset="1" id="2230881867" user="OSMnx" visible="true" lon="72.9667223" lat="19.216251" version="1" uid="1" timestamp="2026-04-09T19:16:40Z" /><node changeset="1" id="2230881877" user="OSMnx" visible="true" lon="72.9669668" lat="19.2163903" version="1" uid="1" timestamp="2026-04-09T19:16:40Z" /><node changeset="1" id="2230881882" user="OSMnx" visible="true" lon="72.9615462" lat="19.2163923" version="1" uid="1" timestamp="2026-04-09T19:16:40Z" /><node changeset="1" id="2230881888" user="OSMnx" visible="true" lon="72.9672071" lat="19.2165476" version="1" uid="1" timestamp="2026-04-09T19:16:40Z" /><node changeset="1" id="2230881891" user="OSMnx" visible="true" lon="72.9672766" lat="19.2165794" version="1" uid="1" timestamp="2026-04-09T19:16:40Z" /><node changeset="1" id="2230881900" user="OSMnx" visible="true" lon="72.9618292" lat="19.2165467" version="1" uid="1" timestamp="2026-04-09T19:16:40Z" /><node changeset="1" id="2230881903" user="OSMnx" visible="true" lon="72.9674474" lat="19.2166471" version="1" uid="1" timestamp="2026-04-09T19:16:40Z" /><node changeset="1" id="2230881908" user="OSMnx" visible="true" lon="72.9676814" lat="19.2166909" version="1" uid="1" timestamp="2026-04-09T19:16:40Z" /><node changeset="1" id="2230881913" user="OSMnx" visible="true" lon="72.9677615" lat="19.2166949" version="1" uid="1" timestamp="2026-04-09T19:16:40Z" /><node changeset="1" id="2230881922" user="OSMnx" visible="true" lon="72.9679786" lat="19.2167506" version="1" uid="1" timestamp="2026-04-09T19:16:40Z" /><node changeset="1" id="2230881928" user="OSMnx" visible="true" lon="72.9621105" lat="19.2166972" version="1" uid="1" timestamp="2026-04-09T19:16:40Z" /><node changeset="1" id="2230881934" user="OSMnx" visible="true" lon="72.9624286" lat="19.2168579" version="1" uid="1" timestamp="2026-04-09T19:16:40Z" /><node changeset="1" id="2230881974" user="OSMnx" visible="true" lon="72.9634533" lat="19.2199127" version="1" uid="1" timestamp="2026-04-09T19:16:40Z" /><node changeset="1" id="2230881977" user="OSMnx" visible="true" lon="72.961734" lat="19.2203977" version="1" uid="1" timestamp="2026-04-09T19:16:40Z" /><node changeset="1" id="2230882003" user="OSMnx" visible="true" lon="72.9701071" lat="19.2208361" version="1" uid="1" timestamp="2026-04-09T19:16:40Z" /><node changeset="1" id="2230882051" user="OSMnx" visible="true" lon="72.9663446" lat="19.2216879" version="1" uid="1" timestamp="2026-04-09T19:16:40Z" /><node changeset="1" id="2230882062" user="OSMnx" visible="true" lon="72.9718635" lat="19.2225858" version="1" uid="1" timestamp="2026-04-09T19:16:40Z" /><node changeset="1" id="2230882065" user="OSMnx" visible="true" lon="72.9755626" lat="19.2227211" version="1" uid="1" timestamp="2026-04-09T19:16:40Z" /><node changeset="1" id="2230882068" user="OSMnx" visible="true" lon="72.9644344" lat="19.2228798" version="1" uid="1" timestamp="2026-04-09T19:16:40Z" /><node changeset="1" id="2230882073" user="OSMnx" visible="true" lon="72.9638345" lat="19.223085" version="1" uid="1" timestamp="2026-04-09T19:16:40Z" /><node changeset="1" id="2230882075" user="OSMnx" visible="true" lon="72.9634227" lat="19.2231692" version="1" uid="1" timestamp="2026-04-09T19:16:40Z" /><node changeset="1" id="2230882080" user="OSMnx" visible="true" lon="72.9625737" lat="19.2231974" version="1" uid="1" timestamp="2026-04-09T19:16:40Z" /><node changeset="1" id="2230882081" user="OSMnx" visible="true" lon="72.9720312" lat="19.2231666" version="1" uid="1" timestamp="2026-04-09T19:16:40Z" /><node changeset="1" id="2230882084" user="OSMnx" visible="true" lon="72.9672925" lat="19.2233189" version="1" uid="1" timestamp="2026-04-09T19:16:40Z" /><node changeset="1" id="2230882086" user="OSMnx" visible="true" lon="72.9681767" lat="19.2233313" version="1" uid="1" timestamp="2026-04-09T19:16:40Z" /><node changeset="1" id="2230882087" user="OSMnx" visible="true" lon="72.9684415" lat="19.2233856" version="1" uid="1" timestamp="2026-04-09T19:16:40Z" /><node changeset="1" id="2230882090" user="OSMnx" visible="true" lon="72.9716398" lat="19.2234658" version="1" uid="1" timestamp="2026-04-09T19:16:40Z" /><node changeset="1" id="2230882094" user="OSMnx" visible="true" lon="72.9647346" lat="19.2238148" version="1" uid="1" timestamp="2026-04-09T19:16:40Z" /><node changeset="1" id="2230882106" user="OSMnx" visible="true" lon="72.9722102" lat="19.2247927" version="1" uid="1" timestamp="2026-04-09T19:16:40Z" /><node changeset="1" id="2230882117" user="OSMnx" visible="true" lon="72.9671405" lat="19.2242627" version="1" uid="1" timestamp="2026-04-09T19:16:40Z" /><node changeset="1" id="2230882119" user="OSMnx" visible="true" lon="72.968052" lat="19.2243064" version="1" uid="1" timestamp="2026-04-09T19:16:40Z" /><node changeset="1" id="2230882125" user="OSMnx" visible="true" lon="72.973352" lat="19.2246806" version="1" uid="1" timestamp="2026-04-09T19:16:40Z" /><node changeset="1" id="2230882127" user="OSMnx" visible="true" lon="72.9727511" lat="19.2247396" version="1" uid="1" timestamp="2026-04-09T19:16:40Z" /><node changeset="1" id="2230882144" user="OSMnx" visible="true" lon="72.9649719" lat="19.2248268" version="1" uid="1" timestamp="2026-04-09T19:16:40Z" /><node changeset="1" id="2230882166" user="OSMnx" visible="true" lon="72.9700192" lat="19.2252224" version="1" uid="1" timestamp="2026-04-09T19:16:40Z" /><node changeset="1" id="2230882178" user="OSMnx" visible="true" lon="72.9676401" lat="19.2253048" version="1" uid="1" timestamp="2026-04-09T19:16:40Z" /><node changeset="1" id="2230882180" user="OSMnx" visible="true" lon="72.971866" lat="19.2253326" version="1" uid="1" timestamp="2026-04-09T19:16:40Z" /><node changeset="1" id="2230882189" user="OSMnx" visible="true" lon="72.9679835" lat="19.2255213" version="1" uid="1" timestamp="2026-04-09T19:16:40Z" /><node changeset="1" id="2230882193" user="OSMnx" visible="true" lon="72.9680183" lat="19.2255757" version="1" uid="1" timestamp="2026-04-09T19:16:40Z" /><node changeset="1" id="2230882199" user="OSMnx" visible="true" lon="72.972853" lat="19.2256652" version="1" uid="1" timestamp="2026-04-09T19:16:40Z" /><node changeset="1" id="2230882213" user="OSMnx" visible="true" lon="72.9740578" lat="19.2261867" version="1" uid="1" timestamp="2026-04-09T19:16:40Z" /><node changeset="1" id="2230882222" user="OSMnx" visible="true" lon="72.9699885" lat="19.2265354" version="1" uid="1" timestamp="2026-04-09T19:16:40Z" /><node changeset="1" id="2230882224" user="OSMnx" visible="true" lon="72.9653111" lat="19.2264322" version="1" uid="1" timestamp="2026-04-09T19:16:40Z" /><node changeset="1" id="2230882235" user="OSMnx" visible="true" lon="72.9644513" lat="19.2268051" version="1" uid="1" timestamp="2026-04-09T19:16:40Z" /><node changeset="1" id="2230882237" user="OSMnx" visible="true" lon="72.9738955" lat="19.2268787" version="1" uid="1" timestamp="2026-04-09T19:16:40Z" /><node changeset="1" id="2230882242" user="OSMnx" visible="true" lon="72.9653928" lat="19.2269204" version="1" uid="1" timestamp="2026-04-09T19:16:40Z" /><node changeset="1" id="2230882244" user="OSMnx" visible="true" lon="72.9741206" lat="19.2270389" version="1" uid="1" timestamp="2026-04-09T19:16:40Z" /><node changeset="1" id="2230882262" user="OSMnx" visible="true" lon="72.9746899" lat="19.2275177" version="1" uid="1" timestamp="2026-04-09T19:16:40Z" /><node changeset="1" id="2230882265" user="OSMnx" visible="true" lon="72.9654196" lat="19.2274917" version="1" uid="1" timestamp="2026-04-09T19:16:40Z" /><node changeset="1" id="2230882276" user="OSMnx" visible="true" lon="72.9747819" lat="19.2276953" version="1" uid="1" timestamp="2026-04-09T19:16:40Z" /><node changeset="1" id="2230882278" user="OSMnx" visible="true" lon="72.9654455" lat="19.227709" version="1" uid="1" timestamp="2026-04-09T19:16:40Z" /><node changeset="1" id="2230882281" user="OSMnx" visible="true" lon="72.9749129" lat="19.2278496" version="1" uid="1" timestamp="2026-04-09T19:16:40Z" /><node changeset="1" id="2230882290" user="OSMnx" visible="true" lon="72.9753479" lat="19.2280837" version="1" uid="1" timestamp="2026-04-09T19:16:40Z" /><node changeset="1" id="2230882306" user="OSMnx" visible="true" lon="72.975474" lat="19.2281049" version="1" uid="1" timestamp="2026-04-09T19:16:40Z" /><node changeset="1" id="2230882313" user="OSMnx" visible="true" lon="72.9750764" lat="19.227973" version="1" uid="1" timestamp="2026-04-09T19:16:40Z" /><node changeset="1" id="2230882315" user="OSMnx" visible="true" lon="72.9741499" lat="19.228197" version="1" uid="1" timestamp="2026-04-09T19:16:40Z" /><node changeset="1" id="2230882337" user="OSMnx" visible="true" lon="72.9679975" lat="19.228394" version="1" uid="1" timestamp="2026-04-09T19:16:40Z" /><node changeset="1" id="2230882347" user="OSMnx" visible="true" lon="72.9746273" lat="19.2283894" version="1" uid="1" timestamp="2026-04-09T19:16:40Z" /><node changeset="1" id="2230882353" user="OSMnx" visible="true" lon="72.9655544" lat="19.2286235" version="1" uid="1" timestamp="2026-04-09T19:16:40Z" /><node changeset="1" id="2230882384" user="OSMnx" visible="true" lon="72.973354" lat="19.229222" version="1" uid="1" timestamp="2026-04-09T19:16:40Z" /><node changeset="1" id="2230882395" user="OSMnx" visible="true" lon="72.970174" lat="19.2293527" version="1" uid="1" timestamp="2026-04-09T19:16:40Z" /><node changeset="1" id="2230882401" user="OSMnx" visible="true" lon="72.9705992" lat="19.2293649" version="1" uid="1" timestamp="2026-04-09T19:16:40Z" /><node changeset="1" id="2230882404" user="OSMnx" visible="true" lon="72.9706946" lat="19.229393" version="1" uid="1" timestamp="2026-04-09T19:16:40Z" /><node changeset="1" id="2230882405" user="OSMnx" visible="true" lon="72.9707632" lat="19.2294493" version="1" uid="1" timestamp="2026-04-09T19:16:40Z" /><node changeset="1" id="2230882412" user="OSMnx" visible="true" lon="72.9714289" lat="19.2294509" version="1" uid="1" timestamp="2026-04-09T19:16:40Z" /><node changeset="1" id="2230882413" user="OSMnx" visible="true" lon="72.9708288" lat="19.2295422" version="1" uid="1" timestamp="2026-04-09T19:16:40Z" /><node changeset="1" id="2230882417" user="OSMnx" visible="true" lon="72.9708944" lat="19.22959" version="1" uid="1" timestamp="2026-04-09T19:16:40Z" /><node changeset="1" id="2230882418" user="OSMnx" visible="true" lon="72.9710047" lat="19.2296041" version="1" uid="1" timestamp="2026-04-09T19:16:40Z" /><node changeset="1" id="2230882426" user="OSMnx" visible="true" lon="72.9716159" lat="19.2326408" version="1" uid="1" timestamp="2026-04-09T19:16:40Z" /><node changeset="1" id="2230882428" user="OSMnx" visible="true" lon="72.9725998" lat="19.2329207" version="1" uid="1" timestamp="2026-04-09T19:16:40Z" /><node changeset="1" id="2230882433" user="OSMnx" visible="true" lon="72.9735733" lat="19.2330557" version="1" uid="1" timestamp="2026-04-09T19:16:40Z" /><node changeset="1" id="2230882435" user="OSMnx" visible="true" lon="72.9750051" lat="19.233091" version="1" uid="1" timestamp="2026-04-09T19:16:40Z" /><node changeset="1" id="2230882456" user="OSMnx" visible="true" lon="72.9708097" lat="19.2342466" version="1" uid="1" timestamp="2026-04-09T19:16:40Z" /><node changeset="1" id="2230882480" user="OSMnx" visible="true" lon="72.9659682" lat="19.2345009" version="1" uid="1" timestamp="2026-04-09T19:16:40Z" /><node changeset="1" id="2230882534" user="OSMnx" visible="true" lon="72.9665403" lat="19.2352115" version="1" uid="1" timestamp="2026-04-09T19:16:40Z" /><node changeset="1" id="2250655552" user="OSMnx" visible="true" lon="72.9771087" lat="19.2119297" version="1" uid="1" timestamp="2026-04-09T19:16:40Z" /><node changeset="1" id="2250655553" user="OSMnx" visible="true" lon="72.9772694" lat="19.2119509" version="1" uid="1" timestamp="2026-04-09T19:16:40Z" /><node changeset="1" id="2250655555" user="OSMnx" visible="true" lon="72.9774192" lat="19.2119617" version="1" uid="1" timestamp="2026-04-09T19:16:40Z" /><node changeset="1" id="2250655557" user="OSMnx" visible="true" lon="72.9772426" lat="19.2125175" version="1" uid="1" timestamp="2026-04-09T19:16:40Z"><tag k="highway" v="traffic_signals" /></node><node changeset="1" id="2250655573" user="OSMnx" visible="true" lon="72.977662" lat="19.2309856" version="1" uid="1" timestamp="2026-04-09T19:16:40Z" /><node changeset="1" id="2269782596" user="OSMnx" visible="true" lon="72.9941545" lat="19.2093956" version="1" uid="1" timestamp="2026-04-09T19:16:40Z" /><node changeset="1" id="2440247158" user="OSMnx" visible="true" lon="72.9729946" lat="19.2002678" version="1" uid="1" timestamp="2026-04-09T19:16:40Z" /><node changeset="1" id="2440275233" user="OSMnx" visible="true" lon="72.9804922" lat="19.2116586" version="1" uid="1" timestamp="2026-04-09T19:16:40Z" /><node changeset="1" id="2440275234" user="OSMnx" visible="true" lon="72.9805553" lat="19.2120054" version="1" uid="1" timestamp="2026-04-09T19:16:40Z" /><node changeset="1" id="2440275235" user="OSMnx" visible="true" lon="72.9775954" lat="19.2125306" version="1" uid="1" timestamp="2026-04-09T19:16:40Z" /><node changeset="1" id="2440275236" user="OSMnx" visible="true" lon="72.9814505" lat="19.2127662" version="1" uid="1" timestamp="2026-04-09T19:16:40Z" /><node changeset="1" id="2440275237" user="OSMnx" visible="true" lon="72.9815958" lat="19.2127264" version="1" uid="1" timestamp="2026-04-09T19:16:40Z" /><node changeset="1" id="2440275238" user="OSMnx" visible="true" lon="72.9817977" lat="19.212787" version="1" uid="1" timestamp="2026-04-09T19:16:40Z" /><node changeset="1" id="2440275239" user="OSMnx" visible="true" lon="72.9818796" lat="19.2130985" version="1" uid="1" timestamp="2026-04-09T19:16:40Z" /><node changeset="1" id="2489283687" user="OSMnx" visible="true" lon="72.9764166" lat="19.2339568" version="1" uid="1" timestamp="2026-04-09T19:16:40Z" /><node changeset="1" id="2489283688" user="OSMnx" visible="true" lon="72.9764845" lat="19.2339627" version="1" uid="1" timestamp="2026-04-09T19:16:40Z" /><node changeset="1" id="2489283689" user="OSMnx" visible="true" lon="72.9763989" lat="19.2347694" version="1" uid="1" timestamp="2026-04-09T19:16:40Z" /><node changeset="1" id="2489336306" user="OSMnx" visible="true" lon="72.9764336" lat="19.2332975" version="1" uid="1" timestamp="2026-04-09T19:16:40Z" /><node changeset="1" id="2489336307" user="OSMnx" visible="true" lon="72.9762179" lat="19.2336" version="1" uid="1" timestamp="2026-04-09T19:16:40Z" /><node changeset="1" id="2489336308" user="OSMnx" visible="true" lon="72.9764404" lat="19.2336123" version="1" uid="1" timestamp="2026-04-09T19:16:40Z" /><node changeset="1" id="2489336309" user="OSMnx" visible="true" lon="72.976392" lat="19.2342193" version="1" uid="1" timestamp="2026-04-09T19:16:40Z" /><node changeset="1" id="2491194122" user="OSMnx" visible="true" lon="72.9776261" lat="19.2205159" version="1" uid="1" timestamp="2026-04-09T19:16:40Z" /><node changeset="1" id="2491194123" user="OSMnx" visible="true" lon="72.9773465" lat="19.2228461" version="1" uid="1" timestamp="2026-04-09T19:16:40Z" /><node changeset="1" id="2493165200" user="OSMnx" visible="true" lon="72.9771072" lat="19.2291778" version="1" uid="1" timestamp="2026-04-09T19:16:40Z" /><node changeset="1" id="2493165202" user="OSMnx" visible="true" lon="72.9768495" lat="19.2309395" version="1" uid="1" timestamp="2026-04-09T19:16:40Z" /><node changeset="1" id="2493664951" user="OSMnx" visible="true" lon="72.9702091" lat="19.2203696" version="1" uid="1" timestamp="2026-04-09T19:16:40Z" /><node changeset="1" id="2702435812" user="OSMnx" visible="true" lon="72.9917816" lat="19.2097485" version="1" uid="1" timestamp="2026-04-09T19:16:40Z" /><node changeset="1" id="2702435813" user="OSMnx" visible="true" lon="72.9922271" lat="19.2098824" version="1" uid="1" timestamp="2026-04-09T19:16:40Z" /><node changeset="1" id="2702435814" user="OSMnx" visible="true" lon="72.9943874" lat="19.2096085" version="1" uid="1" timestamp="2026-04-09T19:16:40Z" /><node changeset="1" id="2838923024" user="OSMnx" visible="true" lon="72.9778439" lat="19.2227067" version="1" uid="1" timestamp="2026-04-09T19:16:40Z" /><node changeset="1" id="2838932787" user="OSMnx" visible="true" lon="72.9775281" lat="19.2254155" version="1" uid="1" timestamp="2026-04-09T19:16:40Z" /><node changeset="1" id="2838932789" user="OSMnx" visible="true" lon="72.9775242" lat="19.2254479" version="1" uid="1" timestamp="2026-04-09T19:16:40Z" /><node changeset="1" id="2838932790" user="OSMnx" visible="true" lon="72.9773494" lat="19.2254331" version="1" uid="1" timestamp="2026-04-09T19:16:40Z" /><node changeset="1" id="2899247168" user="OSMnx" visible="true" lon="72.9642222" lat="19.2249882" version="1" uid="1" timestamp="2026-04-09T19:16:40Z" /><node changeset="1" id="2899247173" user="OSMnx" visible="true" lon="72.9629089" lat="19.2253697" version="1" uid="1" timestamp="2026-04-09T19:16:40Z" /><node changeset="1" id="2899247175" user="OSMnx" visible="true" lon="72.9631775" lat="19.2252213" version="1" uid="1" timestamp="2026-04-09T19:16:40Z" /><node changeset="1" id="2899247176" user="OSMnx" visible="true" lon="72.9634482" lat="19.2251512" version="1" uid="1" timestamp="2026-04-09T19:16:40Z" /><node changeset="1" id="2899247177" user="OSMnx" visible="true" lon="72.963731" lat="19.225093" version="1" uid="1" timestamp="2026-04-09T19:16:40Z" /><node changeset="1" id="2899247178" user="OSMnx" visible="true" lon="72.9640165" lat="19.2250317" version="1" uid="1" timestamp="2026-04-09T19:16:40Z" /><node changeset="1" id="3585770492" user="OSMnx" visible="true" lon="72.977056" lat="19.2250717" version="1" uid="1" timestamp="2026-04-09T19:16:40Z" /><node changeset="1" id="3585771129" user="OSMnx" visible="true" lon="72.9767204" lat="19.2282043" version="1" uid="1" timestamp="2026-04-09T19:16:40Z" /><node changeset="1" id="3587240002" user="OSMnx" visible="true" lon="72.9816603" lat="19.2270039" version="1" uid="1" timestamp="2026-04-09T19:16:40Z" /><node changeset="1" id="3610425595" user="OSMnx" visible="true" lon="72.9845517" lat="19.2064962" version="1" uid="1" timestamp="2026-04-09T19:16:40Z" /><node changeset="1" id="3638926822" user="OSMnx" visible="true" lon="72.980622" lat="19.2281184" version="1" uid="1" timestamp="2026-04-09T19:16:40Z" /><node changeset="1" id="3638945111" user="OSMnx" visible="true" lon="72.9813309" lat="19.2313143" version="1" uid="1" timestamp="2026-04-09T19:16:40Z" /><node changeset="1" id="3737096129" user="OSMnx" visible="true" lon="72.9759826" lat="19.2119553" version="1" uid="1" timestamp="2026-04-09T19:16:40Z" /><node changeset="1" id="3737101176" user="OSMnx" visible="true" lon="72.9846458" lat="19.2112785" version="1" uid="1" timestamp="2026-04-09T19:16:40Z" /><node changeset="1" id="3737101177" user="OSMnx" visible="true" lon="72.9837449" lat="19.2114219" version="1" uid="1" timestamp="2026-04-09T19:16:40Z" /><node changeset="1" id="3737101178" user="OSMnx" visible="true" lon="72.9827938" lat="19.2115547" version="1" uid="1" timestamp="2026-04-09T19:16:40Z" /><node changeset="1" id="3737101179" user="OSMnx" visible="true" lon="72.9818455" lat="19.2117057" version="1" uid="1" timestamp="2026-04-09T19:16:40Z" /><node changeset="1" id="3796391492" user="OSMnx" visible="true" lon="72.9828781" lat="19.214653" version="1" uid="1" timestamp="2026-04-09T19:16:40Z" /><node changeset="1" id="3796498648" user="OSMnx" visible="true" lon="72.9820784" lat="19.2324364" version="1" uid="1" timestamp="2026-04-09T19:16:40Z" /><node changeset="1" id="3796498649" user="OSMnx" visible="true" lon="72.9824396" lat="19.2325432" version="1" uid="1" timestamp="2026-04-09T19:16:40Z" /><node changeset="1" id="3796498650" user="OSMnx" visible="true" lon="72.9829261" lat="19.234855" version="1" uid="1" timestamp="2026-04-09T19:16:40Z" /><node changeset="1" id="3796498651" user="OSMnx" visible="true" lon="72.9825442" lat="19.2348559" version="1" uid="1" timestamp="2026-04-09T19:16:40Z" /><node changeset="1" id="3796498652" user="OSMnx" visible="true" lon="72.9821702" lat="19.2349297" version="1" uid="1" timestamp="2026-04-09T19:16:40Z" /><node changeset="1" id="3796498653" user="OSMnx" visible="true" lon="72.9830079" lat="19.2354324" version="1" uid="1" timestamp="2026-04-09T19:16:40Z" /><node changeset="1" id="3878627345" user="OSMnx" visible="true" lon="72.9688267" lat="19.2045692" version="1" uid="1" timestamp="2026-04-09T19:16:40Z"><tag k="junction" v="yes" /></node><node changeset="1" id="3878627356" user="OSMnx" visible="true" lon="72.9725449" lat="19.207685" version="1" uid="1" timestamp="2026-04-09T19:16:40Z" /><node changeset="1" id="4213259528" user="OSMnx" visible="true" lon="72.9761348" lat="19.233062" version="1" uid="1" timestamp="2026-04-09T19:16:40Z" /><node changeset="1" id="4214654589" user="OSMnx" visible="true" lon="72.9768615" lat="19.2118782" version="1" uid="1" timestamp="2026-04-09T19:16:40Z" /><node changeset="1" id="4214654593" user="OSMnx" visible="true" lon="72.9843736" lat="19.2119757" version="1" uid="1" timestamp="2026-04-09T19:16:40Z" /><node changeset="1" id="4214654596" user="OSMnx" visible="true" lon="72.978003" lat="19.2202593" version="1" uid="1" timestamp="2026-04-09T19:16:40Z" /><node changeset="1" id="4214654599" user="OSMnx" visible="true" lon="72.9770467" lat="19.2125348" version="1" uid="1" timestamp="2026-04-09T19:16:40Z" /><node changeset="1" id="4214654600" user="OSMnx" visible="true" lon="72.9775047" lat="19.2134758" version="1" uid="1" timestamp="2026-04-09T19:16:40Z" /><node changeset="1" id="4214654603" user="OSMnx" visible="true" lon="72.9777045" lat="19.2140818" version="1" uid="1" timestamp="2026-04-09T19:16:40Z" /><node changeset="1" id="4214654604" user="OSMnx" visible="true" lon="72.977782" lat="19.2144064" version="1" uid="1" timestamp="2026-04-09T19:16:40Z" /><node changeset="1" id="4214654605" user="OSMnx" visible="true" lon="72.9778147" lat="19.2146953" version="1" uid="1" timestamp="2026-04-09T19:16:40Z" /><node changeset="1" id="4214654606" user="OSMnx" visible="true" lon="72.9778334" lat="19.2150458" version="1" uid="1" timestamp="2026-04-09T19:16:40Z" /><node changeset="1" id="4214654607" user="OSMnx" visible="true" lon="72.9778638" lat="19.2154427" version="1" uid="1" timestamp="2026-04-09T19:16:40Z" /><node changeset="1" id="4214654608" user="OSMnx" visible="true" lon="72.9779105" lat="19.2156787" version="1" uid="1" timestamp="2026-04-09T19:16:40Z" /><node changeset="1" id="4214654610" user="OSMnx" visible="true" lon="72.9781928" lat="19.2173979" version="1" uid="1" timestamp="2026-04-09T19:16:40Z" /><node changeset="1" id="4214654613" user="OSMnx" visible="true" lon="72.978296" lat="19.2174116" version="1" uid="1" timestamp="2026-04-09T19:16:40Z" /><node changeset="1" id="4214654614" user="OSMnx" visible="true" lon="72.9782868" lat="19.2169985" version="1" uid="1" timestamp="2026-04-09T19:16:40Z" /><node changeset="1" id="4214654616" user="OSMnx" visible="true" lon="72.9779633" lat="19.2155845" version="1" uid="1" timestamp="2026-04-09T19:16:40Z" /><node changeset="1" id="4214654617" user="OSMnx" visible="true" lon="72.9779479" lat="19.2155234" version="1" uid="1" timestamp="2026-04-09T19:16:40Z" /><node changeset="1" id="4214654618" user="OSMnx" visible="true" lon="72.9779294" lat="19.2153808" version="1" uid="1" timestamp="2026-04-09T19:16:40Z" /><node changeset="1" id="4214654619" user="OSMnx" visible="true" lon="72.9778757" lat="19.2145838" version="1" uid="1" timestamp="2026-04-09T19:16:40Z" /><node changeset="1" id="4214654620" user="OSMnx" visible="true" lon="72.9778546" lat="19.214464" version="1" uid="1" timestamp="2026-04-09T19:16:40Z" /><node changeset="1" id="4214654621" user="OSMnx" visible="true" lon="72.9778088" lat="19.214268" version="1" uid="1" timestamp="2026-04-09T19:16:40Z" /><node changeset="1" id="4214654622" user="OSMnx" visible="true" lon="72.9777472" lat="19.2140419" version="1" uid="1" timestamp="2026-04-09T19:16:40Z" /><node changeset="1" id="4214654623" user="OSMnx" visible="true" lon="72.9776199" lat="19.2136546" version="1" uid="1" timestamp="2026-04-09T19:16:40Z" /><node changeset="1" id="4214654624" user="OSMnx" visible="true" lon="72.9774414" lat="19.2129754" version="1" uid="1" timestamp="2026-04-09T19:16:40Z" /><node changeset="1" id="4214654625" user="OSMnx" visible="true" lon="72.9773823" lat="19.2128214" version="1" uid="1" timestamp="2026-04-09T19:16:40Z" /><node changeset="1" id="4214654626" user="OSMnx" visible="true" lon="72.9777002" lat="19.2122358" version="1" uid="1" timestamp="2026-04-09T19:16:40Z" /><node changeset="1" id="4214654627" user="OSMnx" visible="true" lon="72.9779103" lat="19.2121713" version="1" uid="1" timestamp="2026-04-09T19:16:40Z" /><node changeset="1" id="4214654628" user="OSMnx" visible="true" lon="72.981319" lat="19.2116358" version="1" uid="1" timestamp="2026-04-09T19:16:40Z" /><node changeset="1" id="4214654632" user="OSMnx" visible="true" lon="72.9848807" lat="19.2108451" version="1" uid="1" timestamp="2026-04-09T19:16:40Z" /><node changeset="1" id="4214654633" user="OSMnx" visible="true" lon="72.9775536" lat="19.2123246" version="1" uid="1" timestamp="2026-04-09T19:16:40Z" /><node changeset="1" id="4214654634" user="OSMnx" visible="true" lon="72.9773747" lat="19.2127133" version="1" uid="1" timestamp="2026-04-09T19:16:40Z" /><node changeset="1" id="4214654635" user="OSMnx" visible="true" lon="72.9773988" lat="19.2125638" version="1" uid="1" timestamp="2026-04-09T19:16:40Z" /><node changeset="1" id="4214654636" user="OSMnx" visible="true" lon="72.9814545" lat="19.2115004" version="1" uid="1" timestamp="2026-04-09T19:16:40Z" /><node changeset="1" id="4214654637" user="OSMnx" visible="true" lon="72.9814867" lat="19.2114253" version="1" uid="1" timestamp="2026-04-09T19:16:40Z" /><node changeset="1" id="4214654638" user="OSMnx" visible="true" lon="72.9814973" lat="19.211342" version="1" uid="1" timestamp="2026-04-09T19:16:40Z" /><node changeset="1" id="4214654639" user="OSMnx" visible="true" lon="72.9814239" lat="19.2111829" version="1" uid="1" timestamp="2026-04-09T19:16:40Z" /><node changeset="1" id="4214654640" user="OSMnx" visible="true" lon="72.9813467" lat="19.2111124" version="1" uid="1" timestamp="2026-04-09T19:16:40Z" /><node changeset="1" id="4214654641" user="OSMnx" visible="true" lon="72.981239" lat="19.2110657" version="1" uid="1" timestamp="2026-04-09T19:16:40Z" /><node changeset="1" id="4214654642" user="OSMnx" visible="true" lon="72.9801892" lat="19.2112292" version="1" uid="1" timestamp="2026-04-09T19:16:40Z" /><node changeset="1" id="4214654644" user="OSMnx" visible="true" lon="72.9766629" lat="19.2116974" version="1" uid="1" timestamp="2026-04-09T19:16:40Z" /><node changeset="1" id="4214654645" user="OSMnx" visible="true" lon="72.9831998" lat="19.2113017" version="1" uid="1" timestamp="2026-04-09T19:16:40Z" /><node changeset="1" id="4214654647" user="OSMnx" visible="true" lon="72.976871" lat="19.2116586" version="1" uid="1" timestamp="2026-04-09T19:16:40Z" /><node changeset="1" id="4214654648" user="OSMnx" visible="true" lon="72.9834092" lat="19.2182972" version="1" uid="1" timestamp="2026-04-09T19:16:40Z" /><node changeset="1" id="4214654649" user="OSMnx" visible="true" lon="72.9792176" lat="19.217547" version="1" uid="1" timestamp="2026-04-09T19:16:40Z" /><node changeset="1" id="4214654650" user="OSMnx" visible="true" lon="72.979014" lat="19.2174796" version="1" uid="1" timestamp="2026-04-09T19:16:40Z" /><node changeset="1" id="4214654651" user="OSMnx" visible="true" lon="72.9788961" lat="19.2174374" version="1" uid="1" timestamp="2026-04-09T19:16:40Z" /><node changeset="1" id="4214654652" user="OSMnx" visible="true" lon="72.9787904" lat="19.2173798" version="1" uid="1" timestamp="2026-04-09T19:16:40Z" /><node changeset="1" id="4214654653" user="OSMnx" visible="true" lon="72.9786888" lat="19.2173107" version="1" uid="1" timestamp="2026-04-09T19:16:40Z" /><node changeset="1" id="4214654654" user="OSMnx" visible="true" lon="72.9785912" lat="19.2172224" version="1" uid="1" timestamp="2026-04-09T19:16:40Z" /><node changeset="1" id="4214654655" user="OSMnx" visible="true" lon="72.9784936" lat="19.2171188" version="1" uid="1" timestamp="2026-04-09T19:16:40Z" /><node changeset="1" id="4214654656" user="OSMnx" visible="true" lon="72.9784123" lat="19.217019" version="1" uid="1" timestamp="2026-04-09T19:16:40Z" /><node changeset="1" id="4214654657" user="OSMnx" visible="true" lon="72.9782804" lat="19.2168427" version="1" uid="1" timestamp="2026-04-09T19:16:40Z" /><node changeset="1" id="4214654660" user="OSMnx" visible="true" lon="72.9799591" lat="19.2176771" version="1" uid="1" timestamp="2026-04-09T19:16:40Z" /><node changeset="1" id="4214654662" user="OSMnx" visible="true" lon="72.9828993" lat="19.2181616" version="1" uid="1" timestamp="2026-04-09T19:16:40Z" /><node changeset="1" id="4214654663" user="OSMnx" visible="true" lon="72.9778309" lat="19.2202361" version="1" uid="1" timestamp="2026-04-09T19:16:40Z" /><node changeset="1" id="4233520827" user="OSMnx" visible="true" lon="72.9786773" lat="19.2283376" version="1" uid="1" timestamp="2026-04-09T19:16:40Z" /><node changeset="1" id="4233520830" user="OSMnx" visible="true" lon="72.9770044" lat="19.2284309" version="1" uid="1" timestamp="2026-04-09T19:16:40Z" /><node changeset="1" id="4233520834" user="OSMnx" visible="true" lon="72.9841791" lat="19.2295135" version="1" uid="1" timestamp="2026-04-09T19:16:40Z" /><node changeset="1" id="4233520835" user="OSMnx" visible="true" lon="72.9801607" lat="19.2296253" version="1" uid="1" timestamp="2026-04-09T19:16:40Z" /><node changeset="1" id="4233520855" user="OSMnx" visible="true" lon="72.9794231" lat="19.2307448" version="1" uid="1" timestamp="2026-04-09T19:16:40Z" /><node changeset="1" id="4233520868" user="OSMnx" visible="true" lon="72.9818082" lat="19.2321088" version="1" uid="1" timestamp="2026-04-09T19:16:40Z" /><node changeset="1" id="4233520869" user="OSMnx" visible="true" lon="72.9821131" lat="19.2321573" version="1" uid="1" timestamp="2026-04-09T19:16:40Z" /><node changeset="1" id="4233520872" user="OSMnx" visible="true" lon="72.9824824" lat="19.2322058" version="1" uid="1" timestamp="2026-04-09T19:16:40Z" /><node changeset="1" id="4233520873" user="OSMnx" visible="true" lon="72.9829301" lat="19.2322786" version="1" uid="1" timestamp="2026-04-09T19:16:40Z" /><node changeset="1" id="4233520874" user="OSMnx" visible="true" lon="72.9807749" lat="19.2324466" version="1" uid="1" timestamp="2026-04-09T19:16:40Z" /><node changeset="1" id="4233520875" user="OSMnx" visible="true" lon="72.9784924" lat="19.2349031" version="1" uid="1" timestamp="2026-04-09T19:16:40Z" /><node changeset="1" id="4233520876" user="OSMnx" visible="true" lon="72.9776099" lat="19.2349614" version="1" uid="1" timestamp="2026-04-09T19:16:40Z" /><node changeset="1" id="4367331984" user="OSMnx" visible="true" lon="72.9602117" lat="19.2212228" version="1" uid="1" timestamp="2026-04-09T19:16:40Z" /><node changeset="1" id="4367331986" user="OSMnx" visible="true" lon="72.9600455" lat="19.2223411" version="1" uid="1" timestamp="2026-04-09T19:16:40Z" /><node changeset="1" id="4367331987" user="OSMnx" visible="true" lon="72.9606606" lat="19.2220289" version="1" uid="1" timestamp="2026-04-09T19:16:40Z" /><node changeset="1" id="4367349647" user="OSMnx" visible="true" lon="72.9628618" lat="19.2171406" version="1" uid="1" timestamp="2026-04-09T19:16:40Z" /><node changeset="1" id="4367349648" user="OSMnx" visible="true" lon="72.9634532" lat="19.2171698" version="1" uid="1" timestamp="2026-04-09T19:16:40Z" /><node changeset="1" id="4367349649" user="OSMnx" visible="true" lon="72.9633701" lat="19.216106" version="1" uid="1" timestamp="2026-04-09T19:16:40Z" /><node changeset="1" id="4367349650" user="OSMnx" visible="true" lon="72.962854" lat="19.2160366" version="1" uid="1" timestamp="2026-04-09T19:16:40Z" /><node changeset="1" id="4367349652" user="OSMnx" visible="true" lon="72.9613529" lat="19.2142099" version="1" uid="1" timestamp="2026-04-09T19:16:40Z" /><node changeset="1" id="4367349653" user="OSMnx" visible="true" lon="72.9601324" lat="19.2132186" version="1" uid="1" timestamp="2026-04-09T19:16:40Z" /><node changeset="1" id="4367349654" user="OSMnx" visible="true" lon="72.9613895" lat="19.2140775" version="1" uid="1" timestamp="2026-04-09T19:16:40Z" /><node changeset="1" id="4367349655" user="OSMnx" visible="true" lon="72.9630616" lat="19.2121296" version="1" uid="1" timestamp="2026-04-09T19:16:40Z" /><node changeset="1" id="4367349657" user="OSMnx" visible="true" lon="72.9639306" lat="19.2135758" version="1" uid="1" timestamp="2026-04-09T19:16:40Z" /><node changeset="1" id="4367349658" user="OSMnx" visible="true" lon="72.9629061" lat="19.2116053" version="1" uid="1" timestamp="2026-04-09T19:16:40Z" /><node changeset="1" id="4367349659" user="OSMnx" visible="true" lon="72.9633954" lat="19.211285" version="1" uid="1" timestamp="2026-04-09T19:16:40Z" /><node changeset="1" id="4367349660" user="OSMnx" visible="true" lon="72.9606977" lat="19.2114741" version="1" uid="1" timestamp="2026-04-09T19:16:40Z" /><node changeset="1" id="4367349665" user="OSMnx" visible="true" lon="72.961437" lat="19.2105423" version="1" uid="1" timestamp="2026-04-09T19:16:40Z" /><node changeset="1" id="4367360111" user="OSMnx" visible="true" lon="72.965035" lat="19.2157354" version="1" uid="1" timestamp="2026-04-09T19:16:40Z" /><node changeset="1" id="4367360112" user="OSMnx" visible="true" lon="72.965239" lat="19.2155095" version="1" uid="1" timestamp="2026-04-09T19:16:40Z" /><node changeset="1" id="4367360113" user="OSMnx" visible="true" lon="72.9662402" lat="19.2188574" version="1" uid="1" timestamp="2026-04-09T19:16:40Z" /><node changeset="1" id="4367360114" user="OSMnx" visible="true" lon="72.967581" lat="19.2186482" version="1" uid="1" timestamp="2026-04-09T19:16:40Z" /><node changeset="1" id="4367360115" user="OSMnx" visible="true" lon="72.9679075" lat="19.2186041" version="1" uid="1" timestamp="2026-04-09T19:16:40Z" /><node changeset="1" id="4367360116" user="OSMnx" visible="true" lon="72.9680108" lat="19.2189594" version="1" uid="1" timestamp="2026-04-09T19:16:40Z" /><node changeset="1" id="4367360117" user="OSMnx" visible="true" lon="72.9672807" lat="19.2168962" version="1" uid="1" timestamp="2026-04-09T19:16:40Z" /><node changeset="1" id="4367360118" user="OSMnx" visible="true" lon="72.9652744" lat="19.2168152" version="1" uid="1" timestamp="2026-04-09T19:16:40Z" /><node changeset="1" id="4367360119" user="OSMnx" visible="true" lon="72.9652071" lat="19.2173919" version="1" uid="1" timestamp="2026-04-09T19:16:40Z" /><node changeset="1" id="4367360120" user="OSMnx" visible="true" lon="72.966368" lat="19.2175991" version="1" uid="1" timestamp="2026-04-09T19:16:40Z" /><node changeset="1" id="4367360121" user="OSMnx" visible="true" lon="72.9666369" lat="19.2175924" version="1" uid="1" timestamp="2026-04-09T19:16:40Z" /><node changeset="1" id="4367360122" user="OSMnx" visible="true" lon="72.9669413" lat="19.2175723" version="1" uid="1" timestamp="2026-04-09T19:16:40Z" /><node changeset="1" id="4367360123" user="OSMnx" visible="true" lon="72.9673468" lat="19.2175118" version="1" uid="1" timestamp="2026-04-09T19:16:40Z" /><node changeset="1" id="4367360124" user="OSMnx" visible="true" lon="72.9681706" lat="19.2194243" version="1" uid="1" timestamp="2026-04-09T19:16:40Z" /><node changeset="1" id="4367360125" user="OSMnx" visible="true" lon="72.9687015" lat="19.2193173" version="1" uid="1" timestamp="2026-04-09T19:16:40Z" /><node changeset="1" id="4367360126" user="OSMnx" visible="true" lon="72.9692465" lat="19.2191502" version="1" uid="1" timestamp="2026-04-09T19:16:40Z" /><node changeset="1" id="4367360127" user="OSMnx" visible="true" lon="72.9696712" lat="19.2190566" version="1" uid="1" timestamp="2026-04-09T19:16:40Z" /><node changeset="1" id="4367360128" user="OSMnx" visible="true" lon="72.9699524" lat="19.219034" version="1" uid="1" timestamp="2026-04-09T19:16:40Z" /><node changeset="1" id="4367360141" user="OSMnx" visible="true" lon="72.9645735" lat="19.2197049" version="1" uid="1" timestamp="2026-04-09T19:16:40Z" /><node changeset="1" id="4367377422" user="OSMnx" visible="true" lon="72.9656969" lat="19.2290657" version="1" uid="1" timestamp="2026-04-09T19:16:40Z" /><node changeset="1" id="4367377432" user="OSMnx" visible="true" lon="72.9672844" lat="19.2259682" version="1" uid="1" timestamp="2026-04-09T19:16:40Z" /><node changeset="1" id="4367377435" user="OSMnx" visible="true" lon="72.9672951" lat="19.2253057" version="1" uid="1" timestamp="2026-04-09T19:16:40Z" /><node changeset="1" id="4367377448" user="OSMnx" visible="true" lon="72.9697773" lat="19.2247588" version="1" uid="1" timestamp="2026-04-09T19:16:40Z" /><node changeset="1" id="4367377453" user="OSMnx" visible="true" lon="72.9699158" lat="19.2254884" version="1" uid="1" timestamp="2026-04-09T19:16:40Z" /><node changeset="1" id="4367377454" user="OSMnx" visible="true" lon="72.968531" lat="19.2247078" version="1" uid="1" timestamp="2026-04-09T19:16:40Z" /><node changeset="1" id="4367377455" user="OSMnx" visible="true" lon="72.9686377" lat="19.2233888" version="1" uid="1" timestamp="2026-04-09T19:16:40Z" /><node changeset="1" id="4367377459" user="OSMnx" visible="true" lon="72.9801527" lat="19.2297267" version="1" uid="1" timestamp="2026-04-09T19:16:40Z" /><node changeset="1" id="4367377477" user="OSMnx" visible="true" lon="72.9812258" lat="19.2264945" version="1" uid="1" timestamp="2026-04-09T19:16:40Z" /><node changeset="1" id="4367377485" user="OSMnx" visible="true" lon="72.983315" lat="19.22161" version="1" uid="1" timestamp="2026-04-09T19:16:40Z" /><node changeset="1" id="4367377486" user="OSMnx" visible="true" lon="72.9837486" lat="19.2216981" version="1" uid="1" timestamp="2026-04-09T19:16:40Z" /><node changeset="1" id="4367380297" user="OSMnx" visible="true" lon="72.9892707" lat="19.2227334" version="1" uid="1" timestamp="2026-04-09T19:16:40Z" /><node changeset="1" id="4367380307" user="OSMnx" visible="true" lon="72.9883774" lat="19.2231095" version="1" uid="1" timestamp="2026-04-09T19:16:40Z" /><node changeset="1" id="4367380311" user="OSMnx" visible="true" lon="72.9882241" lat="19.2229344" version="1" uid="1" timestamp="2026-04-09T19:16:40Z"><tag k="highway" v="bus_stop" /></node><node changeset="1" id="4367380325" user="OSMnx" visible="true" lon="72.9898844" lat="19.2171658" version="1" uid="1" timestamp="2026-04-09T19:16:40Z" /><node changeset="1" id="4367380326" user="OSMnx" visible="true" lon="72.990295" lat="19.217012" version="1" uid="1" timestamp="2026-04-09T19:16:40Z" /><node changeset="1" id="4367380328" user="OSMnx" visible="true" lon="72.9903233" lat="19.2174064" version="1" uid="1" timestamp="2026-04-09T19:16:40Z" /><node changeset="1" id="4367380329" user="OSMnx" visible="true" lon="72.9901887" lat="19.2170519" version="1" uid="1" timestamp="2026-04-09T19:16:40Z" /><node changeset="1" id="4367380330" user="OSMnx" visible="true" lon="72.9862989" lat="19.2156413" version="1" uid="1" timestamp="2026-04-09T19:16:40Z" /><node changeset="1" id="4367380331" user="OSMnx" visible="true" lon="72.9864746" lat="19.2156248" version="1" uid="1" timestamp="2026-04-09T19:16:40Z" /><node changeset="1" id="4367380332" user="OSMnx" visible="true" lon="72.9867388" lat="19.2156501" version="1" uid="1" timestamp="2026-04-09T19:16:40Z" /><node changeset="1" id="4367380333" user="OSMnx" visible="true" lon="72.9873236" lat="19.2155957" version="1" uid="1" timestamp="2026-04-09T19:16:40Z" /><node changeset="1" id="4367380334" user="OSMnx" visible="true" lon="72.9873598" lat="19.2156071" version="1" uid="1" timestamp="2026-04-09T19:16:40Z" /><node changeset="1" id="4367392469" user="OSMnx" visible="true" lon="72.9826654" lat="19.2074169" version="1" uid="1" timestamp="2026-04-09T19:16:40Z" /><node changeset="1" id="4367392472" user="OSMnx" visible="true" lon="72.9805573" lat="19.2061004" version="1" uid="1" timestamp="2026-04-09T19:16:40Z" /><node changeset="1" id="4367392473" user="OSMnx" visible="true" lon="72.9805609" lat="19.2054174" version="1" uid="1" timestamp="2026-04-09T19:16:40Z" /><node changeset="1" id="4367392474" user="OSMnx" visible="true" lon="72.9807643" lat="19.2053972" version="1" uid="1" timestamp="2026-04-09T19:16:40Z" /><node changeset="1" id="4367392475" user="OSMnx" visible="true" lon="72.9804382" lat="19.2066253" version="1" uid="1" timestamp="2026-04-09T19:16:40Z" /><node changeset="1" id="4367392476" user="OSMnx" visible="true" lon="72.9794262" lat="19.2066848" version="1" uid="1" timestamp="2026-04-09T19:16:40Z" /><node changeset="1" id="4367392477" user="OSMnx" visible="true" lon="72.9793918" lat="19.206162" version="1" uid="1" timestamp="2026-04-09T19:16:40Z" /><node changeset="1" id="4367392478" user="OSMnx" visible="true" lon="72.9785016" lat="19.2072875" version="1" uid="1" timestamp="2026-04-09T19:16:40Z" /><node changeset="1" id="4367392899" user="OSMnx" visible="true" lon="72.9732772" lat="19.2052268" version="1" uid="1" timestamp="2026-04-09T19:16:40Z" /><node changeset="1" id="4367392900" user="OSMnx" visible="true" lon="72.973263" lat="19.2048156" version="1" uid="1" timestamp="2026-04-09T19:16:40Z" /><node changeset="1" id="4367392901" user="OSMnx" visible="true" lon="72.9731709" lat="19.2045482" version="1" uid="1" timestamp="2026-04-09T19:16:40Z" /><node changeset="1" id="4367392902" user="OSMnx" visible="true" lon="72.9731189" lat="19.2043173" version="1" uid="1" timestamp="2026-04-09T19:16:40Z" /><node changeset="1" id="4367392903" user="OSMnx" visible="true" lon="72.9730081" lat="19.2042808" version="1" uid="1" timestamp="2026-04-09T19:16:40Z" /><node changeset="1" id="4367392904" user="OSMnx" visible="true" lon="72.973186" lat="19.203356" version="1" uid="1" timestamp="2026-04-09T19:16:40Z" /><node changeset="1" id="4367392905" user="OSMnx" visible="true" lon="72.9730458" lat="19.2043097" version="1" uid="1" timestamp="2026-04-09T19:16:40Z" /><node changeset="1" id="4367392907" user="OSMnx" visible="true" lon="72.9713385" lat="19.2040402" version="1" uid="1" timestamp="2026-04-09T19:16:40Z" /><node changeset="1" id="4367392908" user="OSMnx" visible="true" lon="72.9713557" lat="19.2039103" version="1" uid="1" timestamp="2026-04-09T19:16:40Z" /><node changeset="1" id="4367392909" user="OSMnx" visible="true" lon="72.9712751" lat="19.2036674" version="1" uid="1" timestamp="2026-04-09T19:16:40Z" /><node changeset="1" id="4367392910" user="OSMnx" visible="true" lon="72.9724855" lat="19.2050562" version="1" uid="1" timestamp="2026-04-09T19:16:40Z" /><node changeset="1" id="4367392911" user="OSMnx" visible="true" lon="72.9714316" lat="19.2035957" version="1" uid="1" timestamp="2026-04-09T19:16:40Z" /><node changeset="1" id="4367564017" user="OSMnx" visible="true" lon="72.9609395" lat="19.200688" version="1" uid="1" timestamp="2026-04-09T19:16:40Z" /><node changeset="1" id="4367564018" user="OSMnx" visible="true" lon="72.9608777" lat="19.2005841" version="1" uid="1" timestamp="2026-04-09T19:16:40Z" /><node changeset="1" id="4367564019" user="OSMnx" visible="true" lon="72.9604571" lat="19.2004857" version="1" uid="1" timestamp="2026-04-09T19:16:40Z" /><node changeset="1" id="4367564023" user="OSMnx" visible="true" lon="72.9602864" lat="19.2001903" version="1" uid="1" timestamp="2026-04-09T19:16:40Z" /><node changeset="1" id="4367564024" user="OSMnx" visible="true" lon="72.9600266" lat="19.1998646" version="1" uid="1" timestamp="2026-04-09T19:16:40Z" /><node changeset="1" id="4367564025" user="OSMnx" visible="true" lon="72.9599792" lat="19.1997302" version="1" uid="1" timestamp="2026-04-09T19:16:40Z" /><node changeset="1" id="4367564026" user="OSMnx" visible="true" lon="72.9599792" lat="19.1995883" version="1" uid="1" timestamp="2026-04-09T19:16:40Z" /><node changeset="1" id="4367564038" user="OSMnx" visible="true" lon="72.9610663" lat="19.2005397" version="1" uid="1" timestamp="2026-04-09T19:16:40Z" /><node changeset="1" id="4367564039" user="OSMnx" visible="true" lon="72.9610078" lat="19.2004075" version="1" uid="1" timestamp="2026-04-09T19:16:40Z" /><node changeset="1" id="4367564040" user="OSMnx" visible="true" lon="72.9609286" lat="19.2001332" version="1" uid="1" timestamp="2026-04-09T19:16:40Z" /><node changeset="1" id="4367564041" user="OSMnx" visible="true" lon="72.9609318" lat="19.1999219" version="1" uid="1" timestamp="2026-04-09T19:16:40Z" /><node changeset="1" id="4367564042" user="OSMnx" visible="true" lon="72.9609383" lat="19.1995639" version="1" uid="1" timestamp="2026-04-09T19:16:40Z" /><node changeset="1" id="4367564054" user="OSMnx" visible="true" lon="72.9628893" lat="19.2029228" version="1" uid="1" timestamp="2026-04-09T19:16:40Z" /><node changeset="1" id="4367564056" user="OSMnx" visible="true" lon="72.9630122" lat="19.2026529" version="1" uid="1" timestamp="2026-04-09T19:16:40Z" /><node changeset="1" id="4367754368" user="OSMnx" visible="true" lon="72.9826459" lat="19.2150888" version="1" uid="1" timestamp="2026-04-09T19:16:40Z" /><node changeset="1" id="4367754369" user="OSMnx" visible="true" lon="72.9820282" lat="19.2150798" version="1" uid="1" timestamp="2026-04-09T19:16:40Z" /><node changeset="1" id="4367754370" user="OSMnx" visible="true" lon="72.9818427" lat="19.2150632" version="1" uid="1" timestamp="2026-04-09T19:16:40Z" /><node changeset="1" id="4367754371" user="OSMnx" visible="true" lon="72.9815599" lat="19.2147878" version="1" uid="1" timestamp="2026-04-09T19:16:40Z" /><node changeset="1" id="4367754372" user="OSMnx" visible="true" lon="72.9814506" lat="19.214453" version="1" uid="1" timestamp="2026-04-09T19:16:40Z" /><node changeset="1" id="4367762013" user="OSMnx" visible="true" lon="72.982304" lat="19.2136497" version="1" uid="1" timestamp="2026-04-09T19:16:40Z" /><node changeset="1" id="4367762014" user="OSMnx" visible="true" lon="72.9824489" lat="19.2135687" version="1" uid="1" timestamp="2026-04-09T19:16:40Z" /><node changeset="1" id="4367762015" user="OSMnx" visible="true" lon="72.9824757" lat="19.213442" version="1" uid="1" timestamp="2026-04-09T19:16:40Z" /><node changeset="1" id="4367762016" user="OSMnx" visible="true" lon="72.9831715" lat="19.2132505" version="1" uid="1" timestamp="2026-04-09T19:16:40Z" /><node changeset="1" id="4367762017" user="OSMnx" visible="true" lon="72.9833414" lat="19.2133626" version="1" uid="1" timestamp="2026-04-09T19:16:40Z" /><node changeset="1" id="4367762018" user="OSMnx" visible="true" lon="72.983273" lat="19.2134426" version="1" uid="1" timestamp="2026-04-09T19:16:40Z" /><node changeset="1" id="4367762019" user="OSMnx" visible="true" lon="72.9830223" lat="19.2135164" version="1" uid="1" timestamp="2026-04-09T19:16:40Z" /><node changeset="1" id="4367762020" user="OSMnx" visible="true" lon="72.9828529" lat="19.2135318" version="1" uid="1" timestamp="2026-04-09T19:16:40Z" /><node changeset="1" id="4367762021" user="OSMnx" visible="true" lon="72.9827324" lat="19.2134241" version="1" uid="1" timestamp="2026-04-09T19:16:40Z" /><node changeset="1" id="4367762022" user="OSMnx" visible="true" lon="72.9826966" lat="19.213335" version="1" uid="1" timestamp="2026-04-09T19:16:40Z" /><node changeset="1" id="4367762023" user="OSMnx" visible="true" lon="72.9827911" lat="19.2132735" version="1" uid="1" timestamp="2026-04-09T19:16:40Z" /><node changeset="1" id="4367762024" user="OSMnx" visible="true" lon="72.9828822" lat="19.2131996" version="1" uid="1" timestamp="2026-04-09T19:16:40Z" /><node changeset="1" id="4367762025" user="OSMnx" visible="true" lon="72.9829821" lat="19.21315" version="1" uid="1" timestamp="2026-04-09T19:16:40Z" /><node changeset="1" id="4367762026" user="OSMnx" visible="true" lon="72.9830223" lat="19.2131942" version="1" uid="1" timestamp="2026-04-09T19:16:40Z" /><node changeset="1" id="4367762027" user="OSMnx" visible="true" lon="72.9824121" lat="19.2133521" version="1" uid="1" timestamp="2026-04-09T19:16:40Z" /><node changeset="1" id="4367762028" user="OSMnx" visible="true" lon="72.9825207" lat="19.2133104" version="1" uid="1" timestamp="2026-04-09T19:16:40Z" /><node changeset="1" id="4367762029" user="OSMnx" visible="true" lon="72.9827066" lat="19.2133285" version="1" uid="1" timestamp="2026-04-09T19:16:40Z" /><node changeset="1" id="4367762030" user="OSMnx" visible="true" lon="72.9826315" lat="19.2136548" version="1" uid="1" timestamp="2026-04-09T19:16:40Z" /><node changeset="1" id="4367762031" user="OSMnx" visible="true" lon="72.9827259" lat="19.213581" version="1" uid="1" timestamp="2026-04-09T19:16:40Z" /><node changeset="1" id="4367762032" user="OSMnx" visible="true" lon="72.982788" lat="19.2135079" version="1" uid="1" timestamp="2026-04-09T19:16:40Z" /><node changeset="1" id="4367762033" user="OSMnx" visible="true" lon="72.9823228" lat="19.2129934" version="1" uid="1" timestamp="2026-04-09T19:16:40Z" /><node changeset="1" id="4367762034" user="OSMnx" visible="true" lon="72.9824784" lat="19.2129967" version="1" uid="1" timestamp="2026-04-09T19:16:40Z" /><node changeset="1" id="4367762035" user="OSMnx" visible="true" lon="72.9826836" lat="19.2129967" version="1" uid="1" timestamp="2026-04-09T19:16:40Z" /><node changeset="1" id="4367762036" user="OSMnx" visible="true" lon="72.9828594" lat="19.2130244" version="1" uid="1" timestamp="2026-04-09T19:16:40Z" /><node changeset="1" id="4367762037" user="OSMnx" visible="true" lon="72.9829485" lat="19.2131081" version="1" uid="1" timestamp="2026-04-09T19:16:40Z" /><node changeset="1" id="4367762038" user="OSMnx" visible="true" lon="72.9793519" lat="19.2135595" version="1" uid="1" timestamp="2026-04-09T19:16:40Z" /><node changeset="1" id="4367762039" user="OSMnx" visible="true" lon="72.9795376" lat="19.2139531" version="1" uid="1" timestamp="2026-04-09T19:16:40Z" /><node changeset="1" id="4367762040" user="OSMnx" visible="true" lon="72.979632" lat="19.2142237" version="1" uid="1" timestamp="2026-04-09T19:16:40Z" /><node changeset="1" id="4367762041" user="OSMnx" visible="true" lon="72.9796386" lat="19.2146015" version="1" uid="1" timestamp="2026-04-09T19:16:40Z" /><node changeset="1" id="4367762045" user="OSMnx" visible="true" lon="72.9809037" lat="19.2145428" version="1" uid="1" timestamp="2026-04-09T19:16:40Z" /><node changeset="1" id="4367762046" user="OSMnx" visible="true" lon="72.9809332" lat="19.2032722" version="1" uid="1" timestamp="2026-04-09T19:16:40Z" /><node changeset="1" id="4367762047" user="OSMnx" visible="true" lon="72.981137" lat="19.2032418" version="1" uid="1" timestamp="2026-04-09T19:16:40Z" /><node changeset="1" id="4367762048" user="OSMnx" visible="true" lon="72.9814213" lat="19.2032621" version="1" uid="1" timestamp="2026-04-09T19:16:40Z" /><node changeset="1" id="4367762049" user="OSMnx" visible="true" lon="72.9816413" lat="19.2033532" version="1" uid="1" timestamp="2026-04-09T19:16:40Z" /><node changeset="1" id="4367762050" user="OSMnx" visible="true" lon="72.9818666" lat="19.2035154" version="1" uid="1" timestamp="2026-04-09T19:16:40Z" /><node changeset="1" id="4367762051" user="OSMnx" visible="true" lon="72.9821831" lat="19.2038142" version="1" uid="1" timestamp="2026-04-09T19:16:40Z" /><node changeset="1" id="4367762052" user="OSMnx" visible="true" lon="72.982395" lat="19.2040726" version="1" uid="1" timestamp="2026-04-09T19:16:40Z" /><node changeset="1" id="4367762053" user="OSMnx" visible="true" lon="72.9825082" lat="19.2042601" version="1" uid="1" timestamp="2026-04-09T19:16:40Z" /><node changeset="1" id="4367762056" user="OSMnx" visible="true" lon="72.982729" lat="19.2046458" version="1" uid="1" timestamp="2026-04-09T19:16:40Z" /><node changeset="1" id="4367762057" user="OSMnx" visible="true" lon="72.9830522" lat="19.2042018" version="1" uid="1" timestamp="2026-04-09T19:16:40Z" /><node changeset="1" id="4367762058" user="OSMnx" visible="true" lon="72.9830253" lat="19.2041182" version="1" uid="1" timestamp="2026-04-09T19:16:40Z" /><node changeset="1" id="4367762059" user="OSMnx" visible="true" lon="72.9829743" lat="19.2040093" version="1" uid="1" timestamp="2026-04-09T19:16:40Z" /><node changeset="1" id="4367762060" user="OSMnx" visible="true" lon="72.9829824" lat="19.2037744" version="1" uid="1" timestamp="2026-04-09T19:16:40Z" /><node changeset="1" id="4367762061" user="OSMnx" visible="true" lon="72.9830199" lat="19.203718" version="1" uid="1" timestamp="2026-04-09T19:16:40Z" /><node changeset="1" id="4367762062" user="OSMnx" visible="true" lon="72.9834384" lat="19.2046349" version="1" uid="1" timestamp="2026-04-09T19:16:40Z" /><node changeset="1" id="4367762063" user="OSMnx" visible="true" lon="72.9839051" lat="19.2046096" version="1" uid="1" timestamp="2026-04-09T19:16:40Z" /><node changeset="1" id="4367762065" user="OSMnx" visible="true" lon="72.9856861" lat="19.2026058" version="1" uid="1" timestamp="2026-04-09T19:16:40Z" /><node changeset="1" id="4367762066" user="OSMnx" visible="true" lon="72.985629" lat="19.2036197" version="1" uid="1" timestamp="2026-04-09T19:16:40Z" /><node changeset="1" id="4367767536" user="OSMnx" visible="true" lon="72.9795515" lat="19.2024922" version="1" uid="1" timestamp="2026-04-09T19:16:40Z" /><node changeset="1" id="4367767537" user="OSMnx" visible="true" lon="72.980064" lat="19.2024421" version="1" uid="1" timestamp="2026-04-09T19:16:40Z" /><node changeset="1" id="4367767538" user="OSMnx" visible="true" lon="72.9803056" lat="19.2025235" version="1" uid="1" timestamp="2026-04-09T19:16:40Z" /><node changeset="1" id="4367767539" user="OSMnx" visible="true" lon="72.9804075" lat="19.2026071" version="1" uid="1" timestamp="2026-04-09T19:16:40Z" /><node changeset="1" id="4367767540" user="OSMnx" visible="true" lon="72.9804309" lat="19.2031446" version="1" uid="1" timestamp="2026-04-09T19:16:40Z" /><node changeset="1" id="4367767541" user="OSMnx" visible="true" lon="72.9797019" lat="19.2030604" version="1" uid="1" timestamp="2026-04-09T19:16:40Z" /><node changeset="1" id="4367767542" user="OSMnx" visible="true" lon="72.9764056" lat="19.2026286" version="1" uid="1" timestamp="2026-04-09T19:16:40Z" /><node changeset="1" id="4367767543" user="OSMnx" visible="true" lon="72.9765207" lat="19.2025756" version="1" uid="1" timestamp="2026-04-09T19:16:40Z" /><node changeset="1" id="4367767544" user="OSMnx" visible="true" lon="72.9767858" lat="19.2025088" version="1" uid="1" timestamp="2026-04-09T19:16:40Z" /><node changeset="1" id="4367767545" user="OSMnx" visible="true" lon="72.9773778" lat="19.2024087" version="1" uid="1" timestamp="2026-04-09T19:16:40Z" /><node changeset="1" id="4367767546" user="OSMnx" visible="true" lon="72.9779426" lat="19.202419" version="1" uid="1" timestamp="2026-04-09T19:16:40Z" /><node changeset="1" id="4367767547" user="OSMnx" visible="true" lon="72.978282" lat="19.2024075" version="1" uid="1" timestamp="2026-04-09T19:16:40Z" /><node changeset="1" id="4367767548" user="OSMnx" visible="true" lon="72.9785824" lat="19.2023074" version="1" uid="1" timestamp="2026-04-09T19:16:40Z" /><node changeset="1" id="4367767549" user="OSMnx" visible="true" lon="72.9790314" lat="19.2022513" version="1" uid="1" timestamp="2026-04-09T19:16:40Z" /><node changeset="1" id="4368932802" user="OSMnx" visible="true" lon="72.9773997" lat="19.2048072" version="1" uid="1" timestamp="2026-04-09T19:16:40Z" /><node changeset="1" id="4368932806" user="OSMnx" visible="true" lon="72.977276" lat="19.2043738" version="1" uid="1" timestamp="2026-04-09T19:16:40Z" /><node changeset="1" id="4368932807" user="OSMnx" visible="true" lon="72.9751854" lat="19.204741" version="1" uid="1" timestamp="2026-04-09T19:16:40Z" /><node changeset="1" id="4368932808" user="OSMnx" visible="true" lon="72.9751677" lat="19.2049496" version="1" uid="1" timestamp="2026-04-09T19:16:40Z" /><node changeset="1" id="4368932809" user="OSMnx" visible="true" lon="72.9751603" lat="19.204316" version="1" uid="1" timestamp="2026-04-09T19:16:40Z" /><node changeset="1" id="4368932810" user="OSMnx" visible="true" lon="72.9756537" lat="19.2043488" version="1" uid="1" timestamp="2026-04-09T19:16:40Z" /><node changeset="1" id="4368932811" user="OSMnx" visible="true" lon="72.9756272" lat="19.2045491" version="1" uid="1" timestamp="2026-04-09T19:16:40Z" /><node changeset="1" id="4368932831" user="OSMnx" visible="true" lon="72.9692324" lat="19.209756" version="1" uid="1" timestamp="2026-04-09T19:16:40Z" /><node changeset="1" id="4368932832" user="OSMnx" visible="true" lon="72.9692693" lat="19.2101467" version="1" uid="1" timestamp="2026-04-09T19:16:40Z" /><node changeset="1" id="4368948841" user="OSMnx" visible="true" lon="72.9654743" lat="19.2279513" version="1" uid="1" timestamp="2026-04-09T19:16:40Z" /><node changeset="1" id="4368948842" user="OSMnx" visible="true" lon="72.9618285" lat="19.214015" version="1" uid="1" timestamp="2026-04-09T19:16:40Z" /><node changeset="1" id="4368948843" user="OSMnx" visible="true" lon="72.9614687" lat="19.2138363" version="1" uid="1" timestamp="2026-04-09T19:16:40Z" /><node changeset="1" id="4415553700" user="OSMnx" visible="true" lon="72.9758568" lat="19.2352664" version="1" uid="1" timestamp="2026-04-09T19:16:40Z" /><node changeset="1" id="4415730978" user="OSMnx" visible="true" lon="72.9771913" lat="19.2284282" version="1" uid="1" timestamp="2026-04-09T19:16:40Z" /><node changeset="1" id="4467057269" user="OSMnx" visible="true" lon="72.969441" lat="19.2101048" version="1" uid="1" timestamp="2026-04-09T19:16:40Z" /><node changeset="1" id="4585364193" user="OSMnx" visible="true" lon="72.962506" lat="19.2000703" version="1" uid="1" timestamp="2026-04-09T19:16:40Z"><tag k="highway" v="bus_stop" /></node><node changeset="1" id="4631839948" user="OSMnx" visible="true" lon="72.9752805" lat="19.2134773" version="1" uid="1" timestamp="2026-04-09T19:16:40Z" /><node changeset="1" id="4728991938" user="OSMnx" visible="true" lon="72.9760637" lat="19.2192793" version="1" uid="1" timestamp="2026-04-09T19:16:40Z" /><node changeset="1" id="4728991939" user="OSMnx" visible="true" lon="72.9765052" lat="19.2189911" version="1" uid="1" timestamp="2026-04-09T19:16:40Z" /><node changeset="1" id="4728991941" user="OSMnx" visible="true" lon="72.9765499" lat="19.2189251" version="1" uid="1" timestamp="2026-04-09T19:16:40Z" /><node changeset="1" id="4728991942" user="OSMnx" visible="true" lon="72.9766918" lat="19.2185795" version="1" uid="1" timestamp="2026-04-09T19:16:40Z" /><node changeset="1" id="4728991943" user="OSMnx" visible="true" lon="72.9779234" lat="19.2188585" version="1" uid="1" timestamp="2026-04-09T19:16:40Z" /><node changeset="1" id="4946969889" user="OSMnx" visible="true" lon="72.9977836" lat="19.2258374" version="1" uid="1" timestamp="2026-04-09T19:16:40Z" /><node changeset="1" id="4946969891" user="OSMnx" visible="true" lon="72.9907917" lat="19.2221621" version="1" uid="1" timestamp="2026-04-09T19:16:40Z" /><node changeset="1" id="4946969892" user="OSMnx" visible="true" lon="72.9912576" lat="19.2226032" version="1" uid="1" timestamp="2026-04-09T19:16:40Z" /><node changeset="1" id="4946969893" user="OSMnx" visible="true" lon="72.9920442" lat="19.2231059" version="1" uid="1" timestamp="2026-04-09T19:16:40Z" /><node changeset="1" id="4946969894" user="OSMnx" visible="true" lon="72.9927908" lat="19.223555" version="1" uid="1" timestamp="2026-04-09T19:16:40Z" /><node changeset="1" id="5289546983" user="OSMnx" visible="true" lon="72.9780342" lat="19.2200386" version="1" uid="1" timestamp="2026-04-09T19:16:40Z" /><node changeset="1" id="5355360560" user="OSMnx" visible="true" lon="72.9785345" lat="19.2173879" version="1" uid="1" timestamp="2026-04-09T19:16:40Z" /><node changeset="1" id="5355360562" user="OSMnx" visible="true" lon="72.977475" lat="19.2136171" version="1" uid="1" timestamp="2026-04-09T19:16:40Z" /><node changeset="1" id="5355360563" user="OSMnx" visible="true" lon="72.9774922" lat="19.2137149" version="1" uid="1" timestamp="2026-04-09T19:16:40Z" /><node changeset="1" id="5355360565" user="OSMnx" visible="true" lon="72.9776233" lat="19.2142012" version="1" uid="1" timestamp="2026-04-09T19:16:40Z" /><node changeset="1" id="5355360566" user="OSMnx" visible="true" lon="72.9776574" lat="19.2144235" version="1" uid="1" timestamp="2026-04-09T19:16:40Z" /><node changeset="1" id="5355360567" user="OSMnx" visible="true" lon="72.9776838" lat="19.2146917" version="1" uid="1" timestamp="2026-04-09T19:16:40Z" /><node changeset="1" id="5355360568" user="OSMnx" visible="true" lon="72.9777092" lat="19.2152449" version="1" uid="1" timestamp="2026-04-09T19:16:40Z" /><node changeset="1" id="5355360569" user="OSMnx" visible="true" lon="72.9777253" lat="19.2153614" version="1" uid="1" timestamp="2026-04-09T19:16:40Z" /><node changeset="1" id="5355360570" user="OSMnx" visible="true" lon="72.9777404" lat="19.2154709" version="1" uid="1" timestamp="2026-04-09T19:16:40Z" /><node changeset="1" id="5355360573" user="OSMnx" visible="true" lon="72.9777482" lat="19.2158721" version="1" uid="1" timestamp="2026-04-09T19:16:40Z" /><node changeset="1" id="5355360574" user="OSMnx" visible="true" lon="72.9776233" lat="19.2152626" version="1" uid="1" timestamp="2026-04-09T19:16:40Z" /><node changeset="1" id="5355360581" user="OSMnx" visible="true" lon="72.9771915" lat="19.2126855" version="1" uid="1" timestamp="2026-04-09T19:16:40Z" /><node changeset="1" id="5355360582" user="OSMnx" visible="true" lon="72.9812735" lat="19.2113137" version="1" uid="1" timestamp="2026-04-09T19:16:40Z" /><node changeset="1" id="5355360583" user="OSMnx" visible="true" lon="72.9812893" lat="19.2114251" version="1" uid="1" timestamp="2026-04-09T19:16:40Z" /><node changeset="1" id="5355360585" user="OSMnx" visible="true" lon="72.9854066" lat="19.2108648" version="1" uid="1" timestamp="2026-04-09T19:16:40Z" /><node changeset="1" id="5355360586" user="OSMnx" visible="true" lon="72.9859725" lat="19.2110616" version="1" uid="1" timestamp="2026-04-09T19:16:40Z" /><node changeset="1" id="5355360587" user="OSMnx" visible="true" lon="72.9859058" lat="19.2106799" version="1" uid="1" timestamp="2026-04-09T19:16:40Z" /><node changeset="1" id="5355360589" user="OSMnx" visible="true" lon="72.9844144" lat="19.2110593" version="1" uid="1" timestamp="2026-04-09T19:16:40Z" /><node changeset="1" id="5355360590" user="OSMnx" visible="true" lon="72.9789269" lat="19.2123524" version="1" uid="1" timestamp="2026-04-09T19:16:40Z" /><node changeset="1" id="5355360602" user="OSMnx" visible="true" lon="72.9757784" lat="19.2112978" version="1" uid="1" timestamp="2026-04-09T19:16:40Z" /><node changeset="1" id="5355360603" user="OSMnx" visible="true" lon="72.9759751" lat="19.2114824" version="1" uid="1" timestamp="2026-04-09T19:16:40Z" /><node changeset="1" id="5355360604" user="OSMnx" visible="true" lon="72.976006" lat="19.2114482" version="1" uid="1" timestamp="2026-04-09T19:16:40Z" /><node changeset="1" id="5355360606" user="OSMnx" visible="true" lon="72.9808795" lat="19.2110835" version="1" uid="1" timestamp="2026-04-09T19:16:40Z" /><node changeset="1" id="5355360607" user="OSMnx" visible="true" lon="72.9810727" lat="19.2110531" version="1" uid="1" timestamp="2026-04-09T19:16:40Z" /><node changeset="1" id="5428585550" user="OSMnx" visible="true" lon="72.9740822" lat="19.2187249" version="1" uid="1" timestamp="2026-04-09T19:16:40Z" /><node changeset="1" id="5428585551" user="OSMnx" visible="true" lon="72.9745743" lat="19.2187945" version="1" uid="1" timestamp="2026-04-09T19:16:40Z" /><node changeset="1" id="5428585552" user="OSMnx" visible="true" lon="72.9748493" lat="19.2187901" version="1" uid="1" timestamp="2026-04-09T19:16:40Z" /><node changeset="1" id="5428585553" user="OSMnx" visible="true" lon="72.9750545" lat="19.2188123" version="1" uid="1" timestamp="2026-04-09T19:16:40Z" /><node changeset="1" id="5428585554" user="OSMnx" visible="true" lon="72.9753696" lat="19.218918" version="1" uid="1" timestamp="2026-04-09T19:16:40Z" /><node changeset="1" id="5428585555" user="OSMnx" visible="true" lon="72.9754561" lat="19.2189427" version="1" uid="1" timestamp="2026-04-09T19:16:40Z" /><node changeset="1" id="5428585556" user="OSMnx" visible="true" lon="72.9758088" lat="19.218873" version="1" uid="1" timestamp="2026-04-09T19:16:40Z" /><node changeset="1" id="5428585557" user="OSMnx" visible="true" lon="72.9760053" lat="19.2188154" version="1" uid="1" timestamp="2026-04-09T19:16:40Z" /><node changeset="1" id="5428586522" user="OSMnx" visible="true" lon="72.9758243" lat="19.2184773" version="1" uid="1" timestamp="2026-04-09T19:16:40Z" /><node changeset="1" id="5428586524" user="OSMnx" visible="true" lon="72.9759819" lat="19.2184931" version="1" uid="1" timestamp="2026-04-09T19:16:40Z" /><node changeset="1" id="5428645255" user="OSMnx" visible="true" lon="72.9727524" lat="19.2178587" version="1" uid="1" timestamp="2026-04-09T19:16:40Z" /><node changeset="1" id="5428645256" user="OSMnx" visible="true" lon="72.9733479" lat="19.2180106" version="1" uid="1" timestamp="2026-04-09T19:16:40Z" /><node changeset="1" id="5428645257" user="OSMnx" visible="true" lon="72.973702" lat="19.2180664" version="1" uid="1" timestamp="2026-04-09T19:16:40Z" /><node changeset="1" id="5428645258" user="OSMnx" visible="true" lon="72.9741552" lat="19.2181778" version="1" uid="1" timestamp="2026-04-09T19:16:40Z" /><node changeset="1" id="5428645259" user="OSMnx" visible="true" lon="72.9743752" lat="19.2182563" version="1" uid="1" timestamp="2026-04-09T19:16:40Z" /><node changeset="1" id="5428645260" user="OSMnx" visible="true" lon="72.9751083" lat="19.218418" version="1" uid="1" timestamp="2026-04-09T19:16:40Z" /><node changeset="1" id="5428645261" user="OSMnx" visible="true" lon="72.9751423" lat="19.2184184" version="1" uid="1" timestamp="2026-04-09T19:16:40Z" /><node changeset="1" id="5428645262" user="OSMnx" visible="true" lon="72.975491" lat="19.2184665" version="1" uid="1" timestamp="2026-04-09T19:16:40Z" /><node changeset="1" id="5640025265" user="OSMnx" visible="true" lon="72.9630375" lat="19.2115318" version="1" uid="1" timestamp="2026-04-09T19:16:40Z" /><node changeset="1" id="5640025266" user="OSMnx" visible="true" lon="72.963185" lat="19.2121067" version="1" uid="1" timestamp="2026-04-09T19:16:40Z" /><node changeset="1" id="5703941551" user="OSMnx" visible="true" lon="72.9916289" lat="19.2206541" version="1" uid="1" timestamp="2026-04-09T19:16:40Z" /><node changeset="1" id="5703941552" user="OSMnx" visible="true" lon="72.9917346" lat="19.2207178" version="1" uid="1" timestamp="2026-04-09T19:16:40Z" /><node changeset="1" id="5703941553" user="OSMnx" visible="true" lon="72.9918814" lat="19.2209567" version="1" uid="1" timestamp="2026-04-09T19:16:40Z" /><node changeset="1" id="5703941554" user="OSMnx" visible="true" lon="72.9935133" lat="19.2227695" version="1" uid="1" timestamp="2026-04-09T19:16:40Z" /><node changeset="1" id="5703941555" user="OSMnx" visible="true" lon="72.9944972" lat="19.223351" version="1" uid="1" timestamp="2026-04-09T19:16:40Z" /><node changeset="1" id="5703941556" user="OSMnx" visible="true" lon="72.9948723" lat="19.2235599" version="1" uid="1" timestamp="2026-04-09T19:16:40Z" /><node changeset="1" id="5703941557" user="OSMnx" visible="true" lon="72.9952546" lat="19.2237437" version="1" uid="1" timestamp="2026-04-09T19:16:40Z" /><node changeset="1" id="5703941558" user="OSMnx" visible="true" lon="72.9954935" lat="19.2238155" version="1" uid="1" timestamp="2026-04-09T19:16:40Z" /><node changeset="1" id="5703941559" user="OSMnx" visible="true" lon="72.9959239" lat="19.2239841" version="1" uid="1" timestamp="2026-04-09T19:16:40Z" /><node changeset="1" id="5703941560" user="OSMnx" visible="true" lon="72.9907482" lat="19.2168876" version="1" uid="1" timestamp="2026-04-09T19:16:40Z" /><node changeset="1" id="5703941576" user="OSMnx" visible="true" lon="72.9873772" lat="19.2156489" version="1" uid="1" timestamp="2026-04-09T19:16:40Z" /><node changeset="1" id="5703991620" user="OSMnx" visible="true" lon="72.9834273" lat="19.2222504" version="1" uid="1" timestamp="2026-04-09T19:16:40Z" /><node changeset="1" id="5703993926" user="OSMnx" visible="true" lon="72.983771" lat="19.2257176" version="1" uid="1" timestamp="2026-04-09T19:16:40Z" /><node changeset="1" id="5703993927" user="OSMnx" visible="true" lon="72.9834142" lat="19.2259987" version="1" uid="1" timestamp="2026-04-09T19:16:40Z" /><node changeset="1" id="5741268810" user="OSMnx" visible="true" lon="72.9713465" lat="19.2226036" version="1" uid="1" timestamp="2026-04-09T19:16:40Z" /><node changeset="1" id="5741268811" user="OSMnx" visible="true" lon="72.9718585" lat="19.2225298" version="1" uid="1" timestamp="2026-04-09T19:16:40Z" /><node changeset="1" id="5741268812" user="OSMnx" visible="true" lon="72.972109" lat="19.2225312" version="1" uid="1" timestamp="2026-04-09T19:16:40Z" /><node changeset="1" id="5741272927" user="OSMnx" visible="true" lon="72.9780614" lat="19.2168847" version="1" uid="1" timestamp="2026-04-09T19:16:40Z" /><node changeset="1" id="5741272928" user="OSMnx" visible="true" lon="72.9783439" lat="19.2176564" version="1" uid="1" timestamp="2026-04-09T19:16:40Z" /><node changeset="1" id="5741275294" user="OSMnx" visible="true" lon="72.9785309" lat="19.2184949" version="1" uid="1" timestamp="2026-04-09T19:16:40Z" /><node changeset="1" id="5769694562" user="OSMnx" visible="true" lon="72.9897898" lat="19.2046535" version="1" uid="1" timestamp="2026-04-09T19:16:40Z" /><node changeset="1" id="5769694571" user="OSMnx" visible="true" lon="72.9862177" lat="19.2011864" version="1" uid="1" timestamp="2026-04-09T19:16:40Z" /><node changeset="1" id="5863377580" user="OSMnx" visible="true" lon="72.9774534" lat="19.2124341" version="1" uid="1" timestamp="2026-04-09T19:16:40Z" /><node changeset="1" id="5863377581" user="OSMnx" visible="true" lon="72.9772915" lat="19.2128355" version="1" uid="1" timestamp="2026-04-09T19:16:40Z" /><node changeset="1" id="5865499825" user="OSMnx" visible="true" lon="72.9642908" lat="19.2003022" version="1" uid="1" timestamp="2026-04-09T19:16:40Z" /><node changeset="1" id="5865499826" user="OSMnx" visible="true" lon="72.964371" lat="19.2002287" version="1" uid="1" timestamp="2026-04-09T19:16:40Z" /><node changeset="1" id="5865499827" user="OSMnx" visible="true" lon="72.9644377" lat="19.2001676" version="1" uid="1" timestamp="2026-04-09T19:16:40Z" /><node changeset="1" id="5865499828" user="OSMnx" visible="true" lon="72.9712785" lat="19.2069361" version="1" uid="1" timestamp="2026-04-09T19:16:40Z" /><node changeset="1" id="5865499829" user="OSMnx" visible="true" lon="72.9713587" lat="19.2068627" version="1" uid="1" timestamp="2026-04-09T19:16:40Z" /><node changeset="1" id="5865499830" user="OSMnx" visible="true" lon="72.9712118" lat="19.2069973" version="1" uid="1" timestamp="2026-04-09T19:16:40Z" /><node changeset="1" id="5865499831" user="OSMnx" visible="true" lon="72.9714254" lat="19.2068015" version="1" uid="1" timestamp="2026-04-09T19:16:40Z" /><node changeset="1" id="5865499833" user="OSMnx" visible="true" lon="72.9756249" lat="19.2109906" version="1" uid="1" timestamp="2026-04-09T19:16:40Z" /><node changeset="1" id="5865499834" user="OSMnx" visible="true" lon="72.9756569" lat="19.2108604" version="1" uid="1" timestamp="2026-04-09T19:16:40Z" /><node changeset="1" id="5865499835" user="OSMnx" visible="true" lon="72.9754001" lat="19.2110841" version="1" uid="1" timestamp="2026-04-09T19:16:40Z" /><node changeset="1" id="5865499836" user="OSMnx" visible="true" lon="72.9761636" lat="19.2113048" version="1" uid="1" timestamp="2026-04-09T19:16:40Z" /><node changeset="1" id="5865499837" user="OSMnx" visible="true" lon="72.9781087" lat="19.2117149" version="1" uid="1" timestamp="2026-04-09T19:16:40Z" /><node changeset="1" id="5865499838" user="OSMnx" visible="true" lon="72.9792354" lat="19.2115588" version="1" uid="1" timestamp="2026-04-09T19:16:40Z" /><node changeset="1" id="5865499839" user="OSMnx" visible="true" lon="72.9792691" lat="19.2118547" version="1" uid="1" timestamp="2026-04-09T19:16:40Z" /><node changeset="1" id="5865499840" user="OSMnx" visible="true" lon="72.9792807" lat="19.211956" version="1" uid="1" timestamp="2026-04-09T19:16:40Z" /><node changeset="1" id="5865499841" user="OSMnx" visible="true" lon="72.9784293" lat="19.2116767" version="1" uid="1" timestamp="2026-04-09T19:16:40Z" /><node changeset="1" id="5865499842" user="OSMnx" visible="true" lon="72.978494" lat="19.2119742" version="1" uid="1" timestamp="2026-04-09T19:16:40Z" /><node changeset="1" id="5865499843" user="OSMnx" visible="true" lon="72.981397" lat="19.211571" version="1" uid="1" timestamp="2026-04-09T19:16:40Z" /><node changeset="1" id="5865499844" user="OSMnx" visible="true" lon="72.9814742" lat="19.2112561" version="1" uid="1" timestamp="2026-04-09T19:16:40Z" /><node changeset="1" id="5865499845" user="OSMnx" visible="true" lon="72.9777915" lat="19.2139618" version="1" uid="1" timestamp="2026-04-09T19:16:40Z" /><node changeset="1" id="5865499846" user="OSMnx" visible="true" lon="72.9778598" lat="19.2141965" version="1" uid="1" timestamp="2026-04-09T19:16:40Z" /><node changeset="1" id="5865499848" user="OSMnx" visible="true" lon="72.9778306" lat="19.2158643" version="1" uid="1" timestamp="2026-04-09T19:16:40Z" /><node changeset="1" id="5865499850" user="OSMnx" visible="true" lon="72.9781949" lat="19.2168531" version="1" uid="1" timestamp="2026-04-09T19:16:40Z" /><node changeset="1" id="5865499851" user="OSMnx" visible="true" lon="72.9788074" lat="19.2172892" version="1" uid="1" timestamp="2026-04-09T19:16:40Z" /><node changeset="1" id="5865499852" user="OSMnx" visible="true" lon="72.9789844" lat="19.2173782" version="1" uid="1" timestamp="2026-04-09T19:16:40Z" /><node changeset="1" id="5865499853" user="OSMnx" visible="true" lon="72.9905021" lat="19.2217221" version="1" uid="1" timestamp="2026-04-09T19:16:40Z" /><node changeset="1" id="5865499854" user="OSMnx" visible="true" lon="72.9780773" lat="19.2176432" version="1" uid="1" timestamp="2026-04-09T19:16:40Z" /><node changeset="1" id="5865499855" user="OSMnx" visible="true" lon="72.9777504" lat="19.2205833" version="1" uid="1" timestamp="2026-04-09T19:16:40Z" /><node changeset="1" id="5865499856" user="OSMnx" visible="true" lon="72.9779054" lat="19.2206087" version="1" uid="1" timestamp="2026-04-09T19:16:40Z" /><node changeset="1" id="5865499857" user="OSMnx" visible="true" lon="72.9777493" lat="19.2202251" version="1" uid="1" timestamp="2026-04-09T19:16:40Z" /><node changeset="1" id="5865499858" user="OSMnx" visible="true" lon="72.9779163" lat="19.2202476" version="1" uid="1" timestamp="2026-04-09T19:16:40Z" /><node changeset="1" id="5865499859" user="OSMnx" visible="true" lon="72.976389" lat="19.2336292" version="1" uid="1" timestamp="2026-04-09T19:16:40Z" /><node changeset="1" id="5865499860" user="OSMnx" visible="true" lon="72.9762726" lat="19.2336222" version="1" uid="1" timestamp="2026-04-09T19:16:40Z" /><node changeset="1" id="5868392390" user="OSMnx" visible="true" lon="72.9770898" lat="19.2124203" version="1" uid="1" timestamp="2026-04-09T19:16:40Z"><tag k="highway" v="traffic_signals" /></node><node changeset="1" id="5868392393" user="OSMnx" visible="true" lon="72.976748" lat="19.2114884" version="1" uid="1" timestamp="2026-04-09T19:16:40Z" /><node changeset="1" id="5868392395" user="OSMnx" visible="true" lon="72.9780247" lat="19.2115514" version="1" uid="1" timestamp="2026-04-09T19:16:40Z" /><node changeset="1" id="5868392396" user="OSMnx" visible="true" lon="72.9772219" lat="19.2138546" version="1" uid="1" timestamp="2026-04-09T19:16:40Z" /><node changeset="1" id="5868392398" user="OSMnx" visible="true" lon="72.9640971" lat="19.2005048" version="1" uid="1" timestamp="2026-04-09T19:16:40Z" /><node changeset="1" id="5868392399" user="OSMnx" visible="true" lon="72.9645551" lat="19.2000231" version="1" uid="1" timestamp="2026-04-09T19:16:40Z" /><node changeset="1" id="5923939929" user="OSMnx" visible="true" lon="72.9775426" lat="19.2121332" version="1" uid="1" timestamp="2026-04-09T19:16:40Z" /><node changeset="1" id="5923939956" user="OSMnx" visible="true" lon="72.9832388" lat="19.219192" version="1" uid="1" timestamp="2026-04-09T19:16:40Z" /><node changeset="1" id="5923939957" user="OSMnx" visible="true" lon="72.9834326" lat="19.2190514" version="1" uid="1" timestamp="2026-04-09T19:16:40Z" /><node changeset="1" id="5923939958" user="OSMnx" visible="true" lon="72.9834653" lat="19.2189003" version="1" uid="1" timestamp="2026-04-09T19:16:40Z" /><node changeset="1" id="5923939959" user="OSMnx" visible="true" lon="72.9840008" lat="19.2187861" version="1" uid="1" timestamp="2026-04-09T19:16:40Z" /><node changeset="1" id="5923939960" user="OSMnx" visible="true" lon="72.9834866" lat="19.2186008" version="1" uid="1" timestamp="2026-04-09T19:16:40Z" /><node changeset="1" id="5923939961" user="OSMnx" visible="true" lon="72.9831782" lat="19.2185071" version="1" uid="1" timestamp="2026-04-09T19:16:40Z" /><node changeset="1" id="5923939962" user="OSMnx" visible="true" lon="72.9829797" lat="19.2184412" version="1" uid="1" timestamp="2026-04-09T19:16:40Z" /><node changeset="1" id="5923939963" user="OSMnx" visible="true" lon="72.9794156" lat="19.2178403" version="1" uid="1" timestamp="2026-04-09T19:16:40Z" /><node changeset="1" id="5923939964" user="OSMnx" visible="true" lon="72.9788357" lat="19.2177244" version="1" uid="1" timestamp="2026-04-09T19:16:40Z" /><node changeset="1" id="5923939965" user="OSMnx" visible="true" lon="72.9785541" lat="19.2177118" version="1" uid="1" timestamp="2026-04-09T19:16:40Z" /><node changeset="1" id="5923939966" user="OSMnx" visible="true" lon="72.9783347" lat="19.2177357" version="1" uid="1" timestamp="2026-04-09T19:16:40Z" /><node changeset="1" id="5923939967" user="OSMnx" visible="true" lon="72.981872" lat="19.2179929" version="1" uid="1" timestamp="2026-04-09T19:16:40Z" /><node changeset="1" id="5923939970" user="OSMnx" visible="true" lon="72.9841738" lat="19.2184817" version="1" uid="1" timestamp="2026-04-09T19:16:40Z" /><node changeset="1" id="5923939971" user="OSMnx" visible="true" lon="72.9833391" lat="19.2180765" version="1" uid="1" timestamp="2026-04-09T19:16:40Z" /><node changeset="1" id="5923939972" user="OSMnx" visible="true" lon="72.9831299" lat="19.2180157" version="1" uid="1" timestamp="2026-04-09T19:16:40Z" /><node changeset="1" id="5923939973" user="OSMnx" visible="true" lon="72.982379" lat="19.217879" version="1" uid="1" timestamp="2026-04-09T19:16:40Z" /><node changeset="1" id="5923939974" user="OSMnx" visible="true" lon="72.9793963" lat="19.2174255" version="1" uid="1" timestamp="2026-04-09T19:16:40Z" /><node changeset="1" id="6017561984" user="OSMnx" visible="true" lon="72.9624106" lat="19.2001053" version="1" uid="1" timestamp="2026-04-09T19:16:40Z" /><node changeset="1" id="6017562300" user="OSMnx" visible="true" lon="72.9672676" lat="19.2025927" version="1" uid="1" timestamp="2026-04-09T19:16:40Z" /><node changeset="1" id="6017562301" user="OSMnx" visible="true" lon="72.9675785" lat="19.2025805" version="1" uid="1" timestamp="2026-04-09T19:16:40Z" /><node changeset="1" id="6017562302" user="OSMnx" visible="true" lon="72.9682302" lat="19.2026717" version="1" uid="1" timestamp="2026-04-09T19:16:40Z" /><node changeset="1" id="6017562303" user="OSMnx" visible="true" lon="72.9685789" lat="19.2026869" version="1" uid="1" timestamp="2026-04-09T19:16:40Z" /><node changeset="1" id="6017562311" user="OSMnx" visible="true" lon="72.9616025" lat="19.2044093" version="1" uid="1" timestamp="2026-04-09T19:16:40Z" /><node changeset="1" id="6017562353" user="OSMnx" visible="true" lon="72.9607764" lat="19.2005034" version="1" uid="1" timestamp="2026-04-09T19:16:40Z" /><node changeset="1" id="6017562385" user="OSMnx" visible="true" lon="72.9611295" lat="19.2006923" version="1" uid="1" timestamp="2026-04-09T19:16:40Z" /><node changeset="1" id="6116158103" user="OSMnx" visible="true" lon="72.9763707" lat="19.2308309" version="1" uid="1" timestamp="2026-04-09T19:16:40Z" /><node changeset="1" id="6116158104" user="OSMnx" visible="true" lon="72.976301" lat="19.2316159" version="1" uid="1" timestamp="2026-04-09T19:16:40Z" /><node changeset="1" id="6117259418" user="OSMnx" visible="true" lon="72.9712341" lat="19.2073417" version="1" uid="1" timestamp="2026-04-09T19:16:40Z" /><node changeset="1" id="6117536126" user="OSMnx" visible="true" lon="72.985434" lat="19.2111487" version="1" uid="1" timestamp="2026-04-09T19:16:40Z" /><node changeset="1" id="6117536127" user="OSMnx" visible="true" lon="72.9854703" lat="19.2113583" version="1" uid="1" timestamp="2026-04-09T19:16:40Z" /><node changeset="1" id="6117687088" user="OSMnx" visible="true" lon="72.9876979" lat="19.20699" version="1" uid="1" timestamp="2026-04-09T19:16:40Z" /><node changeset="1" id="6117687090" user="OSMnx" visible="true" lon="72.9874533" lat="19.2079527" version="1" uid="1" timestamp="2026-04-09T19:16:40Z" /><node changeset="1" id="6117687091" user="OSMnx" visible="true" lon="72.9870368" lat="19.2095916" version="1" uid="1" timestamp="2026-04-09T19:16:40Z" /><node changeset="1" id="6117687092" user="OSMnx" visible="true" lon="72.9872054" lat="19.2089282" version="1" uid="1" timestamp="2026-04-09T19:16:40Z" /><node changeset="1" id="6117687095" user="OSMnx" visible="true" lon="72.9880718" lat="19.2055187" version="1" uid="1" timestamp="2026-04-09T19:16:40Z" /><node changeset="1" id="6117687096" user="OSMnx" visible="true" lon="72.9880552" lat="19.2054647" version="1" uid="1" timestamp="2026-04-09T19:16:40Z" /><node changeset="1" id="6117687097" user="OSMnx" visible="true" lon="72.9879472" lat="19.2054903" version="1" uid="1" timestamp="2026-04-09T19:16:40Z" /><node changeset="1" id="6117687099" user="OSMnx" visible="true" lon="72.9875732" lat="19.2069619" version="1" uid="1" timestamp="2026-04-09T19:16:40Z" /><node changeset="1" id="6117687102" user="OSMnx" visible="true" lon="72.9870807" lat="19.2089" version="1" uid="1" timestamp="2026-04-09T19:16:40Z" /><node changeset="1" id="6117687103" user="OSMnx" visible="true" lon="72.987005" lat="19.2098164" version="1" uid="1" timestamp="2026-04-09T19:16:40Z" /><node changeset="1" id="6117687104" user="OSMnx" visible="true" lon="72.9869862" lat="19.2097887" version="1" uid="1" timestamp="2026-04-09T19:16:40Z" /><node changeset="1" id="6117687105" user="OSMnx" visible="true" lon="72.9869593" lat="19.2097682" version="1" uid="1" timestamp="2026-04-09T19:16:40Z" /><node changeset="1" id="6117687106" user="OSMnx" visible="true" lon="72.9869268" lat="19.2097568" version="1" uid="1" timestamp="2026-04-09T19:16:40Z" /><node changeset="1" id="6117687107" user="OSMnx" visible="true" lon="72.9868922" lat="19.2097557" version="1" uid="1" timestamp="2026-04-09T19:16:40Z" /><node changeset="1" id="6117687108" user="OSMnx" visible="true" lon="72.986859" lat="19.2097651" version="1" uid="1" timestamp="2026-04-09T19:16:40Z" /><node changeset="1" id="6117687109" user="OSMnx" visible="true" lon="72.98683" lat="19.2097847" version="1" uid="1" timestamp="2026-04-09T19:16:40Z" /><node changeset="1" id="6117687110" user="OSMnx" visible="true" lon="72.9868093" lat="19.2098121" version="1" uid="1" timestamp="2026-04-09T19:16:40Z" /><node changeset="1" id="6117687111" user="OSMnx" visible="true" lon="72.9867992" lat="19.2098445" version="1" uid="1" timestamp="2026-04-09T19:16:40Z" /><node changeset="1" id="6117687112" user="OSMnx" visible="true" lon="72.9868136" lat="19.2099093" version="1" uid="1" timestamp="2026-04-09T19:16:40Z" /><node changeset="1" id="6117687113" user="OSMnx" visible="true" lon="72.9868342" lat="19.2099323" version="1" uid="1" timestamp="2026-04-09T19:16:40Z" /><node changeset="1" id="6117687114" user="OSMnx" visible="true" lon="72.9868605" lat="19.2099486" version="1" uid="1" timestamp="2026-04-09T19:16:40Z" /><node changeset="1" id="6117687115" user="OSMnx" visible="true" lon="72.9868906" lat="19.2099571" version="1" uid="1" timestamp="2026-04-09T19:16:40Z" /><node changeset="1" id="6117687116" user="OSMnx" visible="true" lon="72.9869221" lat="19.2099571" version="1" uid="1" timestamp="2026-04-09T19:16:40Z" /><node changeset="1" id="6117687117" user="OSMnx" visible="true" lon="72.9869517" lat="19.2099483" version="1" uid="1" timestamp="2026-04-09T19:16:40Z" /><node changeset="1" id="6117687118" user="OSMnx" visible="true" lon="72.9869784" lat="19.2099318" version="1" uid="1" timestamp="2026-04-09T19:16:40Z" /><node changeset="1" id="6117687119" user="OSMnx" visible="true" lon="72.9869984" lat="19.2099088" version="1" uid="1" timestamp="2026-04-09T19:16:40Z" /><node changeset="1" id="6117687120" user="OSMnx" visible="true" lon="72.9870105" lat="19.2098812" version="1" uid="1" timestamp="2026-04-09T19:16:40Z" /><node changeset="1" id="6117687121" user="OSMnx" visible="true" lon="72.9870134" lat="19.2098484" version="1" uid="1" timestamp="2026-04-09T19:16:40Z" /><node changeset="1" id="6117687122" user="OSMnx" visible="true" lon="72.9868009" lat="19.2098781" version="1" uid="1" timestamp="2026-04-09T19:16:40Z" /><node changeset="1" id="6117687123" user="OSMnx" visible="true" lon="72.9911014" lat="19.2092167" version="1" uid="1" timestamp="2026-04-09T19:16:40Z" /><node changeset="1" id="6117687124" user="OSMnx" visible="true" lon="72.9908198" lat="19.2092319" version="1" uid="1" timestamp="2026-04-09T19:16:40Z" /><node changeset="1" id="6117687125" user="OSMnx" visible="true" lon="72.9881873" lat="19.2097329" version="1" uid="1" timestamp="2026-04-09T19:16:40Z" /><node changeset="1" id="6117687126" user="OSMnx" visible="true" lon="72.9881377" lat="19.2100364" version="1" uid="1" timestamp="2026-04-09T19:16:40Z" /><node changeset="1" id="6117687127" user="OSMnx" visible="true" lon="72.9887875" lat="19.2100976" version="1" uid="1" timestamp="2026-04-09T19:16:40Z" /><node changeset="1" id="6117687132" user="OSMnx" visible="true" lon="72.9874188" lat="19.2103535" version="1" uid="1" timestamp="2026-04-09T19:16:40Z" /><node changeset="1" id="6119066789" user="OSMnx" visible="true" lon="72.9687102" lat="19.2046224" version="1" uid="1" timestamp="2026-04-09T19:16:40Z"><tag k="highway" v="traffic_signals" /></node><node changeset="1" id="6601948959" user="OSMnx" visible="true" lon="72.961576" lat="19.2105738" version="1" uid="1" timestamp="2026-04-09T19:16:40Z" /><node changeset="1" id="6602348164" user="OSMnx" visible="true" lon="72.9634103" lat="19.2140595" version="1" uid="1" timestamp="2026-04-09T19:16:40Z" /><node changeset="1" id="6602426642" user="OSMnx" visible="true" lon="72.9725734" lat="19.2165554" version="1" uid="1" timestamp="2026-04-09T19:16:40Z" /><node changeset="1" id="6604559419" user="OSMnx" visible="true" lon="72.9782479" lat="19.2182803" version="1" uid="1" timestamp="2026-04-09T19:16:40Z"><tag k="highway" v="traffic_signals" /></node><node changeset="1" id="6604559421" user="OSMnx" visible="true" lon="72.9780085" lat="19.2182597" version="1" uid="1" timestamp="2026-04-09T19:16:40Z"><tag k="highway" v="traffic_signals" /></node><node changeset="1" id="6608755814" user="OSMnx" visible="true" lon="72.9734497" lat="19.221898" version="1" uid="1" timestamp="2026-04-09T19:16:40Z" /><node changeset="1" id="6608764027" user="OSMnx" visible="true" lon="72.9678472" lat="19.219052" version="1" uid="1" timestamp="2026-04-09T19:16:40Z" /><node changeset="1" id="6608764028" user="OSMnx" visible="true" lon="72.9678306" lat="19.2189997" version="1" uid="1" timestamp="2026-04-09T19:16:40Z" /><node changeset="1" id="6608862710" user="OSMnx" visible="true" lon="72.9612739" lat="19.2167126" version="1" uid="1" timestamp="2026-04-09T19:16:40Z" /><node changeset="1" id="6608862711" user="OSMnx" visible="true" lon="72.961349" lat="19.2165872" version="1" uid="1" timestamp="2026-04-09T19:16:40Z" /><node changeset="1" id="6608862712" user="OSMnx" visible="true" lon="72.9614174" lat="19.2164897" version="1" uid="1" timestamp="2026-04-09T19:16:40Z" /><node changeset="1" id="6608862713" user="OSMnx" visible="true" lon="72.9615006" lat="19.216177" version="1" uid="1" timestamp="2026-04-09T19:16:40Z" /><node changeset="1" id="6608908198" user="OSMnx" visible="true" lon="72.9698039" lat="19.221727" version="1" uid="1" timestamp="2026-04-09T19:16:40Z" /><node changeset="1" id="6608932271" user="OSMnx" visible="true" lon="72.9787177" lat="19.2031213" version="1" uid="1" timestamp="2026-04-09T19:16:40Z" /><node changeset="1" id="6608932272" user="OSMnx" visible="true" lon="72.9790047" lat="19.2031504" version="1" uid="1" timestamp="2026-04-09T19:16:40Z" /><node changeset="1" id="6608932273" user="OSMnx" visible="true" lon="72.978118" lat="19.2031987" version="1" uid="1" timestamp="2026-04-09T19:16:40Z" /><node changeset="1" id="6608932274" user="OSMnx" visible="true" lon="72.9783354" lat="19.2031707" version="1" uid="1" timestamp="2026-04-09T19:16:40Z" /><node changeset="1" id="6608932275" user="OSMnx" visible="true" lon="72.9788556" lat="19.2031296" version="1" uid="1" timestamp="2026-04-09T19:16:40Z" /><node changeset="1" id="6608932276" user="OSMnx" visible="true" lon="72.9790878" lat="19.2031567" version="1" uid="1" timestamp="2026-04-09T19:16:40Z" /><node changeset="1" id="6609179825" user="OSMnx" visible="true" lon="72.9800546" lat="19.2104798" version="1" uid="1" timestamp="2026-04-09T19:16:40Z" /><node changeset="1" id="6609179827" user="OSMnx" visible="true" lon="72.9794941" lat="19.2111905" version="1" uid="1" timestamp="2026-04-09T19:16:40Z" /><node changeset="1" id="6609257918" user="OSMnx" visible="true" lon="72.9809537" lat="19.2109397" version="1" uid="1" timestamp="2026-04-09T19:16:40Z" /><node changeset="1" id="6609713117" user="OSMnx" visible="true" lon="72.9635928" lat="19.223149" version="1" uid="1" timestamp="2026-04-09T19:16:40Z" /><node changeset="1" id="6615635608" user="OSMnx" visible="true" lon="72.9701856" lat="19.2305396" version="1" uid="1" timestamp="2026-04-09T19:16:40Z" /><node changeset="1" id="6615635609" user="OSMnx" visible="true" lon="72.9700279" lat="19.2305447" version="1" uid="1" timestamp="2026-04-09T19:16:40Z" /><node changeset="1" id="6615658371" user="OSMnx" visible="true" lon="72.9698701" lat="19.2252579" version="1" uid="1" timestamp="2026-04-09T19:16:40Z" /><node changeset="1" id="6615740388" user="OSMnx" visible="true" lon="72.9699321" lat="19.2242043" version="1" uid="1" timestamp="2026-04-09T19:16:40Z" /><node changeset="1" id="6615763071" user="OSMnx" visible="true" lon="72.9640208" lat="19.2263333" version="1" uid="1" timestamp="2026-04-09T19:16:40Z" /><node changeset="1" id="6615763072" user="OSMnx" visible="true" lon="72.9639637" lat="19.226247" version="1" uid="1" timestamp="2026-04-09T19:16:40Z" /><node changeset="1" id="6615763073" user="OSMnx" visible="true" lon="72.9640771" lat="19.226442" version="1" uid="1" timestamp="2026-04-09T19:16:40Z" /><node changeset="1" id="6615763074" user="OSMnx" visible="true" lon="72.9658775" lat="19.2290242" version="1" uid="1" timestamp="2026-04-09T19:16:40Z" /><node changeset="1" id="6615763075" user="OSMnx" visible="true" lon="72.9655547" lat="19.2290784" version="1" uid="1" timestamp="2026-04-09T19:16:40Z" /><node changeset="1" id="6615763076" user="OSMnx" visible="true" lon="72.9652117" lat="19.2290035" version="1" uid="1" timestamp="2026-04-09T19:16:40Z" /><node changeset="1" id="6615763077" user="OSMnx" visible="true" lon="72.964998" lat="19.2287655" version="1" uid="1" timestamp="2026-04-09T19:16:40Z" /><node changeset="1" id="6615763079" user="OSMnx" visible="true" lon="72.9654072" lat="19.2290657" version="1" uid="1" timestamp="2026-04-09T19:16:40Z" /><node changeset="1" id="6615763080" user="OSMnx" visible="true" lon="72.9684533" lat="19.2283175" version="1" uid="1" timestamp="2026-04-09T19:16:40Z" /><node changeset="1" id="6615796119" user="OSMnx" visible="true" lon="72.9666637" lat="19.228745" version="1" uid="1" timestamp="2026-04-09T19:16:40Z" /><node changeset="1" id="6615822812" user="OSMnx" visible="true" lon="72.978844" lat="19.2147701" version="1" uid="1" timestamp="2026-04-09T19:16:40Z" /><node changeset="1" id="6615982332" user="OSMnx" visible="true" lon="72.9820098" lat="19.2116795" version="1" uid="1" timestamp="2026-04-09T19:16:40Z" /><node changeset="1" id="6615982333" user="OSMnx" visible="true" lon="72.9820839" lat="19.2118003" version="1" uid="1" timestamp="2026-04-09T19:16:40Z" /><node changeset="1" id="6615982334" user="OSMnx" visible="true" lon="72.982226" lat="19.2121903" version="1" uid="1" timestamp="2026-04-09T19:16:40Z" /><node changeset="1" id="6616073406" user="OSMnx" visible="true" lon="72.9601791" lat="19.2211641" version="1" uid="1" timestamp="2026-04-09T19:16:40Z" /><node changeset="1" id="6616162873" user="OSMnx" visible="true" lon="72.9842759" lat="19.212958" version="1" uid="1" timestamp="2026-04-09T19:16:40Z" /><node changeset="1" id="6616204692" user="OSMnx" visible="true" lon="72.9673119" lat="19.2242621" version="1" uid="1" timestamp="2026-04-09T19:16:40Z" /><node changeset="1" id="6616232188" user="OSMnx" visible="true" lon="72.984154" lat="19.214183" version="1" uid="1" timestamp="2026-04-09T19:16:40Z" /><node changeset="1" id="6616246510" user="OSMnx" visible="true" lon="72.982635" lat="19.2055529" version="1" uid="1" timestamp="2026-04-09T19:16:40Z" /><node changeset="1" id="6616246511" user="OSMnx" visible="true" lon="72.9830315" lat="19.2048637" version="1" uid="1" timestamp="2026-04-09T19:16:40Z" /><node changeset="1" id="6616246512" user="OSMnx" visible="true" lon="72.9829663" lat="19.2048962" version="1" uid="1" timestamp="2026-04-09T19:16:40Z" /><node changeset="1" id="6616246513" user="OSMnx" visible="true" lon="72.982796" lat="19.2049773" version="1" uid="1" timestamp="2026-04-09T19:16:40Z" /><node changeset="1" id="6616246514" user="OSMnx" visible="true" lon="72.9827316" lat="19.2050039" version="1" uid="1" timestamp="2026-04-09T19:16:40Z" /><node changeset="1" id="6616246515" user="OSMnx" visible="true" lon="72.9826813" lat="19.2050324" version="1" uid="1" timestamp="2026-04-09T19:16:40Z" /><node changeset="1" id="6616246516" user="OSMnx" visible="true" lon="72.9826324" lat="19.205071" version="1" uid="1" timestamp="2026-04-09T19:16:40Z" /><node changeset="1" id="6616246517" user="OSMnx" visible="true" lon="72.9826055" lat="19.2051084" version="1" uid="1" timestamp="2026-04-09T19:16:40Z" /><node changeset="1" id="6616246518" user="OSMnx" visible="true" lon="72.9825821" lat="19.2051546" version="1" uid="1" timestamp="2026-04-09T19:16:40Z" /><node changeset="1" id="6616246519" user="OSMnx" visible="true" lon="72.9825667" lat="19.2052173" version="1" uid="1" timestamp="2026-04-09T19:16:40Z" /><node changeset="1" id="6616246520" user="OSMnx" visible="true" lon="72.9825553" lat="19.2052907" version="1" uid="1" timestamp="2026-04-09T19:16:40Z" /><node changeset="1" id="6616246521" user="OSMnx" visible="true" lon="72.9825452" lat="19.2053794" version="1" uid="1" timestamp="2026-04-09T19:16:40Z" /><node changeset="1" id="6616246522" user="OSMnx" visible="true" lon="72.9830508" lat="19.2042288" version="1" uid="1" timestamp="2026-04-09T19:16:40Z" /><node changeset="1" id="6616246523" user="OSMnx" visible="true" lon="72.9830387" lat="19.204256" version="1" uid="1" timestamp="2026-04-09T19:16:40Z" /><node changeset="1" id="6616246524" user="OSMnx" visible="true" lon="72.9828939" lat="19.2043726" version="1" uid="1" timestamp="2026-04-09T19:16:40Z" /><node changeset="1" id="6616246525" user="OSMnx" visible="true" lon="72.9827544" lat="19.2045727" version="1" uid="1" timestamp="2026-04-09T19:16:40Z" /><node changeset="1" id="6616246526" user="OSMnx" visible="true" lon="72.9828355" lat="19.2044688" version="1" uid="1" timestamp="2026-04-09T19:16:40Z" /><node changeset="1" id="6616246527" user="OSMnx" visible="true" lon="72.9828939" lat="19.203866" version="1" uid="1" timestamp="2026-04-09T19:16:40Z" /><node changeset="1" id="6616246528" user="OSMnx" visible="true" lon="72.9829267" lat="19.2038121" version="1" uid="1" timestamp="2026-04-09T19:16:40Z" /><node changeset="1" id="6616246529" user="OSMnx" visible="true" lon="72.98291" lat="19.2039078" version="1" uid="1" timestamp="2026-04-09T19:16:40Z" /><node changeset="1" id="6616246530" user="OSMnx" visible="true" lon="72.9829006" lat="19.2038362" version="1" uid="1" timestamp="2026-04-09T19:16:40Z" /><node changeset="1" id="6616329581" user="OSMnx" visible="true" lon="72.9802842" lat="19.2145957" version="1" uid="1" timestamp="2026-04-09T19:16:40Z" /><node changeset="1" id="6616355190" user="OSMnx" visible="true" lon="72.9743899" lat="19.2272321" version="1" uid="1" timestamp="2026-04-09T19:16:40Z" /><node changeset="1" id="6616355191" user="OSMnx" visible="true" lon="72.9741499" lat="19.2275322" version="1" uid="1" timestamp="2026-04-09T19:16:40Z" /><node changeset="1" id="6616355192" user="OSMnx" visible="true" lon="72.9740922" lat="19.2276424" version="1" uid="1" timestamp="2026-04-09T19:16:40Z" /><node changeset="1" id="6616355193" user="OSMnx" visible="true" lon="72.9740506" lat="19.2277247" version="1" uid="1" timestamp="2026-04-09T19:16:40Z" /><node changeset="1" id="6616355194" user="OSMnx" visible="true" lon="72.9740466" lat="19.2278082" version="1" uid="1" timestamp="2026-04-09T19:16:40Z" /><node changeset="1" id="6616355195" user="OSMnx" visible="true" lon="72.9740936" lat="19.2280704" version="1" uid="1" timestamp="2026-04-09T19:16:40Z" /><node changeset="1" id="6616443795" user="OSMnx" visible="true" lon="72.9866388" lat="19.2111695" version="1" uid="1" timestamp="2026-04-09T19:16:40Z" /><node changeset="1" id="6616506094" user="OSMnx" visible="true" lon="72.9861823" lat="19.2149737" version="1" uid="1" timestamp="2026-04-09T19:16:40Z" /><node changeset="1" id="6616506097" user="OSMnx" visible="true" lon="72.9845749" lat="19.2119854" version="1" uid="1" timestamp="2026-04-09T19:16:40Z" /><node changeset="1" id="6616506098" user="OSMnx" visible="true" lon="72.9840906" lat="19.2148205" version="1" uid="1" timestamp="2026-04-09T19:16:40Z" /><node changeset="1" id="6616506102" user="OSMnx" visible="true" lon="72.9843672" lat="19.2148044" version="1" uid="1" timestamp="2026-04-09T19:16:40Z" /><node changeset="1" id="6616506103" user="OSMnx" visible="true" lon="72.9842748" lat="19.2147612" version="1" uid="1" timestamp="2026-04-09T19:16:40Z" /><node changeset="1" id="6616506104" user="OSMnx" visible="true" lon="72.9844081" lat="19.2116289" version="1" uid="1" timestamp="2026-04-09T19:16:40Z" /><node changeset="1" id="6616506105" user="OSMnx" visible="true" lon="72.9844457" lat="19.2115504" version="1" uid="1" timestamp="2026-04-09T19:16:40Z" /><node changeset="1" id="6616506106" user="OSMnx" visible="true" lon="72.9845604" lat="19.2121195" version="1" uid="1" timestamp="2026-04-09T19:16:40Z" /><node changeset="1" id="6616506107" user="OSMnx" visible="true" lon="72.9846045" lat="19.2117122" version="1" uid="1" timestamp="2026-04-09T19:16:40Z" /><node changeset="1" id="6616506108" user="OSMnx" visible="true" lon="72.984447" lat="19.2131688" version="1" uid="1" timestamp="2026-04-09T19:16:40Z" /><node changeset="1" id="6616518080" user="OSMnx" visible="true" lon="72.9760766" lat="19.2281529" version="1" uid="1" timestamp="2026-04-09T19:16:40Z" /><node changeset="1" id="6618225026" user="OSMnx" visible="true" lon="72.977465" lat="19.2259778" version="1" uid="1" timestamp="2026-04-09T19:16:40Z" /><node changeset="1" id="6618331797" user="OSMnx" visible="true" lon="72.9849802" lat="19.2227663" version="1" uid="1" timestamp="2026-04-09T19:16:40Z" /><node changeset="1" id="6618331805" user="OSMnx" visible="true" lon="72.9837441" lat="19.2236275" version="1" uid="1" timestamp="2026-04-09T19:16:40Z" /><node changeset="1" id="6618347284" user="OSMnx" visible="true" lon="72.9883991" lat="19.209603" version="1" uid="1" timestamp="2026-04-09T19:16:40Z" /><node changeset="1" id="6618373838" user="OSMnx" visible="true" lon="72.9788914" lat="19.2283346" version="1" uid="1" timestamp="2026-04-09T19:16:40Z" /><node changeset="1" id="6618373846" user="OSMnx" visible="true" lon="72.9781753" lat="19.2283446" version="1" uid="1" timestamp="2026-04-09T19:16:40Z" /><node changeset="1" id="6618373848" user="OSMnx" visible="true" lon="72.9795277" lat="19.2282692" version="1" uid="1" timestamp="2026-04-09T19:16:40Z" /><node changeset="1" id="6618400285" user="OSMnx" visible="true" lon="72.988438" lat="19.2094384" version="1" uid="1" timestamp="2026-04-09T19:16:40Z" /><node changeset="1" id="6618400286" user="OSMnx" visible="true" lon="72.9885091" lat="19.2091059" version="1" uid="1" timestamp="2026-04-09T19:16:40Z" /><node changeset="1" id="6618400287" user="OSMnx" visible="true" lon="72.9885761" lat="19.2089179" version="1" uid="1" timestamp="2026-04-09T19:16:40Z" /><node changeset="1" id="6618400288" user="OSMnx" visible="true" lon="72.9885654" lat="19.2088014" version="1" uid="1" timestamp="2026-04-09T19:16:40Z" /><node changeset="1" id="6618400289" user="OSMnx" visible="true" lon="72.9885305" lat="19.2086063" version="1" uid="1" timestamp="2026-04-09T19:16:40Z" /><node changeset="1" id="6618400290" user="OSMnx" visible="true" lon="72.988544" lat="19.2083543" version="1" uid="1" timestamp="2026-04-09T19:16:40Z" /><node changeset="1" id="6618400291" user="OSMnx" visible="true" lon="72.9886083" lat="19.2080618" version="1" uid="1" timestamp="2026-04-09T19:16:40Z" /><node changeset="1" id="6618400298" user="OSMnx" visible="true" lon="72.9879217" lat="19.205249" version="1" uid="1" timestamp="2026-04-09T19:16:40Z" /><node changeset="1" id="6618400299" user="OSMnx" visible="true" lon="72.9878318" lat="19.2051514" version="1" uid="1" timestamp="2026-04-09T19:16:40Z" /><node changeset="1" id="6802412608" user="OSMnx" visible="true" lon="72.9723582" lat="19.1995333" version="1" uid="1" timestamp="2026-04-09T19:16:40Z" /><node changeset="1" id="6802412626" user="OSMnx" visible="true" lon="72.972711" lat="19.2000588" version="1" uid="1" timestamp="2026-04-09T19:16:40Z" /><node changeset="1" id="6802412627" user="OSMnx" visible="true" lon="72.9726952" lat="19.1999456" version="1" uid="1" timestamp="2026-04-09T19:16:40Z" /><node changeset="1" id="6802412628" user="OSMnx" visible="true" lon="72.9726709" lat="19.1998184" version="1" uid="1" timestamp="2026-04-09T19:16:40Z" /><node changeset="1" id="6802412634" user="OSMnx" visible="true" lon="72.9777574" lat="19.2046347" version="1" uid="1" timestamp="2026-04-09T19:16:40Z" /><node changeset="1" id="6802412673" user="OSMnx" visible="true" lon="72.9604626" lat="19.2089534" version="1" uid="1" timestamp="2026-04-09T19:16:40Z" /><node changeset="1" id="6802412674" user="OSMnx" visible="true" lon="72.960417" lat="19.2090142" version="1" uid="1" timestamp="2026-04-09T19:16:40Z" /><node changeset="1" id="6802412677" user="OSMnx" visible="true" lon="72.9612806" lat="19.20928" version="1" uid="1" timestamp="2026-04-09T19:16:40Z" /><node changeset="1" id="6802412678" user="OSMnx" visible="true" lon="72.9621068" lat="19.2093333" version="1" uid="1" timestamp="2026-04-09T19:16:40Z" /><node changeset="1" id="6802412679" user="OSMnx" visible="true" lon="72.9613048" lat="19.2092041" version="1" uid="1" timestamp="2026-04-09T19:16:40Z" /><node changeset="1" id="6802412680" user="OSMnx" visible="true" lon="72.9623294" lat="19.2093028" version="1" uid="1" timestamp="2026-04-09T19:16:40Z" /><node changeset="1" id="6802412682" user="OSMnx" visible="true" lon="72.9621658" lat="19.2093586" version="1" uid="1" timestamp="2026-04-09T19:16:40Z" /><node changeset="1" id="6802438485" user="OSMnx" visible="true" lon="72.9626244" lat="19.209394" version="1" uid="1" timestamp="2026-04-09T19:16:40Z" /><node changeset="1" id="6802445262" user="OSMnx" visible="true" lon="72.9753247" lat="19.2019371" version="1" uid="1" timestamp="2026-04-09T19:16:40Z" /><node changeset="1" id="6802445263" user="OSMnx" visible="true" lon="72.975275" lat="19.2019085" version="1" uid="1" timestamp="2026-04-09T19:16:40Z" /><node changeset="1" id="6802445264" user="OSMnx" visible="true" lon="72.9770789" lat="19.2076096" version="1" uid="1" timestamp="2026-04-09T19:16:40Z" /><node changeset="1" id="6802445265" user="OSMnx" visible="true" lon="72.9763239" lat="19.2027216" version="1" uid="1" timestamp="2026-04-09T19:16:40Z" /><node changeset="1" id="6802445266" user="OSMnx" visible="true" lon="72.9776001" lat="19.2054388" version="1" uid="1" timestamp="2026-04-09T19:16:40Z" /><node changeset="1" id="6802445267" user="OSMnx" visible="true" lon="72.9776734" lat="19.2052503" version="1" uid="1" timestamp="2026-04-09T19:16:40Z" /><node changeset="1" id="6802445268" user="OSMnx" visible="true" lon="72.9777735" lat="19.2050653" version="1" uid="1" timestamp="2026-04-09T19:16:40Z" /><node changeset="1" id="6802445269" user="OSMnx" visible="true" lon="72.9779083" lat="19.2048978" version="1" uid="1" timestamp="2026-04-09T19:16:40Z" /><node changeset="1" id="6802445270" user="OSMnx" visible="true" lon="72.9781035" lat="19.2046955" version="1" uid="1" timestamp="2026-04-09T19:16:40Z" /><node changeset="1" id="6802445271" user="OSMnx" visible="true" lon="72.9783717" lat="19.2044042" version="1" uid="1" timestamp="2026-04-09T19:16:40Z" /><node changeset="1" id="6802445273" user="OSMnx" visible="true" lon="72.9776316" lat="19.2048851" version="1" uid="1" timestamp="2026-04-09T19:16:40Z" /><node changeset="1" id="6802445274" user="OSMnx" visible="true" lon="72.9776709" lat="19.205489" version="1" uid="1" timestamp="2026-04-09T19:16:40Z" /><node changeset="1" id="6802445275" user="OSMnx" visible="true" lon="72.9770155" lat="19.2081882" version="1" uid="1" timestamp="2026-04-09T19:16:40Z" /><node changeset="1" id="6802445276" user="OSMnx" visible="true" lon="72.9774584" lat="19.2071284" version="1" uid="1" timestamp="2026-04-09T19:16:40Z" /><node changeset="1" id="6802445277" user="OSMnx" visible="true" lon="72.9776046" lat="19.2068865" version="1" uid="1" timestamp="2026-04-09T19:16:40Z" /><node changeset="1" id="6802445278" user="OSMnx" visible="true" lon="72.9776407" lat="19.2067524" version="1" uid="1" timestamp="2026-04-09T19:16:40Z" /><node changeset="1" id="6802445279" user="OSMnx" visible="true" lon="72.9776543" lat="19.2065218" version="1" uid="1" timestamp="2026-04-09T19:16:40Z" /><node changeset="1" id="6802445281" user="OSMnx" visible="true" lon="72.9775588" lat="19.205297" version="1" uid="1" timestamp="2026-04-09T19:16:40Z" /><node changeset="1" id="6802445282" user="OSMnx" visible="true" lon="72.977436" lat="19.2047816" version="1" uid="1" timestamp="2026-04-09T19:16:40Z" /><node changeset="1" id="6802445283" user="OSMnx" visible="true" lon="72.9773745" lat="19.2044956" version="1" uid="1" timestamp="2026-04-09T19:16:40Z" /><node changeset="1" id="6802445284" user="OSMnx" visible="true" lon="72.9773245" lat="19.2042912" version="1" uid="1" timestamp="2026-04-09T19:16:40Z" /><node changeset="1" id="6802495485" user="OSMnx" visible="true" lon="72.9772491" lat="19.2038504" version="1" uid="1" timestamp="2026-04-09T19:16:40Z" /><node changeset="1" id="6802495486" user="OSMnx" visible="true" lon="72.9772239" lat="19.2037006" version="1" uid="1" timestamp="2026-04-09T19:16:40Z" /><node changeset="1" id="6802495487" user="OSMnx" visible="true" lon="72.9771489" lat="19.2035389" version="1" uid="1" timestamp="2026-04-09T19:16:40Z" /><node changeset="1" id="6802495488" user="OSMnx" visible="true" lon="72.9770236" lat="19.2033784" version="1" uid="1" timestamp="2026-04-09T19:16:40Z" /><node changeset="1" id="6802495489" user="OSMnx" visible="true" lon="72.9756178" lat="19.202066" version="1" uid="1" timestamp="2026-04-09T19:16:40Z" /><node changeset="1" id="6802495490" user="OSMnx" visible="true" lon="72.9754109" lat="19.2019187" version="1" uid="1" timestamp="2026-04-09T19:16:40Z" /><node changeset="1" id="6802495492" user="OSMnx" visible="true" lon="72.9784119" lat="19.2044219" version="1" uid="1" timestamp="2026-04-09T19:16:40Z" /><node changeset="1" id="6802495493" user="OSMnx" visible="true" lon="72.9780801" lat="19.2046478" version="1" uid="1" timestamp="2026-04-09T19:16:40Z" /><node changeset="1" id="6802495494" user="OSMnx" visible="true" lon="72.9784977" lat="19.2042193" version="1" uid="1" timestamp="2026-04-09T19:16:40Z" /><node changeset="1" id="6802495495" user="OSMnx" visible="true" lon="72.9787552" lat="19.2036747" version="1" uid="1" timestamp="2026-04-09T19:16:40Z" /><node changeset="1" id="6802495496" user="OSMnx" visible="true" lon="72.9788035" lat="19.2035481" version="1" uid="1" timestamp="2026-04-09T19:16:40Z" /><node changeset="1" id="6802495497" user="OSMnx" visible="true" lon="72.978884" lat="19.2032011" version="1" uid="1" timestamp="2026-04-09T19:16:40Z" /><node changeset="1" id="6802495498" user="OSMnx" visible="true" lon="72.9789242" lat="19.2030136" version="1" uid="1" timestamp="2026-04-09T19:16:40Z" /><node changeset="1" id="6802495499" user="OSMnx" visible="true" lon="72.9789543" lat="19.2027497" version="1" uid="1" timestamp="2026-04-09T19:16:40Z" /><node changeset="1" id="6802495500" user="OSMnx" visible="true" lon="72.9789725" lat="19.2026438" version="1" uid="1" timestamp="2026-04-09T19:16:40Z" /><node changeset="1" id="6802495501" user="OSMnx" visible="true" lon="72.9791227" lat="19.2022031" version="1" uid="1" timestamp="2026-04-09T19:16:40Z" /><node changeset="1" id="6802495502" user="OSMnx" visible="true" lon="72.9791844" lat="19.2020587" version="1" uid="1" timestamp="2026-04-09T19:16:40Z" /><node changeset="1" id="6802495503" user="OSMnx" visible="true" lon="72.9792622" lat="19.2019244" version="1" uid="1" timestamp="2026-04-09T19:16:40Z" /><node changeset="1" id="6802495504" user="OSMnx" visible="true" lon="72.9793882" lat="19.2017269" version="1" uid="1" timestamp="2026-04-09T19:16:40Z" /><node changeset="1" id="6802495505" user="OSMnx" visible="true" lon="72.9794285" lat="19.2016281" version="1" uid="1" timestamp="2026-04-09T19:16:40Z" /><node changeset="1" id="6802495506" user="OSMnx" visible="true" lon="72.9794848" lat="19.2012735" version="1" uid="1" timestamp="2026-04-09T19:16:40Z" /><node changeset="1" id="6802495507" user="OSMnx" visible="true" lon="72.9795787" lat="19.2005718" version="1" uid="1" timestamp="2026-04-09T19:16:40Z" /><node changeset="1" id="6802495508" user="OSMnx" visible="true" lon="72.9795621" lat="19.20029" version="1" uid="1" timestamp="2026-04-09T19:16:40Z" /><node changeset="1" id="6802495517" user="OSMnx" visible="true" lon="72.9796538" lat="19.2002603" version="1" uid="1" timestamp="2026-04-09T19:16:40Z" /><node changeset="1" id="6802495518" user="OSMnx" visible="true" lon="72.9796511" lat="19.2005313" version="1" uid="1" timestamp="2026-04-09T19:16:40Z" /><node changeset="1" id="6802495532" user="OSMnx" visible="true" lon="72.9775107" lat="19.2046347" version="1" uid="1" timestamp="2026-04-09T19:16:40Z" /><node changeset="1" id="6802495533" user="OSMnx" visible="true" lon="72.9773766" lat="19.2037406" version="1" uid="1" timestamp="2026-04-09T19:16:40Z" /><node changeset="1" id="6802847776" user="OSMnx" visible="true" lon="72.989041" lat="19.2150341" version="1" uid="1" timestamp="2026-04-09T19:16:40Z" /><node changeset="1" id="6802847784" user="OSMnx" visible="true" lon="72.9908196" lat="19.2150786" version="1" uid="1" timestamp="2026-04-09T19:16:40Z" /><node changeset="1" id="6802851986" user="OSMnx" visible="true" lon="72.9905457" lat="19.2150152" version="1" uid="1" timestamp="2026-04-09T19:16:40Z" /><node changeset="1" id="6802852002" user="OSMnx" visible="true" lon="72.9840338" lat="19.2156425" version="1" uid="1" timestamp="2026-04-09T19:16:40Z" /><node changeset="1" id="6802852003" user="OSMnx" visible="true" lon="72.985096" lat="19.2156628" version="1" uid="1" timestamp="2026-04-09T19:16:40Z" /><node changeset="1" id="6802852004" user="OSMnx" visible="true" lon="72.9858389" lat="19.2157653" version="1" uid="1" timestamp="2026-04-09T19:16:40Z" /><node changeset="1" id="6802852005" user="OSMnx" visible="true" lon="72.9859275" lat="19.2157134" version="1" uid="1" timestamp="2026-04-09T19:16:40Z" /><node changeset="1" id="6802852014" user="OSMnx" visible="true" lon="72.988889" lat="19.2150355" version="1" uid="1" timestamp="2026-04-09T19:16:40Z" /><node changeset="1" id="6802852090" user="OSMnx" visible="true" lon="72.9731976" lat="19.2019927" version="1" uid="1" timestamp="2026-04-09T19:16:40Z" /><node changeset="1" id="6802852097" user="OSMnx" visible="true" lon="72.9733586" lat="19.2018282" version="1" uid="1" timestamp="2026-04-09T19:16:40Z" /><node changeset="1" id="6802852098" user="OSMnx" visible="true" lon="72.9734011" lat="19.2018683" version="1" uid="1" timestamp="2026-04-09T19:16:40Z" /><node changeset="1" id="7010109318" user="OSMnx" visible="true" lon="72.9776408" lat="19.2051983" version="1" uid="1" timestamp="2026-04-09T19:16:40Z" /><node changeset="1" id="7010109319" user="OSMnx" visible="true" lon="72.977736" lat="19.2065901" version="1" uid="1" timestamp="2026-04-09T19:16:40Z" /><node changeset="1" id="7010109320" user="OSMnx" visible="true" lon="72.9774658" lat="19.2049826" version="1" uid="1" timestamp="2026-04-09T19:16:40Z" /><node changeset="1" id="7010109321" user="OSMnx" visible="true" lon="72.977852" lat="19.2048614" version="1" uid="1" timestamp="2026-04-09T19:16:40Z" /><node changeset="1" id="7010109322" user="OSMnx" visible="true" lon="72.9777353" lat="19.2049051" version="1" uid="1" timestamp="2026-04-09T19:16:40Z" /><node changeset="1" id="7010109323" user="OSMnx" visible="true" lon="72.977791" lat="19.2048855" version="1" uid="1" timestamp="2026-04-09T19:16:40Z" /><node changeset="1" id="7010109324" user="OSMnx" visible="true" lon="72.9777003" lat="19.2049672" version="1" uid="1" timestamp="2026-04-09T19:16:40Z" /><node changeset="1" id="7010109325" user="OSMnx" visible="true" lon="72.9776624" lat="19.2049038" version="1" uid="1" timestamp="2026-04-09T19:16:40Z" /><node changeset="1" id="7010109326" user="OSMnx" visible="true" lon="72.9775966" lat="19.2048763" version="1" uid="1" timestamp="2026-04-09T19:16:40Z" /><node changeset="1" id="7010109327" user="OSMnx" visible="true" lon="72.9775645" lat="19.2048772" version="1" uid="1" timestamp="2026-04-09T19:16:40Z" /><node changeset="1" id="7010109328" user="OSMnx" visible="true" lon="72.9775338" lat="19.2048862" version="1" uid="1" timestamp="2026-04-09T19:16:40Z" /><node changeset="1" id="7010109329" user="OSMnx" visible="true" lon="72.9775068" lat="19.2049027" version="1" uid="1" timestamp="2026-04-09T19:16:40Z" /><node changeset="1" id="7010109330" user="OSMnx" visible="true" lon="72.9774855" lat="19.2049254" version="1" uid="1" timestamp="2026-04-09T19:16:40Z" /><node changeset="1" id="7010109331" user="OSMnx" visible="true" lon="72.9774715" lat="19.2049527" version="1" uid="1" timestamp="2026-04-09T19:16:40Z" /><node changeset="1" id="7010109332" user="OSMnx" visible="true" lon="72.9774689" lat="19.2050132" version="1" uid="1" timestamp="2026-04-09T19:16:40Z" /><node changeset="1" id="7010109333" user="OSMnx" visible="true" lon="72.9775298" lat="19.2050866" version="1" uid="1" timestamp="2026-04-09T19:16:40Z" /><node changeset="1" id="7010109334" user="OSMnx" visible="true" lon="72.9775645" lat="19.2050975" version="1" uid="1" timestamp="2026-04-09T19:16:40Z" /><node changeset="1" id="7010109335" user="OSMnx" visible="true" lon="72.977601" lat="19.2050979" version="1" uid="1" timestamp="2026-04-09T19:16:40Z" /><node changeset="1" id="7010109336" user="OSMnx" visible="true" lon="72.977657" lat="19.2050752" version="1" uid="1" timestamp="2026-04-09T19:16:40Z" /><node changeset="1" id="7010109337" user="OSMnx" visible="true" lon="72.9776748" lat="19.2050588" version="1" uid="1" timestamp="2026-04-09T19:16:40Z" /><node changeset="1" id="7010109338" user="OSMnx" visible="true" lon="72.9777009" lat="19.2050042" version="1" uid="1" timestamp="2026-04-09T19:16:40Z" /><node changeset="1" id="7010109339" user="OSMnx" visible="true" lon="72.9776887" lat="19.2050392" version="1" uid="1" timestamp="2026-04-09T19:16:40Z" /><node changeset="1" id="7103910192" user="OSMnx" visible="true" lon="72.9736328" lat="19.2096267" version="1" uid="1" timestamp="2026-04-09T19:16:40Z" /><node changeset="1" id="7123985970" user="OSMnx" visible="true" lon="72.9698475" lat="19.2283694" version="1" uid="1" timestamp="2026-04-09T19:16:40Z"><tag k="highway" v="traffic_signals" /></node><node changeset="1" id="7123985971" user="OSMnx" visible="true" lon="72.9698891" lat="19.2283119" version="1" uid="1" timestamp="2026-04-09T19:16:40Z"><tag k="highway" v="traffic_signals" /></node><node changeset="1" id="7123985976" user="OSMnx" visible="true" lon="72.9694853" lat="19.2281915" version="1" uid="1" timestamp="2026-04-09T19:16:40Z"><tag k="highway" v="traffic_signals" /></node><node changeset="1" id="7123985977" user="OSMnx" visible="true" lon="72.9696923" lat="19.2279421" version="1" uid="1" timestamp="2026-04-09T19:16:40Z"><tag k="highway" v="crossing" /></node><node changeset="1" id="7123985982" user="OSMnx" visible="true" lon="72.9733472" lat="19.2285099" version="1" uid="1" timestamp="2026-04-09T19:16:40Z" /><node changeset="1" id="7123985984" user="OSMnx" visible="true" lon="72.9732761" lat="19.2284315" version="1" uid="1" timestamp="2026-04-09T19:16:40Z" /><node changeset="1" id="7123994586" user="OSMnx" visible="true" lon="72.9733208" lat="19.2284984" version="1" uid="1" timestamp="2026-04-09T19:16:40Z" /><node changeset="1" id="7123994588" user="OSMnx" visible="true" lon="72.9734272" lat="19.2285003" version="1" uid="1" timestamp="2026-04-09T19:16:40Z" /><node changeset="1" id="7123994589" user="OSMnx" visible="true" lon="72.9734758" lat="19.2284152" version="1" uid="1" timestamp="2026-04-09T19:16:40Z" /><node changeset="1" id="7123994591" user="OSMnx" visible="true" lon="72.9734597" lat="19.2283674" version="1" uid="1" timestamp="2026-04-09T19:16:40Z" /><node changeset="1" id="7123994592" user="OSMnx" visible="true" lon="72.9734209" lat="19.2283345" version="1" uid="1" timestamp="2026-04-09T19:16:40Z" /><node changeset="1" id="7123994593" user="OSMnx" visible="true" lon="72.9733966" lat="19.2283264" version="1" uid="1" timestamp="2026-04-09T19:16:40Z" /><node changeset="1" id="7123994594" user="OSMnx" visible="true" lon="72.9733708" lat="19.2283244" version="1" uid="1" timestamp="2026-04-09T19:16:40Z" /><node changeset="1" id="7123994595" user="OSMnx" visible="true" lon="72.9734481" lat="19.2284845" version="1" uid="1" timestamp="2026-04-09T19:16:40Z" /><node changeset="1" id="7123994596" user="OSMnx" visible="true" lon="72.9734638" lat="19.228464" version="1" uid="1" timestamp="2026-04-09T19:16:40Z" /><node changeset="1" id="7123994597" user="OSMnx" visible="true" lon="72.9734733" lat="19.2284404" version="1" uid="1" timestamp="2026-04-09T19:16:40Z" /><node changeset="1" id="7123994599" user="OSMnx" visible="true" lon="72.9732992" lat="19.2283575" version="1" uid="1" timestamp="2026-04-09T19:16:40Z" /><node changeset="1" id="7123994600" user="OSMnx" visible="true" lon="72.9732842" lat="19.2283798" version="1" uid="1" timestamp="2026-04-09T19:16:40Z" /><node changeset="1" id="7123994601" user="OSMnx" visible="true" lon="72.9732763" lat="19.2284051" version="1" uid="1" timestamp="2026-04-09T19:16:40Z" /><node changeset="1" id="7123994603" user="OSMnx" visible="true" lon="72.9733812" lat="19.2285686" version="1" uid="1" timestamp="2026-04-09T19:16:40Z" /><node changeset="1" id="7238493754" user="OSMnx" visible="true" lon="72.9854853" lat="19.2019208" version="1" uid="1" timestamp="2026-04-09T19:16:40Z" /><node changeset="1" id="7238493755" user="OSMnx" visible="true" lon="72.9853755" lat="19.2008775" version="1" uid="1" timestamp="2026-04-09T19:16:40Z" /><node changeset="1" id="7238493756" user="OSMnx" visible="true" lon="72.9854671" lat="19.2008651" version="1" uid="1" timestamp="2026-04-09T19:16:40Z" /><node changeset="1" id="7238493757" user="OSMnx" visible="true" lon="72.9854888" lat="19.2015602" version="1" uid="1" timestamp="2026-04-09T19:16:40Z" /><node changeset="1" id="7238493758" user="OSMnx" visible="true" lon="72.985428" lat="19.2018123" version="1" uid="1" timestamp="2026-04-09T19:16:40Z" /><node changeset="1" id="7238493759" user="OSMnx" visible="true" lon="72.9855111" lat="19.2018054" version="1" uid="1" timestamp="2026-04-09T19:16:40Z" /><node changeset="1" id="7238493760" user="OSMnx" visible="true" lon="72.9853982" lat="19.2016243" version="1" uid="1" timestamp="2026-04-09T19:16:40Z" /><node changeset="1" id="7238493761" user="OSMnx" visible="true" lon="72.9853779" lat="19.2013551" version="1" uid="1" timestamp="2026-04-09T19:16:40Z" /><node changeset="1" id="7238493762" user="OSMnx" visible="true" lon="72.9853737" lat="19.2010994" version="1" uid="1" timestamp="2026-04-09T19:16:40Z" /><node changeset="1" id="7238493763" user="OSMnx" visible="true" lon="72.9854696" lat="19.2013508" version="1" uid="1" timestamp="2026-04-09T19:16:40Z" /><node changeset="1" id="7238493764" user="OSMnx" visible="true" lon="72.9854622" lat="19.2011061" version="1" uid="1" timestamp="2026-04-09T19:16:40Z" /><node changeset="1" id="7239257007" user="OSMnx" visible="true" lon="72.9774221" lat="19.1996335" version="1" uid="1" timestamp="2026-04-09T19:16:40Z" /><node changeset="1" id="7239257008" user="OSMnx" visible="true" lon="72.9773937" lat="19.1998165" version="1" uid="1" timestamp="2026-04-09T19:16:40Z" /><node changeset="1" id="7239257010" user="OSMnx" visible="true" lon="72.9857994" lat="19.2027846" version="1" uid="1" timestamp="2026-04-09T19:16:40Z" /><node changeset="1" id="7239257011" user="OSMnx" visible="true" lon="72.9857397" lat="19.2026628" version="1" uid="1" timestamp="2026-04-09T19:16:40Z" /><node changeset="1" id="7239257012" user="OSMnx" visible="true" lon="72.9804222" lat="19.2027325" version="1" uid="1" timestamp="2026-04-09T19:16:40Z" /><node changeset="1" id="7280084182" user="OSMnx" visible="true" lon="72.9689896" lat="19.2283618" version="1" uid="1" timestamp="2026-04-09T19:16:40Z" /><node changeset="1" id="7280084184" user="OSMnx" visible="true" lon="72.9683749" lat="19.2284345" version="1" uid="1" timestamp="2026-04-09T19:16:40Z" /><node changeset="1" id="7280128587" user="OSMnx" visible="true" lon="72.9672081" lat="19.2286676" version="1" uid="1" timestamp="2026-04-09T19:16:40Z" /><node changeset="1" id="7280128588" user="OSMnx" visible="true" lon="72.9656939" lat="19.2291862" version="1" uid="1" timestamp="2026-04-09T19:16:40Z" /><node changeset="1" id="7280128590" user="OSMnx" visible="true" lon="72.9654036" lat="19.2291911" version="1" uid="1" timestamp="2026-04-09T19:16:40Z" /><node changeset="1" id="7280128591" user="OSMnx" visible="true" lon="72.9651548" lat="19.2291214" version="1" uid="1" timestamp="2026-04-09T19:16:40Z" /><node changeset="1" id="7280128592" user="OSMnx" visible="true" lon="72.9650657" lat="19.2290505" version="1" uid="1" timestamp="2026-04-09T19:16:40Z" /><node changeset="1" id="7280128593" user="OSMnx" visible="true" lon="72.9648872" lat="19.2288235" version="1" uid="1" timestamp="2026-04-09T19:16:40Z" /><node changeset="1" id="7280128599" user="OSMnx" visible="true" lon="72.963842" lat="19.2263469" version="1" uid="1" timestamp="2026-04-09T19:16:40Z" /><node changeset="1" id="7280128602" user="OSMnx" visible="true" lon="72.9602591" lat="19.2211236" version="1" uid="1" timestamp="2026-04-09T19:16:40Z" /><node changeset="1" id="7280128605" user="OSMnx" visible="true" lon="72.9673195" lat="19.2285246" version="1" uid="1" timestamp="2026-04-09T19:16:40Z"><tag k="highway" v="bus_stop" /></node><node changeset="1" id="7280128606" user="OSMnx" visible="true" lon="72.9658397" lat="19.227774" version="1" uid="1" timestamp="2026-04-09T19:16:40Z" /><node changeset="1" id="7280128608" user="OSMnx" visible="true" lon="72.9660989" lat="19.2288477" version="1" uid="1" timestamp="2026-04-09T19:16:40Z" /><node changeset="1" id="7280128609" user="OSMnx" visible="true" lon="72.9625658" lat="19.2254114" version="1" uid="1" timestamp="2026-04-09T19:16:40Z" /><node changeset="1" id="7280128610" user="OSMnx" visible="true" lon="72.9602929" lat="19.2211865" version="1" uid="1" timestamp="2026-04-09T19:16:40Z" /><node changeset="1" id="7280128622" user="OSMnx" visible="true" lon="72.9639299" lat="19.2264717" version="1" uid="1" timestamp="2026-04-09T19:16:40Z" /><node changeset="1" id="7280128623" user="OSMnx" visible="true" lon="72.9652653" lat="19.2291709" version="1" uid="1" timestamp="2026-04-09T19:16:40Z" /><node changeset="1" id="7280128630" user="OSMnx" visible="true" lon="72.9699804" lat="19.2224451" version="1" uid="1" timestamp="2026-04-09T19:16:40Z" /><node changeset="1" id="7280128640" user="OSMnx" visible="true" lon="72.9700267" lat="19.2226653" version="1" uid="1" timestamp="2026-04-09T19:16:40Z" /><node changeset="1" id="7280128641" user="OSMnx" visible="true" lon="72.9700518" lat="19.2226243" version="1" uid="1" timestamp="2026-04-09T19:16:40Z" /><node changeset="1" id="7280128642" user="OSMnx" visible="true" lon="72.9698254" lat="19.2226804" version="1" uid="1" timestamp="2026-04-09T19:16:40Z" /><node changeset="1" id="7280128643" user="OSMnx" visible="true" lon="72.9698873" lat="19.2227097" version="1" uid="1" timestamp="2026-04-09T19:16:40Z" /><node changeset="1" id="7280128644" user="OSMnx" visible="true" lon="72.9699282" lat="19.2227125" version="1" uid="1" timestamp="2026-04-09T19:16:40Z" /><node changeset="1" id="7280128646" user="OSMnx" visible="true" lon="72.9699492" lat="19.2224476" version="1" uid="1" timestamp="2026-04-09T19:16:40Z" /><node changeset="1" id="7280128647" user="OSMnx" visible="true" lon="72.9698872" lat="19.2224475" version="1" uid="1" timestamp="2026-04-09T19:16:40Z" /><node changeset="1" id="7280128648" user="OSMnx" visible="true" lon="72.9698577" lat="19.222457" version="1" uid="1" timestamp="2026-04-09T19:16:40Z" /><node changeset="1" id="7280128649" user="OSMnx" visible="true" lon="72.9697905" lat="19.2226379" version="1" uid="1" timestamp="2026-04-09T19:16:40Z" /><node changeset="1" id="7280128650" user="OSMnx" visible="true" lon="72.9698057" lat="19.2226608" version="1" uid="1" timestamp="2026-04-09T19:16:40Z" /><node changeset="1" id="7280128651" user="OSMnx" visible="true" lon="72.9700097" lat="19.2226813" version="1" uid="1" timestamp="2026-04-09T19:16:40Z" /><node changeset="1" id="7280128656" user="OSMnx" visible="true" lon="72.9699761" lat="19.2223782" version="1" uid="1" timestamp="2026-04-09T19:16:40Z"><tag k="highway" v="bus_stop" /></node><node changeset="1" id="7280128657" user="OSMnx" visible="true" lon="72.9698126" lat="19.2224245" version="1" uid="1" timestamp="2026-04-09T19:16:40Z"><tag k="highway" v="bus_stop" /></node><node changeset="1" id="7280128658" user="OSMnx" visible="true" lon="72.9697837" lat="19.2225348" version="1" uid="1" timestamp="2026-04-09T19:16:40Z" /><node changeset="1" id="7280128664" user="OSMnx" visible="true" lon="72.9696771" lat="19.2280282" version="1" uid="1" timestamp="2026-04-09T19:16:40Z"><tag k="highway" v="traffic_signals" /></node><node changeset="1" id="7280128666" user="OSMnx" visible="true" lon="72.9698168" lat="19.2280637" version="1" uid="1" timestamp="2026-04-09T19:16:40Z"><tag k="highway" v="traffic_signals" /></node><node changeset="1" id="7302192115" user="OSMnx" visible="true" lon="72.9638898" lat="19.2250589" version="1" uid="1" timestamp="2026-04-09T19:16:40Z" /><node changeset="1" id="7330879062" user="OSMnx" visible="true" lon="72.9729402" lat="19.2032631" version="1" uid="1" timestamp="2026-04-09T19:16:40Z" /><node changeset="1" id="7330879063" user="OSMnx" visible="true" lon="72.9707783" lat="19.202868" version="1" uid="1" timestamp="2026-04-09T19:16:40Z" /><node changeset="1" id="7330879064" user="OSMnx" visible="true" lon="72.9707247" lat="19.2028832" version="1" uid="1" timestamp="2026-04-09T19:16:40Z" /><node changeset="1" id="7330879065" user="OSMnx" visible="true" lon="72.970144" lat="19.2022195" version="1" uid="1" timestamp="2026-04-09T19:16:40Z" /><node changeset="1" id="7330879066" user="OSMnx" visible="true" lon="72.9701789" lat="19.2022778" version="1" uid="1" timestamp="2026-04-09T19:16:40Z" /><node changeset="1" id="7330879067" user="OSMnx" visible="true" lon="72.9706107" lat="19.2017193" version="1" uid="1" timestamp="2026-04-09T19:16:40Z" /><node changeset="1" id="7330879068" user="OSMnx" visible="true" lon="72.9701065" lat="19.2016813" version="1" uid="1" timestamp="2026-04-09T19:16:40Z" /><node changeset="1" id="7330879069" user="OSMnx" visible="true" lon="72.9701561" lat="19.2017231" version="1" uid="1" timestamp="2026-04-09T19:16:40Z" /><node changeset="1" id="7330879070" user="OSMnx" visible="true" lon="72.9700702" lat="19.2016104" version="1" uid="1" timestamp="2026-04-09T19:16:40Z" /><node changeset="1" id="7330879071" user="OSMnx" visible="true" lon="72.9700381" lat="19.2014976" version="1" uid="1" timestamp="2026-04-09T19:16:40Z" /><node changeset="1" id="7330879072" user="OSMnx" visible="true" lon="72.9701507" lat="19.2007099" version="1" uid="1" timestamp="2026-04-09T19:16:40Z" /><node changeset="1" id="7330879073" user="OSMnx" visible="true" lon="72.970136" lat="19.2006313" version="1" uid="1" timestamp="2026-04-09T19:16:40Z" /><node changeset="1" id="7330879074" user="OSMnx" visible="true" lon="72.9701467" lat="19.2007732" version="1" uid="1" timestamp="2026-04-09T19:16:40Z" /><node changeset="1" id="7330879077" user="OSMnx" visible="true" lon="72.9668128" lat="19.2030806" version="1" uid="1" timestamp="2026-04-09T19:16:40Z" /><node changeset="1" id="7331353173" user="OSMnx" visible="true" lon="72.994478" lat="19.2194509" version="1" uid="1" timestamp="2026-04-09T19:16:40Z" /><node changeset="1" id="7331353175" user="OSMnx" visible="true" lon="72.9887044" lat="19.2348978" version="1" uid="1" timestamp="2026-04-09T19:16:40Z" /><node changeset="1" id="7331353176" user="OSMnx" visible="true" lon="72.9886393" lat="19.2347803" version="1" uid="1" timestamp="2026-04-09T19:16:40Z" /><node changeset="1" id="7331361856" user="OSMnx" visible="true" lon="72.9943052" lat="19.2245073" version="1" uid="1" timestamp="2026-04-09T19:16:40Z" /><node changeset="1" id="7331361941" user="OSMnx" visible="true" lon="72.988507" lat="19.2297069" version="1" uid="1" timestamp="2026-04-09T19:16:40Z" /><node changeset="1" id="7331361942" user="OSMnx" visible="true" lon="72.9873752" lat="19.2289924" version="1" uid="1" timestamp="2026-04-09T19:16:40Z" /><node changeset="1" id="7331361945" user="OSMnx" visible="true" lon="72.9861838" lat="19.2310928" version="1" uid="1" timestamp="2026-04-09T19:16:40Z" /><node changeset="1" id="7331361954" user="OSMnx" visible="true" lon="72.9889365" lat="19.2266968" version="1" uid="1" timestamp="2026-04-09T19:16:40Z" /><node changeset="1" id="7331361956" user="OSMnx" visible="true" lon="72.9887924" lat="19.2266392" version="1" uid="1" timestamp="2026-04-09T19:16:40Z" /><node changeset="1" id="7334214574" user="OSMnx" visible="true" lon="72.9892743" lat="19.2299642" version="1" uid="1" timestamp="2026-04-09T19:16:40Z" /><node changeset="1" id="7334296263" user="OSMnx" visible="true" lon="72.9878725" lat="19.2336575" version="1" uid="1" timestamp="2026-04-09T19:16:40Z" /><node changeset="1" id="7340258770" user="OSMnx" visible="true" lon="72.9707726" lat="19.2342962" version="1" uid="1" timestamp="2026-04-09T19:16:40Z" /><node changeset="1" id="7345834096" user="OSMnx" visible="true" lon="72.9948485" lat="19.2167379" version="1" uid="1" timestamp="2026-04-09T19:16:40Z" /><node changeset="1" id="7345834098" user="OSMnx" visible="true" lon="72.9949183" lat="19.2168304" version="1" uid="1" timestamp="2026-04-09T19:16:40Z" /><node changeset="1" id="7345834120" user="OSMnx" visible="true" lon="72.9974837" lat="19.2203475" version="1" uid="1" timestamp="2026-04-09T19:16:40Z" /><node changeset="1" id="7345834124" user="OSMnx" visible="true" lon="72.9971726" lat="19.2198739" version="1" uid="1" timestamp="2026-04-09T19:16:40Z" /><node changeset="1" id="7345834128" user="OSMnx" visible="true" lon="72.9921664" lat="19.2089578" version="1" uid="1" timestamp="2026-04-09T19:16:40Z" /><node changeset="1" id="7345834132" user="OSMnx" visible="true" lon="72.9901855" lat="19.2098739" version="1" uid="1" timestamp="2026-04-09T19:16:40Z" /><node changeset="1" id="7345834138" user="OSMnx" visible="true" lon="72.9933773" lat="19.2140962" version="1" uid="1" timestamp="2026-04-09T19:16:40Z" /><node changeset="1" id="7345834152" user="OSMnx" visible="true" lon="72.9914784" lat="19.2078831" version="1" uid="1" timestamp="2026-04-09T19:16:40Z" /><node changeset="1" id="7345834156" user="OSMnx" visible="true" lon="72.9914784" lat="19.2078325" version="1" uid="1" timestamp="2026-04-09T19:16:40Z" /><node changeset="1" id="7345834160" user="OSMnx" visible="true" lon="72.9967407" lat="19.2192686" version="1" uid="1" timestamp="2026-04-09T19:16:40Z" /><node changeset="1" id="7345834168" user="OSMnx" visible="true" lon="72.9915159" lat="19.2077362" version="1" uid="1" timestamp="2026-04-09T19:16:40Z" /><node changeset="1" id="7345834179" user="OSMnx" visible="true" lon="72.9915159" lat="19.2080047" version="1" uid="1" timestamp="2026-04-09T19:16:40Z" /><node changeset="1" id="7345834184" user="OSMnx" visible="true" lon="72.9935637" lat="19.2139375" version="1" uid="1" timestamp="2026-04-09T19:16:40Z" /><node changeset="1" id="7345834196" user="OSMnx" visible="true" lon="72.9948069" lat="19.2166571" version="1" uid="1" timestamp="2026-04-09T19:16:40Z" /><node changeset="1" id="7346079843" user="OSMnx" visible="true" lon="72.9910297" lat="19.2067934" version="1" uid="1" timestamp="2026-04-09T19:16:40Z" /><node changeset="1" id="7346079844" user="OSMnx" visible="true" lon="72.9910907" lat="19.206737" version="1" uid="1" timestamp="2026-04-09T19:16:40Z" /><node changeset="1" id="7346079845" user="OSMnx" visible="true" lon="72.9917586" lat="19.2074577" version="1" uid="1" timestamp="2026-04-09T19:16:40Z" /><node changeset="1" id="7346079864" user="OSMnx" visible="true" lon="72.9895028" lat="19.2178612" version="1" uid="1" timestamp="2026-04-09T19:16:40Z" /><node changeset="1" id="7346079866" user="OSMnx" visible="true" lon="72.9910892" lat="19.2175333" version="1" uid="1" timestamp="2026-04-09T19:16:40Z" /><node changeset="1" id="7349890364" user="OSMnx" visible="true" lon="72.9904443" lat="19.2189579" version="1" uid="1" timestamp="2026-04-09T19:16:40Z" /><node changeset="1" id="7350403537" user="OSMnx" visible="true" lon="72.9980466" lat="19.2223986" version="1" uid="1" timestamp="2026-04-09T19:16:40Z" /><node changeset="1" id="7361622711" user="OSMnx" visible="true" lon="72.9605996" lat="19.2009704" version="1" uid="1" timestamp="2026-04-09T19:16:40Z" /><node changeset="1" id="7365843913" user="OSMnx" visible="true" lon="72.9830052" lat="19.2338446" version="1" uid="1" timestamp="2026-04-09T19:16:40Z" /><node changeset="1" id="7365843914" user="OSMnx" visible="true" lon="72.9829623" lat="19.2339724" version="1" uid="1" timestamp="2026-04-09T19:16:40Z" /><node changeset="1" id="7365843915" user="OSMnx" visible="true" lon="72.9830629" lat="19.2337939" version="1" uid="1" timestamp="2026-04-09T19:16:40Z" /><node changeset="1" id="7365843916" user="OSMnx" visible="true" lon="72.9829824" lat="19.2340674" version="1" uid="1" timestamp="2026-04-09T19:16:40Z" /><node changeset="1" id="7365843918" user="OSMnx" visible="true" lon="72.9818746" lat="19.2353564" version="1" uid="1" timestamp="2026-04-09T19:16:40Z" /><node changeset="1" id="7365843919" user="OSMnx" visible="true" lon="72.9814224" lat="19.2353181" version="1" uid="1" timestamp="2026-04-09T19:16:40Z" /><node changeset="1" id="7365843924" user="OSMnx" visible="true" lon="72.9802712" lat="19.2318475" version="1" uid="1" timestamp="2026-04-09T19:16:40Z" /><node changeset="1" id="7365843925" user="OSMnx" visible="true" lon="72.9805148" lat="19.2321655" version="1" uid="1" timestamp="2026-04-09T19:16:40Z" /><node changeset="1" id="7365843926" user="OSMnx" visible="true" lon="72.9808742" lat="19.2327151" version="1" uid="1" timestamp="2026-04-09T19:16:40Z" /><node changeset="1" id="7365843927" user="OSMnx" visible="true" lon="72.9808983" lat="19.2328746" version="1" uid="1" timestamp="2026-04-09T19:16:40Z" /><node changeset="1" id="7365843928" user="OSMnx" visible="true" lon="72.9811692" lat="19.2340345" version="1" uid="1" timestamp="2026-04-09T19:16:40Z" /><node changeset="1" id="7365843929" user="OSMnx" visible="true" lon="72.9801044" lat="19.2349335" version="1" uid="1" timestamp="2026-04-09T19:16:40Z" /><node changeset="1" id="7365843930" user="OSMnx" visible="true" lon="72.9794633" lat="19.2352324" version="1" uid="1" timestamp="2026-04-09T19:16:40Z" /><node changeset="1" id="7365843931" user="OSMnx" visible="true" lon="72.9793292" lat="19.234655" version="1" uid="1" timestamp="2026-04-09T19:16:40Z" /><node changeset="1" id="7365843932" user="OSMnx" visible="true" lon="72.9770306" lat="19.2348474" version="1" uid="1" timestamp="2026-04-09T19:16:40Z" /><node changeset="1" id="7365843933" user="OSMnx" visible="true" lon="72.9779613" lat="19.2352324" version="1" uid="1" timestamp="2026-04-09T19:16:40Z" /><node changeset="1" id="7365843937" user="OSMnx" visible="true" lon="72.9771312" lat="19.2354362" version="1" uid="1" timestamp="2026-04-09T19:16:40Z" /><node changeset="1" id="7365875385" user="OSMnx" visible="true" lon="72.9825145" lat="19.232008" version="1" uid="1" timestamp="2026-04-09T19:16:40Z" /><node changeset="1" id="7365875386" user="OSMnx" visible="true" lon="72.9825224" lat="19.2319578" version="1" uid="1" timestamp="2026-04-09T19:16:40Z" /><node changeset="1" id="7365875387" user="OSMnx" visible="true" lon="72.9824714" lat="19.231892" version="1" uid="1" timestamp="2026-04-09T19:16:40Z" /><node changeset="1" id="7365875388" user="OSMnx" visible="true" lon="72.9823977" lat="19.2318692" version="1" uid="1" timestamp="2026-04-09T19:16:40Z" /><node changeset="1" id="7365875389" user="OSMnx" visible="true" lon="72.9820557" lat="19.2312386" version="1" uid="1" timestamp="2026-04-09T19:16:40Z" /><node changeset="1" id="7365875390" user="OSMnx" visible="true" lon="72.9820369" lat="19.2311968" version="1" uid="1" timestamp="2026-04-09T19:16:40Z" /><node changeset="1" id="7365875391" user="OSMnx" visible="true" lon="72.9819632" lat="19.231169" version="1" uid="1" timestamp="2026-04-09T19:16:40Z" /><node changeset="1" id="7365875392" user="OSMnx" visible="true" lon="72.9819202" lat="19.2311816" version="1" uid="1" timestamp="2026-04-09T19:16:40Z" /><node changeset="1" id="7365875393" user="OSMnx" visible="true" lon="72.980665" lat="19.2315298" version="1" uid="1" timestamp="2026-04-09T19:16:40Z" /><node changeset="1" id="7365875401" user="OSMnx" visible="true" lon="72.9799193" lat="19.2331608" version="1" uid="1" timestamp="2026-04-09T19:16:40Z" /><node changeset="1" id="7365875402" user="OSMnx" visible="true" lon="72.9799354" lat="19.2330164" version="1" uid="1" timestamp="2026-04-09T19:16:40Z" /><node changeset="1" id="7365875403" user="OSMnx" visible="true" lon="72.9799837" lat="19.2329582" version="1" uid="1" timestamp="2026-04-09T19:16:40Z" /><node changeset="1" id="7365875404" user="OSMnx" visible="true" lon="72.980048" lat="19.2328619" version="1" uid="1" timestamp="2026-04-09T19:16:40Z" /><node changeset="1" id="7365875405" user="OSMnx" visible="true" lon="72.9800883" lat="19.2327733" version="1" uid="1" timestamp="2026-04-09T19:16:40Z" /><node changeset="1" id="7365875406" user="OSMnx" visible="true" lon="72.9800696" lat="19.2322871" version="1" uid="1" timestamp="2026-04-09T19:16:40Z" /><node changeset="1" id="7365875407" user="OSMnx" visible="true" lon="72.980083" lat="19.2321427" version="1" uid="1" timestamp="2026-04-09T19:16:40Z" /><node changeset="1" id="7365934524" user="OSMnx" visible="true" lon="72.9835564" lat="19.2291239" version="1" uid="1" timestamp="2026-04-09T19:16:40Z" /><node changeset="1" id="7365934535" user="OSMnx" visible="true" lon="72.9868683" lat="19.2317447" version="1" uid="1" timestamp="2026-04-09T19:16:40Z" /><node changeset="1" id="7365934538" user="OSMnx" visible="true" lon="72.9856835" lat="19.2306165" version="1" uid="1" timestamp="2026-04-09T19:16:40Z" /><node changeset="1" id="7365934540" user="OSMnx" visible="true" lon="72.9845898" lat="19.2322044" version="1" uid="1" timestamp="2026-04-09T19:16:40Z" /><node changeset="1" id="7365934544" user="OSMnx" visible="true" lon="72.9831873" lat="19.2316809" version="1" uid="1" timestamp="2026-04-09T19:16:40Z" /><node changeset="1" id="7365934545" user="OSMnx" visible="true" lon="72.984574" lat="19.2321675" version="1" uid="1" timestamp="2026-04-09T19:16:40Z" /><node changeset="1" id="7365934547" user="OSMnx" visible="true" lon="72.9845464" lat="19.2321374" version="1" uid="1" timestamp="2026-04-09T19:16:40Z" /><node changeset="1" id="7365934548" user="OSMnx" visible="true" lon="72.9845101" lat="19.2321173" version="1" uid="1" timestamp="2026-04-09T19:16:40Z" /><node changeset="1" id="7365934551" user="OSMnx" visible="true" lon="72.9844767" lat="19.2321098" version="1" uid="1" timestamp="2026-04-09T19:16:40Z" /><node changeset="1" id="7365934555" user="OSMnx" visible="true" lon="72.9843819" lat="19.2321372" version="1" uid="1" timestamp="2026-04-09T19:16:40Z" /><node changeset="1" id="7365934556" user="OSMnx" visible="true" lon="72.984344" lat="19.232187" version="1" uid="1" timestamp="2026-04-09T19:16:40Z" /><node changeset="1" id="7365934557" user="OSMnx" visible="true" lon="72.9843354" lat="19.2322266" version="1" uid="1" timestamp="2026-04-09T19:16:40Z" /><node changeset="1" id="7365934558" user="OSMnx" visible="true" lon="72.984341" lat="19.2322668" version="1" uid="1" timestamp="2026-04-09T19:16:40Z" /><node changeset="1" id="7365934561" user="OSMnx" visible="true" lon="72.9843603" lat="19.2323029" version="1" uid="1" timestamp="2026-04-09T19:16:40Z" /><node changeset="1" id="7365934562" user="OSMnx" visible="true" lon="72.9843911" lat="19.2323311" version="1" uid="1" timestamp="2026-04-09T19:16:40Z" /><node changeset="1" id="7365934563" user="OSMnx" visible="true" lon="72.9844309" lat="19.2323484" version="1" uid="1" timestamp="2026-04-09T19:16:40Z" /><node changeset="1" id="7365934564" user="OSMnx" visible="true" lon="72.9844746" lat="19.2323521" version="1" uid="1" timestamp="2026-04-09T19:16:40Z" /><node changeset="1" id="7365934572" user="OSMnx" visible="true" lon="72.984517" lat="19.2323417" version="1" uid="1" timestamp="2026-04-09T19:16:40Z" /><node changeset="1" id="7365934573" user="OSMnx" visible="true" lon="72.9845533" lat="19.2323186" version="1" uid="1" timestamp="2026-04-09T19:16:40Z" /><node changeset="1" id="7365934575" user="OSMnx" visible="true" lon="72.9839114" lat="19.2319848" version="1" uid="1" timestamp="2026-04-09T19:16:40Z" /><node changeset="1" id="7365934576" user="OSMnx" visible="true" lon="72.9836714" lat="19.2319078" version="1" uid="1" timestamp="2026-04-09T19:16:40Z" /><node changeset="1" id="7365934577" user="OSMnx" visible="true" lon="72.9834173" lat="19.2318427" version="1" uid="1" timestamp="2026-04-09T19:16:40Z" /><node changeset="1" id="7365934578" user="OSMnx" visible="true" lon="72.983151" lat="19.2317806" version="1" uid="1" timestamp="2026-04-09T19:16:40Z" /><node changeset="1" id="7365952183" user="OSMnx" visible="true" lon="72.9863673" lat="19.2277741" version="1" uid="1" timestamp="2026-04-09T19:16:40Z" /><node changeset="1" id="7365952184" user="OSMnx" visible="true" lon="72.9861394" lat="19.2280299" version="1" uid="1" timestamp="2026-04-09T19:16:40Z" /><node changeset="1" id="7366008385" user="OSMnx" visible="true" lon="72.9859704" lat="19.2281793" version="1" uid="1" timestamp="2026-04-09T19:16:40Z" /><node changeset="1" id="7366008396" user="OSMnx" visible="true" lon="72.9790944" lat="19.2247048" version="1" uid="1" timestamp="2026-04-09T19:16:40Z" /><node changeset="1" id="7366008400" user="OSMnx" visible="true" lon="72.9776198" lat="19.2246459" version="1" uid="1" timestamp="2026-04-09T19:16:40Z" /><node changeset="1" id="7366008403" user="OSMnx" visible="true" lon="72.9790137" lat="19.2254438" version="1" uid="1" timestamp="2026-04-09T19:16:40Z" /><node changeset="1" id="7366008404" user="OSMnx" visible="true" lon="72.9795706" lat="19.2267636" version="1" uid="1" timestamp="2026-04-09T19:16:40Z" /><node changeset="1" id="7366008405" user="OSMnx" visible="true" lon="72.9795438" lat="19.2266116" version="1" uid="1" timestamp="2026-04-09T19:16:40Z" /><node changeset="1" id="7366008406" user="OSMnx" visible="true" lon="72.9794902" lat="19.2265204" version="1" uid="1" timestamp="2026-04-09T19:16:40Z" /><node changeset="1" id="7366008407" user="OSMnx" visible="true" lon="72.9794177" lat="19.2264799" version="1" uid="1" timestamp="2026-04-09T19:16:40Z" /><node changeset="1" id="7366008426" user="OSMnx" visible="true" lon="72.9795197" lat="19.2283351" version="1" uid="1" timestamp="2026-04-09T19:16:40Z" /><node changeset="1" id="7366008437" user="OSMnx" visible="true" lon="72.9780564" lat="19.2308733" version="1" uid="1" timestamp="2026-04-09T19:16:40Z" /><node changeset="1" id="7366008438" user="OSMnx" visible="true" lon="72.9797584" lat="19.2304282" version="1" uid="1" timestamp="2026-04-09T19:16:40Z" /><node changeset="1" id="7366008439" user="OSMnx" visible="true" lon="72.9801743" lat="19.2312477" version="1" uid="1" timestamp="2026-04-09T19:16:40Z" /><node changeset="1" id="7366008440" user="OSMnx" visible="true" lon="72.9793076" lat="19.2310586" version="1" uid="1" timestamp="2026-04-09T19:16:40Z" /><node changeset="1" id="7366008441" user="OSMnx" visible="true" lon="72.9768726" lat="19.2307903" version="1" uid="1" timestamp="2026-04-09T19:16:40Z" /><node changeset="1" id="7366008442" user="OSMnx" visible="true" lon="72.9767317" lat="19.2307863" version="1" uid="1" timestamp="2026-04-09T19:16:40Z" /><node changeset="1" id="7366137804" user="OSMnx" visible="true" lon="72.9680264" lat="19.2256479" version="1" uid="1" timestamp="2026-04-09T19:16:40Z" /><node changeset="1" id="7366137805" user="OSMnx" visible="true" lon="72.9676711" lat="19.2253427" version="1" uid="1" timestamp="2026-04-09T19:16:40Z" /><node changeset="1" id="7366137806" user="OSMnx" visible="true" lon="72.9676469" lat="19.2252554" version="1" uid="1" timestamp="2026-04-09T19:16:40Z" /><node changeset="1" id="7366137814" user="OSMnx" visible="true" lon="72.9663742" lat="19.2269687" version="1" uid="1" timestamp="2026-04-09T19:16:40Z" /><node changeset="1" id="7366137829" user="OSMnx" visible="true" lon="72.9749251" lat="19.2281819" version="1" uid="1" timestamp="2026-04-09T19:16:40Z" /><node changeset="1" id="7366137830" user="OSMnx" visible="true" lon="72.974748" lat="19.2282122" version="1" uid="1" timestamp="2026-04-09T19:16:40Z" /><node changeset="1" id="7366137831" user="OSMnx" visible="true" lon="72.9744303" lat="19.2284001" version="1" uid="1" timestamp="2026-04-09T19:16:40Z" /><node changeset="1" id="7366248532" user="OSMnx" visible="true" lon="72.9702221" lat="19.2317449" version="1" uid="1" timestamp="2026-04-09T19:16:40Z" /><node changeset="1" id="7366248535" user="OSMnx" visible="true" lon="72.9701786" lat="19.2323067" version="1" uid="1" timestamp="2026-04-09T19:16:40Z" /><node changeset="1" id="7366248537" user="OSMnx" visible="true" lon="72.9700853" lat="19.231736" version="1" uid="1" timestamp="2026-04-09T19:16:40Z" /><node changeset="1" id="7366248542" user="OSMnx" visible="true" lon="72.9702933" lat="19.2322587" version="1" uid="1" timestamp="2026-04-09T19:16:40Z" /><node changeset="1" id="7366248543" user="OSMnx" visible="true" lon="72.9703549" lat="19.232294" version="1" uid="1" timestamp="2026-04-09T19:16:40Z"><tag k="highway" v="crossing" /></node><node changeset="1" id="7366248550" user="OSMnx" visible="true" lon="72.9695778" lat="19.2320494" version="1" uid="1" timestamp="2026-04-09T19:16:40Z"><tag k="highway" v="crossing" /></node><node changeset="1" id="7366287325" user="OSMnx" visible="true" lon="72.9824687" lat="19.2282967" version="1" uid="1" timestamp="2026-04-09T19:16:40Z" /><node changeset="1" id="7366287326" user="OSMnx" visible="true" lon="72.9798509" lat="19.2258542" version="1" uid="1" timestamp="2026-04-09T19:16:40Z" /><node changeset="1" id="7366287329" user="OSMnx" visible="true" lon="72.9879485" lat="19.2335297" version="1" uid="1" timestamp="2026-04-09T19:16:40Z"><tag k="highway" v="bus_stop" /></node><node changeset="1" id="7366287331" user="OSMnx" visible="true" lon="72.987578" lat="19.2323145" version="1" uid="1" timestamp="2026-04-09T19:16:40Z" /><node changeset="1" id="7366287332" user="OSMnx" visible="true" lon="72.9873759" lat="19.2320186" version="1" uid="1" timestamp="2026-04-09T19:16:40Z" /><node changeset="1" id="7366287334" user="OSMnx" visible="true" lon="72.9853799" lat="19.2301548" version="1" uid="1" timestamp="2026-04-09T19:16:40Z" /><node changeset="1" id="7366287335" user="OSMnx" visible="true" lon="72.9850852" lat="19.2299065" version="1" uid="1" timestamp="2026-04-09T19:16:40Z" /><node changeset="1" id="7366287337" user="OSMnx" visible="true" lon="72.9820081" lat="19.2280105" version="1" uid="1" timestamp="2026-04-09T19:16:40Z" /><node changeset="1" id="7366287338" user="OSMnx" visible="true" lon="72.9817405" lat="19.2278399" version="1" uid="1" timestamp="2026-04-09T19:16:40Z" /><node changeset="1" id="7366287339" user="OSMnx" visible="true" lon="72.9810662" lat="19.2273804" version="1" uid="1" timestamp="2026-04-09T19:16:40Z" /><node changeset="1" id="7366287342" user="OSMnx" visible="true" lon="72.9802548" lat="19.2268484" version="1" uid="1" timestamp="2026-04-09T19:16:40Z" /><node changeset="1" id="7366287343" user="OSMnx" visible="true" lon="72.9801825" lat="19.2267172" version="1" uid="1" timestamp="2026-04-09T19:16:40Z" /><node changeset="1" id="7366287345" user="OSMnx" visible="true" lon="72.9799074" lat="19.2259344" version="1" uid="1" timestamp="2026-04-09T19:16:40Z" /><node changeset="1" id="7366326284" user="OSMnx" visible="true" lon="72.9873594" lat="19.2353125" version="1" uid="1" timestamp="2026-04-09T19:16:40Z" /><node changeset="1" id="7366332684" user="OSMnx" visible="true" lon="72.9862698" lat="19.2310146" version="1" uid="1" timestamp="2026-04-09T19:16:40Z" /><node changeset="1" id="7366340611" user="OSMnx" visible="true" lon="72.9700155" lat="19.2322836" version="1" uid="1" timestamp="2026-04-09T19:16:40Z"><tag k="highway" v="traffic_signals" /></node><node changeset="1" id="7366340614" user="OSMnx" visible="true" lon="72.9698387" lat="19.2322607" version="1" uid="1" timestamp="2026-04-09T19:16:40Z"><tag k="highway" v="traffic_signals" /></node><node changeset="1" id="7366340616" user="OSMnx" visible="true" lon="72.9698652" lat="19.2323086" version="1" uid="1" timestamp="2026-04-09T19:16:40Z"><tag k="highway" v="traffic_signals" /></node><node changeset="1" id="7366340622" user="OSMnx" visible="true" lon="72.9700012" lat="19.2321873" version="1" uid="1" timestamp="2026-04-09T19:16:40Z"><tag k="highway" v="traffic_signals" /></node><node changeset="1" id="7366340624" user="OSMnx" visible="true" lon="72.9699788" lat="19.2321698" version="1" uid="1" timestamp="2026-04-09T19:16:40Z" /><node changeset="1" id="7366340625" user="OSMnx" visible="true" lon="72.9699517" lat="19.2321596" version="1" uid="1" timestamp="2026-04-09T19:16:40Z" /><node changeset="1" id="7366340626" user="OSMnx" visible="true" lon="72.9699227" lat="19.2321577" version="1" uid="1" timestamp="2026-04-09T19:16:40Z"><tag k="highway" v="traffic_signals" /></node><node changeset="1" id="7366340627" user="OSMnx" visible="true" lon="72.9698785" lat="19.2321725" version="1" uid="1" timestamp="2026-04-09T19:16:40Z"><tag k="highway" v="traffic_signals" /></node><node changeset="1" id="7366340628" user="OSMnx" visible="true" lon="72.9698588" lat="19.2321895" version="1" uid="1" timestamp="2026-04-09T19:16:40Z" /><node changeset="1" id="7366340629" user="OSMnx" visible="true" lon="72.9698449" lat="19.2322111" version="1" uid="1" timestamp="2026-04-09T19:16:40Z" /><node changeset="1" id="7366340631" user="OSMnx" visible="true" lon="72.9699491" lat="19.2323324" version="1" uid="1" timestamp="2026-04-09T19:16:40Z"><tag k="highway" v="traffic_signals" /></node><node changeset="1" id="7366356185" user="OSMnx" visible="true" lon="72.9862104" lat="19.2309555" version="1" uid="1" timestamp="2026-04-09T19:16:40Z" /><node changeset="1" id="7366380222" user="OSMnx" visible="true" lon="72.9814588" lat="19.2251924" version="1" uid="1" timestamp="2026-04-09T19:16:40Z" /><node changeset="1" id="7366380223" user="OSMnx" visible="true" lon="72.9813793" lat="19.225128" version="1" uid="1" timestamp="2026-04-09T19:16:40Z" /><node changeset="1" id="7366380226" user="OSMnx" visible="true" lon="72.9840231" lat="19.2189338" version="1" uid="1" timestamp="2026-04-09T19:16:40Z" /><node changeset="1" id="7366380227" user="OSMnx" visible="true" lon="72.9832746" lat="19.2201189" version="1" uid="1" timestamp="2026-04-09T19:16:40Z" /><node changeset="1" id="7366380229" user="OSMnx" visible="true" lon="72.9824496" lat="19.2221397" version="1" uid="1" timestamp="2026-04-09T19:16:40Z" /><node changeset="1" id="7366380230" user="OSMnx" visible="true" lon="72.9823279" lat="19.2234015" version="1" uid="1" timestamp="2026-04-09T19:16:40Z" /><node changeset="1" id="7366380231" user="OSMnx" visible="true" lon="72.9822608" lat="19.2236472" version="1" uid="1" timestamp="2026-04-09T19:16:40Z" /><node changeset="1" id="7366380232" user="OSMnx" visible="true" lon="72.9819122" lat="19.2246792" version="1" uid="1" timestamp="2026-04-09T19:16:40Z" /><node changeset="1" id="7366380233" user="OSMnx" visible="true" lon="72.9817217" lat="19.2249523" version="1" uid="1" timestamp="2026-04-09T19:16:40Z" /><node changeset="1" id="7366380234" user="OSMnx" visible="true" lon="72.981082" lat="19.2254552" version="1" uid="1" timestamp="2026-04-09T19:16:40Z" /><node changeset="1" id="7366380237" user="OSMnx" visible="true" lon="72.9800467" lat="19.2259475" version="1" uid="1" timestamp="2026-04-09T19:16:40Z" /><node changeset="1" id="7366380238" user="OSMnx" visible="true" lon="72.9799495" lat="19.2260194" version="1" uid="1" timestamp="2026-04-09T19:16:40Z" /><node changeset="1" id="7366380239" user="OSMnx" visible="true" lon="72.9798438" lat="19.2260682" version="1" uid="1" timestamp="2026-04-09T19:16:40Z" /><node changeset="1" id="7371534230" user="OSMnx" visible="true" lon="72.9702435" lat="19.2321284" version="1" uid="1" timestamp="2026-04-09T19:16:40Z"><tag k="highway" v="crossing" /></node><node changeset="1" id="7371534231" user="OSMnx" visible="true" lon="72.9699992" lat="19.2323062" version="1" uid="1" timestamp="2026-04-09T19:16:40Z" /><node changeset="1" id="7371534232" user="OSMnx" visible="true" lon="72.969848" lat="19.2322866" version="1" uid="1" timestamp="2026-04-09T19:16:40Z" /><node changeset="1" id="7371534233" user="OSMnx" visible="true" lon="72.9698996" lat="19.2321625" version="1" uid="1" timestamp="2026-04-09T19:16:40Z" /><node changeset="1" id="7371534234" user="OSMnx" visible="true" lon="72.9700227" lat="19.232263" version="1" uid="1" timestamp="2026-04-09T19:16:40Z" /><node changeset="1" id="7371534235" user="OSMnx" visible="true" lon="72.9699763" lat="19.232323" version="1" uid="1" timestamp="2026-04-09T19:16:40Z" /><node changeset="1" id="7371534237" user="OSMnx" visible="true" lon="72.9702821" lat="19.2323065" version="1" uid="1" timestamp="2026-04-09T19:16:40Z" /><node changeset="1" id="7371534243" user="OSMnx" visible="true" lon="72.9840862" lat="19.2320563" version="1" uid="1" timestamp="2026-04-09T19:16:40Z" /><node changeset="1" id="7371534250" user="OSMnx" visible="true" lon="72.9816456" lat="19.2248955" version="1" uid="1" timestamp="2026-04-09T19:16:40Z" /><node changeset="1" id="7371534252" user="OSMnx" visible="true" lon="72.9813788" lat="19.2252642" version="1" uid="1" timestamp="2026-04-09T19:16:40Z" /><node changeset="1" id="7371534254" user="OSMnx" visible="true" lon="72.9789518" lat="19.2256958" version="1" uid="1" timestamp="2026-04-09T19:16:40Z" /><node changeset="1" id="7371534255" user="OSMnx" visible="true" lon="72.9788316" lat="19.2257933" version="1" uid="1" timestamp="2026-04-09T19:16:40Z" /><node changeset="1" id="7371534256" user="OSMnx" visible="true" lon="72.9788701" lat="19.2257569" version="1" uid="1" timestamp="2026-04-09T19:16:40Z" /><node changeset="1" id="7371534257" user="OSMnx" visible="true" lon="72.97881" lat="19.2258398" version="1" uid="1" timestamp="2026-04-09T19:16:40Z" /><node changeset="1" id="7371534258" user="OSMnx" visible="true" lon="72.978998" lat="19.2256143" version="1" uid="1" timestamp="2026-04-09T19:16:40Z" /><node changeset="1" id="7371534259" user="OSMnx" visible="true" lon="72.9789826" lat="19.225658" version="1" uid="1" timestamp="2026-04-09T19:16:40Z" /><node changeset="1" id="7371534260" user="OSMnx" visible="true" lon="72.9801027" lat="19.2269132" version="1" uid="1" timestamp="2026-04-09T19:16:40Z" /><node changeset="1" id="7371534262" user="OSMnx" visible="true" lon="72.9801491" lat="19.2266459" version="1" uid="1" timestamp="2026-04-09T19:16:40Z" /><node changeset="1" id="7371534263" user="OSMnx" visible="true" lon="72.9874924" lat="19.2321512" version="1" uid="1" timestamp="2026-04-09T19:16:40Z" /><node changeset="1" id="7371534265" user="OSMnx" visible="true" lon="72.9878173" lat="19.2337932" version="1" uid="1" timestamp="2026-04-09T19:16:40Z" /><node changeset="1" id="7374824422" user="OSMnx" visible="true" lon="72.9628256" lat="19.2131908" version="1" uid="1" timestamp="2026-04-09T19:16:40Z" /><node changeset="1" id="7374824423" user="OSMnx" visible="true" lon="72.9625761" lat="19.2131553" version="1" uid="1" timestamp="2026-04-09T19:16:40Z" /><node changeset="1" id="7374824424" user="OSMnx" visible="true" lon="72.9625398" lat="19.2124578" version="1" uid="1" timestamp="2026-04-09T19:16:40Z" /><node changeset="1" id="7374824429" user="OSMnx" visible="true" lon="72.9636222" lat="19.2149498" version="1" uid="1" timestamp="2026-04-09T19:16:40Z" /><node changeset="1" id="7374824430" user="OSMnx" visible="true" lon="72.9635691" lat="19.2148977" version="1" uid="1" timestamp="2026-04-09T19:16:40Z" /><node changeset="1" id="7374824431" user="OSMnx" visible="true" lon="72.9632038" lat="19.2175218" version="1" uid="1" timestamp="2026-04-09T19:16:40Z" /><node changeset="1" id="7374824432" user="OSMnx" visible="true" lon="72.9636383" lat="19.2148891" version="1" uid="1" timestamp="2026-04-09T19:16:40Z" /><node changeset="1" id="7374824433" user="OSMnx" visible="true" lon="72.9626057" lat="19.2103388" version="1" uid="1" timestamp="2026-04-09T19:16:40Z" /><node changeset="1" id="7374824435" user="OSMnx" visible="true" lon="72.9629382" lat="19.2112481" version="1" uid="1" timestamp="2026-04-09T19:16:40Z" /><node changeset="1" id="7374824436" user="OSMnx" visible="true" lon="72.9627719" lat="19.2105389" version="1" uid="1" timestamp="2026-04-09T19:16:40Z" /><node changeset="1" id="7374824451" user="OSMnx" visible="true" lon="72.9609649" lat="19.2043917" version="1" uid="1" timestamp="2026-04-09T19:16:40Z" /><node changeset="1" id="7374824454" user="OSMnx" visible="true" lon="72.9627864" lat="19.2090783" version="1" uid="1" timestamp="2026-04-09T19:16:40Z" /><node changeset="1" id="7374824455" user="OSMnx" visible="true" lon="72.9663228" lat="19.2060412" version="1" uid="1" timestamp="2026-04-09T19:16:40Z" /><node changeset="1" id="7374841009" user="OSMnx" visible="true" lon="72.962989" lat="19.2089243" version="1" uid="1" timestamp="2026-04-09T19:16:40Z" /><node changeset="1" id="7374841012" user="OSMnx" visible="true" lon="72.9629081" lat="19.2088234" version="1" uid="1" timestamp="2026-04-09T19:16:40Z" /><node changeset="1" id="7375137295" user="OSMnx" visible="true" lon="72.9643276" lat="19.2174585" version="1" uid="1" timestamp="2026-04-09T19:16:40Z" /><node changeset="1" id="7375137296" user="OSMnx" visible="true" lon="72.9642364" lat="19.2181348" version="1" uid="1" timestamp="2026-04-09T19:16:40Z" /><node changeset="1" id="7375137297" user="OSMnx" visible="true" lon="72.9642177" lat="19.2181981" version="1" uid="1" timestamp="2026-04-09T19:16:40Z" /><node changeset="1" id="7375137298" user="OSMnx" visible="true" lon="72.9641828" lat="19.2182462" version="1" uid="1" timestamp="2026-04-09T19:16:40Z" /><node changeset="1" id="7375137299" user="OSMnx" visible="true" lon="72.9641238" lat="19.2182715" version="1" uid="1" timestamp="2026-04-09T19:16:40Z" /><node changeset="1" id="7375137300" user="OSMnx" visible="true" lon="72.9640299" lat="19.2182842" version="1" uid="1" timestamp="2026-04-09T19:16:40Z" /><node changeset="1" id="7375137301" user="OSMnx" visible="true" lon="72.9638556" lat="19.2182715" version="1" uid="1" timestamp="2026-04-09T19:16:40Z" /><node changeset="1" id="7375137302" user="OSMnx" visible="true" lon="72.9634613" lat="19.2182715" version="1" uid="1" timestamp="2026-04-09T19:16:40Z" /><node changeset="1" id="7375137303" user="OSMnx" visible="true" lon="72.9632628" lat="19.2182943" version="1" uid="1" timestamp="2026-04-09T19:16:40Z" /><node changeset="1" id="7375137304" user="OSMnx" visible="true" lon="72.9627947" lat="19.2172179" version="1" uid="1" timestamp="2026-04-09T19:16:40Z" /><node changeset="1" id="7375137305" user="OSMnx" visible="true" lon="72.9628269" lat="19.217166" version="1" uid="1" timestamp="2026-04-09T19:16:40Z" /><node changeset="1" id="7375137306" user="OSMnx" visible="true" lon="72.9629329" lat="19.2171356" version="1" uid="1" timestamp="2026-04-09T19:16:40Z" /><node changeset="1" id="7375137307" user="OSMnx" visible="true" lon="72.9630429" lat="19.2171457" version="1" uid="1" timestamp="2026-04-09T19:16:40Z" /><node changeset="1" id="7375137308" user="OSMnx" visible="true" lon="72.9635149" lat="19.2170102" version="1" uid="1" timestamp="2026-04-09T19:16:40Z" /><node changeset="1" id="7375137309" user="OSMnx" visible="true" lon="72.9634827" lat="19.2171014" version="1" uid="1" timestamp="2026-04-09T19:16:40Z" /><node changeset="1" id="7375137310" user="OSMnx" visible="true" lon="72.9633701" lat="19.2172052" version="1" uid="1" timestamp="2026-04-09T19:16:40Z" /><node changeset="1" id="7375137311" user="OSMnx" visible="true" lon="72.9632306" lat="19.2171926" version="1" uid="1" timestamp="2026-04-09T19:16:40Z" /><node changeset="1" id="7375137312" user="OSMnx" visible="true" lon="72.9635686" lat="19.2165417" version="1" uid="1" timestamp="2026-04-09T19:16:40Z" /><node changeset="1" id="7375137313" user="OSMnx" visible="true" lon="72.9635739" lat="19.2162934" version="1" uid="1" timestamp="2026-04-09T19:16:40Z" /><node changeset="1" id="7375137314" user="OSMnx" visible="true" lon="72.963531" lat="19.216182" version="1" uid="1" timestamp="2026-04-09T19:16:40Z" /><node changeset="1" id="7375137315" user="OSMnx" visible="true" lon="72.963472" lat="19.2161313" version="1" uid="1" timestamp="2026-04-09T19:16:40Z" /><node changeset="1" id="7375137316" user="OSMnx" visible="true" lon="72.9658002" lat="19.216648" version="1" uid="1" timestamp="2026-04-09T19:16:40Z" /><node changeset="1" id="7375137317" user="OSMnx" visible="true" lon="72.9655105" lat="19.2166024" version="1" uid="1" timestamp="2026-04-09T19:16:40Z" /><node changeset="1" id="7375137318" user="OSMnx" visible="true" lon="72.9653978" lat="19.2166379" version="1" uid="1" timestamp="2026-04-09T19:16:40Z" /><node changeset="1" id="7375137319" user="OSMnx" visible="true" lon="72.965312" lat="19.2166936" version="1" uid="1" timestamp="2026-04-09T19:16:40Z" /><node changeset="1" id="7375137320" user="OSMnx" visible="true" lon="72.9657147" lat="19.2155178" version="1" uid="1" timestamp="2026-04-09T19:16:40Z" /><node changeset="1" id="7375137321" user="OSMnx" visible="true" lon="72.9657076" lat="19.2155741" version="1" uid="1" timestamp="2026-04-09T19:16:40Z" /><node changeset="1" id="7375137322" user="OSMnx" visible="true" lon="72.9656929" lat="19.2156451" version="1" uid="1" timestamp="2026-04-09T19:16:40Z" /><node changeset="1" id="7375137323" user="OSMnx" visible="true" lon="72.9656379" lat="19.2157489" version="1" uid="1" timestamp="2026-04-09T19:16:40Z" /><node changeset="1" id="7375137324" user="OSMnx" visible="true" lon="72.965599" lat="19.2157945" version="1" uid="1" timestamp="2026-04-09T19:16:40Z" /><node changeset="1" id="7375137325" user="OSMnx" visible="true" lon="72.9655521" lat="19.2158147" version="1" uid="1" timestamp="2026-04-09T19:16:40Z" /><node changeset="1" id="7375137326" user="OSMnx" visible="true" lon="72.9651484" lat="19.2158325" version="1" uid="1" timestamp="2026-04-09T19:16:40Z" /><node changeset="1" id="7375137327" user="OSMnx" visible="true" lon="72.9650894" lat="19.2158211" version="1" uid="1" timestamp="2026-04-09T19:16:40Z" /><node changeset="1" id="7375137328" user="OSMnx" visible="true" lon="72.9650532" lat="19.2158034" version="1" uid="1" timestamp="2026-04-09T19:16:40Z" /><node changeset="1" id="7375137329" user="OSMnx" visible="true" lon="72.9650384" lat="19.2157768" version="1" uid="1" timestamp="2026-04-09T19:16:40Z" /><node changeset="1" id="7375137336" user="OSMnx" visible="true" lon="72.9646777" lat="19.2148225" version="1" uid="1" timestamp="2026-04-09T19:16:40Z" /><node changeset="1" id="7375137337" user="OSMnx" visible="true" lon="72.9648104" lat="19.2149257" version="1" uid="1" timestamp="2026-04-09T19:16:40Z" /><node changeset="1" id="7375137338" user="OSMnx" visible="true" lon="72.9648077" lat="19.2148713" version="1" uid="1" timestamp="2026-04-09T19:16:40Z" /><node changeset="1" id="7375137339" user="OSMnx" visible="true" lon="72.964789" lat="19.2148371" version="1" uid="1" timestamp="2026-04-09T19:16:40Z" /><node changeset="1" id="7375137340" user="OSMnx" visible="true" lon="72.9647675" lat="19.2148257" version="1" uid="1" timestamp="2026-04-09T19:16:40Z" /><node changeset="1" id="7375137341" user="OSMnx" visible="true" lon="72.9646461" lat="19.214808" version="1" uid="1" timestamp="2026-04-09T19:16:40Z" /><node changeset="1" id="7375137342" user="OSMnx" visible="true" lon="72.9646267" lat="19.2147833" version="1" uid="1" timestamp="2026-04-09T19:16:40Z" /><node changeset="1" id="7375137343" user="OSMnx" visible="true" lon="72.9644805" lat="19.2140773" version="1" uid="1" timestamp="2026-04-09T19:16:40Z" /><node changeset="1" id="7375137344" user="OSMnx" visible="true" lon="72.9644671" lat="19.2139835" version="1" uid="1" timestamp="2026-04-09T19:16:40Z" /><node changeset="1" id="7375137345" user="OSMnx" visible="true" lon="72.9644296" lat="19.2139354" version="1" uid="1" timestamp="2026-04-09T19:16:40Z" /><node changeset="1" id="7375137346" user="OSMnx" visible="true" lon="72.9642981" lat="19.2139304" version="1" uid="1" timestamp="2026-04-09T19:16:40Z" /><node changeset="1" id="7375137347" user="OSMnx" visible="true" lon="72.9637375" lat="19.2121599" version="1" uid="1" timestamp="2026-04-09T19:16:40Z" /><node changeset="1" id="7375137348" user="OSMnx" visible="true" lon="72.9636839" lat="19.2120561" version="1" uid="1" timestamp="2026-04-09T19:16:40Z" /><node changeset="1" id="7375137350" user="OSMnx" visible="true" lon="72.9635712" lat="19.2119978" version="1" uid="1" timestamp="2026-04-09T19:16:40Z" /><node changeset="1" id="7375293990" user="OSMnx" visible="true" lon="72.960977" lat="19.2207596" version="1" uid="1" timestamp="2026-04-09T19:16:40Z" /><node changeset="1" id="7375293991" user="OSMnx" visible="true" lon="72.960799" lat="19.2207614" version="1" uid="1" timestamp="2026-04-09T19:16:40Z" /><node changeset="1" id="7375293992" user="OSMnx" visible="true" lon="72.9606255" lat="19.220724" version="1" uid="1" timestamp="2026-04-09T19:16:40Z" /><node changeset="1" id="7375293993" user="OSMnx" visible="true" lon="72.960297" lat="19.2111913" version="1" uid="1" timestamp="2026-04-09T19:16:40Z" /><node changeset="1" id="7375294002" user="OSMnx" visible="true" lon="72.9608079" lat="19.2124002" version="1" uid="1" timestamp="2026-04-09T19:16:40Z" /><node changeset="1" id="7375294014" user="OSMnx" visible="true" lon="72.9618385" lat="19.2171571" version="1" uid="1" timestamp="2026-04-09T19:16:40Z" /><node changeset="1" id="7375294017" user="OSMnx" visible="true" lon="72.9609312" lat="19.2186373" version="1" uid="1" timestamp="2026-04-09T19:16:40Z" /><node changeset="1" id="7375339543" user="OSMnx" visible="true" lon="72.9621255" lat="19.2038103" version="1" uid="1" timestamp="2026-04-09T19:16:40Z" /><node changeset="1" id="7375339544" user="OSMnx" visible="true" lon="72.9620325" lat="19.2036456" version="1" uid="1" timestamp="2026-04-09T19:16:40Z" /><node changeset="1" id="7375339561" user="OSMnx" visible="true" lon="72.9622007" lat="19.209389" version="1" uid="1" timestamp="2026-04-09T19:16:40Z" /><node changeset="1" id="7375425898" user="OSMnx" visible="true" lon="72.9631019" lat="19.2090116" version="1" uid="1" timestamp="2026-04-09T19:16:40Z" /><node changeset="1" id="7375425899" user="OSMnx" visible="true" lon="72.9628739" lat="19.2091889" version="1" uid="1" timestamp="2026-04-09T19:16:40Z" /><node changeset="1" id="7375425901" user="OSMnx" visible="true" lon="72.9627405" lat="19.2091134" version="1" uid="1" timestamp="2026-04-09T19:16:40Z" /><node changeset="1" id="7391552064" user="OSMnx" visible="true" lon="72.9791534" lat="19.2248361" version="1" uid="1" timestamp="2026-04-09T19:16:40Z" /><node changeset="1" id="7391552065" user="OSMnx" visible="true" lon="72.9790691" lat="19.2249603" version="1" uid="1" timestamp="2026-04-09T19:16:40Z" /><node changeset="1" id="7391552066" user="OSMnx" visible="true" lon="72.9790422" lat="19.2251553" version="1" uid="1" timestamp="2026-04-09T19:16:40Z" /><node changeset="1" id="7397772454" user="OSMnx" visible="true" lon="72.9771542" lat="19.2108125" version="1" uid="1" timestamp="2026-04-09T19:16:40Z" /><node changeset="1" id="7397772462" user="OSMnx" visible="true" lon="72.974504" lat="19.2044611" version="1" uid="1" timestamp="2026-04-09T19:16:40Z" /><node changeset="1" id="7397772463" user="OSMnx" visible="true" lon="72.9745214" lat="19.2048196" version="1" uid="1" timestamp="2026-04-09T19:16:40Z" /><node changeset="1" id="7397865784" user="OSMnx" visible="true" lon="72.9778498" lat="19.219439" version="1" uid="1" timestamp="2026-04-09T19:16:40Z" /><node changeset="1" id="7397873587" user="OSMnx" visible="true" lon="72.9833686" lat="19.2148466" version="1" uid="1" timestamp="2026-04-09T19:16:40Z" /><node changeset="1" id="7397873588" user="OSMnx" visible="true" lon="72.9835678" lat="19.2148162" version="1" uid="1" timestamp="2026-04-09T19:16:40Z" /><node changeset="1" id="7397960738" user="OSMnx" visible="true" lon="72.972928" lat="19.2088745" version="1" uid="1" timestamp="2026-04-09T19:16:40Z" /><node changeset="1" id="7397960754" user="OSMnx" visible="true" lon="72.9822327" lat="19.2098239" version="1" uid="1" timestamp="2026-04-09T19:16:40Z" /><node changeset="1" id="7398051784" user="OSMnx" visible="true" lon="72.9732053" lat="19.2132574" version="1" uid="1" timestamp="2026-04-09T19:16:40Z" /><node changeset="1" id="7398093886" user="OSMnx" visible="true" lon="72.9750203" lat="19.2045866" version="1" uid="1" timestamp="2026-04-09T19:16:40Z" /><node changeset="1" id="7398093892" user="OSMnx" visible="true" lon="72.9723984" lat="19.2184697" version="1" uid="1" timestamp="2026-04-09T19:16:40Z" /><node changeset="1" id="7398093893" user="OSMnx" visible="true" lon="72.9716615" lat="19.2177935" version="1" uid="1" timestamp="2026-04-09T19:16:40Z" /><node changeset="1" id="7398093894" user="OSMnx" visible="true" lon="72.9711968" lat="19.2177254" version="1" uid="1" timestamp="2026-04-09T19:16:40Z" /><node changeset="1" id="7398093895" user="OSMnx" visible="true" lon="72.9709557" lat="19.2177403" version="1" uid="1" timestamp="2026-04-09T19:16:40Z" /><node changeset="1" id="7398093898" user="OSMnx" visible="true" lon="72.9755654" lat="19.218944" version="1" uid="1" timestamp="2026-04-09T19:16:40Z" /><node changeset="1" id="7398093899" user="OSMnx" visible="true" lon="72.9752154" lat="19.2188477" version="1" uid="1" timestamp="2026-04-09T19:16:40Z" /><node changeset="1" id="7398093900" user="OSMnx" visible="true" lon="72.9747152" lat="19.2187844" version="1" uid="1" timestamp="2026-04-09T19:16:40Z" /><node changeset="1" id="7398093901" user="OSMnx" visible="true" lon="72.9742941" lat="19.2188319" version="1" uid="1" timestamp="2026-04-09T19:16:40Z" /><node changeset="1" id="7398093902" user="OSMnx" visible="true" lon="72.9743604" lat="19.2188281" version="1" uid="1" timestamp="2026-04-09T19:16:40Z" /><node changeset="1" id="7398093903" user="OSMnx" visible="true" lon="72.974231" lat="19.2188135" version="1" uid="1" timestamp="2026-04-09T19:16:40Z" /><node changeset="1" id="7398093904" user="OSMnx" visible="true" lon="72.9738326" lat="19.2094539" version="1" uid="1" timestamp="2026-04-09T19:16:40Z" /><node changeset="1" id="7398093905" user="OSMnx" visible="true" lon="72.9673203" lat="19.2054259" version="1" uid="1" timestamp="2026-04-09T19:16:40Z" /><node changeset="1" id="7398093906" user="OSMnx" visible="true" lon="72.967269" lat="19.2053672" version="1" uid="1" timestamp="2026-04-09T19:16:40Z" /><node changeset="1" id="7400299770" user="OSMnx" visible="true" lon="72.9850502" lat="19.2237756" version="1" uid="1" timestamp="2026-04-09T19:16:40Z" /><node changeset="1" id="7400299771" user="OSMnx" visible="true" lon="72.9850136" lat="19.2237777" version="1" uid="1" timestamp="2026-04-09T19:16:40Z" /><node changeset="1" id="7400299772" user="OSMnx" visible="true" lon="72.9849789" lat="19.2237887" version="1" uid="1" timestamp="2026-04-09T19:16:40Z" /><node changeset="1" id="7400299774" user="OSMnx" visible="true" lon="72.9849056" lat="19.2238707" version="1" uid="1" timestamp="2026-04-09T19:16:40Z" /><node changeset="1" id="7400299775" user="OSMnx" visible="true" lon="72.9849" lat="19.2239114" version="1" uid="1" timestamp="2026-04-09T19:16:40Z" /><node changeset="1" id="7400299776" user="OSMnx" visible="true" lon="72.9849284" lat="19.223988" version="1" uid="1" timestamp="2026-04-09T19:16:40Z" /><node changeset="1" id="7400299777" user="OSMnx" visible="true" lon="72.9850413" lat="19.2240406" version="1" uid="1" timestamp="2026-04-09T19:16:40Z" /><node changeset="1" id="7400299778" user="OSMnx" visible="true" lon="72.9850839" lat="19.2240341" version="1" uid="1" timestamp="2026-04-09T19:16:40Z" /><node changeset="1" id="7400299779" user="OSMnx" visible="true" lon="72.9851629" lat="19.2239728" version="1" uid="1" timestamp="2026-04-09T19:16:40Z" /><node changeset="1" id="7400299780" user="OSMnx" visible="true" lon="72.9851749" lat="19.2239461" version="1" uid="1" timestamp="2026-04-09T19:16:40Z" /><node changeset="1" id="7400299781" user="OSMnx" visible="true" lon="72.9851805" lat="19.2239176" version="1" uid="1" timestamp="2026-04-09T19:16:40Z" /><node changeset="1" id="7400299782" user="OSMnx" visible="true" lon="72.9851794" lat="19.2238887" version="1" uid="1" timestamp="2026-04-09T19:16:40Z" /><node changeset="1" id="7400299783" user="OSMnx" visible="true" lon="72.9851716" lat="19.2238606" version="1" uid="1" timestamp="2026-04-09T19:16:40Z" /><node changeset="1" id="7400299784" user="OSMnx" visible="true" lon="72.9851576" lat="19.2238349" version="1" uid="1" timestamp="2026-04-09T19:16:40Z" /><node changeset="1" id="7400314985" user="OSMnx" visible="true" lon="72.985138" lat="19.2238126" version="1" uid="1" timestamp="2026-04-09T19:16:40Z" /><node changeset="1" id="7400314986" user="OSMnx" visible="true" lon="72.9849597" lat="19.2240165" version="1" uid="1" timestamp="2026-04-09T19:16:40Z" /><node changeset="1" id="7400430334" user="OSMnx" visible="true" lon="72.9871371" lat="19.2071847" version="1" uid="1" timestamp="2026-04-09T19:16:40Z" /><node changeset="1" id="7400430335" user="OSMnx" visible="true" lon="72.987117" lat="19.2071081" version="1" uid="1" timestamp="2026-04-09T19:16:40Z" /><node changeset="1" id="7400430336" user="OSMnx" visible="true" lon="72.9871117" lat="19.2070131" version="1" uid="1" timestamp="2026-04-09T19:16:40Z" /><node changeset="1" id="7400430337" user="OSMnx" visible="true" lon="72.9871184" lat="19.2069536" version="1" uid="1" timestamp="2026-04-09T19:16:40Z" /><node changeset="1" id="7400430338" user="OSMnx" visible="true" lon="72.9871948" lat="19.2065395" version="1" uid="1" timestamp="2026-04-09T19:16:40Z" /><node changeset="1" id="7400430339" user="OSMnx" visible="true" lon="72.9872096" lat="19.2064914" version="1" uid="1" timestamp="2026-04-09T19:16:40Z" /><node changeset="1" id="7400430340" user="OSMnx" visible="true" lon="72.9872297" lat="19.2064572" version="1" uid="1" timestamp="2026-04-09T19:16:40Z" /><node changeset="1" id="7400430341" user="OSMnx" visible="true" lon="72.987341" lat="19.2062913" version="1" uid="1" timestamp="2026-04-09T19:16:40Z" /><node changeset="1" id="7400430342" user="OSMnx" visible="true" lon="72.98751" lat="19.2059024" version="1" uid="1" timestamp="2026-04-09T19:16:40Z" /><node changeset="1" id="7400430345" user="OSMnx" visible="true" lon="72.9849731" lat="19.2058861" version="1" uid="1" timestamp="2026-04-09T19:16:40Z" /><node changeset="1" id="7400430346" user="OSMnx" visible="true" lon="72.9848023" lat="19.2058569" version="1" uid="1" timestamp="2026-04-09T19:16:40Z" /><node changeset="1" id="7400430347" user="OSMnx" visible="true" lon="72.9847379" lat="19.2058746" version="1" uid="1" timestamp="2026-04-09T19:16:40Z" /><node changeset="1" id="7400430348" user="OSMnx" visible="true" lon="72.9846844" lat="19.2058927" version="1" uid="1" timestamp="2026-04-09T19:16:40Z" /><node changeset="1" id="7400430349" user="OSMnx" visible="true" lon="72.9845548" lat="19.2060298" version="1" uid="1" timestamp="2026-04-09T19:16:40Z" /><node changeset="1" id="7400430350" user="OSMnx" visible="true" lon="72.9844851" lat="19.2060589" version="1" uid="1" timestamp="2026-04-09T19:16:40Z" /><node changeset="1" id="7400430351" user="OSMnx" visible="true" lon="72.9844375" lat="19.2060658" version="1" uid="1" timestamp="2026-04-09T19:16:40Z" /><node changeset="1" id="7400430353" user="OSMnx" visible="true" lon="72.9839413" lat="19.2060372" version="1" uid="1" timestamp="2026-04-09T19:16:40Z" /><node changeset="1" id="7400430355" user="OSMnx" visible="true" lon="72.9838848" lat="19.2060634" version="1" uid="1" timestamp="2026-04-09T19:16:40Z" /><node changeset="1" id="7400668305" user="OSMnx" visible="true" lon="72.983726" lat="19.214808" version="1" uid="1" timestamp="2026-04-09T19:16:40Z" /><node changeset="1" id="7400668306" user="OSMnx" visible="true" lon="72.9794278" lat="19.2102828" version="1" uid="1" timestamp="2026-04-09T19:16:40Z" /><node changeset="1" id="7400668307" user="OSMnx" visible="true" lon="72.9793709" lat="19.2102843" version="1" uid="1" timestamp="2026-04-09T19:16:40Z" /><node changeset="1" id="7400668308" user="OSMnx" visible="true" lon="72.9792819" lat="19.2100953" version="1" uid="1" timestamp="2026-04-09T19:16:40Z" /><node changeset="1" id="7400668309" user="OSMnx" visible="true" lon="72.9793004" lat="19.2100653" version="1" uid="1" timestamp="2026-04-09T19:16:40Z" /><node changeset="1" id="7400717793" user="OSMnx" visible="true" lon="72.9824531" lat="19.2044863" version="1" uid="1" timestamp="2026-04-09T19:16:40Z" /><node changeset="1" id="7400717794" user="OSMnx" visible="true" lon="72.9786661" lat="19.2111265" version="1" uid="1" timestamp="2026-04-09T19:16:40Z" /><node changeset="1" id="7400717795" user="OSMnx" visible="true" lon="72.9784441" lat="19.2111462" version="1" uid="1" timestamp="2026-04-09T19:16:40Z" /><node changeset="1" id="7400717796" user="OSMnx" visible="true" lon="72.9783019" lat="19.211136" version="1" uid="1" timestamp="2026-04-09T19:16:40Z" /><node changeset="1" id="7400717797" user="OSMnx" visible="true" lon="72.9778047" lat="19.2110179" version="1" uid="1" timestamp="2026-04-09T19:16:40Z" /><node changeset="1" id="7400717798" user="OSMnx" visible="true" lon="72.9777682" lat="19.2110157" version="1" uid="1" timestamp="2026-04-09T19:16:40Z" /><node changeset="1" id="7400717799" user="OSMnx" visible="true" lon="72.977733" lat="19.2110236" version="1" uid="1" timestamp="2026-04-09T19:16:40Z" /><node changeset="1" id="7400717800" user="OSMnx" visible="true" lon="72.9775925" lat="19.2111088" version="1" uid="1" timestamp="2026-04-09T19:16:40Z" /><node changeset="1" id="7400717801" user="OSMnx" visible="true" lon="72.9774819" lat="19.2111835" version="1" uid="1" timestamp="2026-04-09T19:16:40Z" /><node changeset="1" id="7400717802" user="OSMnx" visible="true" lon="72.9772913" lat="19.2112785" version="1" uid="1" timestamp="2026-04-09T19:16:40Z" /><node changeset="1" id="7400996210" user="OSMnx" visible="true" lon="72.978367" lat="19.2111462" version="1" uid="1" timestamp="2026-04-09T19:16:40Z" /><node changeset="1" id="7400996211" user="OSMnx" visible="true" lon="72.9831688" lat="19.2115023" version="1" uid="1" timestamp="2026-04-09T19:16:40Z" /><node changeset="1" id="7400996212" user="OSMnx" visible="true" lon="72.983197" lat="19.2117091" version="1" uid="1" timestamp="2026-04-09T19:16:40Z" /><node changeset="1" id="7400996213" user="OSMnx" visible="true" lon="72.9832198" lat="19.2117445" version="1" uid="1" timestamp="2026-04-09T19:16:40Z" /><node changeset="1" id="7400996219" user="OSMnx" visible="true" lon="72.9751879" lat="19.2123462" version="1" uid="1" timestamp="2026-04-09T19:16:40Z" /><node changeset="1" id="7400996223" user="OSMnx" visible="true" lon="72.9871771" lat="19.2072732" version="1" uid="1" timestamp="2026-04-09T19:16:40Z" /><node changeset="1" id="7400996224" user="OSMnx" visible="true" lon="72.9745947" lat="19.2041192" version="1" uid="1" timestamp="2026-04-09T19:16:40Z" /><node changeset="1" id="7400996225" user="OSMnx" visible="true" lon="72.974524" lat="19.2042662" version="1" uid="1" timestamp="2026-04-09T19:16:40Z" /><node changeset="1" id="7400996226" user="OSMnx" visible="true" lon="72.9745053" lat="19.2043599" version="1" uid="1" timestamp="2026-04-09T19:16:40Z" /><node changeset="1" id="7400996228" user="OSMnx" visible="true" lon="72.9775617" lat="19.2056751" version="1" uid="1" timestamp="2026-04-09T19:16:40Z" /><node changeset="1" id="7400996229" user="OSMnx" visible="true" lon="72.9775503" lat="19.2055231" version="1" uid="1" timestamp="2026-04-09T19:16:40Z" /><node changeset="1" id="7400996230" user="OSMnx" visible="true" lon="72.9776837" lat="19.2056397" version="1" uid="1" timestamp="2026-04-09T19:16:40Z" /><node changeset="1" id="7401229884" user="OSMnx" visible="true" lon="72.98419" lat="19.213821" version="1" uid="1" timestamp="2026-04-09T19:16:40Z" /><node changeset="1" id="7401301585" user="OSMnx" visible="true" lon="72.9843759" lat="19.2138262" version="1" uid="1" timestamp="2026-04-09T19:16:40Z" /><node changeset="1" id="7401301587" user="OSMnx" visible="true" lon="72.9777032" lat="19.2239456" version="1" uid="1" timestamp="2026-04-09T19:16:40Z" /><node changeset="1" id="7401376513" user="OSMnx" visible="true" lon="72.9873987" lat="19.2157996" version="1" uid="1" timestamp="2026-04-09T19:16:40Z" /><node changeset="1" id="7401376514" user="OSMnx" visible="true" lon="72.9874235" lat="19.2158546" version="1" uid="1" timestamp="2026-04-09T19:16:40Z" /><node changeset="1" id="7401376515" user="OSMnx" visible="true" lon="72.9874644" lat="19.2158983" version="1" uid="1" timestamp="2026-04-09T19:16:40Z" /><node changeset="1" id="7401376516" user="OSMnx" visible="true" lon="72.9875334" lat="19.2159059" version="1" uid="1" timestamp="2026-04-09T19:16:40Z" /><node changeset="1" id="7401376517" user="OSMnx" visible="true" lon="72.9877755" lat="19.2158768" version="1" uid="1" timestamp="2026-04-09T19:16:40Z" /><node changeset="1" id="7401376518" user="OSMnx" visible="true" lon="72.9880424" lat="19.215792" version="1" uid="1" timestamp="2026-04-09T19:16:40Z" /><node changeset="1" id="7401376519" user="OSMnx" visible="true" lon="72.9869078" lat="19.2156489" version="1" uid="1" timestamp="2026-04-09T19:16:40Z" /><node changeset="1" id="7401376520" user="OSMnx" visible="true" lon="72.9883294" lat="19.21564" version="1" uid="1" timestamp="2026-04-09T19:16:40Z" /><node changeset="1" id="7401549384" user="OSMnx" visible="true" lon="72.9711755" lat="19.2225484" version="1" uid="1" timestamp="2026-04-09T19:16:40Z" /><node changeset="1" id="7403990163" user="OSMnx" visible="true" lon="72.9777019" lat="19.2136837" version="1" uid="1" timestamp="2026-04-09T19:16:40Z" /><node changeset="1" id="7413204430" user="OSMnx" visible="true" lon="72.9874221" lat="19.2025712" version="1" uid="1" timestamp="2026-04-09T19:16:40Z" /><node changeset="1" id="7413204433" user="OSMnx" visible="true" lon="72.988122" lat="19.2032039" version="1" uid="1" timestamp="2026-04-09T19:16:40Z" /><node changeset="1" id="7413204434" user="OSMnx" visible="true" lon="72.9878949" lat="19.2052199" version="1" uid="1" timestamp="2026-04-09T19:16:40Z" /><node changeset="1" id="7648121902" user="OSMnx" visible="true" lon="72.9917682" lat="19.2065783" version="1" uid="1" timestamp="2026-04-09T19:16:40Z" /><node changeset="1" id="7687784350" user="OSMnx" visible="true" lon="72.9857935" lat="19.200149" version="1" uid="1" timestamp="2026-04-09T19:16:40Z" /><node changeset="1" id="7687784353" user="OSMnx" visible="true" lon="72.9861726" lat="19.199635" version="1" uid="1" timestamp="2026-04-09T19:16:40Z" /><node changeset="1" id="7687784354" user="OSMnx" visible="true" lon="72.9859439" lat="19.1995788" version="1" uid="1" timestamp="2026-04-09T19:16:40Z" /><node changeset="1" id="7687784355" user="OSMnx" visible="true" lon="72.9857439" lat="19.1994955" version="1" uid="1" timestamp="2026-04-09T19:16:40Z" /><node changeset="1" id="7736315001" user="OSMnx" visible="true" lon="72.9640716" lat="19.1998197" version="1" uid="1" timestamp="2026-04-09T19:16:40Z" /><node changeset="1" id="7736315002" user="OSMnx" visible="true" lon="72.9630652" lat="19.1998461" version="1" uid="1" timestamp="2026-04-09T19:16:40Z" /><node changeset="1" id="7736315003" user="OSMnx" visible="true" lon="72.9630266" lat="19.1997664" version="1" uid="1" timestamp="2026-04-09T19:16:40Z" /><node changeset="1" id="7736315006" user="OSMnx" visible="true" lon="72.9636093" lat="19.2000098" version="1" uid="1" timestamp="2026-04-09T19:16:40Z" /><node changeset="1" id="7736315007" user="OSMnx" visible="true" lon="72.9641315" lat="19.1996003" version="1" uid="1" timestamp="2026-04-09T19:16:40Z" /><node changeset="1" id="7736315008" user="OSMnx" visible="true" lon="72.9637972" lat="19.1995298" version="1" uid="1" timestamp="2026-04-09T19:16:40Z"><tag k="highway" v="traffic_signals" /></node><node changeset="1" id="7736315010" user="OSMnx" visible="true" lon="72.9635203" lat="19.1996495" version="1" uid="1" timestamp="2026-04-09T19:16:40Z"><tag k="highway" v="traffic_signals" /></node><node changeset="1" id="7736315011" user="OSMnx" visible="true" lon="72.9634659" lat="19.1995767" version="1" uid="1" timestamp="2026-04-09T19:16:40Z"><tag k="highway" v="traffic_signals" /></node><node changeset="1" id="7736315014" user="OSMnx" visible="true" lon="72.9687077" lat="19.2039403" version="1" uid="1" timestamp="2026-04-09T19:16:40Z" /><node changeset="1" id="7736315015" user="OSMnx" visible="true" lon="72.9689143" lat="19.2050483" version="1" uid="1" timestamp="2026-04-09T19:16:40Z" /><node changeset="1" id="7736315016" user="OSMnx" visible="true" lon="72.9689938" lat="19.204493" version="1" uid="1" timestamp="2026-04-09T19:16:40Z"><tag k="highway" v="traffic_signals" /></node><node changeset="1" id="7736315017" user="OSMnx" visible="true" lon="72.9676901" lat="19.2052019" version="1" uid="1" timestamp="2026-04-09T19:16:40Z" /><node changeset="1" id="7736315018" user="OSMnx" visible="true" lon="72.9686122" lat="19.2045296" version="1" uid="1" timestamp="2026-04-09T19:16:40Z"><tag k="highway" v="traffic_signals" /></node><node changeset="1" id="7736315022" user="OSMnx" visible="true" lon="72.9693776" lat="19.2046117" version="1" uid="1" timestamp="2026-04-09T19:16:40Z" /><node changeset="1" id="7736315023" user="OSMnx" visible="true" lon="72.9753141" lat="19.211258" version="1" uid="1" timestamp="2026-04-09T19:16:40Z" /><node changeset="1" id="7736315024" user="OSMnx" visible="true" lon="72.9757774" lat="19.2108213" version="1" uid="1" timestamp="2026-04-09T19:16:40Z" /><node changeset="1" id="7736315026" user="OSMnx" visible="true" lon="72.976543" lat="19.2116442" version="1" uid="1" timestamp="2026-04-09T19:16:40Z" /><node changeset="1" id="7736315027" user="OSMnx" visible="true" lon="72.9766798" lat="19.2116607" version="1" uid="1" timestamp="2026-04-09T19:16:40Z" /><node changeset="1" id="7736315028" user="OSMnx" visible="true" lon="72.976855" lat="19.2117591" version="1" uid="1" timestamp="2026-04-09T19:16:40Z" /><node changeset="1" id="7736315029" user="OSMnx" visible="true" lon="72.9767744" lat="19.2116625" version="1" uid="1" timestamp="2026-04-09T19:16:40Z" /><node changeset="1" id="7736315036" user="OSMnx" visible="true" lon="72.9727256" lat="19.2087839" version="1" uid="1" timestamp="2026-04-09T19:16:40Z" /><node changeset="1" id="7736315049" user="OSMnx" visible="true" lon="72.9771128" lat="19.21338" version="1" uid="1" timestamp="2026-04-09T19:16:40Z" /><node changeset="1" id="7736315055" user="OSMnx" visible="true" lon="72.9772469" lat="19.212758" version="1" uid="1" timestamp="2026-04-09T19:16:40Z" /><node changeset="1" id="7736323974" user="OSMnx" visible="true" lon="72.9778918" lat="19.2120636" version="1" uid="1" timestamp="2026-04-09T19:16:40Z" /><node changeset="1" id="7736323977" user="OSMnx" visible="true" lon="72.9776391" lat="19.212528" version="1" uid="1" timestamp="2026-04-09T19:16:40Z" /><node changeset="1" id="7944277069" user="OSMnx" visible="true" lon="72.9622309" lat="19.2050273" version="1" uid="1" timestamp="2026-04-09T19:16:40Z" /><node changeset="1" id="7944277070" user="OSMnx" visible="true" lon="72.9622302" lat="19.2052945" version="1" uid="1" timestamp="2026-04-09T19:16:40Z" /><node changeset="1" id="7944370280" user="OSMnx" visible="true" lon="72.9827207" lat="19.221037" version="1" uid="1" timestamp="2026-04-09T19:16:40Z" /><node changeset="1" id="7947765375" user="OSMnx" visible="true" lon="72.9629937" lat="19.2075208" version="1" uid="1" timestamp="2026-04-09T19:16:40Z" /><node changeset="1" id="8218767595" user="OSMnx" visible="true" lon="72.9916033" lat="19.2159311" version="1" uid="1" timestamp="2026-04-09T19:16:40Z" /><node changeset="1" id="8218767599" user="OSMnx" visible="true" lon="72.9920339" lat="19.2171229" version="1" uid="1" timestamp="2026-04-09T19:16:40Z" /><node changeset="1" id="8218767600" user="OSMnx" visible="true" lon="72.992109" lat="19.217204" version="1" uid="1" timestamp="2026-04-09T19:16:40Z" /><node changeset="1" id="8218767601" user="OSMnx" visible="true" lon="72.9922217" lat="19.2172648" version="1" uid="1" timestamp="2026-04-09T19:16:40Z" /><node changeset="1" id="8218767603" user="OSMnx" visible="true" lon="72.99248" lat="19.2172698" version="1" uid="1" timestamp="2026-04-09T19:16:40Z" /><node changeset="1" id="8218767604" user="OSMnx" visible="true" lon="72.9925917" lat="19.2173075" version="1" uid="1" timestamp="2026-04-09T19:16:40Z" /><node changeset="1" id="8218767611" user="OSMnx" visible="true" lon="72.9934653" lat="19.2179479" version="1" uid="1" timestamp="2026-04-09T19:16:40Z" /><node changeset="1" id="8218767613" user="OSMnx" visible="true" lon="72.9936659" lat="19.2195266" version="1" uid="1" timestamp="2026-04-09T19:16:40Z" /><node changeset="1" id="8303295800" user="OSMnx" visible="true" lon="72.9617869" lat="19.2232194" version="1" uid="1" timestamp="2026-04-09T19:16:40Z" /><node changeset="1" id="8305682479" user="OSMnx" visible="true" lon="72.9700716" lat="19.2313268" version="1" uid="1" timestamp="2026-04-09T19:16:40Z" /><node changeset="1" id="8305682480" user="OSMnx" visible="true" lon="72.9702101" lat="19.2313206" version="1" uid="1" timestamp="2026-04-09T19:16:40Z" /><node changeset="1" id="8319331099" user="OSMnx" visible="true" lon="72.9615592" lat="19.2228541" version="1" uid="1" timestamp="2026-04-09T19:16:40Z" /><node changeset="1" id="8319331100" user="OSMnx" visible="true" lon="72.9616468" lat="19.2226726" version="1" uid="1" timestamp="2026-04-09T19:16:40Z" /><node changeset="1" id="8319331175" user="OSMnx" visible="true" lon="72.9700068" lat="19.2262693" version="1" uid="1" timestamp="2026-04-09T19:16:40Z" /><node changeset="1" id="8321932693" user="OSMnx" visible="true" lon="72.9759941" lat="19.2341882" version="1" uid="1" timestamp="2026-04-09T19:16:40Z" /><node changeset="1" id="8324952852" user="OSMnx" visible="true" lon="72.9711259" lat="19.2295976" version="1" uid="1" timestamp="2026-04-09T19:16:40Z" /><node changeset="1" id="8324952854" user="OSMnx" visible="true" lon="72.9660171" lat="19.2289854" version="1" uid="1" timestamp="2026-04-09T19:16:40Z" /><node changeset="1" id="8324952861" user="OSMnx" visible="true" lon="72.9658398" lat="19.2289489" version="1" uid="1" timestamp="2026-04-09T19:16:40Z" /><node changeset="1" id="8325045740" user="OSMnx" visible="true" lon="72.9653369" lat="19.2290438" version="1" uid="1" timestamp="2026-04-09T19:16:40Z" /><node changeset="1" id="8325045743" user="OSMnx" visible="true" lon="72.9657161" lat="19.2290621" version="1" uid="1" timestamp="2026-04-09T19:16:40Z" /><node changeset="1" id="8325045744" user="OSMnx" visible="true" lon="72.96054" lat="19.2218123" version="1" uid="1" timestamp="2026-04-09T19:16:40Z" /><node changeset="1" id="8325045745" user="OSMnx" visible="true" lon="72.9603175" lat="19.2214128" version="1" uid="1" timestamp="2026-04-09T19:16:40Z" /><node changeset="1" id="8330023671" user="OSMnx" visible="true" lon="72.9870569" lat="19.20988" version="1" uid="1" timestamp="2026-04-09T19:16:40Z" /><node changeset="1" id="8330023679" user="OSMnx" visible="true" lon="72.965413" lat="19.2195058" version="1" uid="1" timestamp="2026-04-09T19:16:40Z" /><node changeset="1" id="8330023682" user="OSMnx" visible="true" lon="72.9701966" lat="19.2203102" version="1" uid="1" timestamp="2026-04-09T19:16:40Z" /><node changeset="1" id="8336655674" user="OSMnx" visible="true" lon="72.9697581" lat="19.2319848" version="1" uid="1" timestamp="2026-04-09T19:16:40Z"><tag k="highway" v="crossing" /></node><node changeset="1" id="8336655675" user="OSMnx" visible="true" lon="72.9699602" lat="19.2320633" version="1" uid="1" timestamp="2026-04-09T19:16:40Z"><tag k="highway" v="crossing" /></node><node changeset="1" id="8336655676" user="OSMnx" visible="true" lon="72.9700453" lat="19.2320909" version="1" uid="1" timestamp="2026-04-09T19:16:40Z"><tag k="highway" v="crossing" /></node><node changeset="1" id="8336655678" user="OSMnx" visible="true" lon="72.9696952" lat="19.2322773" version="1" uid="1" timestamp="2026-04-09T19:16:40Z" /><node changeset="1" id="8336655679" user="OSMnx" visible="true" lon="72.9697183" lat="19.2321831" version="1" uid="1" timestamp="2026-04-09T19:16:40Z" /><node changeset="1" id="8336655680" user="OSMnx" visible="true" lon="72.9697581" lat="19.2320924" version="1" uid="1" timestamp="2026-04-09T19:16:40Z" /><node changeset="1" id="8336655681" user="OSMnx" visible="true" lon="72.9697403" lat="19.2324036" version="1" uid="1" timestamp="2026-04-09T19:16:40Z"><tag k="highway" v="crossing" /></node><node changeset="1" id="8336655682" user="OSMnx" visible="true" lon="72.9700687" lat="19.2324508" version="1" uid="1" timestamp="2026-04-09T19:16:40Z"><tag k="highway" v="crossing" /></node><node changeset="1" id="8336655683" user="OSMnx" visible="true" lon="72.9698392" lat="19.2324192" version="1" uid="1" timestamp="2026-04-09T19:16:40Z"><tag k="highway" v="crossing" /></node><node changeset="1" id="8336655684" user="OSMnx" visible="true" lon="72.969931" lat="19.2324318" version="1" uid="1" timestamp="2026-04-09T19:16:40Z"><tag k="highway" v="crossing" /></node><node changeset="1" id="8336655700" user="OSMnx" visible="true" lon="72.9697487" lat="19.2328783" version="1" uid="1" timestamp="2026-04-09T19:16:40Z" /><node changeset="1" id="8336655704" user="OSMnx" visible="true" lon="72.9696757" lat="19.234667" version="1" uid="1" timestamp="2026-04-09T19:16:40Z"><tag k="highway" v="crossing" /></node><node changeset="1" id="8336655705" user="OSMnx" visible="true" lon="72.9698095" lat="19.234667" version="1" uid="1" timestamp="2026-04-09T19:16:40Z"><tag k="highway" v="crossing" /></node><node changeset="1" id="8336655706" user="OSMnx" visible="true" lon="72.9698899" lat="19.2323251" version="1" uid="1" timestamp="2026-04-09T19:16:40Z" /><node changeset="1" id="8336655708" user="OSMnx" visible="true" lon="72.9698405" lat="19.2279714" version="1" uid="1" timestamp="2026-04-09T19:16:40Z"><tag k="highway" v="crossing" /></node><node changeset="1" id="8336674826" user="OSMnx" visible="true" lon="72.9696993" lat="19.2332648" version="1" uid="1" timestamp="2026-04-09T19:16:40Z" /><node changeset="1" id="8342841380" user="OSMnx" visible="true" lon="72.9697972" lat="19.2354503" version="1" uid="1" timestamp="2026-04-09T19:16:40Z" /><node changeset="1" id="8345780862" user="OSMnx" visible="true" lon="72.9780713" lat="19.2051486" version="1" uid="1" timestamp="2026-04-09T19:16:40Z" /><node changeset="1" id="8360206424" user="OSMnx" visible="true" lon="72.9734784" lat="19.2164914" version="1" uid="1" timestamp="2026-04-09T19:16:40Z" /><node changeset="1" id="8360206425" user="OSMnx" visible="true" lon="72.9734266" lat="19.2169408" version="1" uid="1" timestamp="2026-04-09T19:16:40Z" /><node changeset="1" id="8364803916" user="OSMnx" visible="true" lon="72.969503" lat="19.2283167" version="1" uid="1" timestamp="2026-04-09T19:16:40Z"><tag k="highway" v="traffic_signals" /></node><node changeset="1" id="8364807917" user="OSMnx" visible="true" lon="72.9653767" lat="19.2195548" version="1" uid="1" timestamp="2026-04-09T19:16:40Z" /><node changeset="1" id="8364862181" user="OSMnx" visible="true" lon="72.9710573" lat="19.2175807" version="1" uid="1" timestamp="2026-04-09T19:16:40Z" /><node changeset="1" id="8364862182" user="OSMnx" visible="true" lon="72.9773333" lat="19.2229476" version="1" uid="1" timestamp="2026-04-09T19:16:40Z" /><node changeset="1" id="8364862183" user="OSMnx" visible="true" lon="72.9776083" lat="19.2206908" version="1" uid="1" timestamp="2026-04-09T19:16:40Z" /><node changeset="1" id="8365878830" user="OSMnx" visible="true" lon="72.965647" lat="19.2195042" version="1" uid="1" timestamp="2026-04-09T19:16:40Z" /><node changeset="1" id="8445010386" user="OSMnx" visible="true" lon="72.9771789" lat="19.2120451" version="1" uid="1" timestamp="2026-04-09T19:16:40Z" /><node changeset="1" id="8445010389" user="OSMnx" visible="true" lon="72.9764489" lat="19.2118294" version="1" uid="1" timestamp="2026-04-09T19:16:40Z" /><node changeset="1" id="8448787209" user="OSMnx" visible="true" lon="72.9759084" lat="19.2348382" version="1" uid="1" timestamp="2026-04-09T19:16:40Z" /><node changeset="1" id="8448818837" user="OSMnx" visible="true" lon="72.9764333" lat="19.2337793" version="1" uid="1" timestamp="2026-04-09T19:16:40Z" /><node changeset="1" id="8448818839" user="OSMnx" visible="true" lon="72.9763569" lat="19.2352201" version="1" uid="1" timestamp="2026-04-09T19:16:40Z" /><node changeset="1" id="8448818842" user="OSMnx" visible="true" lon="72.9763807" lat="19.2349648" version="1" uid="1" timestamp="2026-04-09T19:16:40Z" /><node changeset="1" id="8448818861" user="OSMnx" visible="true" lon="72.9699175" lat="19.2276072" version="1" uid="1" timestamp="2026-04-09T19:16:40Z" /><node changeset="1" id="8448818871" user="OSMnx" visible="true" lon="72.9700183" lat="19.2271481" version="1" uid="1" timestamp="2026-04-09T19:16:40Z" /><node changeset="1" id="8448818912" user="OSMnx" visible="true" lon="72.9701262" lat="19.226653" version="1" uid="1" timestamp="2026-04-09T19:16:40Z" /><node changeset="1" id="8448818915" user="OSMnx" visible="true" lon="72.9705878" lat="19.2283113" version="1" uid="1" timestamp="2026-04-09T19:16:40Z" /><node changeset="1" id="8450013006" user="OSMnx" visible="true" lon="72.9699189" lat="19.2323333" version="1" uid="1" timestamp="2026-04-09T19:16:40Z" /><node changeset="1" id="8450013007" user="OSMnx" visible="true" lon="72.9700244" lat="19.2322414" version="1" uid="1" timestamp="2026-04-09T19:16:40Z" /><node changeset="1" id="8450013008" user="OSMnx" visible="true" lon="72.9700127" lat="19.2322027" version="1" uid="1" timestamp="2026-04-09T19:16:40Z" /><node changeset="1" id="8450013009" user="OSMnx" visible="true" lon="72.969838" lat="19.2322355" version="1" uid="1" timestamp="2026-04-09T19:16:40Z" /><node changeset="1" id="8450022933" user="OSMnx" visible="true" lon="72.9697918" lat="19.2326406" version="1" uid="1" timestamp="2026-04-09T19:16:40Z"><tag k="highway" v="bus_stop" /></node><node changeset="1" id="8450022951" user="OSMnx" visible="true" lon="72.9656758" lat="19.2335487" version="1" uid="1" timestamp="2026-04-09T19:16:40Z" /><node changeset="1" id="8450022973" user="OSMnx" visible="true" lon="72.9663076" lat="19.2225621" version="1" uid="1" timestamp="2026-04-09T19:16:40Z" /><node changeset="1" id="8450022974" user="OSMnx" visible="true" lon="72.9663003" lat="19.2224269" version="1" uid="1" timestamp="2026-04-09T19:16:40Z" /><node changeset="1" id="8450022976" user="OSMnx" visible="true" lon="72.9662891" lat="19.2225514" version="1" uid="1" timestamp="2026-04-09T19:16:40Z" /><node changeset="1" id="8450022977" user="OSMnx" visible="true" lon="72.9662744" lat="19.2225364" version="1" uid="1" timestamp="2026-04-09T19:16:40Z" /><node changeset="1" id="8450022978" user="OSMnx" visible="true" lon="72.9662601" lat="19.2224859" version="1" uid="1" timestamp="2026-04-09T19:16:40Z" /><node changeset="1" id="8450022979" user="OSMnx" visible="true" lon="72.9662665" lat="19.2224625" version="1" uid="1" timestamp="2026-04-09T19:16:40Z" /><node changeset="1" id="8450022980" user="OSMnx" visible="true" lon="72.9662803" lat="19.2224421" version="1" uid="1" timestamp="2026-04-09T19:16:40Z" /><node changeset="1" id="8450022981" user="OSMnx" visible="true" lon="72.9663736" lat="19.2224237" version="1" uid="1" timestamp="2026-04-09T19:16:40Z" /><node changeset="1" id="8450022982" user="OSMnx" visible="true" lon="72.9663928" lat="19.2224353" version="1" uid="1" timestamp="2026-04-09T19:16:40Z" /><node changeset="1" id="8450022983" user="OSMnx" visible="true" lon="72.9664077" lat="19.2224515" version="1" uid="1" timestamp="2026-04-09T19:16:40Z" /><node changeset="1" id="8450022984" user="OSMnx" visible="true" lon="72.9664161" lat="19.2225179" version="1" uid="1" timestamp="2026-04-09T19:16:40Z" /><node changeset="1" id="8450022985" user="OSMnx" visible="true" lon="72.9664026" lat="19.2225407" version="1" uid="1" timestamp="2026-04-09T19:16:40Z" /><node changeset="1" id="8450022986" user="OSMnx" visible="true" lon="72.966356" lat="19.2225672" version="1" uid="1" timestamp="2026-04-09T19:16:40Z" /><node changeset="1" id="8451863619" user="OSMnx" visible="true" lon="72.9663371" lat="19.2246412" version="1" uid="1" timestamp="2026-04-09T19:16:40Z" /><node changeset="1" id="8458629660" user="OSMnx" visible="true" lon="72.9700265" lat="19.231799" version="1" uid="1" timestamp="2026-04-09T19:16:40Z" /><node changeset="1" id="8458629661" user="OSMnx" visible="true" lon="72.9699619" lat="19.2318568" version="1" uid="1" timestamp="2026-04-09T19:16:40Z" /><node changeset="1" id="8458629662" user="OSMnx" visible="true" lon="72.9698642" lat="19.2319268" version="1" uid="1" timestamp="2026-04-09T19:16:40Z" /><node changeset="1" id="8458629714" user="OSMnx" visible="true" lon="72.9659428" lat="19.228478" version="1" uid="1" timestamp="2026-04-09T19:16:40Z" /><node changeset="1" id="8458629729" user="OSMnx" visible="true" lon="72.9653379" lat="19.2260563" version="1" uid="1" timestamp="2026-04-09T19:16:40Z" /><node changeset="1" id="8458629730" user="OSMnx" visible="true" lon="72.9652174" lat="19.2259895" version="1" uid="1" timestamp="2026-04-09T19:16:40Z" /><node changeset="1" id="8458629731" user="OSMnx" visible="true" lon="72.9652276" lat="19.2259692" version="1" uid="1" timestamp="2026-04-09T19:16:40Z" /><node changeset="1" id="8458629732" user="OSMnx" visible="true" lon="72.9653583" lat="19.2260164" version="1" uid="1" timestamp="2026-04-09T19:16:40Z" /><node changeset="1" id="8458629733" user="OSMnx" visible="true" lon="72.9652443" lat="19.2259532" version="1" uid="1" timestamp="2026-04-09T19:16:40Z" /><node changeset="1" id="8458629734" user="OSMnx" visible="true" lon="72.9652656" lat="19.2259432" version="1" uid="1" timestamp="2026-04-09T19:16:40Z" /><node changeset="1" id="8458629735" user="OSMnx" visible="true" lon="72.9652891" lat="19.2259403" version="1" uid="1" timestamp="2026-04-09T19:16:40Z" /><node changeset="1" id="8458629736" user="OSMnx" visible="true" lon="72.9653124" lat="19.2259447" version="1" uid="1" timestamp="2026-04-09T19:16:40Z" /><node changeset="1" id="8458629737" user="OSMnx" visible="true" lon="72.9653329" lat="19.2259561" version="1" uid="1" timestamp="2026-04-09T19:16:40Z" /><node changeset="1" id="8458629738" user="OSMnx" visible="true" lon="72.9653484" lat="19.2259731" version="1" uid="1" timestamp="2026-04-09T19:16:40Z" /><node changeset="1" id="8458629739" user="OSMnx" visible="true" lon="72.9653571" lat="19.225994" version="1" uid="1" timestamp="2026-04-09T19:16:40Z" /><node changeset="1" id="8458629740" user="OSMnx" visible="true" lon="72.9653186" lat="19.2260694" version="1" uid="1" timestamp="2026-04-09T19:16:40Z" /><node changeset="1" id="8458629741" user="OSMnx" visible="true" lon="72.9652958" lat="19.2260758" version="1" uid="1" timestamp="2026-04-09T19:16:40Z" /><node changeset="1" id="8458629742" user="OSMnx" visible="true" lon="72.9652721" lat="19.226075" version="1" uid="1" timestamp="2026-04-09T19:16:40Z" /><node changeset="1" id="8458629743" user="OSMnx" visible="true" lon="72.9652318" lat="19.2260525" version="1" uid="1" timestamp="2026-04-09T19:16:40Z" /><node changeset="1" id="8458629744" user="OSMnx" visible="true" lon="72.9652196" lat="19.2260334" version="1" uid="1" timestamp="2026-04-09T19:16:40Z" /><node changeset="1" id="8458629747" user="OSMnx" visible="true" lon="72.9652147" lat="19.2260117" version="1" uid="1" timestamp="2026-04-09T19:16:40Z" /><node changeset="1" id="8459058545" user="OSMnx" visible="true" lon="72.9646005" lat="19.2233303" version="1" uid="1" timestamp="2026-04-09T19:16:40Z" /><node changeset="1" id="8460008417" user="OSMnx" visible="true" lon="72.9659896" lat="19.2291138" version="1" uid="1" timestamp="2026-04-09T19:16:40Z" /><node changeset="1" id="8460008418" user="OSMnx" visible="true" lon="72.9663798" lat="19.2289711" version="1" uid="1" timestamp="2026-04-09T19:16:40Z"><tag k="highway" v="bus_stop" /></node><node changeset="1" id="8460391410" user="OSMnx" visible="true" lon="72.9700463" lat="19.2308749" version="1" uid="1" timestamp="2026-04-09T19:16:40Z" /><node changeset="1" id="8460809090" user="OSMnx" visible="true" lon="72.9812641" lat="19.2067101" version="1" uid="1" timestamp="2026-04-09T19:16:40Z" /><node changeset="1" id="8460809091" user="OSMnx" visible="true" lon="72.9808511" lat="19.2067344" version="1" uid="1" timestamp="2026-04-09T19:16:40Z" /><node changeset="1" id="8460809092" user="OSMnx" visible="true" lon="72.9812771" lat="19.2069062" version="1" uid="1" timestamp="2026-04-09T19:16:40Z" /><node changeset="1" id="8460809093" user="OSMnx" visible="true" lon="72.980864" lat="19.2069305" version="1" uid="1" timestamp="2026-04-09T19:16:40Z" /><node changeset="1" id="8465688716" user="OSMnx" visible="true" lon="72.965967" lat="19.2225289" version="1" uid="1" timestamp="2026-04-09T19:16:40Z" /><node changeset="1" id="8465743723" user="OSMnx" visible="true" lon="72.9663305" lat="19.223117" version="1" uid="1" timestamp="2026-04-09T19:16:40Z" /><node changeset="1" id="8465743733" user="OSMnx" visible="true" lon="72.9663318" lat="19.2234204" version="1" uid="1" timestamp="2026-04-09T19:16:40Z" /><node changeset="1" id="8465743748" user="OSMnx" visible="true" lon="72.9663817" lat="19.2225578" version="1" uid="1" timestamp="2026-04-09T19:16:40Z" /><node changeset="1" id="8476187272" user="OSMnx" visible="true" lon="72.9638698" lat="19.226173" version="1" uid="1" timestamp="2026-04-09T19:16:40Z" /><node changeset="1" id="8476187274" user="OSMnx" visible="true" lon="72.9658471" lat="19.2291616" version="1" uid="1" timestamp="2026-04-09T19:16:40Z" /><node changeset="1" id="8476187275" user="OSMnx" visible="true" lon="72.9633072" lat="19.2251832" version="1" uid="1" timestamp="2026-04-09T19:16:40Z" /><node changeset="1" id="8476187276" user="OSMnx" visible="true" lon="72.9630334" lat="19.2252817" version="1" uid="1" timestamp="2026-04-09T19:16:40Z" /><node changeset="1" id="8476187278" user="OSMnx" visible="true" lon="72.9628341" lat="19.2254556" version="1" uid="1" timestamp="2026-04-09T19:16:40Z" /><node changeset="1" id="8476187279" user="OSMnx" visible="true" lon="72.9670501" lat="19.2275107" version="1" uid="1" timestamp="2026-04-09T19:16:40Z" /><node changeset="1" id="8476187280" user="OSMnx" visible="true" lon="72.9664084" lat="19.2270264" version="1" uid="1" timestamp="2026-04-09T19:16:40Z" /><node changeset="1" id="8476187281" user="OSMnx" visible="true" lon="72.9653505" lat="19.226039" version="1" uid="1" timestamp="2026-04-09T19:16:40Z" /><node changeset="1" id="8476187283" user="OSMnx" visible="true" lon="72.9664173" lat="19.222471" version="1" uid="1" timestamp="2026-04-09T19:16:40Z" /><node changeset="1" id="8476187284" user="OSMnx" visible="true" lon="72.9697773" lat="19.22256" version="1" uid="1" timestamp="2026-04-09T19:16:40Z" /><node changeset="1" id="8476187285" user="OSMnx" visible="true" lon="72.9670015" lat="19.2225084" version="1" uid="1" timestamp="2026-04-09T19:16:40Z" /><node changeset="1" id="8476187300" user="OSMnx" visible="true" lon="72.9688216" lat="19.2314894" version="1" uid="1" timestamp="2026-04-09T19:16:40Z" /><node changeset="1" id="8476187301" user="OSMnx" visible="true" lon="72.9686591" lat="19.2314975" version="1" uid="1" timestamp="2026-04-09T19:16:40Z" /><node changeset="1" id="8478406883" user="OSMnx" visible="true" lon="72.9689742" lat="19.2315437" version="1" uid="1" timestamp="2026-04-09T19:16:40Z" /><node changeset="1" id="8478406884" user="OSMnx" visible="true" lon="72.9690286" lat="19.2315746" version="1" uid="1" timestamp="2026-04-09T19:16:40Z" /><node changeset="1" id="8478406885" user="OSMnx" visible="true" lon="72.967793" lat="19.2329629" version="1" uid="1" timestamp="2026-04-09T19:16:40Z" /><node changeset="1" id="8478406886" user="OSMnx" visible="true" lon="72.9675772" lat="19.2331128" version="1" uid="1" timestamp="2026-04-09T19:16:40Z" /><node changeset="1" id="8478406887" user="OSMnx" visible="true" lon="72.9653841" lat="19.234076" version="1" uid="1" timestamp="2026-04-09T19:16:40Z" /><node changeset="1" id="8478406888" user="OSMnx" visible="true" lon="72.9653293" lat="19.2338758" version="1" uid="1" timestamp="2026-04-09T19:16:40Z" /><node changeset="1" id="8478406889" user="OSMnx" visible="true" lon="72.9653765" lat="19.2336874" version="1" uid="1" timestamp="2026-04-09T19:16:40Z" /><node changeset="1" id="8478406890" user="OSMnx" visible="true" lon="72.9656931" lat="19.2342774" version="1" uid="1" timestamp="2026-04-09T19:16:40Z" /><node changeset="1" id="8481940496" user="OSMnx" visible="true" lon="72.9700957" lat="19.2317011" version="1" uid="1" timestamp="2026-04-09T19:16:40Z" /><node changeset="1" id="8485754657" user="OSMnx" visible="true" lon="72.9638921" lat="19.2264007" version="1" uid="1" timestamp="2026-04-09T19:16:40Z" /><node changeset="1" id="8485754658" user="OSMnx" visible="true" lon="72.9627599" lat="19.2255491" version="1" uid="1" timestamp="2026-04-09T19:16:40Z" /><node changeset="1" id="8485754659" user="OSMnx" visible="true" lon="72.9651203" lat="19.2289365" version="1" uid="1" timestamp="2026-04-09T19:16:40Z" /><node changeset="1" id="8489502609" user="OSMnx" visible="true" lon="72.9692525" lat="19.231768" version="1" uid="1" timestamp="2026-04-09T19:16:40Z" /><node changeset="1" id="8489502610" user="OSMnx" visible="true" lon="72.9659165" lat="19.2335637" version="1" uid="1" timestamp="2026-04-09T19:16:40Z" /><node changeset="1" id="8489502611" user="OSMnx" visible="true" lon="72.965781" lat="19.233548" version="1" uid="1" timestamp="2026-04-09T19:16:40Z" /><node changeset="1" id="8489502612" user="OSMnx" visible="true" lon="72.9655135" lat="19.2335744" version="1" uid="1" timestamp="2026-04-09T19:16:40Z"><tag k="highway" v="bus_stop" /></node><node changeset="1" id="8489502613" user="OSMnx" visible="true" lon="72.9661009" lat="19.2336001" version="1" uid="1" timestamp="2026-04-09T19:16:40Z" /><node changeset="1" id="8489502614" user="OSMnx" visible="true" lon="72.9660495" lat="19.2335915" version="1" uid="1" timestamp="2026-04-09T19:16:40Z" /><node changeset="1" id="8489502615" user="OSMnx" visible="true" lon="72.9658139" lat="19.2343419" version="1" uid="1" timestamp="2026-04-09T19:16:40Z" /><node changeset="1" id="8493462489" user="OSMnx" visible="true" lon="72.9765734" lat="19.2293318" version="1" uid="1" timestamp="2026-04-09T19:16:40Z" /><node changeset="1" id="8493462494" user="OSMnx" visible="true" lon="72.9770049" lat="19.2298843" version="1" uid="1" timestamp="2026-04-09T19:16:40Z" /><node changeset="1" id="8493462495" user="OSMnx" visible="true" lon="72.976742" lat="19.2293531" version="1" uid="1" timestamp="2026-04-09T19:16:40Z" /><node changeset="1" id="8493462497" user="OSMnx" visible="true" lon="72.9772832" lat="19.2233307" version="1" uid="1" timestamp="2026-04-09T19:16:40Z" /><node changeset="1" id="8493462503" user="OSMnx" visible="true" lon="72.9779496" lat="19.2163674" version="1" uid="1" timestamp="2026-04-09T19:16:40Z" /><node changeset="1" id="8493462504" user="OSMnx" visible="true" lon="72.9778932" lat="19.2165544" version="1" uid="1" timestamp="2026-04-09T19:16:40Z" /><node changeset="1" id="8493462507" user="OSMnx" visible="true" lon="72.9779572" lat="19.2179309" version="1" uid="1" timestamp="2026-04-09T19:16:40Z" /><node changeset="1" id="8493462508" user="OSMnx" visible="true" lon="72.9780283" lat="19.2180303" version="1" uid="1" timestamp="2026-04-09T19:16:40Z" /><node changeset="1" id="8493462515" user="OSMnx" visible="true" lon="72.9631736" lat="19.1997993" version="1" uid="1" timestamp="2026-04-09T19:16:40Z" /><node changeset="1" id="8495404402" user="OSMnx" visible="true" lon="72.9655492" lat="19.2285797" version="1" uid="1" timestamp="2026-04-09T19:16:40Z" /><node changeset="1" id="8495404404" user="OSMnx" visible="true" lon="72.9653581" lat="19.2267129" version="1" uid="1" timestamp="2026-04-09T19:16:40Z" /><node changeset="1" id="8495434417" user="OSMnx" visible="true" lon="72.9655043" lat="19.2282032" version="1" uid="1" timestamp="2026-04-09T19:16:40Z" /><node changeset="1" id="8495434420" user="OSMnx" visible="true" lon="72.9653837" lat="19.2271906" version="1" uid="1" timestamp="2026-04-09T19:16:40Z" /><node changeset="1" id="8495434446" user="OSMnx" visible="true" lon="72.9619336" lat="19.2239579" version="1" uid="1" timestamp="2026-04-09T19:16:40Z" /><node changeset="1" id="8495434468" user="OSMnx" visible="true" lon="72.9620511" lat="19.2241777" version="1" uid="1" timestamp="2026-04-09T19:16:40Z" /><node changeset="1" id="8495434481" user="OSMnx" visible="true" lon="72.9675251" lat="19.2233224" version="1" uid="1" timestamp="2026-04-09T19:16:40Z" /><node changeset="1" id="8495434482" user="OSMnx" visible="true" lon="72.9677443" lat="19.2237057" version="1" uid="1" timestamp="2026-04-09T19:16:40Z" /><node changeset="1" id="8495434483" user="OSMnx" visible="true" lon="72.9677433" lat="19.2233254" version="1" uid="1" timestamp="2026-04-09T19:16:40Z" /><node changeset="1" id="8495434484" user="OSMnx" visible="true" lon="72.9679184" lat="19.2237088" version="1" uid="1" timestamp="2026-04-09T19:16:40Z" /><node changeset="1" id="8495434485" user="OSMnx" visible="true" lon="72.9679808" lat="19.2235011" version="1" uid="1" timestamp="2026-04-09T19:16:40Z" /><node changeset="1" id="8495434486" user="OSMnx" visible="true" lon="72.9672759" lat="19.2242623" version="1" uid="1" timestamp="2026-04-09T19:16:40Z" /><node changeset="1" id="8495434487" user="OSMnx" visible="true" lon="72.967297" lat="19.2229469" version="1" uid="1" timestamp="2026-04-09T19:16:40Z" /><node changeset="1" id="8495434488" user="OSMnx" visible="true" lon="72.9672678" lat="19.2236932" version="1" uid="1" timestamp="2026-04-09T19:16:40Z" /><node changeset="1" id="8495434489" user="OSMnx" visible="true" lon="72.9675209" lat="19.2236987" version="1" uid="1" timestamp="2026-04-09T19:16:40Z" /><node changeset="1" id="8495434490" user="OSMnx" visible="true" lon="72.9681804" lat="19.2229678" version="1" uid="1" timestamp="2026-04-09T19:16:40Z" /><node changeset="1" id="8495434491" user="OSMnx" visible="true" lon="72.9675125" lat="19.2229394" version="1" uid="1" timestamp="2026-04-09T19:16:40Z" /><node changeset="1" id="8495434492" user="OSMnx" visible="true" lon="72.9675127" lat="19.2233222" version="1" uid="1" timestamp="2026-04-09T19:16:40Z" /><node changeset="1" id="8495434494" user="OSMnx" visible="true" lon="72.9677384" lat="19.222949" version="1" uid="1" timestamp="2026-04-09T19:16:40Z" /><node changeset="1" id="8495434495" user="OSMnx" visible="true" lon="72.9679497" lat="19.2233282" version="1" uid="1" timestamp="2026-04-09T19:16:40Z" /><node changeset="1" id="8495434496" user="OSMnx" visible="true" lon="72.967958" lat="19.2229583" version="1" uid="1" timestamp="2026-04-09T19:16:40Z" /><node changeset="1" id="8495434498" user="OSMnx" visible="true" lon="72.9673007" lat="19.223875" version="1" uid="1" timestamp="2026-04-09T19:16:40Z" /><node changeset="1" id="8495434499" user="OSMnx" visible="true" lon="72.96798" lat="19.2238879" version="1" uid="1" timestamp="2026-04-09T19:16:40Z" /><node changeset="1" id="8495434500" user="OSMnx" visible="true" lon="72.967477" lat="19.2242616" version="1" uid="1" timestamp="2026-04-09T19:16:40Z" /><node changeset="1" id="8495434501" user="OSMnx" visible="true" lon="72.9674896" lat="19.2238799" version="1" uid="1" timestamp="2026-04-09T19:16:40Z" /><node changeset="1" id="8495434504" user="OSMnx" visible="true" lon="72.9677296" lat="19.2245113" version="1" uid="1" timestamp="2026-04-09T19:16:40Z" /><node changeset="1" id="8495434505" user="OSMnx" visible="true" lon="72.9673045" lat="19.2247252" version="1" uid="1" timestamp="2026-04-09T19:16:40Z" /><node changeset="1" id="8495434506" user="OSMnx" visible="true" lon="72.9676129" lat="19.2247412" version="1" uid="1" timestamp="2026-04-09T19:16:40Z" /><node changeset="1" id="8495434507" user="OSMnx" visible="true" lon="72.9675137" lat="19.2249366" version="1" uid="1" timestamp="2026-04-09T19:16:40Z" /><node changeset="1" id="8495434508" user="OSMnx" visible="true" lon="72.9668815" lat="19.2247272" version="1" uid="1" timestamp="2026-04-09T19:16:40Z" /><node changeset="1" id="8495434509" user="OSMnx" visible="true" lon="72.9673007" lat="19.2249619" version="1" uid="1" timestamp="2026-04-09T19:16:40Z" /><node changeset="1" id="8495434510" user="OSMnx" visible="true" lon="72.9668961" lat="19.224968" version="1" uid="1" timestamp="2026-04-09T19:16:40Z" /><node changeset="1" id="8495434511" user="OSMnx" visible="true" lon="72.9672966" lat="19.2252105" version="1" uid="1" timestamp="2026-04-09T19:16:40Z" /><node changeset="1" id="8495434512" user="OSMnx" visible="true" lon="72.9668944" lat="19.2252142" version="1" uid="1" timestamp="2026-04-09T19:16:40Z" /><node changeset="1" id="8495434513" user="OSMnx" visible="true" lon="72.9672927" lat="19.2254572" version="1" uid="1" timestamp="2026-04-09T19:16:40Z" /><node changeset="1" id="8495434515" user="OSMnx" visible="true" lon="72.9672886" lat="19.2257079" version="1" uid="1" timestamp="2026-04-09T19:16:40Z" /><node changeset="1" id="8495434517" user="OSMnx" visible="true" lon="72.9672803" lat="19.2262211" version="1" uid="1" timestamp="2026-04-09T19:16:40Z" /><node changeset="1" id="8495434518" user="OSMnx" visible="true" lon="72.9669003" lat="19.2262171" version="1" uid="1" timestamp="2026-04-09T19:16:40Z" /><node changeset="1" id="8495434519" user="OSMnx" visible="true" lon="72.9672765" lat="19.2264531" version="1" uid="1" timestamp="2026-04-09T19:16:40Z" /><node changeset="1" id="8495434520" user="OSMnx" visible="true" lon="72.96686" lat="19.2264484" version="1" uid="1" timestamp="2026-04-09T19:16:40Z" /><node changeset="1" id="8495434521" user="OSMnx" visible="true" lon="72.967273" lat="19.2266722" version="1" uid="1" timestamp="2026-04-09T19:16:40Z" /><node changeset="1" id="8495434522" user="OSMnx" visible="true" lon="72.9668623" lat="19.2266832" version="1" uid="1" timestamp="2026-04-09T19:16:40Z" /><node changeset="1" id="8495434523" user="OSMnx" visible="true" lon="72.9676982" lat="19.2264512" version="1" uid="1" timestamp="2026-04-09T19:16:40Z" /><node changeset="1" id="8495434524" user="OSMnx" visible="true" lon="72.9672794" lat="19.226279" version="1" uid="1" timestamp="2026-04-09T19:16:40Z" /><node changeset="1" id="8495434525" user="OSMnx" visible="true" lon="72.9677976" lat="19.226279" version="1" uid="1" timestamp="2026-04-09T19:16:40Z" /><node changeset="1" id="8495434526" user="OSMnx" visible="true" lon="72.9672831" lat="19.2260508" version="1" uid="1" timestamp="2026-04-09T19:16:40Z" /><node changeset="1" id="8495434527" user="OSMnx" visible="true" lon="72.9675155" lat="19.2260485" version="1" uid="1" timestamp="2026-04-09T19:16:40Z" /><node changeset="1" id="8495434528" user="OSMnx" visible="true" lon="72.9672867" lat="19.2258251" version="1" uid="1" timestamp="2026-04-09T19:16:40Z" /><node changeset="1" id="8495434529" user="OSMnx" visible="true" lon="72.9677976" lat="19.2258252" version="1" uid="1" timestamp="2026-04-09T19:16:40Z" /><node changeset="1" id="8495434530" user="OSMnx" visible="true" lon="72.9685749" lat="19.2241694" version="1" uid="1" timestamp="2026-04-09T19:16:40Z" /><node changeset="1" id="8495434531" user="OSMnx" visible="true" lon="72.9688012" lat="19.2241778" version="1" uid="1" timestamp="2026-04-09T19:16:40Z" /><node changeset="1" id="8495434532" user="OSMnx" visible="true" lon="72.9688462" lat="19.2243276" version="1" uid="1" timestamp="2026-04-09T19:16:40Z" /><node changeset="1" id="8495434533" user="OSMnx" visible="true" lon="72.9688698" lat="19.2244304" version="1" uid="1" timestamp="2026-04-09T19:16:40Z" /><node changeset="1" id="8495434534" user="OSMnx" visible="true" lon="72.9688627" lat="19.2247166" version="1" uid="1" timestamp="2026-04-09T19:16:40Z" /><node changeset="1" id="8495434535" user="OSMnx" visible="true" lon="72.968551" lat="19.2244655" version="1" uid="1" timestamp="2026-04-09T19:16:40Z" /><node changeset="1" id="8495434536" user="OSMnx" visible="true" lon="72.9688686" lat="19.2244795" version="1" uid="1" timestamp="2026-04-09T19:16:40Z" /><node changeset="1" id="8495434537" user="OSMnx" visible="true" lon="72.9686018" lat="19.2238378" version="1" uid="1" timestamp="2026-04-09T19:16:40Z" /><node changeset="1" id="8495434538" user="OSMnx" visible="true" lon="72.9690569" lat="19.223838" version="1" uid="1" timestamp="2026-04-09T19:16:40Z" /><node changeset="1" id="8495434539" user="OSMnx" visible="true" lon="72.9678574" lat="19.2242603" version="1" uid="1" timestamp="2026-04-09T19:16:40Z" /><node changeset="1" id="8495434540" user="OSMnx" visible="true" lon="72.9680404" lat="19.2237129" version="1" uid="1" timestamp="2026-04-09T19:16:40Z" /><node changeset="1" id="8500641905" user="OSMnx" visible="true" lon="72.9885474" lat="19.2298314" version="1" uid="1" timestamp="2026-04-09T19:16:40Z" /><node changeset="1" id="8500641906" user="OSMnx" visible="true" lon="72.9888888" lat="19.2299726" version="1" uid="1" timestamp="2026-04-09T19:16:40Z" /><node changeset="1" id="8500641907" user="OSMnx" visible="true" lon="72.9878624" lat="19.2294524" version="1" uid="1" timestamp="2026-04-09T19:16:40Z" /><node changeset="1" id="8500641908" user="OSMnx" visible="true" lon="72.9871957" lat="19.2290401" version="1" uid="1" timestamp="2026-04-09T19:16:40Z" /><node changeset="1" id="8500641913" user="OSMnx" visible="true" lon="72.9888437" lat="19.2298555" version="1" uid="1" timestamp="2026-04-09T19:16:40Z" /><node changeset="1" id="8500641914" user="OSMnx" visible="true" lon="72.9879481" lat="19.2293744" version="1" uid="1" timestamp="2026-04-09T19:16:40Z" /><node changeset="1" id="8500641916" user="OSMnx" visible="true" lon="72.9879376" lat="19.2294971" version="1" uid="1" timestamp="2026-04-09T19:16:40Z" /><node changeset="1" id="8500641917" user="OSMnx" visible="true" lon="72.9880219" lat="19.2294204" version="1" uid="1" timestamp="2026-04-09T19:16:40Z" /><node changeset="1" id="8500641919" user="OSMnx" visible="true" lon="72.9895545" lat="19.2300062" version="1" uid="1" timestamp="2026-04-09T19:16:40Z" /><node changeset="1" id="8500641920" user="OSMnx" visible="true" lon="72.9898285" lat="19.2300265" version="1" uid="1" timestamp="2026-04-09T19:16:40Z" /><node changeset="1" id="8500641921" user="OSMnx" visible="true" lon="72.9901145" lat="19.2300056" version="1" uid="1" timestamp="2026-04-09T19:16:40Z" /><node changeset="1" id="8500641922" user="OSMnx" visible="true" lon="72.9903536" lat="19.2299753" version="1" uid="1" timestamp="2026-04-09T19:16:40Z" /><node changeset="1" id="8500641923" user="OSMnx" visible="true" lon="72.990573" lat="19.2299382" version="1" uid="1" timestamp="2026-04-09T19:16:40Z" /><node changeset="1" id="8500641924" user="OSMnx" visible="true" lon="72.9896069" lat="19.2300989" version="1" uid="1" timestamp="2026-04-09T19:16:40Z" /><node changeset="1" id="8500641925" user="OSMnx" visible="true" lon="72.9898853" lat="19.2301144" version="1" uid="1" timestamp="2026-04-09T19:16:40Z" /><node changeset="1" id="8500641926" user="OSMnx" visible="true" lon="72.9902226" lat="19.2301051" version="1" uid="1" timestamp="2026-04-09T19:16:40Z" /><node changeset="1" id="8500641927" user="OSMnx" visible="true" lon="72.9904649" lat="19.2300557" version="1" uid="1" timestamp="2026-04-09T19:16:40Z" /><node changeset="1" id="8500641928" user="OSMnx" visible="true" lon="72.9906516" lat="19.2300062" version="1" uid="1" timestamp="2026-04-09T19:16:40Z" /><node changeset="1" id="8500641945" user="OSMnx" visible="true" lon="72.9877457" lat="19.2282137" version="1" uid="1" timestamp="2026-04-09T19:16:40Z" /><node changeset="1" id="8500641973" user="OSMnx" visible="true" lon="72.9911986" lat="19.2160354" version="1" uid="1" timestamp="2026-04-09T19:16:40Z" /><node changeset="1" id="8502145384" user="OSMnx" visible="true" lon="72.9873258" lat="19.2321578" version="1" uid="1" timestamp="2026-04-09T19:16:40Z" /><node changeset="1" id="8502145385" user="OSMnx" visible="true" lon="72.9881001" lat="19.2338052" version="1" uid="1" timestamp="2026-04-09T19:16:40Z" /><node changeset="1" id="8502152461" user="OSMnx" visible="true" lon="72.9850199" lat="19.2205286" version="1" uid="1" timestamp="2026-04-09T19:16:40Z" /><node changeset="1" id="8502152462" user="OSMnx" visible="true" lon="72.9848935" lat="19.2207354" version="1" uid="1" timestamp="2026-04-09T19:16:40Z" /><node changeset="1" id="8502359185" user="OSMnx" visible="true" lon="72.9875762" lat="19.2327604" version="1" uid="1" timestamp="2026-04-09T19:16:40Z" /><node changeset="1" id="8502359186" user="OSMnx" visible="true" lon="72.9875507" lat="19.2326819" version="1" uid="1" timestamp="2026-04-09T19:16:40Z" /><node changeset="1" id="8502359187" user="OSMnx" visible="true" lon="72.9876783" lat="19.2326629" version="1" uid="1" timestamp="2026-04-09T19:16:40Z" /><node changeset="1" id="8502359188" user="OSMnx" visible="true" lon="72.9877023" lat="19.2327415" version="1" uid="1" timestamp="2026-04-09T19:16:40Z" /><node changeset="1" id="8502359189" user="OSMnx" visible="true" lon="72.997821" lat="19.2343468" version="1" uid="1" timestamp="2026-04-09T19:16:40Z" /><node changeset="1" id="8502359190" user="OSMnx" visible="true" lon="72.9978216" lat="19.2344283" version="1" uid="1" timestamp="2026-04-09T19:16:40Z" /><node changeset="1" id="8502359198" user="OSMnx" visible="true" lon="72.987794" lat="19.2281411" version="1" uid="1" timestamp="2026-04-09T19:16:40Z" /><node changeset="1" id="8502360839" user="OSMnx" visible="true" lon="72.9882714" lat="19.2295671" version="1" uid="1" timestamp="2026-04-09T19:16:40Z" /><node changeset="1" id="8502360910" user="OSMnx" visible="true" lon="72.9862004" lat="19.2311085" version="1" uid="1" timestamp="2026-04-09T19:16:40Z" /><node changeset="1" id="8502750753" user="OSMnx" visible="true" lon="72.9848906" lat="19.2219196" version="1" uid="1" timestamp="2026-04-09T19:16:40Z" /><node changeset="1" id="8502750754" user="OSMnx" visible="true" lon="72.9849582" lat="19.2220838" version="1" uid="1" timestamp="2026-04-09T19:16:40Z" /><node changeset="1" id="8504634072" user="OSMnx" visible="true" lon="72.9870255" lat="19.2224903" version="1" uid="1" timestamp="2026-04-09T19:16:40Z" /><node changeset="1" id="8506304003" user="OSMnx" visible="true" lon="72.9821923" lat="19.2236253" version="1" uid="1" timestamp="2026-04-09T19:16:40Z" /><node changeset="1" id="8506314446" user="OSMnx" visible="true" lon="72.9746592" lat="19.2125872" version="1" uid="1" timestamp="2026-04-09T19:16:40Z" /><node changeset="1" id="8506471274" user="OSMnx" visible="true" lon="72.9825464" lat="19.2215875" version="1" uid="1" timestamp="2026-04-09T19:16:40Z" /><node changeset="1" id="8506471296" user="OSMnx" visible="true" lon="72.9923547" lat="19.2172674" version="1" uid="1" timestamp="2026-04-09T19:16:40Z" /><node changeset="1" id="8506471297" user="OSMnx" visible="true" lon="72.9923322" lat="19.2176289" version="1" uid="1" timestamp="2026-04-09T19:16:40Z" /><node changeset="1" id="8506471298" user="OSMnx" visible="true" lon="72.9923728" lat="19.2177078" version="1" uid="1" timestamp="2026-04-09T19:16:40Z" /><node changeset="1" id="8506471299" user="OSMnx" visible="true" lon="72.9924541" lat="19.2177888" version="1" uid="1" timestamp="2026-04-09T19:16:40Z" /><node changeset="1" id="8506471300" user="OSMnx" visible="true" lon="72.9925513" lat="19.2178037" version="1" uid="1" timestamp="2026-04-09T19:16:40Z" /><node changeset="1" id="8506471301" user="OSMnx" visible="true" lon="72.9928342" lat="19.2180221" version="1" uid="1" timestamp="2026-04-09T19:16:40Z" /><node changeset="1" id="8506471302" user="OSMnx" visible="true" lon="72.9929107" lat="19.2185789" version="1" uid="1" timestamp="2026-04-09T19:16:40Z" /><node changeset="1" id="8506478525" user="OSMnx" visible="true" lon="72.9909538" lat="19.217282" version="1" uid="1" timestamp="2026-04-09T19:16:40Z" /><node changeset="1" id="8506478557" user="OSMnx" visible="true" lon="72.9919362" lat="19.2168525" version="1" uid="1" timestamp="2026-04-09T19:16:40Z" /><node changeset="1" id="8525795922" user="OSMnx" visible="true" lon="72.967158" lat="19.2252106" version="1" uid="1" timestamp="2026-04-09T19:16:40Z" /><node changeset="1" id="8525795923" user="OSMnx" visible="true" lon="72.9671466" lat="19.2254573" version="1" uid="1" timestamp="2026-04-09T19:16:40Z" /><node changeset="1" id="8526079886" user="OSMnx" visible="true" lon="72.967896" lat="19.2240906" version="1" uid="1" timestamp="2026-04-09T19:16:40Z" /><node changeset="1" id="8526079887" user="OSMnx" visible="true" lon="72.967762" lat="19.2240393" version="1" uid="1" timestamp="2026-04-09T19:16:40Z" /><node changeset="1" id="8526112242" user="OSMnx" visible="true" lon="72.9678714" lat="19.2242295" version="1" uid="1" timestamp="2026-04-09T19:16:40Z" /><node changeset="1" id="8526112243" user="OSMnx" visible="true" lon="72.9678764" lat="19.2241332" version="1" uid="1" timestamp="2026-04-09T19:16:40Z" /><node changeset="1" id="8526141804" user="OSMnx" visible="true" lon="72.9637781" lat="19.2250829" version="1" uid="1" timestamp="2026-04-09T19:16:40Z" /><node changeset="1" id="8530844752" user="OSMnx" visible="true" lon="72.9663428" lat="19.22147" version="1" uid="1" timestamp="2026-04-09T19:16:40Z"><tag k="highway" v="bus_stop" /></node><node changeset="1" id="8531002104" user="OSMnx" visible="true" lon="72.9661279" lat="19.2289442" version="1" uid="1" timestamp="2026-04-09T19:16:40Z" /><node changeset="1" id="8531002105" user="OSMnx" visible="true" lon="72.9660213" lat="19.2287986" version="1" uid="1" timestamp="2026-04-09T19:16:40Z" /><node changeset="1" id="8531002106" user="OSMnx" visible="true" lon="72.9659281" lat="19.2288042" version="1" uid="1" timestamp="2026-04-09T19:16:40Z" /><node changeset="1" id="8531002107" user="OSMnx" visible="true" lon="72.9658579" lat="19.2288624" version="1" uid="1" timestamp="2026-04-09T19:16:40Z" /><node changeset="1" id="8531002108" user="OSMnx" visible="true" lon="72.9659517" lat="19.2290045" version="1" uid="1" timestamp="2026-04-09T19:16:40Z"><tag k="highway" v="bus_stop" /></node><node changeset="1" id="8531005259" user="OSMnx" visible="true" lon="72.9609071" lat="19.2208669" version="1" uid="1" timestamp="2026-04-09T19:16:40Z" /><node changeset="1" id="8531005261" user="OSMnx" visible="true" lon="72.9663261" lat="19.2194647" version="1" uid="1" timestamp="2026-04-09T19:16:40Z" /><node changeset="1" id="8531005266" user="OSMnx" visible="true" lon="72.9697334" lat="19.218489" version="1" uid="1" timestamp="2026-04-09T19:16:40Z" /><node changeset="1" id="8531005267" user="OSMnx" visible="true" lon="72.969886" lat="19.2186349" version="1" uid="1" timestamp="2026-04-09T19:16:40Z" /><node changeset="1" id="8536663525" user="OSMnx" visible="true" lon="72.9657616" lat="19.2224994" version="1" uid="1" timestamp="2026-04-09T19:16:40Z" /><node changeset="1" id="8536663526" user="OSMnx" visible="true" lon="72.9651464" lat="19.2225582" version="1" uid="1" timestamp="2026-04-09T19:16:40Z" /><node changeset="1" id="8536663527" user="OSMnx" visible="true" lon="72.9639649" lat="19.2230305" version="1" uid="1" timestamp="2026-04-09T19:16:40Z" /><node changeset="1" id="8536663528" user="OSMnx" visible="true" lon="72.9638524" lat="19.2230661" version="1" uid="1" timestamp="2026-04-09T19:16:40Z" /><node changeset="1" id="8536663530" user="OSMnx" visible="true" lon="72.963861" lat="19.2230854" version="1" uid="1" timestamp="2026-04-09T19:16:40Z" /><node changeset="1" id="8536663533" user="OSMnx" visible="true" lon="72.9639725" lat="19.2230561" version="1" uid="1" timestamp="2026-04-09T19:16:40Z" /><node changeset="1" id="8536663535" user="OSMnx" visible="true" lon="72.9650895" lat="19.2226029" version="1" uid="1" timestamp="2026-04-09T19:16:40Z" /><node changeset="1" id="8536663536" user="OSMnx" visible="true" lon="72.965758" lat="19.2225351" version="1" uid="1" timestamp="2026-04-09T19:16:40Z" /><node changeset="1" id="8536663538" user="OSMnx" visible="true" lon="72.964426" lat="19.2228549" version="1" uid="1" timestamp="2026-04-09T19:16:40Z" /><node changeset="1" id="8536663541" user="OSMnx" visible="true" lon="72.9646628" lat="19.2235033" version="1" uid="1" timestamp="2026-04-09T19:16:40Z" /><node changeset="1" id="8536663545" user="OSMnx" visible="true" lon="72.9646759" lat="19.223382" version="1" uid="1" timestamp="2026-04-09T19:16:40Z" /><node changeset="1" id="8536663546" user="OSMnx" visible="true" lon="72.9648819" lat="19.224221" version="1" uid="1" timestamp="2026-04-09T19:16:40Z" /><node changeset="1" id="8536663548" user="OSMnx" visible="true" lon="72.9649562" lat="19.2245463" version="1" uid="1" timestamp="2026-04-09T19:16:40Z" /><node changeset="1" id="8536663550" user="OSMnx" visible="true" lon="72.965264" lat="19.2258943" version="1" uid="1" timestamp="2026-04-09T19:16:40Z" /><node changeset="1" id="8536663551" user="OSMnx" visible="true" lon="72.9647135" lat="19.2234835" version="1" uid="1" timestamp="2026-04-09T19:16:40Z" /><node changeset="1" id="8536663552" user="OSMnx" visible="true" lon="72.9644731" lat="19.2228342" version="1" uid="1" timestamp="2026-04-09T19:16:40Z" /><node changeset="1" id="8536663553" user="OSMnx" visible="true" lon="72.9644824" lat="19.2228595" version="1" uid="1" timestamp="2026-04-09T19:16:40Z" /><node changeset="1" id="8536663554" user="OSMnx" visible="true" lon="72.965018" lat="19.2248169" version="1" uid="1" timestamp="2026-04-09T19:16:40Z" /><node changeset="1" id="8536663555" user="OSMnx" visible="true" lon="72.9651247" lat="19.2254809" version="1" uid="1" timestamp="2026-04-09T19:16:40Z" /><node changeset="1" id="8536663556" user="OSMnx" visible="true" lon="72.9651666" lat="19.2254675" version="1" uid="1" timestamp="2026-04-09T19:16:40Z" /><node changeset="1" id="8536663557" user="OSMnx" visible="true" lon="72.9648342" lat="19.2242373" version="1" uid="1" timestamp="2026-04-09T19:16:40Z" /><node changeset="1" id="8536663558" user="OSMnx" visible="true" lon="72.9647879" lat="19.2238093" version="1" uid="1" timestamp="2026-04-09T19:16:40Z" /><node changeset="1" id="8536663559" user="OSMnx" visible="true" lon="72.9646258" lat="19.2234007" version="1" uid="1" timestamp="2026-04-09T19:16:40Z" /><node changeset="1" id="8536663560" user="OSMnx" visible="true" lon="72.9653964" lat="19.2225718" version="1" uid="1" timestamp="2026-04-09T19:16:40Z" /><node changeset="1" id="8536663561" user="OSMnx" visible="true" lon="72.9653969" lat="19.2225343" version="1" uid="1" timestamp="2026-04-09T19:16:40Z" /><node changeset="1" id="8536663562" user="OSMnx" visible="true" lon="72.9658213" lat="19.2225333" version="1" uid="1" timestamp="2026-04-09T19:16:40Z" /><node changeset="1" id="8536663563" user="OSMnx" visible="true" lon="72.9658216" lat="19.2224978" version="1" uid="1" timestamp="2026-04-09T19:16:40Z" /><node changeset="1" id="8536663575" user="OSMnx" visible="true" lon="72.961632" lat="19.2204408" version="1" uid="1" timestamp="2026-04-09T19:16:40Z" /><node changeset="1" id="8543073079" user="OSMnx" visible="true" lon="72.9738721" lat="19.212951" version="1" uid="1" timestamp="2026-04-09T19:16:40Z" /><node changeset="1" id="8543073084" user="OSMnx" visible="true" lon="72.9747133" lat="19.2126647" version="1" uid="1" timestamp="2026-04-09T19:16:40Z" /><node changeset="1" id="8543073109" user="OSMnx" visible="true" lon="72.977741" lat="19.2138097" version="1" uid="1" timestamp="2026-04-09T19:16:40Z" /><node changeset="1" id="8543092092" user="OSMnx" visible="true" lon="72.9774807" lat="19.2050418" version="1" uid="1" timestamp="2026-04-09T19:16:40Z" /><node changeset="1" id="8543092093" user="OSMnx" visible="true" lon="72.977687" lat="19.2049325" version="1" uid="1" timestamp="2026-04-09T19:16:40Z" /><node changeset="1" id="8543103417" user="OSMnx" visible="true" lon="72.9828817" lat="19.2071932" version="1" uid="1" timestamp="2026-04-09T19:16:40Z" /><node changeset="1" id="8543103418" user="OSMnx" visible="true" lon="72.9828863" lat="19.2072625" version="1" uid="1" timestamp="2026-04-09T19:16:40Z" /><node changeset="1" id="8543103419" user="OSMnx" visible="true" lon="72.9828771" lat="19.207123" version="1" uid="1" timestamp="2026-04-09T19:16:40Z" /><node changeset="1" id="8543105431" user="OSMnx" visible="true" lon="72.9877088" lat="19.2064768" version="1" uid="1" timestamp="2026-04-09T19:16:40Z" /><node changeset="1" id="8543105434" user="OSMnx" visible="true" lon="72.9878335" lat="19.2064897" version="1" uid="1" timestamp="2026-04-09T19:16:40Z" /><node changeset="1" id="8543105435" user="OSMnx" visible="true" lon="72.9879041" lat="19.2056596" version="1" uid="1" timestamp="2026-04-09T19:16:40Z" /><node changeset="1" id="8543105436" user="OSMnx" visible="true" lon="72.9880288" lat="19.2056878" version="1" uid="1" timestamp="2026-04-09T19:16:40Z" /><node changeset="1" id="8543105437" user="OSMnx" visible="true" lon="72.9861261" lat="19.2100446" version="1" uid="1" timestamp="2026-04-09T19:16:40Z" /><node changeset="1" id="8543105438" user="OSMnx" visible="true" lon="72.9873984" lat="19.2090415" version="1" uid="1" timestamp="2026-04-09T19:16:40Z" /><node changeset="1" id="8543105439" user="OSMnx" visible="true" lon="72.9878488" lat="19.2091746" version="1" uid="1" timestamp="2026-04-09T19:16:40Z" /><node changeset="1" id="8549553796" user="OSMnx" visible="true" lon="72.9628148" lat="19.2231947" version="1" uid="1" timestamp="2026-04-09T19:16:40Z" /><node changeset="1" id="8549716729" user="OSMnx" visible="true" lon="72.9717316" lat="19.2326735" version="1" uid="1" timestamp="2026-04-09T19:16:40Z" /><node changeset="1" id="8549716735" user="OSMnx" visible="true" lon="72.9720737" lat="19.2327678" version="1" uid="1" timestamp="2026-04-09T19:16:40Z" /><node changeset="1" id="8549716756" user="OSMnx" visible="true" lon="72.9721239" lat="19.2327816" version="1" uid="1" timestamp="2026-04-09T19:16:40Z" /><node changeset="1" id="8549716767" user="OSMnx" visible="true" lon="72.970846" lat="19.2341742" version="1" uid="1" timestamp="2026-04-09T19:16:40Z" /><node changeset="1" id="8550872954" user="OSMnx" visible="true" lon="72.969786" lat="19.2240644" version="1" uid="1" timestamp="2026-04-09T19:16:40Z" /><node changeset="1" id="8550872958" user="OSMnx" visible="true" lon="72.9717662" lat="19.2225927" version="1" uid="1" timestamp="2026-04-09T19:16:40Z" /><node changeset="1" id="8550872971" user="OSMnx" visible="true" lon="72.9728221" lat="19.2253845" version="1" uid="1" timestamp="2026-04-09T19:16:40Z" /><node changeset="1" id="8550872972" user="OSMnx" visible="true" lon="72.973566" lat="19.2253115" version="1" uid="1" timestamp="2026-04-09T19:16:40Z" /><node changeset="1" id="8551670535" user="OSMnx" visible="true" lon="72.9600005" lat="19.21972" version="1" uid="1" timestamp="2026-04-09T19:16:40Z" /><node changeset="1" id="8552003566" user="OSMnx" visible="true" lon="72.969793" lat="19.2284076" version="1" uid="1" timestamp="2026-04-09T19:16:40Z" /><node changeset="1" id="8552003567" user="OSMnx" visible="true" lon="72.9696606" lat="19.2284276" version="1" uid="1" timestamp="2026-04-09T19:16:40Z"><tag k="highway" v="traffic_signals" /></node><node changeset="1" id="8552003568" user="OSMnx" visible="true" lon="72.9695963" lat="19.2284074" version="1" uid="1" timestamp="2026-04-09T19:16:40Z" /><node changeset="1" id="8552003569" user="OSMnx" visible="true" lon="72.9696101" lat="19.2280441" version="1" uid="1" timestamp="2026-04-09T19:16:40Z" /><node changeset="1" id="8552003570" user="OSMnx" visible="true" lon="72.9697502" lat="19.2280344" version="1" uid="1" timestamp="2026-04-09T19:16:40Z" /><node changeset="1" id="8552003571" user="OSMnx" visible="true" lon="72.9698626" lat="19.2281047" version="1" uid="1" timestamp="2026-04-09T19:16:40Z" /><node changeset="1" id="8552003573" user="OSMnx" visible="true" lon="72.9694835" lat="19.2282555" version="1" uid="1" timestamp="2026-04-09T19:16:40Z" /><node changeset="1" id="8552003574" user="OSMnx" visible="true" lon="72.9695089" lat="19.2281303" version="1" uid="1" timestamp="2026-04-09T19:16:40Z" /><node changeset="1" id="8552003575" user="OSMnx" visible="true" lon="72.969552" lat="19.2280794" version="1" uid="1" timestamp="2026-04-09T19:16:40Z" /><node changeset="1" id="8552003576" user="OSMnx" visible="true" lon="72.9698938" lat="19.2281565" version="1" uid="1" timestamp="2026-04-09T19:16:40Z" /><node changeset="1" id="8552003577" user="OSMnx" visible="true" lon="72.9699047" lat="19.2282644" version="1" uid="1" timestamp="2026-04-09T19:16:40Z" /><node changeset="1" id="8561284604" user="OSMnx" visible="true" lon="72.9756239" lat="19.2150013" version="1" uid="1" timestamp="2026-04-09T19:16:40Z" /><node changeset="1" id="8561294042" user="OSMnx" visible="true" lon="72.9702759" lat="19.2208519" version="1" uid="1" timestamp="2026-04-09T19:16:40Z" /><node changeset="1" id="8561294044" user="OSMnx" visible="true" lon="72.9699819" lat="19.2217754" version="1" uid="1" timestamp="2026-04-09T19:16:40Z" /><node changeset="1" id="8561294047" user="OSMnx" visible="true" lon="72.9700584" lat="19.2226003" version="1" uid="1" timestamp="2026-04-09T19:16:40Z" /><node changeset="1" id="8562394764" user="OSMnx" visible="true" lon="72.9844424" lat="19.232111" version="1" uid="1" timestamp="2026-04-09T19:16:40Z" /><node changeset="1" id="8562394765" user="OSMnx" visible="true" lon="72.9843596" lat="19.2321598" version="1" uid="1" timestamp="2026-04-09T19:16:40Z" /><node changeset="1" id="8562394766" user="OSMnx" visible="true" lon="72.9845793" lat="19.2322853" version="1" uid="1" timestamp="2026-04-09T19:16:40Z" /><node changeset="1" id="8562394767" user="OSMnx" visible="true" lon="72.9845919" lat="19.2322457" version="1" uid="1" timestamp="2026-04-09T19:16:40Z" /><node changeset="1" id="8562394768" user="OSMnx" visible="true" lon="72.987737" lat="19.2340699" version="1" uid="1" timestamp="2026-04-09T19:16:40Z" /><node changeset="1" id="8564342763" user="OSMnx" visible="true" lon="72.9697285" lat="19.2284277" version="1" uid="1" timestamp="2026-04-09T19:16:40Z" /><node changeset="1" id="8564342787" user="OSMnx" visible="true" lon="72.9649662" lat="19.2289467" version="1" uid="1" timestamp="2026-04-09T19:16:40Z" /><node changeset="1" id="8564342788" user="OSMnx" visible="true" lon="72.9677155" lat="19.2285747" version="1" uid="1" timestamp="2026-04-09T19:16:40Z" /><node changeset="1" id="8564342791" user="OSMnx" visible="true" lon="72.9613364" lat="19.222841" version="1" uid="1" timestamp="2026-04-09T19:16:40Z" /><node changeset="1" id="8564342792" user="OSMnx" visible="true" lon="72.9612117" lat="19.2228944" version="1" uid="1" timestamp="2026-04-09T19:16:40Z" /><node changeset="1" id="8564342795" user="OSMnx" visible="true" lon="72.9608829" lat="19.2219928" version="1" uid="1" timestamp="2026-04-09T19:16:40Z" /><node changeset="1" id="8564342796" user="OSMnx" visible="true" lon="72.9607579" lat="19.2220509" version="1" uid="1" timestamp="2026-04-09T19:16:40Z" /><node changeset="1" id="8564342799" user="OSMnx" visible="true" lon="72.9650538" lat="19.228854" version="1" uid="1" timestamp="2026-04-09T19:16:40Z" /><node changeset="1" id="8564342806" user="OSMnx" visible="true" lon="72.9698043" lat="19.2216714" version="1" uid="1" timestamp="2026-04-09T19:16:40Z" /><node changeset="1" id="8564342807" user="OSMnx" visible="true" lon="72.9697805" lat="19.2226126" version="1" uid="1" timestamp="2026-04-09T19:16:40Z" /><node changeset="1" id="8571773915" user="OSMnx" visible="true" lon="72.9767268" lat="19.2226517" version="1" uid="1" timestamp="2026-04-09T19:16:40Z" /><node changeset="1" id="8571773916" user="OSMnx" visible="true" lon="72.9763736" lat="19.2225488" version="1" uid="1" timestamp="2026-04-09T19:16:40Z" /><node changeset="1" id="8571796117" user="OSMnx" visible="true" lon="72.9759588" lat="19.2225359" version="1" uid="1" timestamp="2026-04-09T19:16:40Z" /><node changeset="1" id="8571796118" user="OSMnx" visible="true" lon="72.9768364" lat="19.2227501" version="1" uid="1" timestamp="2026-04-09T19:16:40Z" /><node changeset="1" id="8572278840" user="OSMnx" visible="true" lon="72.9741111" lat="19.2230658" version="1" uid="1" timestamp="2026-04-09T19:16:40Z" /><node changeset="1" id="8573777350" user="OSMnx" visible="true" lon="72.9853604" lat="19.2149041" version="1" uid="1" timestamp="2026-04-09T19:16:40Z" /><node changeset="1" id="8576194118" user="OSMnx" visible="true" lon="72.9867723" lat="19.2111479" version="1" uid="1" timestamp="2026-04-09T19:16:40Z" /><node changeset="1" id="8578558821" user="OSMnx" visible="true" lon="72.9631273" lat="19.1997229" version="1" uid="1" timestamp="2026-04-09T19:16:40Z" /><node changeset="1" id="8578558822" user="OSMnx" visible="true" lon="72.9642459" lat="19.1997145" version="1" uid="1" timestamp="2026-04-09T19:16:40Z" /><node changeset="1" id="8586977801" user="OSMnx" visible="true" lon="72.9697114" lat="19.228571" version="1" uid="1" timestamp="2026-04-09T19:16:40Z"><tag k="highway" v="crossing" /></node><node changeset="1" id="8586977802" user="OSMnx" visible="true" lon="72.9698957" lat="19.2285151" version="1" uid="1" timestamp="2026-04-09T19:16:40Z"><tag k="highway" v="crossing" /></node><node changeset="1" id="8592846854" user="OSMnx" visible="true" lon="72.96999" lat="19.2226944" version="1" uid="1" timestamp="2026-04-09T19:16:40Z" /><node changeset="1" id="8626486698" user="OSMnx" visible="true" lon="72.9730851" lat="19.2330167" version="1" uid="1" timestamp="2026-04-09T19:16:40Z" /><node changeset="1" id="8626486699" user="OSMnx" visible="true" lon="72.9733209" lat="19.2330415" version="1" uid="1" timestamp="2026-04-09T19:16:40Z" /><node changeset="1" id="8626486700" user="OSMnx" visible="true" lon="72.9728549" lat="19.2329748" version="1" uid="1" timestamp="2026-04-09T19:16:40Z" /><node changeset="1" id="8628324196" user="OSMnx" visible="true" lon="72.993751" lat="19.2137536" version="1" uid="1" timestamp="2026-04-09T19:16:40Z" /><node changeset="1" id="8628324197" user="OSMnx" visible="true" lon="72.9941672" lat="19.2131426" version="1" uid="1" timestamp="2026-04-09T19:16:40Z" /><node changeset="1" id="8628324201" user="OSMnx" visible="true" lon="72.9941301" lat="19.2100476" version="1" uid="1" timestamp="2026-04-09T19:16:40Z" /><node changeset="1" id="8628324221" user="OSMnx" visible="true" lon="72.9906894" lat="19.2150138" version="1" uid="1" timestamp="2026-04-09T19:16:40Z" /><node changeset="1" id="8628324222" user="OSMnx" visible="true" lon="72.9869154" lat="19.2111248" version="1" uid="1" timestamp="2026-04-09T19:16:40Z" /><node changeset="1" id="8637519667" user="OSMnx" visible="true" lon="72.9880069" lat="19.2150463" version="1" uid="1" timestamp="2026-04-09T19:16:40Z" /><node changeset="1" id="8637519669" user="OSMnx" visible="true" lon="72.9861874" lat="19.2151205" version="1" uid="1" timestamp="2026-04-09T19:16:40Z" /><node changeset="1" id="8637519674" user="OSMnx" visible="true" lon="72.9923051" lat="19.2151177" version="1" uid="1" timestamp="2026-04-09T19:16:40Z" /><node changeset="1" id="8637519675" user="OSMnx" visible="true" lon="72.9825962" lat="19.2106415" version="1" uid="1" timestamp="2026-04-09T19:16:40Z" /><node changeset="1" id="8637519676" user="OSMnx" visible="true" lon="72.9826574" lat="19.2105192" version="1" uid="1" timestamp="2026-04-09T19:16:40Z" /><node changeset="1" id="8637519677" user="OSMnx" visible="true" lon="72.9825641" lat="19.2106592" version="1" uid="1" timestamp="2026-04-09T19:16:40Z" /><node changeset="1" id="8637519678" user="OSMnx" visible="true" lon="72.9826229" lat="19.2106172" version="1" uid="1" timestamp="2026-04-09T19:16:40Z" /><node changeset="1" id="8637519679" user="OSMnx" visible="true" lon="72.9826544" lat="19.2105542" version="1" uid="1" timestamp="2026-04-09T19:16:40Z" /><node changeset="1" id="8637519680" user="OSMnx" visible="true" lon="72.9826515" lat="19.2104846" version="1" uid="1" timestamp="2026-04-09T19:16:40Z" /><node changeset="1" id="8637519681" user="OSMnx" visible="true" lon="72.9772568" lat="19.2132876" version="1" uid="1" timestamp="2026-04-09T19:16:40Z" /><node changeset="1" id="8639680047" user="OSMnx" visible="true" lon="72.9839531" lat="19.2071965" version="1" uid="1" timestamp="2026-04-09T19:16:40Z" /><node changeset="1" id="8639680068" user="OSMnx" visible="true" lon="72.982489" lat="19.2094908" version="1" uid="1" timestamp="2026-04-09T19:16:40Z" /><node changeset="1" id="8643781330" user="OSMnx" visible="true" lon="72.9784561" lat="19.2184166" version="1" uid="1" timestamp="2026-04-09T19:16:40Z" /><node changeset="1" id="8643781331" user="OSMnx" visible="true" lon="72.9785803" lat="19.2185735" version="1" uid="1" timestamp="2026-04-09T19:16:40Z" /><node changeset="1" id="8758523899" user="OSMnx" visible="true" lon="72.9880292" lat="19.2054492" version="1" uid="1" timestamp="2026-04-09T19:16:40Z" /><node changeset="1" id="8758523900" user="OSMnx" visible="true" lon="72.9879649" lat="19.2054627" version="1" uid="1" timestamp="2026-04-09T19:16:40Z" /><node changeset="1" id="8758523901" user="OSMnx" visible="true" lon="72.9880706" lat="19.2054898" version="1" uid="1" timestamp="2026-04-09T19:16:40Z" /><node changeset="1" id="8758523902" user="OSMnx" visible="true" lon="72.9879951" lat="19.2054476" version="1" uid="1" timestamp="2026-04-09T19:16:40Z" /><node changeset="1" id="8758523903" user="OSMnx" visible="true" lon="72.9874159" lat="19.2075809" version="1" uid="1" timestamp="2026-04-09T19:16:40Z" /><node changeset="1" id="8758523904" user="OSMnx" visible="true" lon="72.9873285" lat="19.2079247" version="1" uid="1" timestamp="2026-04-09T19:16:40Z" /><node changeset="1" id="8758523943" user="OSMnx" visible="true" lon="72.9889074" lat="19.2073462" version="1" uid="1" timestamp="2026-04-09T19:16:40Z" /><node changeset="1" id="8760985871" user="OSMnx" visible="true" lon="72.9891895" lat="19.209562" version="1" uid="1" timestamp="2026-04-09T19:16:40Z" /><node changeset="1" id="8760986034" user="OSMnx" visible="true" lon="72.986366" lat="19.2050957" version="1" uid="1" timestamp="2026-04-09T19:16:40Z" /><node changeset="1" id="8761948475" user="OSMnx" visible="true" lon="72.9700141" lat="19.2261257" version="1" uid="1" timestamp="2026-04-09T19:16:40Z" /><node changeset="1" id="8761948755" user="OSMnx" visible="true" lon="72.9968805" lat="19.2275242" version="1" uid="1" timestamp="2026-04-09T19:16:40Z" /><node changeset="1" id="8761948758" user="OSMnx" visible="true" lon="72.9969851" lat="19.2259253" version="1" uid="1" timestamp="2026-04-09T19:16:40Z" /><node changeset="1" id="8763972182" user="OSMnx" visible="true" lon="72.9662162" lat="19.2061414" version="1" uid="1" timestamp="2026-04-09T19:16:40Z" /><node changeset="1" id="8780753138" user="OSMnx" visible="true" lon="72.9854809" lat="19.2001995" version="1" uid="1" timestamp="2026-04-09T19:16:40Z" /><node changeset="1" id="8780753139" user="OSMnx" visible="true" lon="72.9855707" lat="19.2002223" version="1" uid="1" timestamp="2026-04-09T19:16:40Z" /><node changeset="1" id="8780753141" user="OSMnx" visible="true" lon="72.9936095" lat="19.2140377" version="1" uid="1" timestamp="2026-04-09T19:16:40Z" /><node changeset="1" id="8780753142" user="OSMnx" visible="true" lon="72.9938271" lat="19.2138279" version="1" uid="1" timestamp="2026-04-09T19:16:40Z" /><node changeset="1" id="8780753150" user="OSMnx" visible="true" lon="72.9858832" lat="19.2001015" version="1" uid="1" timestamp="2026-04-09T19:16:40Z" /><node changeset="1" id="8780753151" user="OSMnx" visible="true" lon="72.9867403" lat="19.2018241" version="1" uid="1" timestamp="2026-04-09T19:16:40Z" /><node changeset="1" id="8780753152" user="OSMnx" visible="true" lon="72.9865846" lat="19.2016649" version="1" uid="1" timestamp="2026-04-09T19:16:40Z" /><node changeset="1" id="8780753153" user="OSMnx" visible="true" lon="72.9874985" lat="19.2025139" version="1" uid="1" timestamp="2026-04-09T19:16:40Z" /><node changeset="1" id="8780753154" user="OSMnx" visible="true" lon="72.9863057" lat="19.2011523" version="1" uid="1" timestamp="2026-04-09T19:16:40Z" /><node changeset="1" id="8780753155" user="OSMnx" visible="true" lon="72.9864589" lat="19.2014851" version="1" uid="1" timestamp="2026-04-09T19:16:40Z" /><node changeset="1" id="8780753156" user="OSMnx" visible="true" lon="72.9870198" lat="19.2020844" version="1" uid="1" timestamp="2026-04-09T19:16:40Z" /><node changeset="1" id="8780753157" user="OSMnx" visible="true" lon="72.9881877" lat="19.203139" version="1" uid="1" timestamp="2026-04-09T19:16:40Z" /><node changeset="1" id="8780753158" user="OSMnx" visible="true" lon="72.9874377" lat="19.2024644" version="1" uid="1" timestamp="2026-04-09T19:16:40Z" /><node changeset="1" id="8780753159" user="OSMnx" visible="true" lon="72.9884796" lat="19.203404" version="1" uid="1" timestamp="2026-04-09T19:16:40Z" /><node changeset="1" id="8780753160" user="OSMnx" visible="true" lon="72.9898484" lat="19.2045828" version="1" uid="1" timestamp="2026-04-09T19:16:40Z" /><node changeset="1" id="8780753161" user="OSMnx" visible="true" lon="72.9894966" lat="19.2043227" version="1" uid="1" timestamp="2026-04-09T19:16:40Z" /><node changeset="1" id="8780753162" user="OSMnx" visible="true" lon="72.993176" lat="19.2075089" version="1" uid="1" timestamp="2026-04-09T19:16:40Z" /><node changeset="1" id="8780753163" user="OSMnx" visible="true" lon="72.9923465" lat="19.2063926" version="1" uid="1" timestamp="2026-04-09T19:16:40Z" /><node changeset="1" id="8780753164" user="OSMnx" visible="true" lon="72.9920904" lat="19.2059662" version="1" uid="1" timestamp="2026-04-09T19:16:40Z" /><node changeset="1" id="8780753165" user="OSMnx" visible="true" lon="72.9920242" lat="19.2058931" version="1" uid="1" timestamp="2026-04-09T19:16:40Z" /><node changeset="1" id="8780753166" user="OSMnx" visible="true" lon="72.9919523" lat="19.2058268" version="1" uid="1" timestamp="2026-04-09T19:16:40Z" /><node changeset="1" id="8780753167" user="OSMnx" visible="true" lon="72.9918668" lat="19.2057724" version="1" uid="1" timestamp="2026-04-09T19:16:40Z" /><node changeset="1" id="8780753168" user="OSMnx" visible="true" lon="72.9909096" lat="19.2052743" version="1" uid="1" timestamp="2026-04-09T19:16:40Z" /><node changeset="1" id="8780753169" user="OSMnx" visible="true" lon="72.9903623" lat="19.2049413" version="1" uid="1" timestamp="2026-04-09T19:16:40Z" /><node changeset="1" id="8780753170" user="OSMnx" visible="true" lon="72.9939432" lat="19.208719" version="1" uid="1" timestamp="2026-04-09T19:16:40Z" /><node changeset="1" id="8780753171" user="OSMnx" visible="true" lon="72.9923784" lat="19.2151957" version="1" uid="1" timestamp="2026-04-09T19:16:40Z" /><node changeset="1" id="8780753172" user="OSMnx" visible="true" lon="72.9934529" lat="19.214171" version="1" uid="1" timestamp="2026-04-09T19:16:40Z" /><node changeset="1" id="8780753173" user="OSMnx" visible="true" lon="72.9936399" lat="19.2140118" version="1" uid="1" timestamp="2026-04-09T19:16:40Z" /><node changeset="1" id="8780753174" user="OSMnx" visible="true" lon="72.9938321" lat="19.213823" version="1" uid="1" timestamp="2026-04-09T19:16:40Z" /><node changeset="1" id="8780753175" user="OSMnx" visible="true" lon="72.9939894" lat="19.2136488" version="1" uid="1" timestamp="2026-04-09T19:16:40Z" /><node changeset="1" id="8780753176" user="OSMnx" visible="true" lon="72.9941727" lat="19.2134106" version="1" uid="1" timestamp="2026-04-09T19:16:40Z" /><node changeset="1" id="8780753177" user="OSMnx" visible="true" lon="72.9942744" lat="19.2131674" version="1" uid="1" timestamp="2026-04-09T19:16:40Z" /><node changeset="1" id="8780753178" user="OSMnx" visible="true" lon="72.9943095" lat="19.2128504" version="1" uid="1" timestamp="2026-04-09T19:16:40Z" /><node changeset="1" id="8780753179" user="OSMnx" visible="true" lon="72.9942981" lat="19.2117459" version="1" uid="1" timestamp="2026-04-09T19:16:40Z" /><node changeset="1" id="8780753180" user="OSMnx" visible="true" lon="72.994204" lat="19.2107864" version="1" uid="1" timestamp="2026-04-09T19:16:40Z" /><node changeset="1" id="8780753181" user="OSMnx" visible="true" lon="72.9942388" lat="19.2100655" version="1" uid="1" timestamp="2026-04-09T19:16:40Z" /><node changeset="1" id="8780753182" user="OSMnx" visible="true" lon="72.9943201" lat="19.2098181" version="1" uid="1" timestamp="2026-04-09T19:16:40Z" /><node changeset="1" id="8780753183" user="OSMnx" visible="true" lon="72.9944909" lat="19.209653" version="1" uid="1" timestamp="2026-04-09T19:16:40Z" /><node changeset="1" id="8780753184" user="OSMnx" visible="true" lon="72.9945465" lat="19.2095789" version="1" uid="1" timestamp="2026-04-09T19:16:40Z" /><node changeset="1" id="8780753185" user="OSMnx" visible="true" lon="72.994582" lat="19.2094531" version="1" uid="1" timestamp="2026-04-09T19:16:40Z" /><node changeset="1" id="8780753186" user="OSMnx" visible="true" lon="72.9945766" lat="19.2093208" version="1" uid="1" timestamp="2026-04-09T19:16:40Z" /><node changeset="1" id="8780753187" user="OSMnx" visible="true" lon="72.9945514" lat="19.2091883" version="1" uid="1" timestamp="2026-04-09T19:16:40Z" /><node changeset="1" id="8780753188" user="OSMnx" visible="true" lon="72.994477" lat="19.2090333" version="1" uid="1" timestamp="2026-04-09T19:16:40Z" /><node changeset="1" id="8780753189" user="OSMnx" visible="true" lon="72.9943385" lat="19.2089239" version="1" uid="1" timestamp="2026-04-09T19:16:40Z" /><node changeset="1" id="8780753190" user="OSMnx" visible="true" lon="72.9941989" lat="19.2088487" version="1" uid="1" timestamp="2026-04-09T19:16:40Z" /><node changeset="1" id="8780753191" user="OSMnx" visible="true" lon="72.9941074" lat="19.2088139" version="1" uid="1" timestamp="2026-04-09T19:16:40Z" /><node changeset="1" id="8780753192" user="OSMnx" visible="true" lon="72.9940294" lat="19.2087855" version="1" uid="1" timestamp="2026-04-09T19:16:40Z" /><node changeset="1" id="8780753193" user="OSMnx" visible="true" lon="72.9938915" lat="19.208633" version="1" uid="1" timestamp="2026-04-09T19:16:40Z" /><node changeset="1" id="8780753194" user="OSMnx" visible="true" lon="72.9916531" lat="19.2157403" version="1" uid="1" timestamp="2026-04-09T19:16:40Z" /><node changeset="1" id="8780753195" user="OSMnx" visible="true" lon="72.9938238" lat="19.2085208" version="1" uid="1" timestamp="2026-04-09T19:16:40Z" /><node changeset="1" id="8780753202" user="OSMnx" visible="true" lon="72.9903021" lat="19.2050223" version="1" uid="1" timestamp="2026-04-09T19:16:40Z" /><node changeset="1" id="8780753203" user="OSMnx" visible="true" lon="72.9865095" lat="19.2017205" version="1" uid="1" timestamp="2026-04-09T19:16:40Z" /><node changeset="1" id="8780753204" user="OSMnx" visible="true" lon="72.9866718" lat="19.2018864" version="1" uid="1" timestamp="2026-04-09T19:16:40Z" /><node changeset="1" id="8780753205" user="OSMnx" visible="true" lon="72.9918122" lat="19.2058569" version="1" uid="1" timestamp="2026-04-09T19:16:40Z" /><node changeset="1" id="8780753206" user="OSMnx" visible="true" lon="72.9919477" lat="19.2059607" version="1" uid="1" timestamp="2026-04-09T19:16:40Z" /><node changeset="1" id="8780753207" user="OSMnx" visible="true" lon="72.991886" lat="19.2059037" version="1" uid="1" timestamp="2026-04-09T19:16:40Z" /><node changeset="1" id="8780753211" user="OSMnx" visible="true" lon="72.9917358" lat="19.2075045" version="1" uid="1" timestamp="2026-04-09T19:16:40Z" /><node changeset="1" id="8780753212" user="OSMnx" visible="true" lon="72.9917479" lat="19.2073993" version="1" uid="1" timestamp="2026-04-09T19:16:40Z" /><node changeset="1" id="8780753213" user="OSMnx" visible="true" lon="72.9914509" lat="19.2066607" version="1" uid="1" timestamp="2026-04-09T19:16:40Z" /><node changeset="1" id="8780799418" user="OSMnx" visible="true" lon="72.994076" lat="19.2133605" version="1" uid="1" timestamp="2026-04-09T19:16:40Z" /><node changeset="1" id="8780799419" user="OSMnx" visible="true" lon="72.9940747" lat="19.2089128" version="1" uid="1" timestamp="2026-04-09T19:16:40Z" /><node changeset="1" id="8780799420" user="OSMnx" visible="true" lon="72.9939915" lat="19.2088951" version="1" uid="1" timestamp="2026-04-09T19:16:40Z" /><node changeset="1" id="8780799421" user="OSMnx" visible="true" lon="72.9937729" lat="19.2088191" version="1" uid="1" timestamp="2026-04-09T19:16:40Z" /><node changeset="1" id="8780799422" user="OSMnx" visible="true" lon="72.9937059" lat="19.2087545" version="1" uid="1" timestamp="2026-04-09T19:16:40Z" /><node changeset="1" id="8780799423" user="OSMnx" visible="true" lon="72.9942758" lat="19.2090091" version="1" uid="1" timestamp="2026-04-09T19:16:40Z" /><node changeset="1" id="8780799424" user="OSMnx" visible="true" lon="72.9941511" lat="19.2089419" version="1" uid="1" timestamp="2026-04-09T19:16:40Z" /><node changeset="1" id="8780799425" user="OSMnx" visible="true" lon="72.9938708" lat="19.2088685" version="1" uid="1" timestamp="2026-04-09T19:16:40Z" /><node changeset="1" id="8780799426" user="OSMnx" visible="true" lon="72.9944462" lat="19.2095334" version="1" uid="1" timestamp="2026-04-09T19:16:40Z" /><node changeset="1" id="8780799427" user="OSMnx" visible="true" lon="72.9944676" lat="19.209332" version="1" uid="1" timestamp="2026-04-09T19:16:40Z" /><node changeset="1" id="8780799428" user="OSMnx" visible="true" lon="72.9944462" lat="19.2092193" version="1" uid="1" timestamp="2026-04-09T19:16:40Z" /><node changeset="1" id="8781303938" user="OSMnx" visible="true" lon="72.9627787" lat="19.218331" version="1" uid="1" timestamp="2026-04-09T19:16:40Z" /><node changeset="1" id="8784839968" user="OSMnx" visible="true" lon="72.9920563" lat="19.2099006" version="1" uid="1" timestamp="2026-04-09T19:16:40Z" /><node changeset="1" id="8784839969" user="OSMnx" visible="true" lon="72.9919812" lat="19.2098753" version="1" uid="1" timestamp="2026-04-09T19:16:40Z" /><node changeset="1" id="8784839971" user="OSMnx" visible="true" lon="72.9919007" lat="19.2098348" version="1" uid="1" timestamp="2026-04-09T19:16:40Z" /><node changeset="1" id="8784840041" user="OSMnx" visible="true" lon="72.9824205" lat="19.2177156" version="1" uid="1" timestamp="2026-04-09T19:16:40Z" /><node changeset="1" id="8788678315" user="OSMnx" visible="true" lon="72.9661727" lat="19.2347548" version="1" uid="1" timestamp="2026-04-09T19:16:40Z"><tag k="highway" v="bus_stop" /></node><node changeset="1" id="8788678316" user="OSMnx" visible="true" lon="72.967069" lat="19.2332977" version="1" uid="1" timestamp="2026-04-09T19:16:40Z"><tag k="highway" v="bus_stop" /></node><node changeset="1" id="8788708024" user="OSMnx" visible="true" lon="72.9778352" lat="19.2212178" version="1" uid="1" timestamp="2026-04-09T19:16:40Z" /><node changeset="1" id="8789863200" user="OSMnx" visible="true" lon="72.9778187" lat="19.2018735" version="1" uid="1" timestamp="2026-04-09T19:16:40Z"><tag k="highway" v="bus_stop" /></node><node changeset="1" id="8789863201" user="OSMnx" visible="true" lon="72.9780533" lat="19.2029803" version="1" uid="1" timestamp="2026-04-09T19:16:40Z"><tag k="highway" v="bus_stop" /></node><node changeset="1" id="8790099251" user="OSMnx" visible="true" lon="72.9699639" lat="19.2229117" version="1" uid="1" timestamp="2026-04-09T19:16:40Z"><tag k="highway" v="bus_stop" /></node><node changeset="1" id="8790154387" user="OSMnx" visible="true" lon="72.9699933" lat="19.2259388" version="1" uid="1" timestamp="2026-04-09T19:16:40Z"><tag k="highway" v="bus_stop" /></node><node changeset="1" id="8791338032" user="OSMnx" visible="true" lon="72.9739749" lat="19.2265645" version="1" uid="1" timestamp="2026-04-09T19:16:40Z"><tag k="highway" v="bus_stop" /></node><node changeset="1" id="8791338033" user="OSMnx" visible="true" lon="72.9733641" lat="19.2224567" version="1" uid="1" timestamp="2026-04-09T19:16:40Z"><tag k="highway" v="bus_stop" /></node><node changeset="1" id="8794902859" user="OSMnx" visible="true" lon="72.9804986" lat="19.2255922" version="1" uid="1" timestamp="2026-04-09T19:16:40Z" /><node changeset="1" id="8794902860" user="OSMnx" visible="true" lon="72.9805349" lat="19.2256543" version="1" uid="1" timestamp="2026-04-09T19:16:40Z" /><node changeset="1" id="8794902861" user="OSMnx" visible="true" lon="72.9805575" lat="19.2270819" version="1" uid="1" timestamp="2026-04-09T19:16:40Z" /><node changeset="1" id="8794902862" user="OSMnx" visible="true" lon="72.984361" lat="19.2296152" version="1" uid="1" timestamp="2026-04-09T19:16:40Z"><tag k="highway" v="bus_stop" /></node><node changeset="1" id="8794902866" user="OSMnx" visible="true" lon="72.9844587" lat="19.2295333" version="1" uid="1" timestamp="2026-04-09T19:16:40Z"><tag k="highway" v="bus_stop" /></node><node changeset="1" id="8794902867" user="OSMnx" visible="true" lon="72.9861179" lat="19.2308664" version="1" uid="1" timestamp="2026-04-09T19:16:40Z"><tag k="highway" v="bus_stop" /></node><node changeset="1" id="8795776780" user="OSMnx" visible="true" lon="72.9649432" lat="19.2247033" version="1" uid="1" timestamp="2026-04-09T19:16:40Z"><tag k="highway" v="bus_stop" /></node><node changeset="1" id="8795776816" user="OSMnx" visible="true" lon="72.9618442" lat="19.2204129" version="1" uid="1" timestamp="2026-04-09T19:16:40Z"><tag k="highway" v="bus_stop" /></node><node changeset="1" id="8795838217" user="OSMnx" visible="true" lon="72.9636853" lat="19.2198209" version="1" uid="1" timestamp="2026-04-09T19:16:40Z"><tag k="highway" v="bus_stop" /></node><node changeset="1" id="8795838218" user="OSMnx" visible="true" lon="72.9636984" lat="19.2198672" version="1" uid="1" timestamp="2026-04-09T19:16:40Z"><tag k="highway" v="bus_stop" /></node><node changeset="1" id="8795838219" user="OSMnx" visible="true" lon="72.9647912" lat="19.2226943" version="1" uid="1" timestamp="2026-04-09T19:16:40Z"><tag k="highway" v="bus_stop" /></node><node changeset="1" id="8795838220" user="OSMnx" visible="true" lon="72.9647958" lat="19.222727" version="1" uid="1" timestamp="2026-04-09T19:16:40Z"><tag k="highway" v="bus_stop" /></node><node changeset="1" id="8795838221" user="OSMnx" visible="true" lon="72.9649916" lat="19.2247013" version="1" uid="1" timestamp="2026-04-09T19:16:40Z"><tag k="highway" v="bus_stop" /></node><node changeset="1" id="8796526607" user="OSMnx" visible="true" lon="72.9885499" lat="19.2348501" version="1" uid="1" timestamp="2026-04-09T19:16:40Z"><tag k="highway" v="bus_stop" /></node><node changeset="1" id="8796526608" user="OSMnx" visible="true" lon="72.9887405" lat="19.2349631" version="1" uid="1" timestamp="2026-04-09T19:16:40Z"><tag k="highway" v="bus_stop" /></node><node changeset="1" id="8898052125" user="OSMnx" visible="true" lon="72.9635526" lat="19.2058597" version="1" uid="1" timestamp="2026-04-09T19:16:40Z" /><node changeset="1" id="8898052142" user="OSMnx" visible="true" lon="72.965681" lat="19.2020105" version="1" uid="1" timestamp="2026-04-09T19:16:40Z" /><node changeset="1" id="8923315169" user="OSMnx" visible="true" lon="72.9857509" lat="19.2305125" version="1" uid="1" timestamp="2026-04-09T19:16:40Z" /><node changeset="1" id="8923315170" user="OSMnx" visible="true" lon="72.9856314" lat="19.2303973" version="1" uid="1" timestamp="2026-04-09T19:16:40Z" /><node changeset="1" id="8923315171" user="OSMnx" visible="true" lon="72.9873028" lat="19.2291053" version="1" uid="1" timestamp="2026-04-09T19:16:40Z" /><node changeset="1" id="8923315172" user="OSMnx" visible="true" lon="72.9860441" lat="19.2300602" version="1" uid="1" timestamp="2026-04-09T19:16:40Z" /><node changeset="1" id="8923315173" user="OSMnx" visible="true" lon="72.9861347" lat="19.2299665" version="1" uid="1" timestamp="2026-04-09T19:16:40Z" /><node changeset="1" id="8923315174" user="OSMnx" visible="true" lon="72.986331" lat="19.2298361" version="1" uid="1" timestamp="2026-04-09T19:16:40Z" /><node changeset="1" id="8923315175" user="OSMnx" visible="true" lon="72.9869049" lat="19.2295286" version="1" uid="1" timestamp="2026-04-09T19:16:40Z" /><node changeset="1" id="8923315176" user="OSMnx" visible="true" lon="72.9870601" lat="19.2294338" version="1" uid="1" timestamp="2026-04-09T19:16:40Z" /><node changeset="1" id="8923315177" user="OSMnx" visible="true" lon="72.9872037" lat="19.2292983" version="1" uid="1" timestamp="2026-04-09T19:16:40Z" /><node changeset="1" id="8923315178" user="OSMnx" visible="true" lon="72.985914" lat="19.2299673" version="1" uid="1" timestamp="2026-04-09T19:16:40Z" /><node changeset="1" id="8923315179" user="OSMnx" visible="true" lon="72.9860267" lat="19.2298508" version="1" uid="1" timestamp="2026-04-09T19:16:40Z" /><node changeset="1" id="8923315180" user="OSMnx" visible="true" lon="72.986244" lat="19.2297064" version="1" uid="1" timestamp="2026-04-09T19:16:40Z" /><node changeset="1" id="8923315181" user="OSMnx" visible="true" lon="72.9868206" lat="19.2293974" version="1" uid="1" timestamp="2026-04-09T19:16:40Z" /><node changeset="1" id="8923315182" user="OSMnx" visible="true" lon="72.9869574" lat="19.2293139" version="1" uid="1" timestamp="2026-04-09T19:16:40Z" /><node changeset="1" id="8923315183" user="OSMnx" visible="true" lon="72.9870889" lat="19.2291898" version="1" uid="1" timestamp="2026-04-09T19:16:40Z" /><node changeset="1" id="9015320640" user="OSMnx" visible="true" lon="72.9926273" lat="19.2149579" version="1" uid="1" timestamp="2026-04-09T19:16:40Z" /><node changeset="1" id="9016943979" user="OSMnx" visible="true" lon="72.9832639" lat="19.2180547" version="1" uid="1" timestamp="2026-04-09T19:16:40Z" /><node changeset="1" id="9067764446" user="OSMnx" visible="true" lon="72.9701463" lat="19.2259129" version="1" uid="1" timestamp="2026-04-09T19:16:40Z" /><node changeset="1" id="9091368218" user="OSMnx" visible="true" lon="72.9827214" lat="19.2179413" version="1" uid="1" timestamp="2026-04-09T19:16:40Z" /><node changeset="1" id="9091368223" user="OSMnx" visible="true" lon="72.9828656" lat="19.2179676" version="1" uid="1" timestamp="2026-04-09T19:16:40Z" /><node changeset="1" id="9091368224" user="OSMnx" visible="true" lon="72.9800817" lat="19.2175146" version="1" uid="1" timestamp="2026-04-09T19:16:40Z" /><node changeset="1" id="9091527471" user="OSMnx" visible="true" lon="72.9875469" lat="19.2298526" version="1" uid="1" timestamp="2026-04-09T19:16:40Z" /><node changeset="1" id="9170942139" user="OSMnx" visible="true" lon="72.9616313" lat="19.2029215" version="1" uid="1" timestamp="2026-04-09T19:16:40Z" /><node changeset="1" id="9170942143" user="OSMnx" visible="true" lon="72.972015" lat="19.2020264" version="1" uid="1" timestamp="2026-04-09T19:16:40Z" /><node changeset="1" id="9170942144" user="OSMnx" visible="true" lon="72.9716955" lat="19.201582" version="1" uid="1" timestamp="2026-04-09T19:16:40Z" /><node changeset="1" id="9170942145" user="OSMnx" visible="true" lon="72.9713254" lat="19.2011974" version="1" uid="1" timestamp="2026-04-09T19:16:40Z" /><node changeset="1" id="9170947844" user="OSMnx" visible="true" lon="72.9720726" lat="19.2020982" version="1" uid="1" timestamp="2026-04-09T19:16:40Z" /><node changeset="1" id="9170947845" user="OSMnx" visible="true" lon="72.9723339" lat="19.2025044" version="1" uid="1" timestamp="2026-04-09T19:16:40Z" /><node changeset="1" id="9170947846" user="OSMnx" visible="true" lon="72.9724734" lat="19.2026949" version="1" uid="1" timestamp="2026-04-09T19:16:40Z" /><node changeset="1" id="9170947847" user="OSMnx" visible="true" lon="72.9622882" lat="19.2045207" version="1" uid="1" timestamp="2026-04-09T19:16:40Z" /><node changeset="1" id="9170947848" user="OSMnx" visible="true" lon="72.9617447" lat="19.2044396" version="1" uid="1" timestamp="2026-04-09T19:16:40Z" /><node changeset="1" id="9179808199" user="OSMnx" visible="true" lon="72.9828966" lat="19.2197582" version="1" uid="1" timestamp="2026-04-09T19:16:40Z" /><node changeset="1" id="9179808200" user="OSMnx" visible="true" lon="72.9833538" lat="19.2198696" version="1" uid="1" timestamp="2026-04-09T19:16:40Z" /><node changeset="1" id="9186895244" user="OSMnx" visible="true" lon="72.9706709" lat="19.2343695" version="1" uid="1" timestamp="2026-04-09T19:16:40Z" /><node changeset="1" id="9186895245" user="OSMnx" visible="true" lon="72.9707257" lat="19.2343377" version="1" uid="1" timestamp="2026-04-09T19:16:40Z" /><node changeset="1" id="9188261841" user="OSMnx" visible="true" lon="72.9730568" lat="19.2330115" version="1" uid="1" timestamp="2026-04-09T19:16:40Z" /><node changeset="1" id="9188261844" user="OSMnx" visible="true" lon="72.9724995" lat="19.2328914" version="1" uid="1" timestamp="2026-04-09T19:16:40Z" /><node changeset="1" id="9188261850" user="OSMnx" visible="true" lon="72.9731288" lat="19.2330213" version="1" uid="1" timestamp="2026-04-09T19:16:40Z" /><node changeset="1" id="9188261853" user="OSMnx" visible="true" lon="72.9732707" lat="19.2330362" version="1" uid="1" timestamp="2026-04-09T19:16:40Z" /><node changeset="1" id="9188261859" user="OSMnx" visible="true" lon="72.9726842" lat="19.2329386" version="1" uid="1" timestamp="2026-04-09T19:16:40Z" /><node changeset="1" id="9188261862" user="OSMnx" visible="true" lon="72.9730089" lat="19.2330028" version="1" uid="1" timestamp="2026-04-09T19:16:40Z" /><node changeset="1" id="9192109071" user="OSMnx" visible="true" lon="72.9863091" lat="19.2223333" version="1" uid="1" timestamp="2026-04-09T19:16:40Z" /><node changeset="1" id="9199470743" user="OSMnx" visible="true" lon="72.9734467" lat="19.2218416" version="1" uid="1" timestamp="2026-04-09T19:16:40Z" /><node changeset="1" id="9199470745" user="OSMnx" visible="true" lon="72.9727013" lat="19.2224961" version="1" uid="1" timestamp="2026-04-09T19:16:40Z" /><node changeset="1" id="9199470746" user="OSMnx" visible="true" lon="72.9716112" lat="19.223518" version="1" uid="1" timestamp="2026-04-09T19:16:40Z" /><node changeset="1" id="9199470747" user="OSMnx" visible="true" lon="72.9716087" lat="19.2235744" version="1" uid="1" timestamp="2026-04-09T19:16:40Z" /><node changeset="1" id="9199470767" user="OSMnx" visible="true" lon="72.9747183" lat="19.2248661" version="1" uid="1" timestamp="2026-04-09T19:16:40Z" /><node changeset="1" id="9199470797" user="OSMnx" visible="true" lon="72.9746513" lat="19.2248602" version="1" uid="1" timestamp="2026-04-09T19:16:40Z" /><node changeset="1" id="9199470801" user="OSMnx" visible="true" lon="72.9753675" lat="19.2249232" version="1" uid="1" timestamp="2026-04-09T19:16:40Z" /><node changeset="1" id="9203147536" user="OSMnx" visible="true" lon="72.9708328" lat="19.2175587" version="1" uid="1" timestamp="2026-04-09T19:16:40Z" /><node changeset="1" id="9203147537" user="OSMnx" visible="true" lon="72.9710637" lat="19.2172148" version="1" uid="1" timestamp="2026-04-09T19:16:40Z" /><node changeset="1" id="9203147539" user="OSMnx" visible="true" lon="72.9714907" lat="19.2171763" version="1" uid="1" timestamp="2026-04-09T19:16:40Z" /><node changeset="1" id="9203147549" user="OSMnx" visible="true" lon="72.9699088" lat="19.2247026" version="1" uid="1" timestamp="2026-04-09T19:16:40Z" /><node changeset="1" id="9203147550" user="OSMnx" visible="true" lon="72.9698311" lat="19.2224724" version="1" uid="1" timestamp="2026-04-09T19:16:40Z"><tag k="highway" v="traffic_signals" /></node><node changeset="1" id="9203147551" user="OSMnx" visible="true" lon="72.9699787" lat="19.2224571" version="1" uid="1" timestamp="2026-04-09T19:16:40Z"><tag k="highway" v="traffic_signals" /></node><node changeset="1" id="9203147552" user="OSMnx" visible="true" lon="72.9700603" lat="19.2225742" version="1" uid="1" timestamp="2026-04-09T19:16:40Z"><tag k="highway" v="traffic_signals" /></node><node changeset="1" id="9203147553" user="OSMnx" visible="true" lon="72.9700406" lat="19.2226468" version="1" uid="1" timestamp="2026-04-09T19:16:40Z"><tag k="highway" v="traffic_signals" /></node><node changeset="1" id="9203147554" user="OSMnx" visible="true" lon="72.9699683" lat="19.2227042" version="1" uid="1" timestamp="2026-04-09T19:16:40Z"><tag k="highway" v="traffic_signals" /></node><node changeset="1" id="9203147555" user="OSMnx" visible="true" lon="72.9698489" lat="19.2226959" version="1" uid="1" timestamp="2026-04-09T19:16:40Z"><tag k="highway" v="traffic_signals" /></node><node changeset="1" id="9203147556" user="OSMnx" visible="true" lon="72.9697761" lat="19.2225859" version="1" uid="1" timestamp="2026-04-09T19:16:40Z"><tag k="highway" v="traffic_signals" /></node><node changeset="1" id="9203147557" user="OSMnx" visible="true" lon="72.9697951" lat="19.2225112" version="1" uid="1" timestamp="2026-04-09T19:16:40Z" /><node changeset="1" id="9203147558" user="OSMnx" visible="true" lon="72.9698111" lat="19.2224902" version="1" uid="1" timestamp="2026-04-09T19:16:40Z" /><node changeset="1" id="9203147559" user="OSMnx" visible="true" lon="72.9699182" lat="19.2224443" version="1" uid="1" timestamp="2026-04-09T19:16:40Z" /><node changeset="1" id="9203147560" user="OSMnx" visible="true" lon="72.9700055" lat="19.2224726" version="1" uid="1" timestamp="2026-04-09T19:16:40Z" /><node changeset="1" id="9203147561" user="OSMnx" visible="true" lon="72.970028" lat="19.2224934" version="1" uid="1" timestamp="2026-04-09T19:16:40Z" /><node changeset="1" id="9203147562" user="OSMnx" visible="true" lon="72.9700452" lat="19.2225182" version="1" uid="1" timestamp="2026-04-09T19:16:40Z" /><node changeset="1" id="9203147563" user="OSMnx" visible="true" lon="72.9700561" lat="19.2225461" version="1" uid="1" timestamp="2026-04-09T19:16:40Z" /><node changeset="1" id="9203147682" user="OSMnx" visible="true" lon="72.9667939" lat="19.2259734" version="1" uid="1" timestamp="2026-04-09T19:16:40Z" /><node changeset="1" id="9203147683" user="OSMnx" visible="true" lon="72.9667282" lat="19.2260291" version="1" uid="1" timestamp="2026-04-09T19:16:40Z" /><node changeset="1" id="9203147685" user="OSMnx" visible="true" lon="72.9666665" lat="19.226057" version="1" uid="1" timestamp="2026-04-09T19:16:40Z" /><node changeset="1" id="9203147700" user="OSMnx" visible="true" lon="72.9663313" lat="19.2233014" version="1" uid="1" timestamp="2026-04-09T19:16:40Z" /><node changeset="1" id="9203147715" user="OSMnx" visible="true" lon="72.9663385" lat="19.2209552" version="1" uid="1" timestamp="2026-04-09T19:16:40Z" /><node changeset="1" id="9203147726" user="OSMnx" visible="true" lon="72.9663296" lat="19.2198899" version="1" uid="1" timestamp="2026-04-09T19:16:40Z" /><node changeset="1" id="9203147730" user="OSMnx" visible="true" lon="72.9650988" lat="19.2251709" version="1" uid="1" timestamp="2026-04-09T19:16:40Z" /><node changeset="1" id="9203147757" user="OSMnx" visible="true" lon="72.9674173" lat="19.22252" version="1" uid="1" timestamp="2026-04-09T19:16:40Z" /><node changeset="1" id="9203147762" user="OSMnx" visible="true" lon="72.9669041" lat="19.2273734" version="1" uid="1" timestamp="2026-04-09T19:16:40Z" /><node changeset="1" id="9203147811" user="OSMnx" visible="true" lon="72.9659531" lat="19.2260654" version="1" uid="1" timestamp="2026-04-09T19:16:40Z" /><node changeset="1" id="9203147813" user="OSMnx" visible="true" lon="72.9655393" lat="19.2284415" version="1" uid="1" timestamp="2026-04-09T19:16:40Z" /><node changeset="1" id="9208104530" user="OSMnx" visible="true" lon="72.9716972" lat="19.2241696" version="1" uid="1" timestamp="2026-04-09T19:16:40Z" /><node changeset="1" id="9208555497" user="OSMnx" visible="true" lon="72.9679835" lat="19.2267104" version="1" uid="1" timestamp="2026-04-09T19:16:40Z" /><node changeset="1" id="9208555710" user="OSMnx" visible="true" lon="72.9700005" lat="19.2263539" version="1" uid="1" timestamp="2026-04-09T19:16:40Z" /><node changeset="1" id="9208555809" user="OSMnx" visible="true" lon="72.9731958" lat="19.2330279" version="1" uid="1" timestamp="2026-04-09T19:16:40Z" /><node changeset="1" id="9208555843" user="OSMnx" visible="true" lon="72.9667591" lat="19.2259943" version="1" uid="1" timestamp="2026-04-09T19:16:40Z" /><node changeset="1" id="9208555915" user="OSMnx" visible="true" lon="72.9672695" lat="19.2268911" version="1" uid="1" timestamp="2026-04-09T19:16:40Z" /><node changeset="1" id="9212473116" user="OSMnx" visible="true" lon="72.9742974" lat="19.2330899" version="1" uid="1" timestamp="2026-04-09T19:16:40Z" /><node changeset="1" id="9214906439" user="OSMnx" visible="true" lon="72.9701549" lat="19.222643" version="1" uid="1" timestamp="2026-04-09T19:16:40Z" /><node changeset="1" id="9214906440" user="OSMnx" visible="true" lon="72.9713393" lat="19.2227107" version="1" uid="1" timestamp="2026-04-09T19:16:40Z" /><node changeset="1" id="9214906453" user="OSMnx" visible="true" lon="72.9706573" lat="19.2226264" version="1" uid="1" timestamp="2026-04-09T19:16:40Z" /><node changeset="1" id="9214906454" user="OSMnx" visible="true" lon="72.9712415" lat="19.2226071" version="1" uid="1" timestamp="2026-04-09T19:16:40Z" /><node changeset="1" id="9214906457" user="OSMnx" visible="true" lon="72.9709098" lat="19.222618" version="1" uid="1" timestamp="2026-04-09T19:16:40Z" /><node changeset="1" id="9214906462" user="OSMnx" visible="true" lon="72.9780988" lat="19.2195073" version="1" uid="1" timestamp="2026-04-09T19:16:40Z" /><node changeset="1" id="9214906467" user="OSMnx" visible="true" lon="72.9780654" lat="19.2197819" version="1" uid="1" timestamp="2026-04-09T19:16:40Z" /><node changeset="1" id="9214906502" user="OSMnx" visible="true" lon="72.9746112" lat="19.2274271" version="1" uid="1" timestamp="2026-04-09T19:16:40Z" /><node changeset="1" id="9214918816" user="OSMnx" visible="true" lon="72.9719622" lat="19.2225399" version="1" uid="1" timestamp="2026-04-09T19:16:40Z" /><node changeset="1" id="9214918866" user="OSMnx" visible="true" lon="72.9772692" lat="19.2234382" version="1" uid="1" timestamp="2026-04-09T19:16:40Z" /><node changeset="1" id="9214918869" user="OSMnx" visible="true" lon="72.9771941" lat="19.2240135" version="1" uid="1" timestamp="2026-04-09T19:16:40Z" /><node changeset="1" id="9214918872" user="OSMnx" visible="true" lon="72.9772287" lat="19.2237487" version="1" uid="1" timestamp="2026-04-09T19:16:40Z" /><node changeset="1" id="9214918880" user="OSMnx" visible="true" lon="72.9776645" lat="19.2226991" version="1" uid="1" timestamp="2026-04-09T19:16:40Z" /><node changeset="1" id="9214918881" user="OSMnx" visible="true" lon="72.9774339" lat="19.2233389" version="1" uid="1" timestamp="2026-04-09T19:16:40Z" /><node changeset="1" id="9215039106" user="OSMnx" visible="true" lon="72.9767052" lat="19.2297358" version="1" uid="1" timestamp="2026-04-09T19:16:40Z" /><node changeset="1" id="9215791080" user="OSMnx" visible="true" lon="72.969618" lat="19.223387" version="1" uid="1" timestamp="2026-04-09T19:16:40Z" /><node changeset="1" id="9216850679" user="OSMnx" visible="true" lon="72.9824683" lat="19.2095356" version="1" uid="1" timestamp="2026-04-09T19:16:40Z" /><node changeset="1" id="9216850680" user="OSMnx" visible="true" lon="72.9824877" lat="19.2094341" version="1" uid="1" timestamp="2026-04-09T19:16:40Z" /><node changeset="1" id="9216850681" user="OSMnx" visible="true" lon="72.9823676" lat="19.2088061" version="1" uid="1" timestamp="2026-04-09T19:16:40Z" /><node changeset="1" id="9216850682" user="OSMnx" visible="true" lon="72.9823835" lat="19.2087271" version="1" uid="1" timestamp="2026-04-09T19:16:40Z" /><node changeset="1" id="9219660061" user="OSMnx" visible="true" lon="72.9605057" lat="19.223316" version="1" uid="1" timestamp="2026-04-09T19:16:40Z" /><node changeset="1" id="9219660062" user="OSMnx" visible="true" lon="72.9604518" lat="19.2233154" version="1" uid="1" timestamp="2026-04-09T19:16:40Z" /><node changeset="1" id="9219684994" user="OSMnx" visible="true" lon="72.960022" lat="19.222857" version="1" uid="1" timestamp="2026-04-09T19:16:40Z" /><node changeset="1" id="9219684996" user="OSMnx" visible="true" lon="72.9599677" lat="19.2228962" version="1" uid="1" timestamp="2026-04-09T19:16:40Z" /><node changeset="1" id="9219684997" user="OSMnx" visible="true" lon="72.9600026" lat="19.2228772" version="1" uid="1" timestamp="2026-04-09T19:16:40Z" /><node changeset="1" id="9219684999" user="OSMnx" visible="true" lon="72.9600297" lat="19.2228277" version="1" uid="1" timestamp="2026-04-09T19:16:40Z" /><node changeset="1" id="9219685040" user="OSMnx" visible="true" lon="72.9605744" lat="19.222072" version="1" uid="1" timestamp="2026-04-09T19:16:40Z" /><node changeset="1" id="9219685042" user="OSMnx" visible="true" lon="72.9605915" lat="19.2232815" version="1" uid="1" timestamp="2026-04-09T19:16:40Z" /><node changeset="1" id="9219685046" user="OSMnx" visible="true" lon="72.9607279" lat="19.2219952" version="1" uid="1" timestamp="2026-04-09T19:16:40Z" /><node changeset="1" id="9219685057" user="OSMnx" visible="true" lon="72.9612461" lat="19.2229583" version="1" uid="1" timestamp="2026-04-09T19:16:40Z" /><node changeset="1" id="9219685065" user="OSMnx" visible="true" lon="72.9605212" lat="19.2233162" version="1" uid="1" timestamp="2026-04-09T19:16:40Z" /><node changeset="1" id="9252497262" user="OSMnx" visible="true" lon="72.9863616" lat="19.1998578" version="1" uid="1" timestamp="2026-04-09T19:16:40Z" /><node changeset="1" id="9252497263" user="OSMnx" visible="true" lon="72.9869471" lat="19.199716" version="1" uid="1" timestamp="2026-04-09T19:16:40Z" /><node changeset="1" id="9252497265" user="OSMnx" visible="true" lon="72.9870919" lat="19.1998163" version="1" uid="1" timestamp="2026-04-09T19:16:40Z" /><node changeset="1" id="9252497266" user="OSMnx" visible="true" lon="72.9871863" lat="19.1999918" version="1" uid="1" timestamp="2026-04-09T19:16:40Z" /><node changeset="1" id="9252497267" user="OSMnx" visible="true" lon="72.9872089" lat="19.2001359" version="1" uid="1" timestamp="2026-04-09T19:16:40Z" /><node changeset="1" id="9252497268" user="OSMnx" visible="true" lon="72.9870155" lat="19.2004779" version="1" uid="1" timestamp="2026-04-09T19:16:40Z" /><node changeset="1" id="9252497269" user="OSMnx" visible="true" lon="72.9868877" lat="19.2005503" version="1" uid="1" timestamp="2026-04-09T19:16:40Z" /><node changeset="1" id="9252497270" user="OSMnx" visible="true" lon="72.9867473" lat="19.2005779" version="1" uid="1" timestamp="2026-04-09T19:16:40Z" /><node changeset="1" id="9252497271" user="OSMnx" visible="true" lon="72.9865973" lat="19.2005531" version="1" uid="1" timestamp="2026-04-09T19:16:40Z" /><node changeset="1" id="9252497272" user="OSMnx" visible="true" lon="72.986465" lat="19.2004897" version="1" uid="1" timestamp="2026-04-09T19:16:40Z" /><node changeset="1" id="9252497273" user="OSMnx" visible="true" lon="72.9863673" lat="19.2003981" version="1" uid="1" timestamp="2026-04-09T19:16:40Z" /><node changeset="1" id="9252497274" user="OSMnx" visible="true" lon="72.9863031" lat="19.2002747" version="1" uid="1" timestamp="2026-04-09T19:16:40Z" /><node changeset="1" id="9252497275" user="OSMnx" visible="true" lon="72.9862758" lat="19.2001402" version="1" uid="1" timestamp="2026-04-09T19:16:40Z" /><node changeset="1" id="9252497276" user="OSMnx" visible="true" lon="72.9871874" lat="19.200273" version="1" uid="1" timestamp="2026-04-09T19:16:40Z" /><node changeset="1" id="9252497277" user="OSMnx" visible="true" lon="72.9871173" lat="19.2003962" version="1" uid="1" timestamp="2026-04-09T19:16:40Z" /><node changeset="1" id="9252497278" user="OSMnx" visible="true" lon="72.986297" lat="19.1999943" version="1" uid="1" timestamp="2026-04-09T19:16:40Z" /><node changeset="1" id="9252497288" user="OSMnx" visible="true" lon="72.9854458" lat="19.199491" version="1" uid="1" timestamp="2026-04-09T19:16:40Z" /><node changeset="1" id="9252497289" user="OSMnx" visible="true" lon="72.9855435" lat="19.199567" version="1" uid="1" timestamp="2026-04-09T19:16:40Z" /><node changeset="1" id="9252497290" user="OSMnx" visible="true" lon="72.9856645" lat="19.1996359" version="1" uid="1" timestamp="2026-04-09T19:16:40Z" /><node changeset="1" id="9252497291" user="OSMnx" visible="true" lon="72.9858135" lat="19.1996921" version="1" uid="1" timestamp="2026-04-09T19:16:40Z" /><node changeset="1" id="9252497292" user="OSMnx" visible="true" lon="72.9860013" lat="19.1997389" version="1" uid="1" timestamp="2026-04-09T19:16:40Z" /><node changeset="1" id="9252497293" user="OSMnx" visible="true" lon="72.9862541" lat="19.1997282" version="1" uid="1" timestamp="2026-04-09T19:16:40Z" /><node changeset="1" id="9252497294" user="OSMnx" visible="true" lon="72.9860548" lat="19.1996146" version="1" uid="1" timestamp="2026-04-09T19:16:40Z" /><node changeset="1" id="9252497297" user="OSMnx" visible="true" lon="72.9858427" lat="19.1995416" version="1" uid="1" timestamp="2026-04-09T19:16:40Z" /><node changeset="1" id="9252497313" user="OSMnx" visible="true" lon="72.9866996" lat="19.1996566" version="1" uid="1" timestamp="2026-04-09T19:16:40Z" /><node changeset="1" id="9315002892" user="OSMnx" visible="true" lon="72.9749638" lat="19.2109181" version="1" uid="1" timestamp="2026-04-09T19:16:40Z" /><node changeset="1" id="9345838243" user="OSMnx" visible="true" lon="72.9650322" lat="19.201388" version="1" uid="1" timestamp="2026-04-09T19:16:40Z" /><node changeset="1" id="9345838244" user="OSMnx" visible="true" lon="72.9651698" lat="19.2012697" version="1" uid="1" timestamp="2026-04-09T19:16:40Z" /><node changeset="1" id="9348015285" user="OSMnx" visible="true" lon="72.9633008" lat="19.1996424" version="1" uid="1" timestamp="2026-04-09T19:16:40Z" /><node changeset="1" id="9348015286" user="OSMnx" visible="true" lon="72.9633553" lat="19.1997208" version="1" uid="1" timestamp="2026-04-09T19:16:40Z" /><node changeset="1" id="9350853290" user="OSMnx" visible="true" lon="72.9752262" lat="19.2280458" version="1" uid="1" timestamp="2026-04-09T19:16:40Z" /><node changeset="1" id="9350865237" user="OSMnx" visible="true" lon="72.9795009" lat="19.2283483" version="1" uid="1" timestamp="2026-04-09T19:16:40Z" /><node changeset="1" id="9350865238" user="OSMnx" visible="true" lon="72.9795304" lat="19.2283027" version="1" uid="1" timestamp="2026-04-09T19:16:40Z" /><node changeset="1" id="9350865291" user="OSMnx" visible="true" lon="72.97896" lat="19.2206356" version="1" uid="1" timestamp="2026-04-09T19:16:40Z" /><node changeset="1" id="9350865296" user="OSMnx" visible="true" lon="72.9782188" lat="19.2275968" version="1" uid="1" timestamp="2026-04-09T19:16:40Z" /><node changeset="1" id="9350865297" user="OSMnx" visible="true" lon="72.9782295" lat="19.2274853" version="1" uid="1" timestamp="2026-04-09T19:16:40Z" /><node changeset="1" id="9350865298" user="OSMnx" visible="true" lon="72.978251" lat="19.2270421" version="1" uid="1" timestamp="2026-04-09T19:16:40Z" /><node changeset="1" id="9350865337" user="OSMnx" visible="true" lon="72.9804341" lat="19.2256274" version="1" uid="1" timestamp="2026-04-09T19:16:40Z" /><node changeset="1" id="9350865374" user="OSMnx" visible="true" lon="72.9802371" lat="19.2292421" version="1" uid="1" timestamp="2026-04-09T19:16:40Z" /><node changeset="1" id="9350865398" user="OSMnx" visible="true" lon="72.9802795" lat="19.2290294" version="1" uid="1" timestamp="2026-04-09T19:16:40Z" /><node changeset="1" id="9350865410" user="OSMnx" visible="true" lon="72.9768804" lat="19.2227886" version="1" uid="1" timestamp="2026-04-09T19:16:40Z" /><node changeset="1" id="9350865411" user="OSMnx" visible="true" lon="72.9774699" lat="19.2230338" version="1" uid="1" timestamp="2026-04-09T19:16:40Z" /><node changeset="1" id="9350865412" user="OSMnx" visible="true" lon="72.9776234" lat="19.2230558" version="1" uid="1" timestamp="2026-04-09T19:16:40Z"><tag k="highway" v="traffic_signals" /></node><node changeset="1" id="9350865413" user="OSMnx" visible="true" lon="72.9778039" lat="19.2230766" version="1" uid="1" timestamp="2026-04-09T19:16:40Z" /><node changeset="1" id="9350865416" user="OSMnx" visible="true" lon="72.9773242" lat="19.2230169" version="1" uid="1" timestamp="2026-04-09T19:16:40Z" /><node changeset="1" id="9350865444" user="OSMnx" visible="true" lon="72.9782617" lat="19.2265078" version="1" uid="1" timestamp="2026-04-09T19:16:40Z" /><node changeset="1" id="9350865445" user="OSMnx" visible="true" lon="72.9782939" lat="19.2264419" version="1" uid="1" timestamp="2026-04-09T19:16:40Z" /><node changeset="1" id="9350865446" user="OSMnx" visible="true" lon="72.9783314" lat="19.2263989" version="1" uid="1" timestamp="2026-04-09T19:16:40Z" /><node changeset="1" id="9350865447" user="OSMnx" visible="true" lon="72.9784146" lat="19.2263533" version="1" uid="1" timestamp="2026-04-09T19:16:40Z" /><node changeset="1" id="9350865451" user="OSMnx" visible="true" lon="72.9798879" lat="19.2267363" version="1" uid="1" timestamp="2026-04-09T19:16:40Z" /><node changeset="1" id="9350865461" user="OSMnx" visible="true" lon="72.9795853" lat="19.2268567" version="1" uid="1" timestamp="2026-04-09T19:16:40Z" /><node changeset="1" id="9350865462" user="OSMnx" visible="true" lon="72.9797517" lat="19.2267965" version="1" uid="1" timestamp="2026-04-09T19:16:40Z" /><node changeset="1" id="9350865538" user="OSMnx" visible="true" lon="72.9820356" lat="19.2244449" version="1" uid="1" timestamp="2026-04-09T19:16:40Z" /><node changeset="1" id="9350865539" user="OSMnx" visible="true" lon="72.9817982" lat="19.2248447" version="1" uid="1" timestamp="2026-04-09T19:16:40Z" /><node changeset="1" id="9350865540" user="OSMnx" visible="true" lon="72.981717" lat="19.224799" version="1" uid="1" timestamp="2026-04-09T19:16:40Z" /><node changeset="1" id="9350865546" user="OSMnx" visible="true" lon="72.9791434" lat="19.2229605" version="1" uid="1" timestamp="2026-04-09T19:16:40Z" /><node changeset="1" id="9350865570" user="OSMnx" visible="true" lon="72.979095" lat="19.2241427" version="1" uid="1" timestamp="2026-04-09T19:16:40Z" /><node changeset="1" id="9350865577" user="OSMnx" visible="true" lon="72.9791214" lat="19.2234989" version="1" uid="1" timestamp="2026-04-09T19:16:40Z" /><node changeset="1" id="9352141082" user="OSMnx" visible="true" lon="72.9856723" lat="19.1998775" version="1" uid="1" timestamp="2026-04-09T19:16:40Z" /><node changeset="1" id="9352141083" user="OSMnx" visible="true" lon="72.9856021" lat="19.1999266" version="1" uid="1" timestamp="2026-04-09T19:16:40Z" /><node changeset="1" id="9352141084" user="OSMnx" visible="true" lon="72.9858263" lat="19.1999822" version="1" uid="1" timestamp="2026-04-09T19:16:40Z" /><node changeset="1" id="9352141085" user="OSMnx" visible="true" lon="72.9857973" lat="19.199927" version="1" uid="1" timestamp="2026-04-09T19:16:40Z" /><node changeset="1" id="9371958489" user="OSMnx" visible="true" lon="72.9847258" lat="19.2028213" version="1" uid="1" timestamp="2026-04-09T19:16:40Z" /><node changeset="1" id="9371958490" user="OSMnx" visible="true" lon="72.9847219" lat="19.2030715" version="1" uid="1" timestamp="2026-04-09T19:16:40Z" /><node changeset="1" id="9371958491" user="OSMnx" visible="true" lon="72.9846914" lat="19.2031272" version="1" uid="1" timestamp="2026-04-09T19:16:40Z" /><node changeset="1" id="9371958492" user="OSMnx" visible="true" lon="72.984104" lat="19.2031521" version="1" uid="1" timestamp="2026-04-09T19:16:40Z" /><node changeset="1" id="9375515078" user="OSMnx" visible="true" lon="72.9825736" lat="19.2043302" version="1" uid="1" timestamp="2026-04-09T19:16:40Z" /><node changeset="1" id="9392521761" user="OSMnx" visible="true" lon="72.984978" lat="19.2241448" version="1" uid="1" timestamp="2026-04-09T19:16:40Z" /><node changeset="1" id="9392521762" user="OSMnx" visible="true" lon="72.9852872" lat="19.2242615" version="1" uid="1" timestamp="2026-04-09T19:16:40Z" /><node changeset="1" id="9392521763" user="OSMnx" visible="true" lon="72.9851979" lat="19.2242424" version="1" uid="1" timestamp="2026-04-09T19:16:40Z" /><node changeset="1" id="9392521764" user="OSMnx" visible="true" lon="72.985106" lat="19.2242507" version="1" uid="1" timestamp="2026-04-09T19:16:40Z" /><node changeset="1" id="9392521765" user="OSMnx" visible="true" lon="72.9850211" lat="19.224285" version="1" uid="1" timestamp="2026-04-09T19:16:40Z" /><node changeset="1" id="9392521767" user="OSMnx" visible="true" lon="72.9849406" lat="19.2242433" version="1" uid="1" timestamp="2026-04-09T19:16:40Z" /><node changeset="1" id="9392521768" user="OSMnx" visible="true" lon="72.9849987" lat="19.2240346" version="1" uid="1" timestamp="2026-04-09T19:16:40Z" /><node changeset="1" id="9392521770" user="OSMnx" visible="true" lon="72.9851223" lat="19.2240157" version="1" uid="1" timestamp="2026-04-09T19:16:40Z" /><node changeset="1" id="9392521771" user="OSMnx" visible="true" lon="72.9849241" lat="19.2238335" version="1" uid="1" timestamp="2026-04-09T19:16:40Z" /><node changeset="1" id="9392521772" user="OSMnx" visible="true" lon="72.985086" lat="19.2237825" version="1" uid="1" timestamp="2026-04-09T19:16:40Z" /><node changeset="1" id="9392521773" user="OSMnx" visible="true" lon="72.9851138" lat="19.2237948" version="1" uid="1" timestamp="2026-04-09T19:16:40Z" /><node changeset="1" id="9392521774" user="OSMnx" visible="true" lon="72.9851451" lat="19.2239964" version="1" uid="1" timestamp="2026-04-09T19:16:40Z" /><node changeset="1" id="9392521775" user="OSMnx" visible="true" lon="72.9849484" lat="19.2238077" version="1" uid="1" timestamp="2026-04-09T19:16:40Z" /><node changeset="1" id="9454632020" user="OSMnx" visible="true" lon="72.9810723" lat="19.2075569" version="1" uid="1" timestamp="2026-04-09T19:16:40Z" /><node changeset="1" id="9454632021" user="OSMnx" visible="true" lon="72.9810941" lat="19.2079503" version="1" uid="1" timestamp="2026-04-09T19:16:40Z" /><node changeset="1" id="9454632022" user="OSMnx" visible="true" lon="72.9810847" lat="19.2080111" version="1" uid="1" timestamp="2026-04-09T19:16:40Z" /><node changeset="1" id="9454634141" user="OSMnx" visible="true" lon="72.982655" lat="19.2072066" version="1" uid="1" timestamp="2026-04-09T19:16:40Z" /><node changeset="1" id="9455055262" user="OSMnx" visible="true" lon="72.9854929" lat="19.2022664" version="1" uid="1" timestamp="2026-04-09T19:16:40Z" /><node changeset="1" id="9455055263" user="OSMnx" visible="true" lon="72.9856364" lat="19.2000247" version="1" uid="1" timestamp="2026-04-09T19:16:40Z" /><node changeset="1" id="9455055264" user="OSMnx" visible="true" lon="72.9855077" lat="19.2000437" version="1" uid="1" timestamp="2026-04-09T19:16:40Z" /><node changeset="1" id="9480264258" user="OSMnx" visible="true" lon="72.9837394" lat="19.2060615" version="1" uid="1" timestamp="2026-04-09T19:16:40Z" /><node changeset="1" id="9579825706" user="OSMnx" visible="true" lon="72.9689" lat="19.2044002" version="1" uid="1" timestamp="2026-04-09T19:16:40Z"><tag k="highway" v="traffic_signals" /></node><node changeset="1" id="9665368594" user="OSMnx" visible="true" lon="72.9774033" lat="19.2144706" version="1" uid="1" timestamp="2026-04-09T19:16:40Z" /><node changeset="1" id="9665368595" user="OSMnx" visible="true" lon="72.9773248" lat="19.214416" version="1" uid="1" timestamp="2026-04-09T19:16:40Z" /><node changeset="1" id="9665368596" user="OSMnx" visible="true" lon="72.9776034" lat="19.2150401" version="1" uid="1" timestamp="2026-04-09T19:16:40Z"><tag k="highway" v="traffic_signals" /></node><node changeset="1" id="9665368614" user="OSMnx" visible="true" lon="72.9695419" lat="19.2283692" version="1" uid="1" timestamp="2026-04-09T19:16:40Z" /><node changeset="1" id="9665368615" user="OSMnx" visible="true" lon="72.9697306" lat="19.2277889" version="1" uid="1" timestamp="2026-04-09T19:16:40Z" /><node changeset="1" id="9665368616" user="OSMnx" visible="true" lon="72.9698627" lat="19.2278664" version="1" uid="1" timestamp="2026-04-09T19:16:40Z" /><node changeset="1" id="9665373517" user="OSMnx" visible="true" lon="72.9733834" lat="19.2285141" version="1" uid="1" timestamp="2026-04-09T19:16:40Z" /><node changeset="1" id="9665373519" user="OSMnx" visible="true" lon="72.9733454" lat="19.2283286" version="1" uid="1" timestamp="2026-04-09T19:16:40Z" /><node changeset="1" id="9665373520" user="OSMnx" visible="true" lon="72.9734423" lat="19.2283483" version="1" uid="1" timestamp="2026-04-09T19:16:40Z" /><node changeset="1" id="9665373521" user="OSMnx" visible="true" lon="72.9734026" lat="19.2285103" version="1" uid="1" timestamp="2026-04-09T19:16:40Z" /><node changeset="1" id="9665373522" user="OSMnx" visible="true" lon="72.973299" lat="19.2284802" version="1" uid="1" timestamp="2026-04-09T19:16:40Z" /><node changeset="1" id="9665373523" user="OSMnx" visible="true" lon="72.9733201" lat="19.22834" version="1" uid="1" timestamp="2026-04-09T19:16:40Z" /><node changeset="1" id="9665373524" user="OSMnx" visible="true" lon="72.9734712" lat="19.2283903" version="1" uid="1" timestamp="2026-04-09T19:16:40Z" /><node changeset="1" id="9674431502" user="OSMnx" visible="true" lon="72.9780816" lat="19.2196489" version="1" uid="1" timestamp="2026-04-09T19:16:40Z" /><node changeset="1" id="9674431503" user="OSMnx" visible="true" lon="72.9779626" lat="19.2216387" version="1" uid="1" timestamp="2026-04-09T19:16:40Z" /><node changeset="1" id="9681536643" user="OSMnx" visible="true" lon="72.9842466" lat="19.2294015" version="1" uid="1" timestamp="2026-04-09T19:16:40Z" /><node changeset="1" id="9681536644" user="OSMnx" visible="true" lon="72.9833216" lat="19.2288278" version="1" uid="1" timestamp="2026-04-09T19:16:40Z" /><node changeset="1" id="9681667507" user="OSMnx" visible="true" lon="72.9869646" lat="19.2316454" version="1" uid="1" timestamp="2026-04-09T19:16:40Z" /><node changeset="1" id="9684614893" user="OSMnx" visible="true" lon="72.9780955" lat="19.2172119" version="1" uid="1" timestamp="2026-04-09T19:16:40Z" /><node changeset="1" id="9684614894" user="OSMnx" visible="true" lon="72.9782475" lat="19.2172249" version="1" uid="1" timestamp="2026-04-09T19:16:40Z" /><node changeset="1" id="9700881538" user="OSMnx" visible="true" lon="72.9772431" lat="19.2143648" version="1" uid="1" timestamp="2026-04-09T19:16:40Z" /><node changeset="1" id="9700881539" user="OSMnx" visible="true" lon="72.9769709" lat="19.2115477" version="1" uid="1" timestamp="2026-04-09T19:16:40Z" /><node changeset="1" id="9726454232" user="OSMnx" visible="true" lon="72.9886068" lat="19.2349491" version="1" uid="1" timestamp="2026-04-09T19:16:40Z" /><node changeset="1" id="9726454233" user="OSMnx" visible="true" lon="72.9887696" lat="19.2352324" version="1" uid="1" timestamp="2026-04-09T19:16:40Z" /><node changeset="1" id="9726454234" user="OSMnx" visible="true" lon="72.9888621" lat="19.235183" version="1" uid="1" timestamp="2026-04-09T19:16:40Z" /><node changeset="1" id="9756307596" user="OSMnx" visible="true" lon="72.9884153" lat="19.2155617" version="1" uid="1" timestamp="2026-04-09T19:16:40Z" /><node changeset="1" id="9756307597" user="OSMnx" visible="true" lon="72.9887409" lat="19.2155751" version="1" uid="1" timestamp="2026-04-09T19:16:40Z" /><node changeset="1" id="9756307598" user="OSMnx" visible="true" lon="72.9889462" lat="19.2157288" version="1" uid="1" timestamp="2026-04-09T19:16:40Z" /><node changeset="1" id="9756307599" user="OSMnx" visible="true" lon="72.989188" lat="19.2157875" version="1" uid="1" timestamp="2026-04-09T19:16:40Z" /><node changeset="1" id="9756307600" user="OSMnx" visible="true" lon="72.9894073" lat="19.2159225" version="1" uid="1" timestamp="2026-04-09T19:16:40Z" /><node changeset="1" id="9756307601" user="OSMnx" visible="true" lon="72.9897403" lat="19.2159579" version="1" uid="1" timestamp="2026-04-09T19:16:40Z" /><node changeset="1" id="9756307602" user="OSMnx" visible="true" lon="72.990015" lat="19.2160697" version="1" uid="1" timestamp="2026-04-09T19:16:40Z" /><node changeset="1" id="9756307603" user="OSMnx" visible="true" lon="72.9909807" lat="19.2159683" version="1" uid="1" timestamp="2026-04-09T19:16:40Z" /><node changeset="1" id="9756307604" user="OSMnx" visible="true" lon="72.9907862" lat="19.2158291" version="1" uid="1" timestamp="2026-04-09T19:16:40Z" /><node changeset="1" id="9756307605" user="OSMnx" visible="true" lon="72.9906167" lat="19.2158024" version="1" uid="1" timestamp="2026-04-09T19:16:40Z" /><node changeset="1" id="9756307606" user="OSMnx" visible="true" lon="72.9903052" lat="19.2158959" version="1" uid="1" timestamp="2026-04-09T19:16:40Z" /><node changeset="1" id="9756307607" user="OSMnx" visible="true" lon="72.9901849" lat="19.2160096" version="1" uid="1" timestamp="2026-04-09T19:16:40Z" /><node changeset="1" id="9756307608" user="OSMnx" visible="true" lon="72.9899725" lat="19.2162636" version="1" uid="1" timestamp="2026-04-09T19:16:40Z" /><node changeset="1" id="9756307609" user="OSMnx" visible="true" lon="72.9899442" lat="19.2165911" version="1" uid="1" timestamp="2026-04-09T19:16:40Z" /><node changeset="1" id="9772648909" user="OSMnx" visible="true" lon="72.986059" lat="19.2155888" version="1" uid="1" timestamp="2026-04-09T19:16:40Z" /><node changeset="1" id="9772648910" user="OSMnx" visible="true" lon="72.9861839" lat="19.2154478" version="1" uid="1" timestamp="2026-04-09T19:16:40Z" /><node changeset="1" id="9781423399" user="OSMnx" visible="true" lon="72.9910773" lat="19.2053616" version="1" uid="1" timestamp="2026-04-09T19:16:40Z" /><node changeset="1" id="9787413722" user="OSMnx" visible="true" lon="72.9737834" lat="19.2180864" version="1" uid="1" timestamp="2026-04-09T19:16:40Z" /><node changeset="1" id="9819567805" user="OSMnx" visible="true" lon="72.9716843" lat="19.2041209" version="1" uid="1" timestamp="2026-04-09T19:16:40Z" /><node changeset="1" id="9819567806" user="OSMnx" visible="true" lon="72.9718593" lat="19.204601" version="1" uid="1" timestamp="2026-04-09T19:16:40Z" /><node changeset="1" id="9819567807" user="OSMnx" visible="true" lon="72.9721666" lat="19.2051211" version="1" uid="1" timestamp="2026-04-09T19:16:40Z" /><node changeset="1" id="9819567808" user="OSMnx" visible="true" lon="72.972083" lat="19.2047725" version="1" uid="1" timestamp="2026-04-09T19:16:40Z" /><node changeset="1" id="9819567809" user="OSMnx" visible="true" lon="72.9724155" lat="19.2046943" version="1" uid="1" timestamp="2026-04-09T19:16:40Z" /><node changeset="1" id="9867737236" user="OSMnx" visible="true" lon="72.969987" lat="19.2217466" version="1" uid="1" timestamp="2026-04-09T19:16:40Z" /><node changeset="1" id="9868737784" user="OSMnx" visible="true" lon="72.9701327" lat="19.2190313" version="1" uid="1" timestamp="2026-04-09T19:16:40Z" /><node changeset="1" id="9868737789" user="OSMnx" visible="true" lon="72.9718794" lat="19.2195202" version="1" uid="1" timestamp="2026-04-09T19:16:40Z" /><node changeset="1" id="9868737790" user="OSMnx" visible="true" lon="72.9721597" lat="19.2193682" version="1" uid="1" timestamp="2026-04-09T19:16:40Z" /><node changeset="1" id="9868737791" user="OSMnx" visible="true" lon="72.9721811" lat="19.2193175" version="1" uid="1" timestamp="2026-04-09T19:16:40Z" /><node changeset="1" id="9880280479" user="OSMnx" visible="true" lon="72.9635597" lat="19.2086678" version="1" uid="1" timestamp="2026-04-09T19:16:40Z" /><node changeset="1" id="9880280480" user="OSMnx" visible="true" lon="72.9634849" lat="19.2085736" version="1" uid="1" timestamp="2026-04-09T19:16:40Z" /><node changeset="1" id="9884981955" user="OSMnx" visible="true" lon="72.9943501" lat="19.2244362" version="1" uid="1" timestamp="2026-04-09T19:16:40Z" /><node changeset="1" id="9885232695" user="OSMnx" visible="true" lon="72.9822746" lat="19.2170884" version="1" uid="1" timestamp="2026-04-09T19:16:40Z" /><node changeset="1" id="9885232696" user="OSMnx" visible="true" lon="72.9822791" lat="19.2172543" version="1" uid="1" timestamp="2026-04-09T19:16:40Z" /><node changeset="1" id="9885232697" user="OSMnx" visible="true" lon="72.9833078" lat="19.2155316" version="1" uid="1" timestamp="2026-04-09T19:16:40Z" /><node changeset="1" id="9885249631" user="OSMnx" visible="true" lon="72.9841254" lat="19.2144707" version="1" uid="1" timestamp="2026-04-09T19:16:40Z" /><node changeset="1" id="9885249723" user="OSMnx" visible="true" lon="72.9884213" lat="19.2096898" version="1" uid="1" timestamp="2026-04-09T19:16:40Z" /><node changeset="1" id="9885249764" user="OSMnx" visible="true" lon="72.9699333" lat="19.2067116" version="1" uid="1" timestamp="2026-04-09T19:16:40Z" /><node changeset="1" id="9885249766" user="OSMnx" visible="true" lon="72.9706385" lat="19.2067571" version="1" uid="1" timestamp="2026-04-09T19:16:40Z" /><node changeset="1" id="9887199074" user="OSMnx" visible="true" lon="72.9810045" lat="19.2335215" version="1" uid="1" timestamp="2026-04-09T19:16:40Z" /><node changeset="1" id="9887199075" user="OSMnx" visible="true" lon="72.9811305" lat="19.233537" version="1" uid="1" timestamp="2026-04-09T19:16:40Z" /><node changeset="1" id="9887199076" user="OSMnx" visible="true" lon="72.981357" lat="19.2335904" version="1" uid="1" timestamp="2026-04-09T19:16:40Z" /><node changeset="1" id="9887199077" user="OSMnx" visible="true" lon="72.9815269" lat="19.2336506" version="1" uid="1" timestamp="2026-04-09T19:16:40Z" /><node changeset="1" id="9887199078" user="OSMnx" visible="true" lon="72.9816083" lat="19.2336639" version="1" uid="1" timestamp="2026-04-09T19:16:40Z" /><node changeset="1" id="9887199079" user="OSMnx" visible="true" lon="72.9817322" lat="19.2336205" version="1" uid="1" timestamp="2026-04-09T19:16:40Z" /><node changeset="1" id="9887199080" user="OSMnx" visible="true" lon="72.9818561" lat="19.2335303" version="1" uid="1" timestamp="2026-04-09T19:16:40Z" /><node changeset="1" id="9887199081" user="OSMnx" visible="true" lon="72.9820967" lat="19.2334668" version="1" uid="1" timestamp="2026-04-09T19:16:40Z" /><node changeset="1" id="9887199082" user="OSMnx" visible="true" lon="72.9821463" lat="19.2335102" version="1" uid="1" timestamp="2026-04-09T19:16:40Z" /><node changeset="1" id="9887199083" user="OSMnx" visible="true" lon="72.9835206" lat="19.2335389" version="1" uid="1" timestamp="2026-04-09T19:16:40Z" /><node changeset="1" id="9887199084" user="OSMnx" visible="true" lon="72.9833486" lat="19.2336028" version="1" uid="1" timestamp="2026-04-09T19:16:40Z" /><node changeset="1" id="9887199085" user="OSMnx" visible="true" lon="72.9834456" lat="19.2340106" version="1" uid="1" timestamp="2026-04-09T19:16:40Z" /><node changeset="1" id="9887199086" user="OSMnx" visible="true" lon="72.9834733" lat="19.2340717" version="1" uid="1" timestamp="2026-04-09T19:16:40Z" /><node changeset="1" id="9887199087" user="OSMnx" visible="true" lon="72.9835133" lat="19.2340804" version="1" uid="1" timestamp="2026-04-09T19:16:40Z" /><node changeset="1" id="9887199088" user="OSMnx" visible="true" lon="72.9842559" lat="19.2338971" version="1" uid="1" timestamp="2026-04-09T19:16:40Z" /><node changeset="1" id="9894420241" user="OSMnx" visible="true" lon="72.9821893" lat="19.2183079" version="1" uid="1" timestamp="2026-04-09T19:16:40Z" /><node changeset="1" id="9899817734" user="OSMnx" visible="true" lon="72.974734" lat="19.2098089" version="1" uid="1" timestamp="2026-04-09T19:16:40Z" /><node changeset="1" id="9900962685" user="OSMnx" visible="true" lon="72.9778283" lat="19.2212778" version="1" uid="1" timestamp="2026-04-09T19:16:40Z" /><node changeset="1" id="9900962686" user="OSMnx" visible="true" lon="72.9781462" lat="19.2199696" version="1" uid="1" timestamp="2026-04-09T19:16:40Z" /><node changeset="1" id="9904098847" user="OSMnx" visible="true" lon="72.96554" lat="19.2291948" version="1" uid="1" timestamp="2026-04-09T19:16:40Z" /><node changeset="1" id="9904098848" user="OSMnx" visible="true" lon="72.9617338" lat="19.2238649" version="1" uid="1" timestamp="2026-04-09T19:16:40Z" /><node changeset="1" id="9904682624" user="OSMnx" visible="true" lon="72.960458" lat="19.2206541" version="1" uid="1" timestamp="2026-04-09T19:16:40Z" /><node changeset="1" id="9904682627" user="OSMnx" visible="true" lon="72.9603794" lat="19.2210632" version="1" uid="1" timestamp="2026-04-09T19:16:40Z" /><node changeset="1" id="9904682630" user="OSMnx" visible="true" lon="72.9603893" lat="19.2207348" version="1" uid="1" timestamp="2026-04-09T19:16:40Z" /><node changeset="1" id="9904682632" user="OSMnx" visible="true" lon="72.9605162" lat="19.2210711" version="1" uid="1" timestamp="2026-04-09T19:16:40Z" /><node changeset="1" id="9904682636" user="OSMnx" visible="true" lon="72.9604768" lat="19.2212396" version="1" uid="1" timestamp="2026-04-09T19:16:40Z" /><node changeset="1" id="9916993836" user="OSMnx" visible="true" lon="72.9736901" lat="19.2035408" version="1" uid="1" timestamp="2026-04-09T19:16:40Z" /><node changeset="1" id="9916993837" user="OSMnx" visible="true" lon="72.973779" lat="19.2033665" version="1" uid="1" timestamp="2026-04-09T19:16:40Z" /><node changeset="1" id="9916993838" user="OSMnx" visible="true" lon="72.9738712" lat="19.203259" version="1" uid="1" timestamp="2026-04-09T19:16:40Z" /><node changeset="1" id="9916993839" user="OSMnx" visible="true" lon="72.9741205" lat="19.2031592" version="1" uid="1" timestamp="2026-04-09T19:16:40Z" /><node changeset="1" id="9918471754" user="OSMnx" visible="true" lon="72.9727887" lat="19.2250813" version="1" uid="1" timestamp="2026-04-09T19:16:40Z" /><node changeset="1" id="9918471755" user="OSMnx" visible="true" lon="72.9734951" lat="19.2250069" version="1" uid="1" timestamp="2026-04-09T19:16:40Z" /><node changeset="1" id="9921164765" user="OSMnx" visible="true" lon="72.9745281" lat="19.2284249" version="1" uid="1" timestamp="2026-04-09T19:16:40Z" /><node changeset="1" id="9921164768" user="OSMnx" visible="true" lon="72.9712155" lat="19.2295722" version="1" uid="1" timestamp="2026-04-09T19:16:40Z" /><node changeset="1" id="9921164791" user="OSMnx" visible="true" lon="72.977972" lat="19.2168582" version="1" uid="1" timestamp="2026-04-09T19:16:40Z" /><node changeset="1" id="9921939004" user="OSMnx" visible="true" lon="72.9866385" lat="19.2223947" version="1" uid="1" timestamp="2026-04-09T19:16:40Z" /><node changeset="1" id="9921939006" user="OSMnx" visible="true" lon="72.9891145" lat="19.2233381" version="1" uid="1" timestamp="2026-04-09T19:16:40Z" /><node changeset="1" id="9921939007" user="OSMnx" visible="true" lon="72.9838438" lat="19.2257663" version="1" uid="1" timestamp="2026-04-09T19:16:40Z" /><node changeset="1" id="9921939009" user="OSMnx" visible="true" lon="72.9836529" lat="19.2259126" version="1" uid="1" timestamp="2026-04-09T19:16:40Z" /><node changeset="1" id="9925314948" user="OSMnx" visible="true" lon="72.9799578" lat="19.2175714" version="1" uid="1" timestamp="2026-04-09T19:16:40Z" /><node changeset="1" id="9925314949" user="OSMnx" visible="true" lon="72.97993" lat="19.2177751" version="1" uid="1" timestamp="2026-04-09T19:16:40Z" /><node changeset="1" id="9925314950" user="OSMnx" visible="true" lon="72.9698153" lat="19.2184652" version="1" uid="1" timestamp="2026-04-09T19:16:40Z" /><node changeset="1" id="9925314951" user="OSMnx" visible="true" lon="72.9725191" lat="19.2168532" version="1" uid="1" timestamp="2026-04-09T19:16:40Z" /><node changeset="1" id="9925314952" user="OSMnx" visible="true" lon="72.9720363" lat="19.2169646" version="1" uid="1" timestamp="2026-04-09T19:16:40Z" /><node changeset="1" id="9925314953" user="OSMnx" visible="true" lon="72.9770663" lat="19.2142275" version="1" uid="1" timestamp="2026-04-09T19:16:40Z" /><node changeset="1" id="9925314954" user="OSMnx" visible="true" lon="72.976934" lat="19.2141077" version="1" uid="1" timestamp="2026-04-09T19:16:40Z" /><node changeset="1" id="9925314955" user="OSMnx" visible="true" lon="72.9761014" lat="19.2146729" version="1" uid="1" timestamp="2026-04-09T19:16:40Z" /><node changeset="1" id="9925314956" user="OSMnx" visible="true" lon="72.9757103" lat="19.2151056" version="1" uid="1" timestamp="2026-04-09T19:16:40Z" /><node changeset="1" id="9925314957" user="OSMnx" visible="true" lon="72.9740269" lat="19.216385" version="1" uid="1" timestamp="2026-04-09T19:16:40Z" /><node changeset="1" id="9925314958" user="OSMnx" visible="true" lon="72.9739944" lat="19.2162444" version="1" uid="1" timestamp="2026-04-09T19:16:40Z" /><node changeset="1" id="9925314959" user="OSMnx" visible="true" lon="72.9715855" lat="19.2171564" version="1" uid="1" timestamp="2026-04-09T19:16:40Z" /><node changeset="1" id="9925314960" user="OSMnx" visible="true" lon="72.9715731" lat="19.2170355" version="1" uid="1" timestamp="2026-04-09T19:16:40Z" /><node changeset="1" id="9925314961" user="OSMnx" visible="true" lon="72.9703555" lat="19.2181781" version="1" uid="1" timestamp="2026-04-09T19:16:40Z" /><node changeset="1" id="9925314962" user="OSMnx" visible="true" lon="72.9699509" lat="19.2184" version="1" uid="1" timestamp="2026-04-09T19:16:40Z" /><node changeset="1" id="9925314965" user="OSMnx" visible="true" lon="72.9697883" lat="19.2184018" version="1" uid="1" timestamp="2026-04-09T19:16:40Z" /><node changeset="1" id="9925314969" user="OSMnx" visible="true" lon="72.969919" lat="19.2183311" version="1" uid="1" timestamp="2026-04-09T19:16:40Z" /><node changeset="1" id="9925315016" user="OSMnx" visible="true" lon="72.9794258" lat="19.2012785" version="1" uid="1" timestamp="2026-04-09T19:16:40Z" /><node changeset="1" id="9925315017" user="OSMnx" visible="true" lon="72.979546" lat="19.2012734" version="1" uid="1" timestamp="2026-04-09T19:16:40Z" /><node changeset="1" id="9925315018" user="OSMnx" visible="true" lon="72.9787527" lat="19.2034954" version="1" uid="1" timestamp="2026-04-09T19:16:40Z" /><node changeset="1" id="9925315019" user="OSMnx" visible="true" lon="72.9827166" lat="19.208276" version="1" uid="1" timestamp="2026-04-09T19:16:40Z" /><node changeset="1" id="9925315020" user="OSMnx" visible="true" lon="72.9824513" lat="19.2060001" version="1" uid="1" timestamp="2026-04-09T19:16:40Z" /><node changeset="1" id="9925315021" user="OSMnx" visible="true" lon="72.9808084" lat="19.2060871" version="1" uid="1" timestamp="2026-04-09T19:16:40Z" /><node changeset="1" id="9925315026" user="OSMnx" visible="true" lon="72.9780575" lat="19.2051036" version="1" uid="1" timestamp="2026-04-09T19:16:40Z" /><node changeset="1" id="9925315027" user="OSMnx" visible="true" lon="72.9774914" lat="19.2071962" version="1" uid="1" timestamp="2026-04-09T19:16:40Z" /><node changeset="1" id="9925315028" user="OSMnx" visible="true" lon="72.9773969" lat="19.2071284" version="1" uid="1" timestamp="2026-04-09T19:16:40Z" /><node changeset="1" id="9925315029" user="OSMnx" visible="true" lon="72.9770661" lat="19.2093527" version="1" uid="1" timestamp="2026-04-09T19:16:40Z" /><node changeset="1" id="9925315030" user="OSMnx" visible="true" lon="72.9771199" lat="19.208566" version="1" uid="1" timestamp="2026-04-09T19:16:40Z" /><node changeset="1" id="9925315035" user="OSMnx" visible="true" lon="72.977164" lat="19.2109806" version="1" uid="1" timestamp="2026-04-09T19:16:40Z" /><node changeset="1" id="9925315036" user="OSMnx" visible="true" lon="72.9771568" lat="19.2129616" version="1" uid="1" timestamp="2026-04-09T19:16:40Z" /><node changeset="1" id="9925315037" user="OSMnx" visible="true" lon="72.9779106" lat="19.214425" version="1" uid="1" timestamp="2026-04-09T19:16:40Z" /><node changeset="1" id="9925315038" user="OSMnx" visible="true" lon="72.9775577" lat="19.2145735" version="1" uid="1" timestamp="2026-04-09T19:16:40Z" /><node changeset="1" id="9925315039" user="OSMnx" visible="true" lon="72.9781131" lat="19.2157643" version="1" uid="1" timestamp="2026-04-09T19:16:40Z" /><node changeset="1" id="9925315040" user="OSMnx" visible="true" lon="72.9779028" lat="19.2161816" version="1" uid="1" timestamp="2026-04-09T19:16:40Z" /><node changeset="1" id="9925315041" user="OSMnx" visible="true" lon="72.977872" lat="19.2208986" version="1" uid="1" timestamp="2026-04-09T19:16:40Z" /><node changeset="1" id="9925315042" user="OSMnx" visible="true" lon="72.9776794" lat="19.2212054" version="1" uid="1" timestamp="2026-04-09T19:16:40Z" /><node changeset="1" id="9925315043" user="OSMnx" visible="true" lon="72.9775201" lat="19.2239522" version="1" uid="1" timestamp="2026-04-09T19:16:40Z" /><node changeset="1" id="9925315044" user="OSMnx" visible="true" lon="72.9774058" lat="19.2235771" version="1" uid="1" timestamp="2026-04-09T19:16:40Z" /><node changeset="1" id="9925315045" user="OSMnx" visible="true" lon="72.9766821" lat="19.2299388" version="1" uid="1" timestamp="2026-04-09T19:16:40Z" /><node changeset="1" id="9925315046" user="OSMnx" visible="true" lon="72.9768382" lat="19.2298666" version="1" uid="1" timestamp="2026-04-09T19:16:40Z" /><node changeset="1" id="9939299308" user="OSMnx" visible="true" lon="72.9931686" lat="19.2186223" version="1" uid="1" timestamp="2026-04-09T19:16:40Z" /><node changeset="1" id="9939299309" user="OSMnx" visible="true" lon="72.9930582" lat="19.2176307" version="1" uid="1" timestamp="2026-04-09T19:16:40Z" /><node changeset="1" id="9939299312" user="OSMnx" visible="true" lon="72.993127" lat="19.2180381" version="1" uid="1" timestamp="2026-04-09T19:16:40Z" /><node changeset="1" id="9939299313" user="OSMnx" visible="true" lon="72.9931503" lat="19.2180921" version="1" uid="1" timestamp="2026-04-09T19:16:40Z" /><node changeset="1" id="9939299314" user="OSMnx" visible="true" lon="72.9931783" lat="19.2181891" version="1" uid="1" timestamp="2026-04-09T19:16:40Z" /><node changeset="1" id="9939299315" user="OSMnx" visible="true" lon="72.9931916" lat="19.2186811" version="1" uid="1" timestamp="2026-04-09T19:16:40Z" /><node changeset="1" id="9939299316" user="OSMnx" visible="true" lon="72.9932033" lat="19.2187756" version="1" uid="1" timestamp="2026-04-09T19:16:40Z" /><node changeset="1" id="9939304417" user="OSMnx" visible="true" lon="72.9932042" lat="19.2188818" version="1" uid="1" timestamp="2026-04-09T19:16:40Z" /><node changeset="1" id="9939304418" user="OSMnx" visible="true" lon="72.9932039" lat="19.2189504" version="1" uid="1" timestamp="2026-04-09T19:16:40Z" /><node changeset="1" id="9939304419" user="OSMnx" visible="true" lon="72.9932084" lat="19.2190497" version="1" uid="1" timestamp="2026-04-09T19:16:40Z" /><node changeset="1" id="9939304420" user="OSMnx" visible="true" lon="72.9931938" lat="19.219083" version="1" uid="1" timestamp="2026-04-09T19:16:40Z" /><node changeset="1" id="9939304421" user="OSMnx" visible="true" lon="72.9928756" lat="19.2191289" version="1" uid="1" timestamp="2026-04-09T19:16:40Z" /><node changeset="1" id="9939304423" user="OSMnx" visible="true" lon="72.9931037" lat="19.2190992" version="1" uid="1" timestamp="2026-04-09T19:16:40Z" /><node changeset="1" id="9939304425" user="OSMnx" visible="true" lon="72.992784" lat="19.2190852" version="1" uid="1" timestamp="2026-04-09T19:16:40Z" /><node changeset="1" id="9939304426" user="OSMnx" visible="true" lon="72.9930147" lat="19.2191159" version="1" uid="1" timestamp="2026-04-09T19:16:40Z" /><node changeset="1" id="9939304427" user="OSMnx" visible="true" lon="72.9927941" lat="19.2191103" version="1" uid="1" timestamp="2026-04-09T19:16:40Z" /><node changeset="1" id="9939304428" user="OSMnx" visible="true" lon="72.9932077" lat="19.2190024" version="1" uid="1" timestamp="2026-04-09T19:16:40Z" /><node changeset="1" id="9939304429" user="OSMnx" visible="true" lon="72.9935429" lat="19.218018" version="1" uid="1" timestamp="2026-04-09T19:16:40Z" /><node changeset="1" id="9939304430" user="OSMnx" visible="true" lon="72.9935017" lat="19.2179765" version="1" uid="1" timestamp="2026-04-09T19:16:40Z" /><node changeset="1" id="9977256690" user="OSMnx" visible="true" lon="72.9608763" lat="19.2091793" version="1" uid="1" timestamp="2026-04-09T19:16:40Z" /><node changeset="1" id="9977256691" user="OSMnx" visible="true" lon="72.960899" lat="19.209107" version="1" uid="1" timestamp="2026-04-09T19:16:40Z" /><node changeset="1" id="9992157004" user="OSMnx" visible="true" lon="72.9737225" lat="19.2093464" version="1" uid="1" timestamp="2026-04-09T19:16:40Z" /><node changeset="1" id="9992157036" user="OSMnx" visible="true" lon="72.9735172" lat="19.2095145" version="1" uid="1" timestamp="2026-04-09T19:16:40Z" /><node changeset="1" id="10005958605" user="OSMnx" visible="true" lon="72.9729995" lat="19.208126" version="1" uid="1" timestamp="2026-04-09T19:16:40Z" /><node changeset="1" id="10006525813" user="OSMnx" visible="true" lon="72.9847148" lat="19.2318032" version="1" uid="1" timestamp="2026-04-09T19:16:40Z" /><node changeset="1" id="10006525824" user="OSMnx" visible="true" lon="72.9836272" lat="19.2317937" version="1" uid="1" timestamp="2026-04-09T19:16:40Z" /><node changeset="1" id="10028765528" user="OSMnx" visible="true" lon="72.9619604" lat="19.2003116" version="1" uid="1" timestamp="2026-04-09T19:16:40Z" /><node changeset="1" id="10038407702" user="OSMnx" visible="true" lon="72.9703848" lat="19.2065078" version="1" uid="1" timestamp="2026-04-09T19:16:40Z" /><node changeset="1" id="10038407703" user="OSMnx" visible="true" lon="72.9727872" lat="19.2087429" version="1" uid="1" timestamp="2026-04-09T19:16:40Z" /><node changeset="1" id="10038407704" user="OSMnx" visible="true" lon="72.9720575" lat="19.2080656" version="1" uid="1" timestamp="2026-04-09T19:16:40Z" /><node changeset="1" id="10038407705" user="OSMnx" visible="true" lon="72.9710271" lat="19.2070473" version="1" uid="1" timestamp="2026-04-09T19:16:40Z" /><node changeset="1" id="10038407706" user="OSMnx" visible="true" lon="72.9704468" lat="19.2064831" version="1" uid="1" timestamp="2026-04-09T19:16:40Z" /><node changeset="1" id="10054380642" user="OSMnx" visible="true" lon="72.9601769" lat="19.2121489" version="1" uid="1" timestamp="2026-04-09T19:16:40Z" /><node changeset="1" id="10054380643" user="OSMnx" visible="true" lon="72.9602775" lat="19.2122094" version="1" uid="1" timestamp="2026-04-09T19:16:40Z" /><node changeset="1" id="10054380645" user="OSMnx" visible="true" lon="72.9618582" lat="19.2100349" version="1" uid="1" timestamp="2026-04-09T19:16:40Z" /><node changeset="1" id="10054380647" user="OSMnx" visible="true" lon="72.965105" lat="19.2073217" version="1" uid="1" timestamp="2026-04-09T19:16:40Z" /><node changeset="1" id="10054380648" user="OSMnx" visible="true" lon="72.9670257" lat="19.2055275" version="1" uid="1" timestamp="2026-04-09T19:16:40Z" /><node changeset="1" id="10054380649" user="OSMnx" visible="true" lon="72.9670725" lat="19.2055878" version="1" uid="1" timestamp="2026-04-09T19:16:40Z" /><node changeset="1" id="10054380650" user="OSMnx" visible="true" lon="72.9685568" lat="19.2040781" version="1" uid="1" timestamp="2026-04-09T19:16:40Z" /><node changeset="1" id="10054380652" user="OSMnx" visible="true" lon="72.9670346" lat="19.202633" version="1" uid="1" timestamp="2026-04-09T19:16:40Z" /><node changeset="1" id="10054380653" user="OSMnx" visible="true" lon="72.964706" lat="19.2004223" version="1" uid="1" timestamp="2026-04-09T19:16:40Z" /><node changeset="1" id="10054380654" user="OSMnx" visible="true" lon="72.9644564" lat="19.2005946" version="1" uid="1" timestamp="2026-04-09T19:16:40Z" /><node changeset="1" id="10054429283" user="OSMnx" visible="true" lon="72.9722375" lat="19.2029149" version="1" uid="1" timestamp="2026-04-09T19:16:40Z" /><node changeset="1" id="10054429284" user="OSMnx" visible="true" lon="72.9718204" lat="19.2033748" version="1" uid="1" timestamp="2026-04-09T19:16:40Z" /><node changeset="1" id="10054429285" user="OSMnx" visible="true" lon="72.9697031" lat="19.2042325" version="1" uid="1" timestamp="2026-04-09T19:16:40Z" /><node changeset="1" id="10054429286" user="OSMnx" visible="true" lon="72.9697744" lat="19.2041081" version="1" uid="1" timestamp="2026-04-09T19:16:40Z" /><node changeset="1" id="10058867359" user="OSMnx" visible="true" lon="72.9624284" lat="19.2001813" version="1" uid="1" timestamp="2026-04-09T19:16:40Z" /><node changeset="1" id="10058867360" user="OSMnx" visible="true" lon="72.9624397" lat="19.2001548" version="1" uid="1" timestamp="2026-04-09T19:16:40Z" /><node changeset="1" id="10058867361" user="OSMnx" visible="true" lon="72.9626819" lat="19.2000412" version="1" uid="1" timestamp="2026-04-09T19:16:40Z" /><node changeset="1" id="10058867362" user="OSMnx" visible="true" lon="72.9629989" lat="19.1999123" version="1" uid="1" timestamp="2026-04-09T19:16:40Z" /><node changeset="1" id="10058867363" user="OSMnx" visible="true" lon="72.9630671" lat="19.1998739" version="1" uid="1" timestamp="2026-04-09T19:16:40Z" /><node changeset="1" id="10058867365" user="OSMnx" visible="true" lon="72.9688834" lat="19.2037728" version="1" uid="1" timestamp="2026-04-09T19:16:40Z" /><node changeset="1" id="10058867366" user="OSMnx" visible="true" lon="72.9689468" lat="19.2036562" version="1" uid="1" timestamp="2026-04-09T19:16:40Z" /><node changeset="1" id="10058867367" user="OSMnx" visible="true" lon="72.9688411" lat="19.2035502" version="1" uid="1" timestamp="2026-04-09T19:16:40Z" /><node changeset="1" id="10058867368" user="OSMnx" visible="true" lon="72.9684835" lat="19.2032156" version="1" uid="1" timestamp="2026-04-09T19:16:40Z" /><node changeset="1" id="10058867369" user="OSMnx" visible="true" lon="72.9685436" lat="19.2031603" version="1" uid="1" timestamp="2026-04-09T19:16:40Z" /><node changeset="1" id="10058867370" user="OSMnx" visible="true" lon="72.9687436" lat="19.2030882" version="1" uid="1" timestamp="2026-04-09T19:16:40Z" /><node changeset="1" id="10072781495" user="OSMnx" visible="true" lon="72.9710414" lat="19.2071501" version="1" uid="1" timestamp="2026-04-09T19:16:40Z" /><node changeset="1" id="10072781496" user="OSMnx" visible="true" lon="72.971086" lat="19.2071055" version="1" uid="1" timestamp="2026-04-09T19:16:40Z" /><node changeset="1" id="10073514460" user="OSMnx" visible="true" lon="72.9743454" lat="19.2127322" version="1" uid="1" timestamp="2026-04-09T19:16:40Z" /><node changeset="1" id="10091428554" user="OSMnx" visible="true" lon="72.9728761" lat="19.2089142" version="1" uid="1" timestamp="2026-04-09T19:16:40Z" /><node changeset="1" id="10091428557" user="OSMnx" visible="true" lon="72.9727974" lat="19.2088528" version="1" uid="1" timestamp="2026-04-09T19:16:40Z" /><node changeset="1" id="10095018858" user="OSMnx" visible="true" lon="72.9693506" lat="19.2103449" version="1" uid="1" timestamp="2026-04-09T19:16:40Z" /><node changeset="1" id="10095018864" user="OSMnx" visible="true" lon="72.9699895" lat="19.2099975" version="1" uid="1" timestamp="2026-04-09T19:16:40Z" /><node changeset="1" id="10097182498" user="OSMnx" visible="true" lon="72.960522" lat="19.2006406" version="1" uid="1" timestamp="2026-04-09T19:16:40Z" /><node changeset="1" id="10097182499" user="OSMnx" visible="true" lon="72.9605642" lat="19.2007772" version="1" uid="1" timestamp="2026-04-09T19:16:40Z" /><node changeset="1" id="10097182500" user="OSMnx" visible="true" lon="72.9605898" lat="19.200866" version="1" uid="1" timestamp="2026-04-09T19:16:40Z" /><node changeset="1" id="10110808014" user="OSMnx" visible="true" lon="72.970544" lat="19.2038699" version="1" uid="1" timestamp="2026-04-09T19:16:40Z" /><node changeset="1" id="10112883700" user="OSMnx" visible="true" lon="72.9790827" lat="19.2174157" version="1" uid="1" timestamp="2026-04-09T19:16:40Z" /><node changeset="1" id="10117863533" user="OSMnx" visible="true" lon="72.9838803" lat="19.2036228" version="1" uid="1" timestamp="2026-04-09T19:16:40Z" /><node changeset="1" id="10117863534" user="OSMnx" visible="true" lon="72.9833498" lat="19.2036146" version="1" uid="1" timestamp="2026-04-09T19:16:40Z" /><node changeset="1" id="10151994693" user="OSMnx" visible="true" lon="72.9827197" lat="19.2083591" version="1" uid="1" timestamp="2026-04-09T19:16:40Z" /><node changeset="1" id="10168886524" user="OSMnx" visible="true" lon="72.9684588" lat="19.2046252" version="1" uid="1" timestamp="2026-04-09T19:16:40Z" /><node changeset="1" id="10168886525" user="OSMnx" visible="true" lon="72.9685375" lat="19.2047011" version="1" uid="1" timestamp="2026-04-09T19:16:40Z" /><node changeset="1" id="10168886526" user="OSMnx" visible="true" lon="72.9681406" lat="19.2043266" version="1" uid="1" timestamp="2026-04-09T19:16:40Z" /><node changeset="1" id="10168886527" user="OSMnx" visible="true" lon="72.9682089" lat="19.2045189" version="1" uid="1" timestamp="2026-04-09T19:16:40Z" /><node changeset="1" id="10168886528" user="OSMnx" visible="true" lon="72.9682066" lat="19.204697" version="1" uid="1" timestamp="2026-04-09T19:16:40Z" /><node changeset="1" id="10168886529" user="OSMnx" visible="true" lon="72.9681835" lat="19.2047969" version="1" uid="1" timestamp="2026-04-09T19:16:40Z" /><node changeset="1" id="10168886530" user="OSMnx" visible="true" lon="72.9682377" lat="19.2048702" version="1" uid="1" timestamp="2026-04-09T19:16:40Z" /><node changeset="1" id="10168886531" user="OSMnx" visible="true" lon="72.968429" lat="19.2048285" version="1" uid="1" timestamp="2026-04-09T19:16:40Z" /><node changeset="1" id="10168886532" user="OSMnx" visible="true" lon="72.9686109" lat="19.2048434" version="1" uid="1" timestamp="2026-04-09T19:16:40Z" /><node changeset="1" id="10168886533" user="OSMnx" visible="true" lon="72.9687475" lat="19.2048947" version="1" uid="1" timestamp="2026-04-09T19:16:40Z" /><node changeset="1" id="10172868171" user="OSMnx" visible="true" lon="72.9636788" lat="19.2154075" version="1" uid="1" timestamp="2026-04-09T19:16:40Z" /><node changeset="1" id="10172868172" user="OSMnx" visible="true" lon="72.9636888" lat="19.2155266" version="1" uid="1" timestamp="2026-04-09T19:16:40Z" /><node changeset="1" id="10172868173" user="OSMnx" visible="true" lon="72.9637408" lat="19.2157099" version="1" uid="1" timestamp="2026-04-09T19:16:40Z" /><node changeset="1" id="10172868174" user="OSMnx" visible="true" lon="72.9637708" lat="19.2158327" version="1" uid="1" timestamp="2026-04-09T19:16:40Z" /><node changeset="1" id="10172868175" user="OSMnx" visible="true" lon="72.9637308" lat="19.2159726" version="1" uid="1" timestamp="2026-04-09T19:16:40Z" /><node changeset="1" id="10172868176" user="OSMnx" visible="true" lon="72.9637151" lat="19.2160057" version="1" uid="1" timestamp="2026-04-09T19:16:40Z" /><node changeset="1" id="10173311713" user="OSMnx" visible="true" lon="72.9880065" lat="19.2064779" version="1" uid="1" timestamp="2026-04-09T19:16:40Z" /><node changeset="1" id="10173311714" user="OSMnx" visible="true" lon="72.9880727" lat="19.2064695" version="1" uid="1" timestamp="2026-04-09T19:16:40Z" /><node changeset="1" id="10173311715" user="OSMnx" visible="true" lon="72.9881317" lat="19.2064357" version="1" uid="1" timestamp="2026-04-09T19:16:40Z" /><node changeset="1" id="10173311716" user="OSMnx" visible="true" lon="72.98818" lat="19.2063428" version="1" uid="1" timestamp="2026-04-09T19:16:40Z" /><node changeset="1" id="10173342217" user="OSMnx" visible="true" lon="72.9881979" lat="19.2062364" version="1" uid="1" timestamp="2026-04-09T19:16:40Z" /><node changeset="1" id="10173342218" user="OSMnx" visible="true" lon="72.9881979" lat="19.2061672" version="1" uid="1" timestamp="2026-04-09T19:16:40Z" /><node changeset="1" id="10173342219" user="OSMnx" visible="true" lon="72.9881675" lat="19.206103" version="1" uid="1" timestamp="2026-04-09T19:16:40Z" /><node changeset="1" id="10173342220" user="OSMnx" visible="true" lon="72.988087" lat="19.2060929" version="1" uid="1" timestamp="2026-04-09T19:16:40Z" /><node changeset="1" id="10173342221" user="OSMnx" visible="true" lon="72.9879353" lat="19.2060716" version="1" uid="1" timestamp="2026-04-09T19:16:40Z" /><node changeset="1" id="10179870686" user="OSMnx" visible="true" lon="72.9752127" lat="19.2018726" version="1" uid="1" timestamp="2026-04-09T19:16:40Z" /><node changeset="1" id="10196728315" user="OSMnx" visible="true" lon="72.9861295" lat="19.1997371" version="1" uid="1" timestamp="2026-04-09T19:16:40Z" /><node changeset="1" id="10196782306" user="OSMnx" visible="true" lon="72.9864873" lat="19.199654" version="1" uid="1" timestamp="2026-04-09T19:16:40Z" /><node changeset="1" id="10211690661" user="OSMnx" visible="true" lon="72.972385" lat="19.2007074" version="1" uid="1" timestamp="2026-04-09T19:16:40Z" /><node changeset="1" id="10216996385" user="OSMnx" visible="true" lon="72.9881988" lat="19.2097864" version="1" uid="1" timestamp="2026-04-09T19:16:40Z" /><node changeset="1" id="10216996386" user="OSMnx" visible="true" lon="72.9885898" lat="19.2096901" version="1" uid="1" timestamp="2026-04-09T19:16:40Z" /><node changeset="1" id="10216996387" user="OSMnx" visible="true" lon="72.9884583" lat="19.2097345" version="1" uid="1" timestamp="2026-04-09T19:16:40Z" /><node changeset="1" id="10216996388" user="OSMnx" visible="true" lon="72.9884323" lat="19.2097397" version="1" uid="1" timestamp="2026-04-09T19:16:40Z" /><node changeset="1" id="10223219792" user="OSMnx" visible="true" lon="72.9712767" lat="19.2073831" version="1" uid="1" timestamp="2026-04-09T19:16:40Z" /><node changeset="1" id="10223219806" user="OSMnx" visible="true" lon="72.9713245" lat="19.2073412" version="1" uid="1" timestamp="2026-04-09T19:16:40Z" /><node changeset="1" id="10223219807" user="OSMnx" visible="true" lon="72.9712765" lat="19.2072938" version="1" uid="1" timestamp="2026-04-09T19:16:40Z" /><node changeset="1" id="10226924320" user="OSMnx" visible="true" lon="72.9786362" lat="19.2187402" version="1" uid="1" timestamp="2026-04-09T19:16:40Z" /><node changeset="1" id="10226924329" user="OSMnx" visible="true" lon="72.980517" lat="19.218026" version="1" uid="1" timestamp="2026-04-09T19:16:40Z" /><node changeset="1" id="10227730033" user="OSMnx" visible="true" lon="72.9776014" lat="19.206402" version="1" uid="1" timestamp="2026-04-09T19:16:40Z" /><node changeset="1" id="10228068776" user="OSMnx" visible="true" lon="72.977833" lat="19.2228071" version="1" uid="1" timestamp="2026-04-09T19:16:40Z" /><node changeset="1" id="10230391085" user="OSMnx" visible="true" lon="72.9633382" lat="19.223172" version="1" uid="1" timestamp="2026-04-09T19:16:40Z" /><node changeset="1" id="10230398033" user="OSMnx" visible="true" lon="72.9820606" lat="19.2150803" version="1" uid="1" timestamp="2026-04-09T19:16:40Z" /><node changeset="1" id="10230398034" user="OSMnx" visible="true" lon="72.9820753" lat="19.2155056" version="1" uid="1" timestamp="2026-04-09T19:16:40Z" /><node changeset="1" id="10230398035" user="OSMnx" visible="true" lon="72.9818363" lat="19.2155916" version="1" uid="1" timestamp="2026-04-09T19:16:40Z" /><node changeset="1" id="10230398036" user="OSMnx" visible="true" lon="72.9818203" lat="19.2158351" version="1" uid="1" timestamp="2026-04-09T19:16:40Z" /><node changeset="1" id="10230398037" user="OSMnx" visible="true" lon="72.9825662" lat="19.2155133" version="1" uid="1" timestamp="2026-04-09T19:16:40Z" /><node changeset="1" id="10230398038" user="OSMnx" visible="true" lon="72.982441" lat="19.216356" version="1" uid="1" timestamp="2026-04-09T19:16:40Z" /><node changeset="1" id="10232521181" user="OSMnx" visible="true" lon="72.9771582" lat="19.2092329" version="1" uid="1" timestamp="2026-04-09T19:16:40Z" /><node changeset="1" id="10232521184" user="OSMnx" visible="true" lon="72.9785875" lat="19.20874" version="1" uid="1" timestamp="2026-04-09T19:16:40Z" /><node changeset="1" id="10232521185" user="OSMnx" visible="true" lon="72.9782372" lat="19.2088233" version="1" uid="1" timestamp="2026-04-09T19:16:40Z" /><node changeset="1" id="10232962358" user="OSMnx" visible="true" lon="72.9828264" lat="19.2179605" version="1" uid="1" timestamp="2026-04-09T19:16:40Z" /><node changeset="1" id="10232962359" user="OSMnx" visible="true" lon="72.9828004" lat="19.21806" version="1" uid="1" timestamp="2026-04-09T19:16:40Z" /><node changeset="1" id="10232962361" user="OSMnx" visible="true" lon="72.9828905" lat="19.2195321" version="1" uid="1" timestamp="2026-04-09T19:16:40Z" /><node changeset="1" id="10232962362" user="OSMnx" visible="true" lon="72.9830466" lat="19.2192417" version="1" uid="1" timestamp="2026-04-09T19:16:40Z" /><node changeset="1" id="10240177841" user="OSMnx" visible="true" lon="72.986987" lat="19.2050941" version="1" uid="1" timestamp="2026-04-09T19:16:40Z" /><node changeset="1" id="10242222055" user="OSMnx" visible="true" lon="72.9817248" lat="19.2034133" version="1" uid="1" timestamp="2026-04-09T19:16:40Z" /><node changeset="1" id="10242222056" user="OSMnx" visible="true" lon="72.9817862" lat="19.2032631" version="1" uid="1" timestamp="2026-04-09T19:16:40Z" /><node changeset="1" id="10242222057" user="OSMnx" visible="true" lon="72.9817781" lat="19.2030327" version="1" uid="1" timestamp="2026-04-09T19:16:40Z" /><node changeset="1" id="10251547847" user="OSMnx" visible="true" lon="72.9606406" lat="19.2210051" version="1" uid="1" timestamp="2026-04-09T19:16:40Z" /><node changeset="1" id="10251547848" user="OSMnx" visible="true" lon="72.9824366" lat="19.2222662" version="1" uid="1" timestamp="2026-04-09T19:16:40Z" /><node changeset="1" id="10251547849" user="OSMnx" visible="true" lon="72.9809407" lat="19.2255161" version="1" uid="1" timestamp="2026-04-09T19:16:40Z" /><node changeset="1" id="10251547851" user="OSMnx" visible="true" lon="72.9803775" lat="19.2269804" version="1" uid="1" timestamp="2026-04-09T19:16:40Z" /><node changeset="1" id="10251547852" user="OSMnx" visible="true" lon="72.9802498" lat="19.2270932" version="1" uid="1" timestamp="2026-04-09T19:16:40Z" /><node changeset="1" id="10251547853" user="OSMnx" visible="true" lon="72.9823934" lat="19.2282499" version="1" uid="1" timestamp="2026-04-09T19:16:40Z" /><node changeset="1" id="10251547854" user="OSMnx" visible="true" lon="72.9823311" lat="19.2283643" version="1" uid="1" timestamp="2026-04-09T19:16:40Z" /><node changeset="1" id="10251547865" user="OSMnx" visible="true" lon="72.984124" lat="19.2187646" version="1" uid="1" timestamp="2026-04-09T19:16:40Z"><tag k="highway" v="traffic_signals" /></node><node changeset="1" id="10251547866" user="OSMnx" visible="true" lon="72.9842024" lat="19.2186411" version="1" uid="1" timestamp="2026-04-09T19:16:40Z"><tag k="highway" v="traffic_signals" /></node><node changeset="1" id="10251547867" user="OSMnx" visible="true" lon="72.9836911" lat="19.2184094" version="1" uid="1" timestamp="2026-04-09T19:16:40Z" /><node changeset="1" id="10251547868" user="OSMnx" visible="true" lon="72.9840061" lat="19.2185425" version="1" uid="1" timestamp="2026-04-09T19:16:40Z" /><node changeset="1" id="10251547869" user="OSMnx" visible="true" lon="72.9841096" lat="19.2185945" version="1" uid="1" timestamp="2026-04-09T19:16:40Z" /><node changeset="1" id="10263011324" user="OSMnx" visible="true" lon="72.9618736" lat="19.2093183" version="1" uid="1" timestamp="2026-04-09T19:16:40Z" /><node changeset="1" id="10274916700" user="OSMnx" visible="true" lon="72.9764343" lat="19.2146336" version="1" uid="1" timestamp="2026-04-09T19:16:40Z" /><node changeset="1" id="10275450996" user="OSMnx" visible="true" lon="72.9771321" lat="19.2036248" version="1" uid="1" timestamp="2026-04-09T19:16:40Z"><tag k="junction" v="yes" /></node><node changeset="1" id="10279377260" user="OSMnx" visible="true" lon="72.9637519" lat="19.1999" version="1" uid="1" timestamp="2026-04-09T19:16:40Z" /><node changeset="1" id="10279377261" user="OSMnx" visible="true" lon="72.9637532" lat="19.1998384" version="1" uid="1" timestamp="2026-04-09T19:16:40Z" /><node changeset="1" id="10279377262" user="OSMnx" visible="true" lon="72.9637561" lat="19.1998082" version="1" uid="1" timestamp="2026-04-09T19:16:40Z" /><node changeset="1" id="10279377263" user="OSMnx" visible="true" lon="72.9637866" lat="19.1997534" version="1" uid="1" timestamp="2026-04-09T19:16:40Z" /><node changeset="1" id="10279377264" user="OSMnx" visible="true" lon="72.96382" lat="19.1997342" version="1" uid="1" timestamp="2026-04-09T19:16:40Z" /><node changeset="1" id="10279377265" user="OSMnx" visible="true" lon="72.9638955" lat="19.1997095" version="1" uid="1" timestamp="2026-04-09T19:16:40Z" /><node changeset="1" id="10279377266" user="OSMnx" visible="true" lon="72.9639597" lat="19.1997015" version="1" uid="1" timestamp="2026-04-09T19:16:40Z" /><node changeset="1" id="10279403389" user="OSMnx" visible="true" lon="72.967962" lat="19.2327068" version="1" uid="1" timestamp="2026-04-09T19:16:40Z" /><node changeset="1" id="10279403395" user="OSMnx" visible="true" lon="72.9666574" lat="19.2334314" version="1" uid="1" timestamp="2026-04-09T19:16:40Z" /><node changeset="1" id="10279403396" user="OSMnx" visible="true" lon="72.9841418" lat="19.22955" version="1" uid="1" timestamp="2026-04-09T19:16:40Z" /><node changeset="1" id="10279403397" user="OSMnx" visible="true" lon="72.9842529" lat="19.2296766" version="1" uid="1" timestamp="2026-04-09T19:16:40Z" /><node changeset="1" id="10279403398" user="OSMnx" visible="true" lon="72.9850879" lat="19.2302321" version="1" uid="1" timestamp="2026-04-09T19:16:40Z" /><node changeset="1" id="10279403399" user="OSMnx" visible="true" lon="72.9854746" lat="19.2306369" version="1" uid="1" timestamp="2026-04-09T19:16:40Z" /><node changeset="1" id="10279403400" user="OSMnx" visible="true" lon="72.9855912" lat="19.2307505" version="1" uid="1" timestamp="2026-04-09T19:16:40Z" /><node changeset="1" id="10279403401" user="OSMnx" visible="true" lon="72.9861081" lat="19.2312027" version="1" uid="1" timestamp="2026-04-09T19:16:40Z" /><node changeset="1" id="10279403402" user="OSMnx" visible="true" lon="72.9867866" lat="19.2318407" version="1" uid="1" timestamp="2026-04-09T19:16:40Z" /><node changeset="1" id="10279403403" user="OSMnx" visible="true" lon="72.984225" lat="19.2189489" version="1" uid="1" timestamp="2026-04-09T19:16:40Z" /><node changeset="1" id="10279403404" user="OSMnx" visible="true" lon="72.9850297" lat="19.2193903" version="1" uid="1" timestamp="2026-04-09T19:16:40Z" /><node changeset="1" id="10279403405" user="OSMnx" visible="true" lon="72.9860775" lat="19.2198749" version="1" uid="1" timestamp="2026-04-09T19:16:40Z" /><node changeset="1" id="10279403406" user="OSMnx" visible="true" lon="72.9868722" lat="19.2202347" version="1" uid="1" timestamp="2026-04-09T19:16:40Z" /><node changeset="1" id="10279403407" user="OSMnx" visible="true" lon="72.9869622" lat="19.2201346" version="1" uid="1" timestamp="2026-04-09T19:16:40Z" /><node changeset="1" id="10279403408" user="OSMnx" visible="true" lon="72.9848598" lat="19.2193055" version="1" uid="1" timestamp="2026-04-09T19:16:40Z" /><node changeset="1" id="10279414809" user="OSMnx" visible="true" lon="72.9849339" lat="19.2191556" version="1" uid="1" timestamp="2026-04-09T19:16:40Z" /><node changeset="1" id="10279414810" user="OSMnx" visible="true" lon="72.988404" lat="19.2208306" version="1" uid="1" timestamp="2026-04-09T19:16:40Z" /><node changeset="1" id="10279414813" user="OSMnx" visible="true" lon="72.9890677" lat="19.221035" version="1" uid="1" timestamp="2026-04-09T19:16:40Z" /><node changeset="1" id="10279414814" user="OSMnx" visible="true" lon="72.9890214" lat="19.2208222" version="1" uid="1" timestamp="2026-04-09T19:16:40Z" /><node changeset="1" id="10279414815" user="OSMnx" visible="true" lon="72.988332" lat="19.2204909" version="1" uid="1" timestamp="2026-04-09T19:16:40Z" /><node changeset="1" id="10279414816" user="OSMnx" visible="true" lon="72.9882532" lat="19.2206358" version="1" uid="1" timestamp="2026-04-09T19:16:40Z" /><node changeset="1" id="10279453010" user="OSMnx" visible="true" lon="72.9614" lat="19.2027114" version="1" uid="1" timestamp="2026-04-09T19:16:40Z" /><node changeset="1" id="10279453011" user="OSMnx" visible="true" lon="72.9614812" lat="19.202667" version="1" uid="1" timestamp="2026-04-09T19:16:40Z" /><node changeset="1" id="10279453012" user="OSMnx" visible="true" lon="72.9647513" lat="19.2076481" version="1" uid="1" timestamp="2026-04-09T19:16:40Z" /><node changeset="1" id="10279453013" user="OSMnx" visible="true" lon="72.9646693" lat="19.2075514" version="1" uid="1" timestamp="2026-04-09T19:16:40Z" /><node changeset="1" id="10279453014" user="OSMnx" visible="true" lon="72.9640662" lat="19.2067642" version="1" uid="1" timestamp="2026-04-09T19:16:40Z" /><node changeset="1" id="10279453015" user="OSMnx" visible="true" lon="72.9636298" lat="19.2061612" version="1" uid="1" timestamp="2026-04-09T19:16:40Z" /><node changeset="1" id="10279453016" user="OSMnx" visible="true" lon="72.9630164" lat="19.205273" version="1" uid="1" timestamp="2026-04-09T19:16:40Z" /><node changeset="1" id="10279453017" user="OSMnx" visible="true" lon="72.9623232" lat="19.2042625" version="1" uid="1" timestamp="2026-04-09T19:16:40Z" /><node changeset="1" id="10279453018" user="OSMnx" visible="true" lon="72.9619114" lat="19.2036334" version="1" uid="1" timestamp="2026-04-09T19:16:40Z" /><node changeset="1" id="10279453019" user="OSMnx" visible="true" lon="72.9615555" lat="19.2029849" version="1" uid="1" timestamp="2026-04-09T19:16:40Z" /><node changeset="1" id="10279453021" user="OSMnx" visible="true" lon="72.9619974" lat="19.2037647" version="1" uid="1" timestamp="2026-04-09T19:16:40Z" /><node changeset="1" id="10279453022" user="OSMnx" visible="true" lon="72.9620301" lat="19.2038148" version="1" uid="1" timestamp="2026-04-09T19:16:40Z" /><node changeset="1" id="10281746145" user="OSMnx" visible="true" lon="72.9780978" lat="19.22041" version="1" uid="1" timestamp="2026-04-09T19:16:40Z" /><node changeset="1" id="10287153452" user="OSMnx" visible="true" lon="72.9876379" lat="19.2325114" version="1" uid="1" timestamp="2026-04-09T19:16:40Z" /><node changeset="1" id="10290779058" user="OSMnx" visible="true" lon="72.9804059" lat="19.22861" version="1" uid="1" timestamp="2026-04-09T19:16:40Z" /><node changeset="1" id="10290815688" user="OSMnx" visible="true" lon="72.9765188" lat="19.2113936" version="1" uid="1" timestamp="2026-04-09T19:16:40Z" /><node changeset="1" id="10301894377" user="OSMnx" visible="true" lon="72.9765942" lat="19.2015428" version="1" uid="1" timestamp="2026-04-09T19:16:40Z" /><node changeset="1" id="10301894378" user="OSMnx" visible="true" lon="72.9765462" lat="19.2015588" version="1" uid="1" timestamp="2026-04-09T19:16:40Z" /><node changeset="1" id="10301894379" user="OSMnx" visible="true" lon="72.9765266" lat="19.2015912" version="1" uid="1" timestamp="2026-04-09T19:16:40Z" /><node changeset="1" id="10301894380" user="OSMnx" visible="true" lon="72.9765278" lat="19.201662" version="1" uid="1" timestamp="2026-04-09T19:16:40Z" /><node changeset="1" id="10301894381" user="OSMnx" visible="true" lon="72.9765895" lat="19.2019635" version="1" uid="1" timestamp="2026-04-09T19:16:40Z" /><node changeset="1" id="10301894382" user="OSMnx" visible="true" lon="72.9765223" lat="19.2016208" version="1" uid="1" timestamp="2026-04-09T19:16:40Z" /><node changeset="1" id="10301894383" user="OSMnx" visible="true" lon="72.9766649" lat="19.2015145" version="1" uid="1" timestamp="2026-04-09T19:16:40Z" /><node changeset="1" id="10301894384" user="OSMnx" visible="true" lon="72.9767124" lat="19.2014398" version="1" uid="1" timestamp="2026-04-09T19:16:40Z" /><node changeset="1" id="10301894385" user="OSMnx" visible="true" lon="72.9767195" lat="19.2014928" version="1" uid="1" timestamp="2026-04-09T19:16:40Z" /><node changeset="1" id="10301894386" user="OSMnx" visible="true" lon="72.9767513" lat="19.2014148" version="1" uid="1" timestamp="2026-04-09T19:16:40Z" /><node changeset="1" id="10301894387" user="OSMnx" visible="true" lon="72.9767082" lat="19.2014733" version="1" uid="1" timestamp="2026-04-09T19:16:40Z" /><node changeset="1" id="10301894388" user="OSMnx" visible="true" lon="72.9768223" lat="19.2021016" version="1" uid="1" timestamp="2026-04-09T19:16:40Z" /><node changeset="1" id="10302239356" user="OSMnx" visible="true" lon="72.9727382" lat="19.208796" version="1" uid="1" timestamp="2026-04-09T19:16:40Z" /><node changeset="1" id="10308419933" user="OSMnx" visible="true" lon="72.9833762" lat="19.2180945" version="1" uid="1" timestamp="2026-04-09T19:16:40Z" /><node changeset="1" id="10310120532" user="OSMnx" visible="true" lon="72.9760515" lat="19.2188072" version="1" uid="1" timestamp="2026-04-09T19:16:40Z" /><node changeset="1" id="10310493149" user="OSMnx" visible="true" lon="72.9779348" lat="19.2218891" version="1" uid="1" timestamp="2026-04-09T19:16:40Z" /><node changeset="1" id="10310493154" user="OSMnx" visible="true" lon="72.9779864" lat="19.2214222" version="1" uid="1" timestamp="2026-04-09T19:16:40Z" /><node changeset="1" id="10310493155" user="OSMnx" visible="true" lon="72.9790939" lat="19.2214195" version="1" uid="1" timestamp="2026-04-09T19:16:40Z" /><node changeset="1" id="10310493159" user="OSMnx" visible="true" lon="72.9779505" lat="19.2217478" version="1" uid="1" timestamp="2026-04-09T19:16:40Z" /><node changeset="1" id="10310612180" user="OSMnx" visible="true" lon="72.975057" lat="19.2085237" version="1" uid="1" timestamp="2026-04-09T19:16:40Z" /><node changeset="1" id="10310658128" user="OSMnx" visible="true" lon="72.991578" lat="19.2189571" version="1" uid="1" timestamp="2026-04-09T19:16:40Z" /><node changeset="1" id="10310857444" user="OSMnx" visible="true" lon="72.9692771" lat="19.2101448" version="1" uid="1" timestamp="2026-04-09T19:16:40Z" /><node changeset="1" id="10310857445" user="OSMnx" visible="true" lon="72.9692806" lat="19.2102655" version="1" uid="1" timestamp="2026-04-09T19:16:40Z" /><node changeset="1" id="10310857446" user="OSMnx" visible="true" lon="72.9692684" lat="19.2103462" version="1" uid="1" timestamp="2026-04-09T19:16:40Z" /><node changeset="1" id="10310857447" user="OSMnx" visible="true" lon="72.969179" lat="19.2104556" version="1" uid="1" timestamp="2026-04-09T19:16:40Z" /><node changeset="1" id="10310857448" user="OSMnx" visible="true" lon="72.9691261" lat="19.210494" version="1" uid="1" timestamp="2026-04-09T19:16:40Z" /><node changeset="1" id="10310857449" user="OSMnx" visible="true" lon="72.9691098" lat="19.2105496" version="1" uid="1" timestamp="2026-04-09T19:16:40Z" /><node changeset="1" id="10310857450" user="OSMnx" visible="true" lon="72.9691078" lat="19.2106763" version="1" uid="1" timestamp="2026-04-09T19:16:40Z" /><node changeset="1" id="10310857451" user="OSMnx" visible="true" lon="72.9690843" lat="19.2114911" version="1" uid="1" timestamp="2026-04-09T19:16:40Z" /><node changeset="1" id="10310857452" user="OSMnx" visible="true" lon="72.9691" lat="19.2120547" version="1" uid="1" timestamp="2026-04-09T19:16:40Z" /><node changeset="1" id="10310857453" user="OSMnx" visible="true" lon="72.9691322" lat="19.2123384" version="1" uid="1" timestamp="2026-04-09T19:16:40Z" /><node changeset="1" id="10310857454" user="OSMnx" visible="true" lon="72.9690946" lat="19.2118608" version="1" uid="1" timestamp="2026-04-09T19:16:40Z" /><node changeset="1" id="10310857455" user="OSMnx" visible="true" lon="72.9692715" lat="19.2118807" version="1" uid="1" timestamp="2026-04-09T19:16:40Z" /><node changeset="1" id="10310857456" user="OSMnx" visible="true" lon="72.9694002" lat="19.2118807" version="1" uid="1" timestamp="2026-04-09T19:16:40Z" /><node changeset="1" id="10310857457" user="OSMnx" visible="true" lon="72.9697865" lat="19.2118098" version="1" uid="1" timestamp="2026-04-09T19:16:40Z" /><node changeset="1" id="10310857458" user="OSMnx" visible="true" lon="72.969124" lat="19.212266" version="1" uid="1" timestamp="2026-04-09T19:16:40Z" /><node changeset="1" id="10310857459" user="OSMnx" visible="true" lon="72.9696738" lat="19.2122252" version="1" uid="1" timestamp="2026-04-09T19:16:40Z" /><node changeset="1" id="10310857460" user="OSMnx" visible="true" lon="72.969706" lat="19.2118246" version="1" uid="1" timestamp="2026-04-09T19:16:40Z" /><node changeset="1" id="10310857461" user="OSMnx" visible="true" lon="72.969647" lat="19.2124025" version="1" uid="1" timestamp="2026-04-09T19:16:40Z" /><node changeset="1" id="10310857462" user="OSMnx" visible="true" lon="72.9695558" lat="19.2128786" version="1" uid="1" timestamp="2026-04-09T19:16:40Z" /><node changeset="1" id="10316068249" user="OSMnx" visible="true" lon="72.987137" lat="19.2068529" version="1" uid="1" timestamp="2026-04-09T19:16:40Z" /><node changeset="1" id="10316068250" user="OSMnx" visible="true" lon="72.9874464" lat="19.2068969" version="1" uid="1" timestamp="2026-04-09T19:16:40Z" /><node changeset="1" id="10316068251" user="OSMnx" visible="true" lon="72.9874144" lat="19.2065037" version="1" uid="1" timestamp="2026-04-09T19:16:40Z" /><node changeset="1" id="10316130831" user="OSMnx" visible="true" lon="72.9622143" lat="19.2094218" version="1" uid="1" timestamp="2026-04-09T19:16:40Z" /><node changeset="1" id="10538906601" user="OSMnx" visible="true" lon="72.9623868" lat="19.219824" version="1" uid="1" timestamp="2026-04-09T19:16:40Z" /><node changeset="1" id="10538906602" user="OSMnx" visible="true" lon="72.9620885" lat="19.2195248" version="1" uid="1" timestamp="2026-04-09T19:16:40Z" /><node changeset="1" id="10538906603" user="OSMnx" visible="true" lon="72.9622888" lat="19.2185877" version="1" uid="1" timestamp="2026-04-09T19:16:40Z" /><node changeset="1" id="10542472867" user="OSMnx" visible="true" lon="72.9745185" lat="19.2105232" version="1" uid="1" timestamp="2026-04-09T19:16:40Z" /><node changeset="1" id="10543534132" user="OSMnx" visible="true" lon="72.9700748" lat="19.2040151" version="1" uid="1" timestamp="2026-04-09T19:16:40Z" /><node changeset="1" id="10543534133" user="OSMnx" visible="true" lon="72.969978" lat="19.2038818" version="1" uid="1" timestamp="2026-04-09T19:16:40Z" /><node changeset="1" id="10543534134" user="OSMnx" visible="true" lon="72.9699267" lat="19.2038157" version="1" uid="1" timestamp="2026-04-09T19:16:40Z" /><node changeset="1" id="10543534135" user="OSMnx" visible="true" lon="72.96995" lat="19.2037186" version="1" uid="1" timestamp="2026-04-09T19:16:40Z" /><node changeset="1" id="10543534136" user="OSMnx" visible="true" lon="72.96995" lat="19.2036481" version="1" uid="1" timestamp="2026-04-09T19:16:40Z" /><node changeset="1" id="10543534137" user="OSMnx" visible="true" lon="72.9699454" lat="19.2035025" version="1" uid="1" timestamp="2026-04-09T19:16:40Z" /><node changeset="1" id="10543534138" user="OSMnx" visible="true" lon="72.9698753" lat="19.2033482" version="1" uid="1" timestamp="2026-04-09T19:16:40Z" /><node changeset="1" id="10543534139" user="OSMnx" visible="true" lon="72.9697352" lat="19.2032159" version="1" uid="1" timestamp="2026-04-09T19:16:40Z" /><node changeset="1" id="10543534140" user="OSMnx" visible="true" lon="72.9695391" lat="19.2031806" version="1" uid="1" timestamp="2026-04-09T19:16:40Z" /><node changeset="1" id="10543534141" user="OSMnx" visible="true" lon="72.9694737" lat="19.2031718" version="1" uid="1" timestamp="2026-04-09T19:16:40Z" /><node changeset="1" id="10543534144" user="OSMnx" visible="true" lon="72.9693046" lat="19.2025625" version="1" uid="1" timestamp="2026-04-09T19:16:40Z" /><node changeset="1" id="10564261969" user="OSMnx" visible="true" lon="72.9768393" lat="19.2270944" version="1" uid="1" timestamp="2026-04-09T19:16:40Z" /><node changeset="1" id="10564628103" user="OSMnx" visible="true" lon="72.9821361" lat="19.2107366" version="1" uid="1" timestamp="2026-04-09T19:16:40Z" /><node changeset="1" id="10564628106" user="OSMnx" visible="true" lon="72.9815217" lat="19.2108421" version="1" uid="1" timestamp="2026-04-09T19:16:40Z" /><node changeset="1" id="10577337534" user="OSMnx" visible="true" lon="72.9782387" lat="19.2046158" version="1" uid="1" timestamp="2026-04-09T19:16:40Z" /><node changeset="1" id="10578274400" user="OSMnx" visible="true" lon="72.9873013" lat="19.2089845" version="1" uid="1" timestamp="2026-04-09T19:16:40Z" /><node changeset="1" id="10578274401" user="OSMnx" visible="true" lon="72.9878975" lat="19.2071777" version="1" uid="1" timestamp="2026-04-09T19:16:40Z" /><node changeset="1" id="10578274402" user="OSMnx" visible="true" lon="72.9879496" lat="19.2071426" version="1" uid="1" timestamp="2026-04-09T19:16:40Z" /><node changeset="1" id="10578274403" user="OSMnx" visible="true" lon="72.98803" lat="19.2071564" version="1" uid="1" timestamp="2026-04-09T19:16:40Z" /><node changeset="1" id="10578274404" user="OSMnx" visible="true" lon="72.98846" lat="19.207273" version="1" uid="1" timestamp="2026-04-09T19:16:40Z" /><node changeset="1" id="10578274405" user="OSMnx" visible="true" lon="72.9884309" lat="19.2073617" version="1" uid="1" timestamp="2026-04-09T19:16:40Z" /><node changeset="1" id="10578274406" user="OSMnx" visible="true" lon="72.9881289" lat="19.2082596" version="1" uid="1" timestamp="2026-04-09T19:16:40Z" /><node changeset="1" id="10578274407" user="OSMnx" visible="true" lon="72.9880846" lat="19.2086175" version="1" uid="1" timestamp="2026-04-09T19:16:40Z" /><node changeset="1" id="10578274408" user="OSMnx" visible="true" lon="72.9881004" lat="19.2086712" version="1" uid="1" timestamp="2026-04-09T19:16:40Z" /><node changeset="1" id="10578274409" user="OSMnx" visible="true" lon="72.9881541" lat="19.208719" version="1" uid="1" timestamp="2026-04-09T19:16:40Z" /><node changeset="1" id="10578274410" user="OSMnx" visible="true" lon="72.9882268" lat="19.2087369" version="1" uid="1" timestamp="2026-04-09T19:16:40Z" /><node changeset="1" id="10578274411" user="OSMnx" visible="true" lon="72.9885527" lat="19.2087303" version="1" uid="1" timestamp="2026-04-09T19:16:40Z" /><node changeset="1" id="10578274412" user="OSMnx" visible="true" lon="72.9884777" lat="19.2072198" version="1" uid="1" timestamp="2026-04-09T19:16:40Z" /><node changeset="1" id="10578274413" user="OSMnx" visible="true" lon="72.9872065" lat="19.2095712" version="1" uid="1" timestamp="2026-04-09T19:16:40Z" /><node changeset="1" id="10578274414" user="OSMnx" visible="true" lon="72.9872236" lat="19.2096504" version="1" uid="1" timestamp="2026-04-09T19:16:40Z" /><node changeset="1" id="10578274415" user="OSMnx" visible="true" lon="72.9873576" lat="19.2097462" version="1" uid="1" timestamp="2026-04-09T19:16:40Z" /><node changeset="1" id="10578274416" user="OSMnx" visible="true" lon="72.987271" lat="19.2097321" version="1" uid="1" timestamp="2026-04-09T19:16:40Z" /><node changeset="1" id="10580913575" user="OSMnx" visible="true" lon="72.9706692" lat="19.2039093" version="1" uid="1" timestamp="2026-04-09T19:16:40Z" /><node changeset="1" id="10580913576" user="OSMnx" visible="true" lon="72.9706472" lat="19.203838" version="1" uid="1" timestamp="2026-04-09T19:16:40Z" /><node changeset="1" id="10580969840" user="OSMnx" visible="true" lon="72.9813059" lat="19.2026381" version="1" uid="1" timestamp="2026-04-09T19:16:40Z" /><node changeset="1" id="10580972741" user="OSMnx" visible="true" lon="72.9814224" lat="19.202976" version="1" uid="1" timestamp="2026-04-09T19:16:40Z" /><node changeset="1" id="10595278825" user="OSMnx" visible="true" lon="72.9711217" lat="19.203734" version="1" uid="1" timestamp="2026-04-09T19:16:40Z" /><node changeset="1" id="10595278835" user="OSMnx" visible="true" lon="72.9698346" lat="19.2041885" version="1" uid="1" timestamp="2026-04-09T19:16:40Z" /><node changeset="1" id="10595278841" user="OSMnx" visible="true" lon="72.9704852" lat="19.2039662" version="1" uid="1" timestamp="2026-04-09T19:16:40Z" /><node changeset="1" id="10595428391" user="OSMnx" visible="true" lon="72.9793749" lat="19.2251595" version="1" uid="1" timestamp="2026-04-09T19:16:40Z" /><node changeset="1" id="10601145570" user="OSMnx" visible="true" lon="72.9643635" lat="19.1998319" version="1" uid="1" timestamp="2026-04-09T19:16:40Z" /><node changeset="1" id="10618414221" user="OSMnx" visible="true" lon="72.9840203" lat="19.2129788" version="1" uid="1" timestamp="2026-04-09T19:16:40Z" /><node changeset="1" id="10618414222" user="OSMnx" visible="true" lon="72.9838849" lat="19.2130449" version="1" uid="1" timestamp="2026-04-09T19:16:40Z" /><node changeset="1" id="10618414223" user="OSMnx" visible="true" lon="72.9838382" lat="19.2134771" version="1" uid="1" timestamp="2026-04-09T19:16:40Z" /><node changeset="1" id="10636094313" user="OSMnx" visible="true" lon="72.9846357" lat="19.2289466" version="1" uid="1" timestamp="2026-04-09T19:16:40Z" /><node changeset="1" id="10636094315" user="OSMnx" visible="true" lon="72.9855548" lat="19.2292618" version="1" uid="1" timestamp="2026-04-09T19:16:40Z" /><node changeset="1" id="10636094316" user="OSMnx" visible="true" lon="72.9858307" lat="19.2284741" version="1" uid="1" timestamp="2026-04-09T19:16:40Z" /><node changeset="1" id="10636094317" user="OSMnx" visible="true" lon="72.9851265" lat="19.22909" version="1" uid="1" timestamp="2026-04-09T19:16:40Z" /><node changeset="1" id="10636094318" user="OSMnx" visible="true" lon="72.9854401" lat="19.2283567" version="1" uid="1" timestamp="2026-04-09T19:16:40Z" /><node changeset="1" id="10637913935" user="OSMnx" visible="true" lon="72.9696557" lat="19.2123449" version="1" uid="1" timestamp="2026-04-09T19:16:40Z" /><node changeset="1" id="10679996837" user="OSMnx" visible="true" lon="72.9690563" lat="19.2043383" version="1" uid="1" timestamp="2026-04-09T19:16:40Z" /><node changeset="1" id="10679996838" user="OSMnx" visible="true" lon="72.9691526" lat="19.2044206" version="1" uid="1" timestamp="2026-04-09T19:16:40Z" /><node changeset="1" id="10699835597" user="OSMnx" visible="true" lon="72.9785764" lat="19.2027933" version="1" uid="1" timestamp="2026-04-09T19:16:40Z" /><node changeset="1" id="10700482404" user="OSMnx" visible="true" lon="72.9778136" lat="19.221405" version="1" uid="1" timestamp="2026-04-09T19:16:40Z" /><node changeset="1" id="10713480679" user="OSMnx" visible="true" lon="72.9703111" lat="19.2283599" version="1" uid="1" timestamp="2026-04-09T19:16:40Z" /><node changeset="1" id="10713480680" user="OSMnx" visible="true" lon="72.9701466" lat="19.2282526" version="1" uid="1" timestamp="2026-04-09T19:16:40Z" /><node changeset="1" id="10713480681" user="OSMnx" visible="true" lon="72.9705863" lat="19.2283704" version="1" uid="1" timestamp="2026-04-09T19:16:40Z" /><node changeset="1" id="10713480682" user="OSMnx" visible="true" lon="72.97129" lat="19.2283948" version="1" uid="1" timestamp="2026-04-09T19:16:40Z" /><node changeset="1" id="10713480683" user="OSMnx" visible="true" lon="72.9724985" lat="19.22842" version="1" uid="1" timestamp="2026-04-09T19:16:40Z" /><node changeset="1" id="10713480684" user="OSMnx" visible="true" lon="72.9732793" lat="19.2284544" version="1" uid="1" timestamp="2026-04-09T19:16:40Z" /><node changeset="1" id="10727373714" user="OSMnx" visible="true" lon="72.9940736" lat="19.2092942" version="1" uid="1" timestamp="2026-04-09T19:16:40Z" /><node changeset="1" id="10727373724" user="OSMnx" visible="true" lon="72.9935834" lat="19.2081453" version="1" uid="1" timestamp="2026-04-09T19:16:40Z" /><node changeset="1" id="10732307795" user="OSMnx" visible="true" lon="72.9863353" lat="19.2050849" version="1" uid="1" timestamp="2026-04-09T19:16:40Z" /><node changeset="1" id="10733414520" user="OSMnx" visible="true" lon="72.9715375" lat="19.2076353" version="1" uid="1" timestamp="2026-04-09T19:16:40Z" /><node changeset="1" id="10738653694" user="OSMnx" visible="true" lon="72.9899266" lat="19.2199938" version="1" uid="1" timestamp="2026-04-09T19:16:40Z" /><node changeset="1" id="10774729902" user="OSMnx" visible="true" lon="72.9857535" lat="19.1998425" version="1" uid="1" timestamp="2026-04-09T19:16:40Z" /><node changeset="1" id="10774729903" user="OSMnx" visible="true" lon="72.9859321" lat="19.2002231" version="1" uid="1" timestamp="2026-04-09T19:16:40Z" /><node changeset="1" id="10774729904" user="OSMnx" visible="true" lon="72.9857154" lat="19.1997554" version="1" uid="1" timestamp="2026-04-09T19:16:40Z" /><node changeset="1" id="10774733806" user="OSMnx" visible="true" lon="72.9864783" lat="19.1997146" version="1" uid="1" timestamp="2026-04-09T19:16:40Z" /><node changeset="1" id="10923829174" user="OSMnx" visible="true" lon="72.9840933" lat="19.2295974" version="1" uid="1" timestamp="2026-04-09T19:16:40Z" /><node changeset="1" id="10926096988" user="OSMnx" visible="true" lon="72.9842025" lat="19.206023" version="1" uid="1" timestamp="2026-04-09T19:16:40Z" /><node changeset="1" id="10926096989" user="OSMnx" visible="true" lon="72.9842112" lat="19.2060801" version="1" uid="1" timestamp="2026-04-09T19:16:40Z" /><node changeset="1" id="10926096991" user="OSMnx" visible="true" lon="72.9842228" lat="19.2061445" version="1" uid="1" timestamp="2026-04-09T19:16:40Z" /><node changeset="1" id="10926217341" user="OSMnx" visible="true" lon="72.9663341" lat="19.2239534" version="1" uid="1" timestamp="2026-04-09T19:16:40Z" /><node changeset="1" id="10926217344" user="OSMnx" visible="true" lon="72.9671465" lat="19.2225124" version="1" uid="1" timestamp="2026-04-09T19:16:40Z" /><node changeset="1" id="10926246149" user="OSMnx" visible="true" lon="72.9677083" lat="19.2225281" version="1" uid="1" timestamp="2026-04-09T19:16:40Z" /><node changeset="1" id="10926246153" user="OSMnx" visible="true" lon="72.9663476" lat="19.2222096" version="1" uid="1" timestamp="2026-04-09T19:16:40Z" /><node changeset="1" id="10926246172" user="OSMnx" visible="true" lon="72.970435" lat="19.2225655" version="1" uid="1" timestamp="2026-04-09T19:16:40Z" /><node changeset="1" id="10927915794" user="OSMnx" visible="true" lon="72.9843697" lat="19.2138836" version="1" uid="1" timestamp="2026-04-09T19:16:40Z" /><node changeset="1" id="10927956001" user="OSMnx" visible="true" lon="72.9842566" lat="19.2131515" version="1" uid="1" timestamp="2026-04-09T19:16:40Z" /><node changeset="1" id="10936226283" user="OSMnx" visible="true" lon="72.9709679" lat="19.2070784" version="1" uid="1" timestamp="2026-04-09T19:16:40Z" /><node changeset="1" id="10936278706" user="OSMnx" visible="true" lon="72.9639207" lat="19.2081966" version="1" uid="1" timestamp="2026-04-09T19:16:40Z" /><node changeset="1" id="10936284144" user="OSMnx" visible="true" lon="72.9658408" lat="19.2066228" version="1" uid="1" timestamp="2026-04-09T19:16:40Z" /><node changeset="1" id="10936471326" user="OSMnx" visible="true" lon="72.9740967" lat="19.20765" version="1" uid="1" timestamp="2026-04-09T19:16:40Z" /><node changeset="1" id="10936631362" user="OSMnx" visible="true" lon="72.9723704" lat="19.1996487" version="1" uid="1" timestamp="2026-04-09T19:16:40Z" /><node changeset="1" id="10936631363" user="OSMnx" visible="true" lon="72.9713782" lat="19.1999507" version="1" uid="1" timestamp="2026-04-09T19:16:40Z" /><node changeset="1" id="10936635289" user="OSMnx" visible="true" lon="72.9731045" lat="19.2037794" version="1" uid="1" timestamp="2026-04-09T19:16:40Z" /><node changeset="1" id="10936635290" user="OSMnx" visible="true" lon="72.9729907" lat="19.2037579" version="1" uid="1" timestamp="2026-04-09T19:16:40Z" /><node changeset="1" id="10936635291" user="OSMnx" visible="true" lon="72.9728438" lat="19.2037462" version="1" uid="1" timestamp="2026-04-09T19:16:40Z" /><node changeset="1" id="10936635292" user="OSMnx" visible="true" lon="72.9727571" lat="19.2037696" version="1" uid="1" timestamp="2026-04-09T19:16:40Z" /><node changeset="1" id="10936635293" user="OSMnx" visible="true" lon="72.9726191" lat="19.203793" version="1" uid="1" timestamp="2026-04-09T19:16:40Z" /><node changeset="1" id="10936635294" user="OSMnx" visible="true" lon="72.9724368" lat="19.2038264" version="1" uid="1" timestamp="2026-04-09T19:16:40Z" /><node changeset="1" id="10936635295" user="OSMnx" visible="true" lon="72.9723218" lat="19.2038866" version="1" uid="1" timestamp="2026-04-09T19:16:40Z" /><node changeset="1" id="10936635296" user="OSMnx" visible="true" lon="72.9722758" lat="19.20394" version="1" uid="1" timestamp="2026-04-09T19:16:40Z" /><node changeset="1" id="10936688068" user="OSMnx" visible="true" lon="72.9778439" lat="19.2019904" version="1" uid="1" timestamp="2026-04-09T19:16:40Z" /><node changeset="1" id="10936688069" user="OSMnx" visible="true" lon="72.9781386" lat="19.2019618" version="1" uid="1" timestamp="2026-04-09T19:16:40Z" /><node changeset="1" id="10936688070" user="OSMnx" visible="true" lon="72.9782359" lat="19.2019534" version="1" uid="1" timestamp="2026-04-09T19:16:40Z" /><node changeset="1" id="10936688071" user="OSMnx" visible="true" lon="72.9783209" lat="19.2019651" version="1" uid="1" timestamp="2026-04-09T19:16:40Z" /><node changeset="1" id="10936688072" user="OSMnx" visible="true" lon="72.9784182" lat="19.2020103" version="1" uid="1" timestamp="2026-04-09T19:16:40Z" /><node changeset="1" id="10936688073" user="OSMnx" visible="true" lon="72.9785792" lat="19.2020955" version="1" uid="1" timestamp="2026-04-09T19:16:40Z" /><node changeset="1" id="10936688074" user="OSMnx" visible="true" lon="72.9786642" lat="19.2021072" version="1" uid="1" timestamp="2026-04-09T19:16:40Z" /><node changeset="1" id="10936705353" user="OSMnx" visible="true" lon="72.9774568" lat="19.2002628" version="1" uid="1" timestamp="2026-04-09T19:16:40Z" /><node changeset="1" id="10936705362" user="OSMnx" visible="true" lon="72.9750607" lat="19.2009194" version="1" uid="1" timestamp="2026-04-09T19:16:40Z" /><node changeset="1" id="10936818644" user="OSMnx" visible="true" lon="72.9610357" lat="19.2110481" version="1" uid="1" timestamp="2026-04-09T19:16:40Z" /><node changeset="1" id="10936818649" user="OSMnx" visible="true" lon="72.9619718" lat="19.2098909" version="1" uid="1" timestamp="2026-04-09T19:16:40Z" /><node changeset="1" id="10939566846" user="OSMnx" visible="true" lon="72.9908485" lat="19.2216721" version="1" uid="1" timestamp="2026-04-09T19:16:40Z" /><node changeset="1" id="10939566847" user="OSMnx" visible="true" lon="72.9908114" lat="19.2215701" version="1" uid="1" timestamp="2026-04-09T19:16:40Z" /><node changeset="1" id="10939566848" user="OSMnx" visible="true" lon="72.9907669" lat="19.221553" version="1" uid="1" timestamp="2026-04-09T19:16:40Z" /><node changeset="1" id="10939566849" user="OSMnx" visible="true" lon="72.9907522" lat="19.2213817" version="1" uid="1" timestamp="2026-04-09T19:16:40Z" /><node changeset="1" id="10939566850" user="OSMnx" visible="true" lon="72.9908757" lat="19.2217384" version="1" uid="1" timestamp="2026-04-09T19:16:40Z" /><node changeset="1" id="10939719987" user="OSMnx" visible="true" lon="72.9601097" lat="19.2199734" version="1" uid="1" timestamp="2026-04-09T19:16:40Z" /><node changeset="1" id="10945734214" user="OSMnx" visible="true" lon="72.9836099" lat="19.2185343" version="1" uid="1" timestamp="2026-04-09T19:16:40Z" /><node changeset="1" id="10945734220" user="OSMnx" visible="true" lon="72.9908827" lat="19.2170631" version="1" uid="1" timestamp="2026-04-09T19:16:40Z" /><node changeset="1" id="10945734221" user="OSMnx" visible="true" lon="72.9908044" lat="19.2171667" version="1" uid="1" timestamp="2026-04-09T19:16:40Z" /><node changeset="1" id="10945734222" user="OSMnx" visible="true" lon="72.9906368" lat="19.217401" version="1" uid="1" timestamp="2026-04-09T19:16:40Z" /><node changeset="1" id="10945734223" user="OSMnx" visible="true" lon="72.9903987" lat="19.2176258" version="1" uid="1" timestamp="2026-04-09T19:16:40Z" /><node changeset="1" id="10945734224" user="OSMnx" visible="true" lon="72.9902379" lat="19.217766" version="1" uid="1" timestamp="2026-04-09T19:16:40Z" /><node changeset="1" id="10956710785" user="OSMnx" visible="true" lon="72.9631709" lat="19.2053242" version="1" uid="1" timestamp="2026-04-09T19:16:40Z" /><node changeset="1" id="10956959843" user="OSMnx" visible="true" lon="72.9652135" lat="19.2259154" version="1" uid="1" timestamp="2026-04-09T19:16:40Z" /><node changeset="1" id="11021397199" user="OSMnx" visible="true" lon="72.9842519" lat="19.2062689" version="1" uid="1" timestamp="2026-04-09T19:16:40Z" /><node changeset="1" id="11021397200" user="OSMnx" visible="true" lon="72.984251" lat="19.2063109" version="1" uid="1" timestamp="2026-04-09T19:16:40Z" /><node changeset="1" id="11021397201" user="OSMnx" visible="true" lon="72.9842303" lat="19.2063723" version="1" uid="1" timestamp="2026-04-09T19:16:40Z" /><node changeset="1" id="11021397202" user="OSMnx" visible="true" lon="72.9841903" lat="19.2064473" version="1" uid="1" timestamp="2026-04-09T19:16:40Z" /><node changeset="1" id="11021397203" user="OSMnx" visible="true" lon="72.9841557" lat="19.2064866" version="1" uid="1" timestamp="2026-04-09T19:16:40Z" /><node changeset="1" id="11021397204" user="OSMnx" visible="true" lon="72.9839131" lat="19.2066181" version="1" uid="1" timestamp="2026-04-09T19:16:40Z" /><node changeset="1" id="11021410837" user="OSMnx" visible="true" lon="72.9926493" lat="19.2076659" version="1" uid="1" timestamp="2026-04-09T19:16:40Z" /><node changeset="1" id="11021416385" user="OSMnx" visible="true" lon="72.9840677" lat="19.2050181" version="1" uid="1" timestamp="2026-04-09T19:16:40Z" /><node changeset="1" id="11021416386" user="OSMnx" visible="true" lon="72.9842382" lat="19.2048839" version="1" uid="1" timestamp="2026-04-09T19:16:40Z" /><node changeset="1" id="11021416387" user="OSMnx" visible="true" lon="72.9842857" lat="19.2048529" version="1" uid="1" timestamp="2026-04-09T19:16:40Z" /><node changeset="1" id="11021416388" user="OSMnx" visible="true" lon="72.9843834" lat="19.2048266" version="1" uid="1" timestamp="2026-04-09T19:16:40Z" /><node changeset="1" id="11021416389" user="OSMnx" visible="true" lon="72.9844923" lat="19.2048148" version="1" uid="1" timestamp="2026-04-09T19:16:40Z" /><node changeset="1" id="11021416390" user="OSMnx" visible="true" lon="72.984556" lat="19.2048088" version="1" uid="1" timestamp="2026-04-09T19:16:40Z" /><node changeset="1" id="11021416391" user="OSMnx" visible="true" lon="72.9845846" lat="19.2047953" version="1" uid="1" timestamp="2026-04-09T19:16:40Z" /><node changeset="1" id="11021416392" user="OSMnx" visible="true" lon="72.984572" lat="19.2046352" version="1" uid="1" timestamp="2026-04-09T19:16:40Z" /><node changeset="1" id="11021416393" user="OSMnx" visible="true" lon="72.9845357" lat="19.2046281" version="1" uid="1" timestamp="2026-04-09T19:16:40Z" /><node changeset="1" id="11021416394" user="OSMnx" visible="true" lon="72.9844176" lat="19.2046389" version="1" uid="1" timestamp="2026-04-09T19:16:40Z" /><node changeset="1" id="11021416395" user="OSMnx" visible="true" lon="72.9843732" lat="19.2046405" version="1" uid="1" timestamp="2026-04-09T19:16:40Z" /><node changeset="1" id="11021416396" user="OSMnx" visible="true" lon="72.984135" lat="19.2046011" version="1" uid="1" timestamp="2026-04-09T19:16:40Z" /><node changeset="1" id="11021416397" user="OSMnx" visible="true" lon="72.9841537" lat="19.2046153" version="1" uid="1" timestamp="2026-04-09T19:16:40Z" /><node changeset="1" id="11021416398" user="OSMnx" visible="true" lon="72.9842612" lat="19.2046123" version="1" uid="1" timestamp="2026-04-09T19:16:40Z" /><node changeset="1" id="11021416399" user="OSMnx" visible="true" lon="72.9843371" lat="19.204613" version="1" uid="1" timestamp="2026-04-09T19:16:40Z" /><node changeset="1" id="11021451530" user="OSMnx" visible="true" lon="72.982707" lat="19.2081279" version="1" uid="1" timestamp="2026-04-09T19:16:40Z" /><node changeset="1" id="11022688854" user="OSMnx" visible="true" lon="72.9851297" lat="19.2028426" version="1" uid="1" timestamp="2026-04-09T19:16:40Z" /><node changeset="1" id="11022688855" user="OSMnx" visible="true" lon="72.9850804" lat="19.2032467" version="1" uid="1" timestamp="2026-04-09T19:16:40Z" /><node changeset="1" id="11022703416" user="OSMnx" visible="true" lon="72.9852509" lat="19.2039774" version="1" uid="1" timestamp="2026-04-09T19:16:40Z" /><node changeset="1" id="11022703417" user="OSMnx" visible="true" lon="72.9856556" lat="19.2040248" version="1" uid="1" timestamp="2026-04-09T19:16:40Z" /><node changeset="1" id="11022703418" user="OSMnx" visible="true" lon="72.9857021" lat="19.2040217" version="1" uid="1" timestamp="2026-04-09T19:16:40Z" /><node changeset="1" id="11022703419" user="OSMnx" visible="true" lon="72.985782" lat="19.2036421" version="1" uid="1" timestamp="2026-04-09T19:16:40Z" /><node changeset="1" id="11022703420" user="OSMnx" visible="true" lon="72.9857246" lat="19.2036338" version="1" uid="1" timestamp="2026-04-09T19:16:40Z" /><node changeset="1" id="11022703421" user="OSMnx" visible="true" lon="72.9852977" lat="19.203571" version="1" uid="1" timestamp="2026-04-09T19:16:40Z" /><node changeset="1" id="11027591127" user="OSMnx" visible="true" lon="72.9706105" lat="19.2283118" version="1" uid="1" timestamp="2026-04-09T19:16:40Z" /><node changeset="1" id="11027591132" user="OSMnx" visible="true" lon="72.9713158" lat="19.2295152" version="1" uid="1" timestamp="2026-04-09T19:16:40Z" /><node changeset="1" id="11027591139" user="OSMnx" visible="true" lon="72.9701869" lat="19.2305811" version="1" uid="1" timestamp="2026-04-09T19:16:40Z" /><node changeset="1" id="11027591140" user="OSMnx" visible="true" lon="72.9701887" lat="19.2306395" version="1" uid="1" timestamp="2026-04-09T19:16:40Z" /><node changeset="1" id="11027599365" user="OSMnx" visible="true" lon="72.9707566" lat="19.2283148" version="1" uid="1" timestamp="2026-04-09T19:16:40Z" /><node changeset="1" id="11029221669" user="OSMnx" visible="true" lon="72.9847232" lat="19.2192373" version="1" uid="1" timestamp="2026-04-09T19:16:40Z" /><node changeset="1" id="11029450831" user="OSMnx" visible="true" lon="72.9828792" lat="19.2193721" version="1" uid="1" timestamp="2026-04-09T19:16:40Z" /><node changeset="1" id="11029450832" user="OSMnx" visible="true" lon="72.9829329" lat="19.2192809" version="1" uid="1" timestamp="2026-04-09T19:16:40Z" /><node changeset="1" id="11029946660" user="OSMnx" visible="true" lon="72.9758669" lat="19.2108964" version="1" uid="1" timestamp="2026-04-09T19:16:40Z" /><node changeset="1" id="11029992546" user="OSMnx" visible="true" lon="72.9771967" lat="19.209824" version="1" uid="1" timestamp="2026-04-09T19:16:40Z" /><node changeset="1" id="11029992547" user="OSMnx" visible="true" lon="72.977853" lat="19.2097858" version="1" uid="1" timestamp="2026-04-09T19:16:40Z" /><node changeset="1" id="11030011291" user="OSMnx" visible="true" lon="72.9816223" lat="19.2141382" version="1" uid="1" timestamp="2026-04-09T19:16:40Z" /><node changeset="1" id="11030019919" user="OSMnx" visible="true" lon="72.9808103" lat="19.2139284" version="1" uid="1" timestamp="2026-04-09T19:16:40Z" /><node changeset="1" id="11030019920" user="OSMnx" visible="true" lon="72.980736" lat="19.2138808" version="1" uid="1" timestamp="2026-04-09T19:16:40Z" /><node changeset="1" id="11030019921" user="OSMnx" visible="true" lon="72.9805932" lat="19.2139009" version="1" uid="1" timestamp="2026-04-09T19:16:40Z" /><node changeset="1" id="11030019922" user="OSMnx" visible="true" lon="72.9805553" lat="19.2138092" version="1" uid="1" timestamp="2026-04-09T19:16:40Z" /><node changeset="1" id="11030019923" user="OSMnx" visible="true" lon="72.9803113" lat="19.2138639" version="1" uid="1" timestamp="2026-04-09T19:16:40Z" /><node changeset="1" id="11038529996" user="OSMnx" visible="true" lon="72.9695699" lat="19.2017727" version="1" uid="1" timestamp="2026-04-09T19:16:40Z" /><node changeset="1" id="11038542958" user="OSMnx" visible="true" lon="72.962602" lat="19.2035565" version="1" uid="1" timestamp="2026-04-09T19:16:40Z" /><node changeset="1" id="11038544941" user="OSMnx" visible="true" lon="72.9616482" lat="19.201889" version="1" uid="1" timestamp="2026-04-09T19:16:40Z" /><node changeset="1" id="11038544942" user="OSMnx" visible="true" lon="72.9616922" lat="19.2015092" version="1" uid="1" timestamp="2026-04-09T19:16:40Z" /><node changeset="1" id="11038544943" user="OSMnx" visible="true" lon="72.9615198" lat="19.2005135" version="1" uid="1" timestamp="2026-04-09T19:16:40Z" /><node changeset="1" id="11038561582" user="OSMnx" visible="true" lon="72.9643005" lat="19.2004364" version="1" uid="1" timestamp="2026-04-09T19:16:40Z" /><node changeset="1" id="11038561583" user="OSMnx" visible="true" lon="72.9639266" lat="19.2007779" version="1" uid="1" timestamp="2026-04-09T19:16:40Z" /><node changeset="1" id="11038561584" user="OSMnx" visible="true" lon="72.9637561" lat="19.2006949" version="1" uid="1" timestamp="2026-04-09T19:16:40Z" /><node changeset="1" id="11038561585" user="OSMnx" visible="true" lon="72.9635743" lat="19.2005198" version="1" uid="1" timestamp="2026-04-09T19:16:40Z" /><node changeset="1" id="11038567807" user="OSMnx" visible="true" lon="72.9694597" lat="19.2025282" version="1" uid="1" timestamp="2026-04-09T19:16:40Z" /><node changeset="1" id="11038567808" user="OSMnx" visible="true" lon="72.9701557" lat="19.2032855" version="1" uid="1" timestamp="2026-04-09T19:16:40Z" /><node changeset="1" id="11041586967" user="OSMnx" visible="true" lon="72.9829125" lat="19.2130743" version="1" uid="1" timestamp="2026-04-09T19:16:40Z" /><node changeset="1" id="11041586968" user="OSMnx" visible="true" lon="72.9829649" lat="19.2129825" version="1" uid="1" timestamp="2026-04-09T19:16:40Z" /><node changeset="1" id="11041586969" user="OSMnx" visible="true" lon="72.9830294" lat="19.2125956" version="1" uid="1" timestamp="2026-04-09T19:16:40Z" /><node changeset="1" id="11041586970" user="OSMnx" visible="true" lon="72.9830034" lat="19.2124029" version="1" uid="1" timestamp="2026-04-09T19:16:40Z" /><node changeset="1" id="11041586971" user="OSMnx" visible="true" lon="72.983254" lat="19.2122193" version="1" uid="1" timestamp="2026-04-09T19:16:40Z" /><node changeset="1" id="11041586972" user="OSMnx" visible="true" lon="72.9833868" lat="19.2121887" version="1" uid="1" timestamp="2026-04-09T19:16:40Z" /><node changeset="1" id="11041586973" user="OSMnx" visible="true" lon="72.983498" lat="19.2122144" version="1" uid="1" timestamp="2026-04-09T19:16:40Z" /><node changeset="1" id="11041641911" user="OSMnx" visible="true" lon="72.9843457" lat="19.2141051" version="1" uid="1" timestamp="2026-04-09T19:16:40Z" /><node changeset="1" id="11041643923" user="OSMnx" visible="true" lon="72.9855599" lat="19.214921" version="1" uid="1" timestamp="2026-04-09T19:16:40Z" /><node changeset="1" id="11041670909" user="OSMnx" visible="true" lon="72.9833056" lat="19.2117987" version="1" uid="1" timestamp="2026-04-09T19:16:40Z" /><node changeset="1" id="11041670910" user="OSMnx" visible="true" lon="72.9833369" lat="19.2118518" version="1" uid="1" timestamp="2026-04-09T19:16:40Z" /><node changeset="1" id="11041670911" user="OSMnx" visible="true" lon="72.9833607" lat="19.2119891" version="1" uid="1" timestamp="2026-04-09T19:16:40Z" /><node changeset="1" id="11041670912" user="OSMnx" visible="true" lon="72.9834077" lat="19.2121143" version="1" uid="1" timestamp="2026-04-09T19:16:40Z" /><node changeset="1" id="11041670913" user="OSMnx" visible="true" lon="72.9835299" lat="19.212151" version="1" uid="1" timestamp="2026-04-09T19:16:40Z" /><node changeset="1" id="11041670914" user="OSMnx" visible="true" lon="72.9836367" lat="19.2121064" version="1" uid="1" timestamp="2026-04-09T19:16:40Z" /><node changeset="1" id="11041670915" user="OSMnx" visible="true" lon="72.9836088" lat="19.2119548" version="1" uid="1" timestamp="2026-04-09T19:16:40Z" /><node changeset="1" id="11041670916" user="OSMnx" visible="true" lon="72.9831782" lat="19.2115712" version="1" uid="1" timestamp="2026-04-09T19:16:40Z" /><node changeset="1" id="11042049725" user="OSMnx" visible="true" lon="72.9791032" lat="19.2239428" version="1" uid="1" timestamp="2026-04-09T19:16:40Z" /><node changeset="1" id="11043318887" user="OSMnx" visible="true" lon="72.9747998" lat="19.2330835" version="1" uid="1" timestamp="2026-04-09T19:16:40Z" /><node changeset="1" id="11043323196" user="OSMnx" visible="true" lon="72.9763047" lat="19.2315741" version="1" uid="1" timestamp="2026-04-09T19:16:40Z" /><node changeset="1" id="11043375375" user="OSMnx" visible="true" lon="72.9803024" lat="19.2289533" version="1" uid="1" timestamp="2026-04-09T19:16:40Z" /><node changeset="1" id="11043375377" user="OSMnx" visible="true" lon="72.9800689" lat="19.23025" version="1" uid="1" timestamp="2026-04-09T19:16:40Z" /><node changeset="1" id="11043384446" user="OSMnx" visible="true" lon="72.974022" lat="19.2076768" version="1" uid="1" timestamp="2026-04-09T19:16:40Z" /><node changeset="1" id="11043389075" user="OSMnx" visible="true" lon="72.9816789" lat="19.2267569" version="1" uid="1" timestamp="2026-04-09T19:16:40Z" /><node changeset="1" id="11043389076" user="OSMnx" visible="true" lon="72.9816574" lat="19.2269039" version="1" uid="1" timestamp="2026-04-09T19:16:40Z" /><node changeset="1" id="11043389077" user="OSMnx" visible="true" lon="72.9817482" lat="19.2266522" version="1" uid="1" timestamp="2026-04-09T19:16:40Z" /><node changeset="1" id="11043404541" user="OSMnx" visible="true" lon="72.9727758" lat="19.207909" version="1" uid="1" timestamp="2026-04-09T19:16:40Z" /><node changeset="1" id="11043405524" user="OSMnx" visible="true" lon="72.9771069" lat="19.2082606" version="1" uid="1" timestamp="2026-04-09T19:16:40Z" /><node changeset="1" id="11043405549" user="OSMnx" visible="true" lon="72.9774405" lat="19.2072749" version="1" uid="1" timestamp="2026-04-09T19:16:40Z" /><node changeset="1" id="11043407993" user="OSMnx" visible="true" lon="72.9796987" lat="19.2279894" version="1" uid="1" timestamp="2026-04-09T19:16:40Z" /><node changeset="1" id="11043424231" user="OSMnx" visible="true" lon="72.9819732" lat="19.2060255" version="1" uid="1" timestamp="2026-04-09T19:16:40Z" /><node changeset="1" id="11043424232" user="OSMnx" visible="true" lon="72.981999" lat="19.2063328" version="1" uid="1" timestamp="2026-04-09T19:16:40Z" /><node changeset="1" id="11043424233" user="OSMnx" visible="true" lon="72.9821754" lat="19.2063289" version="1" uid="1" timestamp="2026-04-09T19:16:40Z" /><node changeset="1" id="11043424234" user="OSMnx" visible="true" lon="72.9819052" lat="19.2063659" version="1" uid="1" timestamp="2026-04-09T19:16:40Z" /><node changeset="1" id="11043424235" user="OSMnx" visible="true" lon="72.9819198" lat="19.2066742" version="1" uid="1" timestamp="2026-04-09T19:16:40Z" /><node changeset="1" id="11043428742" user="OSMnx" visible="true" lon="72.9808313" lat="19.2064343" version="1" uid="1" timestamp="2026-04-09T19:16:40Z" /><node changeset="1" id="11043428743" user="OSMnx" visible="true" lon="72.9812446" lat="19.2064129" version="1" uid="1" timestamp="2026-04-09T19:16:40Z" /><node changeset="1" id="11043430791" user="OSMnx" visible="true" lon="72.9743839" lat="19.2059058" version="1" uid="1" timestamp="2026-04-09T19:16:40Z" /><node changeset="1" id="11043432907" user="OSMnx" visible="true" lon="72.9786745" lat="19.2092377" version="1" uid="1" timestamp="2026-04-09T19:16:40Z" /><node changeset="1" id="11043432912" user="OSMnx" visible="true" lon="72.9786674" lat="19.2093263" version="1" uid="1" timestamp="2026-04-09T19:16:40Z" /><node changeset="1" id="11043433120" user="OSMnx" visible="true" lon="72.9732271" lat="19.2047113" version="1" uid="1" timestamp="2026-04-09T19:16:40Z" /><node changeset="1" id="11043433121" user="OSMnx" visible="true" lon="72.9729247" lat="19.2047585" version="1" uid="1" timestamp="2026-04-09T19:16:40Z" /><node changeset="1" id="11043433122" user="OSMnx" visible="true" lon="72.9728995" lat="19.2048106" version="1" uid="1" timestamp="2026-04-09T19:16:40Z" /><node changeset="1" id="11043433123" user="OSMnx" visible="true" lon="72.9729212" lat="19.2050062" version="1" uid="1" timestamp="2026-04-09T19:16:40Z" /><node changeset="1" id="11043433124" user="OSMnx" visible="true" lon="72.9732707" lat="19.2049932" version="1" uid="1" timestamp="2026-04-09T19:16:40Z" /><node changeset="1" id="11043433125" user="OSMnx" visible="true" lon="72.9729322" lat="19.2052274" version="1" uid="1" timestamp="2026-04-09T19:16:40Z" /><node changeset="1" id="11043433126" user="OSMnx" visible="true" lon="72.9729586" lat="19.2052456" version="1" uid="1" timestamp="2026-04-09T19:16:40Z" /><node changeset="1" id="11043433628" user="OSMnx" visible="true" lon="72.9789799" lat="19.2086847" version="1" uid="1" timestamp="2026-04-09T19:16:40Z" /><node changeset="1" id="11043433629" user="OSMnx" visible="true" lon="72.9785427" lat="19.2085647" version="1" uid="1" timestamp="2026-04-09T19:16:40Z" /><node changeset="1" id="11043433630" user="OSMnx" visible="true" lon="72.9786275" lat="19.2089299" version="1" uid="1" timestamp="2026-04-09T19:16:40Z" /><node changeset="1" id="11043433631" user="OSMnx" visible="true" lon="72.9790218" lat="19.2088744" version="1" uid="1" timestamp="2026-04-09T19:16:40Z" /><node changeset="1" id="11043438395" user="OSMnx" visible="true" lon="72.9733868" lat="19.2056542" version="1" uid="1" timestamp="2026-04-09T19:16:40Z" /><node changeset="1" id="11043438396" user="OSMnx" visible="true" lon="72.9728508" lat="19.205688" version="1" uid="1" timestamp="2026-04-09T19:16:40Z" /><node changeset="1" id="11043438397" user="OSMnx" visible="true" lon="72.9727875" lat="19.2057094" version="1" uid="1" timestamp="2026-04-09T19:16:40Z" /><node changeset="1" id="11043438398" user="OSMnx" visible="true" lon="72.9728064" lat="19.2059397" version="1" uid="1" timestamp="2026-04-09T19:16:40Z" /><node changeset="1" id="11043451892" user="OSMnx" visible="true" lon="72.976261" lat="19.2062731" version="1" uid="1" timestamp="2026-04-09T19:16:40Z" /><node changeset="1" id="11043752427" user="OSMnx" visible="true" lon="72.974331" lat="19.2229894" version="1" uid="1" timestamp="2026-04-09T19:16:40Z" /><node changeset="1" id="11043807261" user="OSMnx" visible="true" lon="72.9779023" lat="19.2221816" version="1" uid="1" timestamp="2026-04-09T19:16:40Z" /><node changeset="1" id="11043807265" user="OSMnx" visible="true" lon="72.9779293" lat="19.221939" version="1" uid="1" timestamp="2026-04-09T19:16:40Z" /><node changeset="1" id="11043817001" user="OSMnx" visible="true" lon="72.9610239" lat="19.21713" version="1" uid="1" timestamp="2026-04-09T19:16:40Z" /><node changeset="1" id="11043822614" user="OSMnx" visible="true" lon="72.9695546" lat="19.2095445" version="1" uid="1" timestamp="2026-04-09T19:16:40Z" /><node changeset="1" id="11043822615" user="OSMnx" visible="true" lon="72.9692778" lat="19.2095653" version="1" uid="1" timestamp="2026-04-09T19:16:40Z" /><node changeset="1" id="11043822616" user="OSMnx" visible="true" lon="72.9692472" lat="19.2095576" version="1" uid="1" timestamp="2026-04-09T19:16:40Z" /><node changeset="1" id="11043822617" user="OSMnx" visible="true" lon="72.96921" lat="19.2093992" version="1" uid="1" timestamp="2026-04-09T19:16:40Z" /><node changeset="1" id="11043822618" user="OSMnx" visible="true" lon="72.9691133" lat="19.2088526" version="1" uid="1" timestamp="2026-04-09T19:16:40Z" /><node changeset="1" id="11043822619" user="OSMnx" visible="true" lon="72.9691023" lat="19.2091756" version="1" uid="1" timestamp="2026-04-09T19:16:40Z" /><node changeset="1" id="11043868453" user="OSMnx" visible="true" lon="72.96352" lat="19.2086179" version="1" uid="1" timestamp="2026-04-09T19:16:40Z" /><node changeset="1" id="11043878378" user="OSMnx" visible="true" lon="72.9778092" lat="19.2230277" version="1" uid="1" timestamp="2026-04-09T19:16:40Z" /><node changeset="1" id="11045683087" user="OSMnx" visible="true" lon="72.978472" lat="19.2234185" version="1" uid="1" timestamp="2026-04-09T19:16:40Z" /><node changeset="1" id="11045694948" user="OSMnx" visible="true" lon="72.9791621" lat="19.2223282" version="1" uid="1" timestamp="2026-04-09T19:16:40Z" /><node changeset="1" id="11045694952" user="OSMnx" visible="true" lon="72.9791494" lat="19.2228141" version="1" uid="1" timestamp="2026-04-09T19:16:40Z" /><node changeset="1" id="11045698354" user="OSMnx" visible="true" lon="72.9822706" lat="19.2221387" version="1" uid="1" timestamp="2026-04-09T19:16:40Z" /><node changeset="1" id="11045699573" user="OSMnx" visible="true" lon="72.9778939" lat="19.2222573" version="1" uid="1" timestamp="2026-04-09T19:16:40Z" /><node changeset="1" id="11045699578" user="OSMnx" visible="true" lon="72.9778399" lat="19.2227439" version="1" uid="1" timestamp="2026-04-09T19:16:40Z" /><node changeset="1" id="11047647254" user="OSMnx" visible="true" lon="72.9874901" lat="19.2349613" version="1" uid="1" timestamp="2026-04-09T19:16:40Z" /><node changeset="1" id="11050435546" user="OSMnx" visible="true" lon="72.9837618" lat="19.2221817" version="1" uid="1" timestamp="2026-04-09T19:16:40Z" /><node changeset="1" id="11050435547" user="OSMnx" visible="true" lon="72.9840398" lat="19.2221042" version="1" uid="1" timestamp="2026-04-09T19:16:40Z" /><node changeset="1" id="11050530236" user="OSMnx" visible="true" lon="72.9638656" lat="19.2139968" version="1" uid="1" timestamp="2026-04-09T19:16:40Z" /><node changeset="1" id="11050530237" user="OSMnx" visible="true" lon="72.9640196" lat="19.2150316" version="1" uid="1" timestamp="2026-04-09T19:16:40Z" /><node changeset="1" id="11050675258" user="OSMnx" visible="true" lon="72.9606148" lat="19.211772" version="1" uid="1" timestamp="2026-04-09T19:16:40Z" /><node changeset="1" id="11050675259" user="OSMnx" visible="true" lon="72.9610066" lat="19.2120425" version="1" uid="1" timestamp="2026-04-09T19:16:40Z" /><node changeset="1" id="11050675260" user="OSMnx" visible="true" lon="72.9611521" lat="19.212116" version="1" uid="1" timestamp="2026-04-09T19:16:40Z" /><node changeset="1" id="11050675261" user="OSMnx" visible="true" lon="72.9612203" lat="19.2121178" version="1" uid="1" timestamp="2026-04-09T19:16:40Z" /><node changeset="1" id="11050675262" user="OSMnx" visible="true" lon="72.961279" lat="19.2121847" version="1" uid="1" timestamp="2026-04-09T19:16:40Z" /><node changeset="1" id="11050675263" user="OSMnx" visible="true" lon="72.9617642" lat="19.2127181" version="1" uid="1" timestamp="2026-04-09T19:16:40Z" /><node changeset="1" id="11050675264" user="OSMnx" visible="true" lon="72.9614519" lat="19.2118071" version="1" uid="1" timestamp="2026-04-09T19:16:40Z" /><node changeset="1" id="11050675265" user="OSMnx" visible="true" lon="72.9614986" lat="19.2118004" version="1" uid="1" timestamp="2026-04-09T19:16:40Z" /><node changeset="1" id="11050675266" user="OSMnx" visible="true" lon="72.9616467" lat="19.2119417" version="1" uid="1" timestamp="2026-04-09T19:16:40Z" /><node changeset="1" id="11050685495" user="OSMnx" visible="true" lon="72.9618288" lat="19.2141857" version="1" uid="1" timestamp="2026-04-09T19:16:40Z" /><node changeset="1" id="11052516881" user="OSMnx" visible="true" lon="72.9909464" lat="19.2179708" version="1" uid="1" timestamp="2026-04-09T19:16:40Z" /><node changeset="1" id="11055872026" user="OSMnx" visible="true" lon="72.9848644" lat="19.2214954" version="1" uid="1" timestamp="2026-04-09T19:16:40Z" /><node changeset="1" id="11055872027" user="OSMnx" visible="true" lon="72.9845031" lat="19.22135" version="1" uid="1" timestamp="2026-04-09T19:16:40Z" /><node changeset="1" id="11055872028" user="OSMnx" visible="true" lon="72.984447" lat="19.2211824" version="1" uid="1" timestamp="2026-04-09T19:16:40Z" /><node changeset="1" id="11055872029" user="OSMnx" visible="true" lon="72.9844377" lat="19.2207106" version="1" uid="1" timestamp="2026-04-09T19:16:40Z" /><node changeset="1" id="11055872030" user="OSMnx" visible="true" lon="72.9845031" lat="19.2204725" version="1" uid="1" timestamp="2026-04-09T19:16:40Z" /><node changeset="1" id="11055872031" user="OSMnx" visible="true" lon="72.9845332" lat="19.2204113" version="1" uid="1" timestamp="2026-04-09T19:16:40Z" /><node changeset="1" id="11056052375" user="OSMnx" visible="true" lon="72.9743605" lat="19.2272679" version="1" uid="1" timestamp="2026-04-09T19:16:40Z" /><node changeset="1" id="11056052376" user="OSMnx" visible="true" lon="72.9745285" lat="19.2273868" version="1" uid="1" timestamp="2026-04-09T19:16:40Z" /><node changeset="1" id="11056052377" user="OSMnx" visible="true" lon="72.974676" lat="19.2275352" version="1" uid="1" timestamp="2026-04-09T19:16:40Z" /><node changeset="1" id="11056122710" user="OSMnx" visible="true" lon="72.9804797" lat="19.2031577" version="1" uid="1" timestamp="2026-04-09T19:16:40Z" /><node changeset="1" id="11056122711" user="OSMnx" visible="true" lon="72.9805028" lat="19.2034093" version="1" uid="1" timestamp="2026-04-09T19:16:40Z" /><node changeset="1" id="11056122712" user="OSMnx" visible="true" lon="72.9804806" lat="19.2034364" version="1" uid="1" timestamp="2026-04-09T19:16:40Z" /><node changeset="1" id="11056122713" user="OSMnx" visible="true" lon="72.9804526" lat="19.2034534" version="1" uid="1" timestamp="2026-04-09T19:16:40Z" /><node changeset="1" id="11056122714" user="OSMnx" visible="true" lon="72.9804385" lat="19.2035576" version="1" uid="1" timestamp="2026-04-09T19:16:40Z" /><node changeset="1" id="11056122715" user="OSMnx" visible="true" lon="72.9804816" lat="19.2037961" version="1" uid="1" timestamp="2026-04-09T19:16:40Z" /><node changeset="1" id="11056122716" user="OSMnx" visible="true" lon="72.9804975" lat="19.2038551" version="1" uid="1" timestamp="2026-04-09T19:16:40Z" /><node changeset="1" id="11056122717" user="OSMnx" visible="true" lon="72.9805139" lat="19.2039353" version="1" uid="1" timestamp="2026-04-09T19:16:40Z" /><node changeset="1" id="11056122718" user="OSMnx" visible="true" lon="72.98054" lat="19.2040239" version="1" uid="1" timestamp="2026-04-09T19:16:40Z" /><node changeset="1" id="11056122719" user="OSMnx" visible="true" lon="72.9805592" lat="19.2041452" version="1" uid="1" timestamp="2026-04-09T19:16:40Z" /><node changeset="1" id="11056122720" user="OSMnx" visible="true" lon="72.9805672" lat="19.2042857" version="1" uid="1" timestamp="2026-04-09T19:16:40Z" /><node changeset="1" id="11056122721" user="OSMnx" visible="true" lon="72.9805565" lat="19.2043111" version="1" uid="1" timestamp="2026-04-09T19:16:40Z" /><node changeset="1" id="11056122722" user="OSMnx" visible="true" lon="72.9805283" lat="19.2043326" version="1" uid="1" timestamp="2026-04-09T19:16:40Z" /><node changeset="1" id="11056122723" user="OSMnx" visible="true" lon="72.9804894" lat="19.2043364" version="1" uid="1" timestamp="2026-04-09T19:16:40Z" /><node changeset="1" id="11056122724" user="OSMnx" visible="true" lon="72.9804076" lat="19.2043225" version="1" uid="1" timestamp="2026-04-09T19:16:40Z" /><node changeset="1" id="11056122725" user="OSMnx" visible="true" lon="72.9803137" lat="19.2043237" version="1" uid="1" timestamp="2026-04-09T19:16:40Z" /><node changeset="1" id="11056122726" user="OSMnx" visible="true" lon="72.9801059" lat="19.2043592" version="1" uid="1" timestamp="2026-04-09T19:16:40Z" /><node changeset="1" id="11056122727" user="OSMnx" visible="true" lon="72.9790518" lat="19.2045973" version="1" uid="1" timestamp="2026-04-09T19:16:40Z" /><node changeset="1" id="11056122728" user="OSMnx" visible="true" lon="72.9784805" lat="19.2047265" version="1" uid="1" timestamp="2026-04-09T19:16:40Z" /><node changeset="1" id="11056122729" user="OSMnx" visible="true" lon="72.9783878" lat="19.204752" version="1" uid="1" timestamp="2026-04-09T19:16:40Z" /><node changeset="1" id="11056122731" user="OSMnx" visible="true" lon="72.9805498" lat="19.2040632" version="1" uid="1" timestamp="2026-04-09T19:16:40Z" /><node changeset="1" id="11056122732" user="OSMnx" visible="true" lon="72.980362" lat="19.2043193" version="1" uid="1" timestamp="2026-04-09T19:16:40Z" /><node changeset="1" id="11056122733" user="OSMnx" visible="true" lon="72.9804314" lat="19.2035046" version="1" uid="1" timestamp="2026-04-09T19:16:40Z" /><node changeset="1" id="11056122734" user="OSMnx" visible="true" lon="72.9804376" lat="19.2034758" version="1" uid="1" timestamp="2026-04-09T19:16:40Z" /><node changeset="1" id="11056122735" user="OSMnx" visible="true" lon="72.9805883" lat="19.2034445" version="1" uid="1" timestamp="2026-04-09T19:16:40Z" /><node changeset="1" id="11056122736" user="OSMnx" visible="true" lon="72.9806166" lat="19.2034762" version="1" uid="1" timestamp="2026-04-09T19:16:40Z" /><node changeset="1" id="11056122737" user="OSMnx" visible="true" lon="72.9806414" lat="19.203508" version="1" uid="1" timestamp="2026-04-09T19:16:40Z" /><node changeset="1" id="11056122738" user="OSMnx" visible="true" lon="72.9806732" lat="19.2035364" version="1" uid="1" timestamp="2026-04-09T19:16:40Z" /><node changeset="1" id="11056122739" user="OSMnx" visible="true" lon="72.9805447" lat="19.2034236" version="1" uid="1" timestamp="2026-04-09T19:16:40Z" /><node changeset="1" id="11056122740" user="OSMnx" visible="true" lon="72.9805629" lat="19.2041001" version="1" uid="1" timestamp="2026-04-09T19:16:40Z" /><node changeset="1" id="11056122741" user="OSMnx" visible="true" lon="72.9805918" lat="19.2040795" version="1" uid="1" timestamp="2026-04-09T19:16:40Z" /><node changeset="1" id="11056122742" user="OSMnx" visible="true" lon="72.9807458" lat="19.2040394" version="1" uid="1" timestamp="2026-04-09T19:16:40Z" /><node changeset="1" id="11056122743" user="OSMnx" visible="true" lon="72.9808006" lat="19.2040494" version="1" uid="1" timestamp="2026-04-09T19:16:40Z" /><node changeset="1" id="11056122744" user="OSMnx" visible="true" lon="72.9808396" lat="19.2040527" version="1" uid="1" timestamp="2026-04-09T19:16:40Z" /><node changeset="1" id="11056122745" user="OSMnx" visible="true" lon="72.9808803" lat="19.2040494" version="1" uid="1" timestamp="2026-04-09T19:16:40Z" /><node changeset="1" id="11056122746" user="OSMnx" visible="true" lon="72.9809121" lat="19.2040394" version="1" uid="1" timestamp="2026-04-09T19:16:40Z" /><node changeset="1" id="11056122747" user="OSMnx" visible="true" lon="72.9809599" lat="19.2040026" version="1" uid="1" timestamp="2026-04-09T19:16:40Z" /><node changeset="1" id="11056122748" user="OSMnx" visible="true" lon="72.9806717" lat="19.2040469" version="1" uid="1" timestamp="2026-04-09T19:16:40Z" /><node changeset="1" id="11056122749" user="OSMnx" visible="true" lon="72.9809816" lat="19.2039703" version="1" uid="1" timestamp="2026-04-09T19:16:40Z" /><node changeset="1" id="11056122750" user="OSMnx" visible="true" lon="72.9805665" lat="19.2042468" version="1" uid="1" timestamp="2026-04-09T19:16:40Z" /><node changeset="1" id="11056122751" user="OSMnx" visible="true" lon="72.9807158" lat="19.2040415" version="1" uid="1" timestamp="2026-04-09T19:16:40Z" /><node changeset="1" id="11056228477" user="OSMnx" visible="true" lon="72.9717174" lat="19.2001105" version="1" uid="1" timestamp="2026-04-09T19:16:40Z" /><node changeset="1" id="11056228478" user="OSMnx" visible="true" lon="72.9724977" lat="19.1998015" version="1" uid="1" timestamp="2026-04-09T19:16:40Z" /><node changeset="1" id="11056309303" user="OSMnx" visible="true" lon="72.9731946" lat="19.2020795" version="1" uid="1" timestamp="2026-04-09T19:16:40Z" /><node changeset="1" id="11056333952" user="OSMnx" visible="true" lon="72.9730903" lat="19.2033258" version="1" uid="1" timestamp="2026-04-09T19:16:40Z" /><node changeset="1" id="11056334507" user="OSMnx" visible="true" lon="72.9733755" lat="19.2018953" version="1" uid="1" timestamp="2026-04-09T19:16:40Z" /><node changeset="1" id="11056334564" user="OSMnx" visible="true" lon="72.9741588" lat="19.2037866" version="1" uid="1" timestamp="2026-04-09T19:16:40Z" /><node changeset="1" id="11059228343" user="OSMnx" visible="true" lon="72.9618013" lat="19.2034327" version="1" uid="1" timestamp="2026-04-09T19:16:40Z" /><node changeset="1" id="11063155340" user="OSMnx" visible="true" lon="72.9830065" lat="19.2037381" version="1" uid="1" timestamp="2026-04-09T19:16:40Z" /><node changeset="1" id="11063155341" user="OSMnx" visible="true" lon="72.9833481" lat="19.2037212" version="1" uid="1" timestamp="2026-04-09T19:16:40Z" /><node changeset="1" id="11066239232" user="OSMnx" visible="true" lon="72.966518" lat="19.2351838" version="1" uid="1" timestamp="2026-04-09T19:16:40Z" /><node changeset="1" id="11066264177" user="OSMnx" visible="true" lon="72.9698425" lat="19.2330191" version="1" uid="1" timestamp="2026-04-09T19:16:40Z" /><node changeset="1" id="11068150705" user="OSMnx" visible="true" lon="72.9741366" lat="19.2188526" version="1" uid="1" timestamp="2026-04-09T19:16:40Z" /><node changeset="1" id="11068150706" user="OSMnx" visible="true" lon="72.9740648" lat="19.2189084" version="1" uid="1" timestamp="2026-04-09T19:16:40Z" /><node changeset="1" id="11068150707" user="OSMnx" visible="true" lon="72.9739909" lat="19.2190221" version="1" uid="1" timestamp="2026-04-09T19:16:40Z" /><node changeset="1" id="11068150708" user="OSMnx" visible="true" lon="72.9739149" lat="19.2193013" version="1" uid="1" timestamp="2026-04-09T19:16:40Z" /><node changeset="1" id="11068150709" user="OSMnx" visible="true" lon="72.9739381" lat="19.2195824" version="1" uid="1" timestamp="2026-04-09T19:16:40Z" /><node changeset="1" id="11068150710" user="OSMnx" visible="true" lon="72.9739487" lat="19.2197858" version="1" uid="1" timestamp="2026-04-09T19:16:40Z" /><node changeset="1" id="11068150711" user="OSMnx" visible="true" lon="72.9740057" lat="19.2200112" version="1" uid="1" timestamp="2026-04-09T19:16:40Z" /><node changeset="1" id="11068150712" user="OSMnx" visible="true" lon="72.9740353" lat="19.2201847" version="1" uid="1" timestamp="2026-04-09T19:16:40Z" /><node changeset="1" id="11068150713" user="OSMnx" visible="true" lon="72.974105" lat="19.2203302" version="1" uid="1" timestamp="2026-04-09T19:16:40Z" /><node changeset="1" id="11068150714" user="OSMnx" visible="true" lon="72.974124" lat="19.2205017" version="1" uid="1" timestamp="2026-04-09T19:16:40Z" /><node changeset="1" id="11068150715" user="OSMnx" visible="true" lon="72.9741071" lat="19.2206333" version="1" uid="1" timestamp="2026-04-09T19:16:40Z" /><node changeset="1" id="11068150716" user="OSMnx" visible="true" lon="72.9741641" lat="19.2207729" version="1" uid="1" timestamp="2026-04-09T19:16:40Z" /><node changeset="1" id="11068150717" user="OSMnx" visible="true" lon="72.9741936" lat="19.2209165" version="1" uid="1" timestamp="2026-04-09T19:16:40Z" /><node changeset="1" id="11068224888" user="OSMnx" visible="true" lon="72.9777493" lat="19.2202408" version="1" uid="1" timestamp="2026-04-09T19:16:40Z" /><node changeset="1" id="11068224889" user="OSMnx" visible="true" lon="72.9777059" lat="19.2202901" version="1" uid="1" timestamp="2026-04-09T19:16:40Z" /><node changeset="1" id="11068224890" user="OSMnx" visible="true" lon="72.9776694" lat="19.2203637" version="1" uid="1" timestamp="2026-04-09T19:16:40Z" /><node changeset="1" id="11068224891" user="OSMnx" visible="true" lon="72.9776508" lat="19.2204231" version="1" uid="1" timestamp="2026-04-09T19:16:40Z" /><node changeset="1" id="11068260186" user="OSMnx" visible="true" lon="72.9779707" lat="19.2184855" version="1" uid="1" timestamp="2026-04-09T19:16:40Z" /><node changeset="1" id="11068260187" user="OSMnx" visible="true" lon="72.9777612" lat="19.2184627" version="1" uid="1" timestamp="2026-04-09T19:16:40Z" /><node changeset="1" id="11068260188" user="OSMnx" visible="true" lon="72.9771238" lat="19.2183804" version="1" uid="1" timestamp="2026-04-09T19:16:40Z" /><node changeset="1" id="11068281529" user="OSMnx" visible="true" lon="72.9778615" lat="19.2193464" version="1" uid="1" timestamp="2026-04-09T19:16:40Z" /><node changeset="1" id="11068281531" user="OSMnx" visible="true" lon="72.9778811" lat="19.2191925" version="1" uid="1" timestamp="2026-04-09T19:16:40Z" /><node changeset="1" id="11068281533" user="OSMnx" visible="true" lon="72.9778987" lat="19.2190531" version="1" uid="1" timestamp="2026-04-09T19:16:40Z" /><node changeset="1" id="11068281535" user="OSMnx" visible="true" lon="72.9781519" lat="19.2190595" version="1" uid="1" timestamp="2026-04-09T19:16:40Z" /><node changeset="1" id="11068287375" user="OSMnx" visible="true" lon="72.9749197" lat="19.2156008" version="1" uid="1" timestamp="2026-04-09T19:16:40Z" /><node changeset="1" id="11068287377" user="OSMnx" visible="true" lon="72.9749793" lat="19.215732" version="1" uid="1" timestamp="2026-04-09T19:16:40Z" /><node changeset="1" id="11068287384" user="OSMnx" visible="true" lon="72.9746473" lat="19.2160164" version="1" uid="1" timestamp="2026-04-09T19:16:40Z" /><node changeset="1" id="11068306284" user="OSMnx" visible="true" lon="72.9783225" lat="19.2166594" version="1" uid="1" timestamp="2026-04-09T19:16:40Z" /><node changeset="1" id="11068720744" user="OSMnx" visible="true" lon="72.993554" lat="19.2181542" version="1" uid="1" timestamp="2026-04-09T19:16:40Z" /><node changeset="1" id="11068720745" user="OSMnx" visible="true" lon="72.9935528" lat="19.2181399" version="1" uid="1" timestamp="2026-04-09T19:16:40Z" /><node changeset="1" id="11068720746" user="OSMnx" visible="true" lon="72.99369" lat="19.2181688" version="1" uid="1" timestamp="2026-04-09T19:16:40Z" /><node changeset="1" id="11068720747" user="OSMnx" visible="true" lon="72.9939581" lat="19.2183885" version="1" uid="1" timestamp="2026-04-09T19:16:40Z" /><node changeset="1" id="11070553244" user="OSMnx" visible="true" lon="72.9809046" lat="19.2329136" version="1" uid="1" timestamp="2026-04-09T19:16:40Z" /><node changeset="1" id="11070573898" user="OSMnx" visible="true" lon="72.9756897" lat="19.2330624" version="1" uid="1" timestamp="2026-04-09T19:16:40Z" /><node changeset="1" id="11070573904" user="OSMnx" visible="true" lon="72.9760214" lat="19.2339414" version="1" uid="1" timestamp="2026-04-09T19:16:40Z" /><node changeset="1" id="11070599636" user="OSMnx" visible="true" lon="72.98176" lat="19.2248985" version="1" uid="1" timestamp="2026-04-09T19:16:40Z" /><node changeset="1" id="11070599637" user="OSMnx" visible="true" lon="72.9819035" lat="19.2249551" version="1" uid="1" timestamp="2026-04-09T19:16:40Z" /><node changeset="1" id="11070599638" user="OSMnx" visible="true" lon="72.9823256" lat="19.2252213" version="1" uid="1" timestamp="2026-04-09T19:16:40Z" /><node changeset="1" id="11070599639" user="OSMnx" visible="true" lon="72.9819479" lat="19.2249831" version="1" uid="1" timestamp="2026-04-09T19:16:40Z" /><node changeset="1" id="11070599640" user="OSMnx" visible="true" lon="72.9819513" lat="19.225102" version="1" uid="1" timestamp="2026-04-09T19:16:40Z" /><node changeset="1" id="11070599641" user="OSMnx" visible="true" lon="72.9819651" lat="19.2252475" version="1" uid="1" timestamp="2026-04-09T19:16:40Z" /><node changeset="1" id="11070812698" user="OSMnx" visible="true" lon="72.9809423" lat="19.2075646" version="1" uid="1" timestamp="2026-04-09T19:16:40Z" /><node changeset="1" id="11133944866" user="OSMnx" visible="true" lon="72.9720895" lat="19.2030525" version="1" uid="1" timestamp="2026-04-09T19:16:40Z" /><node changeset="1" id="11133944867" user="OSMnx" visible="true" lon="72.9721184" lat="19.2030806" version="1" uid="1" timestamp="2026-04-09T19:16:40Z" /><node changeset="1" id="11135854326" user="OSMnx" visible="true" lon="72.9808332" lat="19.2140762" version="1" uid="1" timestamp="2026-04-09T19:16:40Z" /><node changeset="1" id="11135854327" user="OSMnx" visible="true" lon="72.9808555" lat="19.2142238" version="1" uid="1" timestamp="2026-04-09T19:16:40Z" /><node changeset="1" id="11135854331" user="OSMnx" visible="true" lon="72.9809434" lat="19.2145363" version="1" uid="1" timestamp="2026-04-09T19:16:40Z" /><node changeset="1" id="11135858839" user="OSMnx" visible="true" lon="72.9816604" lat="19.2094086" version="1" uid="1" timestamp="2026-04-09T19:16:40Z" /><node changeset="1" id="11135858840" user="OSMnx" visible="true" lon="72.9816016" lat="19.2093963" version="1" uid="1" timestamp="2026-04-09T19:16:40Z" /><node changeset="1" id="11135967630" user="OSMnx" visible="true" lon="72.982524" lat="19.2209977" version="1" uid="1" timestamp="2026-04-09T19:16:40Z" /><node changeset="1" id="11155459704" user="OSMnx" visible="true" lon="72.9641482" lat="19.2005534" version="1" uid="1" timestamp="2026-04-09T19:16:40Z" /><node changeset="1" id="11182563420" user="OSMnx" visible="true" lon="72.9632341" lat="19.2054149" version="1" uid="1" timestamp="2026-04-09T19:16:40Z" /><node changeset="1" id="11192875370" user="OSMnx" visible="true" lon="72.9825382" lat="19.2216341" version="1" uid="1" timestamp="2026-04-09T19:16:40Z" /><node changeset="1" id="11204877154" user="OSMnx" visible="true" lon="72.9771654" lat="19.2093433" version="1" uid="1" timestamp="2026-04-09T19:16:40Z" /><node changeset="1" id="11217100451" user="OSMnx" visible="true" lon="72.9817835" lat="19.2278673" version="1" uid="1" timestamp="2026-04-09T19:16:40Z" /><node changeset="1" id="11250337745" user="OSMnx" visible="true" lon="72.9841482" lat="19.2060052" version="1" uid="1" timestamp="2026-04-09T19:16:40Z" /><node changeset="1" id="11250377491" user="OSMnx" visible="true" lon="72.9846292" lat="19.2063253" version="1" uid="1" timestamp="2026-04-09T19:16:40Z" /><node changeset="1" id="11250377492" user="OSMnx" visible="true" lon="72.9847655" lat="19.2066215" version="1" uid="1" timestamp="2026-04-09T19:16:40Z" /><node changeset="1" id="11250377493" user="OSMnx" visible="true" lon="72.9849239" lat="19.2064489" version="1" uid="1" timestamp="2026-04-09T19:16:40Z" /><node changeset="1" id="11252629983" user="OSMnx" visible="true" lon="72.9795692" lat="19.2025589" version="1" uid="1" timestamp="2026-04-09T19:16:40Z" /><node changeset="1" id="11259025534" user="OSMnx" visible="true" lon="72.9673096" lat="19.2244923" version="1" uid="1" timestamp="2026-04-09T19:16:40Z" /><node changeset="1" id="11259025535" user="OSMnx" visible="true" lon="72.9673097" lat="19.2244811" version="1" uid="1" timestamp="2026-04-09T19:16:40Z" /><node changeset="1" id="11282668564" user="OSMnx" visible="true" lon="72.9604022" lat="19.2221596" version="1" uid="1" timestamp="2026-04-09T19:16:40Z" /><node changeset="1" id="11282713308" user="OSMnx" visible="true" lon="72.967991" lat="19.2233288" version="1" uid="1" timestamp="2026-04-09T19:16:40Z" /><node changeset="1" id="11282713309" user="OSMnx" visible="true" lon="72.968101" lat="19.2235662" version="1" uid="1" timestamp="2026-04-09T19:16:40Z" /><node changeset="1" id="11299473965" user="OSMnx" visible="true" lon="72.9879991" lat="19.2109352" version="1" uid="1" timestamp="2026-04-09T19:16:40Z" /><node changeset="1" id="11299487026" user="OSMnx" visible="true" lon="72.9659347" lat="19.2065336" version="1" uid="1" timestamp="2026-04-09T19:16:40Z" /><node changeset="1" id="11299520180" user="OSMnx" visible="true" lon="72.978808" lat="19.2146001" version="1" uid="1" timestamp="2026-04-09T19:16:40Z" /><node changeset="1" id="11406264218" user="OSMnx" visible="true" lon="72.9763053" lat="19.2115608" version="1" uid="1" timestamp="2026-04-09T19:16:40Z" /><node changeset="1" id="11406264219" user="OSMnx" visible="true" lon="72.9763023" lat="19.2114736" version="1" uid="1" timestamp="2026-04-09T19:16:40Z" /><node changeset="1" id="11611029214" user="OSMnx" visible="true" lon="72.9891138" lat="19.2299237" version="1" uid="1" timestamp="2026-04-09T19:16:40Z" /><node changeset="1" id="11627693381" user="OSMnx" visible="true" lon="72.9754109" lat="19.2008099" version="1" uid="1" timestamp="2026-04-09T19:16:40Z" /><node changeset="1" id="11912134721" user="OSMnx" visible="true" lon="72.9908594" lat="19.2158576" version="1" uid="1" timestamp="2026-04-09T19:16:40Z" /><node changeset="1" id="11919209522" user="OSMnx" visible="true" lon="72.9868292" lat="19.1996679" version="1" uid="1" timestamp="2026-04-09T19:16:40Z" /><node changeset="1" id="11919209523" user="OSMnx" visible="true" lon="72.9860192" lat="19.1998664" version="1" uid="1" timestamp="2026-04-09T19:16:40Z" /><node changeset="1" id="11919209524" user="OSMnx" visible="true" lon="72.986254" lat="19.1997933" version="1" uid="1" timestamp="2026-04-09T19:16:40Z" /><node changeset="1" id="11919209525" user="OSMnx" visible="true" lon="72.9858698" lat="19.1999359" version="1" uid="1" timestamp="2026-04-09T19:16:40Z" /><node changeset="1" id="11924863416" user="OSMnx" visible="true" lon="72.9704791" lat="19.2202769" version="1" uid="1" timestamp="2026-04-09T19:16:40Z" /><node changeset="1" id="11925172557" user="OSMnx" visible="true" lon="72.9615201" lat="19.2004235" version="1" uid="1" timestamp="2026-04-09T19:16:40Z" /><node changeset="1" id="11925172558" user="OSMnx" visible="true" lon="72.9609867" lat="19.2007673" version="1" uid="1" timestamp="2026-04-09T19:16:40Z" /><node changeset="1" id="11925288309" user="OSMnx" visible="true" lon="72.9652201" lat="19.2070529" version="1" uid="1" timestamp="2026-04-09T19:16:40Z" /><node changeset="1" id="11925288310" user="OSMnx" visible="true" lon="72.9653053" lat="19.2071315" version="1" uid="1" timestamp="2026-04-09T19:16:40Z" /><node changeset="1" id="11925288311" user="OSMnx" visible="true" lon="72.9643863" lat="19.2077953" version="1" uid="1" timestamp="2026-04-09T19:16:40Z" /><node changeset="1" id="11925446545" user="OSMnx" visible="true" lon="72.9630614" lat="19.2088731" version="1" uid="1" timestamp="2026-04-09T19:16:40Z" /><node changeset="1" id="11925478990" user="OSMnx" visible="true" lon="72.9614654" lat="19.2105081" version="1" uid="1" timestamp="2026-04-09T19:16:40Z" /><node changeset="1" id="11927873380" user="OSMnx" visible="true" lon="72.9616017" lat="19.2003847" version="1" uid="1" timestamp="2026-04-09T19:16:40Z" /><node changeset="1" id="11927873381" user="OSMnx" visible="true" lon="72.9616407" lat="19.2004581" version="1" uid="1" timestamp="2026-04-09T19:16:40Z" /><node changeset="1" id="11938951570" user="OSMnx" visible="true" lon="72.9790093" lat="19.202744" version="1" uid="1" timestamp="2026-04-09T19:16:40Z" /><node changeset="1" id="11938975524" user="OSMnx" visible="true" lon="72.9771063" lat="19.2076748" version="1" uid="1" timestamp="2026-04-09T19:16:40Z" /><node changeset="1" id="11938975525" user="OSMnx" visible="true" lon="72.9769834" lat="19.2083646" version="1" uid="1" timestamp="2026-04-09T19:16:40Z" /><node changeset="1" id="11938975526" user="OSMnx" visible="true" lon="72.9771105" lat="19.2083688" version="1" uid="1" timestamp="2026-04-09T19:16:40Z" /><node changeset="1" id="11938975527" user="OSMnx" visible="true" lon="72.9770081" lat="19.2080114" version="1" uid="1" timestamp="2026-04-09T19:16:40Z" /><node changeset="1" id="11938975528" user="OSMnx" visible="true" lon="72.9771186" lat="19.2078649" version="1" uid="1" timestamp="2026-04-09T19:16:40Z" /><node changeset="1" id="11938975529" user="OSMnx" visible="true" lon="72.977117" lat="19.2085066" version="1" uid="1" timestamp="2026-04-09T19:16:40Z" /><node changeset="1" id="11938975530" user="OSMnx" visible="true" lon="72.9770004" lat="19.2085674" version="1" uid="1" timestamp="2026-04-09T19:16:40Z" /><node changeset="1" id="11938975531" user="OSMnx" visible="true" lon="72.9772326" lat="19.2085674" version="1" uid="1" timestamp="2026-04-09T19:16:40Z" /><node changeset="1" id="11938975532" user="OSMnx" visible="true" lon="72.9782322" lat="19.20887" version="1" uid="1" timestamp="2026-04-09T19:16:40Z" /><node changeset="1" id="11938975533" user="OSMnx" visible="true" lon="72.9782444" lat="19.2091598" version="1" uid="1" timestamp="2026-04-09T19:16:40Z" /><node changeset="1" id="11938975534" user="OSMnx" visible="true" lon="72.9782708" lat="19.2091944" version="1" uid="1" timestamp="2026-04-09T19:16:40Z" /><node changeset="1" id="11938975535" user="OSMnx" visible="true" lon="72.9783359" lat="19.209179" version="1" uid="1" timestamp="2026-04-09T19:16:40Z" /><node changeset="1" id="11938975536" user="OSMnx" visible="true" lon="72.978653" lat="19.2094708" version="1" uid="1" timestamp="2026-04-09T19:16:40Z" /><node changeset="1" id="11938975537" user="OSMnx" visible="true" lon="72.97859" lat="19.2094938" version="1" uid="1" timestamp="2026-04-09T19:16:40Z" /><node changeset="1" id="11938975538" user="OSMnx" visible="true" lon="72.9783684" lat="19.2095418" version="1" uid="1" timestamp="2026-04-09T19:16:40Z" /><node changeset="1" id="11938975539" user="OSMnx" visible="true" lon="72.9782932" lat="19.2095169" version="1" uid="1" timestamp="2026-04-09T19:16:40Z" /><node changeset="1" id="11938975540" user="OSMnx" visible="true" lon="72.9782688" lat="19.2094401" version="1" uid="1" timestamp="2026-04-09T19:16:40Z" /><node changeset="1" id="11938975541" user="OSMnx" visible="true" lon="72.9782749" lat="19.2093844" version="1" uid="1" timestamp="2026-04-09T19:16:40Z" /><node changeset="1" id="11938975542" user="OSMnx" visible="true" lon="72.97834" lat="19.2093729" version="1" uid="1" timestamp="2026-04-09T19:16:40Z" /><node changeset="1" id="11938975543" user="OSMnx" visible="true" lon="72.9784271" lat="19.2082722" version="1" uid="1" timestamp="2026-04-09T19:16:40Z" /><node changeset="1" id="11938975544" user="OSMnx" visible="true" lon="72.9783224" lat="19.2082449" version="1" uid="1" timestamp="2026-04-09T19:16:40Z" /><node changeset="1" id="11939157084" user="OSMnx" visible="true" lon="72.9785148" lat="19.211971" version="1" uid="1" timestamp="2026-04-09T19:16:40Z" /><node changeset="1" id="11939157085" user="OSMnx" visible="true" lon="72.9784673" lat="19.2116711" version="1" uid="1" timestamp="2026-04-09T19:16:40Z" /><node changeset="1" id="11939157086" user="OSMnx" visible="true" lon="72.977301" lat="19.2121516" version="1" uid="1" timestamp="2026-04-09T19:16:40Z" /><node changeset="1" id="11939157087" user="OSMnx" visible="true" lon="72.9771629" lat="19.2121474" version="1" uid="1" timestamp="2026-04-09T19:16:40Z" /><node changeset="1" id="11939157089" user="OSMnx" visible="true" lon="72.9771792" lat="19.2117114" version="1" uid="1" timestamp="2026-04-09T19:16:40Z" /><node changeset="1" id="11939157090" user="OSMnx" visible="true" lon="72.9765056" lat="19.2115181" version="1" uid="1" timestamp="2026-04-09T19:16:40Z" /><node changeset="1" id="11939192242" user="OSMnx" visible="true" lon="72.9781352" lat="19.2182706" version="1" uid="1" timestamp="2026-04-09T19:16:40Z" /><node changeset="1" id="11939192243" user="OSMnx" visible="true" lon="72.9782143" lat="19.2176069" version="1" uid="1" timestamp="2026-04-09T19:16:40Z" /><node changeset="1" id="11939223210" user="OSMnx" visible="true" lon="72.9867805" lat="19.2202417" version="1" uid="1" timestamp="2026-04-09T19:16:40Z" /><node changeset="1" id="11939223211" user="OSMnx" visible="true" lon="72.9805504" lat="19.2178843" version="1" uid="1" timestamp="2026-04-09T19:16:40Z" /><node changeset="1" id="11939223212" user="OSMnx" visible="true" lon="72.9810475" lat="19.2181154" version="1" uid="1" timestamp="2026-04-09T19:16:40Z" /><node changeset="1" id="11939223213" user="OSMnx" visible="true" lon="72.981076" lat="19.2179768" version="1" uid="1" timestamp="2026-04-09T19:16:40Z" /><node changeset="1" id="11939282083" user="OSMnx" visible="true" lon="72.9840783" lat="19.2188413" version="1" uid="1" timestamp="2026-04-09T19:16:40Z" /><node changeset="1" id="11939282084" user="OSMnx" visible="true" lon="72.9878703" lat="19.2204481" version="1" uid="1" timestamp="2026-04-09T19:16:40Z" /><node changeset="1" id="11939282085" user="OSMnx" visible="true" lon="72.9871355" lat="19.2202182" version="1" uid="1" timestamp="2026-04-09T19:16:40Z" /><node changeset="1" id="11939282086" user="OSMnx" visible="true" lon="72.9871959" lat="19.2201158" version="1" uid="1" timestamp="2026-04-09T19:16:40Z" /><node changeset="1" id="11939282087" user="OSMnx" visible="true" lon="72.987812" lat="19.2205448" version="1" uid="1" timestamp="2026-04-09T19:16:40Z" /><node changeset="1" id="11939303082" user="OSMnx" visible="true" lon="72.9822218" lat="19.2234618" version="1" uid="1" timestamp="2026-04-09T19:16:40Z" /><node changeset="1" id="11939303083" user="OSMnx" visible="true" lon="72.9823053" lat="19.2234843" version="1" uid="1" timestamp="2026-04-09T19:16:40Z" /><node changeset="1" id="11939303084" user="OSMnx" visible="true" lon="72.9834123" lat="19.2236537" version="1" uid="1" timestamp="2026-04-09T19:16:40Z" /><node changeset="1" id="11939303085" user="OSMnx" visible="true" lon="72.9846086" lat="19.2238258" version="1" uid="1" timestamp="2026-04-09T19:16:40Z" /><node changeset="1" id="11939303086" user="OSMnx" visible="true" lon="72.9849037" lat="19.2238843" version="1" uid="1" timestamp="2026-04-09T19:16:40Z" /><node changeset="1" id="11939303087" user="OSMnx" visible="true" lon="72.9838131" lat="19.2236395" version="1" uid="1" timestamp="2026-04-09T19:16:40Z" /><node changeset="1" id="11939303088" user="OSMnx" visible="true" lon="72.9837991" lat="19.2237094" version="1" uid="1" timestamp="2026-04-09T19:16:40Z" /><node changeset="1" id="12066760260" user="OSMnx" visible="true" lon="72.9755423" lat="19.2110691" version="1" uid="1" timestamp="2026-04-09T19:16:40Z" /><node changeset="1" id="12072937791" user="OSMnx" visible="true" lon="72.9701973" lat="19.2022076" version="1" uid="1" timestamp="2026-04-09T19:16:40Z" /><node changeset="1" id="12072937792" user="OSMnx" visible="true" lon="72.9710722" lat="19.2026203" version="1" uid="1" timestamp="2026-04-09T19:16:40Z" /><node changeset="1" id="12072937793" user="OSMnx" visible="true" lon="72.9704069" lat="19.2024718" version="1" uid="1" timestamp="2026-04-09T19:16:40Z" /><node changeset="1" id="12072937794" user="OSMnx" visible="true" lon="72.9705496" lat="19.2026397" version="1" uid="1" timestamp="2026-04-09T19:16:40Z" /><node changeset="1" id="12072966779" user="OSMnx" visible="true" lon="72.9705142" lat="19.202667" version="1" uid="1" timestamp="2026-04-09T19:16:40Z" /><node changeset="1" id="12072966781" user="OSMnx" visible="true" lon="72.9703704" lat="19.2025001" version="1" uid="1" timestamp="2026-04-09T19:16:40Z" /><node changeset="1" id="12073009992" user="OSMnx" visible="true" lon="72.9733827" lat="19.2285303" version="1" uid="1" timestamp="2026-04-09T19:16:40Z" /><node changeset="1" id="12073029045" user="OSMnx" visible="true" lon="72.9711823" lat="19.2283911" version="1" uid="1" timestamp="2026-04-09T19:16:40Z" /><node changeset="1" id="12073099633" user="OSMnx" visible="true" lon="72.9797093" lat="19.2279722" version="1" uid="1" timestamp="2026-04-09T19:16:40Z" /><node changeset="1" id="12086522483" user="OSMnx" visible="true" lon="72.9713319" lat="19.2226041" version="1" uid="1" timestamp="2026-04-09T19:16:40Z" /><node changeset="1" id="12086522486" user="OSMnx" visible="true" lon="72.9709825" lat="19.2226156" version="1" uid="1" timestamp="2026-04-09T19:16:40Z" /><node changeset="1" id="12086522487" user="OSMnx" visible="true" lon="72.9709812" lat="19.2227063" version="1" uid="1" timestamp="2026-04-09T19:16:40Z" /><node changeset="1" id="12086599750" user="OSMnx" visible="true" lon="72.9699224" lat="19.2330285" version="1" uid="1" timestamp="2026-04-09T19:16:40Z" /><node changeset="1" id="12086604939" user="OSMnx" visible="true" lon="72.9658967" lat="19.2345525" version="1" uid="1" timestamp="2026-04-09T19:16:40Z" /><node changeset="1" id="12087086185" user="OSMnx" visible="true" lon="72.9859988" lat="19.2036824" version="1" uid="1" timestamp="2026-04-09T19:16:40Z" /><node changeset="1" id="12087086186" user="OSMnx" visible="true" lon="72.9859497" lat="19.204087" version="1" uid="1" timestamp="2026-04-09T19:16:40Z" /><node changeset="1" id="12087086187" user="OSMnx" visible="true" lon="72.9860189" lat="19.2037247" version="1" uid="1" timestamp="2026-04-09T19:16:40Z" /><node changeset="1" id="12087086188" user="OSMnx" visible="true" lon="72.9856967" lat="19.2032971" version="1" uid="1" timestamp="2026-04-09T19:16:40Z" /><node changeset="1" id="12087086189" user="OSMnx" visible="true" lon="72.9859422" lat="19.2033338" version="1" uid="1" timestamp="2026-04-09T19:16:40Z" /><node changeset="1" id="12087086190" user="OSMnx" visible="true" lon="72.9860178" lat="19.2032236" version="1" uid="1" timestamp="2026-04-09T19:16:40Z" /><node changeset="1" id="12088212729" user="OSMnx" visible="true" lon="72.9793562" lat="19.2093131" version="1" uid="1" timestamp="2026-04-09T19:16:40Z" /><node changeset="1" id="12088222126" user="OSMnx" visible="true" lon="72.9817492" lat="19.20836" version="1" uid="1" timestamp="2026-04-09T19:16:40Z" /><node changeset="1" id="12088222127" user="OSMnx" visible="true" lon="72.9817304" lat="19.2081286" version="1" uid="1" timestamp="2026-04-09T19:16:40Z" /><node changeset="1" id="12088225538" user="OSMnx" visible="true" lon="72.9729506" lat="19.2023169" version="1" uid="1" timestamp="2026-04-09T19:16:40Z" /><node changeset="1" id="12088247152" user="OSMnx" visible="true" lon="72.9771188" lat="19.2085435" version="1" uid="1" timestamp="2026-04-09T19:16:40Z" /><node changeset="1" id="12088296501" user="OSMnx" visible="true" lon="72.9736362" lat="19.2016202" version="1" uid="1" timestamp="2026-04-09T19:16:40Z" /><node changeset="1" id="12088296504" user="OSMnx" visible="true" lon="72.9742941" lat="19.2014512" version="1" uid="1" timestamp="2026-04-09T19:16:40Z" /><node changeset="1" id="12088316417" user="OSMnx" visible="true" lon="72.9780618" lat="19.219846" version="1" uid="1" timestamp="2026-04-09T19:16:40Z" /><node changeset="1" id="12088316418" user="OSMnx" visible="true" lon="72.9781528" lat="19.219859" version="1" uid="1" timestamp="2026-04-09T19:16:40Z" /><node changeset="1" id="12088316422" user="OSMnx" visible="true" lon="72.9781089" lat="19.2194132" version="1" uid="1" timestamp="2026-04-09T19:16:40Z" /><node changeset="1" id="12088316423" user="OSMnx" visible="true" lon="72.9781814" lat="19.2194226" version="1" uid="1" timestamp="2026-04-09T19:16:40Z" /><node changeset="1" id="12090075394" user="OSMnx" visible="true" lon="72.9659431" lat="19.2063913" version="1" uid="1" timestamp="2026-04-09T19:16:40Z" /><node changeset="1" id="12105638973" user="OSMnx" visible="true" lon="72.9794919" lat="19.2008164" version="1" uid="1" timestamp="2026-04-09T19:16:40Z" /><node changeset="1" id="12105638974" user="OSMnx" visible="true" lon="72.9788245" lat="19.2007576" version="1" uid="1" timestamp="2026-04-09T19:16:40Z" /><node changeset="1" id="12105638975" user="OSMnx" visible="true" lon="72.9787562" lat="19.2007624" version="1" uid="1" timestamp="2026-04-09T19:16:40Z" /><node changeset="1" id="12105638976" user="OSMnx" visible="true" lon="72.9787435" lat="19.2007846" version="1" uid="1" timestamp="2026-04-09T19:16:40Z" /><node changeset="1" id="12105638977" user="OSMnx" visible="true" lon="72.9787137" lat="19.2010723" version="1" uid="1" timestamp="2026-04-09T19:16:40Z" /><node changeset="1" id="12105638978" user="OSMnx" visible="true" lon="72.9787356" lat="19.2011345" version="1" uid="1" timestamp="2026-04-09T19:16:40Z" /><node changeset="1" id="12105638979" user="OSMnx" visible="true" lon="72.9787677" lat="19.2011494" version="1" uid="1" timestamp="2026-04-09T19:16:40Z" /><node changeset="1" id="12105638980" user="OSMnx" visible="true" lon="72.9794382" lat="19.201197" version="1" uid="1" timestamp="2026-04-09T19:16:40Z" /><node changeset="1" id="12105638981" user="OSMnx" visible="true" lon="72.9784683" lat="19.2006274" version="1" uid="1" timestamp="2026-04-09T19:16:40Z" /><node changeset="1" id="12105638982" user="OSMnx" visible="true" lon="72.9786633" lat="19.2006543" version="1" uid="1" timestamp="2026-04-09T19:16:40Z" /><node changeset="1" id="12105638983" user="OSMnx" visible="true" lon="72.9787213" lat="19.200686" version="1" uid="1" timestamp="2026-04-09T19:16:40Z" /><node changeset="1" id="12105638984" user="OSMnx" visible="true" lon="72.9787357" lat="19.2007073" version="1" uid="1" timestamp="2026-04-09T19:16:40Z" /><node changeset="1" id="12165264426" user="OSMnx" visible="true" lon="72.9727946" lat="19.199994" version="1" uid="1" timestamp="2026-04-09T19:16:40Z" /><node changeset="1" id="12165266524" user="OSMnx" visible="true" lon="72.9770573" lat="19.2077815" version="1" uid="1" timestamp="2026-04-09T19:16:40Z" /><node changeset="1" id="12165266525" user="OSMnx" visible="true" lon="72.9796162" lat="19.2004161" version="1" uid="1" timestamp="2026-04-09T19:16:40Z" /><node changeset="1" id="12165315142" user="OSMnx" visible="true" lon="72.9867225" lat="19.1995893" version="1" uid="1" timestamp="2026-04-09T19:16:40Z" /><node changeset="1" id="12279734509" user="OSMnx" visible="true" lon="72.981664" lat="19.2114258" version="1" uid="1" timestamp="2026-04-09T19:16:40Z" /><node changeset="1" id="12361028358" user="OSMnx" visible="true" lon="72.9727556" lat="19.2024213" version="1" uid="1" timestamp="2026-04-09T19:16:40Z" /><node changeset="1" id="12361028368" user="OSMnx" visible="true" lon="72.9726438" lat="19.2025297" version="1" uid="1" timestamp="2026-04-09T19:16:40Z" /><node changeset="1" id="12382238710" user="OSMnx" visible="true" lon="72.9823127" lat="19.2039722" version="1" uid="1" timestamp="2026-04-09T19:16:40Z" /><node changeset="1" id="12382238711" user="OSMnx" visible="true" lon="72.9824211" lat="19.2039028" version="1" uid="1" timestamp="2026-04-09T19:16:40Z" /><node changeset="1" id="12382238712" user="OSMnx" visible="true" lon="72.982492" lat="19.2038858" version="1" uid="1" timestamp="2026-04-09T19:16:40Z" /><node changeset="1" id="12382238713" user="OSMnx" visible="true" lon="72.9826143" lat="19.2038785" version="1" uid="1" timestamp="2026-04-09T19:16:40Z" /><node changeset="1" id="12382238714" user="OSMnx" visible="true" lon="72.9827881" lat="19.2038736" version="1" uid="1" timestamp="2026-04-09T19:16:40Z" /><node changeset="1" id="12382240733" user="OSMnx" visible="true" lon="72.9669317" lat="19.225456" version="1" uid="1" timestamp="2026-04-09T19:16:40Z" /><node changeset="1" id="12393310499" user="OSMnx" visible="true" lon="72.9963069" lat="19.2268533" version="1" uid="1" timestamp="2026-04-09T19:16:40Z" /><node changeset="1" id="12412316682" user="OSMnx" visible="true" lon="72.9763233" lat="19.2190572" version="1" uid="1" timestamp="2026-04-09T19:16:40Z" /><node changeset="1" id="12415375554" user="OSMnx" visible="true" lon="72.9791483" lat="19.2228402" version="1" uid="1" timestamp="2026-04-09T19:16:40Z" /><node changeset="1" id="12417939385" user="OSMnx" visible="true" lon="72.964242" lat="19.2250534" version="1" uid="1" timestamp="2026-04-09T19:16:40Z" /><node changeset="1" id="12418092180" user="OSMnx" visible="true" lon="72.9628045" lat="19.225582" version="1" uid="1" timestamp="2026-04-09T19:16:40Z" /><node changeset="1" id="12418092181" user="OSMnx" visible="true" lon="72.9650328" lat="19.2248817" version="1" uid="1" timestamp="2026-04-09T19:16:40Z" /><node changeset="1" id="12418201715" user="OSMnx" visible="true" lon="72.962881" lat="19.2254881" version="1" uid="1" timestamp="2026-04-09T19:16:40Z" /><node changeset="1" id="12418201716" user="OSMnx" visible="true" lon="72.9629554" lat="19.2254144" version="1" uid="1" timestamp="2026-04-09T19:16:40Z" /><node changeset="1" id="12418201717" user="OSMnx" visible="true" lon="72.9630684" lat="19.2253435" version="1" uid="1" timestamp="2026-04-09T19:16:40Z" /><node changeset="1" id="12418201718" user="OSMnx" visible="true" lon="72.9631986" lat="19.2252821" version="1" uid="1" timestamp="2026-04-09T19:16:40Z" /><node changeset="1" id="12418201719" user="OSMnx" visible="true" lon="72.9634696" lat="19.2252103" version="1" uid="1" timestamp="2026-04-09T19:16:40Z" /><node changeset="1" id="12418201720" user="OSMnx" visible="true" lon="72.9637531" lat="19.225158" version="1" uid="1" timestamp="2026-04-09T19:16:40Z" /><node changeset="1" id="12418201721" user="OSMnx" visible="true" lon="72.9639041" lat="19.2251296" version="1" uid="1" timestamp="2026-04-09T19:16:40Z" /><node changeset="1" id="12418201722" user="OSMnx" visible="true" lon="72.9643175" lat="19.2250339" version="1" uid="1" timestamp="2026-04-09T19:16:40Z" /><node changeset="1" id="12418201723" user="OSMnx" visible="true" lon="72.9649869" lat="19.2248908" version="1" uid="1" timestamp="2026-04-09T19:16:40Z" /><node changeset="1" id="12418249573" user="OSMnx" visible="true" lon="72.9644441" lat="19.2250048" version="1" uid="1" timestamp="2026-04-09T19:16:40Z" /><node changeset="1" id="12418263915" user="OSMnx" visible="true" lon="72.9645155" lat="19.226174" version="1" uid="1" timestamp="2026-04-09T19:16:40Z" /><node changeset="1" id="12418263916" user="OSMnx" visible="true" lon="72.9644868" lat="19.2261796" version="1" uid="1" timestamp="2026-04-09T19:16:40Z" /><node changeset="1" id="12418263917" user="OSMnx" visible="true" lon="72.9644708" lat="19.2261699" version="1" uid="1" timestamp="2026-04-09T19:16:40Z" /><node changeset="1" id="12418343794" user="OSMnx" visible="true" lon="72.9647172" lat="19.2249474" version="1" uid="1" timestamp="2026-04-09T19:16:40Z" /><node changeset="1" id="12418878930" user="OSMnx" visible="true" lon="72.9647002" lat="19.2248811" version="1" uid="1" timestamp="2026-04-09T19:16:40Z" /><node changeset="1" id="12418952356" user="OSMnx" visible="true" lon="72.9620029" lat="19.2232149" version="1" uid="1" timestamp="2026-04-09T19:16:40Z" /><node changeset="1" id="12419047649" user="OSMnx" visible="true" lon="72.9663473" lat="19.2221573" version="1" uid="1" timestamp="2026-04-09T19:16:40Z" /><node changeset="1" id="12419059343" user="OSMnx" visible="true" lon="72.9663095" lat="19.2222452" version="1" uid="1" timestamp="2026-04-09T19:16:40Z" /><node changeset="1" id="12419059344" user="OSMnx" visible="true" lon="72.9663794" lat="19.2222458" version="1" uid="1" timestamp="2026-04-09T19:16:40Z" /><node changeset="1" id="12419059345" user="OSMnx" visible="true" lon="72.9663494" lat="19.2224173" version="1" uid="1" timestamp="2026-04-09T19:16:40Z" /><node changeset="1" id="12419059346" user="OSMnx" visible="true" lon="72.9662604" lat="19.2225023" version="1" uid="1" timestamp="2026-04-09T19:16:40Z" /><node changeset="1" id="12419432953" user="OSMnx" visible="true" lon="72.963509" lat="19.2198523" version="1" uid="1" timestamp="2026-04-09T19:16:40Z" /><node changeset="1" id="12419432954" user="OSMnx" visible="true" lon="72.9635192" lat="19.2199005" version="1" uid="1" timestamp="2026-04-09T19:16:40Z" /><node changeset="1" id="12419494452" user="OSMnx" visible="true" lon="72.9670637" lat="19.2225101" version="1" uid="1" timestamp="2026-04-09T19:16:40Z" /><node changeset="1" id="12504075970" user="OSMnx" visible="true" lon="72.9793447" lat="19.2102742" version="1" uid="1" timestamp="2026-04-09T19:16:40Z" /><node changeset="1" id="12558219496" user="OSMnx" visible="true" lon="72.9772929" lat="19.2123169" version="1" uid="1" timestamp="2026-04-09T19:16:40Z" /><node changeset="1" id="12558219497" user="OSMnx" visible="true" lon="72.9770601" lat="19.2128026" version="1" uid="1" timestamp="2026-04-09T19:16:40Z" /><node changeset="1" id="12558219498" user="OSMnx" visible="true" lon="72.9775016" lat="19.2125135" version="1" uid="1" timestamp="2026-04-09T19:16:40Z" /><node changeset="1" id="12558219499" user="OSMnx" visible="true" lon="72.977266" lat="19.2124241" version="1" uid="1" timestamp="2026-04-09T19:16:40Z" /><node changeset="1" id="12591896952" user="OSMnx" visible="true" lon="72.9758714" lat="19.2351476" version="1" uid="1" timestamp="2026-04-09T19:16:40Z"><tag k="highway" v="bus_stop" /></node><node changeset="1" id="12655863676" user="OSMnx" visible="true" lon="72.976768" lat="19.2016324" version="1" uid="1" timestamp="2026-04-09T19:16:40Z" /><node changeset="1" id="12658280371" user="OSMnx" visible="true" lon="72.983881" lat="19.2063515" version="1" uid="1" timestamp="2026-04-09T19:16:40Z" /><node changeset="1" id="12658280372" user="OSMnx" visible="true" lon="72.983882" lat="19.2064406" version="1" uid="1" timestamp="2026-04-09T19:16:40Z" /><node changeset="1" id="12698657158" user="OSMnx" visible="true" lon="72.9899854" lat="19.2101573" version="1" uid="1" timestamp="2026-04-09T19:16:40Z" /><node changeset="1" id="12698657159" user="OSMnx" visible="true" lon="72.9874629" lat="19.2105709" version="1" uid="1" timestamp="2026-04-09T19:16:40Z" /><node changeset="1" id="12698657160" user="OSMnx" visible="true" lon="72.9860556" lat="19.2107892" version="1" uid="1" timestamp="2026-04-09T19:16:40Z" /><node changeset="1" id="12698657161" user="OSMnx" visible="true" lon="72.9852717" lat="19.2107821" version="1" uid="1" timestamp="2026-04-09T19:16:40Z" /><node changeset="1" id="12698657162" user="OSMnx" visible="true" lon="72.9859213" lat="19.2108088" version="1" uid="1" timestamp="2026-04-09T19:16:40Z" /><node changeset="1" id="12698657163" user="OSMnx" visible="true" lon="72.9846225" lat="19.2110185" version="1" uid="1" timestamp="2026-04-09T19:16:40Z" /><node changeset="1" id="12698657164" user="OSMnx" visible="true" lon="72.9940938" lat="19.2094046" version="1" uid="1" timestamp="2026-04-09T19:16:40Z" /><node changeset="1" id="12698657165" user="OSMnx" visible="true" lon="72.9938684" lat="19.2096798" version="1" uid="1" timestamp="2026-04-09T19:16:40Z" /><node changeset="1" id="12759044592" user="OSMnx" visible="true" lon="72.9818181" lat="19.2265945" version="1" uid="1" timestamp="2026-04-09T19:16:40Z" /><node changeset="1" id="12793994506" user="OSMnx" visible="true" lon="72.9729311" lat="19.2086978" version="1" uid="1" timestamp="2026-04-09T19:16:40Z" /><node changeset="1" id="12793994507" user="OSMnx" visible="true" lon="72.9727111" lat="19.2083586" version="1" uid="1" timestamp="2026-04-09T19:16:40Z" /><node changeset="1" id="12793994508" user="OSMnx" visible="true" lon="72.9736397" lat="19.2094052" version="1" uid="1" timestamp="2026-04-09T19:16:40Z" /><node changeset="1" id="12793994510" user="OSMnx" visible="true" lon="72.9734919" lat="19.2094899" version="1" uid="1" timestamp="2026-04-09T19:16:40Z" /><node changeset="1" id="12794003686" user="OSMnx" visible="true" lon="72.9604124" lat="19.2211248" version="1" uid="1" timestamp="2026-04-09T19:16:40Z" /><node changeset="1" id="12794003687" user="OSMnx" visible="true" lon="72.9604861" lat="19.2209098" version="1" uid="1" timestamp="2026-04-09T19:16:40Z" /><node changeset="1" id="12794003688" user="OSMnx" visible="true" lon="72.9605367" lat="19.2209872" version="1" uid="1" timestamp="2026-04-09T19:16:40Z" /><node changeset="1" id="12794003689" user="OSMnx" visible="true" lon="72.9605694" lat="19.2210449" version="1" uid="1" timestamp="2026-04-09T19:16:40Z" /><node changeset="1" id="12836246764" user="OSMnx" visible="true" lon="72.9718609" lat="19.2171052" version="1" uid="1" timestamp="2026-04-09T19:16:40Z" /><node changeset="1" id="12836286448" user="OSMnx" visible="true" lon="72.9788397" lat="19.2031862" version="1" uid="1" timestamp="2026-04-09T19:16:40Z" /><node changeset="1" id="12852430696" user="OSMnx" visible="true" lon="72.9707821" lat="19.2176415" version="1" uid="1" timestamp="2026-04-09T19:16:40Z" /><node changeset="1" id="12852430697" user="OSMnx" visible="true" lon="72.9707276" lat="19.217789" version="1" uid="1" timestamp="2026-04-09T19:16:40Z" /><node changeset="1" id="12852430698" user="OSMnx" visible="true" lon="72.9711817" lat="19.2171066" version="1" uid="1" timestamp="2026-04-09T19:16:40Z" /><node changeset="1" id="12852430699" user="OSMnx" visible="true" lon="72.9711035" lat="19.2171604" version="1" uid="1" timestamp="2026-04-09T19:16:40Z" /><node changeset="1" id="12852430700" user="OSMnx" visible="true" lon="72.9712574" lat="19.2170807" version="1" uid="1" timestamp="2026-04-09T19:16:40Z" /><node changeset="1" id="12852441401" user="OSMnx" visible="true" lon="72.9713629" lat="19.217071" version="1" uid="1" timestamp="2026-04-09T19:16:40Z" /><node changeset="1" id="12852441402" user="OSMnx" visible="true" lon="72.971445" lat="19.2170778" version="1" uid="1" timestamp="2026-04-09T19:16:40Z" /><node changeset="1" id="12852441403" user="OSMnx" visible="true" lon="72.971293" lat="19.217131" version="1" uid="1" timestamp="2026-04-09T19:16:40Z" /><node changeset="1" id="12922544491" user="OSMnx" visible="true" lon="72.9832431" lat="19.2216003" version="1" uid="1" timestamp="2026-04-09T19:16:40Z" /><node changeset="1" id="12922544492" user="OSMnx" visible="true" lon="72.9831644" lat="19.2214852" version="1" uid="1" timestamp="2026-04-09T19:16:40Z" /><node changeset="1" id="12922544493" user="OSMnx" visible="true" lon="72.983001" lat="19.221494" version="1" uid="1" timestamp="2026-04-09T19:16:40Z" /><node changeset="1" id="12922544494" user="OSMnx" visible="true" lon="72.9829387" lat="19.2215587" version="1" uid="1" timestamp="2026-04-09T19:16:40Z" /><node changeset="1" id="12922544495" user="OSMnx" visible="true" lon="72.9829403" lat="19.221785" version="1" uid="1" timestamp="2026-04-09T19:16:40Z" /><node changeset="1" id="12922544496" user="OSMnx" visible="true" lon="72.9829823" lat="19.2218291" version="1" uid="1" timestamp="2026-04-09T19:16:40Z" /><node changeset="1" id="12922544497" user="OSMnx" visible="true" lon="72.9831037" lat="19.2218306" version="1" uid="1" timestamp="2026-04-09T19:16:40Z" /><node changeset="1" id="12922544498" user="OSMnx" visible="true" lon="72.9832185" lat="19.2218189" version="1" uid="1" timestamp="2026-04-09T19:16:40Z" /><node changeset="1" id="12922544499" user="OSMnx" visible="true" lon="72.9831972" lat="19.2215062" version="1" uid="1" timestamp="2026-04-09T19:16:40Z" /><node changeset="1" id="12922544500" user="OSMnx" visible="true" lon="72.9829479" lat="19.2218109" version="1" uid="1" timestamp="2026-04-09T19:16:40Z" /><node changeset="1" id="12922587401" user="OSMnx" visible="true" lon="72.9831785" lat="19.221827" version="1" uid="1" timestamp="2026-04-09T19:16:40Z" /><node changeset="1" id="12922587402" user="OSMnx" visible="true" lon="72.9832286" lat="19.2217993" version="1" uid="1" timestamp="2026-04-09T19:16:40Z" /><node changeset="1" id="12922587403" user="OSMnx" visible="true" lon="72.9829557" lat="19.2215233" version="1" uid="1" timestamp="2026-04-09T19:16:40Z" /><node changeset="1" id="12973011528" user="OSMnx" visible="true" lon="72.9730607" lat="19.2043112" version="1" uid="1" timestamp="2026-04-09T19:16:40Z" /><node changeset="1" id="12993876259" user="OSMnx" visible="true" lon="72.9980397" lat="19.2089067" version="1" uid="1" timestamp="2026-04-09T19:16:40Z" /><node changeset="1" id="12993876260" user="OSMnx" visible="true" lon="72.9978758" lat="19.2088982" version="1" uid="1" timestamp="2026-04-09T19:16:40Z" /><node changeset="1" id="12993876261" user="OSMnx" visible="true" lon="72.997657" lat="19.2088218" version="1" uid="1" timestamp="2026-04-09T19:16:40Z" /><node changeset="1" id="12999071087" user="OSMnx" visible="true" lon="72.9627677" lat="19.2073168" version="1" uid="1" timestamp="2026-04-09T19:16:40Z" /><node changeset="1" id="13070234386" user="OSMnx" visible="true" lon="72.992273" lat="19.2295988" version="1" uid="1" timestamp="2026-04-09T19:16:40Z" /><node changeset="1" id="13070234387" user="OSMnx" visible="true" lon="72.9922584" lat="19.2294982" version="1" uid="1" timestamp="2026-04-09T19:16:40Z" /><node changeset="1" id="13143882194" user="OSMnx" visible="true" lon="72.9602649" lat="19.2204514" version="1" uid="1" timestamp="2026-04-09T19:16:40Z" /><node changeset="1" id="13143882195" user="OSMnx" visible="true" lon="72.9600216" lat="19.2199384" version="1" uid="1" timestamp="2026-04-09T19:16:40Z" /><node changeset="1" id="13143942413" user="OSMnx" visible="true" lon="72.9600466" lat="19.2200003" version="1" uid="1" timestamp="2026-04-09T19:16:40Z" /><node changeset="1" id="13164727360" user="OSMnx" visible="true" lon="72.9668056" lat="19.2028188" version="1" uid="1" timestamp="2026-04-09T19:16:40Z" /><node changeset="1" id="13164727361" user="OSMnx" visible="true" lon="72.9666573" lat="19.2029341" version="1" uid="1" timestamp="2026-04-09T19:16:40Z" /><node changeset="1" id="13279165748" user="OSMnx" visible="true" lon="72.9775711" lat="19.2146835" version="1" uid="1" timestamp="2026-04-09T19:16:40Z" /><node changeset="1" id="13279165755" user="OSMnx" visible="true" lon="72.9776126" lat="19.2151429" version="1" uid="1" timestamp="2026-04-09T19:16:40Z" /><node changeset="1" id="13279653197" user="OSMnx" visible="true" lon="72.9794309" lat="19.201245" version="1" uid="1" timestamp="2026-04-09T19:16:40Z" /><node changeset="1" id="13279653198" user="OSMnx" visible="true" lon="72.9787177" lat="19.2011139" version="1" uid="1" timestamp="2026-04-09T19:16:40Z" /><node changeset="1" id="13279653199" user="OSMnx" visible="true" lon="72.9787896" lat="19.2007559" version="1" uid="1" timestamp="2026-04-09T19:16:40Z" /><node changeset="1" id="13279653200" user="OSMnx" visible="true" lon="72.978694" lat="19.2006651" version="1" uid="1" timestamp="2026-04-09T19:16:40Z" /><node changeset="1" id="13279739501" user="OSMnx" visible="true" lon="72.979488" lat="19.2008456" version="1" uid="1" timestamp="2026-04-09T19:16:40Z" /><node changeset="1" id="13284877503" user="OSMnx" visible="true" lon="72.991585" lat="19.2156594" version="1" uid="1" timestamp="2026-04-09T19:16:40Z" /><node changeset="1" id="13284877504" user="OSMnx" visible="true" lon="72.991865" lat="19.2150704" version="1" uid="1" timestamp="2026-04-09T19:16:40Z" /><node changeset="1" id="13284877505" user="OSMnx" visible="true" lon="72.9919636" lat="19.2150733" version="1" uid="1" timestamp="2026-04-09T19:16:40Z" /><node changeset="1" id="13284877506" user="OSMnx" visible="true" lon="72.992056" lat="19.2152275" version="1" uid="1" timestamp="2026-04-09T19:16:40Z" /><node changeset="1" id="13284877507" user="OSMnx" visible="true" lon="72.9921063" lat="19.2152673" version="1" uid="1" timestamp="2026-04-09T19:16:40Z" /><node changeset="1" id="13284877508" user="OSMnx" visible="true" lon="72.9921905" lat="19.2153368" version="1" uid="1" timestamp="2026-04-09T19:16:40Z" /><node changeset="1" id="13284877509" user="OSMnx" visible="true" lon="72.9862959" lat="19.2150146" version="1" uid="1" timestamp="2026-04-09T19:16:40Z" /><node changeset="1" id="13284877511" user="OSMnx" visible="true" lon="72.991009" lat="19.2151374" version="1" uid="1" timestamp="2026-04-09T19:16:40Z" /><node changeset="1" id="13284877512" user="OSMnx" visible="true" lon="72.9920426" lat="19.2152052" version="1" uid="1" timestamp="2026-04-09T19:16:40Z" /><node changeset="1" id="13284877513" user="OSMnx" visible="true" lon="72.9919835" lat="19.2150953" version="1" uid="1" timestamp="2026-04-09T19:16:40Z" /><node changeset="1" id="13295910590" user="OSMnx" visible="true" lon="72.9881956" lat="19.2099091" version="1" uid="1" timestamp="2026-04-09T19:16:40Z" /><node changeset="1" id="13295910591" user="OSMnx" visible="true" lon="72.9881806" lat="19.2099837" version="1" uid="1" timestamp="2026-04-09T19:16:40Z" /><node changeset="1" id="13301331431" user="OSMnx" visible="true" lon="72.9613714" lat="19.2024369" version="1" uid="1" timestamp="2026-04-09T19:16:40Z" /><node changeset="1" id="13301331432" user="OSMnx" visible="true" lon="72.9610536" lat="19.2017776" version="1" uid="1" timestamp="2026-04-09T19:16:40Z" /><node changeset="1" id="13301331433" user="OSMnx" visible="true" lon="72.9606295" lat="19.2009547" version="1" uid="1" timestamp="2026-04-09T19:16:40Z" /><node changeset="1" id="13301331434" user="OSMnx" visible="true" lon="72.9605568" lat="19.2009918" version="1" uid="1" timestamp="2026-04-09T19:16:40Z" /><node changeset="1" id="13301331435" user="OSMnx" visible="true" lon="72.9611085" lat="19.2018953" version="1" uid="1" timestamp="2026-04-09T19:16:40Z" /><node changeset="1" id="13301331436" user="OSMnx" visible="true" lon="72.9608797" lat="19.2015869" version="1" uid="1" timestamp="2026-04-09T19:16:40Z" /><node changeset="1" id="13301331437" user="OSMnx" visible="true" lon="72.9607106" lat="19.2012697" version="1" uid="1" timestamp="2026-04-09T19:16:40Z" /><node changeset="1" id="13313410284" user="OSMnx" visible="true" lon="72.9770144" lat="19.208161" version="1" uid="1" timestamp="2026-04-09T19:16:40Z" /><node changeset="1" id="13321758011" user="OSMnx" visible="true" lon="72.9603605" lat="19.2112318" version="1" uid="1" timestamp="2026-04-09T19:16:40Z" /><node changeset="1" id="13362947951" user="OSMnx" visible="true" lon="72.9772526" lat="19.222839" version="1" uid="1" timestamp="2026-04-09T19:16:40Z" /><node changeset="1" id="13362959829" user="OSMnx" visible="true" lon="72.9879292" lat="19.2334702" version="1" uid="1" timestamp="2026-04-09T19:16:40Z" /><node changeset="1" id="13362959830" user="OSMnx" visible="true" lon="72.9878413" lat="19.233563" version="1" uid="1" timestamp="2026-04-09T19:16:40Z" /><node changeset="1" id="13362959831" user="OSMnx" visible="true" lon="72.9876815" lat="19.234055" version="1" uid="1" timestamp="2026-04-09T19:16:40Z" /><node changeset="1" id="13362959832" user="OSMnx" visible="true" lon="72.987389" lat="19.2349851" version="1" uid="1" timestamp="2026-04-09T19:16:40Z" /><node changeset="1" id="13362959833" user="OSMnx" visible="true" lon="72.9873313" lat="19.2351775" version="1" uid="1" timestamp="2026-04-09T19:16:40Z" /><node changeset="1" id="13362959834" user="OSMnx" visible="true" lon="72.9873649" lat="19.2352824" version="1" uid="1" timestamp="2026-04-09T19:16:40Z" /><node changeset="1" id="13362959835" user="OSMnx" visible="true" lon="72.9874217" lat="19.2351797" version="1" uid="1" timestamp="2026-04-09T19:16:40Z" /><node changeset="1" id="13362959836" user="OSMnx" visible="true" lon="72.9876009" lat="19.2342987" version="1" uid="1" timestamp="2026-04-09T19:16:40Z" /><node changeset="1" id="13362959837" user="OSMnx" visible="true" lon="72.9874612" lat="19.2342658" version="1" uid="1" timestamp="2026-04-09T19:16:40Z" /><node changeset="1" id="13362959838" user="OSMnx" visible="true" lon="72.987431" lat="19.2342958" version="1" uid="1" timestamp="2026-04-09T19:16:40Z" /><node changeset="1" id="13362959839" user="OSMnx" visible="true" lon="72.9873254" lat="19.2346893" version="1" uid="1" timestamp="2026-04-09T19:16:40Z" /><node changeset="1" id="13362959840" user="OSMnx" visible="true" lon="72.9874426" lat="19.2342843" version="1" uid="1" timestamp="2026-04-09T19:16:40Z" /><node changeset="1" id="13363059232" user="OSMnx" visible="true" lon="72.9746523" lat="19.2106549" version="1" uid="1" timestamp="2026-04-09T19:16:40Z" /><node changeset="1" id="13363059233" user="OSMnx" visible="true" lon="72.9747289" lat="19.2106791" version="1" uid="1" timestamp="2026-04-09T19:16:40Z" /><node changeset="1" id="13363059234" user="OSMnx" visible="true" lon="72.9746858" lat="19.210621" version="1" uid="1" timestamp="2026-04-09T19:16:40Z" /><node changeset="1" id="13363059235" user="OSMnx" visible="true" lon="72.9743581" lat="19.2102907" version="1" uid="1" timestamp="2026-04-09T19:16:40Z" /><node changeset="1" id="13363059236" user="OSMnx" visible="true" lon="72.973545" lat="19.2094897" version="1" uid="1" timestamp="2026-04-09T19:16:40Z" /><node changeset="1" id="13377523529" user="OSMnx" visible="true" lon="72.9760396" lat="19.2025313" version="1" uid="1" timestamp="2026-04-09T19:16:40Z" /><node changeset="1" id="13377523536" user="OSMnx" visible="true" lon="72.9762426" lat="19.2027121" version="1" uid="1" timestamp="2026-04-09T19:16:40Z" /><node changeset="1" id="13394988219" user="OSMnx" visible="true" lon="72.976051" lat="19.2147076" version="1" uid="1" timestamp="2026-04-09T19:16:40Z" /><node changeset="1" id="13395127461" user="OSMnx" visible="true" lon="72.9732436" lat="19.2020318" version="1" uid="1" timestamp="2026-04-09T19:16:40Z" /><node changeset="1" id="13396951039" user="OSMnx" visible="true" lon="72.9930952" lat="19.2180213" version="1" uid="1" timestamp="2026-04-09T19:16:40Z" /><node changeset="1" id="13396951040" user="OSMnx" visible="true" lon="72.9929531" lat="19.2186203" version="1" uid="1" timestamp="2026-04-09T19:16:40Z" /><node changeset="1" id="13396951041" user="OSMnx" visible="true" lon="72.9929226" lat="19.2186081" version="1" uid="1" timestamp="2026-04-09T19:16:40Z" /><node changeset="1" id="13396951042" user="OSMnx" visible="true" lon="72.9931836" lat="19.2183275" version="1" uid="1" timestamp="2026-04-09T19:16:40Z" /><node changeset="1" id="13396951043" user="OSMnx" visible="true" lon="72.9931351" lat="19.2186078" version="1" uid="1" timestamp="2026-04-09T19:16:40Z" /><node changeset="1" id="13396951044" user="OSMnx" visible="true" lon="72.9931908" lat="19.2186466" version="1" uid="1" timestamp="2026-04-09T19:16:40Z" /><node changeset="1" id="13396951045" user="OSMnx" visible="true" lon="72.9928225" lat="19.2191304" version="1" uid="1" timestamp="2026-04-09T19:16:40Z" /><node changeset="1" id="13396951046" user="OSMnx" visible="true" lon="72.9927045" lat="19.2187976" version="1" uid="1" timestamp="2026-04-09T19:16:40Z" /><node changeset="1" id="13396951047" user="OSMnx" visible="true" lon="72.9926817" lat="19.2187685" version="1" uid="1" timestamp="2026-04-09T19:16:40Z" /><node changeset="1" id="13396951048" user="OSMnx" visible="true" lon="72.9926643" lat="19.2187748" version="1" uid="1" timestamp="2026-04-09T19:16:40Z" /><node changeset="1" id="13396951049" user="OSMnx" visible="true" lon="72.9926495" lat="19.2188065" version="1" uid="1" timestamp="2026-04-09T19:16:40Z" /><node changeset="1" id="13396951050" user="OSMnx" visible="true" lon="72.9926965" lat="19.2194751" version="1" uid="1" timestamp="2026-04-09T19:16:40Z" /><node changeset="1" id="13396951053" user="OSMnx" visible="true" lon="72.9923474" lat="19.2173842" version="1" uid="1" timestamp="2026-04-09T19:16:40Z" /><node changeset="1" id="13396951054" user="OSMnx" visible="true" lon="72.9924292" lat="19.2172688" version="1" uid="1" timestamp="2026-04-09T19:16:40Z" /><node changeset="1" id="13396951055" user="OSMnx" visible="true" lon="72.9924024" lat="19.2174829" version="1" uid="1" timestamp="2026-04-09T19:16:40Z" /><node changeset="1" id="13396951056" user="OSMnx" visible="true" lon="72.9924165" lat="19.2173778" version="1" uid="1" timestamp="2026-04-09T19:16:40Z" /><node changeset="1" id="13415105365" user="OSMnx" visible="true" lon="72.9768272" lat="19.2299619" version="1" uid="1" timestamp="2026-04-09T19:16:40Z" /><node changeset="1" id="13415105366" user="OSMnx" visible="true" lon="72.976991" lat="19.2299793" version="1" uid="1" timestamp="2026-04-09T19:16:40Z" /><node changeset="1" id="13415105367" user="OSMnx" visible="true" lon="72.9760004" lat="19.2353154" version="1" uid="1" timestamp="2026-04-09T19:16:40Z" /><node changeset="1" id="13415105368" user="OSMnx" visible="true" lon="72.9762639" lat="19.2353406" version="1" uid="1" timestamp="2026-04-09T19:16:40Z" /><node changeset="1" id="13415105369" user="OSMnx" visible="true" lon="72.9762854" lat="19.2330676" version="1" uid="1" timestamp="2026-04-09T19:16:40Z" /><node changeset="1" id="13416028709" user="OSMnx" visible="true" lon="72.9776792" lat="19.2308509" version="1" uid="1" timestamp="2026-04-09T19:16:40Z" /><node changeset="1" id="13425573468" user="OSMnx" visible="true" lon="72.9756007" lat="19.2150211" version="1" uid="1" timestamp="2026-04-09T19:16:40Z" /><node changeset="1" id="13425573472" user="OSMnx" visible="true" lon="72.9756583" lat="19.2149777" version="1" uid="1" timestamp="2026-04-09T19:16:40Z" /><node changeset="1" id="13431778544" user="OSMnx" visible="true" lon="72.9663298" lat="19.2199121" version="1" uid="1" timestamp="2026-04-09T19:16:40Z" /><node changeset="1" id="13431778550" user="OSMnx" visible="true" lon="72.9642376" lat="19.2079235" version="1" uid="1" timestamp="2026-04-09T19:16:40Z" /><node changeset="1" id="13431778552" user="OSMnx" visible="true" lon="72.9681453" lat="19.2040886" version="1" uid="1" timestamp="2026-04-09T19:16:40Z" /><node changeset="1" id="13442161156" user="OSMnx" visible="true" lon="72.9760732" lat="19.2120426" version="1" uid="1" timestamp="2026-04-09T19:16:40Z" /><node changeset="1" id="13442161157" user="OSMnx" visible="true" lon="72.9758072" lat="19.2120507" version="1" uid="1" timestamp="2026-04-09T19:16:40Z" /><node changeset="1" id="13444957410" user="OSMnx" visible="true" lon="72.981263" lat="19.2346327" version="1" uid="1" timestamp="2026-04-09T19:16:40Z" /><node changeset="1" id="13449680344" user="OSMnx" visible="true" lon="72.9806573" lat="19.2280396" version="1" uid="1" timestamp="2026-04-09T19:16:40Z" /><node changeset="1" id="13508185844" user="OSMnx" visible="true" lon="72.9856663" lat="19.1999006" version="1" uid="1" timestamp="2026-04-09T19:16:40Z" /><node changeset="1" id="13508185845" user="OSMnx" visible="true" lon="72.9857112" lat="19.1999642" version="1" uid="1" timestamp="2026-04-09T19:16:40Z" /><node changeset="1" id="13508185846" user="OSMnx" visible="true" lon="72.9857315" lat="19.1998397" version="1" uid="1" timestamp="2026-04-09T19:16:40Z" /><node changeset="1" id="13508185847" user="OSMnx" visible="true" lon="72.9857093" lat="19.1998439" version="1" uid="1" timestamp="2026-04-09T19:16:40Z" /><node changeset="1" id="13508185848" user="OSMnx" visible="true" lon="72.9856898" lat="19.1998547" version="1" uid="1" timestamp="2026-04-09T19:16:40Z" /><node changeset="1" id="13508185849" user="OSMnx" visible="true" lon="72.9856751" lat="19.1998709" version="1" uid="1" timestamp="2026-04-09T19:16:40Z" /><node changeset="1" id="13508185850" user="OSMnx" visible="true" lon="72.9856668" lat="19.1998908" version="1" uid="1" timestamp="2026-04-09T19:16:40Z" /><node changeset="1" id="13508185851" user="OSMnx" visible="true" lon="72.9856658" lat="19.1999121" version="1" uid="1" timestamp="2026-04-09T19:16:40Z" /><node changeset="1" id="13508185852" user="OSMnx" visible="true" lon="72.9857694" lat="19.1999589" version="1" uid="1" timestamp="2026-04-09T19:16:40Z" /><node changeset="1" id="13508185853" user="OSMnx" visible="true" lon="72.9857862" lat="19.1999452" version="1" uid="1" timestamp="2026-04-09T19:16:40Z" /><node changeset="1" id="13508185854" user="OSMnx" visible="true" lon="72.9858017" lat="19.1999064" version="1" uid="1" timestamp="2026-04-09T19:16:40Z" /><node changeset="1" id="13508185855" user="OSMnx" visible="true" lon="72.9857989" lat="19.1998856" version="1" uid="1" timestamp="2026-04-09T19:16:40Z" /><node changeset="1" id="13508185856" user="OSMnx" visible="true" lon="72.9857891" lat="19.1998667" version="1" uid="1" timestamp="2026-04-09T19:16:40Z" /><node changeset="1" id="13508185857" user="OSMnx" visible="true" lon="72.9856723" lat="19.1999326" version="1" uid="1" timestamp="2026-04-09T19:16:40Z" /><node changeset="1" id="13508185858" user="OSMnx" visible="true" lon="72.9856856" lat="19.1999499" version="1" uid="1" timestamp="2026-04-09T19:16:40Z" /><node changeset="1" id="13508185859" user="OSMnx" visible="true" lon="72.9857041" lat="19.1999622" version="1" uid="1" timestamp="2026-04-09T19:16:40Z" /><node changeset="1" id="13508185860" user="OSMnx" visible="true" lon="72.9857258" lat="19.1999681" version="1" uid="1" timestamp="2026-04-09T19:16:40Z" /><node changeset="1" id="13508185861" user="OSMnx" visible="true" lon="72.9857484" lat="19.199967" version="1" uid="1" timestamp="2026-04-09T19:16:40Z" /><node changeset="1" id="13508185862" user="OSMnx" visible="true" lon="72.9857735" lat="19.1998518" version="1" uid="1" timestamp="2026-04-09T19:16:40Z" /><node changeset="1" id="13528450297" user="OSMnx" visible="true" lon="72.9818337" lat="19.215632" version="1" uid="1" timestamp="2026-04-09T19:16:40Z" /><node changeset="1" id="13528450298" user="OSMnx" visible="true" lon="72.9818504" lat="19.2155392" version="1" uid="1" timestamp="2026-04-09T19:16:40Z" /><node changeset="1" id="13546246053" user="OSMnx" visible="true" lon="72.9850881" lat="19.223054" version="1" uid="1" timestamp="2026-04-09T19:16:40Z" /><node changeset="1" id="13546246054" user="OSMnx" visible="true" lon="72.9848696" lat="19.2220852" version="1" uid="1" timestamp="2026-04-09T19:16:40Z" /><node changeset="1" id="13546246056" user="OSMnx" visible="true" lon="72.9871222" lat="19.2224731" version="1" uid="1" timestamp="2026-04-09T19:16:40Z" /><node changeset="1" id="13546246057" user="OSMnx" visible="true" lon="72.9870792" lat="19.2225405" version="1" uid="1" timestamp="2026-04-09T19:16:40Z" /><node changeset="1" id="13546246058" user="OSMnx" visible="true" lon="72.9870581" lat="19.2225019" version="1" uid="1" timestamp="2026-04-09T19:16:40Z" /><node changeset="1" id="13551379971" user="OSMnx" visible="true" lon="72.9774268" lat="19.2128353" version="1" uid="1" timestamp="2026-04-09T19:16:40Z" /><node changeset="1" id="13551379972" user="OSMnx" visible="true" lon="72.9774648" lat="19.2129431" version="1" uid="1" timestamp="2026-04-09T19:16:40Z" /><node changeset="1" id="13551379973" user="OSMnx" visible="true" lon="72.9777664" lat="19.2138864" version="1" uid="1" timestamp="2026-04-09T19:16:40Z" /><node changeset="1" id="13551379974" user="OSMnx" visible="true" lon="72.9778057" lat="19.2138468" version="1" uid="1" timestamp="2026-04-09T19:16:40Z" /><node changeset="1" id="13551379975" user="OSMnx" visible="true" lon="72.9778207" lat="19.2138236" version="1" uid="1" timestamp="2026-04-09T19:16:40Z" /><node changeset="1" id="13551379976" user="OSMnx" visible="true" lon="72.9778248" lat="19.2137933" version="1" uid="1" timestamp="2026-04-09T19:16:40Z" /><node changeset="1" id="13551379977" user="OSMnx" visible="true" lon="72.9778201" lat="19.21377" version="1" uid="1" timestamp="2026-04-09T19:16:40Z" /><node changeset="1" id="13551379978" user="OSMnx" visible="true" lon="72.9776459" lat="19.2132403" version="1" uid="1" timestamp="2026-04-09T19:16:40Z" /><node changeset="1" id="13551379979" user="OSMnx" visible="true" lon="72.9774353" lat="19.2123474" version="1" uid="1" timestamp="2026-04-09T19:16:40Z" /><node changeset="1" id="13551379980" user="OSMnx" visible="true" lon="72.9773912" lat="19.2121447" version="1" uid="1" timestamp="2026-04-09T19:16:40Z" /><node changeset="1" id="13551379981" user="OSMnx" visible="true" lon="72.9774747" lat="19.2125028" version="1" uid="1" timestamp="2026-04-09T19:16:40Z" /><node changeset="1" id="13555242910" user="OSMnx" visible="true" lon="72.9726051" lat="19.2165167" version="1" uid="1" timestamp="2026-04-09T19:16:40Z" /><node changeset="1" id="13555600532" user="OSMnx" visible="true" lon="72.9643954" lat="19.2079545" version="1" uid="1" timestamp="2026-04-09T19:16:40Z" /><node changeset="1" id="13555600533" user="OSMnx" visible="true" lon="72.9643056" lat="19.2078648" version="1" uid="1" timestamp="2026-04-09T19:16:40Z" /><node changeset="1" id="13555600538" user="OSMnx" visible="true" lon="72.9643741" lat="19.2078059" version="1" uid="1" timestamp="2026-04-09T19:16:40Z" /><node changeset="1" id="13571959945" user="OSMnx" visible="true" lon="72.9719914" lat="19.2080741" version="1" uid="1" timestamp="2026-04-09T19:16:40Z" /><node changeset="1" id="13571959948" user="OSMnx" visible="true" lon="72.9718578" lat="19.207945" version="1" uid="1" timestamp="2026-04-09T19:16:40Z" /><node changeset="1" id="13594346863" user="OSMnx" visible="true" lon="72.9769998" lat="19.2142703" version="1" uid="1" timestamp="2026-04-09T19:16:40Z" /><node changeset="1" id="13594346864" user="OSMnx" visible="true" lon="72.9774965" lat="19.2145364" version="1" uid="1" timestamp="2026-04-09T19:16:40Z" /><node changeset="1" id="13594346865" user="OSMnx" visible="true" lon="72.9774513" lat="19.2145087" version="1" uid="1" timestamp="2026-04-09T19:16:40Z" /><node changeset="1" id="13594346866" user="OSMnx" visible="true" lon="72.9770769" lat="19.2142951" version="1" uid="1" timestamp="2026-04-09T19:16:40Z" /><node changeset="1" id="13594346867" user="OSMnx" visible="true" lon="72.9771587" lat="19.2143222" version="1" uid="1" timestamp="2026-04-09T19:16:40Z" /><node changeset="1" id="13614211041" user="OSMnx" visible="true" lon="72.9910804" lat="19.2224645" version="1" uid="1" timestamp="2026-04-09T19:16:40Z" /><node changeset="1" id="13614211042" user="OSMnx" visible="true" lon="72.9909267" lat="19.2223108" version="1" uid="1" timestamp="2026-04-09T19:16:40Z" /><node changeset="1" id="13614211043" user="OSMnx" visible="true" lon="72.9916455" lat="19.2228571" version="1" uid="1" timestamp="2026-04-09T19:16:40Z" /><node changeset="1" id="13614211048" user="OSMnx" visible="true" lon="72.9926237" lat="19.2234545" version="1" uid="1" timestamp="2026-04-09T19:16:40Z" /><node changeset="1" id="13614211058" user="OSMnx" visible="true" lon="72.9930483" lat="19.2237005" version="1" uid="1" timestamp="2026-04-09T19:16:40Z" /><node changeset="1" id="13633763495" user="OSMnx" visible="true" lon="72.9768799" lat="19.2267157" version="1" uid="1" timestamp="2026-04-09T19:16:40Z" /><node changeset="1" id="13633763500" user="OSMnx" visible="true" lon="72.9769076" lat="19.2264565" version="1" uid="1" timestamp="2026-04-09T19:16:40Z" /><node changeset="1" id="13633803425" user="OSMnx" visible="true" lon="72.9748787" lat="19.2330864" version="1" uid="1" timestamp="2026-04-09T19:16:40Z" /><node changeset="1" id="13633803427" user="OSMnx" visible="true" lon="72.9749806" lat="19.2330901" version="1" uid="1" timestamp="2026-04-09T19:16:40Z" /><node changeset="1" id="13633804946" user="OSMnx" visible="true" lon="72.976334" lat="19.2312441" version="1" uid="1" timestamp="2026-04-09T19:16:40Z" /><node changeset="1" id="13633848205" user="OSMnx" visible="true" lon="72.9768741" lat="19.2267692" version="1" uid="1" timestamp="2026-04-09T19:16:40Z" /><node changeset="1" id="13633858484" user="OSMnx" visible="true" lon="72.9699389" lat="19.2239285" version="1" uid="1" timestamp="2026-04-09T19:16:40Z" /><node changeset="1" id="13633858488" user="OSMnx" visible="true" lon="72.9699954" lat="19.2251239" version="1" uid="1" timestamp="2026-04-09T19:16:40Z" /><node changeset="1" id="13633883154" user="OSMnx" visible="true" lon="72.9715537" lat="19.2326237" version="1" uid="1" timestamp="2026-04-09T19:16:40Z" /><node changeset="1" id="13633883162" user="OSMnx" visible="true" lon="72.9712358" lat="19.2325363" version="1" uid="1" timestamp="2026-04-09T19:16:40Z" /><node changeset="1" id="13633937433" user="OSMnx" visible="true" lon="72.9758595" lat="19.2352448" version="1" uid="1" timestamp="2026-04-09T19:16:40Z" /><node changeset="1" id="13640298414" user="OSMnx" visible="true" lon="72.9696772" lat="19.2344708" version="1" uid="1" timestamp="2026-04-09T19:16:40Z" /><node changeset="1" id="13640435278" user="OSMnx" visible="true" lon="72.9716868" lat="19.2326608" version="1" uid="1" timestamp="2026-04-09T19:16:40Z" /><node changeset="1" id="13651597869" user="OSMnx" visible="true" lon="72.9650909" lat="19.2225657" version="1" uid="1" timestamp="2026-04-09T19:16:40Z" /><node changeset="1" id="13651669409" user="OSMnx" visible="true" lon="72.9636368" lat="19.215031" version="1" uid="1" timestamp="2026-04-09T19:16:40Z" /><node changeset="1" id="13651669410" user="OSMnx" visible="true" lon="72.9632425" lat="19.2150336" version="1" uid="1" timestamp="2026-04-09T19:16:40Z" /><node changeset="1" id="13651669411" user="OSMnx" visible="true" lon="72.9612576" lat="19.2145901" version="1" uid="1" timestamp="2026-04-09T19:16:40Z" /><node changeset="1" id="13651669412" user="OSMnx" visible="true" lon="72.9618459" lat="19.214039" version="1" uid="1" timestamp="2026-04-09T19:16:40Z" /><node changeset="1" id="13651691243" user="OSMnx" visible="true" lon="72.9623862" lat="19.2118927" version="1" uid="1" timestamp="2026-04-09T19:16:40Z" /><node changeset="1" id="13651691244" user="OSMnx" visible="true" lon="72.9628728" lat="19.2114936" version="1" uid="1" timestamp="2026-04-09T19:16:40Z" /><node changeset="1" id="13651691245" user="OSMnx" visible="true" lon="72.9620888" lat="19.2121057" version="1" uid="1" timestamp="2026-04-09T19:16:40Z" /><node changeset="1" id="13651691246" user="OSMnx" visible="true" lon="72.9620561" lat="19.212116" version="1" uid="1" timestamp="2026-04-09T19:16:40Z" /><node changeset="1" id="13651691247" user="OSMnx" visible="true" lon="72.9620272" lat="19.2121164" version="1" uid="1" timestamp="2026-04-09T19:16:40Z" /><node changeset="1" id="13651691248" user="OSMnx" visible="true" lon="72.9619985" lat="19.212111" version="1" uid="1" timestamp="2026-04-09T19:16:40Z" /><node changeset="1" id="13651691249" user="OSMnx" visible="true" lon="72.9618905" lat="19.2119771" version="1" uid="1" timestamp="2026-04-09T19:16:40Z" /><node changeset="1" id="13651691250" user="OSMnx" visible="true" lon="72.9618827" lat="19.2119572" version="1" uid="1" timestamp="2026-04-09T19:16:40Z" /><node changeset="1" id="13651691251" user="OSMnx" visible="true" lon="72.96188" lat="19.2119342" version="1" uid="1" timestamp="2026-04-09T19:16:40Z" /><node changeset="1" id="13651691252" user="OSMnx" visible="true" lon="72.9618876" lat="19.2119143" version="1" uid="1" timestamp="2026-04-09T19:16:40Z" /><node changeset="1" id="13651691253" user="OSMnx" visible="true" lon="72.9621849" lat="19.2116531" version="1" uid="1" timestamp="2026-04-09T19:16:40Z" /><node changeset="1" id="13651691254" user="OSMnx" visible="true" lon="72.9623046" lat="19.2116156" version="1" uid="1" timestamp="2026-04-09T19:16:40Z" /><node changeset="1" id="13651691255" user="OSMnx" visible="true" lon="72.9620663" lat="19.2114353" version="1" uid="1" timestamp="2026-04-09T19:16:40Z" /><node changeset="1" id="13651691256" user="OSMnx" visible="true" lon="72.962154" lat="19.2115429" version="1" uid="1" timestamp="2026-04-09T19:16:40Z" /><node changeset="1" id="13651691257" user="OSMnx" visible="true" lon="72.9621936" lat="19.2115829" version="1" uid="1" timestamp="2026-04-09T19:16:40Z" /><node changeset="1" id="13651691258" user="OSMnx" visible="true" lon="72.9622537" lat="19.2116266" version="1" uid="1" timestamp="2026-04-09T19:16:40Z" /><node changeset="1" id="13651691259" user="OSMnx" visible="true" lon="72.961896" lat="19.2118815" version="1" uid="1" timestamp="2026-04-09T19:16:40Z" /><node changeset="1" id="13651691260" user="OSMnx" visible="true" lon="72.9618053" lat="19.2117109" version="1" uid="1" timestamp="2026-04-09T19:16:40Z" /><node changeset="1" id="13651691261" user="OSMnx" visible="true" lon="72.962459" lat="19.2121606" version="1" uid="1" timestamp="2026-04-09T19:16:40Z" /><node changeset="1" id="13651691262" user="OSMnx" visible="true" lon="72.9622034" lat="19.2123717" version="1" uid="1" timestamp="2026-04-09T19:16:40Z" /><node changeset="1" id="13651691263" user="OSMnx" visible="true" lon="72.9621604" lat="19.2124041" version="1" uid="1" timestamp="2026-04-09T19:16:40Z" /><node changeset="1" id="13651691264" user="OSMnx" visible="true" lon="72.9621335" lat="19.2124226" version="1" uid="1" timestamp="2026-04-09T19:16:40Z" /><node changeset="1" id="13651691265" user="OSMnx" visible="true" lon="72.9621049" lat="19.2124303" version="1" uid="1" timestamp="2026-04-09T19:16:40Z" /><node changeset="1" id="13651691266" user="OSMnx" visible="true" lon="72.9620668" lat="19.2124209" version="1" uid="1" timestamp="2026-04-09T19:16:40Z" /><node changeset="1" id="13651691267" user="OSMnx" visible="true" lon="72.9620319" lat="19.2123921" version="1" uid="1" timestamp="2026-04-09T19:16:40Z" /><node changeset="1" id="13651691268" user="OSMnx" visible="true" lon="72.9620159" lat="19.2123681" version="1" uid="1" timestamp="2026-04-09T19:16:40Z" /><node changeset="1" id="13651691269" user="OSMnx" visible="true" lon="72.9619985" lat="19.2123294" version="1" uid="1" timestamp="2026-04-09T19:16:40Z" /><node changeset="1" id="13671621834" user="OSMnx" visible="true" lon="72.9781231" lat="19.2193067" version="1" uid="1" timestamp="2026-04-09T19:16:40Z" /><node changeset="1" id="13671621836" user="OSMnx" visible="true" lon="72.978128" lat="19.2192667" version="1" uid="1" timestamp="2026-04-09T19:16:40Z" /><way changeset="1" id="8461852" uid="1" user="OSMnx" visible="true" timestamp="2026-04-09T19:16:40Z" version="1"><nd ref="11133944867" /><nd ref="11133944866" /><nd ref="2230881525" /><nd ref="2230881521" /><nd ref="2230881517" /><nd ref="2230881514" /><nd ref="2230881513" /><nd ref="2230881516" /><nd ref="2230881519" /><nd ref="2230881523" /><nd ref="7330879063" /><nd ref="7330879064" /><nd ref="1078664103" /><nd ref="12072966779" /><nd ref="12072966781" /><nd ref="7330879066" /><nd ref="7330879065" /><nd ref="1078664418" /><nd ref="1078664175" /><tag k="highway" v="residential" /><tag k="oneway" v="no" /><tag k="name" v="Shree Nateshwar Mahadev Mandir Marg" /></way><way changeset="1" id="35374839" uid="1" user="OSMnx" visible="true" timestamp="2026-04-09T19:16:40Z" version="1"><nd ref="6802495508" /><nd ref="12105638973" /><nd ref="13279739501" /><nd ref="1960733680" /><nd ref="12105638980" /><nd ref="13279653197" /><nd ref="9925315016" /><nd ref="414727652" /><nd ref="1960733758" /><nd ref="1960733773" /><nd ref="4367767549" /><nd ref="414727654" /><nd ref="1960733816" /><nd ref="414727656" /><nd ref="1960733853" /><nd ref="6608932275" /><tag k="highway" v="primary" /><tag k="oneway" v="no" /></way><way changeset="1" id="35375309" uid="1" user="OSMnx" visible="true" timestamp="2026-04-09T19:16:40Z" version="1"><nd ref="8536663541" /><nd ref="2230882094" /><nd ref="8536663557" /><nd ref="8795776780" /><tag k="highway" v="residential" /><tag k="oneway" v="no" /></way><way changeset="1" id="37813456" uid="1" user="OSMnx" visible="true" timestamp="2026-04-09T19:16:40Z" version="1"><nd ref="1960734938" /><nd ref="10939719987" /><nd ref="8551670535" /><tag k="highway" v="tertiary" /><tag k="oneway" v="no" /><tag k="name" v="Prabhakar Kunte Marg" /><tag k="lanes" v="2" /></way><way changeset="1" id="37815496" uid="1" user="OSMnx" visible="true" timestamp="2026-04-09T19:16:40Z" version="1"><nd ref="1855304304" /><nd ref="6802412680" /><nd ref="2230881569" /><nd ref="6802412679" /><nd ref="9977256691" /><nd ref="6802412673" /><tag k="highway" v="tertiary" /><tag k="oneway" v="no" /></way><way changeset="1" id="102264556" uid="1" user="OSMnx" visible="true" timestamp="2026-04-09T19:16:40Z" version="1"><nd ref="352462430" /><nd ref="1960734283" /><tag k="bridge" v="yes" /><tag k="highway" v="trunk" /><tag k="oneway" v="no" /><tag k="name" v="Eastern Express Highway" /><tag k="lanes" v="3" /><tag k="ref" v="NH48" /></way><way changeset="1" id="102264947" uid="1" user="OSMnx" visible="true" timestamp="2026-04-09T19:16:40Z" version="1"><nd ref="1180435752" /><nd ref="5865499836" /><nd ref="1180435746" /><nd ref="5865499834" /><nd ref="1180435741" /><nd ref="1960734286" /><tag k="highway" v="trunk_link" /><tag k="oneway" v="no" /></way><way changeset="1" id="102264948" uid="1" user="OSMnx" visible="true" timestamp="2026-04-09T19:16:40Z" version="1"><nd ref="1178760806" /><nd ref="1178760805" /><nd ref="352462827" /><nd ref="1178760803" /><nd ref="1178760802" /><nd ref="1178760801" /><nd ref="7736315028" /><nd ref="4214654644" /><nd ref="7736315026" /><tag k="bridge" v="yes" /><tag k="highway" v="trunk" /><tag k="oneway" v="no" /><tag k="name" v="Majiwada Flyover" /><tag k="lanes" v="3" /><tag k="ref" v="NH48" /></way><way changeset="1" id="102388775" uid="1" user="OSMnx" visible="true" timestamp="2026-04-09T19:16:40Z" version="1"><nd ref="2227587659" /><nd ref="11939303082" /><nd ref="2227587672" /><nd ref="8506304003" /><nd ref="1182363460" /><nd ref="1182363471" /><nd ref="9350865540" /><nd ref="7371534250" /><nd ref="7366380223" /><nd ref="1182363562" /><nd ref="1182363512" /><nd ref="8794902859" /><nd ref="9350865337" /><nd ref="1182363451" /><nd ref="7366287345" /><nd ref="1182363525" /><tag k="highway" v="tertiary" /><tag k="oneway" v="no" /><tag k="name" v="Dhokali Road" /></way><way changeset="1" id="102388776" uid="1" user="OSMnx" visible="true" timestamp="2026-04-09T19:16:40Z" version="1"><nd ref="7366287326" /><nd ref="10595428391" /><nd ref="7391552064" /><nd ref="7366008396" /><nd ref="1182363528" /><nd ref="9350865570" /><nd ref="11042049725" /><nd ref="2227587684" /><nd ref="9350865577" /><nd ref="9350865546" /><nd ref="12415375554" /><nd ref="11045694952" /><nd ref="1182363542" /><nd ref="11045694948" /><nd ref="1182363583" /><nd ref="10310493155" /><nd ref="9350865291" /><nd ref="10226924320" /><nd ref="1182363492" /><nd ref="8643781331" /><nd ref="5741275294" /><nd ref="8643781330" /><nd ref="1182363477" /><nd ref="6604559419" /><tag k="maxspeed" v="50" /><tag k="highway" v="tertiary" /><tag k="oneway" v="no" /><tag k="name" v="Kolshet Road" /><tag k="lanes" v="4" /></way><way changeset="1" id="102529419" uid="1" user="OSMnx" visible="true" timestamp="2026-04-09T19:16:40Z" version="1"><nd ref="1184122869" /><nd ref="1960733842" /><nd ref="1184122870" /><nd ref="7330879062" /><nd ref="1184122857" /><nd ref="11056333952" /><nd ref="4367392904" /><nd ref="1184122889" /><nd ref="9916993836" /><nd ref="1184122824" /><nd ref="11056334564" /><nd ref="1184122886" /><nd ref="1184122880" /><nd ref="7400996224" /><nd ref="1184122883" /><nd ref="1184122907" /><nd ref="1184122882" /><nd ref="1184122829" /><nd ref="1184122896" /><nd ref="1184122860" /><nd ref="1184122861" /><nd ref="1184122879" /><nd ref="1184122859" /><nd ref="414595050" /><tag k="highway" v="tertiary" /><tag k="oneway" v="no" /><tag k="name" v="Kolbad Road" /></way><way changeset="1" id="102529422" uid="1" user="OSMnx" visible="true" timestamp="2026-04-09T19:16:40Z" version="1"><nd ref="1184122882" /><nd ref="4368932809" /><nd ref="1184122901" /><nd ref="7398093886" /><nd ref="1184122822" /><nd ref="1184122891" /><nd ref="7397772463" /><nd ref="1184122843" /><nd ref="1184122873" /><tag k="highway" v="residential" /><tag k="oneway" v="no" /></way><way changeset="1" id="102529426" uid="1" user="OSMnx" visible="true" timestamp="2026-04-09T19:16:40Z" version="1"><nd ref="1184122880" /><nd ref="1184122874" /><nd ref="1184122851" /><nd ref="1184122887" /><nd ref="1184122910" /><nd ref="1184122911" /><nd ref="1184122873" /><nd ref="1184122892" /><nd ref="1184122863" /><nd ref="1184122835" /><nd ref="11043430791" /><nd ref="1184122905" /><nd ref="1184122839" /><nd ref="1184122837" /><nd ref="1184122825" /><nd ref="1184122826" /><nd ref="1184122872" /><nd ref="1184122903" /><nd ref="1184122864" /><tag k="highway" v="tertiary" /><tag k="oneway" v="no" /></way><way changeset="1" id="102531687" uid="1" user="OSMnx" visible="true" timestamp="2026-04-09T19:16:40Z" version="1"><nd ref="619143463" /><nd ref="8500641973" /><nd ref="619143464" /><nd ref="1960734778" /><nd ref="10945734220" /><nd ref="8506478525" /><nd ref="619143465" /><nd ref="7346079866" /><nd ref="2227587035" /><nd ref="619143466" /><nd ref="10310658128" /><nd ref="1960734892" /><nd ref="2227587235" /><nd ref="619143467" /><nd ref="619143468" /><nd ref="619143469" /><nd ref="10738653694" /><nd ref="619143470" /><nd ref="619143471" /><tag k="highway" v="secondary" /><tag k="oneway" v="no" /><tag k="name" v="Saket Road" /></way><way changeset="1" id="107533638" uid="1" user="OSMnx" visible="true" timestamp="2026-04-09T19:16:40Z" version="1"><nd ref="7366326284" /><nd ref="13362959834" /><tag k="highway" v="tertiary" /><tag k="oneway" v="no" /><tag k="name" v="Akbar Camp Road" /></way><way changeset="1" id="107538143" uid="1" user="OSMnx" visible="true" timestamp="2026-04-09T19:16:40Z" version="1"><nd ref="2230881882" /><nd ref="7375294014" /><nd ref="1235792896" /><nd ref="1235792920" /><nd ref="1235792910" /><nd ref="8781303938" /><nd ref="1235792933" /><nd ref="1235792897" /><tag k="highway" v="residential" /><tag k="oneway" v="no" /></way><way changeset="1" id="107538144" uid="1" user="OSMnx" visible="true" timestamp="2026-04-09T19:16:40Z" version="1"><nd ref="1235792897" /><nd ref="10538906601" /><nd ref="1960734918" /><tag k="highway" v="residential" /><tag k="oneway" v="no" /></way><way changeset="1" id="151528926" uid="1" user="OSMnx" visible="true" timestamp="2026-04-09T19:16:40Z" version="1"><nd ref="1960734881" /><nd ref="1643413937" /><tag k="highway" v="residential" /><tag k="oneway" v="no" /></way><way changeset="1" id="151531016" uid="1" user="OSMnx" visible="true" timestamp="2026-04-09T19:16:40Z" version="1"><nd ref="8531002108" /><nd ref="6615763074" /><nd ref="8325045743" /><nd ref="4367377422" /><nd ref="6615763075" /><nd ref="6615763079" /><nd ref="8325045740" /><nd ref="6615763076" /><nd ref="8485754659" /><nd ref="8564342799" /><nd ref="6615763077" /><nd ref="6615763073" /><nd ref="6615763071" /><nd ref="6615763072" /><nd ref="8476187272" /><nd ref="12418201715" /><nd ref="8476187278" /><tag k="highway" v="tertiary" /><tag k="oneway" v="no" /><tag k="name" v="Mission Drive" /></way><way changeset="1" id="155241070" uid="1" user="OSMnx" visible="true" timestamp="2026-04-09T19:16:40Z" version="1"><nd ref="1960734268" /><nd ref="12993876261" /><tag k="highway" v="trunk" /><tag k="oneway" v="no" /><tag k="name" v="Eastern Express Highway" /><tag k="lanes" v="3" /><tag k="ref" v="NH48" /></way><way changeset="1" id="174881732" uid="1" user="OSMnx" visible="true" timestamp="2026-04-09T19:16:40Z" version="1"><nd ref="1960735101" /><nd ref="5741268811" /><nd ref="414730508" /><tag k="highway" v="tertiary" /><tag k="oneway" v="no" /><tag k="name" v="Tulsidham Road" /></way><way changeset="1" id="175020131" uid="1" user="OSMnx" visible="true" timestamp="2026-04-09T19:16:40Z" version="1"><nd ref="7280128606" /><nd ref="1856751377" /><nd ref="8458629714" /><nd ref="8531002105" /><tag k="highway" v="residential" /><tag k="oneway" v="no" /><tag k="name" v="Pawar Nagar Road" /></way><way changeset="1" id="175551052" uid="1" user="OSMnx" visible="true" timestamp="2026-04-09T19:16:40Z" version="1"><nd ref="5868392390" /><nd ref="8445010389" /><nd ref="1960734449" /><tag k="highway" v="trunk_link" /><tag k="oneway" v="no" /></way><way changeset="1" id="175559950" uid="1" user="OSMnx" visible="true" timestamp="2026-04-09T19:16:40Z" version="1"><nd ref="9350865577" /><nd ref="11045683087" /><nd ref="1960735159" /><tag k="highway" v="residential" /><tag k="oneway" v="no" /><tag k="name" v="Doctor Syedna Mohammed Burhanuddin Street" /></way><way changeset="1" id="183868575" uid="1" user="OSMnx" visible="true" timestamp="2026-04-09T19:16:40Z" version="1"><nd ref="1942838877" /><nd ref="7400668306" /><nd ref="7400668307" /><nd ref="12504075970" /><nd ref="1942838870" /><nd ref="1942838873" /><nd ref="7400668308" /><nd ref="7400668309" /><nd ref="1942838867" /><tag k="highway" v="residential" /><tag k="oneway" v="no" /></way><way changeset="1" id="185467211" uid="1" user="OSMnx" visible="true" timestamp="2026-04-09T19:16:40Z" version="1"><nd ref="2227587399" /><nd ref="4946969891" /><nd ref="13614211042" /><nd ref="13614211041" /><nd ref="4946969892" /><nd ref="13614211043" /><nd ref="4946969893" /><nd ref="13614211048" /><nd ref="4946969894" /><nd ref="13614211058" /><nd ref="9884981955" /><nd ref="8761948758" /><tag k="highway" v="trunk" /><tag k="oneway" v="no" /><tag k="name" v="Agra Road" /><tag k="lanes" v="2" /><tag k="ref" v="NH848" /></way><way changeset="1" id="185467216" uid="1" user="OSMnx" visible="true" timestamp="2026-04-09T19:16:40Z" version="1"><nd ref="4946969889" /><nd ref="659515964" /><nd ref="5865499853" /><tag k="highway" v="trunk" /><tag k="oneway" v="no" /><tag k="name" v="Agra Road" /><tag k="ref" v="NH848" /></way><way changeset="1" id="185467238" uid="1" user="OSMnx" visible="true" timestamp="2026-04-09T19:16:40Z" version="1"><nd ref="7398093904" /><nd ref="1960734339" /><nd ref="12066760260" /><tag k="highway" v="trunk" /><tag k="oneway" v="no" /><tag k="name" v="Majiwada Flyover" /><tag k="lanes" v="3" /><tag k="ref" v="NH48" /></way><way changeset="1" id="185467250" uid="1" user="OSMnx" visible="true" timestamp="2026-04-09T19:16:40Z" version="1"><nd ref="1960734183" /><nd ref="12793994507" /><nd ref="9992157004" /><nd ref="7398093904" /><tag k="maxspeed" v="40" /><tag k="highway" v="trunk" /><tag k="oneway" v="no" /><tag k="name" v="Eastern Express Highway" /><tag k="lanes" v="5" /><tag k="ref" v="NH48" /></way><way changeset="1" id="185467259" uid="1" user="OSMnx" visible="true" timestamp="2026-04-09T19:16:40Z" version="1"><nd ref="5355360583" /><nd ref="1960734408" /><tag k="highway" v="trunk" /><tag k="oneway" v="no" /><tag k="name" v="Eastern Express Highway" /><tag k="lanes" v="3" /><tag k="ref" v="NH48" /></way><way changeset="1" id="185467298" uid="1" user="OSMnx" visible="true" timestamp="2026-04-09T19:16:40Z" version="1"><nd ref="11027591139" /><nd ref="6615635608" /><nd ref="2230882395" /><nd ref="8586977802" /><nd ref="7123985970" /><tag k="highway" v="secondary" /><tag k="oneway" v="no" /><tag k="name" v="Glady's Alwares Avenue" /><tag k="lanes" v="3" /></way><way changeset="1" id="185467304" uid="1" user="OSMnx" visible="true" timestamp="2026-04-09T19:16:40Z" version="1"><nd ref="9925314950" /><nd ref="8531005267" /><nd ref="4367360128" /><nd ref="8330023682" /><nd ref="2493664951" /><nd ref="1960734936" /><nd ref="1960734952" /><nd ref="2230882003" /><nd ref="1960735013" /><nd ref="8564342806" /><nd ref="6608908198" /><nd ref="7280128657" /><nd ref="9203147550" /><tag k="highway" v="secondary" /><tag k="oneway" v="no" /><tag k="name" v="Glady's Alwares Avenue" /></way><way changeset="1" id="185467339" uid="1" user="OSMnx" visible="true" timestamp="2026-04-09T19:16:40Z" version="1"><nd ref="10936631362" /><nd ref="1184122897" /><nd ref="11056228478" /><nd ref="6802412626" /><tag k="highway" v="primary_link" /><tag k="oneway" v="no" /><tag k="name" v="Lal Bahadur Shastri Marg" /><tag k="lanes" v="2" /></way><way changeset="1" id="185467346" uid="1" user="OSMnx" visible="true" timestamp="2026-04-09T19:16:40Z" version="1"><nd ref="2228291827" /><nd ref="12165264426" /><nd ref="6802412628" /><nd ref="1960733625" /><tag k="highway" v="primary_link" /><tag k="oneway" v="no" /><tag k="name" v="Lal Bahadur Shastri Marg" /><tag k="lanes" v="2" /></way><way changeset="1" id="185467360" uid="1" user="OSMnx" visible="true" timestamp="2026-04-09T19:16:40Z" version="1"><nd ref="1184122845" /><nd ref="10179870686" /><nd ref="6802445263" /><nd ref="6802445262" /><nd ref="1184122847" /><nd ref="414595052" /><nd ref="13377523529" /><nd ref="13377523536" /><nd ref="414595051" /><nd ref="414595050" /><nd ref="10275450996" /><nd ref="4368932806" /><nd ref="414595049" /><nd ref="4368932802" /><nd ref="7010109320" /><tag k="highway" v="primary_link" /><tag k="oneway" v="no" /><tag k="name" v="Lal Bahadur Shastri Marg" /></way><way changeset="1" id="185467362" uid="1" user="OSMnx" visible="true" timestamp="2026-04-09T19:16:40Z" version="1"><nd ref="1960734521" /><nd ref="12558219497" /><nd ref="9925315036" /><nd ref="8637519681" /><nd ref="1960734545" /><tag k="highway" v="trunk" /><tag k="oneway" v="no" /><tag k="name" v="Thane Ghodbunder Road" /><tag k="ref" v="NH848" /></way><way changeset="1" id="185467363" uid="1" user="OSMnx" visible="true" timestamp="2026-04-09T19:16:40Z" version="1"><nd ref="7010109326" /><nd ref="6802495532" /><nd ref="1960733955" /><nd ref="6802495533" /><nd ref="1960733875" /><nd ref="1960733850" /><nd ref="4367767542" /><nd ref="1960733778" /><nd ref="1960733775" /><nd ref="1960733766" /><tag k="highway" v="primary_link" /><tag k="oneway" v="no" /><tag k="name" v="Lal Bahadur Shastri Marg" /></way><way changeset="1" id="185467371" uid="1" user="OSMnx" visible="true" timestamp="2026-04-09T19:16:40Z" version="1"><nd ref="12066760260" /><nd ref="5355360602" /><nd ref="5355360604" /><nd ref="1960734451" /><nd ref="1960734459" /><nd ref="1960734464" /><nd ref="4214654589" /><nd ref="1960734472" /><nd ref="2250655552" /><nd ref="2250655553" /><nd ref="2250655555" /><nd ref="1960734475" /><nd ref="1960734474" /><nd ref="1960734470" /><nd ref="1960734468" /><tag k="maxspeed" v="60" /><tag k="bridge" v="yes" /><tag k="highway" v="trunk" /><tag k="oneway" v="no" /><tag k="name" v="Majiwada Flyover" /><tag k="lanes" v="3" /><tag k="ref" v="NH48" /></way><way changeset="1" id="185467435" uid="1" user="OSMnx" visible="true" timestamp="2026-04-09T19:16:40Z" version="1"><nd ref="1855281030" /><nd ref="1960735147" /><nd ref="8572278840" /><nd ref="11043752427" /><nd ref="1855281031" /><nd ref="1855281026" /><nd ref="1855281027" /><nd ref="2230882065" /><nd ref="1855281028" /><nd ref="8571796117" /><nd ref="1855281032" /><nd ref="8571773916" /><nd ref="1855281029" /><nd ref="8571773915" /><nd ref="8571796118" /><nd ref="9350865410" /><nd ref="1855281025" /><nd ref="13362947951" /><nd ref="2491194123" /><nd ref="1861349246" /><tag k="highway" v="tertiary" /><tag k="oneway" v="no" /><tag k="name" v="Tulsidham Road" /></way><way changeset="1" id="185467446" uid="1" user="OSMnx" visible="true" timestamp="2026-04-09T19:16:40Z" version="1"><nd ref="1960733668" /><nd ref="10936705353" /><nd ref="414595019" /><nd ref="2228291842" /><nd ref="8789863200" /><nd ref="10936688068" /><nd ref="414595020" /><nd ref="4367767546" /><nd ref="8789863201" /><nd ref="414595021" /><nd ref="6608932273" /><nd ref="1960733873" /><nd ref="414595022" /><nd ref="6802412634" /><nd ref="1960734050" /><nd ref="6802445273" /><tag k="highway" v="tertiary" /><tag k="oneway" v="no" /><tag k="name" v="Uthalsar Road" /><tag k="lanes" v="4" /></way><way changeset="1" id="185467460" uid="1" user="OSMnx" visible="true" timestamp="2026-04-09T19:16:40Z" version="1"><nd ref="1643413951" /><nd ref="8465743723" /><nd ref="9203147700" /><nd ref="8465743733" /><nd ref="10926217341" /><nd ref="8451863619" /><nd ref="1643413961" /><nd ref="1643413963" /><nd ref="7366137814" /><nd ref="8476187280" /><nd ref="1643413966" /><nd ref="9203147762" /><nd ref="1643413969" /><nd ref="8476187279" /><nd ref="1643413981" /><nd ref="7280128605" /><tag k="maxspeed" v="30" /><tag k="highway" v="residential" /><tag k="oneway" v="no" /><tag k="name" v="Vasant Vihar Road" /><tag k="lanes" v="2" /></way><way changeset="1" id="185467465" uid="1" user="OSMnx" visible="true" timestamp="2026-04-09T19:16:40Z" version="1"><nd ref="1855283453" /><nd ref="1960735181" /><nd ref="2230882213" /><nd ref="1960735187" /><nd ref="8791338032" /><nd ref="2230882237" /><nd ref="1960735208" /><nd ref="1960735216" /><tag k="highway" v="tertiary" /><tag k="oneway" v="no" /><tag k="name" v="Upper Delta Avenue" /></way><way changeset="1" id="185467471" uid="1" user="OSMnx" visible="true" timestamp="2026-04-09T19:16:40Z" version="1"><nd ref="7736315010" /><nd ref="10279377260" /><nd ref="1960733642" /><nd ref="1960733661" /><nd ref="11038561582" /><nd ref="10054380654" /><nd ref="9345838244" /><nd ref="13164727360" /><nd ref="13431778552" /><nd ref="7736315018" /><tag k="highway" v="trunk_link" /><tag k="oneway" v="no" /><tag k="lanes" v="3" /></way><way changeset="1" id="185467476" uid="1" user="OSMnx" visible="true" timestamp="2026-04-09T19:16:40Z" version="1"><nd ref="1960734182" /><nd ref="5865499831" /><tag k="highway" v="trunk_link" /><tag k="oneway" v="no" /><tag k="lanes" v="3" /></way><way changeset="1" id="185467492" uid="1" user="OSMnx" visible="true" timestamp="2026-04-09T19:16:40Z" version="1"><nd ref="2228291962" /><nd ref="11938951570" /><nd ref="1960733821" /><nd ref="1960733777" /><nd ref="1960733762" /><nd ref="1960733742" /><nd ref="9925315017" /><nd ref="6802495518" /><nd ref="6802495517" /><tag k="highway" v="primary" /><tag k="oneway" v="no" /></way><way changeset="1" id="185467517" uid="1" user="OSMnx" visible="true" timestamp="2026-04-09T19:16:40Z" version="1"><nd ref="1960735011" /><nd ref="1960734993" /><tag k="highway" v="residential" /><tag k="oneway" v="no" /></way><way changeset="1" id="185467525" uid="1" user="OSMnx" visible="true" timestamp="2026-04-09T19:16:40Z" version="1"><nd ref="1643413937" /><nd ref="8531005261" /><nd ref="9203147726" /><nd ref="13431778544" /><nd ref="9203147715" /><nd ref="8530844752" /><nd ref="2230882051" /><nd ref="12419047649" /><nd ref="10926246153" /><tag k="maxspeed" v="30" /><tag k="highway" v="residential" /><tag k="oneway" v="no" /><tag k="name" v="Vasant Vihar Road" /></way><way changeset="1" id="185467549" uid="1" user="OSMnx" visible="true" timestamp="2026-04-09T19:16:40Z" version="1"><nd ref="2230882337" /><nd ref="9208555497" /><nd ref="7366137804" /><nd ref="2230882193" /><nd ref="2230882189" /><nd ref="7366137805" /><nd ref="2230882178" /><nd ref="7366137806" /><nd ref="2230882119" /><nd ref="2230882087" /><nd ref="4367377455" /><nd ref="9215791080" /><nd ref="1960735161" /><tag k="highway" v="residential" /><tag k="oneway" v="no" /><tag k="name" v="Vasantkunj Lane" /></way><way changeset="1" id="185467551" uid="1" user="OSMnx" visible="true" timestamp="2026-04-09T19:16:40Z" version="1"><nd ref="1960733875" /><nd ref="414595050" /><tag k="highway" v="tertiary_link" /><tag k="oneway" v="no" /></way><way changeset="1" id="185467559" uid="1" user="OSMnx" visible="true" timestamp="2026-04-09T19:16:40Z" version="1"><nd ref="10251547847" /><nd ref="1960734972" /><tag k="highway" v="tertiary" /><tag k="oneway" v="no" /></way><way changeset="1" id="185467570" uid="1" user="OSMnx" visible="true" timestamp="2026-04-09T19:16:40Z" version="1"><nd ref="1960735262" /><nd ref="2493165202" /><nd ref="2250655573" /><nd ref="1960735264" /><nd ref="2227588318" /><nd ref="2227588329" /><tag k="highway" v="residential" /><tag k="oneway" v="no" /><tag k="name" v="38th East Street" /></way><way changeset="1" id="185467597" uid="1" user="OSMnx" visible="true" timestamp="2026-04-09T19:16:40Z" version="1"><nd ref="1960734536" /><nd ref="4368948843" /><nd ref="4367349654" /><nd ref="4367349652" /><tag k="highway" v="residential" /><tag k="oneway" v="no" /></way><way changeset="1" id="185467619" uid="1" user="OSMnx" visible="true" timestamp="2026-04-09T19:16:40Z" version="1"><nd ref="1960734794" /><nd ref="1960734783" /><tag k="highway" v="secondary_link" /><tag k="oneway" v="no" /></way><way changeset="1" id="185467625" uid="1" user="OSMnx" visible="true" timestamp="2026-04-09T19:16:40Z" version="1"><nd ref="1960734918" /><nd ref="1235792908" /><tag k="highway" v="secondary_link" /><tag k="oneway" v="no" /></way><way changeset="1" id="185467631" uid="1" user="OSMnx" visible="true" timestamp="2026-04-09T19:16:40Z" version="1"><nd ref="414730509" /><nd ref="6608755814" /><nd ref="9199470743" /><nd ref="1960734967" /><nd ref="2227587214" /><tag k="highway" v="residential" /><tag k="oneway" v="no" /><tag k="name" v="Tulsidham Nalpada Road" /></way><way changeset="1" id="185467642" uid="1" user="OSMnx" visible="true" timestamp="2026-04-09T19:16:40Z" version="1"><nd ref="1184122826" /><nd ref="1184122836" /><nd ref="1184122838" /><nd ref="11043451892" /><nd ref="1184122842" /><tag k="highway" v="tertiary" /><tag k="oneway" v="no" /><tag k="name" v="Lal Bahadur Shastri Road" /></way><way changeset="1" id="185467687" uid="1" user="OSMnx" visible="true" timestamp="2026-04-09T19:16:40Z" version="1"><nd ref="1960735063" /><nd ref="1960735011" /><nd ref="7331353173" /><tag k="highway" v="residential" /><tag k="oneway" v="no" /></way><way changeset="1" id="185467694" uid="1" user="OSMnx" visible="true" timestamp="2026-04-09T19:16:40Z" version="1"><nd ref="1960733734" /><nd ref="1960733727" /><tag k="highway" v="secondary" /><tag k="oneway" v="no" /></way><way changeset="1" id="185467697" uid="1" user="OSMnx" visible="true" timestamp="2026-04-09T19:16:40Z" version="1"><nd ref="1960734156" /><nd ref="9885249764" /><nd ref="1960734178" /><tag k="highway" v="residential" /><tag k="oneway" v="no" /></way><way changeset="1" id="185467699" uid="1" user="OSMnx" visible="true" timestamp="2026-04-09T19:16:40Z" version="1"><nd ref="7366248543" /><nd ref="7366248542" /><nd ref="1960735299" /><tag k="highway" v="residential" /><tag k="oneway" v="no" /><tag k="name" v="Shri Gurudatta Maharaj Marg" /><tag k="lanes" v="1" /></way><way changeset="1" id="185467710" uid="1" user="OSMnx" visible="true" timestamp="2026-04-09T19:16:40Z" version="1"><nd ref="1960734277" /><nd ref="12088212729" /><tag k="highway" v="residential" /><tag k="oneway" v="no" /></way><way changeset="1" id="185467715" uid="1" user="OSMnx" visible="true" timestamp="2026-04-09T19:16:40Z" version="1"><nd ref="1960735091" /><nd ref="8476187285" /><nd ref="12419494452" /><nd ref="10926217344" /><nd ref="9203147757" /><nd ref="10926246149" /><nd ref="9203147556" /><tag k="maxspeed" v="30" /><tag k="highway" v="residential" /><tag k="oneway" v="no" /></way><way changeset="1" id="185467731" uid="1" user="OSMnx" visible="true" timestamp="2026-04-09T19:16:40Z" version="1"><nd ref="7366248550" /><nd ref="8489502609" /><nd ref="8478406884" /><nd ref="8478406883" /><nd ref="1235814053" /><nd ref="8476187300" /><nd ref="1235814023" /><nd ref="8476187301" /><nd ref="1235814040" /><nd ref="1960735268" /><nd ref="10279403389" /><nd ref="1235814045" /><nd ref="8478406885" /><nd ref="1235814003" /><nd ref="8478406886" /><nd ref="1235814072" /><nd ref="8788678316" /><nd ref="10279403395" /><nd ref="1235814027" /><nd ref="8489502613" /><nd ref="8489502614" /><nd ref="8489502610" /><nd ref="8489502611" /><nd ref="8450022951" /><nd ref="1235813999" /><nd ref="8489502612" /><nd ref="1235813888" /><nd ref="8478406889" /><nd ref="1235814015" /><nd ref="8478406888" /><nd ref="1235814011" /><nd ref="8478406887" /><nd ref="1235814026" /><nd ref="8478406890" /><nd ref="8489502615" /><nd ref="1235814084" /><nd ref="2230882480" /><nd ref="8788678315" /><nd ref="11066239232" /><nd ref="2230882534" /><tag k="highway" v="residential" /><tag k="oneway" v="no" /><tag k="name" v="Garden Estate Road" /></way><way changeset="1" id="185467751" uid="1" user="OSMnx" visible="true" timestamp="2026-04-09T19:16:40Z" version="1"><nd ref="1960734164" /><nd ref="10279453014" /><nd ref="7947765375" /><nd ref="1960734205" /><nd ref="1960734209" /><tag k="highway" v="residential" /><tag k="oneway" v="no" /><tag k="name" v="Sripad Dongre Marg" /></way><way changeset="1" id="185467753" uid="1" user="OSMnx" visible="true" timestamp="2026-04-09T19:16:40Z" version="1"><nd ref="1960734422" /><nd ref="1960734449" /><tag k="highway" v="trunk_link" /><tag k="oneway" v="no" /></way><way changeset="1" id="185467769" uid="1" user="OSMnx" visible="true" timestamp="2026-04-09T19:16:40Z" version="1"><nd ref="1960734533" /><nd ref="2230881653" /><nd ref="1960734526" /><nd ref="7374824423" /><nd ref="7374824422" /><nd ref="1960734529" /><nd ref="1960734528" /><tag k="highway" v="residential" /><tag k="oneway" v="no" /></way><way changeset="1" id="185467771" uid="1" user="OSMnx" visible="true" timestamp="2026-04-09T19:16:40Z" version="1"><nd ref="1960734536" /><nd ref="1960734524" /><nd ref="1960734517" /><tag k="highway" v="residential" /><tag k="oneway" v="no" /></way><way changeset="1" id="185467779" uid="1" user="OSMnx" visible="true" timestamp="2026-04-09T19:16:40Z" version="1"><nd ref="7736315015" /><nd ref="10168886533" /><nd ref="10168886525" /><nd ref="10168886524" /><nd ref="10168886526" /><nd ref="7330879077" /><nd ref="13164727361" /><nd ref="1960733812" /><nd ref="1960733846" /><nd ref="8898052142" /><tag k="highway" v="tertiary" /><tag k="oneway" v="no" /><tag k="name" v="Shahid Mangal Pandey Road" /></way><way changeset="1" id="185467838" uid="1" user="OSMnx" visible="true" timestamp="2026-04-09T19:16:40Z" version="1"><nd ref="1960734355" /><nd ref="2228292629" /><nd ref="11135858840" /><nd ref="1960734298" /><nd ref="11135858839" /><nd ref="1960734350" /><nd ref="1960734392" /><nd ref="8637519680" /><nd ref="8637519676" /><nd ref="8637519679" /><nd ref="1960734394" /><nd ref="8637519678" /><nd ref="8637519675" /><nd ref="8637519677" /><nd ref="1960734396" /><nd ref="10564628103" /><nd ref="10564628106" /><nd ref="6609257918" /><nd ref="1960734403" /><nd ref="6609179827" /><nd ref="1960734424" /><tag k="highway" v="residential" /><tag k="oneway" v="no" /><tag k="name" v="RW Sawant Road" /></way><way changeset="1" id="185467839" uid="1" user="OSMnx" visible="true" timestamp="2026-04-09T19:16:40Z" version="1"><nd ref="9203147553" /><nd ref="9214906439" /><nd ref="9214906453" /><nd ref="9214906457" /><nd ref="12086522486" /><nd ref="9214906454" /><nd ref="12086522483" /><nd ref="5741268810" /><tag k="highway" v="tertiary" /><tag k="oneway" v="no" /></way><way changeset="1" id="185467846" uid="1" user="OSMnx" visible="true" timestamp="2026-04-09T19:16:40Z" version="1"><nd ref="2440275234" /><nd ref="2440275236" /><nd ref="2440275237" /><nd ref="2440275238" /><nd ref="2440275239" /><nd ref="2227586582" /><nd ref="2227586640" /><nd ref="2227586671" /><tag k="highway" v="residential" /><tag k="oneway" v="no" /><tag k="name" v="Majiwada Village Road" /></way><way changeset="1" id="185467864" uid="1" user="OSMnx" visible="true" timestamp="2026-04-09T19:16:40Z" version="1"><nd ref="4213259528" /><nd ref="11070573898" /><nd ref="2230882435" /><nd ref="13633803427" /><nd ref="13633803425" /><nd ref="11043318887" /><nd ref="9212473116" /><nd ref="2230882433" /><nd ref="8626486699" /><nd ref="9188261853" /><nd ref="9208555809" /><nd ref="9188261850" /><nd ref="8626486698" /><nd ref="9188261841" /><nd ref="9188261862" /><nd ref="8626486700" /><nd ref="9188261859" /><nd ref="2230882428" /><nd ref="9188261844" /><nd ref="8549716756" /><nd ref="8549716735" /><nd ref="8549716729" /><nd ref="13640435278" /><nd ref="2230882426" /><nd ref="13633883154" /><nd ref="13633883162" /><nd ref="7366248543" /><tag k="highway" v="residential" /><tag k="oneway" v="no" /><tag k="name" v="Khewra circle marg" /></way><way changeset="1" id="185467869" uid="1" user="OSMnx" visible="true" timestamp="2026-04-09T19:16:40Z" version="1"><nd ref="4367349653" /><nd ref="1960734524" /><nd ref="7375294002" /><tag k="highway" v="residential" /><tag k="oneway" v="no" /></way><way changeset="1" id="185467889" uid="1" user="OSMnx" visible="true" timestamp="2026-04-09T19:16:40Z" version="1"><nd ref="1235792897" /><nd ref="1235792911" /><nd ref="1235792932" /><nd ref="1235792892" /><nd ref="7374824431" /><tag k="highway" v="residential" /><tag k="oneway" v="no" /></way><way changeset="1" id="185467892" uid="1" user="OSMnx" visible="true" timestamp="2026-04-09T19:16:40Z" version="1"><nd ref="1960734334" /><nd ref="1960734366" /><nd ref="7374824433" /><nd ref="2230881591" /><nd ref="2230881600" /><nd ref="13651691244" /><nd ref="4367349658" /><nd ref="4367349655" /><nd ref="1960734529" /><nd ref="6602348164" /><nd ref="7374824430" /><tag k="highway" v="residential" /><tag k="oneway" v="no" /><tag k="name" v="Dharmveer Anand Dighe Saheb" /></way><way changeset="1" id="185467896" uid="1" user="OSMnx" visible="true" timestamp="2026-04-09T19:16:40Z" version="1"><nd ref="1855281030" /><nd ref="1855283456" /><nd ref="1855283454" /><nd ref="1855283453" /><tag k="highway" v="tertiary" /><tag k="oneway" v="no" /><tag k="name" v="Lower Delta Avenue" /></way><way changeset="1" id="185467911" uid="1" user="OSMnx" visible="true" timestamp="2026-04-09T19:16:40Z" version="1"><nd ref="10699835597" /><nd ref="414595021" /><nd ref="1960733875" /><tag k="highway" v="tertiary" /><tag k="oneway" v="no" /></way><way changeset="1" id="185467914" uid="1" user="OSMnx" visible="true" timestamp="2026-04-09T19:16:40Z" version="1"><nd ref="1960735021" /><nd ref="2227587442" /><nd ref="1960735055" /><nd ref="2227587512" /><nd ref="1960735063" /><nd ref="2227587523" /><tag k="highway" v="residential" /><tag k="oneway" v="no" /></way><way changeset="1" id="185467915" uid="1" user="OSMnx" visible="true" timestamp="2026-04-09T19:16:40Z" version="1"><nd ref="1960733727" /><nd ref="1960733722" /><nd ref="1960733716" /><nd ref="10936705362" /><nd ref="11627693381" /><nd ref="1960733674" /><nd ref="1960733664" /><nd ref="1960733668" /><tag k="highway" v="secondary" /><tag k="oneway" v="no" /><tag k="name" v="Ambedkar Rd" /><tag k="lanes" v="2" /></way><way changeset="1" id="185467928" uid="1" user="OSMnx" visible="true" timestamp="2026-04-09T19:16:40Z" version="1"><nd ref="12793994507" /><nd ref="12793994506" /><nd ref="12793994508" /><nd ref="1180435749" /><nd ref="5865499835" /><nd ref="1960734422" /><nd ref="1960734489" /><nd ref="1960734521" /><tag k="highway" v="trunk_link" /><tag k="oneway" v="no" /></way><way changeset="1" id="185467929" uid="1" user="OSMnx" visible="true" timestamp="2026-04-09T19:16:40Z" version="1"><nd ref="11939157086" /><nd ref="13551379980" /><nd ref="5923939929" /><nd ref="1180440459" /><nd ref="7736323974" /><nd ref="1180440463" /><nd ref="5865499842" /><nd ref="11939157084" /><nd ref="5865499839" /><nd ref="2440275233" /><nd ref="1180440465" /><nd ref="12279734509" /><nd ref="1960734408" /><tag k="highway" v="trunk_link" /><tag k="oneway" v="no" /></way><way changeset="1" id="185467937" uid="1" user="OSMnx" visible="true" timestamp="2026-04-09T19:16:40Z" version="1"><nd ref="1960734207" /><nd ref="1960734187" /><nd ref="1960734164" /><nd ref="8898052125" /><nd ref="11182563420" /><nd ref="10956710785" /><nd ref="1960733917" /><nd ref="7375339543" /><tag k="highway" v="residential" /><tag k="oneway" v="no" /><tag k="name" v="वि.वा. शिरवाडकर मार्ग" /><tag k="lanes" v="2" /></way><way changeset="1" id="185467944" uid="1" user="OSMnx" visible="true" timestamp="2026-04-09T19:16:40Z" version="1"><nd ref="1960733917" /><nd ref="10279453017" /><nd ref="9170947847" /><nd ref="1960734021" /><nd ref="7944277069" /><nd ref="7944277070" /><nd ref="1960734119" /><nd ref="1960734151" /><nd ref="1960734174" /><nd ref="12999071087" /><nd ref="1960734205" /><tag k="highway" v="residential" /><tag k="oneway" v="no" /><tag k="name" v="Sripad Dongre Marg" /></way><way changeset="1" id="212983326" uid="1" user="OSMnx" visible="true" timestamp="2026-04-09T19:16:40Z" version="1"><nd ref="1182363560" /><nd ref="7366287334" /><nd ref="2227588159" /><nd ref="2227588142" /><nd ref="2227588134" /><nd ref="2227588131" /><nd ref="2227588122" /><nd ref="2227588120" /><nd ref="2227588114" /><nd ref="2227588095" /><nd ref="2227588092" /><nd ref="7366008385" /><nd ref="7365952184" /><nd ref="2227588062" /><nd ref="7365952183" /><nd ref="2227588048" /><nd ref="2227588036" /><nd ref="2227588025" /><nd ref="2227588016" /><nd ref="2227587985" /><nd ref="2227587941" /><nd ref="2227587900" /><nd ref="2227587869" /><nd ref="2227587863" /><nd ref="2227587855" /><nd ref="2227587831" /><nd ref="2227587824" /><nd ref="2227587808" /><nd ref="2227587794" /><nd ref="2227587774" /><nd ref="2227587741" /><nd ref="2227587651" /><nd ref="9921939006" /><nd ref="2227587619" /><nd ref="4367380297" /><nd ref="2227587546" /><nd ref="2227587537" /><nd ref="2227587527" /><nd ref="2227587506" /><nd ref="2227587492" /><nd ref="2227587469" /><nd ref="2227587399" /><tag k="highway" v="residential" /><tag k="oneway" v="no" /><tag k="name" v="Balkum Road" /></way><way changeset="1" id="212983332" uid="1" user="OSMnx" visible="true" timestamp="2026-04-09T19:16:40Z" version="1"><nd ref="7366380237" /><nd ref="2227587880" /><nd ref="2227587889" /><nd ref="2227587893" /><nd ref="2227587896" /><nd ref="2227587905" /><nd ref="2227587932" /><nd ref="2227587947" /><nd ref="4367377477" /><nd ref="2227587964" /><nd ref="2227587981" /><nd ref="2227588003" /><nd ref="2227588011" /><nd ref="2227588022" /><tag k="highway" v="residential" /><tag k="oneway" v="no" /><tag k="name" v="Dhokali Village Inner Road" /></way><way changeset="1" id="212983343" uid="1" user="OSMnx" visible="true" timestamp="2026-04-09T19:16:40Z" version="1"><nd ref="2227587520" /><nd ref="5703991620" /><nd ref="2227587500" /><nd ref="2227587473" /><nd ref="2227587452" /><nd ref="2227587392" /><nd ref="4367377486" /><nd ref="2227587260" /><tag k="highway" v="residential" /><tag k="oneway" v="no" /></way><way changeset="1" id="212983351" uid="1" user="OSMnx" visible="true" timestamp="2026-04-09T19:16:40Z" version="1"><nd ref="2489283689" /><nd ref="2227588497" /><nd ref="7365843932" /><nd ref="2227588505" /><nd ref="4233520876" /><nd ref="2227588513" /><nd ref="2227588510" /><nd ref="4233520875" /><nd ref="2227588484" /><nd ref="7365843931" /><nd ref="2227588470" /><tag k="highway" v="residential" /><tag k="oneway" v="no" /></way><way changeset="1" id="212983354" uid="1" user="OSMnx" visible="true" timestamp="2026-04-09T19:16:40Z" version="1"><nd ref="2227587154" /><nd ref="7398093892" /><nd ref="2227587148" /><nd ref="2227587145" /><nd ref="2227587142" /><nd ref="2227587138" /><nd ref="2227587134" /><nd ref="2227587111" /><nd ref="2227587099" /><nd ref="2227587082" /><nd ref="7398093893" /><nd ref="2227587074" /><nd ref="2227587061" /><nd ref="2227587048" /><nd ref="7398093894" /><nd ref="2227587064" /><nd ref="2227587067" /><nd ref="7398093895" /><nd ref="414730361" /><tag k="highway" v="living_street" /><tag k="oneway" v="no" /></way><way changeset="1" id="212983364" uid="1" user="OSMnx" visible="true" timestamp="2026-04-09T19:16:40Z" version="1"><nd ref="2227588505" /><nd ref="2227588546" /><tag k="highway" v="residential" /><tag k="oneway" v="no" /></way><way changeset="1" id="212983377" uid="1" user="OSMnx" visible="true" timestamp="2026-04-09T19:16:40Z" version="1"><nd ref="5923939973" /><nd ref="2227587070" /><nd ref="8784840041" /><nd ref="2227587038" /><nd ref="9885232696" /><nd ref="9885232695" /><nd ref="2227587025" /><nd ref="2227587005" /><nd ref="2227587002" /><nd ref="2227586993" /><nd ref="2227586986" /><nd ref="2227586967" /><nd ref="2227586949" /><nd ref="2227586937" /><tag k="highway" v="residential" /><tag k="oneway" v="no" /></way><way changeset="1" id="212983379" uid="1" user="OSMnx" visible="true" timestamp="2026-04-09T19:16:40Z" version="1"><nd ref="8502359189" /><nd ref="2227588364" /><nd ref="2227588112" /><nd ref="2227588109" /><nd ref="2227588106" /><nd ref="2227588098" /><nd ref="2227588084" /><nd ref="8761948755" /><nd ref="12393310499" /><nd ref="2227587799" /><nd ref="7331361856" /><nd ref="2227587782" /><nd ref="2227587625" /><nd ref="2227587469" /><nd ref="2227587414" /><nd ref="2227587368" /><nd ref="2227587331" /><nd ref="8502152461" /><nd ref="11055872031" /><nd ref="2227587260" /><nd ref="7366380227" /><nd ref="2227587254" /><tag k="maxspeed" v="30" /><tag k="highway" v="tertiary" /><tag k="oneway" v="no" /><tag k="name" v="Pipeline Road" /><tag k="lanes" v="2" /></way><way changeset="1" id="212983393" uid="1" user="OSMnx" visible="true" timestamp="2026-04-09T19:16:40Z" version="1"><nd ref="2227588418" /><nd ref="7365843918" /><nd ref="7365843915" /><nd ref="2227588573" /><nd ref="7365843913" /><nd ref="2227588472" /><nd ref="2227588449" /><nd ref="13444957410" /><nd ref="7365843914" /><nd ref="2227588499" /><nd ref="7365843916" /><nd ref="7365843929" /><nd ref="2227588460" /><nd ref="2227588519" /><nd ref="2227588468" /><nd ref="7365843930" /><nd ref="2227588489" /><nd ref="2227588565" /><nd ref="3796498650" /><nd ref="2227588522" /><nd ref="2227588544" /><nd ref="2227588553" /><tag k="highway" v="residential" /><tag k="oneway" v="no" /></way><way changeset="1" id="212983401" uid="1" user="OSMnx" visible="true" timestamp="2026-04-09T19:16:40Z" version="1"><nd ref="2227586711" /><nd ref="2227586663" /><nd ref="2227586656" /><nd ref="2227586632" /><tag k="highway" v="residential" /><tag k="oneway" v="no" /></way><way changeset="1" id="212983403" uid="1" user="OSMnx" visible="true" timestamp="2026-04-09T19:16:40Z" version="1"><nd ref="2227587265" /><nd ref="2227587315" /><nd ref="2227587395" /><nd ref="1960735077" /><tag k="highway" v="residential" /><tag k="oneway" v="no" /></way><way changeset="1" id="212983407" uid="1" user="OSMnx" visible="true" timestamp="2026-04-09T19:16:40Z" version="1"><nd ref="2227588376" /><nd ref="2227588382" /><nd ref="7365875407" /><nd ref="7365875406" /><nd ref="2227588392" /><nd ref="7365875405" /><nd ref="7365875404" /><nd ref="7365875403" /><nd ref="7365875402" /><nd ref="2227588397" /><nd ref="7365875401" /><nd ref="2227588408" /><tag k="highway" v="residential" /><tag k="oneway" v="no" /></way><way changeset="1" id="212983408" uid="1" user="OSMnx" visible="true" timestamp="2026-04-09T19:16:40Z" version="1"><nd ref="6615982332" /><nd ref="6615982333" /><nd ref="6615982334" /><nd ref="2227586540" /><nd ref="4367762033" /><nd ref="2227586569" /><nd ref="2227586577" /><nd ref="2227586579" /><nd ref="2227586582" /><tag k="highway" v="residential" /><tag k="oneway" v="no" /></way><way changeset="1" id="212983410" uid="1" user="OSMnx" visible="true" timestamp="2026-04-09T19:16:40Z" version="1"><nd ref="2227587235" /><nd ref="2227587245" /><nd ref="2227587249" /><nd ref="2227587258" /><nd ref="2227587268" /><tag k="highway" v="residential" /><tag k="oneway" v="no" /></way><way changeset="1" id="212983418" uid="1" user="OSMnx" visible="true" timestamp="2026-04-09T19:16:40Z" version="1"><nd ref="2227587523" /><nd ref="2227587445" /><nd ref="2227587421" /><nd ref="2227587407" /><nd ref="2227587378" /><nd ref="2227587365" /><tag k="highway" v="residential" /><tag k="oneway" v="no" /></way><way changeset="1" id="212983419" uid="1" user="OSMnx" visible="true" timestamp="2026-04-09T19:16:40Z" version="1"><nd ref="5923939963" /><nd ref="2227587089" /><nd ref="2227587102" /><nd ref="2227587115" /><nd ref="2227587125" /><nd ref="2227587151" /><tag k="highway" v="living_street" /><tag k="oneway" v="no" /></way><way changeset="1" id="212983421" uid="1" user="OSMnx" visible="true" timestamp="2026-04-09T19:16:40Z" version="1"><nd ref="2227586530" /><nd ref="6616506105" /><nd ref="6616506104" /><nd ref="4214654593" /><nd ref="6616162873" /><nd ref="10927956001" /><nd ref="7401229884" /><nd ref="6616232188" /><nd ref="9885249631" /><nd ref="6616506098" /><nd ref="2227586808" /><nd ref="8637519669" /><nd ref="13284877509" /><tag k="highway" v="residential" /><tag k="oneway" v="no" /></way><way changeset="1" id="212983422" uid="1" user="OSMnx" visible="true" timestamp="2026-04-09T19:16:40Z" version="1"><nd ref="3796498649" /><nd ref="4233520872" /><nd ref="7365875385" /><nd ref="7365875386" /><nd ref="2227588366" /><tag k="highway" v="living_street" /><tag k="oneway" v="no" /></way><way changeset="1" id="212983433" uid="1" user="OSMnx" visible="true" timestamp="2026-04-09T19:16:40Z" version="1"><nd ref="2227587442" /><nd ref="2227587381" /><nd ref="2227587372" /><nd ref="2227587361" /><nd ref="2227587329" /><nd ref="2227587319" /><tag k="highway" v="residential" /><tag k="oneway" v="no" /></way><way changeset="1" id="212983439" uid="1" user="OSMnx" visible="true" timestamp="2026-04-09T19:16:40Z" version="1"><nd ref="9392521770" /><nd ref="9392521762" /><nd ref="2227587804" /><nd ref="2227587807" /><nd ref="2227587812" /><nd ref="2227587859" /><tag k="highway" v="residential" /><tag k="oneway" v="no" /></way><way changeset="1" id="212983441" uid="1" user="OSMnx" visible="true" timestamp="2026-04-09T19:16:40Z" version="1"><nd ref="9868737789" /><nd ref="9868737790" /><nd ref="9868737791" /><nd ref="2227587220" /><nd ref="2227587210" /><nd ref="2227587194" /><nd ref="2227587180" /><nd ref="2227587154" /><tag k="highway" v="living_street" /><tag k="oneway" v="no" /></way><way changeset="1" id="212983442" uid="1" user="OSMnx" visible="true" timestamp="2026-04-09T19:16:40Z" version="1"><nd ref="8502750753" /><nd ref="11055872026" /><nd ref="2227587287" /><nd ref="8502152462" /><nd ref="8502152461" /><tag k="highway" v="residential" /><tag k="oneway" v="no" /></way><way changeset="1" id="212983449" uid="1" user="OSMnx" visible="true" timestamp="2026-04-09T19:16:40Z" version="1"><nd ref="619143469" /><nd ref="2227587224" /><nd ref="2227587216" /><nd ref="2227587203" /><nd ref="7349890364" /><nd ref="2227587197" /><nd ref="11052516881" /><nd ref="2227587035" /><tag k="highway" v="residential" /><tag k="oneway" v="no" /></way><way changeset="1" id="212985332" uid="1" user="OSMnx" visible="true" timestamp="2026-04-09T19:16:40Z" version="1"><nd ref="2227610363" /><nd ref="9885232697" /><nd ref="2227610361" /><nd ref="2227610343" /><nd ref="2227610339" /><nd ref="2227610330" /><nd ref="2227610325" /><nd ref="2227610321" /><nd ref="3796391492" /><nd ref="2227610309" /><nd ref="2227610303" /><nd ref="2227610300" /><nd ref="2227610284" /><nd ref="2227610279" /><nd ref="2227610277" /><nd ref="2227610281" /><nd ref="2227610275" /><nd ref="2227610272" /><nd ref="2227610256" /><nd ref="2227586711" /><nd ref="2227610253" /><nd ref="2227610287" /><nd ref="2227586774" /><tag k="highway" v="residential" /><tag k="oneway" v="no" /><tag k="name" v="Majiwada Village Road" /></way><way changeset="1" id="212985334" uid="1" user="OSMnx" visible="true" timestamp="2026-04-09T19:16:40Z" version="1"><nd ref="7365843926" /><nd ref="2227611571" /><nd ref="4233520874" /><nd ref="7365843925" /><nd ref="2227588376" /><nd ref="7365843924" /><nd ref="2227588349" /><nd ref="2227611502" /><nd ref="2227588329" /><nd ref="7366008439" /><nd ref="2227611463" /><nd ref="2227588200" /><nd ref="11043375377" /><nd ref="4367377459" /><nd ref="4233520835" /><nd ref="9350865374" /><nd ref="9350865398" /><nd ref="11043375375" /><nd ref="10290779058" /><nd ref="2227611257" /><nd ref="3638926822" /><nd ref="13449680344" /><nd ref="2227611224" /><nd ref="2227588045" /><tag k="highway" v="residential" /><tag k="oneway" v="no" /><tag k="name" v="Manorama Nagar Road" /></way><way changeset="1" id="212985457" uid="1" user="OSMnx" visible="true" timestamp="2026-04-09T19:16:40Z" version="1"><nd ref="7365843937" /><nd ref="2227588550" /><nd ref="2227588546" /><nd ref="2227588538" /><nd ref="7365843933" /><nd ref="2227588532" /><nd ref="2227588527" /><tag k="highway" v="residential" /><tag k="oneway" v="no" /></way><way changeset="1" id="213073984" uid="1" user="OSMnx" visible="true" timestamp="2026-04-09T19:16:40Z" version="1"><nd ref="2228292130" /><nd ref="2228292065" /><nd ref="2228292043" /><nd ref="6616246511" /><nd ref="2228292038" /><nd ref="4367762056" /><nd ref="2228292031" /><nd ref="7400717793" /><nd ref="2228292017" /><nd ref="2228292010" /><nd ref="2228292007" /><nd ref="2228292005" /><nd ref="2228292002" /><nd ref="2228292001" /><nd ref="2228291999" /><nd ref="2228292000" /><nd ref="2228291998" /><nd ref="2228291995" /><nd ref="2228291990" /><nd ref="2228291981" /><nd ref="2228291978" /><nd ref="2228291966" /><nd ref="2228291965" /><tag k="highway" v="residential" /><tag k="oneway" v="no" /><tag k="name" v="Dr Ansari Rd" /></way><way changeset="1" id="213073998" uid="1" user="OSMnx" visible="true" timestamp="2026-04-09T19:16:40Z" version="1"><nd ref="2228291940" /><nd ref="2228291937" /><nd ref="2228291917" /><nd ref="2228291912" /><nd ref="9371958489" /><nd ref="2228291910" /><nd ref="11022688854" /><nd ref="2228291914" /><tag k="highway" v="residential" /><tag k="oneway" v="no" /><tag k="name" v="Rabodi Medical Ln" /></way><way changeset="1" id="213074000" uid="1" user="OSMnx" visible="true" timestamp="2026-04-09T19:16:40Z" version="1"><nd ref="2228291962" /><nd ref="6608932272" /><nd ref="6608932276" /><nd ref="2228291956" /><nd ref="4367767541" /><nd ref="2228291945" /><nd ref="2228291942" /><tag k="highway" v="residential" /><tag k="oneway" v="no" /><tag k="name" v="Rabodi Rd" /></way><way changeset="1" id="213074003" uid="1" user="OSMnx" visible="true" timestamp="2026-04-09T19:16:40Z" version="1"><nd ref="2228291851" /><nd ref="2228291857" /><nd ref="2228291860" /><nd ref="2228291863" /><nd ref="2228291865" /><nd ref="2228291882" /><nd ref="2228291884" /><nd ref="2228291886" /><nd ref="2228291879" /><nd ref="2228291875" /><nd ref="2228291867" /><nd ref="2228291872" /><nd ref="2228291877" /><nd ref="2228291880" /><nd ref="2228291888" /><nd ref="10580969840" /><nd ref="2228291898" /><nd ref="2228291900" /><nd ref="2228291902" /><nd ref="2228291908" /><nd ref="2228291920" /><nd ref="2228291954" /><nd ref="2228291965" /><tag k="highway" v="residential" /><tag k="oneway" v="no" /><tag k="name" v="Rehmat Ali Rd" /></way><way changeset="1" id="213074009" uid="1" user="OSMnx" visible="true" timestamp="2026-04-09T19:16:40Z" version="1"><nd ref="1184122910" /><nd ref="2228292048" /><nd ref="2228292067" /><nd ref="2228292111" /><nd ref="2228292133" /><nd ref="2228292137" /><nd ref="2228292145" /><nd ref="2228292155" /><nd ref="2228292166" /><nd ref="11043438395" /><nd ref="2228292193" /><nd ref="2228292213" /><tag k="highway" v="residential" /><tag k="oneway" v="no" /><tag k="name" v="Shelarpada Rd" /></way><way changeset="1" id="213074024" uid="1" user="OSMnx" visible="true" timestamp="2026-04-09T19:16:40Z" version="1"><nd ref="9454632020" /><nd ref="9454632021" /><nd ref="9454632022" /><nd ref="2228292461" /><nd ref="2228292466" /><tag k="highway" v="residential" /><tag k="oneway" v="no" /><tag k="name" v="Vamanrao Tare Marg" /><tag k="lanes" v="2" /></way><way changeset="1" id="213074038" uid="1" user="OSMnx" visible="true" timestamp="2026-04-09T19:16:40Z" version="1"><nd ref="2228292091" /><nd ref="2228292061" /><nd ref="2228292053" /><nd ref="2228292078" /><nd ref="10732307795" /><nd ref="8760986034" /><tag k="highway" v="residential" /><tag k="oneway" v="no" /></way><way changeset="1" id="213074050" uid="1" user="OSMnx" visible="true" timestamp="2026-04-09T19:16:40Z" version="1"><nd ref="7238493764" /><nd ref="7238493756" /><nd ref="8780753139" /><nd ref="2228291837" /><nd ref="9455055263" /><nd ref="1184130780" /><tag k="highway" v="residential" /><tag k="oneway" v="no" /><tag k="name" v="Akashganga Road" /></way><way changeset="1" id="213074055" uid="1" user="OSMnx" visible="true" timestamp="2026-04-09T19:16:40Z" version="1"><nd ref="2228292130" /><nd ref="2228292200" /><nd ref="2228292207" /><nd ref="2228292209" /><nd ref="2228292210" /><nd ref="2228292208" /><nd ref="2228292202" /><nd ref="2228292194" /><nd ref="2228292191" /><nd ref="6616246510" /><nd ref="2228292171" /><nd ref="2228292167" /><nd ref="2228292163" /><nd ref="2228292160" /><nd ref="2228292169" /><nd ref="2228292175" /><nd ref="2228292173" /><nd ref="2228292165" /><tag k="highway" v="residential" /><tag k="oneway" v="no" /></way><way changeset="1" id="213074059" uid="1" user="OSMnx" visible="true" timestamp="2026-04-09T19:16:40Z" version="1"><nd ref="2228291842" /><nd ref="10301894386" /><nd ref="2228291846" /><nd ref="10301894384" /><nd ref="10301894387" /><nd ref="10301894385" /><nd ref="10301894383" /><nd ref="10301894377" /><nd ref="10301894378" /><nd ref="10301894379" /><nd ref="10301894382" /><nd ref="10301894380" /><nd ref="10301894381" /><tag k="highway" v="residential" /><tag k="oneway" v="no" /></way><way changeset="1" id="213074071" uid="1" user="OSMnx" visible="true" timestamp="2026-04-09T19:16:40Z" version="1"><nd ref="9925315021" /><nd ref="11043428742" /><nd ref="8460809091" /><nd ref="8460809093" /><nd ref="2228292398" /><tag k="highway" v="residential" /><tag k="oneway" v="no" /></way><way changeset="1" id="213074073" uid="1" user="OSMnx" visible="true" timestamp="2026-04-09T19:16:40Z" version="1"><nd ref="2228292194" /><nd ref="2228292218" /><tag k="highway" v="residential" /><tag k="oneway" v="no" /></way><way changeset="1" id="213074077" uid="1" user="OSMnx" visible="true" timestamp="2026-04-09T19:16:40Z" version="1"><nd ref="2228292445" /><nd ref="2228292443" /><tag k="highway" v="residential" /><tag k="oneway" v="no" /><tag k="name" v="Nikam Guruji Road" /></way><way changeset="1" id="213074079" uid="1" user="OSMnx" visible="true" timestamp="2026-04-09T19:16:40Z" version="1"><nd ref="2228292557" /><nd ref="11043433631" /><nd ref="11043433628" /><nd ref="2228292504" /><nd ref="11043433629" /><tag k="highway" v="residential" /><tag k="oneway" v="no" /></way><way changeset="1" id="213074098" uid="1" user="OSMnx" visible="true" timestamp="2026-04-09T19:16:40Z" version="1"><nd ref="2228292416" /><nd ref="2228292336" /><tag k="highway" v="residential" /><tag k="oneway" v="no" /></way><way changeset="1" id="213074101" uid="1" user="OSMnx" visible="true" timestamp="2026-04-09T19:16:40Z" version="1"><nd ref="2228292224" /><nd ref="11043428743" /><nd ref="8460809090" /><nd ref="8460809092" /><nd ref="2228292394" /><tag k="highway" v="residential" /><tag k="oneway" v="no" /></way><way changeset="1" id="213074104" uid="1" user="OSMnx" visible="true" timestamp="2026-04-09T19:16:40Z" version="1"><nd ref="2228292483" /><nd ref="2228292490" /><nd ref="2228292481" /><nd ref="2228292469" /><nd ref="2228292458" /><nd ref="2228292451" /><nd ref="2228292435" /><nd ref="2228292418" /><nd ref="2228292389" /><nd ref="2228292381" /><nd ref="4367392478" /><nd ref="2228292354" /><nd ref="2228292342" /><nd ref="2228292328" /><nd ref="2228292309" /><nd ref="2228292302" /><nd ref="2228292269" /><nd ref="2228292243" /><nd ref="10227730033" /><tag k="highway" v="residential" /><tag k="oneway" v="no" /><tag k="name" v="Narendra Ballal Marg" /><tag k="lanes" v="1" /></way><way changeset="1" id="213074106" uid="1" user="OSMnx" visible="true" timestamp="2026-04-09T19:16:40Z" version="1"><nd ref="9925315029" /><nd ref="2228292586" /><nd ref="2228292598" /><nd ref="2228292613" /><nd ref="2228292615" /><nd ref="2228292600" /><nd ref="2228292592" /><nd ref="2228292565" /><nd ref="2228292555" /><nd ref="2228292545" /><nd ref="2228292501" /><nd ref="2228292493" /><nd ref="2228292484" /><nd ref="2228292479" /><nd ref="2228292485" /><nd ref="2228292495" /><nd ref="2228292506" /><nd ref="2228292517" /><nd ref="2228292519" /><nd ref="2228292521" /><nd ref="2228292522" /><tag k="highway" v="living_street" /><tag k="oneway" v="no" /></way><way changeset="1" id="213074107" uid="1" user="OSMnx" visible="true" timestamp="2026-04-09T19:16:40Z" version="1"><nd ref="2228292948" /><nd ref="2228292974" /><nd ref="2228292971" /><nd ref="2228292965" /><nd ref="2228292953" /><nd ref="2228292892" /><nd ref="2228292869" /><nd ref="2228292831" /><nd ref="2228292805" /><nd ref="2228292796" /><nd ref="2228292771" /><nd ref="10095018858" /><nd ref="2228292753" /><nd ref="2228292749" /><nd ref="4467057269" /><nd ref="2228292704" /><nd ref="2228292633" /><nd ref="11043822614" /><nd ref="2228292611" /><nd ref="2228292574" /><nd ref="2228292539" /><nd ref="2228292512" /><nd ref="2228292497" /><nd ref="2228292464" /><nd ref="2228292454" /><nd ref="2228292438" /><nd ref="2228292407" /><nd ref="2228292385" /><nd ref="1960734178" /><tag k="highway" v="residential" /><tag k="oneway" v="no" /></way><way changeset="1" id="213074115" uid="1" user="OSMnx" visible="true" timestamp="2026-04-09T19:16:40Z" version="1"><nd ref="9925315030" /><nd ref="11938975531" /><nd ref="2228292526" /><nd ref="11938975544" /><nd ref="2228292477" /><tag k="highway" v="residential" /><tag k="oneway" v="no" /></way><way changeset="1" id="213074120" uid="1" user="OSMnx" visible="true" timestamp="2026-04-09T19:16:40Z" version="1"><nd ref="2228292226" /><nd ref="4367392475" /><nd ref="2228292409" /><tag k="highway" v="residential" /><tag k="oneway" v="no" /></way><way changeset="1" id="213074123" uid="1" user="OSMnx" visible="true" timestamp="2026-04-09T19:16:40Z" version="1"><nd ref="7398051784" /><nd ref="8543073079" /><nd ref="10073514460" /><nd ref="8506314446" /><nd ref="7400996219" /><nd ref="2228293048" /><nd ref="13442161157" /><tag k="highway" v="residential" /><tag k="oneway" v="no" /></way><way changeset="1" id="213074125" uid="1" user="OSMnx" visible="true" timestamp="2026-04-09T19:16:40Z" version="1"><nd ref="2228292393" /><nd ref="11021410837" /><nd ref="2228292416" /><nd ref="2228292434" /><tag k="highway" v="residential" /><tag k="oneway" v="no" /></way><way changeset="1" id="213074130" uid="1" user="OSMnx" visible="true" timestamp="2026-04-09T19:16:40Z" version="1"><nd ref="2228291976" /><nd ref="2228291940" /><nd ref="2228291875" /><tag k="highway" v="residential" /><tag k="oneway" v="no" /></way><way changeset="1" id="213074139" uid="1" user="OSMnx" visible="true" timestamp="2026-04-09T19:16:40Z" version="1"><nd ref="2228292483" /><nd ref="2228292546" /><nd ref="1960734277" /><nd ref="1960734355" /><nd ref="1942838877" /><nd ref="6609179825" /><nd ref="1960734403" /><tag k="highway" v="residential" /><tag k="oneway" v="no" /><tag k="name" v="Narendra Ballal Marg" /><tag k="lanes" v="2" /></way><way changeset="1" id="213074148" uid="1" user="OSMnx" visible="true" timestamp="2026-04-09T19:16:40Z" version="1"><nd ref="2228292200" /><nd ref="2228292216" /><nd ref="2228292229" /><nd ref="2228292241" /><tag k="highway" v="residential" /><tag k="oneway" v="no" /></way><way changeset="1" id="213074150" uid="1" user="OSMnx" visible="true" timestamp="2026-04-09T19:16:40Z" version="1"><nd ref="2228292262" /><nd ref="7648121902" /><nd ref="8780753213" /><nd ref="7346079844" /><nd ref="7346079843" /><nd ref="2228292322" /><nd ref="2228292563" /><nd ref="1960734272" /><tag k="highway" v="residential" /><tag k="oneway" v="no" /></way><way changeset="1" id="213074157" uid="1" user="OSMnx" visible="true" timestamp="2026-04-09T19:16:40Z" version="1"><nd ref="1184122864" /><nd ref="2228292429" /><nd ref="2228292456" /><nd ref="10310612180" /><nd ref="2228292528" /><tag k="highway" v="residential" /><tag k="oneway" v="no" /></way><way changeset="1" id="213074173" uid="1" user="OSMnx" visible="true" timestamp="2026-04-09T19:16:40Z" version="1"><nd ref="2228292514" /><nd ref="11043433629" /><nd ref="10232521184" /><nd ref="11043433630" /><nd ref="2228292559" /><nd ref="11043432907" /><tag k="highway" v="residential" /><tag k="oneway" v="no" /></way><way changeset="1" id="213074176" uid="1" user="OSMnx" visible="true" timestamp="2026-04-09T19:16:40Z" version="1"><nd ref="2228292409" /><nd ref="2228292398" /><nd ref="11070812698" /><nd ref="9454632020" /><nd ref="2228292394" /><nd ref="2228292391" /><tag k="highway" v="residential" /><tag k="oneway" v="no" /></way><way changeset="1" id="213074181" uid="1" user="OSMnx" visible="true" timestamp="2026-04-09T19:16:40Z" version="1"><nd ref="2228292234" /><nd ref="2228292221" /><nd ref="2228292211" /><nd ref="2228292199" /><nd ref="2228292168" /><nd ref="2228292106" /><tag k="highway" v="residential" /><tag k="oneway" v="no" /></way><way changeset="1" id="213074185" uid="1" user="OSMnx" visible="true" timestamp="2026-04-09T19:16:40Z" version="1"><nd ref="2228292222" /><nd ref="2228292391" /><nd ref="2228292445" /><nd ref="2228292462" /><tag k="highway" v="residential" /><tag k="oneway" v="no" /></way><way changeset="1" id="213074211" uid="1" user="OSMnx" visible="true" timestamp="2026-04-09T19:16:40Z" version="1"><nd ref="2228292645" /><nd ref="2228292641" /><nd ref="2228292625" /><nd ref="2228292604" /><nd ref="2228292597" /><nd ref="2228292593" /><nd ref="2228292607" /><nd ref="2228292627" /><tag k="highway" v="residential" /><tag k="oneway" v="no" /></way><way changeset="1" id="213092250" uid="1" user="OSMnx" visible="true" timestamp="2026-04-09T19:16:40Z" version="1"><nd ref="2228429168" /><nd ref="2228429158" /><nd ref="2228429154" /><nd ref="2228429147" /><nd ref="13301331435" /><nd ref="2228429142" /><nd ref="2228429143" /><nd ref="11038544941" /><nd ref="2228429155" /><nd ref="2228429163" /><nd ref="2228429167" /><nd ref="2228429165" /><nd ref="2228429161" /><nd ref="2228429160" /><nd ref="2228429157" /><nd ref="2228429156" /><nd ref="2228429144" /><nd ref="2228429140" /><nd ref="2228429139" /><nd ref="2228429137" /><nd ref="2228429134" /><nd ref="2228429128" /><tag k="highway" v="residential" /><tag k="oneway" v="no" /><tag k="name" v="Sambhaji Nagar Road" /></way><way changeset="1" id="213092266" uid="1" user="OSMnx" visible="true" timestamp="2026-04-09T19:16:40Z" version="1"><nd ref="7736315002" /><nd ref="10058867363" /><nd ref="10058867362" /><nd ref="10058867361" /><nd ref="10058867360" /><nd ref="10058867359" /><nd ref="2228429125" /><nd ref="2228429135" /><nd ref="2228429161" /><tag k="highway" v="residential" /><tag k="oneway" v="no" /></way><way changeset="1" id="213092267" uid="1" user="OSMnx" visible="true" timestamp="2026-04-09T19:16:40Z" version="1"><nd ref="6017562385" /><nd ref="2228429130" /><nd ref="2228429132" /><nd ref="2228429142" /><tag k="highway" v="residential" /><tag k="oneway" v="no" /></way><way changeset="1" id="213092274" uid="1" user="OSMnx" visible="true" timestamp="2026-04-09T19:16:40Z" version="1"><nd ref="2228429123" /><nd ref="2228429124" /><tag k="highway" v="residential" /><tag k="oneway" v="no" /></way><way changeset="1" id="213377551" uid="1" user="OSMnx" visible="true" timestamp="2026-04-09T19:16:40Z" version="1"><nd ref="2230881505" /><nd ref="2230881502" /><nd ref="2230881498" /><nd ref="2230881486" /><nd ref="2230881478" /><nd ref="2230881473" /><nd ref="2230881461" /><nd ref="2230881455" /><nd ref="2230881446" /><nd ref="2230881441" /><nd ref="2230881432" /><nd ref="2230881423" /><nd ref="2230881410" /><nd ref="2230881394" /><tag k="highway" v="residential" /><tag k="oneway" v="no" /><tag k="name" v="Mahadev Gopal Patil Road" /></way><way changeset="1" id="213377573" uid="1" user="OSMnx" visible="true" timestamp="2026-04-09T19:16:40Z" version="1"><nd ref="13651669411" /><nd ref="2230881723" /><nd ref="2230881772" /><nd ref="2230881799" /><nd ref="2230881822" /><nd ref="2230881846" /><nd ref="6608862713" /><nd ref="2230881882" /><tag k="highway" v="residential" /><tag k="oneway" v="no" /></way><way changeset="1" id="213377588" uid="1" user="OSMnx" visible="true" timestamp="2026-04-09T19:16:40Z" version="1"><nd ref="2230882395" /><nd ref="2230882401" /><nd ref="2230882404" /><nd ref="2230882405" /><nd ref="2230882413" /><nd ref="2230882417" /><nd ref="2230882418" /><nd ref="8324952852" /><tag k="highway" v="residential" /><tag k="oneway" v="no" /></way><way changeset="1" id="213377600" uid="1" user="OSMnx" visible="true" timestamp="2026-04-09T19:16:40Z" version="1"><nd ref="1078664175" /><nd ref="2230881494" /><nd ref="7330879067" /><nd ref="2230881489" /><nd ref="2230881484" /><nd ref="2230881481" /><nd ref="2230881476" /><nd ref="2230881470" /><nd ref="9170942145" /><nd ref="2230881453" /><nd ref="2230881449" /><nd ref="2230881443" /><nd ref="10211690661" /><nd ref="2230881436" /><nd ref="2230881419" /><nd ref="2440247158" /><tag k="highway" v="tertiary" /><tag k="oneway" v="no" /></way><way changeset="1" id="213377630" uid="1" user="OSMnx" visible="true" timestamp="2026-04-09T19:16:40Z" version="1"><nd ref="2230882127" /><nd ref="9918471754" /><nd ref="8550872971" /><nd ref="2230882199" /><tag k="highway" v="residential" /><tag k="oneway" v="no" /></way><way changeset="1" id="213377644" uid="1" user="OSMnx" visible="true" timestamp="2026-04-09T19:16:40Z" version="1"><nd ref="2230882117" /><nd ref="8495434486" /><nd ref="6616204692" /><nd ref="8495434500" /><nd ref="8495434539" /><nd ref="2230882119" /><tag k="highway" v="residential" /><tag k="oneway" v="no" /></way><way changeset="1" id="213377650" uid="1" user="OSMnx" visible="true" timestamp="2026-04-09T19:16:40Z" version="1"><nd ref="2230882224" /><nd ref="2230882235" /><tag k="highway" v="residential" /><tag k="oneway" v="no" /></way><way changeset="1" id="213377655" uid="1" user="OSMnx" visible="true" timestamp="2026-04-09T19:16:40Z" version="1"><nd ref="6616355190" /><nd ref="9214906502" /><nd ref="2230882262" /><nd ref="2230882276" /><nd ref="2230882281" /><nd ref="2230882313" /><nd ref="9350853290" /><nd ref="2230882290" /><nd ref="2230882306" /><nd ref="6616518080" /><nd ref="3585771129" /><tag k="highway" v="residential" /><tag k="oneway" v="no" /><tag k="name" v="Kensington Way" /></way><way changeset="1" id="213377660" uid="1" user="OSMnx" visible="true" timestamp="2026-04-09T19:16:40Z" version="1"><nd ref="2230882106" /><nd ref="2230882127" /><nd ref="2230882125" /><tag k="highway" v="residential" /><tag k="oneway" v="no" /></way><way changeset="1" id="213377678" uid="1" user="OSMnx" visible="true" timestamp="2026-04-09T19:16:40Z" version="1"><nd ref="2230882084" /><nd ref="8495434492" /><nd ref="8495434481" /><nd ref="8495434483" /><nd ref="8495434495" /><nd ref="11282713308" /><nd ref="2230882086" /><nd ref="2230882087" /><tag k="highway" v="residential" /><tag k="oneway" v="no" /></way><way changeset="1" id="213377680" uid="1" user="OSMnx" visible="true" timestamp="2026-04-09T19:16:40Z" version="1"><nd ref="2230881922" /><nd ref="2230881913" /><nd ref="2230881908" /><nd ref="2230881903" /><nd ref="2230881891" /><nd ref="2230881888" /><nd ref="2230881877" /><nd ref="2230881867" /><nd ref="2230881854" /><nd ref="2230881848" /><nd ref="2230881840" /><nd ref="2230881824" /><nd ref="2230881814" /><nd ref="2230881805" /><nd ref="2230881802" /><nd ref="7375137320" /><nd ref="2230881811" /><nd ref="2230881808" /><nd ref="4367360112" /><nd ref="2230881796" /><nd ref="2230881787" /><nd ref="2230881784" /><nd ref="2230881782" /><nd ref="2230881775" /><nd ref="2230881769" /><nd ref="2230881763" /><nd ref="2230881765" /><nd ref="1960734636" /><tag k="highway" v="residential" /><tag k="oneway" v="no" /></way><way changeset="1" id="213377686" uid="1" user="OSMnx" visible="true" timestamp="2026-04-09T19:16:40Z" version="1"><nd ref="1078664418" /><nd ref="2230881499" /><nd ref="2230881508" /><nd ref="11038567807" /><nd ref="2230881511" /><tag k="highway" v="residential" /><tag k="oneway" v="no" /></way><way changeset="1" id="213377698" uid="1" user="OSMnx" visible="true" timestamp="2026-04-09T19:16:40Z" version="1"><nd ref="2230881784" /><nd ref="7375137337" /><nd ref="7375137338" /><nd ref="7375137339" /><nd ref="7375137340" /><nd ref="2230881745" /><nd ref="7375137336" /><nd ref="7375137341" /><nd ref="7375137342" /><nd ref="2230881748" /><nd ref="7375137343" /><nd ref="7375137344" /><nd ref="7375137345" /><nd ref="2230881693" /><nd ref="7375137346" /><nd ref="11050530236" /><nd ref="2230881697" /><tag k="highway" v="residential" /><tag k="oneway" v="no" /></way><way changeset="1" id="213377707" uid="1" user="OSMnx" visible="true" timestamp="2026-04-09T19:16:40Z" version="1"><nd ref="8303295800" /><nd ref="12418952356" /><nd ref="2230882080" /><nd ref="8549553796" /><nd ref="10230391085" /><nd ref="2230882075" /><nd ref="6609713117" /><nd ref="2230882073" /><tag k="highway" v="residential" /><tag k="oneway" v="no" /></way><way changeset="1" id="213377709" uid="1" user="OSMnx" visible="true" timestamp="2026-04-09T19:16:40Z" version="1"><nd ref="2230881429" /><nd ref="2230881407" /><nd ref="2230881401" /><nd ref="2230881397" /><nd ref="2230881391" /><tag k="highway" v="residential" /><tag k="oneway" v="no" /></way><way changeset="1" id="213377718" uid="1" user="OSMnx" visible="true" timestamp="2026-04-09T19:16:40Z" version="1"><nd ref="9214918816" /><nd ref="2230882081" /><nd ref="2230882106" /><tag k="highway" v="residential" /><tag k="oneway" v="no" /></way><way changeset="1" id="213377735" uid="1" user="OSMnx" visible="true" timestamp="2026-04-09T19:16:40Z" version="1"><nd ref="2230882242" /><nd ref="8495434420" /><nd ref="2230882265" /><nd ref="2230882278" /><nd ref="4368948841" /><nd ref="8495434417" /><nd ref="9203147813" /><nd ref="8495404402" /><nd ref="2230882353" /><tag k="highway" v="residential" /><tag k="oneway" v="no" /></way><way changeset="1" id="213377743" uid="1" user="OSMnx" visible="true" timestamp="2026-04-09T19:16:40Z" version="1"><nd ref="2230882313" /><nd ref="7366137829" /><nd ref="7366137830" /><nd ref="2230882347" /><nd ref="9921164765" /><nd ref="7366137831" /><nd ref="2230882315" /><nd ref="11056052377" /><tag k="highway" v="residential" /><tag k="oneway" v="no" /></way><way changeset="1" id="213377750" uid="1" user="OSMnx" visible="true" timestamp="2026-04-09T19:16:40Z" version="1"><nd ref="2230881588" /><nd ref="2230881597" /><nd ref="13651691254" /><nd ref="13651691243" /><nd ref="13651691261" /><nd ref="7374824424" /><tag k="highway" v="residential" /><tag k="oneway" v="no" /><tag k="name" v="Sai Baba Mandir Road" /></way><way changeset="1" id="213377754" uid="1" user="OSMnx" visible="true" timestamp="2026-04-09T19:16:40Z" version="1"><nd ref="2230881597" /><nd ref="2230881591" /><tag k="highway" v="residential" /><tag k="oneway" v="no" /></way><way changeset="1" id="217665156" uid="1" user="OSMnx" visible="true" timestamp="2026-04-09T19:16:40Z" version="1"><nd ref="5865499833" /><nd ref="414728864" /><nd ref="1960734286" /><tag k="highway" v="trunk" /><tag k="oneway" v="no" /><tag k="name" v="Majiwada Flyover" /><tag k="lanes" v="3" /><tag k="ref" v="NH48" /></way><way changeset="1" id="217665159" uid="1" user="OSMnx" visible="true" timestamp="2026-04-09T19:16:40Z" version="1"><nd ref="2269782596" /><nd ref="1960734268" /><tag k="bridge" v="yes" /><tag k="highway" v="trunk" /><tag k="oneway" v="no" /><tag k="name" v="Eastern Express Highway" /><tag k="lanes" v="3" /><tag k="ref" v="NH48" /></way><way changeset="1" id="217665160" uid="1" user="OSMnx" visible="true" timestamp="2026-04-09T19:16:40Z" version="1"><nd ref="5865499829" /><nd ref="5865499826" /><nd ref="1184046348" /><nd ref="1184046360" /><tag k="bridge" v="yes" /><tag k="highway" v="trunk" /><tag k="oneway" v="no" /><tag k="name" v="Nitin-Cadbury Junction Flyover" /><tag k="lanes" v="3" /><tag k="ref" v="NH48" /></way><way changeset="1" id="217665161" uid="1" user="OSMnx" visible="true" timestamp="2026-04-09T19:16:40Z" version="1"><nd ref="1960734283" /><nd ref="10727373714" /><nd ref="7345834132" /><nd ref="1960734358" /><nd ref="6117687127" /><nd ref="6117687132" /><tag k="highway" v="trunk" /><tag k="oneway" v="no" /><tag k="name" v="Eastern Express Highway" /><tag k="lanes" v="3" /><tag k="ref" v="NH48" /></way><way changeset="1" id="235946192" uid="1" user="OSMnx" visible="true" timestamp="2026-04-09T19:16:40Z" version="1"><nd ref="1960733596" /><nd ref="1960733632" /><nd ref="5865499825" /><nd ref="5865499828" /><tag k="maxspeed" v="120" /><tag k="bridge" v="yes" /><tag k="highway" v="trunk" /><tag k="oneway" v="no" /><tag k="name" v="Nitin-Cadbury Junction Flyover" /><tag k="lanes" v="3" /><tag k="ref" v="NH48" /></way><way changeset="1" id="235946193" uid="1" user="OSMnx" visible="true" timestamp="2026-04-09T19:16:40Z" version="1"><nd ref="1078664175" /><nd ref="7330879069" /><nd ref="7330879068" /><nd ref="7330879070" /><nd ref="7330879071" /><nd ref="1078664649" /><nd ref="7330879074" /><nd ref="7330879072" /><nd ref="7330879073" /><nd ref="414595032" /><nd ref="2230881394" /><tag k="highway" v="tertiary" /><tag k="oneway" v="no" /><tag k="name" v="Shree Nateshwar Mahadev Mandir Marg" /></way><way changeset="1" id="235950478" uid="1" user="OSMnx" visible="true" timestamp="2026-04-09T19:16:40Z" version="1"><nd ref="2440275234" /><nd ref="2440275233" /><tag k="highway" v="residential" /><tag k="oneway" v="no" /></way><way changeset="1" id="235991650" uid="1" user="OSMnx" visible="true" timestamp="2026-04-09T19:16:40Z" version="1"><nd ref="2227586774" /><nd ref="1960734583" /><nd ref="4367754372" /><nd ref="11135854331" /><nd ref="4367762045" /><nd ref="1960734589" /><nd ref="6616329581" /><nd ref="4367762041" /><nd ref="6615822812" /><nd ref="1960734638" /><tag k="highway" v="residential" /><tag k="oneway" v="no" /><tag k="name" v="Majiwada Village Road" /></way><way changeset="1" id="241241313" uid="1" user="OSMnx" visible="true" timestamp="2026-04-09T19:16:40Z" version="1"><nd ref="13415105368" /><nd ref="2489336309" /><nd ref="2489283687" /><nd ref="8448818837" /><nd ref="2489336308" /><nd ref="2489336306" /><tag k="highway" v="primary" /><tag k="oneway" v="no" /><tag k="name" v="Eastern Express Turnpike" /><tag k="ref" v="SH42" /></way><way changeset="1" id="241241314" uid="1" user="OSMnx" visible="true" timestamp="2026-04-09T19:16:40Z" version="1"><nd ref="2489336306" /><nd ref="1960735262" /><nd ref="7366008442" /><nd ref="13415105365" /><nd ref="9925315046" /><nd ref="4233520830" /><nd ref="2838932790" /><nd ref="9925315043" /><nd ref="9350865412" /><nd ref="9214918880" /><nd ref="10700482404" /><nd ref="9900962685" /><nd ref="8788708024" /><nd ref="9925315041" /><nd ref="5865499856" /><tag k="highway" v="primary" /><tag k="oneway" v="no" /><tag k="name" v="Eastern Express Turnpike" /><tag k="ref" v="SH42" /></way><way changeset="1" id="241241315" uid="1" user="OSMnx" visible="true" timestamp="2026-04-09T19:16:40Z" version="1"><nd ref="414729698" /><nd ref="13415105369" /><nd ref="2489336307" /><nd ref="13415105367" /><tag k="highway" v="primary" /><tag k="oneway" v="no" /><tag k="name" v="Eastern Express Turnpike" /><tag k="ref" v="SH42" /></way><way changeset="1" id="241501984" uid="1" user="OSMnx" visible="true" timestamp="2026-04-09T19:16:40Z" version="1"><nd ref="5865499855" /><nd ref="9925315042" /><nd ref="1861349246" /><nd ref="9350865411" /><nd ref="9214918881" /><nd ref="9925315044" /><nd ref="1855283455" /><nd ref="8493462495" /><nd ref="9215039106" /><nd ref="9925315045" /><nd ref="414729698" /><tag k="highway" v="primary" /><tag k="oneway" v="no" /><tag k="name" v="Eastern Express Turnpike" /><tag k="ref" v="SH42" /></way><way changeset="1" id="264581649" uid="1" user="OSMnx" visible="true" timestamp="2026-04-09T19:16:40Z" version="1"><nd ref="2702435812" /><nd ref="8784839971" /><nd ref="8784839969" /><nd ref="8784839968" /><nd ref="2702435813" /><nd ref="12698657165" /><nd ref="2702435814" /><tag k="highway" v="tertiary" /><tag k="oneway" v="no" /></way><way changeset="1" id="279686807" uid="1" user="OSMnx" visible="true" timestamp="2026-04-09T19:16:40Z" version="1"><nd ref="2838932789" /><nd ref="2838932790" /><tag k="highway" v="primary_link" /><tag k="oneway" v="no" /></way><way changeset="1" id="296699105" uid="1" user="OSMnx" visible="true" timestamp="2026-04-09T19:16:40Z" version="1"><nd ref="7374824429" /><nd ref="13651669409" /><nd ref="1960734636" /><tag k="highway" v="residential" /><tag k="oneway" v="no" /></way><way changeset="1" id="296699109" uid="1" user="OSMnx" visible="true" timestamp="2026-04-09T19:16:40Z" version="1"><nd ref="7374824432" /><nd ref="2230881697" /><nd ref="1960734528" /><nd ref="5640025266" /><nd ref="5640025265" /><nd ref="7374824435" /><nd ref="7374824436" /><nd ref="1960734364" /><nd ref="1960734330" /><tag k="highway" v="residential" /><tag k="oneway" v="no" /><tag k="name" v="Dharmveer Anand Dighe Saheb" /></way><way changeset="1" id="311450372" uid="1" user="OSMnx" visible="true" timestamp="2026-04-09T19:16:40Z" version="1"><nd ref="1960734457" /><nd ref="1960734424" /><nd ref="7400717802" /><nd ref="11029992546" /><nd ref="11204877154" /><nd ref="10232521181" /><nd ref="9925315030" /><nd ref="12088247152" /><nd ref="11938975529" /><nd ref="11938975526" /><nd ref="11043405524" /><nd ref="1960734213" /><nd ref="11938975528" /><nd ref="1960734185" /><nd ref="11043405549" /><nd ref="9925315027" /><nd ref="1960734172" /><nd ref="1960734159" /><nd ref="7010109319" /><nd ref="2228292243" /><nd ref="7400996230" /><tag k="highway" v="primary" /><tag k="oneway" v="no" /><tag k="name" v="Lal Bahadur Shastri Marg" /></way><way changeset="1" id="376183419" uid="1" user="OSMnx" visible="true" timestamp="2026-04-09T19:16:40Z" version="1"><nd ref="619143457" /><nd ref="8780799422" /><nd ref="8780799421" /><nd ref="8780799425" /><nd ref="8780799420" /><nd ref="8780799419" /><nd ref="8780799424" /><nd ref="8780799423" /><nd ref="619143458" /><nd ref="8780799428" /><nd ref="8780799427" /><nd ref="1960734275" /><nd ref="8780799426" /><nd ref="2702435814" /><nd ref="1960734332" /><nd ref="8628324201" /><nd ref="619143460" /><nd ref="1960734415" /><nd ref="619143461" /><nd ref="8628324197" /><nd ref="8780799418" /><nd ref="619143462" /><nd ref="8628324196" /><nd ref="7345834184" /><tag k="highway" v="secondary" /><tag k="oneway" v="no" /><tag k="name" v="Saket - Kalwa Road" /></way><way changeset="1" id="376183420" uid="1" user="OSMnx" visible="true" timestamp="2026-04-09T19:16:40Z" version="1"><nd ref="1184130764" /><nd ref="1184130760" /><tag k="bridge" v="yes" /><tag k="highway" v="secondary" /><tag k="oneway" v="no" /></way><way changeset="1" id="376183421" uid="1" user="OSMnx" visible="true" timestamp="2026-04-09T19:16:40Z" version="1"><nd ref="7413204433" /><nd ref="1184130771" /><tag k="bridge" v="yes" /><tag k="highway" v="secondary" /><tag k="oneway" v="no" /></way><way changeset="1" id="376183422" uid="1" user="OSMnx" visible="true" timestamp="2026-04-09T19:16:40Z" version="1"><nd ref="1184130760" /><nd ref="7413204430" /><nd ref="7413204433" /><tag k="highway" v="secondary" /><tag k="oneway" v="no" /><tag k="name" v="Saket - Kalwa Rd" /></way><way changeset="1" id="376183423" uid="1" user="OSMnx" visible="true" timestamp="2026-04-09T19:16:40Z" version="1"><nd ref="2227587214" /><nd ref="2227587167" /><tag k="bridge" v="yes" /><tag k="highway" v="residential" /><tag k="oneway" v="no" /><tag k="name" v="Tulsidham Nalpada Road" /></way><way changeset="1" id="376183424" uid="1" user="OSMnx" visible="true" timestamp="2026-04-09T19:16:40Z" version="1"><nd ref="2227587167" /><nd ref="2227587171" /><nd ref="2227587169" /><nd ref="2227587164" /><nd ref="2227587161" /><nd ref="2227587160" /><nd ref="2227587157" /><nd ref="2227587154" /><tag k="highway" v="living_street" /><tag k="oneway" v="no" /><tag k="name" v="Tulsidham Nalpada Road" /></way><way changeset="1" id="376183425" uid="1" user="OSMnx" visible="true" timestamp="2026-04-09T19:16:40Z" version="1"><nd ref="414730508" /><nd ref="1960735103" /><tag k="bridge" v="yes" /><tag k="highway" v="tertiary" /><tag k="oneway" v="no" /><tag k="name" v="Tulsidham Road" /></way><way changeset="1" id="376183426" uid="1" user="OSMnx" visible="true" timestamp="2026-04-09T19:16:40Z" version="1"><nd ref="1960735103" /><nd ref="7401549384" /><nd ref="10926246172" /><nd ref="9203147552" /><tag k="highway" v="tertiary" /><tag k="oneway" v="no" /><tag k="name" v="Tulsidham Road" /></way><way changeset="1" id="376183428" uid="1" user="OSMnx" visible="true" timestamp="2026-04-09T19:16:40Z" version="1"><nd ref="8760986034" /><nd ref="2228292089" /><tag k="bridge" v="yes" /><tag k="highway" v="residential" /><tag k="oneway" v="no" /></way><way changeset="1" id="376183432" uid="1" user="OSMnx" visible="true" timestamp="2026-04-09T19:16:40Z" version="1"><nd ref="2228292466" /><nd ref="2228292503" /><tag k="bridge" v="yes" /><tag k="highway" v="residential" /><tag k="oneway" v="no" /></way><way changeset="1" id="376183435" uid="1" user="OSMnx" visible="true" timestamp="2026-04-09T19:16:40Z" version="1"><nd ref="1960734300" /><nd ref="7397960754" /><tag k="bridge" v="yes" /><tag k="highway" v="residential" /><tag k="oneway" v="no" /></way><way changeset="1" id="376183436" uid="1" user="OSMnx" visible="true" timestamp="2026-04-09T19:16:40Z" version="1"><nd ref="8550872958" /><nd ref="2230882062" /><nd ref="1960735101" /><tag k="highway" v="tertiary" /><tag k="oneway" v="no" /></way><way changeset="1" id="376183443" uid="1" user="OSMnx" visible="true" timestamp="2026-04-09T19:16:40Z" version="1"><nd ref="2228292503" /><nd ref="2228292531" /><nd ref="2228292537" /><nd ref="2228292542" /><tag k="highway" v="residential" /><tag k="oneway" v="no" /><tag k="name" v="Vamanrao Tare Marg" /><tag k="lanes" v="2" /></way><way changeset="1" id="376196462" uid="1" user="OSMnx" visible="true" timestamp="2026-04-09T19:16:40Z" version="1"><nd ref="2227588357" /><nd ref="4233520869" /><nd ref="3796498648" /><tag k="highway" v="living_street" /><tag k="oneway" v="no" /></way><way changeset="1" id="376196463" uid="1" user="OSMnx" visible="true" timestamp="2026-04-09T19:16:40Z" version="1"><nd ref="2227588366" /><nd ref="7365875387" /><nd ref="7365875388" /><nd ref="2227588357" /><nd ref="7365875389" /><nd ref="7365875390" /><nd ref="2227588320" /><nd ref="7365875391" /><nd ref="7365875392" /><nd ref="3638945111" /><nd ref="2227588338" /><nd ref="7365875393" /><nd ref="2227588346" /><nd ref="2227588349" /><tag k="highway" v="residential" /><tag k="oneway" v="no" /></way><way changeset="1" id="376196464" uid="1" user="OSMnx" visible="true" timestamp="2026-04-09T19:16:40Z" version="1"><nd ref="3796498650" /><nd ref="3796498651" /><nd ref="3796498652" /><tag k="highway" v="residential" /><tag k="oneway" v="no" /></way><way changeset="1" id="376196466" uid="1" user="OSMnx" visible="true" timestamp="2026-04-09T19:16:40Z" version="1"><nd ref="2227588544" /><nd ref="3796498653" /><tag k="highway" v="residential" /><tag k="oneway" v="no" /></way><way changeset="1" id="384714372" uid="1" user="OSMnx" visible="true" timestamp="2026-04-09T19:16:40Z" version="1"><nd ref="1960734638" /><nd ref="9925315037" /><nd ref="5865499846" /><nd ref="5865499845" /><nd ref="13551379973" /><nd ref="8543073109" /><nd ref="7403990163" /><nd ref="1960734542" /><nd ref="13551379972" /><nd ref="13551379971" /><nd ref="1960734522" /><tag k="highway" v="trunk" /><tag k="oneway" v="no" /><tag k="name" v="Thane Ghodbunder Road" /><tag k="ref" v="NH848" /></way><way changeset="1" id="421707804" uid="1" user="OSMnx" visible="true" timestamp="2026-04-09T19:16:40Z" version="1"><nd ref="5355360602" /><nd ref="5355360603" /><nd ref="4214654599" /><nd ref="5355360581" /><nd ref="7736315055" /><nd ref="5863377581" /><nd ref="4214654600" /><nd ref="4214654603" /><nd ref="4214654604" /><nd ref="4214654605" /><nd ref="4214654606" /><nd ref="4214654607" /><nd ref="4214654608" /><nd ref="5865499850" /><nd ref="4214654610" /><nd ref="4214654663" /><tag k="maxspeed" v="40" /><tag k="bridge" v="yes" /><tag k="highway" v="trunk" /><tag k="oneway" v="no" /><tag k="name" v="Kapurbawdi Flyover" /></way><way changeset="1" id="421707807" uid="1" user="OSMnx" visible="true" timestamp="2026-04-09T19:16:40Z" version="1"><nd ref="4214654628" /><nd ref="5865499843" /><nd ref="4214654636" /><nd ref="4214654637" /><nd ref="4214654638" /><nd ref="5865499844" /><nd ref="4214654639" /><nd ref="4214654640" /><nd ref="4214654641" /><nd ref="5355360607" /><nd ref="5355360606" /><nd ref="4214654642" /><nd ref="5868392395" /><nd ref="4214654647" /><nd ref="7736315029" /><nd ref="7736315027" /><nd ref="7736315026" /><tag k="bridge" v="yes" /><tag k="highway" v="trunk_link" /><tag k="oneway" v="no" /><tag k="name" v="Majiwada-Kapurbawdi Flyover" /></way><way changeset="1" id="421707809" uid="1" user="OSMnx" visible="true" timestamp="2026-04-09T19:16:40Z" version="1"><nd ref="5865499858" /><nd ref="4214654613" /><nd ref="4214654614" /><nd ref="4214654657" /><nd ref="4214654616" /><nd ref="4214654617" /><nd ref="4214654618" /><nd ref="4214654619" /><nd ref="4214654620" /><nd ref="4214654621" /><nd ref="4214654622" /><nd ref="4214654623" /><nd ref="4214654624" /><nd ref="4214654625" /><nd ref="4214654634" /><nd ref="4214654635" /><nd ref="5863377580" /><nd ref="4214654633" /><nd ref="4214654626" /><nd ref="4214654627" /><nd ref="5865499840" /><nd ref="4214654628" /><tag k="bridge" v="yes" /><tag k="highway" v="trunk" /><tag k="oneway" v="no" /><tag k="name" v="Kapurbawdi Flyover" /></way><way changeset="1" id="421707812" uid="1" user="OSMnx" visible="true" timestamp="2026-04-09T19:16:40Z" version="1"><nd ref="10251547866" /><nd ref="10251547869" /><nd ref="10251547868" /><nd ref="10251547867" /><nd ref="4214654648" /><nd ref="1960734822" /><tag k="highway" v="trunk" /><tag k="oneway" v="no" /><tag k="ref" v="NH848" /></way><way changeset="1" id="421707813" uid="1" user="OSMnx" visible="true" timestamp="2026-04-09T19:16:40Z" version="1"><nd ref="1960734822" /><nd ref="10232962359" /><nd ref="9925314948" /><nd ref="1960734803" /><nd ref="10112883700" /><nd ref="5865499852" /><nd ref="1960734799" /><nd ref="5865499851" /><nd ref="1960734796" /><nd ref="1960734773" /><tag k="highway" v="trunk" /><tag k="oneway" v="no" /><tag k="name" v="Agra Road" /><tag k="ref" v="NH848" /></way><way changeset="1" id="421707815" uid="1" user="OSMnx" visible="true" timestamp="2026-04-09T19:16:40Z" version="1"><nd ref="4214654660" /><nd ref="4214654649" /><nd ref="4214654650" /><nd ref="4214654651" /><nd ref="4214654652" /><nd ref="4214654653" /><nd ref="4214654654" /><nd ref="4214654655" /><nd ref="4214654656" /><nd ref="4214654657" /><tag k="bridge" v="yes" /><tag k="highway" v="trunk" /><tag k="oneway" v="no" /><tag k="name" v="Majiwada-Kapurbawdi Flyover" /></way><way changeset="1" id="421707817" uid="1" user="OSMnx" visible="true" timestamp="2026-04-09T19:16:40Z" version="1"><nd ref="9684614893" /><nd ref="1960734801" /><nd ref="5865499854" /><nd ref="8493462508" /><nd ref="6604559421" /><nd ref="11068260186" /><nd ref="4728991943" /><nd ref="11068281533" /><nd ref="11068281531" /><nd ref="11068281529" /><nd ref="7397865784" /><nd ref="5865499857" /><nd ref="11068224888" /><tag k="highway" v="primary" /><tag k="oneway" v="no" /><tag k="name" v="Thane Ghodbunder Road" /><tag k="ref" v="SH42" /></way><way changeset="1" id="423814723" uid="1" user="OSMnx" visible="true" timestamp="2026-04-09T19:16:40Z" version="1"><nd ref="4233520868" /><nd ref="4233520869" /><nd ref="4233520872" /><nd ref="4233520873" /><tag k="highway" v="living_street" /><tag k="oneway" v="no" /></way><way changeset="1" id="423814725" uid="1" user="OSMnx" visible="true" timestamp="2026-04-09T19:16:40Z" version="1"><nd ref="7365843919" /><nd ref="13444957410" /><tag k="highway" v="residential" /><tag k="oneway" v="no" /></way><way changeset="1" id="439100017" uid="1" user="OSMnx" visible="true" timestamp="2026-04-09T19:16:40Z" version="1"><nd ref="4367331987" /><nd ref="8325045744" /><nd ref="8325045745" /><nd ref="4367331984" /><tag k="highway" v="residential" /><tag k="oneway" v="no" /></way><way changeset="1" id="439100018" uid="1" user="OSMnx" visible="true" timestamp="2026-04-09T19:16:40Z" version="1"><nd ref="4367331986" /><nd ref="11282668564" /><nd ref="9219685040" /><nd ref="4367331987" /><nd ref="9219685046" /><tag k="highway" v="residential" /><tag k="oneway" v="no" /></way><way changeset="1" id="439101411" uid="1" user="OSMnx" visible="true" timestamp="2026-04-09T19:16:40Z" version="1"><nd ref="1235792920" /><nd ref="7375137304" /><nd ref="7375137305" /><nd ref="4367349647" /><nd ref="7375137306" /><nd ref="7375137307" /><nd ref="7375137311" /><nd ref="7375137310" /><nd ref="4367349648" /><nd ref="7375137309" /><nd ref="7375137308" /><nd ref="7375137312" /><nd ref="7375137313" /><nd ref="7375137314" /><nd ref="7375137315" /><nd ref="4367349649" /><nd ref="4367349650" /><tag k="highway" v="residential" /><tag k="oneway" v="no" /></way><way changeset="1" id="439101413" uid="1" user="OSMnx" visible="true" timestamp="2026-04-09T19:16:40Z" version="1"><nd ref="4367349653" /><nd ref="4367349654" /><tag k="highway" v="residential" /><tag k="oneway" v="no" /></way><way changeset="1" id="439101414" uid="1" user="OSMnx" visible="true" timestamp="2026-04-09T19:16:40Z" version="1"><nd ref="4367349655" /><nd ref="5640025266" /><nd ref="7375137350" /><nd ref="7375137348" /><nd ref="7375137347" /><nd ref="4367349657" /><tag k="highway" v="residential" /><tag k="oneway" v="no" /></way><way changeset="1" id="439101415" uid="1" user="OSMnx" visible="true" timestamp="2026-04-09T19:16:40Z" version="1"><nd ref="4367349658" /><nd ref="5640025265" /><nd ref="4367349659" /><tag k="highway" v="residential" /><tag k="oneway" v="no" /></way><way changeset="1" id="439102459" uid="1" user="OSMnx" visible="true" timestamp="2026-04-09T19:16:40Z" version="1"><nd ref="7375137320" /><nd ref="7375137321" /><nd ref="7375137322" /><nd ref="7375137323" /><nd ref="7375137324" /><nd ref="7375137325" /><nd ref="7375137326" /><nd ref="7375137327" /><nd ref="7375137328" /><nd ref="7375137329" /><nd ref="4367360111" /><nd ref="2230881796" /><tag k="highway" v="residential" /><tag k="oneway" v="no" /></way><way changeset="1" id="439102460" uid="1" user="OSMnx" visible="true" timestamp="2026-04-09T19:16:40Z" version="1"><nd ref="4367360113" /><nd ref="4367360114" /><nd ref="4367360115" /><nd ref="4367360116" /><tag k="highway" v="residential" /><tag k="oneway" v="no" /></way><way changeset="1" id="439102461" uid="1" user="OSMnx" visible="true" timestamp="2026-04-09T19:16:40Z" version="1"><nd ref="4367360114" /><nd ref="4367360123" /><nd ref="4367360117" /><nd ref="7375137316" /><nd ref="7375137317" /><nd ref="7375137318" /><nd ref="7375137319" /><nd ref="4367360118" /><nd ref="4367360119" /><tag k="highway" v="residential" /><tag k="oneway" v="no" /></way><way changeset="1" id="439102462" uid="1" user="OSMnx" visible="true" timestamp="2026-04-09T19:16:40Z" version="1"><nd ref="4367360120" /><nd ref="4367360121" /><nd ref="4367360122" /><nd ref="4367360123" /><tag k="highway" v="residential" /><tag k="oneway" v="no" /></way><way changeset="1" id="439102463" uid="1" user="OSMnx" visible="true" timestamp="2026-04-09T19:16:40Z" version="1"><nd ref="4367360124" /><nd ref="4367360125" /><nd ref="4367360126" /><nd ref="4367360127" /><nd ref="4367360128" /><tag k="highway" v="residential" /><tag k="oneway" v="no" /></way><way changeset="1" id="439103672" uid="1" user="OSMnx" visible="true" timestamp="2026-04-09T19:16:40Z" version="1"><nd ref="4367377454" /><nd ref="8495434535" /><nd ref="8495434530" /><nd ref="8495434537" /><nd ref="4367377455" /><tag k="highway" v="residential" /><tag k="oneway" v="no" /></way><way changeset="1" id="439103678" uid="1" user="OSMnx" visible="true" timestamp="2026-04-09T19:16:40Z" version="1"><nd ref="4367377485" /><nd ref="4367377486" /><tag k="highway" v="residential" /><tag k="oneway" v="no" /></way><way changeset="1" id="439103679" uid="1" user="OSMnx" visible="true" timestamp="2026-04-09T19:16:40Z" version="1"><nd ref="13546246054" /><nd ref="8502750754" /><nd ref="9192109071" /><nd ref="9921939004" /><nd ref="2227587534" /><tag k="highway" v="residential" /><tag k="oneway" v="no" /><tag k="name" v="University Road" /></way><way changeset="1" id="439103685" uid="1" user="OSMnx" visible="true" timestamp="2026-04-09T19:16:40Z" version="1"><nd ref="4367380325" /><nd ref="4367380329" /><nd ref="4367380326" /><nd ref="5703941560" /><nd ref="1960734778" /><tag k="highway" v="residential" /><tag k="oneway" v="no" /></way><way changeset="1" id="439103686" uid="1" user="OSMnx" visible="true" timestamp="2026-04-09T19:16:40Z" version="1"><nd ref="4367380328" /><nd ref="4367380329" /><tag k="highway" v="residential" /><tag k="oneway" v="no" /></way><way changeset="1" id="439103688" uid="1" user="OSMnx" visible="true" timestamp="2026-04-09T19:16:40Z" version="1"><nd ref="2227586937" /><nd ref="6802852002" /><nd ref="6802852003" /><nd ref="6802852004" /><nd ref="6802852005" /><nd ref="2227586907" /><nd ref="4367380330" /><nd ref="4367380331" /><nd ref="4367380332" /><nd ref="7401376519" /><nd ref="4367380333" /><nd ref="4367380334" /><nd ref="5703941576" /><nd ref="7401376513" /><nd ref="7401376514" /><nd ref="7401376515" /><nd ref="7401376516" /><nd ref="7401376517" /><nd ref="7401376518" /><nd ref="7401376520" /><tag k="highway" v="residential" /><tag k="oneway" v="no" /></way><way changeset="1" id="439105425" uid="1" user="OSMnx" visible="true" timestamp="2026-04-09T19:16:40Z" version="1"><nd ref="4367392472" /><nd ref="4367392473" /><nd ref="4367392474" /><nd ref="2228292165" /><tag k="highway" v="residential" /><tag k="oneway" v="no" /></way><way changeset="1" id="439105426" uid="1" user="OSMnx" visible="true" timestamp="2026-04-09T19:16:40Z" version="1"><nd ref="4367392475" /><nd ref="4367392476" /><nd ref="4367392477" /><tag k="highway" v="residential" /><tag k="oneway" v="no" /></way><way changeset="1" id="439105429" uid="1" user="OSMnx" visible="true" timestamp="2026-04-09T19:16:40Z" version="1"><nd ref="2228292514" /><nd ref="11938975543" /><nd ref="2228292477" /><tag k="highway" v="residential" /><tag k="oneway" v="no" /></way><way changeset="1" id="439105431" uid="1" user="OSMnx" visible="true" timestamp="2026-04-09T19:16:40Z" version="1"><nd ref="4367392899" /><nd ref="11043433124" /><nd ref="4367392900" /><nd ref="11043433120" /><nd ref="4367392901" /><nd ref="4367392902" /><nd ref="12973011528" /><nd ref="4367392905" /><nd ref="4367392903" /><nd ref="10936635289" /><nd ref="11056333952" /><tag k="highway" v="residential" /><tag k="oneway" v="no" /></way><way changeset="1" id="439105433" uid="1" user="OSMnx" visible="true" timestamp="2026-04-09T19:16:40Z" version="1"><nd ref="4367392907" /><nd ref="4367392908" /><nd ref="4367392909" /><tag k="highway" v="residential" /><tag k="oneway" v="no" /></way><way changeset="1" id="439105434" uid="1" user="OSMnx" visible="true" timestamp="2026-04-09T19:16:40Z" version="1"><nd ref="4367392910" /><nd ref="9819567807" /><nd ref="9819567808" /><nd ref="9819567806" /><nd ref="9819567805" /><nd ref="4367392911" /><tag k="highway" v="residential" /><tag k="oneway" v="no" /><tag k="name" v="Gokuldas Wadi Road" /></way><way changeset="1" id="439124505" uid="1" user="OSMnx" visible="true" timestamp="2026-04-09T19:16:40Z" version="1"><nd ref="4367564017" /><nd ref="4367564018" /><nd ref="6017562353" /><nd ref="4367564019" /><nd ref="4367564023" /><tag k="highway" v="residential" /><tag k="oneway" v="no" /></way><way changeset="1" id="439124508" uid="1" user="OSMnx" visible="true" timestamp="2026-04-09T19:16:40Z" version="1"><nd ref="2228429127" /><nd ref="4367564038" /><nd ref="4367564039" /><nd ref="4367564040" /><nd ref="4367564041" /><nd ref="4367564042" /><tag k="highway" v="residential" /><tag k="oneway" v="no" /></way><way changeset="1" id="439124516" uid="1" user="OSMnx" visible="true" timestamp="2026-04-09T19:16:40Z" version="1"><nd ref="1960733917" /><nd ref="11038542958" /><nd ref="4367564054" /><nd ref="4367564056" /><tag k="highway" v="residential" /><tag k="oneway" v="no" /></way><way changeset="1" id="439142254" uid="1" user="OSMnx" visible="true" timestamp="2026-04-09T19:16:40Z" version="1"><nd ref="2227588565" /><nd ref="2227588527" /><nd ref="2227588484" /><tag k="highway" v="residential" /><tag k="oneway" v="no" /></way><way changeset="1" id="439147945" uid="1" user="OSMnx" visible="true" timestamp="2026-04-09T19:16:40Z" version="1"><nd ref="2227586656" /><nd ref="4367762013" /><nd ref="4367762014" /><nd ref="4367762015" /><nd ref="4367762027" /><nd ref="2227586577" /><tag k="highway" v="residential" /><tag k="oneway" v="no" /></way><way changeset="1" id="439147946" uid="1" user="OSMnx" visible="true" timestamp="2026-04-09T19:16:40Z" version="1"><nd ref="4367762017" /><nd ref="4367762018" /><nd ref="4367762019" /><nd ref="4367762020" /><nd ref="4367762032" /><nd ref="4367762021" /><nd ref="4367762022" /><nd ref="4367762029" /><nd ref="4367762023" /><nd ref="4367762024" /><nd ref="4367762037" /><nd ref="4367762025" /><nd ref="4367762026" /><nd ref="4367762016" /><nd ref="4367762017" /><tag k="highway" v="residential" /><tag k="oneway" v="no" /></way><way changeset="1" id="439147948" uid="1" user="OSMnx" visible="true" timestamp="2026-04-09T19:16:40Z" version="1"><nd ref="4367762027" /><nd ref="4367762028" /><nd ref="4367762029" /><tag k="highway" v="residential" /><tag k="oneway" v="no" /></way><way changeset="1" id="439147949" uid="1" user="OSMnx" visible="true" timestamp="2026-04-09T19:16:40Z" version="1"><nd ref="2227586632" /><nd ref="4367762030" /><nd ref="4367762031" /><nd ref="4367762032" /><tag k="highway" v="residential" /><tag k="oneway" v="no" /></way><way changeset="1" id="439147951" uid="1" user="OSMnx" visible="true" timestamp="2026-04-09T19:16:40Z" version="1"><nd ref="4367762033" /><nd ref="4367762034" /><nd ref="4367762035" /><nd ref="4367762036" /><nd ref="11041586967" /><nd ref="4367762037" /><tag k="highway" v="residential" /><tag k="oneway" v="no" /></way><way changeset="1" id="439147952" uid="1" user="OSMnx" visible="true" timestamp="2026-04-09T19:16:40Z" version="1"><nd ref="4367762038" /><nd ref="4367762039" /><nd ref="4367762040" /><nd ref="4367762041" /><tag k="highway" v="residential" /><tag k="oneway" v="no" /></way><way changeset="1" id="439147954" uid="1" user="OSMnx" visible="true" timestamp="2026-04-09T19:16:40Z" version="1"><nd ref="2228291966" /><nd ref="4367762046" /><nd ref="4367762047" /><nd ref="4367762048" /><nd ref="4367762049" /><nd ref="10242222055" /><nd ref="4367762050" /><nd ref="4367762051" /><nd ref="12382238710" /><nd ref="4367762052" /><nd ref="4367762053" /><tag k="highway" v="residential" /><tag k="oneway" v="no" /></way><way changeset="1" id="439147955" uid="1" user="OSMnx" visible="true" timestamp="2026-04-09T19:16:40Z" version="1"><nd ref="4367762056" /><nd ref="6616246525" /><nd ref="6616246526" /><nd ref="6616246524" /><nd ref="6616246523" /><nd ref="6616246522" /><nd ref="4367762057" /><nd ref="4367762058" /><nd ref="4367762059" /><nd ref="6616246529" /><nd ref="6616246527" /><nd ref="6616246530" /><nd ref="6616246528" /><nd ref="4367762060" /><nd ref="11063155340" /><nd ref="4367762061" /><nd ref="2228291976" /><tag k="highway" v="residential" /><tag k="oneway" v="no" /></way><way changeset="1" id="439147956" uid="1" user="OSMnx" visible="true" timestamp="2026-04-09T19:16:40Z" version="1"><nd ref="2228292043" /><nd ref="4367762062" /><nd ref="4367762063" /><nd ref="10117863533" /><nd ref="10117863534" /><tag k="highway" v="residential" /><tag k="oneway" v="no" /></way><way changeset="1" id="439147957" uid="1" user="OSMnx" visible="true" timestamp="2026-04-09T19:16:40Z" version="1"><nd ref="2228291893" /><nd ref="4367762065" /><nd ref="7239257011" /><nd ref="7239257010" /><nd ref="12087086188" /><nd ref="4367762066" /><tag k="highway" v="residential" /><tag k="oneway" v="no" /></way><way changeset="1" id="439148747" uid="1" user="OSMnx" visible="true" timestamp="2026-04-09T19:16:40Z" version="1"><nd ref="1960733821" /><nd ref="4367767536" /><nd ref="4367767537" /><nd ref="4367767538" /><nd ref="4367767539" /><nd ref="7239257012" /><nd ref="4367767540" /><tag k="highway" v="residential" /><tag k="oneway" v="no" /></way><way changeset="1" id="439148748" uid="1" user="OSMnx" visible="true" timestamp="2026-04-09T19:16:40Z" version="1"><nd ref="4367767541" /><nd ref="11252629983" /><nd ref="4367767536" /><tag k="highway" v="residential" /><tag k="oneway" v="no" /></way><way changeset="1" id="439148749" uid="1" user="OSMnx" visible="true" timestamp="2026-04-09T19:16:40Z" version="1"><nd ref="4367767542" /><nd ref="4367767543" /><nd ref="4367767544" /><nd ref="4367767545" /><nd ref="414595020" /><tag k="highway" v="residential" /><tag k="oneway" v="no" /></way><way changeset="1" id="439148750" uid="1" user="OSMnx" visible="true" timestamp="2026-04-09T19:16:40Z" version="1"><nd ref="4367767546" /><nd ref="4367767547" /><nd ref="4367767548" /><nd ref="4367767549" /><tag k="highway" v="residential" /><tag k="oneway" v="no" /></way><way changeset="1" id="439263498" uid="1" user="OSMnx" visible="true" timestamp="2026-04-09T19:16:40Z" version="1"><nd ref="7398093886" /><nd ref="4368932807" /><nd ref="4368932808" /><tag k="highway" v="residential" /><tag k="oneway" v="no" /></way><way changeset="1" id="439263499" uid="1" user="OSMnx" visible="true" timestamp="2026-04-09T19:16:40Z" version="1"><nd ref="4368932809" /><nd ref="4368932810" /><nd ref="4368932811" /><tag k="highway" v="residential" /><tag k="oneway" v="no" /></way><way changeset="1" id="439263511" uid="1" user="OSMnx" visible="true" timestamp="2026-04-09T19:16:40Z" version="1"><nd ref="10310857444" /><nd ref="4467057269" /><nd ref="10095018864" /><tag k="highway" v="residential" /><tag k="oneway" v="no" /></way><way changeset="1" id="439265032" uid="1" user="OSMnx" visible="true" timestamp="2026-04-09T19:16:40Z" version="1"><nd ref="11050685495" /><nd ref="13651669412" /><nd ref="4368948842" /><nd ref="4368948843" /><tag k="highway" v="residential" /><tag k="oneway" v="no" /></way><way changeset="1" id="468705352" uid="1" user="OSMnx" visible="true" timestamp="2026-04-09T19:16:40Z" version="1"><nd ref="8506314446" /><nd ref="8543073084" /><nd ref="4631839948" /><tag k="highway" v="residential" /><tag k="oneway" v="no" /></way><way changeset="1" id="479858206" uid="1" user="OSMnx" visible="true" timestamp="2026-04-09T19:16:40Z" version="1"><nd ref="4728991938" /><nd ref="12412316682" /><nd ref="4728991939" /><nd ref="4728991941" /><nd ref="4728991942" /><nd ref="4728991943" /><tag k="highway" v="residential" /><tag k="oneway" v="no" /></way><way changeset="1" id="554135522" uid="1" user="OSMnx" visible="true" timestamp="2026-04-09T19:16:40Z" version="1"><nd ref="10679996837" /><nd ref="7736315014" /><nd ref="6017562300" /><nd ref="2230881505" /><nd ref="2230881467" /><nd ref="2230881429" /><nd ref="5868392399" /><nd ref="10601145570" /><nd ref="8578558822" /><nd ref="7736315007" /><tag k="highway" v="tertiary" /><tag k="oneway" v="no" /><tag k="name" v="Service Road" /></way><way changeset="1" id="554135525" uid="1" user="OSMnx" visible="true" timestamp="2026-04-09T19:16:40Z" version="1"><nd ref="1960733730" /><nd ref="6802852097" /><nd ref="1184122890" /><nd ref="6802852090" /><nd ref="12361028358" /><nd ref="12361028368" /><nd ref="9170947846" /><nd ref="1184122869" /><nd ref="10054429283" /><nd ref="11133944866" /><nd ref="1078664097" /><nd ref="1960733864" /><nd ref="1184122894" /><nd ref="1078664406" /><nd ref="10580913576" /><nd ref="10110808014" /><nd ref="10543534132" /><nd ref="10054429286" /><nd ref="1960733928" /><nd ref="10679996837" /><nd ref="9579825706" /><tag k="highway" v="secondary" /><tag k="oneway" v="no" /><tag k="name" v="Khopat Road" /></way><way changeset="1" id="554135533" uid="1" user="OSMnx" visible="true" timestamp="2026-04-09T19:16:40Z" version="1"><nd ref="7736315016" /><nd ref="10679996838" /><nd ref="1960733934" /><nd ref="10054429285" /><nd ref="10595278835" /><nd ref="10595278841" /><nd ref="10580913575" /><nd ref="1960733900" /><nd ref="10595278825" /><nd ref="4367392909" /><nd ref="1960733896" /><nd ref="4367392911" /><nd ref="1960733866" /><nd ref="10054429284" /><nd ref="11133944867" /><nd ref="2230881526" /><nd ref="1960733842" /><nd ref="12088225538" /><nd ref="11056309303" /><nd ref="13395127461" /><nd ref="1960733769" /><nd ref="11056334507" /><nd ref="6802852098" /><nd ref="1960733754" /><nd ref="12088296501" /><nd ref="1960733734" /><tag k="highway" v="secondary" /><tag k="oneway" v="no" /><tag k="name" v="Khopat Road" /></way><way changeset="1" id="554975366" uid="1" user="OSMnx" visible="true" timestamp="2026-04-09T19:16:40Z" version="1"><nd ref="9925315040" /><nd ref="8493462503" /><nd ref="5741272927" /><tag k="highway" v="trunk" /><tag k="oneway" v="no" /><tag k="name" v="Thane Ghodbunder Road" /><tag k="ref" v="MSH104" /></way><way changeset="1" id="554975367" uid="1" user="OSMnx" visible="true" timestamp="2026-04-09T19:16:40Z" version="1"><nd ref="4214654600" /><nd ref="5355360562" /><nd ref="5355360563" /><nd ref="5355360565" /><nd ref="5355360566" /><nd ref="5355360567" /><nd ref="5355360568" /><nd ref="5355360569" /><nd ref="5355360570" /><nd ref="5865499848" /><tag k="bridge" v="yes" /><tag k="highway" v="trunk_link" /><tag k="oneway" v="no" /><tag k="name" v="Majiwada-Kapurbawdi Flyover Ramp" /></way><way changeset="1" id="554975369" uid="1" user="OSMnx" visible="true" timestamp="2026-04-09T19:16:40Z" version="1"><nd ref="5355360582" /><nd ref="1178760806" /><tag k="bridge" v="yes" /><tag k="highway" v="trunk" /><tag k="oneway" v="no" /><tag k="name" v="Eastern Express Highway" /><tag k="lanes" v="3" /><tag k="ref" v="NH48" /></way><way changeset="1" id="554975370" uid="1" user="OSMnx" visible="true" timestamp="2026-04-09T19:16:40Z" version="1"><nd ref="1960734468" /><nd ref="5355360583" /><tag k="bridge" v="yes" /><tag k="highway" v="trunk" /><tag k="oneway" v="no" /><tag k="name" v="Eastern Express Highway" /><tag k="lanes" v="3" /><tag k="ref" v="NH48" /></way><way changeset="1" id="554975371" uid="1" user="OSMnx" visible="true" timestamp="2026-04-09T19:16:40Z" version="1"><nd ref="7345834184" /><nd ref="8780753141" /><nd ref="7345834196" /><nd ref="7345834096" /><nd ref="7345834098" /><nd ref="7345834160" /><nd ref="7345834124" /><nd ref="7345834120" /><tag k="highway" v="residential" /><tag k="oneway" v="no" /></way><way changeset="1" id="563284490" uid="1" user="OSMnx" visible="true" timestamp="2026-04-09T19:16:40Z" version="1"><nd ref="5428586522" /><nd ref="5428645262" /><nd ref="5428645261" /><nd ref="5428645260" /><nd ref="5428645259" /><nd ref="5428645258" /><nd ref="9787413722" /><nd ref="5428645257" /><nd ref="5428645256" /><nd ref="5428645255" /><tag k="highway" v="residential" /><tag k="oneway" v="no" /></way><way changeset="1" id="563285237" uid="1" user="OSMnx" visible="true" timestamp="2026-04-09T19:16:40Z" version="1"><nd ref="10310120532" /><nd ref="5428585557" /><nd ref="5428585556" /><nd ref="7398093898" /><nd ref="5428585555" /><nd ref="5428585554" /><nd ref="7398093899" /><nd ref="5428585553" /><nd ref="5428585552" /><nd ref="7398093900" /><nd ref="5428585551" /><nd ref="7398093902" /><nd ref="7398093901" /><nd ref="7398093903" /><nd ref="5428585550" /><tag k="highway" v="residential" /><tag k="oneway" v="no" /></way><way changeset="1" id="599555101" uid="1" user="OSMnx" visible="true" timestamp="2026-04-09T19:16:40Z" version="1"><nd ref="2227587268" /><nd ref="5703941551" /><nd ref="5703941552" /><nd ref="5703941553" /><nd ref="2227587319" /><tag k="highway" v="residential" /><tag k="oneway" v="no" /></way><way changeset="1" id="599555102" uid="1" user="OSMnx" visible="true" timestamp="2026-04-09T19:16:40Z" version="1"><nd ref="1960735055" /><nd ref="5703941554" /><nd ref="5703941555" /><nd ref="5703941556" /><nd ref="5703941557" /><nd ref="5703941558" /><nd ref="5703941559" /><tag k="highway" v="residential" /><tag k="oneway" v="no" /></way><way changeset="1" id="599564452" uid="1" user="OSMnx" visible="true" timestamp="2026-04-09T19:16:40Z" version="1"><nd ref="7400314986" /><nd ref="9392521761" /><nd ref="9392521767" /><nd ref="5703993926" /><nd ref="9921939009" /><nd ref="9921939007" /><nd ref="9392521765" /><tag k="highway" v="residential" /><tag k="oneway" v="no" /></way><way changeset="1" id="605296190" uid="1" user="OSMnx" visible="true" timestamp="2026-04-09T19:16:40Z" version="1"><nd ref="5741268810" /><nd ref="8550872958" /><tag k="bridge" v="yes" /><tag k="highway" v="tertiary" /><tag k="oneway" v="no" /></way><way changeset="1" id="609121538" uid="1" user="OSMnx" visible="true" timestamp="2026-04-09T19:16:40Z" version="1"><nd ref="619143454" /><nd ref="5769694562" /><tag k="bridge" v="yes" /><tag k="highway" v="secondary" /><tag k="oneway" v="no" /></way><way changeset="1" id="609121539" uid="1" user="OSMnx" visible="true" timestamp="2026-04-09T19:16:40Z" version="1"><nd ref="1184130771" /><nd ref="619143454" /><tag k="highway" v="secondary" /><tag k="oneway" v="no" /><tag k="name" v="Saket - Kalwa Rd" /></way><way changeset="1" id="609121540" uid="1" user="OSMnx" visible="true" timestamp="2026-04-09T19:16:40Z" version="1"><nd ref="1184130776" /><nd ref="8780753203" /><nd ref="8780753204" /><nd ref="1184130764" /><tag k="highway" v="secondary" /><tag k="oneway" v="no" /><tag k="name" v="Saket - Kalwa Rd" /></way><way changeset="1" id="609121542" uid="1" user="OSMnx" visible="true" timestamp="2026-04-09T19:16:40Z" version="1"><nd ref="5769694571" /><nd ref="1184130776" /><tag k="bridge" v="yes" /><tag k="highway" v="secondary" /><tag k="oneway" v="no" /></way><way changeset="1" id="620857548" uid="1" user="OSMnx" visible="true" timestamp="2026-04-09T19:16:40Z" version="1"><nd ref="5865499828" /><nd ref="1960734183" /><tag k="maxspeed" v="120" /><tag k="highway" v="trunk" /><tag k="oneway" v="no" /><tag k="name" v="Eastern Express Highway" /><tag k="lanes" v="3" /><tag k="ref" v="NH48" /></way><way changeset="1" id="620857549" uid="1" user="OSMnx" visible="true" timestamp="2026-04-09T19:16:40Z" version="1"><nd ref="1960734182" /><nd ref="5865499829" /><tag k="highway" v="trunk" /><tag k="oneway" v="no" /><tag k="name" v="Eastern Express Highway" /><tag k="lanes" v="3" /><tag k="ref" v="NH48" /></way><way changeset="1" id="620857550" uid="1" user="OSMnx" visible="true" timestamp="2026-04-09T19:16:40Z" version="1"><nd ref="1960734286" /><nd ref="1960734182" /><tag k="highway" v="trunk" /><tag k="oneway" v="no" /><tag k="name" v="Eastern Express Highway" /><tag k="lanes" v="5" /><tag k="ref" v="NH48" /></way><way changeset="1" id="620857551" uid="1" user="OSMnx" visible="true" timestamp="2026-04-09T19:16:40Z" version="1"><nd ref="5355360589" /><nd ref="12698657163" /><nd ref="5355360585" /><tag k="highway" v="trunk_link" /><tag k="oneway" v="no" /><tag k="name" v="Majiwada-Kapurbawdi" /></way><way changeset="1" id="620857552" uid="1" user="OSMnx" visible="true" timestamp="2026-04-09T19:16:40Z" version="1"><nd ref="2440275234" /><nd ref="5355360590" /><nd ref="7736323977" /><nd ref="2440275235" /><nd ref="12558219498" /><nd ref="13551379981" /><nd ref="12558219499" /><tag k="highway" v="residential" /><tag k="oneway" v="no" /><tag k="name" v="Majiwada Village Road" /></way><way changeset="1" id="620857553" uid="1" user="OSMnx" visible="true" timestamp="2026-04-09T19:16:40Z" version="1"><nd ref="5865499848" /><nd ref="9925315040" /><tag k="highway" v="trunk_link" /><tag k="oneway" v="no" /><tag k="name" v="Majiwada-Kapurbawdi Flyover Ramp" /></way><way changeset="1" id="620857554" uid="1" user="OSMnx" visible="true" timestamp="2026-04-09T19:16:40Z" version="1"><nd ref="619143471" /><nd ref="1960734983" /><tag k="highway" v="secondary" /><tag k="oneway" v="no" /><tag k="name" v="Balkumbh Road" /></way><way changeset="1" id="620857557" uid="1" user="OSMnx" visible="true" timestamp="2026-04-09T19:16:40Z" version="1"><nd ref="4214654663" /><nd ref="5865499855" /><tag k="highway" v="trunk" /><tag k="oneway" v="no" /><tag k="name" v="Majiwada-Kapurbawdi Flyover" /></way><way changeset="1" id="620857558" uid="1" user="OSMnx" visible="true" timestamp="2026-04-09T19:16:40Z" version="1"><nd ref="5865499856" /><nd ref="5865499858" /><tag k="highway" v="trunk" /><tag k="oneway" v="no" /><tag k="name" v="Majiwada-Kapurbawdi Flyover" /></way><way changeset="1" id="620857559" uid="1" user="OSMnx" visible="true" timestamp="2026-04-09T19:16:40Z" version="1"><nd ref="5865499856" /><nd ref="4214654596" /><nd ref="5289546983" /><nd ref="12088316417" /><nd ref="9214906467" /><nd ref="9674431502" /><nd ref="9214906462" /><nd ref="12088316422" /><nd ref="13671621834" /><nd ref="13671621836" /><nd ref="11068281535" /><nd ref="6604559419" /><tag k="highway" v="primary" /><tag k="oneway" v="no" /><tag k="name" v="Thane Ghodbunder Road" /><tag k="ref" v="SH42" /></way><way changeset="1" id="620857560" uid="1" user="OSMnx" visible="true" timestamp="2026-04-09T19:16:40Z" version="1"><nd ref="1960734406" /><nd ref="5355360582" /><tag k="highway" v="trunk" /><tag k="oneway" v="no" /><tag k="name" v="Eastern Express Highway" /><tag k="lanes" v="3" /><tag k="ref" v="NH48" /></way><way changeset="1" id="620857561" uid="1" user="OSMnx" visible="true" timestamp="2026-04-09T19:16:40Z" version="1"><nd ref="1960734408" /><nd ref="4214654632" /><nd ref="12698657161" /><nd ref="5355360587" /><tag k="highway" v="trunk" /><tag k="oneway" v="no" /><tag k="name" v="Eastern Express Highway" /><tag k="lanes" v="3" /><tag k="ref" v="NH48" /></way><way changeset="1" id="621210089" uid="1" user="OSMnx" visible="true" timestamp="2026-04-09T19:16:40Z" version="1"><nd ref="5868392396" /><nd ref="7736315049" /><nd ref="1184044070" /><nd ref="1184044062" /><nd ref="1184044201" /><nd ref="13442161156" /><tag k="highway" v="tertiary" /><tag k="oneway" v="no" /><tag k="name" v="Service Road" /></way><way changeset="1" id="627547464" uid="1" user="OSMnx" visible="true" timestamp="2026-04-09T19:16:40Z" version="1"><nd ref="5923939960" /><nd ref="5923939958" /><nd ref="5923939957" /><nd ref="5923939956" /><tag k="highway" v="residential" /><tag k="oneway" v="no" /></way><way changeset="1" id="627547465" uid="1" user="OSMnx" visible="true" timestamp="2026-04-09T19:16:40Z" version="1"><nd ref="5923939963" /><nd ref="10226924329" /><nd ref="11939223212" /><nd ref="9894420241" /><nd ref="5923939962" /><nd ref="5923939961" /><nd ref="5923939960" /><nd ref="5923939959" /><tag k="highway" v="tertiary" /><tag k="oneway" v="no" /></way><way changeset="1" id="627547466" uid="1" user="OSMnx" visible="true" timestamp="2026-04-09T19:16:40Z" version="1"><nd ref="5923939967" /><nd ref="4214654660" /><tag k="highway" v="trunk" /><tag k="oneway" v="no" /><tag k="name" v="Majiwada-Kapurbawdi Flyover" /></way><way changeset="1" id="627547467" uid="1" user="OSMnx" visible="true" timestamp="2026-04-09T19:16:40Z" version="1"><nd ref="5923939970" /><nd ref="10308419933" /><nd ref="5923939971" /><nd ref="9016943979" /><nd ref="5923939972" /><nd ref="9091368223" /><nd ref="10232962358" /><nd ref="9091368218" /><nd ref="5923939973" /><nd ref="9091368224" /><nd ref="5923939974" /><nd ref="10112883700" /><tag k="highway" v="tertiary" /><tag k="oneway" v="no" /></way><way changeset="1" id="627547472" uid="1" user="OSMnx" visible="true" timestamp="2026-04-09T19:16:40Z" version="1"><nd ref="2227586937" /><nd ref="2227610363" /><tag k="bridge" v="yes" /><tag k="highway" v="residential" /><tag k="oneway" v="no" /><tag k="name" v="Majiwada Village Road" /></way><way changeset="1" id="638497536" uid="1" user="OSMnx" visible="true" timestamp="2026-04-09T19:16:40Z" version="1"><nd ref="2230881511" /><nd ref="10543534144" /><nd ref="6017562303" /><nd ref="6017562302" /><nd ref="6017562301" /><nd ref="6017562300" /><tag k="highway" v="living_street" /><tag k="oneway" v="no" /></way><way changeset="1" id="638497540" uid="1" user="OSMnx" visible="true" timestamp="2026-04-09T19:16:40Z" version="1"><nd ref="4367564023" /><nd ref="4367564024" /><nd ref="4367564025" /><nd ref="4367564026" /><tag k="highway" v="residential" /><tag k="oneway" v="no" /></way><way changeset="1" id="652578840" uid="1" user="OSMnx" visible="true" timestamp="2026-04-09T19:16:40Z" version="1"><nd ref="6117687088" /><nd ref="10578274412" /><nd ref="8758523943" /><nd ref="6618400291" /><nd ref="6618400290" /><nd ref="6618400289" /><nd ref="10578274411" /><nd ref="6618400288" /><nd ref="6618400287" /><nd ref="6618400286" /><nd ref="6618400285" /><nd ref="6618347284" /><nd ref="9885249723" /><nd ref="10216996388" /><tag k="highway" v="living_street" /><tag k="oneway" v="no" /></way><way changeset="1" id="652578842" uid="1" user="OSMnx" visible="true" timestamp="2026-04-09T19:16:40Z" version="1"><nd ref="6117687102" /><nd ref="6117687092" /><tag k="highway" v="residential" /><tag k="oneway" v="no" /></way><way changeset="1" id="652578843" uid="1" user="OSMnx" visible="true" timestamp="2026-04-09T19:16:40Z" version="1"><nd ref="6117687104" /><nd ref="6117687091" /><nd ref="6117687092" /><nd ref="6117687090" /><nd ref="6117687088" /><nd ref="8543105434" /><nd ref="10173342221" /><nd ref="8543105436" /><nd ref="6117687095" /><nd ref="8758523901" /><nd ref="6117687096" /><nd ref="8758523899" /><nd ref="8758523902" /><nd ref="8758523900" /><nd ref="6117687097" /><nd ref="8543105435" /><nd ref="8543105431" /><nd ref="6117687099" /><nd ref="8758523903" /><nd ref="8758523904" /><nd ref="6117687102" /><nd ref="6117687108" /><tag k="highway" v="residential" /><tag k="oneway" v="no" /></way><way changeset="1" id="652578844" uid="1" user="OSMnx" visible="true" timestamp="2026-04-09T19:16:40Z" version="1"><nd ref="6117687104" /><nd ref="6117687105" /><nd ref="6117687106" /><nd ref="6117687107" /><nd ref="6117687108" /><nd ref="6117687109" /><nd ref="6117687110" /><nd ref="6117687111" /><nd ref="6117687122" /><nd ref="6117687112" /><nd ref="6117687113" /><nd ref="6117687114" /><nd ref="6117687115" /><nd ref="6117687116" /><nd ref="6117687117" /><nd ref="6117687118" /><nd ref="6117687119" /><nd ref="6117687120" /><nd ref="6117687121" /><nd ref="6117687103" /><nd ref="6117687104" /><tag k="highway" v="residential" /><tag k="oneway" v="no" /><tag k="junction" v="roundabout" /></way><way changeset="1" id="652578845" uid="1" user="OSMnx" visible="true" timestamp="2026-04-09T19:16:40Z" version="1"><nd ref="6117687125" /><nd ref="8330023671" /><nd ref="6117687120" /><tag k="highway" v="residential" /><tag k="oneway" v="no" /></way><way changeset="1" id="652578846" uid="1" user="OSMnx" visible="true" timestamp="2026-04-09T19:16:40Z" version="1"><nd ref="10216996386" /><nd ref="8760985871" /><nd ref="6117687124" /><nd ref="6117687123" /><nd ref="1960734272" /><tag k="highway" v="residential" /><tag k="oneway" v="no" /></way><way changeset="1" id="703042859" uid="1" user="OSMnx" visible="true" timestamp="2026-04-09T19:16:40Z" version="1"><nd ref="6602348164" /><nd ref="2230881697" /><tag k="highway" v="residential" /><tag k="oneway" v="no" /></way><way changeset="1" id="703051929" uid="1" user="OSMnx" visible="true" timestamp="2026-04-09T19:16:40Z" version="1"><nd ref="414729203" /><nd ref="6602426642" /><tag k="highway" v="residential" /><tag k="oneway" v="no" /></way><way changeset="1" id="703785822" uid="1" user="OSMnx" visible="true" timestamp="2026-04-09T19:16:40Z" version="1"><nd ref="6608764028" /><nd ref="6608764027" /><tag k="highway" v="secondary_link" /><tag k="oneway" v="no" /></way><way changeset="1" id="703791611" uid="1" user="OSMnx" visible="true" timestamp="2026-04-09T19:16:40Z" version="1"><nd ref="2230881882" /><nd ref="6608862712" /><nd ref="6608862711" /><nd ref="6608862710" /><tag k="highway" v="residential" /><tag k="oneway" v="no" /></way><way changeset="1" id="703791612" uid="1" user="OSMnx" visible="true" timestamp="2026-04-09T19:16:40Z" version="1"><nd ref="2230881882" /><nd ref="2230881900" /><nd ref="2230881928" /><nd ref="2230881934" /><tag k="highway" v="residential" /><tag k="oneway" v="no" /></way><way changeset="1" id="704437875" uid="1" user="OSMnx" visible="true" timestamp="2026-04-09T19:16:40Z" version="1"><nd ref="6615635609" /><nd ref="6615635608" /><tag k="highway" v="secondary" /><tag k="oneway" v="no" /><tag k="name" v="Gladys Alwares Road" /><tag k="lanes" v="2" /></way><way changeset="1" id="704511075" uid="1" user="OSMnx" visible="true" timestamp="2026-04-09T19:16:40Z" version="1"><nd ref="9208555915" /><nd ref="8495434521" /><nd ref="8495434519" /><nd ref="8495434524" /><nd ref="8495434517" /><nd ref="8495434526" /><nd ref="4367377432" /><nd ref="8495434528" /><nd ref="8495434515" /><nd ref="8495434513" /><nd ref="4367377435" /><nd ref="8495434511" /><nd ref="8495434509" /><nd ref="8495434505" /><nd ref="11259025534" /><nd ref="11259025535" /><nd ref="6616204692" /><tag k="highway" v="residential" /><tag k="oneway" v="no" /></way><way changeset="1" id="704515220" uid="1" user="OSMnx" visible="true" timestamp="2026-04-09T19:16:40Z" version="1"><nd ref="2228292171" /><nd ref="6616246521" /><nd ref="6616246520" /><nd ref="6616246519" /><nd ref="6616246518" /><nd ref="6616246517" /><nd ref="6616246516" /><nd ref="6616246515" /><nd ref="6616246514" /><nd ref="6616246513" /><nd ref="6616246512" /><nd ref="6616246511" /><tag k="highway" v="residential" /><tag k="oneway" v="no" /></way><way changeset="1" id="704523234" uid="1" user="OSMnx" visible="true" timestamp="2026-04-09T19:16:40Z" version="1"><nd ref="2230882315" /><nd ref="6616355195" /><nd ref="6616355194" /><nd ref="6616355193" /><nd ref="6616355192" /><nd ref="6616355191" /><nd ref="11056052375" /><nd ref="11056052376" /><nd ref="11056052377" /><tag k="highway" v="residential" /><tag k="oneway" v="no" /></way><way changeset="1" id="704536513" uid="1" user="OSMnx" visible="true" timestamp="2026-04-09T19:16:40Z" version="1"><nd ref="6117536127" /><nd ref="6117536126" /><tag k="highway" v="residential" /><tag k="oneway" v="no" /></way><way changeset="1" id="704542375" uid="1" user="OSMnx" visible="true" timestamp="2026-04-09T19:16:40Z" version="1"><nd ref="3737101176" /><nd ref="2227586530" /><tag k="highway" v="residential" /><tag k="oneway" v="no" /></way><way changeset="1" id="704542376" uid="1" user="OSMnx" visible="true" timestamp="2026-04-09T19:16:40Z" version="1"><nd ref="6616506094" /><nd ref="11041643923" /><nd ref="8573777350" /><nd ref="6616506102" /><nd ref="6616506103" /><nd ref="11041641911" /><nd ref="10927915794" /><nd ref="7401301585" /><nd ref="6616506108" /><nd ref="6616506106" /><nd ref="6616506097" /><nd ref="6616506107" /><nd ref="2227586530" /><tag k="highway" v="residential" /><tag k="oneway" v="no" /></way><way changeset="1" id="704542379" uid="1" user="OSMnx" visible="true" timestamp="2026-04-09T19:16:40Z" version="1"><nd ref="4214654593" /><nd ref="6616506097" /><tag k="highway" v="residential" /><tag k="oneway" v="no" /></way><way changeset="1" id="704542380" uid="1" user="OSMnx" visible="true" timestamp="2026-04-09T19:16:40Z" version="1"><nd ref="6616506103" /><nd ref="6616506098" /><tag k="highway" v="residential" /><tag k="oneway" v="no" /></way><way changeset="1" id="704744407" uid="1" user="OSMnx" visible="true" timestamp="2026-04-09T19:16:40Z" version="1"><nd ref="2228292083" /><nd ref="6618400299" /><nd ref="7413204434" /><nd ref="6618400298" /><nd ref="8758523899" /><tag k="highway" v="residential" /><tag k="oneway" v="no" /></way><way changeset="1" id="725401377" uid="1" user="OSMnx" visible="true" timestamp="2026-04-09T19:16:40Z" version="1"><nd ref="6802412627" /><nd ref="6802412608" /><tag k="bridge" v="yes" /><tag k="highway" v="primary" /><tag k="oneway" v="no" /><tag k="name" v="Almeda Chowk Flyover" /><tag k="lanes" v="2" /></way><way changeset="1" id="725401383" uid="1" user="OSMnx" visible="true" timestamp="2026-04-09T19:16:40Z" version="1"><nd ref="6802412627" /><nd ref="6802412626" /><tag k="highway" v="primary" /><tag k="oneway" v="no" /><tag k="name" v="Almeda Chowk Flyover" /></way><way changeset="1" id="725401384" uid="1" user="OSMnx" visible="true" timestamp="2026-04-09T19:16:40Z" version="1"><nd ref="6802412626" /><nd ref="2230881419" /><nd ref="1184122902" /><nd ref="1960733682" /><nd ref="1960733730" /><tag k="highway" v="primary" /><tag k="oneway" v="no" /><tag k="name" v="Lal Bahadur Shastri Marg" /><tag k="lanes" v="2" /></way><way changeset="1" id="725401385" uid="1" user="OSMnx" visible="true" timestamp="2026-04-09T19:16:40Z" version="1"><nd ref="12165264426" /><nd ref="6802412627" /><tag k="highway" v="primary" /><tag k="oneway" v="no" /><tag k="name" v="Almeda Chowk Flyover" /></way><way changeset="1" id="725401393" uid="1" user="OSMnx" visible="true" timestamp="2026-04-09T19:16:40Z" version="1"><nd ref="6802412674" /><nd ref="9977256690" /><nd ref="6802412677" /><nd ref="10263011324" /><nd ref="6802412678" /><nd ref="6802412682" /><nd ref="7375339561" /><nd ref="10316130831" /><nd ref="2228292627" /><tag k="highway" v="tertiary" /><tag k="oneway" v="no" /></way><way changeset="1" id="725409850" uid="1" user="OSMnx" visible="true" timestamp="2026-04-09T19:16:40Z" version="1"><nd ref="414595023" /><nd ref="1184122842" /><nd ref="7400996229" /><nd ref="7400996228" /><nd ref="10227730033" /><nd ref="1960734161" /><nd ref="414595025" /><nd ref="9925315028" /><nd ref="1960734180" /><nd ref="6802445264" /><nd ref="414595026" /><tag k="highway" v="primary" /><tag k="oneway" v="no" /><tag k="name" v="Lal Bahadur Shastri Marg" /></way><way changeset="1" id="725409853" uid="1" user="OSMnx" visible="true" timestamp="2026-04-09T19:16:40Z" version="1"><nd ref="414595026" /><nd ref="1960734215" /><nd ref="11938975525" /><nd ref="2228292522" /><nd ref="11938975530" /><nd ref="9925315029" /><nd ref="7397772454" /><nd ref="9925315035" /><nd ref="1960734426" /><tag k="highway" v="primary" /><tag k="oneway" v="no" /><tag k="name" v="Lal Bahadur Shastri Marg" /></way><way changeset="1" id="725409854" uid="1" user="OSMnx" visible="true" timestamp="2026-04-09T19:16:40Z" version="1"><nd ref="6802445276" /><nd ref="11938975524" /><nd ref="12165266524" /><nd ref="11938975527" /><nd ref="13313410284" /><tag k="bridge" v="yes" /><tag k="highway" v="primary" /><tag k="oneway" v="no" /><tag k="name" v="Castle mill flyover" /><tag k="lanes" v="2" /></way><way changeset="1" id="725409856" uid="1" user="OSMnx" visible="true" timestamp="2026-04-09T19:16:40Z" version="1"><nd ref="6802445265" /><nd ref="6802495488" /><nd ref="6802495487" /><nd ref="6802495486" /><nd ref="6802495485" /><nd ref="6802445284" /><nd ref="6802445283" /><nd ref="6802445282" /><nd ref="6802445281" /><nd ref="6802445266" /><nd ref="6802445279" /><nd ref="6802445278" /><nd ref="6802445277" /><nd ref="6802445276" /><tag k="bridge" v="yes" /><tag k="highway" v="primary" /><tag k="oneway" v="no" /><tag k="name" v="Castle mill flyover" /><tag k="lanes" v="2" /></way><way changeset="1" id="725409857" uid="1" user="OSMnx" visible="true" timestamp="2026-04-09T19:16:40Z" version="1"><nd ref="1960733727" /><nd ref="1960733678" /><nd ref="1960733671" /><nd ref="2440247158" /><nd ref="1960733650" /><nd ref="2228291827" /><tag k="highway" v="primary" /><tag k="oneway" v="no" /><tag k="name" v="Lal Bahadur Shastri Marg" /><tag k="lanes" v="2" /></way><way changeset="1" id="725409859" uid="1" user="OSMnx" visible="true" timestamp="2026-04-09T19:16:40Z" version="1"><nd ref="1960734030" /><nd ref="7010109321" /><nd ref="7010109323" /><nd ref="7010109322" /><nd ref="7010109325" /><tag k="highway" v="primary" /><tag k="oneway" v="no" /></way><way changeset="1" id="725409860" uid="1" user="OSMnx" visible="true" timestamp="2026-04-09T19:16:40Z" version="1"><nd ref="6802445266" /><nd ref="6802445267" /><nd ref="6802445268" /><nd ref="6802445269" /><nd ref="6802445270" /><nd ref="6802445271" /><nd ref="6802495494" /><nd ref="6802495495" /><nd ref="6802495496" /><nd ref="6802495497" /><nd ref="6802495498" /><nd ref="6802495499" /><nd ref="6802495500" /><nd ref="6802495501" /><nd ref="6802495502" /><nd ref="6802495503" /><nd ref="6802495504" /><nd ref="6802495505" /><nd ref="6802495506" /><tag k="bridge" v="yes" /><tag k="highway" v="primary" /><tag k="oneway" v="no" /><tag k="name" v="Castle mill flyover" /></way><way changeset="1" id="725445825" uid="1" user="OSMnx" visible="true" timestamp="2026-04-09T19:16:40Z" version="1"><nd ref="6802495490" /><nd ref="1960733766" /><tag k="highway" v="primary" /><tag k="oneway" v="no" /><tag k="name" v="Meenatai Thakrey Flyover" /></way><way changeset="1" id="725445826" uid="1" user="OSMnx" visible="true" timestamp="2026-04-09T19:16:40Z" version="1"><nd ref="6802495490" /><nd ref="6802495489" /><nd ref="6802445265" /><tag k="bridge" v="yes" /><tag k="highway" v="primary" /><tag k="oneway" v="no" /><tag k="name" v="Meenatai Thakrey Flyover" /><tag k="lanes" v="2" /></way><way changeset="1" id="757846234" uid="1" user="OSMnx" visible="true" timestamp="2026-04-09T19:16:40Z" version="1"><nd ref="7123994600" /><nd ref="2050868152" /><nd ref="1960735225" /><nd ref="11027599365" /><nd ref="11027591127" /><nd ref="8448818915" /><tag k="highway" v="tertiary" /><tag k="oneway" v="no" /><tag k="name" v="Victoria Avenue" /><tag k="lanes" v="2" /></way><way changeset="1" id="757846235" uid="1" user="OSMnx" visible="true" timestamp="2026-04-09T19:16:40Z" version="1"><nd ref="9665373517" /><nd ref="12073009992" /><nd ref="7123994603" /><nd ref="2230882384" /><tag k="highway" v="residential" /><tag k="oneway" v="no" /><tag k="name" v="North Avenue" /></way><way changeset="1" id="760453506" uid="1" user="OSMnx" visible="true" timestamp="2026-04-09T19:16:40Z" version="1"><nd ref="11939157087" /><nd ref="11939157086" /><tag k="highway" v="trunk_link" /><tag k="oneway" v="no" /><tag k="name" v="Thane Ghodbunder Road" /></way><way changeset="1" id="762428421" uid="1" user="OSMnx" visible="true" timestamp="2026-04-09T19:16:40Z" version="1"><nd ref="8552003567" /><nd ref="8586977801" /><nd ref="1960735251" /><nd ref="6615635609" /><nd ref="8460391410" /><nd ref="8305682479" /><nd ref="1960735266" /><nd ref="8481940496" /><nd ref="7366248537" /><nd ref="8336655675" /><nd ref="7366340626" /><tag k="highway" v="secondary" /><tag k="oneway" v="no" /><tag k="name" v="Glady's Alwares Avenue" /><tag k="lanes" v="3" /></way><way changeset="1" id="762428423" uid="1" user="OSMnx" visible="true" timestamp="2026-04-09T19:16:40Z" version="1"><nd ref="7280128666" /><nd ref="8336655708" /><nd ref="9665368616" /><nd ref="8448818861" /><nd ref="8448818871" /><nd ref="8448818912" /><nd ref="414730051" /><nd ref="9067764446" /><nd ref="1960735183" /><nd ref="2230882166" /><nd ref="13633858488" /><nd ref="414730053" /><nd ref="9203147549" /><nd ref="6615740388" /><nd ref="13633858484" /><nd ref="8790099251" /><nd ref="9203147554" /><tag k="highway" v="secondary" /><tag k="oneway" v="no" /><tag k="name" v="Glady's Alwares Avenue" /></way><way changeset="1" id="762428425" uid="1" user="OSMnx" visible="true" timestamp="2026-04-09T19:16:40Z" version="1"><nd ref="9665373517" /><nd ref="9665373521" /><nd ref="7123994588" /><nd ref="7123994595" /><nd ref="7123994596" /><nd ref="7123994597" /><nd ref="7123994589" /><nd ref="9665373524" /><nd ref="7123994591" /><nd ref="9665373520" /><nd ref="7123994592" /><nd ref="7123994593" /><nd ref="7123994594" /><nd ref="9665373519" /><nd ref="9665373523" /><nd ref="7123994599" /><nd ref="7123994600" /><nd ref="7123994601" /><nd ref="7123985984" /><nd ref="10713480684" /><nd ref="9665373522" /><nd ref="7123994586" /><nd ref="7123985982" /><nd ref="9665373517" /><tag k="highway" v="tertiary" /><tag k="oneway" v="no" /><tag k="name" v="East Gorge Roundabout" /><tag k="junction" v="roundabout" /></way><way changeset="1" id="775912811" uid="1" user="OSMnx" visible="true" timestamp="2026-04-09T19:16:40Z" version="1"><nd ref="7238493754" /><nd ref="2228291851" /><nd ref="9455055262" /><nd ref="2228291893" /><nd ref="2228291914" /><nd ref="11022703421" /><nd ref="2228291982" /><nd ref="11022703416" /><nd ref="2228292091" /><tag k="highway" v="residential" /><tag k="oneway" v="no" /><tag k="name" v="Akashganga Road" /></way><way changeset="1" id="775912814" uid="1" user="OSMnx" visible="true" timestamp="2026-04-09T19:16:40Z" version="1"><nd ref="7238493762" /><nd ref="7238493761" /><tag k="bridge" v="yes" /><tag k="highway" v="residential" /><tag k="oneway" v="no" /><tag k="name" v="Akashganga Road" /></way><way changeset="1" id="775912815" uid="1" user="OSMnx" visible="true" timestamp="2026-04-09T19:16:40Z" version="1"><nd ref="7238493761" /><nd ref="7238493760" /><nd ref="7238493758" /><nd ref="7238493754" /><tag k="highway" v="residential" /><tag k="oneway" v="no" /><tag k="name" v="Akashganga Road" /></way><way changeset="1" id="775912816" uid="1" user="OSMnx" visible="true" timestamp="2026-04-09T19:16:40Z" version="1"><nd ref="7238493754" /><nd ref="7238493759" /><nd ref="7238493757" /><nd ref="7238493763" /><tag k="highway" v="residential" /><tag k="oneway" v="no" /><tag k="name" v="Akashganga Road" /></way><way changeset="1" id="775912817" uid="1" user="OSMnx" visible="true" timestamp="2026-04-09T19:16:40Z" version="1"><nd ref="7238493763" /><nd ref="7238493764" /><tag k="bridge" v="yes" /><tag k="highway" v="residential" /><tag k="oneway" v="no" /><tag k="name" v="Akashganga Road" /></way><way changeset="1" id="775985458" uid="1" user="OSMnx" visible="true" timestamp="2026-04-09T19:16:40Z" version="1"><nd ref="7239257007" /><nd ref="7239257008" /><tag k="bridge" v="yes" /><tag k="highway" v="secondary" /><tag k="oneway" v="no" /><tag k="name" v="Uthalsar Road" /></way><way changeset="1" id="779615080" uid="1" user="OSMnx" visible="true" timestamp="2026-04-09T19:16:40Z" version="1"><nd ref="7280128610" /><nd ref="9219685046" /><nd ref="8564342796" /><nd ref="8564342792" /><nd ref="9219685057" /><nd ref="9904098848" /><nd ref="7280128609" /><nd ref="8485754658" /><nd ref="12418092180" /><nd ref="7280128599" /><nd ref="8485754657" /><nd ref="7280128622" /><nd ref="7280128593" /><nd ref="8564342787" /><nd ref="7280128592" /><nd ref="7280128591" /><nd ref="7280128623" /><nd ref="7280128590" /><nd ref="9904098847" /><nd ref="7280128588" /><nd ref="8476187274" /><nd ref="8460008417" /><tag k="highway" v="tertiary" /><tag k="oneway" v="no" /><tag k="name" v="Mission Drive" /></way><way changeset="1" id="779615082" uid="1" user="OSMnx" visible="true" timestamp="2026-04-09T19:16:40Z" version="1"><nd ref="9203147551" /><nd ref="7280128630" /><nd ref="7280128656" /><nd ref="414730063" /><nd ref="8561294044" /><nd ref="9867737236" /><nd ref="1960735015" /><nd ref="414730067" /><nd ref="8561294042" /><nd ref="1960734954" /><nd ref="1960734940" /><nd ref="414730069" /><nd ref="9868737784" /><nd ref="9925314962" /><tag k="highway" v="secondary" /><tag k="oneway" v="no" /><tag k="name" v="Glady's Alwares Avenue" /></way><way changeset="1" id="779615083" uid="1" user="OSMnx" visible="true" timestamp="2026-04-09T19:16:40Z" version="1"><nd ref="9203147555" /><nd ref="1960735161" /><nd ref="8550872954" /><nd ref="4367377448" /><nd ref="1960735178" /><nd ref="6615658371" /><nd ref="4367377453" /><nd ref="1960735184" /><nd ref="8790154387" /><nd ref="8761948475" /><nd ref="8319331175" /><nd ref="9208555710" /><nd ref="2230882222" /><nd ref="1960735202" /><nd ref="9665368615" /><nd ref="7123985977" /><nd ref="7280128664" /><tag k="highway" v="secondary" /><tag k="oneway" v="no" /><tag k="name" v="Glady's Alwares Avenue" /></way><way changeset="1" id="779615085" uid="1" user="OSMnx" visible="true" timestamp="2026-04-09T19:16:40Z" version="1"><nd ref="8448818915" /><nd ref="10713480680" /><nd ref="1960735221" /><tag k="highway" v="tertiary" /><tag k="oneway" v="no" /><tag k="name" v="Victoria Avenue" /><tag k="lanes" v="2" /></way><way changeset="1" id="779615086" uid="1" user="OSMnx" visible="true" timestamp="2026-04-09T19:16:40Z" version="1"><nd ref="10713480682" /><nd ref="10713480683" /><nd ref="10713480684" /><tag k="highway" v="tertiary" /><tag k="oneway" v="no" /><tag k="name" v="Victoria Avenue" /><tag k="lanes" v="2" /></way><way changeset="1" id="784746962" uid="1" user="OSMnx" visible="true" timestamp="2026-04-09T19:16:40Z" version="1"><nd ref="7334296263" /><nd ref="8796526607" /><nd ref="9726454232" /><tag k="maxspeed" v="50" /><tag k="highway" v="tertiary" /><tag k="oneway" v="no" /><tag k="name" v="Kolshet Road" /><tag k="lanes" v="4" /></way><way changeset="1" id="784746964" uid="1" user="OSMnx" visible="true" timestamp="2026-04-09T19:16:40Z" version="1"><nd ref="13070234387" /><nd ref="8500641923" /><nd ref="8500641922" /><nd ref="8500641921" /><nd ref="8500641920" /><nd ref="8500641919" /><nd ref="7334214574" /><nd ref="11611029214" /><nd ref="8500641913" /><nd ref="7331361941" /><nd ref="8502360839" /><nd ref="8500641917" /><nd ref="8500641914" /><nd ref="7331361942" /><nd ref="7331361954" /><tag k="highway" v="residential" /><tag k="oneway" v="no" /></way><way changeset="1" id="784746966" uid="1" user="OSMnx" visible="true" timestamp="2026-04-09T19:16:40Z" version="1"><nd ref="7331361945" /><nd ref="7366332684" /><nd ref="9091527471" /><nd ref="8500641916" /><nd ref="8500641917" /><tag k="highway" v="residential" /><tag k="oneway" v="no" /></way><way changeset="1" id="784746970" uid="1" user="OSMnx" visible="true" timestamp="2026-04-09T19:16:40Z" version="1"><nd ref="8500641914" /><nd ref="8500641907" /><nd ref="7366356185" /><nd ref="2227588316" /><tag k="highway" v="residential" /><tag k="oneway" v="no" /></way><way changeset="1" id="785589868" uid="1" user="OSMnx" visible="true" timestamp="2026-04-09T19:16:40Z" version="1"><nd ref="2230882144" /><nd ref="12418878930" /><nd ref="2899247168" /><nd ref="2899247178" /><nd ref="7302192115" /><nd ref="8526141804" /><nd ref="2899247177" /><tag k="highway" v="residential" /><tag k="oneway" v="no" /></way><way changeset="1" id="785589869" uid="1" user="OSMnx" visible="true" timestamp="2026-04-09T19:16:40Z" version="1"><nd ref="2899247177" /><nd ref="2899247176" /><nd ref="8476187275" /><nd ref="2899247175" /><nd ref="8476187276" /><nd ref="2899247173" /><tag k="highway" v="residential" /><tag k="oneway" v="no" /></way><way changeset="1" id="785821520" uid="1" user="OSMnx" visible="true" timestamp="2026-04-09T19:16:40Z" version="1"><nd ref="7345834128" /><nd ref="7345834179" /><nd ref="7345834152" /><nd ref="7345834156" /><nd ref="7345834168" /><nd ref="8780753211" /><nd ref="7346079845" /><nd ref="8780753212" /><nd ref="8780753213" /><tag k="highway" v="residential" /><tag k="oneway" v="no" /></way><way changeset="1" id="785845443" uid="1" user="OSMnx" visible="true" timestamp="2026-04-09T19:16:40Z" version="1"><nd ref="10945734224" /><nd ref="7346079864" /><tag k="highway" v="residential" /><tag k="oneway" v="no" /></way><way changeset="1" id="787348493" uid="1" user="OSMnx" visible="true" timestamp="2026-04-09T19:16:40Z" version="1"><nd ref="13301331434" /><nd ref="13301331437" /><nd ref="13301331436" /><nd ref="2228429147" /><nd ref="1960733826" /><nd ref="10279453010" /><tag k="highway" v="residential" /><tag k="oneway" v="no" /><tag k="name" v="Kusumagraj Marg" /></way><way changeset="1" id="787859742" uid="1" user="OSMnx" visible="true" timestamp="2026-04-09T19:16:40Z" version="1"><nd ref="7365934576" /><nd ref="2227588359" /><tag k="highway" v="residential" /><tag k="oneway" v="no" /></way><way changeset="1" id="787859743" uid="1" user="OSMnx" visible="true" timestamp="2026-04-09T19:16:40Z" version="1"><nd ref="7365934540" /><nd ref="10279403400" /><nd ref="7365934538" /><nd ref="8923315169" /><tag k="highway" v="residential" /><tag k="oneway" v="no" /><tag k="name" v="Everest World Circle Road" /></way><way changeset="1" id="787859744" uid="1" user="OSMnx" visible="true" timestamp="2026-04-09T19:16:40Z" version="1"><nd ref="7365934555" /><nd ref="8562394765" /><nd ref="7365934556" /><nd ref="7365934557" /><nd ref="7365934558" /><nd ref="7365934561" /><nd ref="7365934562" /><nd ref="7365934563" /><nd ref="7365934564" /><nd ref="7365934572" /><nd ref="7365934573" /><nd ref="8562394766" /><nd ref="8562394767" /><nd ref="7365934540" /><nd ref="7365934545" /><nd ref="7365934547" /><nd ref="7365934548" /><nd ref="7365934551" /><nd ref="8562394764" /><nd ref="2227588374" /><nd ref="7365934555" /><tag k="highway" v="residential" /><tag k="oneway" v="no" /><tag k="name" v="Everest World Circle Road" /><tag k="junction" v="roundabout" /></way><way changeset="1" id="787859745" uid="1" user="OSMnx" visible="true" timestamp="2026-04-09T19:16:40Z" version="1"><nd ref="8923315170" /><nd ref="2227588169" /><nd ref="10279403399" /><nd ref="10006525813" /><nd ref="7365934548" /><tag k="highway" v="residential" /><tag k="oneway" v="no" /><tag k="name" v="Everest World Circle Road" /></way><way changeset="1" id="787859746" uid="1" user="OSMnx" visible="true" timestamp="2026-04-09T19:16:40Z" version="1"><nd ref="2227588352" /><nd ref="7365934578" /><nd ref="7365934577" /><nd ref="7365934576" /><nd ref="7365934575" /><nd ref="7371534243" /><nd ref="7365934556" /><tag k="highway" v="residential" /><tag k="oneway" v="no" /><tag k="name" v="Everest World Circle Road" /></way><way changeset="1" id="787859747" uid="1" user="OSMnx" visible="true" timestamp="2026-04-09T19:16:40Z" version="1"><nd ref="2227588374" /><nd ref="2227588380" /><nd ref="2227588372" /><nd ref="2227588359" /><nd ref="10006525824" /><nd ref="7365934544" /><nd ref="2227588352" /><tag k="highway" v="residential" /><tag k="oneway" v="no" /><tag k="name" v="Everest World Circle Road" /></way><way changeset="1" id="787866278" uid="1" user="OSMnx" visible="true" timestamp="2026-04-09T19:16:40Z" version="1"><nd ref="9350865461" /><nd ref="7366008404" /><nd ref="7366008405" /><nd ref="7366008406" /><nd ref="7366008407" /><nd ref="2227587960" /><nd ref="2227587957" /><tag k="highway" v="residential" /><tag k="oneway" v="no" /></way><way changeset="1" id="787866279" uid="1" user="OSMnx" visible="true" timestamp="2026-04-09T19:16:40Z" version="1"><nd ref="2227587957" /><nd ref="7371534257" /><nd ref="7371534255" /><nd ref="7371534256" /><nd ref="7371534254" /><nd ref="7371534259" /><nd ref="7371534258" /><nd ref="7366008403" /><nd ref="7391552066" /><nd ref="7391552065" /><nd ref="7391552064" /><tag k="highway" v="residential" /><tag k="oneway" v="no" /></way><way changeset="1" id="787866280" uid="1" user="OSMnx" visible="true" timestamp="2026-04-09T19:16:40Z" version="1"><nd ref="7371534262" /><nd ref="2227587972" /><nd ref="9350865451" /><nd ref="9350865462" /><nd ref="9350865461" /><nd ref="2227588000" /><tag k="highway" v="residential" /><tag k="oneway" v="no" /></way><way changeset="1" id="787866281" uid="1" user="OSMnx" visible="true" timestamp="2026-04-09T19:16:40Z" version="1"><nd ref="10251547852" /><nd ref="12073099633" /><nd ref="11043407993" /><nd ref="6618373848" /><nd ref="9350865238" /><nd ref="7366008426" /><nd ref="9350865237" /><nd ref="2227588101" /><nd ref="6618373838" /><nd ref="4233520827" /><nd ref="6618373846" /><tag k="highway" v="residential" /><tag k="oneway" v="no" /></way><way changeset="1" id="787866282" uid="1" user="OSMnx" visible="true" timestamp="2026-04-09T19:16:40Z" version="1"><nd ref="7366008439" /><nd ref="7366008440" /><nd ref="7366008437" /><nd ref="13416028709" /><nd ref="7366008441" /><tag k="highway" v="residential" /><tag k="oneway" v="no" /><tag k="name" v="38th East Street" /></way><way changeset="1" id="787895882" uid="1" user="OSMnx" visible="true" timestamp="2026-04-09T19:16:40Z" version="1"><nd ref="7366248542" /><nd ref="7371534230" /><nd ref="7366248532" /><tag k="highway" v="secondary_link" /><tag k="oneway" v="no" /><tag k="lanes" v="1" /></way><way changeset="1" id="787895883" uid="1" user="OSMnx" visible="true" timestamp="2026-04-09T19:16:40Z" version="1"><nd ref="414730041" /><nd ref="8336655682" /><nd ref="7366248535" /><tag k="highway" v="secondary_link" /><tag k="oneway" v="no" /><tag k="lanes" v="1" /></way><way changeset="1" id="787895884" uid="1" user="OSMnx" visible="true" timestamp="2026-04-09T19:16:40Z" version="1"><nd ref="7366248537" /><nd ref="8458629660" /><nd ref="8458629661" /><nd ref="8458629662" /><nd ref="8336655674" /><nd ref="7366248550" /><tag k="highway" v="secondary_link" /><tag k="oneway" v="no" /><tag k="lanes" v="1" /></way><way changeset="1" id="787895885" uid="1" user="OSMnx" visible="true" timestamp="2026-04-09T19:16:40Z" version="1"><nd ref="7366248550" /><nd ref="8336655678" /><nd ref="8336655681" /><nd ref="8450022933" /><tag k="highway" v="secondary_link" /><tag k="oneway" v="no" /><tag k="lanes" v="1" /></way><way changeset="1" id="787895886" uid="1" user="OSMnx" visible="true" timestamp="2026-04-09T19:16:40Z" version="1"><nd ref="7366340627" /><nd ref="8336655680" /><nd ref="7366248550" /><tag k="highway" v="residential" /><tag k="oneway" v="no" /><tag k="lanes" v="2" /></way><way changeset="1" id="787895888" uid="1" user="OSMnx" visible="true" timestamp="2026-04-09T19:16:40Z" version="1"><nd ref="7366340611" /><nd ref="7366248535" /><nd ref="7371534237" /><nd ref="7366248543" /><tag k="highway" v="residential" /><tag k="oneway" v="no" /><tag k="name" v="Shri Gurudatta Maharaj Marg" /><tag k="lanes" v="1" /></way><way changeset="1" id="787895889" uid="1" user="OSMnx" visible="true" timestamp="2026-04-09T19:16:40Z" version="1"><nd ref="7366248550" /><nd ref="8336655679" /><nd ref="7366340614" /><tag k="highway" v="residential" /><tag k="oneway" v="no" /><tag k="lanes" v="2" /></way><way changeset="1" id="787900398" uid="1" user="OSMnx" visible="true" timestamp="2026-04-09T19:16:40Z" version="1"><nd ref="2227588045" /><nd ref="10251547854" /><nd ref="2227588117" /><nd ref="7365934524" /><nd ref="4233520834" /><nd ref="8794902862" /><nd ref="1182363539" /><nd ref="1182363560" /><tag k="maxspeed" v="50" /><tag k="highway" v="tertiary" /><tag k="oneway" v="no" /><tag k="name" v="Kolshet Road" /><tag k="lanes" v="4" /></way><way changeset="1" id="787900400" uid="1" user="OSMnx" visible="true" timestamp="2026-04-09T19:16:40Z" version="1"><nd ref="8502359187" /><nd ref="10287153452" /><nd ref="7366287331" /><nd ref="7371534263" /><nd ref="7366287332" /><nd ref="9681667507" /><nd ref="7366332684" /><nd ref="7366356185" /><nd ref="8794902867" /><nd ref="8923315169" /><nd ref="8923315170" /><nd ref="7366287334" /><nd ref="7366287335" /><nd ref="8794902866" /><nd ref="9681536643" /><nd ref="9681536644" /><nd ref="7366287325" /><nd ref="10251547853" /><nd ref="7366287337" /><nd ref="11217100451" /><nd ref="7366287338" /><nd ref="7366287339" /><tag k="maxspeed" v="50" /><tag k="highway" v="tertiary" /><tag k="oneway" v="no" /><tag k="name" v="Kolshet Road" /><tag k="lanes" v="4" /></way><way changeset="1" id="787900401" uid="1" user="OSMnx" visible="true" timestamp="2026-04-09T19:16:40Z" version="1"><nd ref="9726454234" /><nd ref="8796526608" /><nd ref="7331353175" /><tag k="maxspeed" v="50" /><tag k="highway" v="tertiary" /><tag k="oneway" v="no" /><tag k="name" v="Kolshet Road" /><tag k="lanes" v="4" /></way><way changeset="1" id="787907598" uid="1" user="OSMnx" visible="true" timestamp="2026-04-09T19:16:40Z" version="1"><nd ref="8450013008" /><nd ref="7366340622" /><nd ref="7366340624" /><nd ref="7366340625" /><nd ref="7366340626" /><nd ref="7371534233" /><nd ref="7366340627" /><nd ref="7366340628" /><nd ref="7366340629" /><nd ref="8450013009" /><nd ref="7366340614" /><nd ref="7371534232" /><nd ref="7366340616" /><nd ref="8336655706" /><nd ref="8450013006" /><nd ref="7366340631" /><nd ref="7371534235" /><nd ref="7371534231" /><nd ref="7366340611" /><nd ref="7371534234" /><nd ref="8450013007" /><nd ref="1960735299" /><nd ref="8450013008" /><tag k="highway" v="secondary" /><tag k="oneway" v="no" /><tag k="name" v="Khewra Circle" /><tag k="lanes" v="3" /><tag k="junction" v="roundabout" /></way><way changeset="1" id="787907599" uid="1" user="OSMnx" visible="true" timestamp="2026-04-09T19:16:40Z" version="1"><nd ref="8450022933" /><nd ref="8336655700" /><nd ref="8336674826" /><nd ref="1960735322" /><nd ref="13640298414" /><nd ref="8336655704" /><tag k="highway" v="secondary" /><tag k="oneway" v="no" /><tag k="name" v="Glady's Alwares Avenue" /><tag k="lanes" v="3" /></way><way changeset="1" id="787907600" uid="1" user="OSMnx" visible="true" timestamp="2026-04-09T19:16:40Z" version="1"><nd ref="8342841380" /><nd ref="8336655705" /><nd ref="1960735324" /><nd ref="11066264177" /><nd ref="414730041" /><nd ref="8336655684" /><nd ref="7366340631" /><tag k="highway" v="secondary" /><tag k="oneway" v="no" /><tag k="name" v="Glady's Alwares Avenue" /><tag k="lanes" v="3" /></way><way changeset="1" id="787908439" uid="1" user="OSMnx" visible="true" timestamp="2026-04-09T19:16:40Z" version="1"><nd ref="7366380223" /><nd ref="7366380222" /><tag k="highway" v="tertiary_link" /><tag k="oneway" v="no" /></way><way changeset="1" id="787908440" uid="1" user="OSMnx" visible="true" timestamp="2026-04-09T19:16:40Z" version="1"><nd ref="7366380238" /><nd ref="7366380237" /><nd ref="8794902860" /><nd ref="10251547849" /><nd ref="7366380234" /><nd ref="7371534252" /><nd ref="7366380222" /><nd ref="7366380233" /><nd ref="11070599636" /><nd ref="9350865539" /><nd ref="7366380232" /><nd ref="9350865538" /><nd ref="7366380231" /><nd ref="11939303083" /><nd ref="7366380230" /><tag k="highway" v="tertiary" /><tag k="oneway" v="no" /><tag k="name" v="Dhokali Road" /></way><way changeset="1" id="788813751" uid="1" user="OSMnx" visible="true" timestamp="2026-04-09T19:16:40Z" version="1"><nd ref="7374841009" /><nd ref="7374841012" /><nd ref="7374824451" /><tag k="highway" v="residential" /><tag k="oneway" v="no" /><tag k="name" v="Pipeline Road" /></way><way changeset="1" id="788843463" uid="1" user="OSMnx" visible="true" timestamp="2026-04-09T19:16:40Z" version="1"><nd ref="1235792892" /><nd ref="7375137303" /><nd ref="7375137302" /><nd ref="7375137301" /><nd ref="7375137300" /><nd ref="7375137299" /><nd ref="7375137298" /><nd ref="7375137297" /><nd ref="7375137296" /><nd ref="7375137295" /><tag k="highway" v="residential" /><tag k="oneway" v="no" /></way><way changeset="1" id="788859593" uid="1" user="OSMnx" visible="true" timestamp="2026-04-09T19:16:40Z" version="1"><nd ref="7375293990" /><nd ref="7375293991" /><nd ref="7375293992" /><nd ref="9904682624" /><tag k="highway" v="secondary_link" /><tag k="oneway" v="no" /></way><way changeset="1" id="788859594" uid="1" user="OSMnx" visible="true" timestamp="2026-04-09T19:16:40Z" version="1"><nd ref="7375294017" /><nd ref="2230881977" /><tag k="highway" v="residential" /><tag k="oneway" v="no" /></way><way changeset="1" id="788864957" uid="1" user="OSMnx" visible="true" timestamp="2026-04-09T19:16:40Z" version="1"><nd ref="7375339543" /><nd ref="7375339544" /><tag k="bridge" v="yes" /><tag k="highway" v="residential" /><tag k="oneway" v="no" /><tag k="name" v="Kusumagraj Marg" /></way><way changeset="1" id="788874486" uid="1" user="OSMnx" visible="true" timestamp="2026-04-09T19:16:40Z" version="1"><nd ref="7375425898" /><nd ref="9880280479" /><nd ref="13555600532" /><nd ref="2230881545" /><nd ref="10279453012" /><nd ref="1960734207" /><nd ref="10054380647" /><nd ref="11925288310" /><nd ref="10936284144" /><nd ref="11299487026" /><nd ref="1960734155" /><nd ref="1960734122" /><nd ref="10054380649" /><nd ref="7398093905" /><nd ref="7736315017" /><nd ref="10168886530" /><nd ref="1184044101" /><nd ref="10168886525" /><nd ref="6119066789" /><nd ref="3878627345" /><tag k="highway" v="secondary" /><tag k="oneway" v="no" /><tag k="name" v="Pokhran Road 1" /></way><way changeset="1" id="788874487" uid="1" user="OSMnx" visible="true" timestamp="2026-04-09T19:16:40Z" version="1"><nd ref="7375425899" /><nd ref="7375425898" /><tag k="bridge" v="yes" /><tag k="highway" v="secondary" /><tag k="oneway" v="no" /><tag k="name" v="Pokhran Road 1" /></way><way changeset="1" id="788874488" uid="1" user="OSMnx" visible="true" timestamp="2026-04-09T19:16:40Z" version="1"><nd ref="7374841009" /><nd ref="7374824454" /><tag k="bridge" v="yes" /><tag k="highway" v="secondary" /><tag k="oneway" v="no" /><tag k="name" v="Pokhran Road 1" /></way><way changeset="1" id="788874489" uid="1" user="OSMnx" visible="true" timestamp="2026-04-09T19:16:40Z" version="1"><nd ref="7736315018" /><nd ref="10168886524" /><nd ref="10168886529" /><nd ref="7398093906" /><nd ref="10054380648" /><nd ref="1855291432" /><nd ref="7374824455" /><nd ref="8763972182" /><nd ref="12090075394" /><nd ref="11925288309" /><nd ref="1960734187" /><nd ref="10279453013" /><nd ref="11925288311" /><nd ref="13555600538" /><nd ref="13555600533" /><nd ref="13431778550" /><nd ref="10936278706" /><nd ref="9880280480" /><tag k="highway" v="secondary" /><tag k="oneway" v="no" /><tag k="name" v="Pokhran Road 1" /></way><way changeset="1" id="791332501" uid="1" user="OSMnx" visible="true" timestamp="2026-04-09T19:16:40Z" version="1"><nd ref="7400996224" /><nd ref="7400996225" /><nd ref="7400996226" /><nd ref="7397772462" /><nd ref="7397772463" /><tag k="highway" v="living_street" /><tag k="oneway" v="no" /></way><way changeset="1" id="791334251" uid="1" user="OSMnx" visible="true" timestamp="2026-04-09T19:16:40Z" version="1"><nd ref="4367754372" /><nd ref="4367754371" /><nd ref="4367754370" /><nd ref="4367754369" /><nd ref="10230398033" /><nd ref="4367754368" /><nd ref="2227610325" /><nd ref="7397873587" /><nd ref="7397873588" /><nd ref="7400668305" /><nd ref="6616506098" /><tag k="highway" v="residential" /><tag k="oneway" v="no" /></way><way changeset="1" id="791359575" uid="1" user="OSMnx" visible="true" timestamp="2026-04-09T19:16:40Z" version="1"><nd ref="7398093906" /><nd ref="7398093905" /><tag k="highway" v="secondary_link" /><tag k="oneway" v="no" /></way><way changeset="1" id="791595952" uid="1" user="OSMnx" visible="true" timestamp="2026-04-09T19:16:40Z" version="1"><nd ref="7400299776" /><nd ref="7400314986" /><nd ref="9392521768" /><nd ref="7400299777" /><nd ref="7400299778" /><nd ref="9392521770" /><nd ref="9392521774" /><nd ref="7400299779" /><nd ref="7400299780" /><nd ref="7400299781" /><nd ref="7400299782" /><nd ref="7400299783" /><nd ref="7400299784" /><nd ref="7400314985" /><nd ref="9392521773" /><nd ref="9392521772" /><nd ref="7400299770" /><nd ref="7400299771" /><nd ref="7400299772" /><nd ref="9392521775" /><nd ref="9392521771" /><nd ref="7400299774" /><nd ref="11939303086" /><nd ref="7400299775" /><nd ref="2227587700" /><nd ref="7400299776" /><tag k="highway" v="residential" /><tag k="oneway" v="no" /><tag k="junction" v="roundabout" /></way><way changeset="1" id="791595953" uid="1" user="OSMnx" visible="true" timestamp="2026-04-09T19:16:40Z" version="1"><nd ref="9392521771" /><nd ref="11939303087" /><nd ref="6618331805" /><nd ref="7366380230" /><tag k="highway" v="residential" /><tag k="oneway" v="no" /></way><way changeset="1" id="791607250" uid="1" user="OSMnx" visible="true" timestamp="2026-04-09T19:16:40Z" version="1"><nd ref="6618400298" /><nd ref="7400430342" /><nd ref="7400430341" /><nd ref="7400430340" /><nd ref="7400430339" /><nd ref="7400430338" /><nd ref="10316068249" /><nd ref="7400430337" /><nd ref="7400430336" /><nd ref="7400430335" /><nd ref="7400430334" /><nd ref="7400996223" /><tag k="highway" v="residential" /><tag k="oneway" v="no" /></way><way changeset="1" id="791607251" uid="1" user="OSMnx" visible="true" timestamp="2026-04-09T19:16:40Z" version="1"><nd ref="2228292229" /><nd ref="9480264258" /><nd ref="7400430355" /><nd ref="7400430353" /><nd ref="11250337745" /><nd ref="10926096988" /><nd ref="7400430351" /><nd ref="7400430350" /><nd ref="7400430349" /><nd ref="7400430348" /><nd ref="7400430347" /><nd ref="7400430346" /><nd ref="7400430345" /><tag k="highway" v="residential" /><tag k="oneway" v="no" /></way><way changeset="1" id="791627765" uid="1" user="OSMnx" visible="true" timestamp="2026-04-09T19:16:40Z" version="1"><nd ref="5428586524" /><nd ref="5428586522" /><tag k="bridge" v="yes" /><tag k="highway" v="residential" /><tag k="oneway" v="no" /></way><way changeset="1" id="791627766" uid="1" user="OSMnx" visible="true" timestamp="2026-04-09T19:16:40Z" version="1"><nd ref="4728991942" /><nd ref="5428586524" /><tag k="highway" v="residential" /><tag k="oneway" v="no" /></way><way changeset="1" id="791632939" uid="1" user="OSMnx" visible="true" timestamp="2026-04-09T19:16:40Z" version="1"><nd ref="4367762053" /><nd ref="9375515078" /><nd ref="7400717793" /><tag k="highway" v="residential" /><tag k="oneway" v="no" /></way><way changeset="1" id="791632940" uid="1" user="OSMnx" visible="true" timestamp="2026-04-09T19:16:40Z" version="1"><nd ref="7400717802" /><nd ref="7400717801" /><nd ref="7400717800" /><nd ref="7400717799" /><nd ref="7400717798" /><nd ref="7400717797" /><nd ref="7400717796" /><nd ref="7400996210" /><nd ref="7400717795" /><nd ref="7400717794" /><tag k="highway" v="residential" /><tag k="oneway" v="no" /></way><way changeset="1" id="791662176" uid="1" user="OSMnx" visible="true" timestamp="2026-04-09T19:16:40Z" version="1"><nd ref="2228292091" /><nd ref="2228292122" /><nd ref="2228292104" /><nd ref="2228292059" /><nd ref="11021416385" /><nd ref="2228292051" /><nd ref="2228292057" /><nd ref="2228292130" /><tag k="highway" v="residential" /><tag k="oneway" v="no" /></way><way changeset="1" id="791662179" uid="1" user="OSMnx" visible="true" timestamp="2026-04-09T19:16:40Z" version="1"><nd ref="6802445274" /><nd ref="7010109318" /><nd ref="1960734099" /><tag k="highway" v="primary" /><tag k="oneway" v="no" /><tag k="name" v="Lal Bahadur Shastri Marg" /></way><way changeset="1" id="791662180" uid="1" user="OSMnx" visible="true" timestamp="2026-04-09T19:16:40Z" version="1"><nd ref="7400996230" /><nd ref="6802445274" /><tag k="bridge" v="yes" /><tag k="highway" v="primary" /><tag k="oneway" v="no" /><tag k="name" v="Lal Bahadur Shastri Marg" /></way><way changeset="1" id="791690011" uid="1" user="OSMnx" visible="true" timestamp="2026-04-09T19:16:40Z" version="1"><nd ref="7401229884" /><nd ref="7401301585" /><tag k="highway" v="residential" /><tag k="oneway" v="no" /></way><way changeset="1" id="792783063" uid="1" user="OSMnx" visible="true" timestamp="2026-04-09T19:16:40Z" version="1"><nd ref="2228292089" /><nd ref="10240177841" /><nd ref="2228292083" /><tag k="highway" v="residential" /><tag k="oneway" v="no" /></way><way changeset="1" id="823444497" uid="1" user="OSMnx" visible="true" timestamp="2026-04-09T19:16:40Z" version="1"><nd ref="7687784355" /><nd ref="9252497297" /><nd ref="7687784354" /><nd ref="9252497294" /><nd ref="7687784353" /><nd ref="10196782306" /><tag k="bridge" v="yes" /><tag k="highway" v="secondary" /><tag k="oneway" v="no" /><tag k="name" v="Saket Flyover" /><tag k="lanes" v="2" /></way><way changeset="1" id="828749436" uid="1" user="OSMnx" visible="true" timestamp="2026-04-09T19:16:40Z" version="1"><nd ref="9579825706" /><nd ref="10054380650" /><nd ref="10054380652" /><nd ref="10054380653" /><nd ref="5865499827" /><nd ref="7736315001" /><nd ref="10279377266" /><nd ref="7736315008" /><tag k="highway" v="trunk_link" /><tag k="oneway" v="no" /><tag k="lanes" v="3" /></way><way changeset="1" id="828749437" uid="1" user="OSMnx" visible="true" timestamp="2026-04-09T19:16:40Z" version="1"><nd ref="5865499830" /><nd ref="1960734183" /><tag k="highway" v="trunk_link" /><tag k="oneway" v="no" /><tag k="lanes" v="3" /></way><way changeset="1" id="828749438" uid="1" user="OSMnx" visible="true" timestamp="2026-04-09T19:16:40Z" version="1"><nd ref="9992157036" /><nd ref="7103910192" /><nd ref="10542472867" /><nd ref="13363059232" /><tag k="highway" v="tertiary" /><tag k="oneway" v="no" /><tag k="name" v="Service Road" /></way><way changeset="1" id="828749439" uid="1" user="OSMnx" visible="true" timestamp="2026-04-09T19:16:40Z" version="1"><nd ref="10679996837" /><nd ref="10679996838" /><nd ref="7736315022" /><nd ref="2228292234" /><nd ref="2228292296" /><nd ref="3878627356" /><nd ref="11043404541" /><nd ref="1184122840" /><nd ref="10005958605" /><nd ref="9899817734" /><nd ref="7736315024" /><nd ref="11029946660" /><nd ref="1184044115" /><nd ref="1184044035" /><nd ref="1184044042" /><nd ref="10290815688" /><nd ref="5868392393" /><nd ref="9700881539" /><nd ref="1960734426" /><tag k="highway" v="tertiary" /><tag k="oneway" v="no" /><tag k="name" v="Service Road" /></way><way changeset="1" id="883703078" uid="1" user="OSMnx" visible="true" timestamp="2026-04-09T19:16:40Z" version="1"><nd ref="619143463" /><nd ref="8218767595" /><nd ref="8506478557" /><nd ref="8218767599" /><nd ref="8218767600" /><nd ref="8218767601" /><nd ref="8506471296" /><nd ref="13396951054" /><nd ref="8218767603" /><nd ref="8218767604" /><nd ref="9939299309" /><tag k="highway" v="residential" /><tag k="oneway" v="no" /><tag k="lanes" v="4" /></way><way changeset="1" id="893679248" uid="1" user="OSMnx" visible="true" timestamp="2026-04-09T19:16:40Z" version="1"><nd ref="9921164768" /><nd ref="11027591132" /><tag k="bridge" v="yes" /><tag k="highway" v="residential" /><tag k="oneway" v="no" /></way><way changeset="1" id="895006993" uid="1" user="OSMnx" visible="true" timestamp="2026-04-09T19:16:40Z" version="1"><nd ref="8303295800" /><nd ref="8319331099" /><nd ref="8319331100" /><tag k="highway" v="residential" /><tag k="oneway" v="no" /></way><way changeset="1" id="896874563" uid="1" user="OSMnx" visible="true" timestamp="2026-04-09T19:16:40Z" version="1"><nd ref="8336655704" /><nd ref="8336655705" /><tag k="highway" v="secondary" /><tag k="oneway" v="no" /></way><way changeset="1" id="899794519" uid="1" user="OSMnx" visible="true" timestamp="2026-04-09T19:16:40Z" version="1"><nd ref="8360206424" /><nd ref="8360206425" /><tag k="highway" v="living_street" /><tag k="oneway" v="no" /></way><way changeset="1" id="910066636" uid="1" user="OSMnx" visible="true" timestamp="2026-04-09T19:16:40Z" version="1"><nd ref="1960735089" /><nd ref="8450022977" /><nd ref="8450022976" /><nd ref="8450022973" /><nd ref="1643413951" /><nd ref="8450022986" /><nd ref="8465743748" /><nd ref="8450022985" /><nd ref="8450022984" /><nd ref="1960735091" /><nd ref="8476187283" /><nd ref="8450022983" /><nd ref="8450022982" /><nd ref="8450022981" /><tag k="highway" v="residential" /><tag k="oneway" v="no" /><tag k="junction" v="roundabout" /></way><way changeset="1" id="910939812" uid="1" user="OSMnx" visible="true" timestamp="2026-04-09T19:16:40Z" version="1"><nd ref="2230882395" /><nd ref="1960735251" /><tag k="highway" v="secondary" /><tag k="oneway" v="no" /><tag k="name" v="Glady's Alwares Road" /></way><way changeset="1" id="910939818" uid="1" user="OSMnx" visible="true" timestamp="2026-04-09T19:16:40Z" version="1"><nd ref="8458629742" /><nd ref="8458629741" /><nd ref="8458629740" /><nd ref="8458629729" /><nd ref="8476187281" /><nd ref="8458629732" /><nd ref="8458629739" /><nd ref="8458629738" /><nd ref="8458629737" /><nd ref="8458629736" /><nd ref="8458629735" /><nd ref="8458629734" /><nd ref="8458629733" /><nd ref="8458629731" /><nd ref="8458629730" /><nd ref="8458629747" /><nd ref="8458629744" /><nd ref="8458629743" /><nd ref="1643413962" /><nd ref="8458629742" /><tag k="highway" v="residential" /><tag k="oneway" v="no" /><tag k="junction" v="roundabout" /></way><way changeset="1" id="910939819" uid="1" user="OSMnx" visible="true" timestamp="2026-04-09T19:16:40Z" version="1"><nd ref="1643413961" /><nd ref="9203147811" /><nd ref="8458629740" /><tag k="highway" v="residential" /><tag k="oneway" v="no" /></way><way changeset="1" id="910939820" uid="1" user="OSMnx" visible="true" timestamp="2026-04-09T19:16:40Z" version="1"><nd ref="10956959843" /><nd ref="8458629731" /><tag k="highway" v="residential" /><tag k="oneway" v="no" /></way><way changeset="1" id="912440675" uid="1" user="OSMnx" visible="true" timestamp="2026-04-09T19:16:40Z" version="1"><nd ref="2899247173" /><nd ref="8476187278" /><tag k="highway" v="residential" /><tag k="oneway" v="no" /></way><way changeset="1" id="912440677" uid="1" user="OSMnx" visible="true" timestamp="2026-04-09T19:16:40Z" version="1"><nd ref="1643429120" /><nd ref="8495434468" /><nd ref="8495434446" /><nd ref="8564342791" /><nd ref="8564342795" /><nd ref="9904682636" /><nd ref="12794003686" /><nd ref="9904682627" /><tag k="highway" v="tertiary" /><tag k="oneway" v="no" /><tag k="name" v="Mission Drive" /></way><way changeset="1" id="913489632" uid="1" user="OSMnx" visible="true" timestamp="2026-04-09T19:16:40Z" version="1"><nd ref="8476187278" /><nd ref="8485754658" /><tag k="highway" v="residential" /><tag k="oneway" v="no" /></way><way changeset="1" id="914299961" uid="1" user="OSMnx" visible="true" timestamp="2026-04-09T19:16:40Z" version="1"><nd ref="8493462504" /><nd ref="9921164791" /><nd ref="8493462507" /><tag k="bridge" v="yes" /><tag k="highway" v="primary_link" /><tag k="oneway" v="no" /></way><way changeset="1" id="914299962" uid="1" user="OSMnx" visible="true" timestamp="2026-04-09T19:16:40Z" version="1"><nd ref="8493462503" /><nd ref="8493462504" /><tag k="highway" v="primary_link" /><tag k="oneway" v="no" /></way><way changeset="1" id="914299963" uid="1" user="OSMnx" visible="true" timestamp="2026-04-09T19:16:40Z" version="1"><nd ref="8493462507" /><nd ref="8493462508" /><tag k="highway" v="primary_link" /><tag k="oneway" v="no" /></way><way changeset="1" id="914299965" uid="1" user="OSMnx" visible="true" timestamp="2026-04-09T19:16:40Z" version="1"><nd ref="1960734426" /><nd ref="1960734455" /><tag k="highway" v="primary" /><tag k="oneway" v="no" /><tag k="name" v="Lal Bahadur Shastri Marg" /></way><way changeset="1" id="914454378" uid="1" user="OSMnx" visible="true" timestamp="2026-04-09T19:16:40Z" version="1"><nd ref="2230882426" /><nd ref="8549716767" /><nd ref="2230882456" /><nd ref="7340258770" /><nd ref="9186895245" /><nd ref="9186895244" /><tag k="highway" v="residential" /><tag k="oneway" v="no" /></way><way changeset="1" id="914530378" uid="1" user="OSMnx" visible="true" timestamp="2026-04-09T19:16:40Z" version="1"><nd ref="1643413962" /><nd ref="2230882224" /><nd ref="8495404404" /><nd ref="2230882242" /><tag k="highway" v="residential" /><tag k="oneway" v="no" /></way><way changeset="1" id="914530388" uid="1" user="OSMnx" visible="true" timestamp="2026-04-09T19:16:40Z" version="1"><nd ref="8495434489" /><nd ref="8495434481" /><tag k="highway" v="residential" /><tag k="oneway" v="no" /></way><way changeset="1" id="914530389" uid="1" user="OSMnx" visible="true" timestamp="2026-04-09T19:16:40Z" version="1"><nd ref="8495434482" /><nd ref="8495434483" /><tag k="highway" v="residential" /><tag k="oneway" v="no" /></way><way changeset="1" id="914530390" uid="1" user="OSMnx" visible="true" timestamp="2026-04-09T19:16:40Z" version="1"><nd ref="8495434484" /><nd ref="8495434485" /><nd ref="11282713308" /><tag k="highway" v="residential" /><tag k="oneway" v="no" /></way><way changeset="1" id="914530391" uid="1" user="OSMnx" visible="true" timestamp="2026-04-09T19:16:40Z" version="1"><nd ref="8495434488" /><nd ref="2230882084" /><nd ref="8495434487" /><tag k="highway" v="residential" /><tag k="oneway" v="no" /></way><way changeset="1" id="914530394" uid="1" user="OSMnx" visible="true" timestamp="2026-04-09T19:16:40Z" version="1"><nd ref="8495434491" /><nd ref="8495434492" /><tag k="highway" v="residential" /><tag k="oneway" v="no" /></way><way changeset="1" id="914530395" uid="1" user="OSMnx" visible="true" timestamp="2026-04-09T19:16:40Z" version="1"><nd ref="8495434483" /><nd ref="8495434494" /><tag k="highway" v="residential" /><tag k="oneway" v="no" /></way><way changeset="1" id="914530396" uid="1" user="OSMnx" visible="true" timestamp="2026-04-09T19:16:40Z" version="1"><nd ref="8495434495" /><nd ref="8495434496" /><tag k="highway" v="residential" /><tag k="oneway" v="no" /></way><way changeset="1" id="914530397" uid="1" user="OSMnx" visible="true" timestamp="2026-04-09T19:16:40Z" version="1"><nd ref="2230882086" /><nd ref="8495434490" /><tag k="highway" v="residential" /><tag k="oneway" v="no" /></way><way changeset="1" id="914530398" uid="1" user="OSMnx" visible="true" timestamp="2026-04-09T19:16:40Z" version="1"><nd ref="8495434498" /><nd ref="8495434501" /><nd ref="8495434499" /><tag k="highway" v="residential" /><tag k="oneway" v="no" /></way><way changeset="1" id="914530399" uid="1" user="OSMnx" visible="true" timestamp="2026-04-09T19:16:40Z" version="1"><nd ref="8495434500" /><nd ref="8495434501" /><tag k="highway" v="residential" /><tag k="oneway" v="no" /></way><way changeset="1" id="914530400" uid="1" user="OSMnx" visible="true" timestamp="2026-04-09T19:16:40Z" version="1"><nd ref="8495434539" /><nd ref="8526112242" /><nd ref="8526112243" /><nd ref="8526079886" /><nd ref="8495434499" /><nd ref="8495434540" /><nd ref="11282713309" /><tag k="highway" v="residential" /><tag k="oneway" v="no" /></way><way changeset="1" id="914530401" uid="1" user="OSMnx" visible="true" timestamp="2026-04-09T19:16:40Z" version="1"><nd ref="11259025535" /><nd ref="8495434504" /><tag k="highway" v="residential" /><tag k="oneway" v="no" /></way><way changeset="1" id="914530402" uid="1" user="OSMnx" visible="true" timestamp="2026-04-09T19:16:40Z" version="1"><nd ref="8495434505" /><nd ref="8495434506" /><tag k="highway" v="residential" /><tag k="oneway" v="no" /></way><way changeset="1" id="914530403" uid="1" user="OSMnx" visible="true" timestamp="2026-04-09T19:16:40Z" version="1"><nd ref="8495434539" /><nd ref="8495434504" /><nd ref="8495434506" /><nd ref="8495434507" /><tag k="highway" v="residential" /><tag k="oneway" v="no" /></way><way changeset="1" id="914530404" uid="1" user="OSMnx" visible="true" timestamp="2026-04-09T19:16:40Z" version="1"><nd ref="8495434505" /><nd ref="8495434508" /><tag k="highway" v="residential" /><tag k="oneway" v="no" /></way><way changeset="1" id="914530405" uid="1" user="OSMnx" visible="true" timestamp="2026-04-09T19:16:40Z" version="1"><nd ref="8495434509" /><nd ref="8495434510" /><tag k="highway" v="residential" /><tag k="oneway" v="no" /></way><way changeset="1" id="914530406" uid="1" user="OSMnx" visible="true" timestamp="2026-04-09T19:16:40Z" version="1"><nd ref="8495434511" /><nd ref="8525795922" /><nd ref="8495434512" /><tag k="highway" v="residential" /><tag k="oneway" v="no" /></way><way changeset="1" id="914530407" uid="1" user="OSMnx" visible="true" timestamp="2026-04-09T19:16:40Z" version="1"><nd ref="8495434513" /><nd ref="8525795923" /><nd ref="12382240733" /><tag k="highway" v="residential" /><tag k="oneway" v="no" /></way><way changeset="1" id="914530409" uid="1" user="OSMnx" visible="true" timestamp="2026-04-09T19:16:40Z" version="1"><nd ref="8495434517" /><nd ref="8495434518" /><tag k="highway" v="residential" /><tag k="oneway" v="no" /></way><way changeset="1" id="914530410" uid="1" user="OSMnx" visible="true" timestamp="2026-04-09T19:16:40Z" version="1"><nd ref="8495434519" /><nd ref="8495434520" /><tag k="highway" v="residential" /><tag k="oneway" v="no" /></way><way changeset="1" id="914530411" uid="1" user="OSMnx" visible="true" timestamp="2026-04-09T19:16:40Z" version="1"><nd ref="8495434521" /><nd ref="8495434522" /><tag k="highway" v="residential" /><tag k="oneway" v="no" /></way><way changeset="1" id="914530412" uid="1" user="OSMnx" visible="true" timestamp="2026-04-09T19:16:40Z" version="1"><nd ref="8495434519" /><nd ref="8495434523" /><tag k="highway" v="residential" /><tag k="oneway" v="no" /></way><way changeset="1" id="914530413" uid="1" user="OSMnx" visible="true" timestamp="2026-04-09T19:16:40Z" version="1"><nd ref="8495434524" /><nd ref="8495434525" /><tag k="highway" v="residential" /><tag k="oneway" v="no" /></way><way changeset="1" id="914530414" uid="1" user="OSMnx" visible="true" timestamp="2026-04-09T19:16:40Z" version="1"><nd ref="8495434526" /><nd ref="8495434527" /><tag k="highway" v="residential" /><tag k="oneway" v="no" /></way><way changeset="1" id="914530415" uid="1" user="OSMnx" visible="true" timestamp="2026-04-09T19:16:40Z" version="1"><nd ref="8495434528" /><nd ref="8495434529" /><tag k="highway" v="residential" /><tag k="oneway" v="no" /></way><way changeset="1" id="914530416" uid="1" user="OSMnx" visible="true" timestamp="2026-04-09T19:16:40Z" version="1"><nd ref="8495434530" /><nd ref="8495434531" /><nd ref="8495434532" /><nd ref="8495434533" /><nd ref="8495434536" /><nd ref="8495434534" /><nd ref="4367377454" /><tag k="highway" v="residential" /><tag k="oneway" v="no" /></way><way changeset="1" id="914530417" uid="1" user="OSMnx" visible="true" timestamp="2026-04-09T19:16:40Z" version="1"><nd ref="8495434535" /><nd ref="8495434536" /><tag k="highway" v="residential" /><tag k="oneway" v="no" /></way><way changeset="1" id="914530418" uid="1" user="OSMnx" visible="true" timestamp="2026-04-09T19:16:40Z" version="1"><nd ref="8495434537" /><nd ref="8495434538" /><tag k="highway" v="residential" /><tag k="oneway" v="no" /></way><way changeset="1" id="914530419" uid="1" user="OSMnx" visible="true" timestamp="2026-04-09T19:16:40Z" version="1"><nd ref="1643413961" /><nd ref="9203147685" /><nd ref="9203147683" /><nd ref="9208555843" /><nd ref="9203147682" /><nd ref="4367377432" /><tag k="highway" v="residential" /><tag k="oneway" v="no" /></way><way changeset="1" id="914530420" uid="1" user="OSMnx" visible="true" timestamp="2026-04-09T19:16:40Z" version="1"><nd ref="4367377435" /><nd ref="2230882178" /><tag k="highway" v="residential" /><tag k="oneway" v="no" /><tag k="name" v="Vasantkunj Lane" /></way><way changeset="1" id="915117350" uid="1" user="OSMnx" visible="true" timestamp="2026-04-09T19:16:40Z" version="1"><nd ref="7331361956" /><nd ref="8502359198" /><nd ref="8500641945" /><nd ref="8500641908" /><tag k="highway" v="residential" /><tag k="oneway" v="no" /></way><way changeset="1" id="915117352" uid="1" user="OSMnx" visible="true" timestamp="2026-04-09T19:16:40Z" version="1"><nd ref="8500641908" /><nd ref="8923315171" /><nd ref="8500641907" /><nd ref="8500641916" /><nd ref="8500641905" /><nd ref="8500641906" /><nd ref="2227588184" /><nd ref="8500641924" /><nd ref="8500641925" /><nd ref="8500641926" /><nd ref="8500641927" /><nd ref="8500641928" /><nd ref="13070234386" /><tag k="highway" v="residential" /><tag k="oneway" v="no" /></way><way changeset="1" id="915298548" uid="1" user="OSMnx" visible="true" timestamp="2026-04-09T19:16:40Z" version="1"><nd ref="7365934535" /><nd ref="8502145384" /><nd ref="1182363530" /><nd ref="1182363447" /><nd ref="8502359186" /><tag k="maxspeed" v="50" /><tag k="highway" v="tertiary" /><tag k="oneway" v="no" /><tag k="name" v="Kolshet Road" /><tag k="lanes" v="4" /></way><way changeset="1" id="915298549" uid="1" user="OSMnx" visible="true" timestamp="2026-04-09T19:16:40Z" version="1"><nd ref="1182363560" /><nd ref="2227588169" /><nd ref="7365934538" /><nd ref="2227588316" /><nd ref="7331361945" /><nd ref="8502360910" /><nd ref="7365934535" /><tag k="maxspeed" v="50" /><tag k="highway" v="tertiary" /><tag k="oneway" v="no" /><tag k="name" v="Kolshet Road" /><tag k="lanes" v="4" /></way><way changeset="1" id="915320989" uid="1" user="OSMnx" visible="true" timestamp="2026-04-09T19:16:40Z" version="1"><nd ref="8502359185" /><nd ref="13362959830" /><nd ref="7334296263" /><tag k="maxspeed" v="50" /><tag k="highway" v="tertiary" /><tag k="oneway" v="no" /><tag k="name" v="Kolshet Road" /><tag k="lanes" v="4" /></way><way changeset="1" id="915320990" uid="1" user="OSMnx" visible="true" timestamp="2026-04-09T19:16:40Z" version="1"><nd ref="8502359186" /><nd ref="8502359185" /><tag k="maxspeed" v="50" /><tag k="bridge" v="yes" /><tag k="highway" v="tertiary" /><tag k="oneway" v="no" /><tag k="name" v="Kolshet Road" /><tag k="lanes" v="4" /></way><way changeset="1" id="915320991" uid="1" user="OSMnx" visible="true" timestamp="2026-04-09T19:16:40Z" version="1"><nd ref="7366287329" /><nd ref="13362959829" /><nd ref="8502359188" /><tag k="maxspeed" v="50" /><tag k="highway" v="tertiary" /><tag k="oneway" v="no" /><tag k="name" v="Kolshet Road" /><tag k="lanes" v="4" /></way><way changeset="1" id="915320992" uid="1" user="OSMnx" visible="true" timestamp="2026-04-09T19:16:40Z" version="1"><nd ref="8502359188" /><nd ref="8502359187" /><tag k="maxspeed" v="50" /><tag k="bridge" v="yes" /><tag k="highway" v="tertiary" /><tag k="oneway" v="no" /><tag k="name" v="Kolshet Road" /><tag k="lanes" v="4" /></way><way changeset="1" id="915320994" uid="1" user="OSMnx" visible="true" timestamp="2026-04-09T19:16:40Z" version="1"><nd ref="8502359190" /><nd ref="8502359189" /><tag k="maxspeed" v="30" /><tag k="bridge" v="yes" /><tag k="highway" v="tertiary" /><tag k="oneway" v="no" /><tag k="name" v="Pipeline Road" /><tag k="lanes" v="2" /></way><way changeset="1" id="915562584" uid="1" user="OSMnx" visible="true" timestamp="2026-04-09T19:16:40Z" version="1"><nd ref="1182363483" /><nd ref="5923939959" /><nd ref="9179808200" /><nd ref="2227587254" /><nd ref="2227587312" /><tag k="highway" v="tertiary" /><tag k="oneway" v="no" /><tag k="name" v="Dhokali Road" /></way><way changeset="1" id="915775528" uid="1" user="OSMnx" visible="true" timestamp="2026-04-09T19:16:40Z" version="1"><nd ref="8506471296" /><nd ref="13396951053" /><nd ref="8506471297" /><nd ref="8506471298" /><nd ref="8506471299" /><nd ref="8506471300" /><nd ref="8506471301" /><nd ref="8506471302" /><nd ref="13396951041" /><nd ref="13396951040" /><nd ref="13396951043" /><nd ref="9939299308" /><tag k="highway" v="residential" /><tag k="oneway" v="no" /><tag k="access" v="destination" /></way><way changeset="1" id="915942596" uid="1" user="OSMnx" visible="true" timestamp="2026-04-09T19:16:40Z" version="1"><nd ref="2227587632" /><nd ref="4367380307" /><nd ref="2227587651" /><tag k="highway" v="residential" /><tag k="oneway" v="no" /><tag k="name" v="University Road" /></way><way changeset="1" id="915942597" uid="1" user="OSMnx" visible="true" timestamp="2026-04-09T19:16:40Z" version="1"><nd ref="4367380311" /><nd ref="13546246056" /><nd ref="13546246058" /><tag k="highway" v="residential" /><tag k="oneway" v="no" /><tag k="name" v="University Road" /></way><way changeset="1" id="915942598" uid="1" user="OSMnx" visible="true" timestamp="2026-04-09T19:16:40Z" version="1"><nd ref="4367380311" /><nd ref="2227587632" /><tag k="highway" v="residential" /><tag k="oneway" v="no" /></way><way changeset="1" id="915942599" uid="1" user="OSMnx" visible="true" timestamp="2026-04-09T19:16:40Z" version="1"><nd ref="9921939006" /><nd ref="4367380311" /><tag k="highway" v="residential" /><tag k="oneway" v="no" /><tag k="name" v="University Road" /></way><way changeset="1" id="918005267" uid="1" user="OSMnx" visible="true" timestamp="2026-04-09T19:16:40Z" version="1"><nd ref="8526079886" /><nd ref="8526079887" /><tag k="highway" v="residential" /><tag k="oneway" v="no" /></way><way changeset="1" id="918556681" uid="1" user="OSMnx" visible="true" timestamp="2026-04-09T19:16:40Z" version="1"><nd ref="8531002104" /><nd ref="7280128608" /><nd ref="8531002105" /><nd ref="8531002106" /><nd ref="8531002107" /><nd ref="8324952861" /><nd ref="6615763074" /><tag k="highway" v="residential" /><tag k="oneway" v="no" /><tag k="name" v="Pawar Nagar Road" /></way><way changeset="1" id="918556682" uid="1" user="OSMnx" visible="true" timestamp="2026-04-09T19:16:40Z" version="1"><nd ref="8460008417" /><nd ref="8531002108" /><tag k="maxspeed" v="50" /><tag k="highway" v="tertiary_link" /><tag k="oneway" v="no" /><tag k="name" v="Mission Drive" /><tag k="lanes" v="6" /></way><way changeset="1" id="919145076" uid="1" user="OSMnx" visible="true" timestamp="2026-04-09T19:16:40Z" version="1"><nd ref="8450022978" /><nd ref="8536663563" /><nd ref="8536663525" /><nd ref="8536663561" /><nd ref="8536663526" /><nd ref="13651597869" /><nd ref="8795838219" /><nd ref="8536663552" /><nd ref="8536663538" /><tag k="maxspeed" v="30" /><tag k="highway" v="residential" /><tag k="oneway" v="no" /></way><way changeset="1" id="919145077" uid="1" user="OSMnx" visible="true" timestamp="2026-04-09T19:16:40Z" version="1"><nd ref="8536663553" /><nd ref="8795838220" /><nd ref="8536663535" /><nd ref="8536663560" /><nd ref="8536663536" /><nd ref="8536663562" /><nd ref="8465688716" /><nd ref="1960735089" /><tag k="maxspeed" v="30" /><tag k="highway" v="residential" /><tag k="oneway" v="no" /></way><way changeset="1" id="919145078" uid="1" user="OSMnx" visible="true" timestamp="2026-04-09T19:16:40Z" version="1"><nd ref="2230882073" /><nd ref="8536663530" /><nd ref="8536663533" /><nd ref="2230882068" /><tag k="highway" v="residential" /><tag k="oneway" v="no" /></way><way changeset="1" id="919145079" uid="1" user="OSMnx" visible="true" timestamp="2026-04-09T19:16:40Z" version="1"><nd ref="8536663538" /><nd ref="2230882068" /><nd ref="8459058545" /><nd ref="8536663559" /><nd ref="8536663541" /><tag k="highway" v="residential" /><tag k="oneway" v="no" /></way><way changeset="1" id="919145080" uid="1" user="OSMnx" visible="true" timestamp="2026-04-09T19:16:40Z" version="1"><nd ref="8795838221" /><nd ref="8536663548" /><nd ref="8536663546" /><nd ref="8536663558" /><nd ref="8536663551" /><nd ref="8536663545" /><nd ref="8536663553" /><tag k="highway" v="residential" /><tag k="oneway" v="no" /></way><way changeset="1" id="919145081" uid="1" user="OSMnx" visible="true" timestamp="2026-04-09T19:16:40Z" version="1"><nd ref="10956959843" /><nd ref="8536663550" /><tag k="highway" v="residential" /><tag k="oneway" v="no" /></way><way changeset="1" id="919145082" uid="1" user="OSMnx" visible="true" timestamp="2026-04-09T19:16:40Z" version="1"><nd ref="8536663555" /><nd ref="8536663556" /><tag k="highway" v="residential" /><tag k="oneway" v="no" /></way><way changeset="1" id="919145084" uid="1" user="OSMnx" visible="true" timestamp="2026-04-09T19:16:40Z" version="1"><nd ref="2230882094" /><nd ref="8536663558" /><tag k="highway" v="residential" /><tag k="oneway" v="no" /></way><way changeset="1" id="919145085" uid="1" user="OSMnx" visible="true" timestamp="2026-04-09T19:16:40Z" version="1"><nd ref="8536663545" /><nd ref="8536663559" /><tag k="highway" v="residential" /><tag k="oneway" v="no" /></way><way changeset="1" id="919145086" uid="1" user="OSMnx" visible="true" timestamp="2026-04-09T19:16:40Z" version="1"><nd ref="8536663560" /><nd ref="8536663561" /><tag k="highway" v="residential" /><tag k="oneway" v="no" /></way><way changeset="1" id="919145087" uid="1" user="OSMnx" visible="true" timestamp="2026-04-09T19:16:40Z" version="1"><nd ref="8536663562" /><nd ref="8536663563" /><tag k="highway" v="residential" /><tag k="oneway" v="no" /></way><way changeset="1" id="919145088" uid="1" user="OSMnx" visible="true" timestamp="2026-04-09T19:16:40Z" version="1"><nd ref="8536663527" /><nd ref="8536663528" /><nd ref="2230882073" /><tag k="highway" v="residential" /><tag k="oneway" v="no" /></way><way changeset="1" id="919145089" uid="1" user="OSMnx" visible="true" timestamp="2026-04-09T19:16:40Z" version="1"><nd ref="8536663533" /><nd ref="8536663527" /><tag k="highway" v="residential" /><tag k="oneway" v="no" /></way><way changeset="1" id="919984234" uid="1" user="OSMnx" visible="true" timestamp="2026-04-09T19:16:40Z" version="1"><nd ref="13594346863" /><nd ref="13594346866" /><nd ref="13594346867" /><nd ref="9700881538" /><nd ref="9665368595" /><nd ref="9665368594" /><nd ref="13594346865" /><nd ref="13594346864" /><nd ref="9925315038" /><tag k="highway" v="secondary_link" /><tag k="oneway" v="no" /></way><way changeset="1" id="919984235" uid="1" user="OSMnx" visible="true" timestamp="2026-04-09T19:16:40Z" version="1"><nd ref="9904682627" /><nd ref="7280128602" /><nd ref="6616073406" /><nd ref="1960734981" /><tag k="highway" v="secondary" /><tag k="oneway" v="no" /><tag k="name" v="Pokhran Road 2" /></way><way changeset="1" id="919984236" uid="1" user="OSMnx" visible="true" timestamp="2026-04-09T19:16:40Z" version="1"><nd ref="1184044034" /><nd ref="5868392396" /><tag k="highway" v="tertiary" /><tag k="oneway" v="no" /></way><way changeset="1" id="919985192" uid="1" user="OSMnx" visible="true" timestamp="2026-04-09T19:16:40Z" version="1"><nd ref="9454634141" /><nd ref="8543103417" /><nd ref="8543103418" /><tag k="highway" v="living_street" /><tag k="oneway" v="no" /></way><way changeset="1" id="919985193" uid="1" user="OSMnx" visible="true" timestamp="2026-04-09T19:16:40Z" version="1"><nd ref="8543103417" /><nd ref="8543103419" /><tag k="highway" v="living_street" /><tag k="oneway" v="no" /></way><way changeset="1" id="919985668" uid="1" user="OSMnx" visible="true" timestamp="2026-04-09T19:16:40Z" version="1"><nd ref="8543105434" /><nd ref="8543105431" /><tag k="highway" v="residential" /><tag k="oneway" v="no" /></way><way changeset="1" id="919985669" uid="1" user="OSMnx" visible="true" timestamp="2026-04-09T19:16:40Z" version="1"><nd ref="8543105435" /><nd ref="8543105436" /><tag k="highway" v="residential" /><tag k="oneway" v="no" /></way><way changeset="1" id="919985670" uid="1" user="OSMnx" visible="true" timestamp="2026-04-09T19:16:40Z" version="1"><nd ref="6117687112" /><nd ref="8543105437" /><tag k="highway" v="residential" /><tag k="oneway" v="no" /></way><way changeset="1" id="919985673" uid="1" user="OSMnx" visible="true" timestamp="2026-04-09T19:16:40Z" version="1"><nd ref="6117687092" /><nd ref="10578274400" /><nd ref="8543105438" /><nd ref="8543105439" /><nd ref="6618400286" /><tag k="highway" v="living_street" /><tag k="oneway" v="no" /></way><way changeset="1" id="920981340" uid="1" user="OSMnx" visible="true" timestamp="2026-04-09T19:16:40Z" version="1"><nd ref="2230882180" /><nd ref="9208104530" /><nd ref="9199470747" /><nd ref="9199470746" /><nd ref="2230882090" /><nd ref="2230882081" /><tag k="highway" v="residential" /><tag k="oneway" v="no" /></way><way changeset="1" id="920981341" uid="1" user="OSMnx" visible="true" timestamp="2026-04-09T19:16:40Z" version="1"><nd ref="8550872971" /><nd ref="8550872972" /><tag k="highway" v="residential" /><tag k="oneway" v="no" /></way><way changeset="1" id="922525626" uid="1" user="OSMnx" visible="true" timestamp="2026-04-09T19:16:40Z" version="1"><nd ref="8476187278" /><nd ref="1643429120" /><tag k="highway" v="tertiary" /><tag k="oneway" v="no" /></way><way changeset="1" id="922525628" uid="1" user="OSMnx" visible="true" timestamp="2026-04-09T19:16:40Z" version="1"><nd ref="8564342791" /><nd ref="8564342792" /><tag k="highway" v="tertiary_link" /><tag k="oneway" v="no" /></way><way changeset="1" id="922525630" uid="1" user="OSMnx" visible="true" timestamp="2026-04-09T19:16:40Z" version="1"><nd ref="8564342795" /><nd ref="8564342796" /><tag k="highway" v="tertiary_link" /><tag k="oneway" v="no" /></way><way changeset="1" id="923439436" uid="1" user="OSMnx" visible="true" timestamp="2026-04-09T19:16:40Z" version="1"><nd ref="7123985976" /><nd ref="1643413986" /><nd ref="6615763080" /><nd ref="2230882337" /><nd ref="7280128605" /><tag k="highway" v="tertiary" /><tag k="oneway" v="no" /><tag k="name" v="Mission Drive" /></way><way changeset="1" id="923439437" uid="1" user="OSMnx" visible="true" timestamp="2026-04-09T19:16:40Z" version="1"><nd ref="7280128605" /><nd ref="1643413992" /><tag k="maxspeed" v="50" /><tag k="highway" v="residential" /><tag k="oneway" v="no" /><tag k="name" v="Mission Drive" /><tag k="lanes" v="6" /></way><way changeset="1" id="926837861" uid="1" user="OSMnx" visible="true" timestamp="2026-04-09T19:16:40Z" version="1"><nd ref="2227588516" /><nd ref="2227588478" /><nd ref="8502359190" /><tag k="maxspeed" v="30" /><tag k="highway" v="tertiary" /><tag k="oneway" v="no" /><tag k="name" v="Pipeline Road" /><tag k="lanes" v="2" /></way><way changeset="1" id="931667902" uid="1" user="OSMnx" visible="true" timestamp="2026-04-09T19:16:40Z" version="1"><nd ref="2489283687" /><nd ref="2489283688" /><tag k="highway" v="primary_link" /><tag k="oneway" v="no" /></way><way changeset="1" id="931667904" uid="1" user="OSMnx" visible="true" timestamp="2026-04-09T19:16:40Z" version="1"><nd ref="414729698" /><nd ref="5865499860" /><tag k="highway" v="primary" /><tag k="oneway" v="no" /><tag k="name" v="Manpada Flyover" /></way><way changeset="1" id="931667905" uid="1" user="OSMnx" visible="true" timestamp="2026-04-09T19:16:40Z" version="1"><nd ref="5865499859" /><nd ref="2489336306" /><tag k="highway" v="primary" /><tag k="oneway" v="no" /><tag k="name" v="Manpada Flyover" /></way><way changeset="1" id="931695402" uid="1" user="OSMnx" visible="true" timestamp="2026-04-09T19:16:40Z" version="1"><nd ref="8628324221" /><nd ref="6802847784" /><nd ref="13284877511" /><nd ref="2227586933" /><nd ref="13284877504" /><nd ref="13284877505" /><nd ref="13284877513" /><tag k="highway" v="residential" /><tag k="oneway" v="no" /></way><way changeset="1" id="931695405" uid="1" user="OSMnx" visible="true" timestamp="2026-04-09T19:16:40Z" version="1"><nd ref="6616506094" /><nd ref="8637519669" /><tag k="highway" v="residential" /><tag k="oneway" v="no" /></way><way changeset="1" id="931695407" uid="1" user="OSMnx" visible="true" timestamp="2026-04-09T19:16:40Z" version="1"><nd ref="6802847776" /><nd ref="6802852014" /><nd ref="8637519667" /><nd ref="13284877509" /><tag k="highway" v="residential" /><tag k="oneway" v="no" /></way><way changeset="1" id="931947037" uid="1" user="OSMnx" visible="true" timestamp="2026-04-09T19:16:40Z" version="1"><nd ref="1960734049" /><nd ref="9925315026" /><nd ref="8345780862" /><nd ref="1960734115" /><nd ref="1960734124" /><nd ref="1960734130" /><nd ref="1960734149" /><nd ref="4367392477" /><nd ref="2228292226" /><nd ref="4367392472" /><nd ref="9925315021" /><nd ref="2228292224" /><nd ref="2228292222" /><nd ref="11043424231" /><nd ref="9925315020" /><nd ref="2228292218" /><nd ref="1960734128" /><nd ref="2228292305" /><nd ref="9454634141" /><nd ref="4367392469" /><nd ref="2228292443" /><nd ref="11021451530" /><nd ref="9925315019" /><tag k="highway" v="residential" /><tag k="oneway" v="no" /><tag k="name" v="Hathyogi Nikam Guruji Marg" /><tag k="lanes" v="2" /></way><way changeset="1" id="931950695" uid="1" user="OSMnx" visible="true" timestamp="2026-04-09T19:16:40Z" version="1"><nd ref="7397960754" /><nd ref="1960734350" /><tag k="highway" v="residential" /><tag k="oneway" v="no" /></way><way changeset="1" id="943800606" uid="1" user="OSMnx" visible="true" timestamp="2026-04-09T19:16:40Z" version="1"><nd ref="7375294002" /><nd ref="1960734533" /><nd ref="1960734536" /><tag k="highway" v="residential" /><tag k="oneway" v="no" /></way><way changeset="1" id="948643262" uid="1" user="OSMnx" visible="true" timestamp="2026-04-09T19:16:40Z" version="1"><nd ref="8780753156" /><nd ref="1184130764" /><tag k="highway" v="secondary_link" /><tag k="oneway" v="no" /></way><way changeset="1" id="948643263" uid="1" user="OSMnx" visible="true" timestamp="2026-04-09T19:16:40Z" version="1"><nd ref="8780753168" /><nd ref="619143455" /><tag k="highway" v="secondary_link" /><tag k="oneway" v="no" /></way><way changeset="1" id="948643264" uid="1" user="OSMnx" visible="true" timestamp="2026-04-09T19:16:40Z" version="1"><nd ref="8780753163" /><nd ref="2228292262" /><tag k="highway" v="residential" /><tag k="oneway" v="no" /></way><way changeset="1" id="948643265" uid="1" user="OSMnx" visible="true" timestamp="2026-04-09T19:16:40Z" version="1"><nd ref="8780753171" /><nd ref="8637519674" /><tag k="highway" v="secondary_link" /><tag k="oneway" v="no" /></way><way changeset="1" id="948643266" uid="1" user="OSMnx" visible="true" timestamp="2026-04-09T19:16:40Z" version="1"><nd ref="8780753142" /><nd ref="8628324196" /><tag k="highway" v="secondary_link" /><tag k="oneway" v="no" /></way><way changeset="1" id="948643267" uid="1" user="OSMnx" visible="true" timestamp="2026-04-09T19:16:40Z" version="1"><nd ref="8780799418" /><nd ref="8780753176" /><tag k="highway" v="secondary_link" /><tag k="oneway" v="no" /></way><way changeset="1" id="948643268" uid="1" user="OSMnx" visible="true" timestamp="2026-04-09T19:16:40Z" version="1"><nd ref="8780753183" /><nd ref="2702435814" /><tag k="highway" v="tertiary" /><tag k="oneway" v="no" /></way><way changeset="1" id="948643269" uid="1" user="OSMnx" visible="true" timestamp="2026-04-09T19:16:40Z" version="1"><nd ref="8780753195" /><nd ref="619143457" /><tag k="highway" v="residential" /><tag k="oneway" v="no" /></way><way changeset="1" id="948643271" uid="1" user="OSMnx" visible="true" timestamp="2026-04-09T19:16:40Z" version="1"><nd ref="8780753155" /><nd ref="8780753154" /><tag k="bridge" v="yes" /><tag k="highway" v="secondary" /><tag k="oneway" v="no" /></way><way changeset="1" id="948643272" uid="1" user="OSMnx" visible="true" timestamp="2026-04-09T19:16:40Z" version="1"><nd ref="8780753156" /><nd ref="8780753151" /><nd ref="8780753152" /><nd ref="8780753155" /><tag k="highway" v="secondary" /><tag k="oneway" v="no" /><tag k="name" v="Saket - Kalwa Rd" /></way><way changeset="1" id="948643273" uid="1" user="OSMnx" visible="true" timestamp="2026-04-09T19:16:40Z" version="1"><nd ref="8780753158" /><nd ref="8780753156" /><tag k="bridge" v="yes" /><tag k="highway" v="secondary" /><tag k="oneway" v="no" /></way><way changeset="1" id="948643274" uid="1" user="OSMnx" visible="true" timestamp="2026-04-09T19:16:40Z" version="1"><nd ref="8780753159" /><nd ref="8780753157" /><tag k="bridge" v="yes" /><tag k="highway" v="secondary" /><tag k="oneway" v="no" /></way><way changeset="1" id="948643275" uid="1" user="OSMnx" visible="true" timestamp="2026-04-09T19:16:40Z" version="1"><nd ref="8780753157" /><nd ref="8780753153" /><nd ref="8780753158" /><tag k="highway" v="secondary" /><tag k="oneway" v="no" /><tag k="name" v="Saket - Kalwa Rd" /></way><way changeset="1" id="948643276" uid="1" user="OSMnx" visible="true" timestamp="2026-04-09T19:16:40Z" version="1"><nd ref="8780753161" /><nd ref="8780753159" /><tag k="highway" v="secondary" /><tag k="oneway" v="no" /><tag k="name" v="Saket - Kalwa Rd" /></way><way changeset="1" id="948643277" uid="1" user="OSMnx" visible="true" timestamp="2026-04-09T19:16:40Z" version="1"><nd ref="8780753160" /><nd ref="8780753161" /><tag k="bridge" v="yes" /><tag k="highway" v="secondary" /><tag k="oneway" v="no" /></way><way changeset="1" id="948643278" uid="1" user="OSMnx" visible="true" timestamp="2026-04-09T19:16:40Z" version="1"><nd ref="8780753163" /><nd ref="8780753164" /><nd ref="8780753165" /><nd ref="8780753166" /><nd ref="8780753167" /><nd ref="9781423399" /><nd ref="8780753168" /><nd ref="8780753169" /><nd ref="8780753160" /><tag k="highway" v="secondary" /><tag k="oneway" v="no" /><tag k="name" v="Saket - Kalwa Road" /></way><way changeset="1" id="948643279" uid="1" user="OSMnx" visible="true" timestamp="2026-04-09T19:16:40Z" version="1"><nd ref="5769694562" /><nd ref="8780753202" /><nd ref="619143455" /><nd ref="8780753205" /><nd ref="8780753207" /><nd ref="8780753206" /><nd ref="619143456" /><nd ref="2228292262" /><tag k="highway" v="secondary" /><tag k="oneway" v="no" /><tag k="name" v="Saket - Kalwa Road" /></way><way changeset="1" id="949350226" uid="1" user="OSMnx" visible="true" timestamp="2026-04-09T19:16:40Z" version="1"><nd ref="7366340616" /><nd ref="8336655683" /><nd ref="8450022933" /><tag k="highway" v="secondary" /><tag k="oneway" v="no" /><tag k="name" v="Glady's Alwares Avenue" /><tag k="lanes" v="3" /></way><way changeset="1" id="949350229" uid="1" user="OSMnx" visible="true" timestamp="2026-04-09T19:16:40Z" version="1"><nd ref="11938975526" /><nd ref="6802445275" /><tag k="highway" v="primary" /><tag k="oneway" v="no" /><tag k="name" v="Meenatai Thakrey Flyover" /></way><way changeset="1" id="949350230" uid="1" user="OSMnx" visible="true" timestamp="2026-04-09T19:16:40Z" version="1"><nd ref="7010109326" /><nd ref="7010109327" /><nd ref="7010109328" /><nd ref="7010109329" /><nd ref="7010109330" /><nd ref="7010109331" /><nd ref="7010109320" /><tag k="highway" v="primary" /><tag k="oneway" v="no" /><tag k="name" v="Castle Mill Road" /><tag k="junction" v="roundabout" /></way><way changeset="1" id="949350232" uid="1" user="OSMnx" visible="true" timestamp="2026-04-09T19:16:40Z" version="1"><nd ref="6802495506" /><nd ref="6802495507" /><tag k="bridge" v="yes" /><tag k="highway" v="primary" /><tag k="oneway" v="no" /><tag k="name" v="Meenatai Thakrey Flyover" /></way><way changeset="1" id="949456254" uid="1" user="OSMnx" visible="true" timestamp="2026-04-09T19:16:40Z" version="1"><nd ref="6802445275" /><nd ref="11938975525" /><tag k="highway" v="primary" /><tag k="oneway" v="no" /><tag k="name" v="Meenatai Thakrey Flyover" /></way><way changeset="1" id="949487858" uid="1" user="OSMnx" visible="true" timestamp="2026-04-09T19:16:40Z" version="1"><nd ref="8460008418" /><nd ref="7280128587" /><nd ref="1643413992" /><nd ref="8564342788" /><nd ref="7280084184" /><nd ref="7280084182" /><nd ref="8364803916" /><tag k="highway" v="tertiary" /><tag k="oneway" v="no" /><tag k="name" v="Mission Drive" /></way><way changeset="1" id="949487862" uid="1" user="OSMnx" visible="true" timestamp="2026-04-09T19:16:40Z" version="1"><nd ref="414730363" /><nd ref="2050868060" /><nd ref="2050868058" /><nd ref="9203147539" /><nd ref="9925314959" /><nd ref="1960734794" /><nd ref="12836246764" /><nd ref="2050868050" /><nd ref="414730202" /><nd ref="9925314951" /><nd ref="414729203" /><nd ref="1960734749" /><nd ref="1960734743" /><nd ref="8360206424" /><nd ref="9925314957" /><nd ref="1960734720" /><nd ref="414729201" /><nd ref="11068287384" /><nd ref="11068287377" /><nd ref="9925314956" /><nd ref="10274916700" /><nd ref="13594346863" /><nd ref="9925314953" /><nd ref="1184044034" /><tag k="highway" v="secondary" /><tag k="oneway" v="no" /><tag k="name" v="Pokhran Road 2" /><tag k="lanes" v="4" /></way><way changeset="1" id="949487863" uid="1" user="OSMnx" visible="true" timestamp="2026-04-09T19:16:40Z" version="1"><nd ref="1184044034" /><nd ref="1960734575" /><tag k="highway" v="secondary" /><tag k="oneway" v="no" /><tag k="name" v="Pokhran Road 2" /></way><way changeset="1" id="949487864" uid="1" user="OSMnx" visible="true" timestamp="2026-04-09T19:16:40Z" version="1"><nd ref="9925315038" /><nd ref="13279165748" /><nd ref="1960734587" /><nd ref="9665368596" /><nd ref="13279165755" /><nd ref="5355360574" /><nd ref="2228293290" /><nd ref="5355360573" /><nd ref="9925315040" /><tag k="highway" v="trunk" /><tag k="oneway" v="no" /><tag k="name" v="Thane Ghodbunder Road" /><tag k="ref" v="NH848" /></way><way changeset="1" id="949487865" uid="1" user="OSMnx" visible="true" timestamp="2026-04-09T19:16:40Z" version="1"><nd ref="9684614894" /><nd ref="414731700" /><tag k="highway" v="trunk" /><tag k="oneway" v="no" /><tag k="name" v="Agra Road" /><tag k="ref" v="NH848;MSH4" /></way><way changeset="1" id="949487866" uid="1" user="OSMnx" visible="true" timestamp="2026-04-09T19:16:40Z" version="1"><nd ref="414731700" /><nd ref="1960734773" /><tag k="highway" v="trunk" /><tag k="oneway" v="no" /><tag k="name" v="Thane Ghodbunder Road" /><tag k="ref" v="SH42" /></way><way changeset="1" id="949497793" uid="1" user="OSMnx" visible="true" timestamp="2026-04-09T19:16:40Z" version="1"><nd ref="1960734545" /><nd ref="1960734575" /><nd ref="9925315038" /><tag k="highway" v="trunk" /><tag k="oneway" v="no" /><tag k="name" v="Thane Ghodbunder Road" /><tag k="ref" v="NH848" /></way><way changeset="1" id="949497794" uid="1" user="OSMnx" visible="true" timestamp="2026-04-09T19:16:40Z" version="1"><nd ref="1960734545" /><nd ref="5868392396" /><nd ref="9925314954" /><nd ref="9925314955" /><nd ref="13394988219" /><nd ref="13425573472" /><nd ref="8561284604" /><nd ref="13425573468" /><nd ref="11068287375" /><nd ref="1960734705" /><nd ref="1960734711" /><nd ref="9925314958" /><nd ref="1960734736" /><nd ref="1960734738" /><nd ref="13555242910" /><nd ref="6602426642" /><nd ref="1960734760" /><nd ref="1960734766" /><nd ref="9925314952" /><nd ref="1960734783" /><nd ref="9925314960" /><nd ref="12852441402" /><nd ref="2050868055" /><nd ref="12852441403" /><nd ref="2050868056" /><nd ref="1960734795" /><tag k="highway" v="secondary" /><tag k="oneway" v="no" /><tag k="name" v="Pokhran Road 2" /><tag k="lanes" v="4" /></way><way changeset="1" id="949497795" uid="1" user="OSMnx" visible="true" timestamp="2026-04-09T19:16:40Z" version="1"><nd ref="9203147554" /><nd ref="8592846854" /><nd ref="7280128651" /><nd ref="7280128640" /><nd ref="9203147553" /><nd ref="7280128641" /><nd ref="8561294047" /><nd ref="9203147552" /><nd ref="9203147563" /><nd ref="9203147562" /><nd ref="9203147561" /><nd ref="9203147560" /><nd ref="9203147551" /><tag k="highway" v="secondary" /><tag k="oneway" v="no" /><tag k="junction" v="roundabout" /></way><way changeset="1" id="949497799" uid="1" user="OSMnx" visible="true" timestamp="2026-04-09T19:16:40Z" version="1"><nd ref="7280128605" /><nd ref="6615796119" /><nd ref="8531002104" /><nd ref="8324952854" /><nd ref="8531002108" /><tag k="highway" v="tertiary" /><tag k="oneway" v="no" /><tag k="name" v="Mission Drive" /></way><way changeset="1" id="949647043" uid="1" user="OSMnx" visible="true" timestamp="2026-04-09T19:16:40Z" version="1"><nd ref="8364803916" /><nd ref="9665368614" /><nd ref="8552003568" /><nd ref="8552003567" /><nd ref="8564342763" /><nd ref="8552003566" /><nd ref="7123985970" /><nd ref="7123985971" /><nd ref="8552003577" /><nd ref="1960735221" /><nd ref="8552003576" /><nd ref="8552003571" /><nd ref="7280128666" /><tag k="highway" v="secondary" /><tag k="oneway" v="no" /><tag k="name" v="Agarsen Maharaj Circle" /><tag k="junction" v="roundabout" /></way><way changeset="1" id="949647045" uid="1" user="OSMnx" visible="true" timestamp="2026-04-09T19:16:40Z" version="1"><nd ref="1855283453" /><nd ref="9199470797" /><nd ref="9199470767" /><nd ref="9199470801" /><nd ref="3585770492" /><nd ref="1855283455" /><tag k="highway" v="residential" /><tag k="oneway" v="no" /><tag k="name" v="Apricot Street" /></way><way changeset="1" id="949647046" uid="1" user="OSMnx" visible="true" timestamp="2026-04-09T19:16:40Z" version="1"><nd ref="1960735101" /><nd ref="9214918816" /><nd ref="5741268812" /><nd ref="9199470745" /><nd ref="8791338033" /><nd ref="414730509" /><nd ref="1855281030" /><tag k="highway" v="tertiary" /><tag k="oneway" v="no" /><tag k="name" v="Tulsidham Road" /></way><way changeset="1" id="949762318" uid="1" user="OSMnx" visible="true" timestamp="2026-04-09T19:16:40Z" version="1"><nd ref="7010109339" /><nd ref="1960734084" /><nd ref="1960734049" /><tag k="highway" v="primary" /><tag k="oneway" v="no" /></way><way changeset="1" id="949762319" uid="1" user="OSMnx" visible="true" timestamp="2026-04-09T19:16:40Z" version="1"><nd ref="1960734030" /><nd ref="1960734049" /><tag k="highway" v="residential" /><tag k="oneway" v="no" /></way><way changeset="1" id="949762320" uid="1" user="OSMnx" visible="true" timestamp="2026-04-09T19:16:40Z" version="1"><nd ref="1960734231" /><nd ref="9216850682" /><nd ref="1960734245" /><nd ref="9216850681" /><nd ref="9216850680" /><nd ref="8639680068" /><nd ref="9216850679" /><nd ref="1960734300" /><tag k="highway" v="residential" /><tag k="oneway" v="no" /><tag k="name" v="Hathyogi Nikam Guruji Marg" /><tag k="lanes" v="2" /></way><way changeset="1" id="950015364" uid="1" user="OSMnx" visible="true" timestamp="2026-04-09T19:16:40Z" version="1"><nd ref="7366380239" /><nd ref="7366380238" /><tag k="highway" v="tertiary" /><tag k="oneway" v="no" /><tag k="name" v="Dhokali Road" /></way><way changeset="1" id="950015365" uid="1" user="OSMnx" visible="true" timestamp="2026-04-09T19:16:40Z" version="1"><nd ref="7366380238" /><nd ref="7366287345" /><nd ref="7366287326" /><tag k="maxspeed" v="50" /><tag k="highway" v="tertiary" /><tag k="oneway" v="no" /><tag k="name" v="Kolshet Road" /><tag k="lanes" v="4" /></way><way changeset="1" id="950113953" uid="1" user="OSMnx" visible="true" timestamp="2026-04-09T19:16:40Z" version="1"><nd ref="1960733727" /><nd ref="1960733730" /><tag k="highway" v="secondary" /><tag k="oneway" v="no" /><tag k="name" v="Khopat Road" /></way><way changeset="1" id="950113954" uid="1" user="OSMnx" visible="true" timestamp="2026-04-09T19:16:40Z" version="1"><nd ref="8795776780" /><nd ref="2230882144" /><nd ref="12418201723" /><nd ref="8536663555" /><nd ref="10956959843" /><tag k="highway" v="residential" /><tag k="oneway" v="no" /></way><way changeset="1" id="950113955" uid="1" user="OSMnx" visible="true" timestamp="2026-04-09T19:16:40Z" version="1"><nd ref="8536663538" /><nd ref="8536663527" /><tag k="highway" v="residential" /><tag k="oneway" v="no" /></way><way changeset="1" id="950113956" uid="1" user="OSMnx" visible="true" timestamp="2026-04-09T19:16:40Z" version="1"><nd ref="1643413937" /><nd ref="1960734873" /><nd ref="6608764027" /><nd ref="414730430" /><nd ref="1960734844" /><nd ref="8531005266" /><tag k="highway" v="secondary" /><tag k="oneway" v="no" /><tag k="name" v="Pokhran Road 2" /></way><way changeset="1" id="950113957" uid="1" user="OSMnx" visible="true" timestamp="2026-04-09T19:16:40Z" version="1"><nd ref="10251547847" /><nd ref="8531005259" /><nd ref="1960734946" /><nd ref="8795776816" /><nd ref="1235792908" /><nd ref="1960734911" /><nd ref="1235792893" /><nd ref="2230881974" /><nd ref="12419432954" /><nd ref="8795838218" /><nd ref="4367360141" /><nd ref="1960734894" /><nd ref="8364807917" /><nd ref="8365878830" /><nd ref="1643413937" /><tag k="highway" v="secondary" /><tag k="oneway" v="no" /><tag k="name" v="Pokhran Road 2" /></way><way changeset="1" id="950113958" uid="1" user="OSMnx" visible="true" timestamp="2026-04-09T19:16:40Z" version="1"><nd ref="4367349665" /><nd ref="10936818644" /><nd ref="4367349660" /><nd ref="10054380642" /><tag k="highway" v="secondary" /><tag k="oneway" v="no" /><tag k="name" v="Pokhran Road 1" /></way><way changeset="1" id="950113960" uid="1" user="OSMnx" visible="true" timestamp="2026-04-09T19:16:40Z" version="1"><nd ref="6119066789" /><nd ref="5865499830" /><tag k="highway" v="trunk_link" /><tag k="oneway" v="no" /><tag k="lanes" v="3" /></way><way changeset="1" id="950113966" uid="1" user="OSMnx" visible="true" timestamp="2026-04-09T19:16:40Z" version="1"><nd ref="5865499831" /><nd ref="7736315016" /><tag k="highway" v="trunk_link" /><tag k="oneway" v="no" /><tag k="lanes" v="3" /></way><way changeset="1" id="950113967" uid="1" user="OSMnx" visible="true" timestamp="2026-04-09T19:16:40Z" version="1"><nd ref="3878627345" /><nd ref="7736315016" /><tag k="highway" v="secondary" /><tag k="oneway" v="no" /><tag k="name" v="Khopat Road" /></way><way changeset="1" id="950113969" uid="1" user="OSMnx" visible="true" timestamp="2026-04-09T19:16:40Z" version="1"><nd ref="1960734517" /><nd ref="10054380643" /><nd ref="11050675258" /><nd ref="6601948959" /><nd ref="2230881588" /><nd ref="1960734334" /><nd ref="1960734330" /><nd ref="6802438485" /><nd ref="7375425899" /><tag k="highway" v="secondary" /><tag k="oneway" v="no" /><tag k="name" v="Pokhran Road 1" /></way><way changeset="1" id="950113970" uid="1" user="OSMnx" visible="true" timestamp="2026-04-09T19:16:40Z" version="1"><nd ref="13143882195" /><nd ref="13143942413" /><nd ref="13143882194" /><nd ref="9904682630" /><nd ref="12794003687" /><nd ref="12794003688" /><nd ref="12794003689" /><tag k="highway" v="tertiary" /><tag k="oneway" v="no" /><tag k="name" v="Prabhakar Kunte Marg" /><tag k="lanes" v="2" /></way><way changeset="1" id="950113971" uid="1" user="OSMnx" visible="true" timestamp="2026-04-09T19:16:40Z" version="1"><nd ref="1960734881" /><nd ref="8330023679" /><nd ref="1960734890" /><nd ref="8795838217" /><nd ref="12419432953" /><nd ref="1960734900" /><nd ref="1960734901" /><nd ref="1960734918" /><nd ref="1960734924" /><nd ref="1960734932" /><nd ref="2230881977" /><nd ref="8536663575" /><nd ref="1960734944" /><nd ref="7375293990" /><tag k="highway" v="secondary" /><tag k="oneway" v="no" /><tag k="name" v="Pokhran Road 2" /></way><way changeset="1" id="950113972" uid="1" user="OSMnx" visible="true" timestamp="2026-04-09T19:16:40Z" version="1"><nd ref="9925314965" /><nd ref="1960734842" /><nd ref="1960734861" /><nd ref="4367360116" /><nd ref="6608764028" /><nd ref="1960734872" /><nd ref="1960734881" /><tag k="highway" v="secondary" /><tag k="oneway" v="no" /><tag k="name" v="Pokhran Road 2" /></way><way changeset="1" id="950113973" uid="1" user="OSMnx" visible="true" timestamp="2026-04-09T19:16:40Z" version="1"><nd ref="2230882068" /><nd ref="8536663553" /><tag k="highway" v="residential" /><tag k="oneway" v="no" /></way><way changeset="1" id="950113974" uid="1" user="OSMnx" visible="true" timestamp="2026-04-09T19:16:40Z" version="1"><nd ref="8536663553" /><nd ref="8536663552" /><tag k="highway" v="residential" /><tag k="oneway" v="no" /></way><way changeset="1" id="950113975" uid="1" user="OSMnx" visible="true" timestamp="2026-04-09T19:16:40Z" version="1"><nd ref="8458629735" /><nd ref="8536663550" /><nd ref="8536663556" /><nd ref="9203147730" /><nd ref="12418092181" /><nd ref="8536663554" /><nd ref="8795838221" /><tag k="highway" v="residential" /><tag k="oneway" v="no" /></way><way changeset="1" id="950141679" uid="1" user="OSMnx" visible="true" timestamp="2026-04-09T19:16:40Z" version="1"><nd ref="1960733766" /><nd ref="1960733746" /><nd ref="1960733727" /><tag k="highway" v="primary" /><tag k="oneway" v="no" /><tag k="name" v="Lal Bahadur Shastri Marg" /><tag k="lanes" v="2" /></way><way changeset="1" id="950141680" uid="1" user="OSMnx" visible="true" timestamp="2026-04-09T19:16:40Z" version="1"><nd ref="7375293990" /><nd ref="1960734972" /><nd ref="12794003688" /><nd ref="9904682627" /><tag k="highway" v="secondary" /><tag k="oneway" v="no" /><tag k="name" v="Pokhran Road 2" /></way><way changeset="1" id="950912479" uid="1" user="OSMnx" visible="true" timestamp="2026-04-09T19:16:40Z" version="1"><nd ref="7239257008" /><nd ref="1960733668" /><tag k="highway" v="secondary" /><tag k="oneway" v="no" /><tag k="name" v="Uthalsar Road" /></way><way changeset="1" id="951426920" uid="1" user="OSMnx" visible="true" timestamp="2026-04-09T19:16:40Z" version="1"><nd ref="7366380229" /><nd ref="11192875370" /><nd ref="8506471274" /><nd ref="7944370280" /><nd ref="7366380227" /><nd ref="7366380226" /><nd ref="11939282083" /><nd ref="10251547865" /><nd ref="10251547866" /><tag k="highway" v="tertiary" /><tag k="oneway" v="no" /><tag k="name" v="Dhokali Road" /></way><way changeset="1" id="951426921" uid="1" user="OSMnx" visible="true" timestamp="2026-04-09T19:16:40Z" version="1"><nd ref="7366380230" /><nd ref="2227587659" /><tag k="highway" v="residential" /><tag k="oneway" v="no" /></way><way changeset="1" id="951426923" uid="1" user="OSMnx" visible="true" timestamp="2026-04-09T19:16:40Z" version="1"><nd ref="13546246057" /><nd ref="2227587632" /><tag k="highway" v="residential" /><tag k="oneway" v="no" /><tag k="name" v="University Road" /></way><way changeset="1" id="951426925" uid="1" user="OSMnx" visible="true" timestamp="2026-04-09T19:16:40Z" version="1"><nd ref="8502750753" /><nd ref="13546246054" /><nd ref="6618331797" /><nd ref="9392521772" /><tag k="highway" v="residential" /><tag k="oneway" v="no" /></way><way changeset="1" id="951426926" uid="1" user="OSMnx" visible="true" timestamp="2026-04-09T19:16:40Z" version="1"><nd ref="2227587312" /><nd ref="1182363474" /><nd ref="2227587456" /><nd ref="2227587659" /><tag k="highway" v="tertiary" /><tag k="oneway" v="no" /><tag k="name" v="Dhokali Road" /></way><way changeset="1" id="951426927" uid="1" user="OSMnx" visible="true" timestamp="2026-04-09T19:16:40Z" version="1"><nd ref="414731700" /><nd ref="5355360560" /><nd ref="1960734807" /><nd ref="1960734810" /><nd ref="2227587044" /><nd ref="9925314949" /><nd ref="11939223211" /><nd ref="11939223213" /><nd ref="619138963" /><nd ref="1960734838" /><nd ref="10945734214" /><nd ref="1182363483" /><tag k="highway" v="trunk" /><tag k="oneway" v="no" /><tag k="name" v="Agra Road" /><tag k="ref" v="NH848" /></way><way changeset="1" id="951426928" uid="1" user="OSMnx" visible="true" timestamp="2026-04-09T19:16:40Z" version="1"><nd ref="10251547851" /><nd ref="7366287342" /><nd ref="7366287343" /><nd ref="7371534262" /><nd ref="7366380238" /><tag k="maxspeed" v="50" /><tag k="highway" v="tertiary" /><tag k="oneway" v="no" /><tag k="name" v="Kolshet Road" /><tag k="lanes" v="4" /></way><way changeset="1" id="964692860" uid="1" user="OSMnx" visible="true" timestamp="2026-04-09T19:16:40Z" version="1"><nd ref="2227588184" /><nd ref="7334214574" /><tag k="highway" v="residential" /><tag k="oneway" v="no" /></way><way changeset="1" id="964692861" uid="1" user="OSMnx" visible="true" timestamp="2026-04-09T19:16:40Z" version="1"><nd ref="7331361942" /><nd ref="8923315171" /><tag k="highway" v="residential" /><tag k="oneway" v="no" /></way><way changeset="1" id="964692862" uid="1" user="OSMnx" visible="true" timestamp="2026-04-09T19:16:40Z" version="1"><nd ref="8923315169" /><nd ref="8923315172" /><nd ref="8923315173" /><nd ref="8923315174" /><nd ref="8923315175" /><nd ref="8923315176" /><nd ref="8923315177" /><nd ref="8923315171" /><tag k="highway" v="residential" /><tag k="oneway" v="no" /></way><way changeset="1" id="964692863" uid="1" user="OSMnx" visible="true" timestamp="2026-04-09T19:16:40Z" version="1"><nd ref="8500641908" /><nd ref="8923315183" /><nd ref="8923315182" /><nd ref="8923315181" /><nd ref="8923315180" /><nd ref="8923315179" /><nd ref="8923315178" /><nd ref="8923315170" /><tag k="highway" v="residential" /><tag k="oneway" v="no" /></way><way changeset="1" id="974315780" uid="1" user="OSMnx" visible="true" timestamp="2026-04-09T19:16:40Z" version="1"><nd ref="2227586808" /><nd ref="6616506103" /><tag k="highway" v="tertiary" /><tag k="oneway" v="no" /></way><way changeset="1" id="980230070" uid="1" user="OSMnx" visible="true" timestamp="2026-04-09T19:16:40Z" version="1"><nd ref="6615658371" /><nd ref="2230882166" /><tag k="highway" v="residential" /><tag k="oneway" v="no" /><tag k="name" v="Glady's Alwares Avenue" /></way><way changeset="1" id="992614133" uid="1" user="OSMnx" visible="true" timestamp="2026-04-09T19:16:40Z" version="1"><nd ref="9170947844" /><nd ref="9170942143" /><nd ref="9170942144" /><nd ref="9170942145" /><tag k="highway" v="residential" /><tag k="oneway" v="no" /></way><way changeset="1" id="992614162" uid="1" user="OSMnx" visible="true" timestamp="2026-04-09T19:16:40Z" version="1"><nd ref="9170947844" /><nd ref="9170947845" /><nd ref="9170947846" /><tag k="highway" v="residential" /><tag k="oneway" v="no" /></way><way changeset="1" id="992614163" uid="1" user="OSMnx" visible="true" timestamp="2026-04-09T19:16:40Z" version="1"><nd ref="9170947847" /><nd ref="9170947848" /><nd ref="6017562311" /><tag k="highway" v="residential" /><tag k="oneway" v="no" /></way><way changeset="1" id="996699698" uid="1" user="OSMnx" visible="true" timestamp="2026-04-09T19:16:40Z" version="1"><nd ref="2493664951" /><nd ref="414730069" /><tag k="highway" v="residential" /><tag k="oneway" v="no" /><tag k="name" v="Ashar Residency Road" /></way><way changeset="1" id="996699706" uid="1" user="OSMnx" visible="true" timestamp="2026-04-09T19:16:40Z" version="1"><nd ref="9203147537" /><nd ref="9203147536" /><tag k="bridge" v="yes" /><tag k="highway" v="secondary_link" /><tag k="oneway" v="no" /><tag k="name" v="Pokhran Road 2" /></way><way changeset="1" id="997216400" uid="1" user="OSMnx" visible="true" timestamp="2026-04-09T19:16:40Z" version="1"><nd ref="1960734795" /><nd ref="1960734816" /><tag k="bridge" v="yes" /><tag k="highway" v="secondary" /><tag k="oneway" v="no" /><tag k="name" v="Pokhran Road 2" /></way><way changeset="1" id="997216401" uid="1" user="OSMnx" visible="true" timestamp="2026-04-09T19:16:40Z" version="1"><nd ref="1960734816" /><nd ref="12852430697" /><nd ref="1960734818" /><nd ref="1960734824" /><nd ref="9925314969" /><tag k="highway" v="secondary" /><tag k="oneway" v="no" /><tag k="name" v="Pokhran Road 2" /></way><way changeset="1" id="997216402" uid="1" user="OSMnx" visible="true" timestamp="2026-04-09T19:16:40Z" version="1"><nd ref="8364862181" /><nd ref="414730363" /><tag k="bridge" v="yes" /><tag k="highway" v="secondary" /><tag k="oneway" v="no" /><tag k="name" v="Pokhran Road 2" /></way><way changeset="1" id="997216403" uid="1" user="OSMnx" visible="true" timestamp="2026-04-09T19:16:40Z" version="1"><nd ref="9925314962" /><nd ref="9925314961" /><nd ref="414730360" /><nd ref="414730361" /><nd ref="8364862181" /><tag k="highway" v="secondary" /><tag k="oneway" v="no" /><tag k="name" v="Pokhran Road 2" /></way><way changeset="1" id="998554519" uid="1" user="OSMnx" visible="true" timestamp="2026-04-09T19:16:40Z" version="1"><nd ref="9219685057" /><nd ref="9219685042" /><nd ref="9219685065" /><nd ref="9219660061" /><nd ref="9219660062" /><tag k="highway" v="residential" /><tag k="oneway" v="no" /></way><way changeset="1" id="1002541976" uid="1" user="OSMnx" visible="true" timestamp="2026-04-09T19:16:40Z" version="1"><nd ref="9252497313" /><nd ref="11919209522" /><nd ref="9252497263" /><nd ref="9252497265" /><nd ref="9252497266" /><nd ref="9252497267" /><nd ref="9252497276" /><nd ref="9252497277" /><nd ref="9252497268" /><nd ref="9252497269" /><nd ref="9252497270" /><nd ref="9252497271" /><nd ref="9252497272" /><nd ref="9252497273" /><nd ref="9252497274" /><nd ref="9252497275" /><nd ref="9252497278" /><nd ref="9252497262" /><nd ref="10196782306" /><tag k="bridge" v="yes" /><tag k="highway" v="primary_link" /><tag k="oneway" v="no" /><tag k="name" v="Saket Flyover Ramp" /><tag k="lanes" v="2" /></way><way changeset="1" id="1002541977" uid="1" user="OSMnx" visible="true" timestamp="2026-04-09T19:16:40Z" version="1"><nd ref="9352141084" /><nd ref="11919209525" /><nd ref="11919209523" /><nd ref="11919209524" /><nd ref="10774733806" /><nd ref="9252497313" /><tag k="highway" v="primary_link" /><tag k="oneway" v="no" /><tag k="name" v="Saket Flyover Ramp" /><tag k="lanes" v="2" /></way><way changeset="1" id="1002541978" uid="1" user="OSMnx" visible="true" timestamp="2026-04-09T19:16:40Z" version="1"><nd ref="9252497288" /><nd ref="9252497289" /><nd ref="9252497290" /><nd ref="9252497291" /><nd ref="9252497292" /><nd ref="10196728315" /><nd ref="9252497293" /><nd ref="10196782306" /><tag k="bridge" v="yes" /><tag k="highway" v="primary" /><tag k="oneway" v="no" /><tag k="name" v="Saket Flyover" /><tag k="lanes" v="2" /></way><way changeset="1" id="1002541979" uid="1" user="OSMnx" visible="true" timestamp="2026-04-09T19:16:40Z" version="1"><nd ref="10196782306" /><nd ref="12165315142" /><tag k="bridge" v="yes" /><tag k="highway" v="primary" /><tag k="oneway" v="no" /><tag k="name" v="Saket Flyover" /><tag k="lanes" v="4" /></way><way changeset="1" id="1013245949" uid="1" user="OSMnx" visible="true" timestamp="2026-04-09T19:16:40Z" version="1"><nd ref="7736315011" /><nd ref="7736315010" /><tag k="highway" v="trunk_link" /><tag k="oneway" v="no" /><tag k="lanes" v="3" /></way><way changeset="1" id="1013245950" uid="1" user="OSMnx" visible="true" timestamp="2026-04-09T19:16:40Z" version="1"><nd ref="7736315010" /><nd ref="7736315008" /><tag k="highway" v="secondary" /><tag k="oneway" v="no" /><tag k="name" v="Nirmaladevi Dighe Marg," /></way><way changeset="1" id="1013529999" uid="1" user="OSMnx" visible="true" timestamp="2026-04-09T19:16:40Z" version="1"><nd ref="2227587957" /><nd ref="9350865447" /><nd ref="9350865446" /><nd ref="9350865445" /><nd ref="9350865444" /><nd ref="9350865298" /><nd ref="9350865297" /><nd ref="9350865296" /><tag k="highway" v="residential" /><tag k="oneway" v="no" /></way><way changeset="1" id="1013530012" uid="1" user="OSMnx" visible="true" timestamp="2026-04-09T19:16:40Z" version="1"><nd ref="9350865540" /><nd ref="9350865539" /><tag k="highway" v="tertiary_link" /><tag k="oneway" v="no" /></way><way changeset="1" id="1013669021" uid="1" user="OSMnx" visible="true" timestamp="2026-04-09T19:16:40Z" version="1"><nd ref="13508185844" /><nd ref="9352141083" /><nd ref="9455055264" /><nd ref="8780753138" /><nd ref="7238493755" /><nd ref="7238493762" /><tag k="highway" v="residential" /><tag k="oneway" v="no" /><tag k="name" v="Akashganga Road" /></way><way changeset="1" id="1016057608" uid="1" user="OSMnx" visible="true" timestamp="2026-04-09T19:16:40Z" version="1"><nd ref="9371958489" /><nd ref="9371958490" /><nd ref="9371958491" /><nd ref="9371958492" /><tag k="highway" v="residential" /><tag k="oneway" v="no" /></way><way changeset="1" id="1018320432" uid="1" user="OSMnx" visible="true" timestamp="2026-04-09T19:16:40Z" version="1"><nd ref="9392521765" /><nd ref="9392521764" /><nd ref="9392521763" /><nd ref="9392521762" /><tag k="highway" v="residential" /><tag k="oneway" v="no" /></way><way changeset="1" id="1025412755" uid="1" user="OSMnx" visible="true" timestamp="2026-04-09T19:16:40Z" version="1"><nd ref="2228292629" /><nd ref="2228292576" /><nd ref="2228292588" /><nd ref="2228292542" /><nd ref="2228292460" /><tag k="highway" v="residential" /><tag k="oneway" v="no" /></way><way changeset="1" id="1051774530" uid="1" user="OSMnx" visible="true" timestamp="2026-04-09T19:16:40Z" version="1"><nd ref="1960735216" /><nd ref="9665373519" /><tag k="highway" v="tertiary" /><tag k="oneway" v="no" /><tag k="name" v="Upper Delta Avenue" /></way><way changeset="1" id="1051774531" uid="1" user="OSMnx" visible="true" timestamp="2026-04-09T19:16:40Z" version="1"><nd ref="9665373520" /><nd ref="1960735216" /><tag k="highway" v="tertiary" /><tag k="oneway" v="no" /><tag k="name" v="Upper Delta Avenue" /></way><way changeset="1" id="1053493252" uid="1" user="OSMnx" visible="true" timestamp="2026-04-09T19:16:40Z" version="1"><nd ref="9681536643" /><nd ref="4233520834" /><tag k="highway" v="residential" /><tag k="oneway" v="no" /></way><way changeset="1" id="1053493253" uid="1" user="OSMnx" visible="true" timestamp="2026-04-09T19:16:40Z" version="1"><nd ref="2227588117" /><nd ref="9681536644" /><tag k="highway" v="residential" /><tag k="oneway" v="no" /></way><way changeset="1" id="1053516428" uid="1" user="OSMnx" visible="true" timestamp="2026-04-09T19:16:40Z" version="1"><nd ref="9681667507" /><nd ref="7365934535" /><tag k="highway" v="residential" /><tag k="oneway" v="no" /></way><way changeset="1" id="1053831745" uid="1" user="OSMnx" visible="true" timestamp="2026-04-09T19:16:40Z" version="1"><nd ref="1960734773" /><nd ref="5741272927" /><tag k="highway" v="trunk" /><tag k="oneway" v="no" /></way><way changeset="1" id="1053831746" uid="1" user="OSMnx" visible="true" timestamp="2026-04-09T19:16:40Z" version="1"><nd ref="9684614893" /><nd ref="9684614894" /><tag k="highway" v="trunk" /><tag k="oneway" v="no" /></way><way changeset="1" id="1055746027" uid="1" user="OSMnx" visible="true" timestamp="2026-04-09T19:16:40Z" version="1"><nd ref="7736315016" /><nd ref="9579825706" /><tag k="highway" v="trunk_link" /><tag k="oneway" v="no" /><tag k="lanes" v="3" /></way><way changeset="1" id="1061954324" uid="1" user="OSMnx" visible="true" timestamp="2026-04-09T19:16:40Z" version="1"><nd ref="7401376520" /><nd ref="9756307596" /><nd ref="9756307597" /><nd ref="9756307598" /><nd ref="9756307599" /><nd ref="9756307600" /><nd ref="9756307601" /><nd ref="9756307602" /><tag k="highway" v="residential" /><tag k="oneway" v="no" /></way><way changeset="1" id="1061954325" uid="1" user="OSMnx" visible="true" timestamp="2026-04-09T19:16:40Z" version="1"><nd ref="8500641973" /><nd ref="9756307603" /><nd ref="11912134721" /><nd ref="9756307604" /><nd ref="9756307605" /><nd ref="9756307606" /><nd ref="9756307607" /><nd ref="9756307602" /><nd ref="9756307608" /><nd ref="9756307609" /><tag k="highway" v="residential" /><tag k="oneway" v="no" /></way><way changeset="1" id="1064025536" uid="1" user="OSMnx" visible="true" timestamp="2026-04-09T19:16:40Z" version="1"><nd ref="6802852005" /><nd ref="9772648909" /><nd ref="9772648910" /><nd ref="8637519669" /><tag k="highway" v="residential" /><tag k="oneway" v="no" /></way><way changeset="1" id="1069895372" uid="1" user="OSMnx" visible="true" timestamp="2026-04-09T19:16:40Z" version="1"><nd ref="9819567808" /><nd ref="9819567809" /><tag k="highway" v="residential" /><tag k="oneway" v="no" /></way><way changeset="1" id="1075999277" uid="1" user="OSMnx" visible="true" timestamp="2026-04-09T19:16:40Z" version="1"><nd ref="1960735031" /><nd ref="9867737236" /><tag k="highway" v="residential" /><tag k="oneway" v="no" /></way><way changeset="1" id="1078485237" uid="1" user="OSMnx" visible="true" timestamp="2026-04-09T19:16:40Z" version="1"><nd ref="9887199074" /><nd ref="9887199075" /><nd ref="9887199076" /><nd ref="9887199077" /><nd ref="9887199078" /><nd ref="9887199079" /><nd ref="9887199080" /><nd ref="9887199081" /><nd ref="9887199082" /><nd ref="7365843914" /><tag k="highway" v="residential" /><tag k="oneway" v="no" /></way><way changeset="1" id="1078485238" uid="1" user="OSMnx" visible="true" timestamp="2026-04-09T19:16:40Z" version="1"><nd ref="9887199083" /><nd ref="9887199084" /><nd ref="2227588418" /><tag k="highway" v="residential" /><tag k="oneway" v="no" /></way><way changeset="1" id="1078485239" uid="1" user="OSMnx" visible="true" timestamp="2026-04-09T19:16:40Z" version="1"><nd ref="9887199084" /><nd ref="9887199085" /><nd ref="9887199086" /><nd ref="9887199087" /><nd ref="9887199088" /><tag k="highway" v="residential" /><tag k="oneway" v="no" /></way><way changeset="1" id="1080610841" uid="1" user="OSMnx" visible="true" timestamp="2026-04-09T19:16:40Z" version="1"><nd ref="1960734972" /><nd ref="9904682624" /><tag k="highway" v="tertiary" /><tag k="oneway" v="no" /><tag k="name" v="Prabhakar Kunte Marg" /><tag k="lanes" v="2" /></way><way changeset="1" id="1080612227" uid="1" user="OSMnx" visible="true" timestamp="2026-04-09T19:16:40Z" version="1"><nd ref="7280128602" /><nd ref="7280128610" /><tag k="highway" v="tertiary" /><tag k="oneway" v="no" /><tag k="name" v="Mission Drive" /></way><way changeset="1" id="1082081946" uid="1" user="OSMnx" visible="true" timestamp="2026-04-09T19:16:40Z" version="1"><nd ref="9916993836" /><nd ref="9916993837" /><nd ref="9916993838" /><nd ref="9916993839" /><tag k="highway" v="residential" /><tag k="oneway" v="no" /></way><way changeset="1" id="1082242632" uid="1" user="OSMnx" visible="true" timestamp="2026-04-09T19:16:40Z" version="1"><nd ref="9918471754" /><nd ref="9918471755" /><tag k="highway" v="residential" /><tag k="oneway" v="no" /></way><way changeset="1" id="1082633282" uid="1" user="OSMnx" visible="true" timestamp="2026-04-09T19:16:40Z" version="1"><nd ref="9921939009" /><nd ref="5703993927" /><tag k="highway" v="residential" /><tag k="oneway" v="no" /></way><way changeset="1" id="1083010378" uid="1" user="OSMnx" visible="true" timestamp="2026-04-09T19:16:40Z" version="1"><nd ref="9925314950" /><nd ref="9925314962" /><tag k="highway" v="secondary" /><tag k="oneway" v="no" /></way><way changeset="1" id="1084650992" uid="1" user="OSMnx" visible="true" timestamp="2026-04-09T19:16:40Z" version="1"><nd ref="9939299308" /><nd ref="13396951044" /><nd ref="9939299315" /><nd ref="9939299316" /><nd ref="9939304417" /><nd ref="9939304418" /><nd ref="9939304428" /><nd ref="9939304419" /><nd ref="9939304420" /><nd ref="9939304423" /><nd ref="9939304426" /><nd ref="9939304421" /><nd ref="13396951045" /><nd ref="9939304427" /><nd ref="9939304425" /><nd ref="13396951046" /><nd ref="13396951047" /><nd ref="13396951048" /><nd ref="13396951049" /><nd ref="13396951050" /><tag k="highway" v="residential" /><tag k="oneway" v="no" /></way><way changeset="1" id="1089474539" uid="1" user="OSMnx" visible="true" timestamp="2026-04-09T19:16:40Z" version="1"><nd ref="7736315011" /><nd ref="9348015285" /><nd ref="8578558821" /><nd ref="7736315003" /><nd ref="2228429124" /><tag k="highway" v="secondary" /><tag k="oneway" v="no" /><tag k="name" v="Nirmaladevi Dighe Marg," /></way><way changeset="1" id="1089474540" uid="1" user="OSMnx" visible="true" timestamp="2026-04-09T19:16:40Z" version="1"><nd ref="13301331434" /><nd ref="7361622711" /><nd ref="13301331433" /><nd ref="11925172558" /><nd ref="6017562385" /><tag k="highway" v="secondary" /><tag k="oneway" v="no" /><tag k="name" v="Nirmaladevi Dighe Marg," /></way><way changeset="1" id="1095602455" uid="1" user="OSMnx" visible="true" timestamp="2026-04-09T19:16:40Z" version="1"><nd ref="5741272927" /><nd ref="9684614893" /><tag k="highway" v="trunk" /><tag k="oneway" v="no" /><tag k="name" v="Thane Ghodbunder Road" /><tag k="ref" v="SH42" /></way><way changeset="1" id="1096171259" uid="1" user="OSMnx" visible="true" timestamp="2026-04-09T19:16:40Z" version="1"><nd ref="1960734156" /><nd ref="7736315015" /><tag k="highway" v="tertiary" /><tag k="oneway" v="no" /><tag k="name" v="Service Road" /></way><way changeset="1" id="1096171260" uid="1" user="OSMnx" visible="true" timestamp="2026-04-09T19:16:40Z" version="1"><nd ref="1960734156" /><nd ref="10038407702" /><nd ref="9885249766" /><nd ref="10936226283" /><nd ref="10072781495" /><nd ref="6117259418" /><nd ref="10223219792" /><nd ref="10733414520" /><nd ref="13571959948" /><nd ref="13571959945" /><nd ref="7736315036" /><tag k="highway" v="tertiary" /><tag k="oneway" v="no" /><tag k="name" v="Service Road" /></way><way changeset="1" id="1096171261" uid="1" user="OSMnx" visible="true" timestamp="2026-04-09T19:16:40Z" version="1"><nd ref="7397960738" /><nd ref="10038407703" /><nd ref="10038407704" /><nd ref="10223219806" /><nd ref="10223219807" /><nd ref="10072781496" /><nd ref="10038407705" /><nd ref="10038407706" /><nd ref="1960734156" /><tag k="highway" v="tertiary" /><tag k="oneway" v="no" /></way><way changeset="1" id="1098069571" uid="1" user="OSMnx" visible="true" timestamp="2026-04-09T19:16:40Z" version="1"><nd ref="2228291942" /><nd ref="4367767540" /><nd ref="11056122710" /><nd ref="2228291965" /><tag k="highway" v="residential" /><tag k="oneway" v="no" /><tag k="name" v="Rabodi Rd" /></way><way changeset="1" id="1098069572" uid="1" user="OSMnx" visible="true" timestamp="2026-04-09T19:16:40Z" version="1"><nd ref="6608932274" /><nd ref="6608932271" /><nd ref="6608932275" /><tag k="highway" v="residential" /><tag k="oneway" v="no" /><tag k="name" v="Rabodi Rd" /></way><way changeset="1" id="1098069573" uid="1" user="OSMnx" visible="true" timestamp="2026-04-09T19:16:40Z" version="1"><nd ref="1960734049" /><nd ref="1960733990" /><nd ref="10577337534" /><nd ref="6802495492" /><nd ref="1960733924" /><nd ref="1960733909" /><nd ref="1960733871" /><nd ref="2228291962" /><tag k="highway" v="primary" /><tag k="oneway" v="no" /><tag k="lanes" v="2" /></way><way changeset="1" id="1098069574" uid="1" user="OSMnx" visible="true" timestamp="2026-04-09T19:16:40Z" version="1"><nd ref="6608932275" /><nd ref="12836286448" /><nd ref="9925315018" /><nd ref="1960733905" /><nd ref="414727663" /><nd ref="414727665" /><nd ref="6802495493" /><nd ref="1960734030" /><tag k="highway" v="primary" /><tag k="oneway" v="no" /><tag k="lanes" v="2" /></way><way changeset="1" id="1098069575" uid="1" user="OSMnx" visible="true" timestamp="2026-04-09T19:16:40Z" version="1"><nd ref="6608932275" /><nd ref="2228291962" /><tag k="highway" v="residential" /><tag k="oneway" v="no" /><tag k="name" v="Rabodi Rd" /></way><way changeset="1" id="1098069578" uid="1" user="OSMnx" visible="true" timestamp="2026-04-09T19:16:40Z" version="1"><nd ref="4367349652" /><nd ref="13651669411" /><tag k="highway" v="residential" /><tag k="oneway" v="no" /></way><way changeset="1" id="1098378167" uid="1" user="OSMnx" visible="true" timestamp="2026-04-09T19:16:40Z" version="1"><nd ref="2227586671" /><nd ref="11030011291" /><nd ref="2227586774" /><tag k="highway" v="residential" /><tag k="oneway" v="no" /><tag k="name" v="Majiwada Village Road" /></way><way changeset="1" id="1098378168" uid="1" user="OSMnx" visible="true" timestamp="2026-04-09T19:16:40Z" version="1"><nd ref="1960734773" /><nd ref="11068306284" /><nd ref="9925315039" /><nd ref="1960734661" /><nd ref="1960734638" /><tag k="highway" v="trunk" /><tag k="oneway" v="no" /><tag k="name" v="Thane Ghodbunder Road" /><tag k="ref" v="NH848" /></way><way changeset="1" id="1098378175" uid="1" user="OSMnx" visible="true" timestamp="2026-04-09T19:16:40Z" version="1"><nd ref="6017561984" /><nd ref="4585364193" /><nd ref="7736315002" /><nd ref="8493462515" /><nd ref="9348015286" /><nd ref="7736315010" /><tag k="highway" v="secondary" /><tag k="oneway" v="no" /><tag k="name" v="Nirmaladevi Dighe Marg," /></way><way changeset="1" id="1098378176" uid="1" user="OSMnx" visible="true" timestamp="2026-04-09T19:16:40Z" version="1"><nd ref="2228429124" /><nd ref="6017561984" /><tag k="highway" v="residential" /><tag k="oneway" v="no" /></way><way changeset="1" id="1098378180" uid="1" user="OSMnx" visible="true" timestamp="2026-04-09T19:16:40Z" version="1"><nd ref="2228429124" /><nd ref="11927873380" /><nd ref="11925172557" /><nd ref="2228429127" /><nd ref="4367564017" /><nd ref="10097182500" /><tag k="highway" v="secondary" /><tag k="oneway" v="no" /><tag k="name" v="Nirmaladevi Dighe Marg," /></way><way changeset="1" id="1098584801" uid="1" user="OSMnx" visible="true" timestamp="2026-04-09T19:16:40Z" version="1"><nd ref="7736315014" /><nd ref="10058867365" /><nd ref="10058867366" /><nd ref="10058867367" /><nd ref="10058867368" /><nd ref="10058867369" /><nd ref="10058867370" /><tag k="highway" v="residential" /><tag k="oneway" v="no" /></way><way changeset="1" id="1100596474" uid="1" user="OSMnx" visible="true" timestamp="2026-04-09T19:16:40Z" version="1"><nd ref="10072781495" /><nd ref="10072781496" /><tag k="highway" v="tertiary" /><tag k="oneway" v="no" /></way><way changeset="1" id="1102783337" uid="1" user="OSMnx" visible="true" timestamp="2026-04-09T19:16:40Z" version="1"><nd ref="7736315036" /><nd ref="10302239356" /><tag k="highway" v="tertiary" /><tag k="oneway" v="no" /></way><way changeset="1" id="1103401551" uid="1" user="OSMnx" visible="true" timestamp="2026-04-09T19:16:40Z" version="1"><nd ref="4367564019" /><nd ref="10097182498" /><nd ref="10097182499" /><nd ref="10097182500" /><tag k="highway" v="residential" /><tag k="oneway" v="no" /></way><way changeset="1" id="1109703519" uid="1" user="OSMnx" visible="true" timestamp="2026-04-09T19:16:40Z" version="1"><nd ref="9925315019" /><nd ref="10151994693" /><nd ref="1960734231" /><tag k="highway" v="residential" /><tag k="oneway" v="no" /><tag k="name" v="Hathyogi Nikam Guruji Marg" /></way><way changeset="1" id="1111501172" uid="1" user="OSMnx" visible="true" timestamp="2026-04-09T19:16:40Z" version="1"><nd ref="10168886526" /><nd ref="10168886527" /><nd ref="10168886528" /><nd ref="10168886529" /><tag k="highway" v="secondary_link" /><tag k="oneway" v="no" /></way><way changeset="1" id="1111501173" uid="1" user="OSMnx" visible="true" timestamp="2026-04-09T19:16:40Z" version="1"><nd ref="10168886530" /><nd ref="10168886531" /><nd ref="10168886532" /><nd ref="10168886533" /><tag k="highway" v="secondary_link" /><tag k="oneway" v="no" /></way><way changeset="1" id="1111943669" uid="1" user="OSMnx" visible="true" timestamp="2026-04-09T19:16:40Z" version="1"><nd ref="10172868171" /><nd ref="10172868172" /><nd ref="10172868173" /><nd ref="10172868174" /><nd ref="10172868175" /><nd ref="10172868176" /><tag k="highway" v="living_street" /><tag k="oneway" v="no" /></way><way changeset="1" id="1111996657" uid="1" user="OSMnx" visible="true" timestamp="2026-04-09T19:16:40Z" version="1"><nd ref="8543105434" /><nd ref="10173311713" /><nd ref="10173311714" /><nd ref="10173311715" /><nd ref="10173311716" /><nd ref="10173342217" /><nd ref="10173342218" /><nd ref="10173342219" /><nd ref="10173342220" /><nd ref="10173342221" /><tag k="highway" v="residential" /><tag k="oneway" v="no" /></way><way changeset="1" id="1117130371" uid="1" user="OSMnx" visible="true" timestamp="2026-04-09T19:16:40Z" version="1"><nd ref="6117687118" /><nd ref="10216996385" /><tag k="highway" v="residential" /><tag k="oneway" v="no" /></way><way changeset="1" id="1117130372" uid="1" user="OSMnx" visible="true" timestamp="2026-04-09T19:16:40Z" version="1"><nd ref="10216996386" /><nd ref="9885249723" /><nd ref="6117687125" /><tag k="highway" v="residential" /><tag k="oneway" v="no" /></way><way changeset="1" id="1117130373" uid="1" user="OSMnx" visible="true" timestamp="2026-04-09T19:16:40Z" version="1"><nd ref="10216996385" /><nd ref="13295910590" /><nd ref="13295910591" /><nd ref="6117687126" /><tag k="highway" v="residential" /><tag k="oneway" v="no" /></way><way changeset="1" id="1118578769" uid="1" user="OSMnx" visible="true" timestamp="2026-04-09T19:16:40Z" version="1"><nd ref="10230398033" /><nd ref="10230398034" /><nd ref="13528450298" /><nd ref="10230398035" /><nd ref="13528450297" /><nd ref="10230398036" /><tag k="highway" v="residential" /><tag k="oneway" v="no" /></way><way changeset="1" id="1118578770" uid="1" user="OSMnx" visible="true" timestamp="2026-04-09T19:16:40Z" version="1"><nd ref="10230398034" /><nd ref="10230398037" /><nd ref="10230398038" /><tag k="highway" v="residential" /><tag k="oneway" v="no" /></way><way changeset="1" id="1118833590" uid="1" user="OSMnx" visible="true" timestamp="2026-04-09T19:16:40Z" version="1"><nd ref="10232521184" /><nd ref="10232521185" /><nd ref="11938975532" /><nd ref="11938975533" /><nd ref="11938975534" /><nd ref="11938975535" /><nd ref="2228292559" /><tag k="highway" v="residential" /><tag k="oneway" v="no" /></way><way changeset="1" id="1118893583" uid="1" user="OSMnx" visible="true" timestamp="2026-04-09T19:16:40Z" version="1"><nd ref="10232962358" /><nd ref="10232962359" /><tag k="highway" v="trunk_link" /><tag k="oneway" v="no" /></way><way changeset="1" id="1118893584" uid="1" user="OSMnx" visible="true" timestamp="2026-04-09T19:16:40Z" version="1"><nd ref="5923939970" /><nd ref="2227587278" /><tag k="highway" v="tertiary" /><tag k="oneway" v="no" /></way><way changeset="1" id="1118893585" uid="1" user="OSMnx" visible="true" timestamp="2026-04-09T19:16:40Z" version="1"><nd ref="9179808199" /><nd ref="10232962361" /><nd ref="11029450831" /><nd ref="11029450832" /><nd ref="10232962362" /><nd ref="5923939956" /><tag k="highway" v="residential" /><tag k="oneway" v="no" /></way><way changeset="1" id="1119833156" uid="1" user="OSMnx" visible="true" timestamp="2026-04-09T19:16:40Z" version="1"><nd ref="10242222055" /><nd ref="10242222056" /><nd ref="10242222057" /><tag k="highway" v="residential" /><tag k="oneway" v="no" /></way><way changeset="1" id="1119876590" uid="1" user="OSMnx" visible="true" timestamp="2026-04-09T19:16:40Z" version="1"><nd ref="6017562385" /><nd ref="11038544943" /><nd ref="11927873381" /><nd ref="10028765528" /><nd ref="6017561984" /><tag k="highway" v="secondary" /><tag k="oneway" v="no" /><tag k="name" v="Nirmaladevi Dighe Marg," /></way><way changeset="1" id="1120251360" uid="1" user="OSMnx" visible="true" timestamp="2026-04-09T19:16:40Z" version="1"><nd ref="10091428557" /><nd ref="10091428554" /><tag k="highway" v="tertiary" /><tag k="oneway" v="no" /></way><way changeset="1" id="1120857653" uid="1" user="OSMnx" visible="true" timestamp="2026-04-09T19:16:40Z" version="1"><nd ref="10251547869" /><nd ref="1182363483" /><tag k="highway" v="tertiary" /><tag k="oneway" v="no" /><tag k="name" v="Dhokali Road" /></way><way changeset="1" id="1122108960" uid="1" user="OSMnx" visible="true" timestamp="2026-04-09T19:16:40Z" version="1"><nd ref="9219684996" /><nd ref="9219684997" /><nd ref="9219684994" /><nd ref="9219684999" /><nd ref="4367331986" /><tag k="highway" v="residential" /><tag k="oneway" v="no" /></way><way changeset="1" id="1122108961" uid="1" user="OSMnx" visible="true" timestamp="2026-04-09T19:16:40Z" version="1"><nd ref="10263011324" /><nd ref="2230881569" /><tag k="highway" v="residential" /><tag k="oneway" v="no" /></way><way changeset="1" id="1123934135" uid="1" user="OSMnx" visible="true" timestamp="2026-04-09T19:16:40Z" version="1"><nd ref="11299473965" /><nd ref="8628324222" /><nd ref="8576194118" /><nd ref="6616443795" /><nd ref="6117536127" /><nd ref="2227586530" /><tag k="highway" v="residential" /><tag k="oneway" v="no" /></way><way changeset="1" id="1124058337" uid="1" user="OSMnx" visible="true" timestamp="2026-04-09T19:16:40Z" version="1"><nd ref="10279403396" /><nd ref="10279403397" /><nd ref="10279403398" /><nd ref="10279403399" /><nd ref="10279403400" /><nd ref="10279403401" /><tag k="highway" v="residential" /><tag k="oneway" v="no" /></way><way changeset="1" id="1124058338" uid="1" user="OSMnx" visible="true" timestamp="2026-04-09T19:16:40Z" version="1"><nd ref="5923939959" /><nd ref="11939282083" /><nd ref="10279403403" /><nd ref="11029221669" /><nd ref="10279403408" /><nd ref="10279403404" /><nd ref="10279403405" /><nd ref="11939223210" /><nd ref="10279403406" /><nd ref="10279403407" /><tag k="highway" v="tertiary" /><tag k="oneway" v="no" /></way><way changeset="1" id="1124058341" uid="1" user="OSMnx" visible="true" timestamp="2026-04-09T19:16:40Z" version="1"><nd ref="10279414813" /><nd ref="10279414814" /><nd ref="10279414815" /><nd ref="2227587278" /><tag k="highway" v="tertiary" /><tag k="oneway" v="no" /></way><way changeset="1" id="1124060518" uid="1" user="OSMnx" visible="true" timestamp="2026-04-09T19:16:40Z" version="1"><nd ref="10279453022" /><nd ref="10279453017" /><nd ref="10279453016" /><nd ref="10279453015" /><nd ref="10279453014" /><nd ref="10279453013" /><nd ref="10279453012" /><tag k="highway" v="residential" /><tag k="oneway" v="no" /><tag k="name" v="Kusumagraj Marg" /></way><way changeset="1" id="1124060519" uid="1" user="OSMnx" visible="true" timestamp="2026-04-09T19:16:40Z" version="1"><nd ref="10279453010" /><nd ref="10279453019" /><nd ref="11059228343" /><nd ref="10279453018" /><nd ref="10279453021" /><tag k="highway" v="residential" /><tag k="oneway" v="no" /><tag k="name" v="Kusumagraj Marg" /></way><way changeset="1" id="1124060520" uid="1" user="OSMnx" visible="true" timestamp="2026-04-09T19:16:40Z" version="1"><nd ref="10279453021" /><nd ref="10279453022" /><tag k="bridge" v="yes" /><tag k="highway" v="residential" /><tag k="oneway" v="no" /><tag k="name" v="Kusumagraj Marg" /></way><way changeset="1" id="1124060521" uid="1" user="OSMnx" visible="true" timestamp="2026-04-09T19:16:40Z" version="1"><nd ref="7375339544" /><nd ref="9170942139" /><nd ref="10279453011" /><tag k="highway" v="residential" /><tag k="oneway" v="no" /><tag k="name" v="Kusumagraj Marg" /></way><way changeset="1" id="1124060701" uid="1" user="OSMnx" visible="true" timestamp="2026-04-09T19:16:40Z" version="1"><nd ref="10279377260" /><nd ref="10279377261" /><nd ref="10279377262" /><nd ref="10279377263" /><nd ref="10279377264" /><nd ref="10279377265" /><nd ref="10279377266" /><tag k="highway" v="trunk_link" /><tag k="oneway" v="no" /></way><way changeset="1" id="1126626684" uid="1" user="OSMnx" visible="true" timestamp="2026-04-09T19:16:40Z" version="1"><nd ref="10301894385" /><nd ref="12655863676" /><nd ref="10301894388" /><tag k="highway" v="residential" /><tag k="oneway" v="no" /></way><way changeset="1" id="1127663258" uid="1" user="OSMnx" visible="true" timestamp="2026-04-09T19:16:40Z" version="1"><nd ref="10310120532" /><nd ref="5428586524" /><tag k="highway" v="residential" /><tag k="oneway" v="no" /></way><way changeset="1" id="1127754506" uid="1" user="OSMnx" visible="true" timestamp="2026-04-09T19:16:40Z" version="1"><nd ref="10310857444" /><nd ref="10310857445" /><nd ref="10310857446" /><nd ref="10310857447" /><nd ref="10310857448" /><nd ref="10310857449" /><nd ref="10310857450" /><nd ref="10310857451" /><nd ref="10310857454" /><nd ref="10310857452" /><nd ref="10310857458" /><nd ref="10310857453" /><tag k="highway" v="living_street" /><tag k="oneway" v="no" /></way><way changeset="1" id="1127754507" uid="1" user="OSMnx" visible="true" timestamp="2026-04-09T19:16:40Z" version="1"><nd ref="10310857454" /><nd ref="10310857455" /><nd ref="10310857456" /><nd ref="10310857460" /><nd ref="10310857457" /><tag k="highway" v="living_street" /><tag k="oneway" v="no" /></way><way changeset="1" id="1127754508" uid="1" user="OSMnx" visible="true" timestamp="2026-04-09T19:16:40Z" version="1"><nd ref="10310857458" /><nd ref="10310857459" /><nd ref="10310857460" /><tag k="highway" v="living_street" /><tag k="oneway" v="no" /></way><way changeset="1" id="1127754509" uid="1" user="OSMnx" visible="true" timestamp="2026-04-09T19:16:40Z" version="1"><nd ref="10310857459" /><nd ref="10637913935" /><nd ref="10310857461" /><nd ref="10310857462" /><tag k="highway" v="living_street" /><tag k="oneway" v="no" /></way><way changeset="1" id="1128370656" uid="1" user="OSMnx" visible="true" timestamp="2026-04-09T19:16:40Z" version="1"><nd ref="10316068249" /><nd ref="10316068250" /><tag k="highway" v="residential" /><tag k="oneway" v="no" /></way><way changeset="1" id="1128370657" uid="1" user="OSMnx" visible="true" timestamp="2026-04-09T19:16:40Z" version="1"><nd ref="7400430339" /><nd ref="10316068251" /><tag k="highway" v="residential" /><tag k="oneway" v="no" /></way><way changeset="1" id="1130857567" uid="1" user="OSMnx" visible="true" timestamp="2026-04-09T19:16:40Z" version="1"><nd ref="10538906601" /><nd ref="10538906602" /><nd ref="10538906603" /><tag k="highway" v="residential" /><tag k="oneway" v="no" /></way><way changeset="1" id="1131213274" uid="1" user="OSMnx" visible="true" timestamp="2026-04-09T19:16:40Z" version="1"><nd ref="10543534132" /><nd ref="10543534133" /><nd ref="10543534134" /><nd ref="10543534135" /><nd ref="10543534136" /><nd ref="10543534137" /><nd ref="10543534138" /><nd ref="10543534139" /><nd ref="10543534140" /><nd ref="10543534141" /><tag k="highway" v="residential" /><tag k="oneway" v="no" /></way><way changeset="1" id="1134708331" uid="1" user="OSMnx" visible="true" timestamp="2026-04-09T19:16:40Z" version="1"><nd ref="10578274400" /><nd ref="10578274401" /><nd ref="10578274402" /><nd ref="10578274403" /><nd ref="10578274404" /><nd ref="10578274405" /><nd ref="10578274406" /><nd ref="10578274407" /><nd ref="10578274408" /><nd ref="10578274409" /><nd ref="10578274410" /><nd ref="10578274411" /><tag k="highway" v="living_street" /><tag k="oneway" v="no" /></way><way changeset="1" id="1134708332" uid="1" user="OSMnx" visible="true" timestamp="2026-04-09T19:16:40Z" version="1"><nd ref="10578274404" /><nd ref="10578274412" /><tag k="highway" v="living_street" /><tag k="oneway" v="no" /></way><way changeset="1" id="1134708333" uid="1" user="OSMnx" visible="true" timestamp="2026-04-09T19:16:40Z" version="1"><nd ref="10578274413" /><nd ref="10578274414" /><nd ref="10578274416" /><nd ref="10578274415" /><nd ref="6618347284" /><tag k="highway" v="living_street" /><tag k="oneway" v="no" /></way><way changeset="1" id="1135059661" uid="1" user="OSMnx" visible="true" timestamp="2026-04-09T19:16:40Z" version="1"><nd ref="10580913575" /><nd ref="10580913576" /><tag k="highway" v="secondary_link" /><tag k="oneway" v="no" /></way><way changeset="1" id="1135065418" uid="1" user="OSMnx" visible="true" timestamp="2026-04-09T19:16:40Z" version="1"><nd ref="10580969840" /><nd ref="10580972741" /><tag k="highway" v="residential" /><tag k="oneway" v="no" /></way><way changeset="1" id="1137559585" uid="1" user="OSMnx" visible="true" timestamp="2026-04-09T19:16:40Z" version="1"><nd ref="9345838243" /><nd ref="2228429128" /><nd ref="11155459704" /><nd ref="5868392398" /><nd ref="7736315006" /><nd ref="9348015286" /><nd ref="9348015285" /><tag k="highway" v="tertiary" /><tag k="oneway" v="no" /><tag k="name" v="Shahid Mangal Pandey Road" /></way><way changeset="1" id="1139245206" uid="1" user="OSMnx" visible="true" timestamp="2026-04-09T19:16:40Z" version="1"><nd ref="6616162873" /><nd ref="10618414221" /><nd ref="10618414222" /><nd ref="10618414223" /><tag k="highway" v="residential" /><tag k="oneway" v="no" /></way><way changeset="1" id="1141922854" uid="1" user="OSMnx" visible="true" timestamp="2026-04-09T19:16:40Z" version="1"><nd ref="8794902866" /><nd ref="10636094313" /><nd ref="10636094317" /><nd ref="10636094315" /><tag k="highway" v="residential" /><tag k="oneway" v="no" /></way><way changeset="1" id="1141922855" uid="1" user="OSMnx" visible="true" timestamp="2026-04-09T19:16:40Z" version="1"><nd ref="10636094315" /><nd ref="10636094316" /><tag k="highway" v="residential" /><tag k="oneway" v="no" /></way><way changeset="1" id="1141922856" uid="1" user="OSMnx" visible="true" timestamp="2026-04-09T19:16:40Z" version="1"><nd ref="10636094317" /><nd ref="10636094318" /><tag k="highway" v="residential" /><tag k="oneway" v="no" /></way><way changeset="1" id="1147833809" uid="1" user="OSMnx" visible="true" timestamp="2026-04-09T19:16:40Z" version="1"><nd ref="9579825706" /><nd ref="7736315018" /><tag k="highway" v="secondary" /><tag k="oneway" v="no" /><tag k="name" v="Khopat Road" /></way><way changeset="1" id="1150601214" uid="1" user="OSMnx" visible="true" timestamp="2026-04-09T19:16:40Z" version="1"><nd ref="8898052142" /><nd ref="9345838243" /><tag k="highway" v="tertiary" /><tag k="oneway" v="no" /><tag k="name" v="Shahid Mangal Pandey Road" /></way><way changeset="1" id="1154538367" uid="1" user="OSMnx" visible="true" timestamp="2026-04-09T19:16:40Z" version="1"><nd ref="10699835597" /><nd ref="414727656" /><tag k="highway" v="tertiary" /><tag k="oneway" v="no" /></way><way changeset="1" id="1154686021" uid="1" user="OSMnx" visible="true" timestamp="2026-04-09T19:16:40Z" version="1"><nd ref="1182363525" /><nd ref="7366380239" /><nd ref="2227587972" /><nd ref="7371534260" /><nd ref="10251547852" /><nd ref="2227588045" /><tag k="maxspeed" v="50" /><tag k="highway" v="tertiary" /><tag k="oneway" v="no" /><tag k="name" v="Kolshet Road" /><tag k="lanes" v="4" /></way><way changeset="1" id="1154686022" uid="1" user="OSMnx" visible="true" timestamp="2026-04-09T19:16:40Z" version="1"><nd ref="7366287326" /><nd ref="1182363525" /><tag k="maxspeed" v="50" /><tag k="highway" v="tertiary" /><tag k="oneway" v="no" /><tag k="name" v="Kolshet Road" /><tag k="lanes" v="4" /></way><way changeset="1" id="1154686023" uid="1" user="OSMnx" visible="true" timestamp="2026-04-09T19:16:40Z" version="1"><nd ref="2227588472" /><nd ref="2227611659" /><nd ref="7365843928" /><nd ref="2227611644" /><nd ref="9887199074" /><nd ref="2227588415" /><nd ref="11070553244" /><nd ref="7365843927" /><nd ref="7365843926" /><tag k="highway" v="residential" /><tag k="oneway" v="no" /><tag k="name" v="Manorama Nagar Road" /></way><way changeset="1" id="1154686024" uid="1" user="OSMnx" visible="true" timestamp="2026-04-09T19:16:40Z" version="1"><nd ref="2227588045" /><nd ref="7366287339" /><tag k="highway" v="residential" /><tag k="oneway" v="no" /><tag k="name" v="Dhokali Village Inner Road" /></way><way changeset="1" id="1154686025" uid="1" user="OSMnx" visible="true" timestamp="2026-04-09T19:16:40Z" version="1"><nd ref="7366287339" /><nd ref="8794902861" /><nd ref="10251547851" /><tag k="maxspeed" v="50" /><tag k="highway" v="tertiary" /><tag k="oneway" v="no" /><tag k="name" v="Kolshet Road" /><tag k="lanes" v="4" /></way><way changeset="1" id="1154686026" uid="1" user="OSMnx" visible="true" timestamp="2026-04-09T19:16:40Z" version="1"><nd ref="619143463" /><nd ref="8780753194" /><nd ref="13284877508" /><nd ref="8780753171" /><nd ref="9015320640" /><nd ref="8780753172" /><nd ref="8780753141" /><nd ref="8780753173" /><nd ref="8780753142" /><nd ref="8780753174" /><nd ref="8780753175" /><nd ref="8780753176" /><nd ref="8780753177" /><nd ref="8780753178" /><nd ref="8780753179" /><nd ref="8780753180" /><nd ref="8780753181" /><nd ref="8780753182" /><nd ref="8780753183" /><tag k="highway" v="secondary" /><tag k="oneway" v="no" /><tag k="name" v="Saket - Kalwa Road" /></way><way changeset="1" id="1154686027" uid="1" user="OSMnx" visible="true" timestamp="2026-04-09T19:16:40Z" version="1"><nd ref="9939299309" /><nd ref="8218767611" /><nd ref="9939304430" /><nd ref="9939304429" /><nd ref="11068720745" /><nd ref="11068720744" /><nd ref="8218767613" /><nd ref="7331353173" /><tag k="highway" v="residential" /><tag k="oneway" v="no" /><tag k="lanes" v="4" /></way><way changeset="1" id="1154686028" uid="1" user="OSMnx" visible="true" timestamp="2026-04-09T19:16:40Z" version="1"><nd ref="2228292262" /><nd ref="2228292393" /><nd ref="619143457" /><tag k="highway" v="secondary" /><tag k="oneway" v="no" /><tag k="name" v="Saket - Kalwa Road" /></way><way changeset="1" id="1154686029" uid="1" user="OSMnx" visible="true" timestamp="2026-04-09T19:16:40Z" version="1"><nd ref="8780753195" /><nd ref="10727373724" /><nd ref="8780753162" /><nd ref="8780753163" /><tag k="highway" v="secondary" /><tag k="oneway" v="no" /><tag k="name" v="Saket - Kalwa Road" /></way><way changeset="1" id="1154686030" uid="1" user="OSMnx" visible="true" timestamp="2026-04-09T19:16:40Z" version="1"><nd ref="8780753183" /><nd ref="8780753184" /><nd ref="8780753185" /><nd ref="8780753186" /><nd ref="8780753187" /><nd ref="8780753188" /><nd ref="8780753189" /><nd ref="8780753190" /><nd ref="8780753191" /><nd ref="8780753192" /><nd ref="8780753170" /><nd ref="8780753193" /><nd ref="8780753195" /><tag k="highway" v="secondary" /><tag k="oneway" v="no" /><tag k="name" v="Saket - Kalwa Road" /></way><way changeset="1" id="1154686031" uid="1" user="OSMnx" visible="true" timestamp="2026-04-09T19:16:40Z" version="1"><nd ref="2702435812" /><nd ref="12698657164" /><nd ref="2269782596" /><tag k="highway" v="trunk" /><tag k="oneway" v="no" /><tag k="name" v="Eastern Express Highway" /><tag k="lanes" v="3" /><tag k="ref" v="NH48" /></way><way changeset="1" id="1154686032" uid="1" user="OSMnx" visible="true" timestamp="2026-04-09T19:16:40Z" version="1"><nd ref="8628324221" /><nd ref="6802851986" /><nd ref="6802847776" /><tag k="highway" v="residential" /><tag k="oneway" v="no" /></way><way changeset="1" id="1154686034" uid="1" user="OSMnx" visible="true" timestamp="2026-04-09T19:16:40Z" version="1"><nd ref="3737101176" /><nd ref="6117536126" /><nd ref="5355360586" /><tag k="highway" v="residential" /><tag k="oneway" v="no" /></way><way changeset="1" id="1154686035" uid="1" user="OSMnx" visible="true" timestamp="2026-04-09T19:16:40Z" version="1"><nd ref="5355360587" /><nd ref="2702435812" /><tag k="highway" v="trunk" /><tag k="oneway" v="no" /><tag k="name" v="Eastern Express Highway" /><tag k="lanes" v="3" /><tag k="ref" v="NH48" /></way><way changeset="1" id="1154686036" uid="1" user="OSMnx" visible="true" timestamp="2026-04-09T19:16:40Z" version="1"><nd ref="1960734455" /><nd ref="8445010386" /><nd ref="11939157087" /><nd ref="5868392390" /><tag k="highway" v="trunk" /><tag k="oneway" v="no" /><tag k="name" v="Thane Ghodbunder Road" /><tag k="ref" v="NH848;MSH104" /></way><way changeset="1" id="1154686037" uid="1" user="OSMnx" visible="true" timestamp="2026-04-09T19:16:40Z" version="1"><nd ref="2440275234" /><nd ref="3737101179" /><nd ref="6615982332" /><nd ref="3737101178" /><nd ref="7400996211" /><nd ref="3737101177" /><nd ref="3737101176" /><tag k="highway" v="residential" /><tag k="oneway" v="no" /></way><way changeset="1" id="1154686038" uid="1" user="OSMnx" visible="true" timestamp="2026-04-09T19:16:40Z" version="1"><nd ref="12558219497" /><nd ref="2250655557" /><nd ref="12558219499" /><nd ref="12558219496" /><nd ref="11939157086" /><nd ref="1960734457" /><tag k="highway" v="trunk" /><tag k="oneway" v="no" /><tag k="name" v="Thane Ghodbunder Road" /><tag k="ref" v="MSH104" /></way><way changeset="1" id="1154686039" uid="1" user="OSMnx" visible="true" timestamp="2026-04-09T19:16:40Z" version="1"><nd ref="5865499853" /><nd ref="1960735021" /><tag k="highway" v="residential" /><tag k="oneway" v="no" /><tag k="name" v="Balkum Road" /></way><way changeset="1" id="1154686040" uid="1" user="OSMnx" visible="true" timestamp="2026-04-09T19:16:40Z" version="1"><nd ref="5865499853" /><nd ref="1960735017" /><nd ref="619143471" /><nd ref="10279414813" /><nd ref="10279414816" /><nd ref="11939282084" /><nd ref="11939282086" /><nd ref="10251547866" /><tag k="highway" v="trunk" /><tag k="oneway" v="no" /><tag k="name" v="Agra Road" /><tag k="ref" v="NH848" /></way><way changeset="1" id="1154686041" uid="1" user="OSMnx" visible="true" timestamp="2026-04-09T19:16:40Z" version="1"><nd ref="1960734822" /><nd ref="4214654662" /><nd ref="5923939967" /><tag k="highway" v="trunk" /><tag k="oneway" v="no" /><tag k="name" v="Majiwada-Kapurbawdi Flyover" /></way><way changeset="1" id="1154686042" uid="1" user="OSMnx" visible="true" timestamp="2026-04-09T19:16:40Z" version="1"><nd ref="2227587399" /><nd ref="5865499853" /><tag k="highway" v="residential" /><tag k="oneway" v="no" /><tag k="name" v="Balkum Road" /></way><way changeset="1" id="1154686043" uid="1" user="OSMnx" visible="true" timestamp="2026-04-09T19:16:40Z" version="1"><nd ref="1182363483" /><nd ref="10251547865" /><nd ref="10279414809" /><nd ref="10279403407" /><nd ref="11939282085" /><nd ref="11939282087" /><nd ref="10279414810" /><nd ref="1960734983" /><nd ref="1960735019" /><nd ref="2227587399" /><tag k="highway" v="trunk" /><tag k="oneway" v="no" /><tag k="name" v="Agra Road" /><tag k="ref" v="NH848" /></way><way changeset="1" id="1154690820" uid="1" user="OSMnx" visible="true" timestamp="2026-04-09T19:16:40Z" version="1"><nd ref="5868392390" /><nd ref="1960734521" /><tag k="highway" v="trunk" /><tag k="oneway" v="no" /><tag k="name" v="Thane Ghodbunder Road" /><tag k="ref" v="NH848;MSH104" /></way><way changeset="1" id="1154690821" uid="1" user="OSMnx" visible="true" timestamp="2026-04-09T19:16:40Z" version="1"><nd ref="1960734406" /><nd ref="1180440455" /><nd ref="5865499838" /><nd ref="11939157085" /><nd ref="5865499841" /><nd ref="5865499837" /><nd ref="1180440452" /><nd ref="1960734457" /><tag k="highway" v="trunk_link" /><tag k="oneway" v="no" /></way><way changeset="1" id="1154690822" uid="1" user="OSMnx" visible="true" timestamp="2026-04-09T19:16:40Z" version="1"><nd ref="6117687132" /><nd ref="1960734406" /><tag k="highway" v="trunk" /><tag k="oneway" v="no" /><tag k="name" v="Eastern Express Highway" /><tag k="lanes" v="3" /><tag k="ref" v="NH48" /></way><way changeset="1" id="1154690824" uid="1" user="OSMnx" visible="true" timestamp="2026-04-09T19:16:40Z" version="1"><nd ref="1960734272" /><nd ref="7345834128" /><nd ref="619143457" /><tag k="highway" v="residential" /><tag k="oneway" v="no" /><tag k="lanes" v="2" /></way><way changeset="1" id="1154716927" uid="1" user="OSMnx" visible="true" timestamp="2026-04-09T19:16:40Z" version="1"><nd ref="10302239356" /><nd ref="10091428557" /><tag k="highway" v="tertiary" /><tag k="oneway" v="no" /></way><way changeset="1" id="1154760966" uid="1" user="OSMnx" visible="true" timestamp="2026-04-09T19:16:40Z" version="1"><nd ref="1960734449" /><nd ref="11406264218" /><nd ref="11406264219" /><nd ref="1180435752" /><tag k="highway" v="trunk_link" /><tag k="oneway" v="no" /></way><way changeset="1" id="1175579369" uid="1" user="OSMnx" visible="true" timestamp="2026-04-09T19:16:40Z" version="1"><nd ref="8502360910" /><nd ref="10279403401" /><tag k="highway" v="residential" /><tag k="oneway" v="no" /></way><way changeset="1" id="1175579370" uid="1" user="OSMnx" visible="true" timestamp="2026-04-09T19:16:40Z" version="1"><nd ref="10279403401" /><nd ref="10279403402" /><tag k="highway" v="residential" /><tag k="oneway" v="no" /></way><way changeset="1" id="1175878730" uid="1" user="OSMnx" visible="true" timestamp="2026-04-09T19:16:40Z" version="1"><nd ref="10926096988" /><nd ref="10926096989" /><nd ref="10926096991" /><tag k="highway" v="residential" /><tag k="oneway" v="no" /></way><way changeset="1" id="1176129537" uid="1" user="OSMnx" visible="true" timestamp="2026-04-09T19:16:40Z" version="1"><nd ref="6616506108" /><nd ref="10927956001" /><tag k="highway" v="residential" /><tag k="oneway" v="no" /></way><way changeset="1" id="1177213487" uid="1" user="OSMnx" visible="true" timestamp="2026-04-09T19:16:40Z" version="1"><nd ref="10936631362" /><nd ref="10936631363" /><tag k="highway" v="residential" /><tag k="oneway" v="no" /></way><way changeset="1" id="1177214230" uid="1" user="OSMnx" visible="true" timestamp="2026-04-09T19:16:40Z" version="1"><nd ref="10936635289" /><nd ref="10936635290" /><nd ref="10936635291" /><nd ref="10936635292" /><nd ref="10936635293" /><nd ref="10936635294" /><nd ref="10936635295" /><nd ref="10936635296" /><tag k="highway" v="residential" /><tag k="oneway" v="no" /></way><way changeset="1" id="1177223164" uid="1" user="OSMnx" visible="true" timestamp="2026-04-09T19:16:40Z" version="1"><nd ref="10936688068" /><nd ref="10936688069" /><nd ref="10936688070" /><nd ref="10936688071" /><nd ref="10936688072" /><nd ref="10936688073" /><nd ref="10936688074" /><tag k="highway" v="living_street" /><tag k="oneway" v="no" /></way><way changeset="1" id="1177557152" uid="1" user="OSMnx" visible="true" timestamp="2026-04-09T19:16:40Z" version="1"><nd ref="1960735021" /><nd ref="10939566850" /><nd ref="10939566846" /><nd ref="10939566847" /><nd ref="10939566848" /><nd ref="10939566849" /><tag k="highway" v="residential" /><tag k="oneway" v="no" /></way><way changeset="1" id="1177768090" uid="1" user="OSMnx" visible="true" timestamp="2026-04-09T19:16:40Z" version="1"><nd ref="2227587523" /><nd ref="1960735077" /><nd ref="7350403537" /><tag k="highway" v="residential" /><tag k="oneway" v="no" /></way><way changeset="1" id="1178261626" uid="1" user="OSMnx" visible="true" timestamp="2026-04-09T19:16:40Z" version="1"><nd ref="10945734220" /><nd ref="10945734221" /><nd ref="10945734222" /><nd ref="10945734223" /><nd ref="10945734224" /><tag k="highway" v="residential" /><tag k="oneway" v="no" /></way><way changeset="1" id="1186667052" uid="1" user="OSMnx" visible="true" timestamp="2026-04-09T19:16:40Z" version="1"><nd ref="10926096991" /><nd ref="11021397199" /><nd ref="11021397200" /><nd ref="11021397201" /><nd ref="11021397202" /><nd ref="11021397203" /><nd ref="11021397204" /><tag k="highway" v="residential" /><tag k="oneway" v="no" /></way><way changeset="1" id="1186669015" uid="1" user="OSMnx" visible="true" timestamp="2026-04-09T19:16:40Z" version="1"><nd ref="11021416385" /><nd ref="11021416386" /><nd ref="11021416387" /><nd ref="11021416388" /><nd ref="11021416389" /><nd ref="11021416390" /><nd ref="11021416391" /><nd ref="11021416392" /><nd ref="11021416393" /><nd ref="11021416394" /><nd ref="11021416395" /><nd ref="11021416399" /><nd ref="11021416398" /><nd ref="11021416397" /><nd ref="11021416396" /><nd ref="4367762063" /><tag k="highway" v="residential" /><tag k="oneway" v="no" /></way><way changeset="1" id="1186857147" uid="1" user="OSMnx" visible="true" timestamp="2026-04-09T19:16:40Z" version="1"><nd ref="11022688854" /><nd ref="11022688855" /><tag k="highway" v="residential" /><tag k="oneway" v="no" /></way><way changeset="1" id="1186857187" uid="1" user="OSMnx" visible="true" timestamp="2026-04-09T19:16:40Z" version="1"><nd ref="11022703416" /><nd ref="11022703417" /><nd ref="11022703418" /><nd ref="11022703419" /><nd ref="11022703420" /><nd ref="4367762066" /><nd ref="11022703421" /><tag k="highway" v="residential" /><tag k="oneway" v="no" /></way><way changeset="1" id="1187581601" uid="1" user="OSMnx" visible="true" timestamp="2026-04-09T19:16:40Z" version="1"><nd ref="11027591132" /><nd ref="2230882412" /><tag k="highway" v="residential" /><tag k="oneway" v="no" /></way><way changeset="1" id="1187581602" uid="1" user="OSMnx" visible="true" timestamp="2026-04-09T19:16:40Z" version="1"><nd ref="8324952852" /><nd ref="9921164768" /><tag k="highway" v="residential" /><tag k="oneway" v="no" /></way><way changeset="1" id="1187581611" uid="1" user="OSMnx" visible="true" timestamp="2026-04-09T19:16:40Z" version="1"><nd ref="7366340622" /><nd ref="8336655676" /><nd ref="7366248532" /><nd ref="8305682480" /><nd ref="11027591140" /><tag k="highway" v="secondary" /><tag k="oneway" v="no" /><tag k="name" v="Glady's Alwares Avenue" /><tag k="lanes" v="3" /></way><way changeset="1" id="1187581612" uid="1" user="OSMnx" visible="true" timestamp="2026-04-09T19:16:40Z" version="1"><nd ref="11027591140" /><nd ref="11027591139" /><tag k="bridge" v="yes" /><tag k="highway" v="secondary" /><tag k="oneway" v="no" /><tag k="name" v="Glady's Alwares Avenue" /><tag k="lanes" v="3" /></way><way changeset="1" id="1187837381" uid="1" user="OSMnx" visible="true" timestamp="2026-04-09T19:16:40Z" version="1"><nd ref="11029992546" /><nd ref="11029992547" /><tag k="highway" v="residential" /><tag k="oneway" v="no" /></way><way changeset="1" id="1187838406" uid="1" user="OSMnx" visible="true" timestamp="2026-04-09T19:16:40Z" version="1"><nd ref="11135854326" /><nd ref="11030019919" /><nd ref="11030019920" /><nd ref="11030019921" /><nd ref="11030019922" /><nd ref="11030019923" /><tag k="highway" v="residential" /><tag k="oneway" v="no" /></way><way changeset="1" id="1188786119" uid="1" user="OSMnx" visible="true" timestamp="2026-04-09T19:16:40Z" version="1"><nd ref="11038544941" /><nd ref="11038544942" /><nd ref="11038544943" /><tag k="highway" v="residential" /><tag k="oneway" v="no" /></way><way changeset="1" id="1188787376" uid="1" user="OSMnx" visible="true" timestamp="2026-04-09T19:16:40Z" version="1"><nd ref="7330879069" /><nd ref="11038529996" /><tag k="highway" v="residential" /><tag k="oneway" v="no" /></way><way changeset="1" id="1188787931" uid="1" user="OSMnx" visible="true" timestamp="2026-04-09T19:16:40Z" version="1"><nd ref="11038567807" /><nd ref="11038567808" /><tag k="highway" v="residential" /><tag k="oneway" v="no" /></way><way changeset="1" id="1188788586" uid="1" user="OSMnx" visible="true" timestamp="2026-04-09T19:16:40Z" version="1"><nd ref="11155459704" /><nd ref="11038561583" /><nd ref="11038561584" /><nd ref="11038561585" /><tag k="highway" v="residential" /><tag k="oneway" v="no" /></way><way changeset="1" id="1188909409" uid="1" user="OSMnx" visible="true" timestamp="2026-04-09T19:16:40Z" version="1"><nd ref="10091428554" /><nd ref="12793994510" /><nd ref="9992157036" /><tag k="highway" v="tertiary" /><tag k="oneway" v="no" /><tag k="name" v="Service Road" /></way><way changeset="1" id="1189083379" uid="1" user="OSMnx" visible="true" timestamp="2026-04-09T19:16:40Z" version="1"><nd ref="7400996211" /><nd ref="11041670916" /><nd ref="7400996212" /><nd ref="7400996213" /><nd ref="11041670909" /><nd ref="11041670910" /><nd ref="11041670911" /><nd ref="11041670912" /><nd ref="11041670913" /><nd ref="11041670914" /><nd ref="11041670915" /><tag k="highway" v="residential" /><tag k="oneway" v="no" /></way><way changeset="1" id="1189083674" uid="1" user="OSMnx" visible="true" timestamp="2026-04-09T19:16:40Z" version="1"><nd ref="11041586967" /><nd ref="11041586968" /><nd ref="11041586969" /><nd ref="11041586970" /><nd ref="11041586971" /><nd ref="11041586972" /><nd ref="11041586973" /><tag k="highway" v="residential" /><tag k="oneway" v="no" /></way><way changeset="1" id="1189300077" uid="1" user="OSMnx" visible="true" timestamp="2026-04-09T19:16:40Z" version="1"><nd ref="3587240002" /><nd ref="11043389076" /><nd ref="11043389075" /><nd ref="11043389077" /><nd ref="12759044592" /><tag k="highway" v="residential" /><tag k="oneway" v="no" /></way><way changeset="1" id="1189305517" uid="1" user="OSMnx" visible="true" timestamp="2026-04-09T19:16:40Z" version="1"><nd ref="11043432907" /><nd ref="11043432912" /><nd ref="11938975536" /><nd ref="11938975537" /><nd ref="11938975538" /><nd ref="11938975539" /><nd ref="11938975540" /><nd ref="11938975541" /><nd ref="11938975542" /><nd ref="11043432912" /><tag k="highway" v="residential" /><tag k="oneway" v="no" /></way><way changeset="1" id="1189305785" uid="1" user="OSMnx" visible="true" timestamp="2026-04-09T19:16:40Z" version="1"><nd ref="10232521184" /><nd ref="11043433628" /><tag k="highway" v="residential" /><tag k="oneway" v="no" /></way><way changeset="1" id="1189305786" uid="1" user="OSMnx" visible="true" timestamp="2026-04-09T19:16:40Z" version="1"><nd ref="11043433630" /><nd ref="11043433631" /><tag k="highway" v="residential" /><tag k="oneway" v="no" /></way><way changeset="1" id="1189305787" uid="1" user="OSMnx" visible="true" timestamp="2026-04-09T19:16:40Z" version="1"><nd ref="2228292559" /><nd ref="2228292557" /><tag k="highway" v="residential" /><tag k="oneway" v="no" /></way><way changeset="1" id="1189306221" uid="1" user="OSMnx" visible="true" timestamp="2026-04-09T19:16:40Z" version="1"><nd ref="11043428742" /><nd ref="11043428743" /><tag k="highway" v="residential" /><tag k="oneway" v="no" /></way><way changeset="1" id="1189306596" uid="1" user="OSMnx" visible="true" timestamp="2026-04-09T19:16:40Z" version="1"><nd ref="11043424231" /><nd ref="11043424232" /><nd ref="11043424233" /><tag k="highway" v="residential" /><tag k="oneway" v="no" /></way><way changeset="1" id="1189306597" uid="1" user="OSMnx" visible="true" timestamp="2026-04-09T19:16:40Z" version="1"><nd ref="11043424232" /><nd ref="11043424234" /><nd ref="11043424235" /><tag k="highway" v="residential" /><tag k="oneway" v="no" /></way><way changeset="1" id="1189309122" uid="1" user="OSMnx" visible="true" timestamp="2026-04-09T19:16:40Z" version="1"><nd ref="11043438395" /><nd ref="11043438396" /><nd ref="11043438397" /><nd ref="11043438398" /><tag k="highway" v="residential" /><tag k="oneway" v="no" /></way><way changeset="1" id="1189309530" uid="1" user="OSMnx" visible="true" timestamp="2026-04-09T19:16:40Z" version="1"><nd ref="11043433120" /><nd ref="11043433121" /><nd ref="11043433122" /><nd ref="11043433123" /><nd ref="11043433124" /><tag k="highway" v="residential" /><tag k="oneway" v="no" /></way><way changeset="1" id="1189309531" uid="1" user="OSMnx" visible="true" timestamp="2026-04-09T19:16:40Z" version="1"><nd ref="11043433123" /><nd ref="11043433125" /><nd ref="11043433126" /><nd ref="4367392899" /><tag k="highway" v="residential" /><tag k="oneway" v="no" /></way><way changeset="1" id="1189353078" uid="1" user="OSMnx" visible="true" timestamp="2026-04-09T19:16:40Z" version="1"><nd ref="11043822614" /><nd ref="11043822615" /><nd ref="11043822616" /><nd ref="11043822617" /><nd ref="11043822619" /><nd ref="11043822618" /><tag k="highway" v="living_street" /><tag k="oneway" v="no" /></way><way changeset="1" id="1189356070" uid="1" user="OSMnx" visible="true" timestamp="2026-04-09T19:16:40Z" version="1"><nd ref="11043817001" /><nd ref="6608862710" /><tag k="highway" v="residential" /><tag k="oneway" v="no" /></way><way changeset="1" id="1189358991" uid="1" user="OSMnx" visible="true" timestamp="2026-04-09T19:16:40Z" version="1"><nd ref="9880280480" /><nd ref="11925446545" /><nd ref="7374841009" /><tag k="highway" v="secondary" /><tag k="oneway" v="no" /><tag k="name" v="Pokhran Road 1" /></way><way changeset="1" id="1189358992" uid="1" user="OSMnx" visible="true" timestamp="2026-04-09T19:16:40Z" version="1"><nd ref="9880280479" /><nd ref="11043868453" /><nd ref="9880280480" /><tag k="highway" v="residential" /><tag k="oneway" v="no" /></way><way changeset="1" id="1189365181" uid="1" user="OSMnx" visible="true" timestamp="2026-04-09T19:16:40Z" version="1"><nd ref="7374824454" /><nd ref="7375425901" /><nd ref="1855304304" /><nd ref="2228292627" /><nd ref="10936818649" /><nd ref="10054380645" /><nd ref="11925478990" /><nd ref="4367349665" /><tag k="highway" v="secondary" /><tag k="oneway" v="no" /><tag k="name" v="Pokhran Road 1" /></way><way changeset="1" id="1189365182" uid="1" user="OSMnx" visible="true" timestamp="2026-04-09T19:16:40Z" version="1"><nd ref="11925478990" /><nd ref="6601948959" /><tag k="highway" v="secondary_link" /><tag k="oneway" v="no" /></way><way changeset="1" id="1190099534" uid="1" user="OSMnx" visible="true" timestamp="2026-04-09T19:16:40Z" version="1"><nd ref="2227587473" /><nd ref="11050435546" /><nd ref="11050435547" /><tag k="highway" v="residential" /><tag k="oneway" v="no" /></way><way changeset="1" id="1190111690" uid="1" user="OSMnx" visible="true" timestamp="2026-04-09T19:16:40Z" version="1"><nd ref="11050530236" /><nd ref="11050530237" /><tag k="highway" v="residential" /><tag k="oneway" v="no" /></way><way changeset="1" id="1190129028" uid="1" user="OSMnx" visible="true" timestamp="2026-04-09T19:16:40Z" version="1"><nd ref="11050675258" /><nd ref="11050675259" /><nd ref="11050675260" /><nd ref="11050675261" /><nd ref="11050675262" /><nd ref="11050675263" /><tag k="highway" v="residential" /><tag k="oneway" v="no" /></way><way changeset="1" id="1190129029" uid="1" user="OSMnx" visible="true" timestamp="2026-04-09T19:16:40Z" version="1"><nd ref="11050675261" /><nd ref="11050675264" /><nd ref="11050675265" /><nd ref="11050675266" /><tag k="highway" v="residential" /><tag k="oneway" v="no" /></way><way changeset="1" id="1190349606" uid="1" user="OSMnx" visible="true" timestamp="2026-04-09T19:16:40Z" version="1"><nd ref="9179808199" /><nd ref="9179808200" /><tag k="highway" v="residential" /><tag k="oneway" v="no" /></way><way changeset="1" id="1190351771" uid="1" user="OSMnx" visible="true" timestamp="2026-04-09T19:16:40Z" version="1"><nd ref="11052516881" /><nd ref="10945734223" /><tag k="highway" v="residential" /><tag k="oneway" v="no" /></way><way changeset="1" id="1190723403" uid="1" user="OSMnx" visible="true" timestamp="2026-04-09T19:16:40Z" version="1"><nd ref="11055872026" /><nd ref="11055872027" /><nd ref="11055872028" /><nd ref="11055872029" /><nd ref="11055872030" /><nd ref="11055872031" /><tag k="highway" v="residential" /><tag k="oneway" v="no" /></way><way changeset="1" id="1190747007" uid="1" user="OSMnx" visible="true" timestamp="2026-04-09T19:16:40Z" version="1"><nd ref="2230882237" /><nd ref="2230882244" /><nd ref="6616355190" /><tag k="highway" v="residential" /><tag k="oneway" v="no" /><tag k="name" v="Kensington Way" /></way><way changeset="1" id="1190754919" uid="1" user="OSMnx" visible="true" timestamp="2026-04-09T19:16:40Z" version="1"><nd ref="11056122710" /><nd ref="11056122711" /><nd ref="11056122712" /><nd ref="11056122713" /><nd ref="11056122734" /><nd ref="11056122733" /><nd ref="11056122714" /><nd ref="11056122715" /><nd ref="11056122716" /><nd ref="11056122717" /><nd ref="11056122718" /><nd ref="11056122731" /><nd ref="11056122740" /><nd ref="11056122719" /><nd ref="11056122750" /><nd ref="11056122720" /><nd ref="11056122721" /><nd ref="11056122722" /><nd ref="11056122723" /><nd ref="11056122724" /><nd ref="11056122732" /><nd ref="11056122725" /><nd ref="11056122726" /><nd ref="11056122727" /><nd ref="11056122728" /><nd ref="11056122729" /><tag k="highway" v="residential" /><tag k="oneway" v="no" /></way><way changeset="1" id="1190754920" uid="1" user="OSMnx" visible="true" timestamp="2026-04-09T19:16:40Z" version="1"><nd ref="11056122711" /><nd ref="11056122739" /><nd ref="11056122735" /><nd ref="11056122736" /><nd ref="11056122737" /><nd ref="11056122738" /><nd ref="2228291981" /><tag k="highway" v="residential" /><tag k="oneway" v="no" /></way><way changeset="1" id="1190754921" uid="1" user="OSMnx" visible="true" timestamp="2026-04-09T19:16:40Z" version="1"><nd ref="11056122740" /><nd ref="11056122741" /><nd ref="11056122748" /><nd ref="11056122751" /><nd ref="11056122742" /><nd ref="11056122743" /><nd ref="11056122744" /><nd ref="11056122745" /><nd ref="11056122746" /><nd ref="11056122747" /><nd ref="11056122749" /><nd ref="2228291998" /><tag k="highway" v="residential" /><tag k="oneway" v="no" /></way><way changeset="1" id="1190767179" uid="1" user="OSMnx" visible="true" timestamp="2026-04-09T19:16:40Z" version="1"><nd ref="11056228477" /><nd ref="11056228478" /><tag k="highway" v="residential" /><tag k="oneway" v="no" /></way><way changeset="1" id="1190804915" uid="1" user="OSMnx" visible="true" timestamp="2026-04-09T19:16:40Z" version="1"><nd ref="7366380230" /><nd ref="10251547848" /><nd ref="7366380229" /><tag k="highway" v="tertiary" /><tag k="oneway" v="no" /><tag k="name" v="Dhokali Road" /></way><way changeset="1" id="1190804916" uid="1" user="OSMnx" visible="true" timestamp="2026-04-09T19:16:40Z" version="1"><nd ref="2227587456" /><nd ref="7366380229" /><tag k="highway" v="residential" /><tag k="oneway" v="no" /></way><way changeset="1" id="1191582681" uid="1" user="OSMnx" visible="true" timestamp="2026-04-09T19:16:40Z" version="1"><nd ref="11063155340" /><nd ref="11063155341" /><tag k="highway" v="residential" /><tag k="oneway" v="no" /></way><way changeset="1" id="1191582682" uid="1" user="OSMnx" visible="true" timestamp="2026-04-09T19:16:40Z" version="1"><nd ref="11063155341" /><nd ref="10117863534" /><tag k="highway" v="residential" /><tag k="oneway" v="no" /></way><way changeset="1" id="1192235651" uid="1" user="OSMnx" visible="true" timestamp="2026-04-09T19:16:40Z" version="1"><nd ref="7398093901" /><nd ref="11068150705" /><nd ref="11068150706" /><nd ref="11068150707" /><nd ref="11068150708" /><nd ref="11068150709" /><nd ref="11068150710" /><nd ref="11068150711" /><nd ref="11068150712" /><nd ref="11068150713" /><nd ref="11068150714" /><nd ref="11068150715" /><nd ref="11068150716" /><nd ref="11068150717" /><tag k="highway" v="residential" /><tag k="oneway" v="no" /></way><way changeset="1" id="1192252949" uid="1" user="OSMnx" visible="true" timestamp="2026-04-09T19:16:40Z" version="1"><nd ref="11068224888" /><nd ref="11068224889" /><nd ref="11068224890" /><nd ref="11068224891" /><nd ref="2491194122" /><tag k="highway" v="tertiary" /><tag k="oneway" v="no" /><tag k="name" v="Ghodbunder Service Road" /></way><way changeset="1" id="1192256866" uid="1" user="OSMnx" visible="true" timestamp="2026-04-09T19:16:40Z" version="1"><nd ref="11068260186" /><nd ref="11068260187" /><nd ref="11068260188" /><tag k="highway" v="living_street" /><tag k="oneway" v="no" /></way><way changeset="1" id="1192341104" uid="1" user="OSMnx" visible="true" timestamp="2026-04-09T19:16:40Z" version="1"><nd ref="11068720745" /><nd ref="11068720746" /><nd ref="11068720747" /><tag k="highway" v="residential" /><tag k="oneway" v="no" /></way><way changeset="1" id="1192576996" uid="1" user="OSMnx" visible="true" timestamp="2026-04-09T19:16:40Z" version="1"><nd ref="11070599636" /><nd ref="11070599637" /><nd ref="11070599639" /><nd ref="11070599638" /><tag k="highway" v="residential" /><tag k="oneway" v="no" /></way><way changeset="1" id="1192576997" uid="1" user="OSMnx" visible="true" timestamp="2026-04-09T19:16:40Z" version="1"><nd ref="11070599639" /><nd ref="11070599640" /><nd ref="11070599641" /><tag k="highway" v="residential" /><tag k="oneway" v="no" /></way><way changeset="1" id="1192831779" uid="1" user="OSMnx" visible="true" timestamp="2026-04-09T19:16:40Z" version="1"><nd ref="7123985971" /><nd ref="10713480679" /><nd ref="10713480681" /><nd ref="12073029045" /><nd ref="10713480682" /><tag k="highway" v="tertiary" /><tag k="oneway" v="no" /><tag k="name" v="Victoria Avenue" /><tag k="lanes" v="2" /></way><way changeset="1" id="1192831780" uid="1" user="OSMnx" visible="true" timestamp="2026-04-09T19:16:40Z" version="1"><nd ref="1960735225" /><nd ref="10713480682" /><tag k="highway" v="residential" /><tag k="oneway" v="no" /></way><way changeset="1" id="1193456346" uid="1" user="OSMnx" visible="true" timestamp="2026-04-09T19:16:40Z" version="1"><nd ref="7345834184" /><nd ref="7345834138" /><nd ref="8637519674" /><nd ref="13284877507" /><nd ref="13284877503" /><nd ref="619143463" /><tag k="highway" v="secondary" /><tag k="oneway" v="no" /><tag k="name" v="Saket - Kalwa Road" /></way><way changeset="1" id="1201036066" uid="1" user="OSMnx" visible="true" timestamp="2026-04-09T19:16:40Z" version="1"><nd ref="11135854326" /><nd ref="11135854327" /><nd ref="4367762045" /><tag k="highway" v="residential" /><tag k="oneway" v="no" /></way><way changeset="1" id="1207952779" uid="1" user="OSMnx" visible="true" timestamp="2026-04-09T19:16:40Z" version="1"><nd ref="4368932831" /><nd ref="4368932832" /><nd ref="10310857444" /><tag k="highway" v="living_street" /><tag k="oneway" v="no" /></way><way changeset="1" id="1211566212" uid="1" user="OSMnx" visible="true" timestamp="2026-04-09T19:16:40Z" version="1"><nd ref="6604559419" /><nd ref="1960734812" /><nd ref="5923939966" /><nd ref="5741272928" /><nd ref="414731700" /><tag k="highway" v="primary" /><tag k="oneway" v="no" /><tag k="name" v="Thane Ghodbunder Road" /><tag k="ref" v="SH42" /></way><way changeset="1" id="1212934543" uid="1" user="OSMnx" visible="true" timestamp="2026-04-09T19:16:40Z" version="1"><nd ref="5923939966" /><nd ref="5923939965" /><nd ref="5923939964" /><nd ref="5923939963" /><tag k="highway" v="tertiary" /><tag k="oneway" v="no" /></way><way changeset="1" id="1214249418" uid="1" user="OSMnx" visible="true" timestamp="2026-04-09T19:16:40Z" version="1"><nd ref="8639680047" /><nd ref="11021397204" /><nd ref="12658280372" /><nd ref="12658280371" /><nd ref="7400430355" /><tag k="highway" v="residential" /><tag k="oneway" v="no" /></way><way changeset="1" id="1214250241" uid="1" user="OSMnx" visible="true" timestamp="2026-04-09T19:16:40Z" version="1"><nd ref="3610425595" /><nd ref="11250377491" /><nd ref="7400430348" /><tag k="highway" v="residential" /><tag k="oneway" v="no" /></way><way changeset="1" id="1214250242" uid="1" user="OSMnx" visible="true" timestamp="2026-04-09T19:16:40Z" version="1"><nd ref="11250377492" /><nd ref="11250377493" /><nd ref="7400430345" /><tag k="highway" v="residential" /><tag k="oneway" v="no" /></way><way changeset="1" id="1217677126" uid="1" user="OSMnx" visible="true" timestamp="2026-04-09T19:16:40Z" version="1"><nd ref="4367331984" /><nd ref="7280128610" /><nd ref="12794003686" /><nd ref="9904682632" /><nd ref="12794003689" /><tag k="highway" v="secondary" /><tag k="oneway" v="no" /><tag k="name" v="Pokhran Road 2" /></way><way changeset="1" id="1217677127" uid="1" user="OSMnx" visible="true" timestamp="2026-04-09T19:16:40Z" version="1"><nd ref="4367331984" /><nd ref="6616073406" /><tag k="highway" v="residential" /><tag k="oneway" v="no" /></way><way changeset="1" id="1217680247" uid="1" user="OSMnx" visible="true" timestamp="2026-04-09T19:16:40Z" version="1"><nd ref="8495434486" /><nd ref="8495434498" /><tag k="highway" v="residential" /><tag k="oneway" v="no" /></way><way changeset="1" id="1219477070" uid="1" user="OSMnx" visible="true" timestamp="2026-04-09T19:16:40Z" version="1"><nd ref="6615822812" /><nd ref="11299520180" /><tag k="highway" v="residential" /><tag k="oneway" v="no" /></way><way changeset="1" id="1229992423" uid="1" user="OSMnx" visible="true" timestamp="2026-04-09T19:16:40Z" version="1"><nd ref="1960734457" /><nd ref="1960734455" /><nd ref="11939157089" /><nd ref="11939157090" /><nd ref="1180435752" /><tag k="highway" v="trunk_link" /><tag k="oneway" v="no" /></way><way changeset="1" id="1230784341" uid="1" user="OSMnx" visible="true" timestamp="2026-04-09T19:16:40Z" version="1"><nd ref="1960734636" /><nd ref="10172868171" /><tag k="highway" v="residential" /><tag k="oneway" v="no" /></way><way changeset="1" id="1230784342" uid="1" user="OSMnx" visible="true" timestamp="2026-04-09T19:16:40Z" version="1"><nd ref="13651669409" /><nd ref="13651669410" /><nd ref="2230881757" /><nd ref="2230881736" /><nd ref="2230881725" /><nd ref="13651669411" /><tag k="highway" v="residential" /><tag k="oneway" v="no" /><tag k="name" v="Vartak Nagar" /></way><way changeset="1" id="1285473936" uid="1" user="OSMnx" visible="true" timestamp="2026-04-09T19:16:40Z" version="1"><nd ref="9925314969" /><nd ref="9925314965" /><tag k="highway" v="secondary" /><tag k="oneway" v="no" /></way><way changeset="1" id="1285473937" uid="1" user="OSMnx" visible="true" timestamp="2026-04-09T19:16:40Z" version="1"><nd ref="9925314965" /><nd ref="9925314950" /><tag k="highway" v="secondary" /><tag k="oneway" v="no" /></way><way changeset="1" id="1285473938" uid="1" user="OSMnx" visible="true" timestamp="2026-04-09T19:16:40Z" version="1"><nd ref="9925314962" /><nd ref="9925314969" /><tag k="highway" v="secondary" /><tag k="oneway" v="no" /></way><way changeset="1" id="1285479497" uid="1" user="OSMnx" visible="true" timestamp="2026-04-09T19:16:40Z" version="1"><nd ref="414730069" /><nd ref="11924863416" /><tag k="highway" v="residential" /><tag k="oneway" v="no" /><tag k="name" v="Ashar Residency Road" /></way><way changeset="1" id="1285520950" uid="1" user="OSMnx" visible="true" timestamp="2026-04-09T19:16:40Z" version="1"><nd ref="6017562385" /><nd ref="2228429127" /><tag k="highway" v="residential" /><tag k="oneway" v="no" /></way><way changeset="1" id="1285520951" uid="1" user="OSMnx" visible="true" timestamp="2026-04-09T19:16:40Z" version="1"><nd ref="4367564017" /><nd ref="11925172558" /><tag k="highway" v="residential" /><tag k="oneway" v="no" /></way><way changeset="1" id="1285539066" uid="1" user="OSMnx" visible="true" timestamp="2026-04-09T19:16:40Z" version="1"><nd ref="11925288309" /><nd ref="11925288310" /><tag k="highway" v="secondary_link" /><tag k="oneway" v="no" /></way><way changeset="1" id="1285880340" uid="1" user="OSMnx" visible="true" timestamp="2026-04-09T19:16:40Z" version="1"><nd ref="11927873380" /><nd ref="11927873381" /><tag k="highway" v="secondary_link" /><tag k="oneway" v="no" /></way><way changeset="1" id="1287290213" uid="1" user="OSMnx" visible="true" timestamp="2026-04-09T19:16:40Z" version="1"><nd ref="414727656" /><nd ref="11938951570" /><tag k="highway" v="tertiary" /><tag k="oneway" v="no" /></way><way changeset="1" id="1287297284" uid="1" user="OSMnx" visible="true" timestamp="2026-04-09T19:16:40Z" version="1"><nd ref="2228292522" /><nd ref="11938975529" /><tag k="highway" v="primary_link" /><tag k="oneway" v="no" /></way><way changeset="1" id="1287297285" uid="1" user="OSMnx" visible="true" timestamp="2026-04-09T19:16:40Z" version="1"><nd ref="9925315030" /><nd ref="11938975530" /><tag k="highway" v="residential" /><tag k="oneway" v="no" /></way><way changeset="1" id="1287299556" uid="1" user="OSMnx" visible="true" timestamp="2026-04-09T19:16:40Z" version="1"><nd ref="9925315029" /><nd ref="11204877154" /><tag k="highway" v="primary_link" /><tag k="oneway" v="no" /></way><way changeset="1" id="1287316735" uid="1" user="OSMnx" visible="true" timestamp="2026-04-09T19:16:40Z" version="1"><nd ref="11939157084" /><nd ref="11939157085" /><tag k="highway" v="trunk_link" /><tag k="oneway" v="no" /></way><way changeset="1" id="1287320586" uid="1" user="OSMnx" visible="true" timestamp="2026-04-09T19:16:40Z" version="1"><nd ref="11939192242" /><nd ref="11939192243" /><nd ref="9684614894" /><tag k="highway" v="tertiary" /><tag k="oneway" v="no" /></way><way changeset="1" id="1287327340" uid="1" user="OSMnx" visible="true" timestamp="2026-04-09T19:16:40Z" version="1"><nd ref="11939223212" /><nd ref="11939223213" /><tag k="highway" v="trunk_link" /><tag k="oneway" v="no" /></way><way changeset="1" id="1287334940" uid="1" user="OSMnx" visible="true" timestamp="2026-04-09T19:16:40Z" version="1"><nd ref="5923939970" /><nd ref="10251547869" /><tag k="highway" v="tertiary" /><tag k="oneway" v="no" /></way><way changeset="1" id="1287334941" uid="1" user="OSMnx" visible="true" timestamp="2026-04-09T19:16:40Z" version="1"><nd ref="11939282085" /><nd ref="11939282086" /><tag k="highway" v="trunk_link" /><tag k="oneway" v="no" /></way><way changeset="1" id="1287334942" uid="1" user="OSMnx" visible="true" timestamp="2026-04-09T19:16:40Z" version="1"><nd ref="11939282084" /><nd ref="11939282087" /><tag k="highway" v="trunk_link" /><tag k="oneway" v="no" /></way><way changeset="1" id="1287337404" uid="1" user="OSMnx" visible="true" timestamp="2026-04-09T19:16:40Z" version="1"><nd ref="11939303082" /><nd ref="11939303083" /><nd ref="11939303084" /><nd ref="11939303088" /><nd ref="11939303085" /><nd ref="11939303086" /><tag k="highway" v="residential" /><tag k="oneway" v="no" /></way><way changeset="1" id="1287337405" uid="1" user="OSMnx" visible="true" timestamp="2026-04-09T19:16:40Z" version="1"><nd ref="11939303087" /><nd ref="11939303088" /><tag k="highway" v="residential" /><tag k="oneway" v="no" /></way><way changeset="1" id="1297321079" uid="1" user="OSMnx" visible="true" timestamp="2026-04-09T19:16:40Z" version="1"><nd ref="8460008417" /><nd ref="8460008418" /><tag k="highway" v="tertiary" /><tag k="oneway" v="no" /><tag k="name" v="Mission Drive" /></way><way changeset="1" id="1297321080" uid="1" user="OSMnx" visible="true" timestamp="2026-04-09T19:16:40Z" version="1"><nd ref="7280128666" /><nd ref="8552003570" /><nd ref="7280128664" /><tag k="highway" v="secondary" /><tag k="oneway" v="no" /><tag k="name" v="Hiranandani Meadows Circus" /><tag k="junction" v="roundabout" /></way><way changeset="1" id="1297321081" uid="1" user="OSMnx" visible="true" timestamp="2026-04-09T19:16:40Z" version="1"><nd ref="7123985976" /><nd ref="8552003573" /><nd ref="8364803916" /><tag k="highway" v="secondary" /><tag k="oneway" v="no" /><tag k="name" v="Hiranandani Meadows Circus" /><tag k="junction" v="roundabout" /></way><way changeset="1" id="1297321082" uid="1" user="OSMnx" visible="true" timestamp="2026-04-09T19:16:40Z" version="1"><nd ref="7280128664" /><nd ref="8552003569" /><nd ref="8552003575" /><nd ref="8552003574" /><nd ref="7123985976" /><tag k="highway" v="secondary" /><tag k="oneway" v="no" /><tag k="name" v="Hiranandani Meadows Circus" /><tag k="junction" v="roundabout" /></way><way changeset="1" id="1297321083" uid="1" user="OSMnx" visible="true" timestamp="2026-04-09T19:16:40Z" version="1"><nd ref="9203147555" /><nd ref="7280128643" /><nd ref="7280128644" /><nd ref="9203147554" /><tag k="highway" v="secondary" /><tag k="oneway" v="no" /><tag k="junction" v="roundabout" /></way><way changeset="1" id="1297321084" uid="1" user="OSMnx" visible="true" timestamp="2026-04-09T19:16:40Z" version="1"><nd ref="9203147550" /><nd ref="9203147558" /><nd ref="9203147557" /><nd ref="7280128658" /><nd ref="8476187284" /><nd ref="9203147556" /><nd ref="8564342807" /><nd ref="7280128649" /><nd ref="7280128650" /><nd ref="7280128642" /><nd ref="9203147555" /><tag k="highway" v="secondary" /><tag k="oneway" v="no" /><tag k="junction" v="roundabout" /></way><way changeset="1" id="1297321085" uid="1" user="OSMnx" visible="true" timestamp="2026-04-09T19:16:40Z" version="1"><nd ref="9203147551" /><nd ref="7280128646" /><nd ref="9203147559" /><nd ref="7280128647" /><nd ref="7280128648" /><nd ref="9203147550" /><tag k="highway" v="secondary" /><tag k="oneway" v="no" /><tag k="junction" v="roundabout" /></way><way changeset="1" id="1299085431" uid="1" user="OSMnx" visible="true" timestamp="2026-04-09T19:16:40Z" version="1"><nd ref="1960733730" /><nd ref="1960733734" /><tag k="highway" v="primary" /><tag k="oneway" v="no" /><tag k="name" v="Lal Bahadur Shastri Marg" /></way><way changeset="1" id="1301051659" uid="1" user="OSMnx" visible="true" timestamp="2026-04-09T19:16:40Z" version="1"><nd ref="7010109325" /><nd ref="6802445273" /><nd ref="7010109326" /><tag k="highway" v="primary" /><tag k="oneway" v="no" /><tag k="name" v="Castle Mill Road" /><tag k="junction" v="roundabout" /></way><way changeset="1" id="1301051660" uid="1" user="OSMnx" visible="true" timestamp="2026-04-09T19:16:40Z" version="1"><nd ref="7010109339" /><nd ref="7010109338" /><nd ref="7010109324" /><nd ref="8543092093" /><nd ref="7010109325" /><tag k="highway" v="primary" /><tag k="oneway" v="no" /><tag k="name" v="Castle Mill Road" /><tag k="junction" v="roundabout" /></way><way changeset="1" id="1301051662" uid="1" user="OSMnx" visible="true" timestamp="2026-04-09T19:16:40Z" version="1"><nd ref="7010109320" /><nd ref="7010109332" /><nd ref="8543092092" /><nd ref="414595023" /><nd ref="7010109333" /><nd ref="7010109334" /><nd ref="7010109335" /><nd ref="1960734099" /><nd ref="7010109336" /><nd ref="7010109337" /><nd ref="7010109339" /><tag k="highway" v="primary" /><tag k="oneway" v="no" /><tag k="name" v="Castle Mill Road" /><tag k="junction" v="roundabout" /></way><way changeset="1" id="1301051663" uid="1" user="OSMnx" visible="true" timestamp="2026-04-09T19:16:40Z" version="1"><nd ref="1960733734" /><nd ref="12088296504" /><nd ref="1184122845" /><tag k="highway" v="primary" /><tag k="oneway" v="no" /><tag k="name" v="Lal Bahadur Shastri Marg" /></way><way changeset="1" id="1303632212" uid="1" user="OSMnx" visible="true" timestamp="2026-04-09T19:16:40Z" version="1"><nd ref="7330879065" /><nd ref="12072937791" /><tag k="highway" v="residential" /><tag k="oneway" v="no" /></way><way changeset="1" id="1303632213" uid="1" user="OSMnx" visible="true" timestamp="2026-04-09T19:16:40Z" version="1"><nd ref="12072937792" /><nd ref="2230881513" /><tag k="highway" v="residential" /><tag k="oneway" v="no" /></way><way changeset="1" id="1303632214" uid="1" user="OSMnx" visible="true" timestamp="2026-04-09T19:16:40Z" version="1"><nd ref="12072966781" /><nd ref="12072937793" /><tag k="highway" v="residential" /><tag k="oneway" v="no" /></way><way changeset="1" id="1303632215" uid="1" user="OSMnx" visible="true" timestamp="2026-04-09T19:16:40Z" version="1"><nd ref="12072966779" /><nd ref="12072937794" /><tag k="highway" v="residential" /><tag k="oneway" v="no" /></way><way changeset="1" id="1304965839" uid="1" user="OSMnx" visible="true" timestamp="2026-04-09T19:16:40Z" version="1"><nd ref="12086522486" /><nd ref="12086522487" /><tag k="highway" v="residential" /><tag k="oneway" v="no" /></way><way changeset="1" id="1304965840" uid="1" user="OSMnx" visible="true" timestamp="2026-04-09T19:16:40Z" version="1"><nd ref="9214906440" /><nd ref="12086522483" /><tag k="highway" v="residential" /><tag k="oneway" v="no" /></way><way changeset="1" id="1304972568" uid="1" user="OSMnx" visible="true" timestamp="2026-04-09T19:16:40Z" version="1"><nd ref="11066264177" /><nd ref="12086599750" /><tag k="highway" v="residential" /><tag k="oneway" v="no" /></way><way changeset="1" id="1304974495" uid="1" user="OSMnx" visible="true" timestamp="2026-04-09T19:16:40Z" version="1"><nd ref="2230882480" /><nd ref="12086604939" /><tag k="maxspeed" v="20" /><tag k="highway" v="residential" /><tag k="oneway" v="no" /></way><way changeset="1" id="1305035233" uid="1" user="OSMnx" visible="true" timestamp="2026-04-09T19:16:40Z" version="1"><nd ref="11022703419" /><nd ref="12087086185" /><nd ref="12087086187" /><nd ref="12087086186" /><tag k="highway" v="residential" /><tag k="oneway" v="no" /></way><way changeset="1" id="1305035234" uid="1" user="OSMnx" visible="true" timestamp="2026-04-09T19:16:40Z" version="1"><nd ref="12087086188" /><nd ref="12087086189" /><nd ref="12087086190" /><nd ref="7239257010" /><tag k="highway" v="residential" /><tag k="oneway" v="no" /></way><way changeset="1" id="1305163070" uid="1" user="OSMnx" visible="true" timestamp="2026-04-09T19:16:40Z" version="1"><nd ref="12088222126" /><nd ref="12088222127" /><nd ref="2228292462" /><tag k="highway" v="residential" /><tag k="oneway" v="no" /></way><way changeset="1" id="1307178910" uid="1" user="OSMnx" visible="true" timestamp="2026-04-09T19:16:40Z" version="1"><nd ref="13279739501" /><nd ref="12105638974" /><nd ref="13279653199" /><nd ref="12105638975" /><nd ref="12105638976" /><nd ref="12105638977" /><nd ref="13279653198" /><nd ref="12105638978" /><nd ref="12105638979" /><nd ref="13279653197" /><tag k="highway" v="residential" /><tag k="oneway" v="no" /></way><way changeset="1" id="1307178911" uid="1" user="OSMnx" visible="true" timestamp="2026-04-09T19:16:40Z" version="1"><nd ref="12105638981" /><nd ref="12105638982" /><nd ref="13279653200" /><nd ref="12105638983" /><nd ref="12105638984" /><nd ref="12105638975" /><tag k="highway" v="residential" /><tag k="oneway" v="no" /></way><way changeset="1" id="1314336672" uid="1" user="OSMnx" visible="true" timestamp="2026-04-09T19:16:40Z" version="1"><nd ref="4214654628" /><nd ref="4214654645" /><nd ref="5355360589" /><tag k="bridge" v="yes" /><tag k="highway" v="trunk_link" /><tag k="oneway" v="no" /><tag k="name" v="Majiwada-Kapurbawdi Flyover" /></way><way changeset="1" id="1314336673" uid="1" user="OSMnx" visible="true" timestamp="2026-04-09T19:16:40Z" version="1"><nd ref="7736315026" /><nd ref="1178760800" /><nd ref="1178760799" /><nd ref="414728865" /><nd ref="5865499833" /><tag k="bridge" v="yes" /><tag k="highway" v="trunk" /><tag k="oneway" v="no" /><tag k="name" v="Majiwada Flyover" /><tag k="lanes" v="3" /><tag k="ref" v="NH48" /></way><way changeset="1" id="1314339139" uid="1" user="OSMnx" visible="true" timestamp="2026-04-09T19:16:40Z" version="1"><nd ref="6802445263" /><nd ref="6802495490" /><tag k="highway" v="primary" /><tag k="oneway" v="no" /><tag k="name" v="Meenatai Thakrey Flyover" /></way><way changeset="1" id="1314339140" uid="1" user="OSMnx" visible="true" timestamp="2026-04-09T19:16:40Z" version="1"><nd ref="6802495507" /><nd ref="12165266525" /><nd ref="6802495517" /><tag k="highway" v="primary" /><tag k="oneway" v="no" /><tag k="name" v="Meenatai Thakrey Flyover" /></way><way changeset="1" id="1330642967" uid="1" user="OSMnx" visible="true" timestamp="2026-04-09T19:16:40Z" version="1"><nd ref="2227588318" /><nd ref="7366008440" /><nd ref="4233520855" /><nd ref="2227588233" /><nd ref="2227588210" /><nd ref="7366008438" /><nd ref="2227588200" /><tag k="highway" v="residential" /><tag k="oneway" v="no" /></way><way changeset="1" id="1338605273" uid="1" user="OSMnx" visible="true" timestamp="2026-04-09T19:16:40Z" version="1"><nd ref="12382238710" /><nd ref="12382238711" /><nd ref="12382238712" /><nd ref="12382238713" /><nd ref="12382238714" /><nd ref="6616246527" /><tag k="highway" v="residential" /><tag k="oneway" v="no" /></way><way changeset="1" id="1342311289" uid="1" user="OSMnx" visible="true" timestamp="2026-04-09T19:16:40Z" version="1"><nd ref="12418201715" /><nd ref="12418201716" /><nd ref="12418201717" /><nd ref="12418201718" /><nd ref="12418201719" /><nd ref="12418201720" /><nd ref="12418201721" /><tag k="highway" v="residential" /><tag k="oneway" v="no" /></way><way changeset="1" id="1342311290" uid="1" user="OSMnx" visible="true" timestamp="2026-04-09T19:16:40Z" version="1"><nd ref="8536663554" /><nd ref="2230882144" /><tag k="highway" v="residential" /><tag k="oneway" v="no" /></way><way changeset="1" id="1342311873" uid="1" user="OSMnx" visible="true" timestamp="2026-04-09T19:16:40Z" version="1"><nd ref="12418092180" /><nd ref="12418201715" /><tag k="highway" v="residential" /><tag k="oneway" v="no" /></way><way changeset="1" id="1342311874" uid="1" user="OSMnx" visible="true" timestamp="2026-04-09T19:16:40Z" version="1"><nd ref="12418201723" /><nd ref="12418092181" /><tag k="highway" v="residential" /><tag k="oneway" v="no" /></way><way changeset="1" id="1342319092" uid="1" user="OSMnx" visible="true" timestamp="2026-04-09T19:16:40Z" version="1"><nd ref="2227587312" /><nd ref="7944370280" /><tag k="highway" v="residential" /><tag k="oneway" v="no" /></way><way changeset="1" id="1342319093" uid="1" user="OSMnx" visible="true" timestamp="2026-04-09T19:16:40Z" version="1"><nd ref="11045698354" /><nd ref="2227587456" /><tag k="highway" v="residential" /><tag k="oneway" v="no" /></way><way changeset="1" id="1342319094" uid="1" user="OSMnx" visible="true" timestamp="2026-04-09T19:16:40Z" version="1"><nd ref="2227587312" /><nd ref="11135967630" /><tag k="highway" v="residential" /><tag k="oneway" v="no" /></way><way changeset="1" id="1342319855" uid="1" user="OSMnx" visible="true" timestamp="2026-04-09T19:16:40Z" version="1"><nd ref="12418263917" /><nd ref="12418263916" /><nd ref="12418263915" /><nd ref="10956959843" /><tag k="highway" v="residential" /><tag k="oneway" v="no" /></way><way changeset="1" id="1342322731" uid="1" user="OSMnx" visible="true" timestamp="2026-04-09T19:16:40Z" version="1"><nd ref="2899247168" /><nd ref="12417939385" /><tag k="highway" v="residential" /><tag k="oneway" v="no" /></way><way changeset="1" id="1342361697" uid="1" user="OSMnx" visible="true" timestamp="2026-04-09T19:16:40Z" version="1"><nd ref="12418878930" /><nd ref="12418343794" /><tag k="highway" v="residential" /><tag k="oneway" v="no" /></way><way changeset="1" id="1342363159" uid="1" user="OSMnx" visible="true" timestamp="2026-04-09T19:16:40Z" version="1"><nd ref="2899247176" /><nd ref="12418201719" /><tag k="highway" v="residential" /><tag k="oneway" v="no" /></way><way changeset="1" id="1342364851" uid="1" user="OSMnx" visible="true" timestamp="2026-04-09T19:16:40Z" version="1"><nd ref="7302192115" /><nd ref="12418201721" /><tag k="highway" v="residential" /><tag k="oneway" v="no" /></way><way changeset="1" id="1342364852" uid="1" user="OSMnx" visible="true" timestamp="2026-04-09T19:16:40Z" version="1"><nd ref="12418201721" /><nd ref="12417939385" /><nd ref="12418201722" /><nd ref="12418249573" /><nd ref="12418343794" /><nd ref="12418201723" /><tag k="highway" v="residential" /><tag k="oneway" v="no" /></way><way changeset="1" id="1342370706" uid="1" user="OSMnx" visible="true" timestamp="2026-04-09T19:16:40Z" version="1"><nd ref="8450022981" /><nd ref="12419059344" /><nd ref="10926246153" /><tag k="highway" v="residential" /><tag k="oneway" v="no" /></way><way changeset="1" id="1342370707" uid="1" user="OSMnx" visible="true" timestamp="2026-04-09T19:16:40Z" version="1"><nd ref="10926246153" /><nd ref="12419059343" /><nd ref="1960735081" /><tag k="maxspeed" v="30" /><tag k="highway" v="residential" /><tag k="oneway" v="no" /><tag k="name" v="Vasant Vihar Road" /></way><way changeset="1" id="1342387708" uid="1" user="OSMnx" visible="true" timestamp="2026-04-09T19:16:40Z" version="1"><nd ref="10923829174" /><nd ref="10279403396" /><nd ref="4233520834" /><tag k="highway" v="residential" /><tag k="oneway" v="no" /></way><way changeset="1" id="1357132411" uid="1" user="OSMnx" visible="true" timestamp="2026-04-09T19:16:40Z" version="1"><nd ref="5741272928" /><nd ref="1960734809" /><nd ref="1960734807" /><tag k="highway" v="trunk_link" /><tag k="oneway" v="no" /></way><way changeset="1" id="1371151235" uid="1" user="OSMnx" visible="true" timestamp="2026-04-09T19:16:40Z" version="1"><nd ref="12698657161" /><nd ref="5355360585" /><nd ref="12698657162" /><nd ref="12698657160" /><nd ref="12698657159" /><nd ref="12698657158" /><nd ref="8784839968" /><tag k="highway" v="tertiary" /><tag k="oneway" v="no" /></way><way changeset="1" id="1371151236" uid="1" user="OSMnx" visible="true" timestamp="2026-04-09T19:16:40Z" version="1"><nd ref="12698657162" /><nd ref="5355360586" /><tag k="highway" v="residential" /><tag k="oneway" v="no" /></way><way changeset="1" id="1371151237" uid="1" user="OSMnx" visible="true" timestamp="2026-04-09T19:16:40Z" version="1"><nd ref="12698657163" /><nd ref="4214654632" /><tag k="highway" v="trunk_link" /><tag k="oneway" v="no" /><tag k="name" v="Majiwada-Kapurbawdi Flyover" /></way><way changeset="1" id="1371151238" uid="1" user="OSMnx" visible="true" timestamp="2026-04-09T19:16:40Z" version="1"><nd ref="12698657165" /><nd ref="12698657164" /><tag k="highway" v="trunk_link" /><tag k="oneway" v="no" /></way><way changeset="1" id="1377974335" uid="1" user="OSMnx" visible="true" timestamp="2026-04-09T19:16:40Z" version="1"><nd ref="7366287339" /><nd ref="2227611201" /><nd ref="2227611199" /><nd ref="2227588022" /><nd ref="2227611193" /><nd ref="2227611189" /><nd ref="3587240002" /><tag k="highway" v="residential" /><tag k="oneway" v="no" /><tag k="name" v="Dhokali Village Inner Road" /></way><way changeset="1" id="1386518046" uid="1" user="OSMnx" visible="true" timestamp="2026-04-09T19:16:40Z" version="1"><nd ref="9203147536" /><nd ref="12852430696" /><nd ref="12852430697" /><tag k="highway" v="secondary_link" /><tag k="oneway" v="no" /><tag k="name" v="Pokhran Road 2" /></way><way changeset="1" id="1386518047" uid="1" user="OSMnx" visible="true" timestamp="2026-04-09T19:16:40Z" version="1"><nd ref="12852441402" /><nd ref="12852441401" /><nd ref="12852430700" /><nd ref="12852430698" /><nd ref="12852430699" /><nd ref="9203147537" /><tag k="highway" v="secondary_link" /><tag k="oneway" v="no" /><tag k="name" v="Pokhran Road 2" /></way><way changeset="1" id="1396138180" uid="1" user="OSMnx" visible="true" timestamp="2026-04-09T19:16:40Z" version="1"><nd ref="4367377485" /><nd ref="12922544491" /><nd ref="12922544499" /><nd ref="12922544492" /><nd ref="12922544493" /><nd ref="12922587403" /><nd ref="12922544494" /><nd ref="12922544495" /><nd ref="12922544500" /><nd ref="12922544496" /><nd ref="12922544497" /><nd ref="12922587401" /><nd ref="12922544498" /><nd ref="12922587402" /><nd ref="12922544491" /><tag k="highway" v="residential" /><tag k="oneway" v="no" /></way><way changeset="1" id="1414034177" uid="1" user="OSMnx" visible="true" timestamp="2026-04-09T19:16:40Z" version="1"><nd ref="12993876261" /><nd ref="12993876260" /><nd ref="12993876259" /><tag k="highway" v="tertiary" /><tag k="oneway" v="no" /></way><way changeset="1" id="1416241810" uid="1" user="OSMnx" visible="true" timestamp="2026-04-09T19:16:40Z" version="1"><nd ref="9726454232" /><nd ref="9726454233" /><tag k="maxspeed" v="50" /><tag k="highway" v="tertiary" /><tag k="oneway" v="no" /><tag k="name" v="Kolshet Road" /><tag k="lanes" v="4" /></way><way changeset="1" id="1416241811" uid="1" user="OSMnx" visible="true" timestamp="2026-04-09T19:16:40Z" version="1"><nd ref="7331353175" /><nd ref="7331353176" /><tag k="maxspeed" v="50" /><tag k="highway" v="tertiary" /><tag k="oneway" v="no" /><tag k="name" v="Kolshet Road" /><tag k="lanes" v="4" /></way><way changeset="1" id="1416241812" uid="1" user="OSMnx" visible="true" timestamp="2026-04-09T19:16:40Z" version="1"><nd ref="7331353176" /><nd ref="8502145385" /><nd ref="7366287329" /><tag k="maxspeed" v="50" /><tag k="highway" v="tertiary" /><tag k="oneway" v="no" /><tag k="name" v="Kolshet Road" /><tag k="lanes" v="4" /></way><way changeset="1" id="1429895816" uid="1" user="OSMnx" visible="true" timestamp="2026-04-09T19:16:40Z" version="1"><nd ref="9904682624" /><nd ref="1960734938" /><tag k="highway" v="tertiary" /><tag k="oneway" v="no" /><tag k="name" v="Prabhakar Kunte Marg" /><tag k="lanes" v="2" /></way><way changeset="1" id="1429895823" uid="1" user="OSMnx" visible="true" timestamp="2026-04-09T19:16:40Z" version="1"><nd ref="13143942413" /><nd ref="10939719987" /><tag k="highway" v="residential" /><tag k="oneway" v="no" /></way><way changeset="1" id="1430823664" uid="1" user="OSMnx" visible="true" timestamp="2026-04-09T19:16:40Z" version="1"><nd ref="7331361956" /><nd ref="7331361954" /><tag k="highway" v="residential" /><tag k="oneway" v="no" /></way><way changeset="1" id="1431432359" uid="1" user="OSMnx" visible="true" timestamp="2026-04-09T19:16:40Z" version="1"><nd ref="1184122864" /><nd ref="1184122844" /><nd ref="10936471326" /><nd ref="1184122858" /><nd ref="11043384446" /><nd ref="1184122867" /><nd ref="1184122854" /><nd ref="1184122840" /><tag k="highway" v="tertiary" /><tag k="oneway" v="no" /><tag k="name" v="Runwal Nagar Road" /></way><way changeset="1" id="1432230896" uid="1" user="OSMnx" visible="true" timestamp="2026-04-09T19:16:40Z" version="1"><nd ref="13164727360" /><nd ref="13164727361" /><tag k="highway" v="trunk_link" /><tag k="oneway" v="no" /></way><way changeset="1" id="1447924867" uid="1" user="OSMnx" visible="true" timestamp="2026-04-09T19:16:40Z" version="1"><nd ref="13284877509" /><nd ref="6616506094" /><tag k="highway" v="residential" /><tag k="oneway" v="no" /></way><way changeset="1" id="1447924868" uid="1" user="OSMnx" visible="true" timestamp="2026-04-09T19:16:40Z" version="1"><nd ref="13284877512" /><nd ref="13284877506" /><nd ref="13284877507" /><nd ref="13284877508" /><tag k="highway" v="residential" /><tag k="oneway" v="no" /></way><way changeset="1" id="1447924869" uid="1" user="OSMnx" visible="true" timestamp="2026-04-09T19:16:40Z" version="1"><nd ref="13284877513" /><nd ref="13284877512" /><tag k="bridge" v="yes" /><tag k="highway" v="residential" /><tag k="oneway" v="no" /></way><way changeset="1" id="1449566342" uid="1" user="OSMnx" visible="true" timestamp="2026-04-09T19:16:40Z" version="1"><nd ref="10216996385" /><nd ref="10216996388" /><nd ref="10216996387" /><nd ref="10216996386" /><tag k="highway" v="residential" /><tag k="oneway" v="no" /></way><way changeset="1" id="1449566343" uid="1" user="OSMnx" visible="true" timestamp="2026-04-09T19:16:40Z" version="1"><nd ref="6117687125" /><nd ref="10216996385" /><tag k="highway" v="residential" /><tag k="oneway" v="no" /></way><way changeset="1" id="1450214782" uid="1" user="OSMnx" visible="true" timestamp="2026-04-09T19:16:40Z" version="1"><nd ref="10279453011" /><nd ref="13301331431" /><nd ref="13301331435" /><nd ref="13301331432" /><nd ref="13301331433" /><tag k="highway" v="residential" /><tag k="oneway" v="no" /><tag k="name" v="Kusumagraj Marg" /></way><way changeset="1" id="1451616095" uid="1" user="OSMnx" visible="true" timestamp="2026-04-09T19:16:40Z" version="1"><nd ref="13313410284" /><nd ref="6802445275" /><tag k="highway" v="primary" /><tag k="oneway" v="no" /><tag k="name" v="Castle mill flyover" /><tag k="lanes" v="2" /></way><way changeset="1" id="1452595977" uid="1" user="OSMnx" visible="true" timestamp="2026-04-09T19:16:40Z" version="1"><nd ref="4367349660" /><nd ref="13321758011" /><nd ref="7375293993" /><tag k="highway" v="residential" /><tag k="oneway" v="no" /></way><way changeset="1" id="1455763500" uid="1" user="OSMnx" visible="true" timestamp="2026-04-09T19:16:40Z" version="1"><nd ref="4415553700" /><nd ref="13633937433" /><nd ref="12591896952" /><nd ref="8448787209" /><nd ref="8321932693" /><nd ref="11070573904" /><nd ref="4213259528" /><tag k="highway" v="tertiary" /><tag k="oneway" v="no" /><tag k="name" v="Ghodbunder Service Road" /></way><way changeset="1" id="1455763501" uid="1" user="OSMnx" visible="true" timestamp="2026-04-09T19:16:40Z" version="1"><nd ref="11068224888" /><nd ref="5865499855" /><tag k="highway" v="primary" /><tag k="oneway" v="no" /><tag k="name" v="Thane Ghodbunder Road" /><tag k="ref" v="SH42" /></way><way changeset="1" id="1455763502" uid="1" user="OSMnx" visible="true" timestamp="2026-04-09T19:16:40Z" version="1"><nd ref="7401301587" /><nd ref="1960735159" /><nd ref="9350865413" /><nd ref="11043878378" /><nd ref="10228068776" /><nd ref="11045699578" /><nd ref="2838923024" /><nd ref="11045699573" /><nd ref="11043807261" /><nd ref="11043807265" /><nd ref="10310493149" /><nd ref="10310493159" /><nd ref="9674431503" /><nd ref="10310493154" /><nd ref="10281746145" /><nd ref="9900962686" /><nd ref="12088316418" /><nd ref="12088316423" /><nd ref="13671621834" /><tag k="highway" v="tertiary" /><tag k="oneway" v="no" /><tag k="name" v="Ghodbunder Service Road" /></way><way changeset="1" id="1457059970" uid="1" user="OSMnx" visible="true" timestamp="2026-04-09T19:16:40Z" version="1"><nd ref="13362959829" /><nd ref="13362959830" /><nd ref="13362959831" /><nd ref="13362959836" /><nd ref="13362959832" /><nd ref="13362959833" /><nd ref="13362959834" /><tag k="highway" v="tertiary" /><tag k="oneway" v="no" /></way><way changeset="1" id="1457059971" uid="1" user="OSMnx" visible="true" timestamp="2026-04-09T19:16:40Z" version="1"><nd ref="13362959834" /><nd ref="13362959835" /><nd ref="11047647254" /><nd ref="8562394768" /><nd ref="7371534265" /><nd ref="7334296263" /><nd ref="7366287329" /><tag k="highway" v="tertiary" /><tag k="oneway" v="no" /><tag k="name" v="Akbar Camp Road" /></way><way changeset="1" id="1457059972" uid="1" user="OSMnx" visible="true" timestamp="2026-04-09T19:16:40Z" version="1"><nd ref="13362959836" /><nd ref="13362959837" /><nd ref="13362959840" /><nd ref="13362959838" /><nd ref="13362959839" /><tag k="highway" v="residential" /><tag k="oneway" v="no" /></way><way changeset="1" id="1457062062" uid="1" user="OSMnx" visible="true" timestamp="2026-04-09T19:16:40Z" version="1"><nd ref="13415105369" /><nd ref="4213259528" /><tag k="highway" v="residential" /><tag k="oneway" v="no" /><tag k="name" v="Khewra circle marg" /></way><way changeset="1" id="1457062063" uid="1" user="OSMnx" visible="true" timestamp="2026-04-09T19:16:40Z" version="1"><nd ref="8493462489" /><nd ref="6116158103" /><nd ref="13633804946" /><nd ref="11043323196" /><nd ref="6116158104" /><nd ref="4213259528" /><tag k="highway" v="tertiary" /><tag k="oneway" v="no" /><tag k="name" v="Ghodbunder Service Road" /></way><way changeset="1" id="1457062064" uid="1" user="OSMnx" visible="true" timestamp="2026-04-09T19:16:40Z" version="1"><nd ref="9214918869" /><nd ref="3585770492" /><nd ref="13633763500" /><nd ref="13633763495" /><nd ref="13633848205" /><nd ref="10564261969" /><nd ref="3585771129" /><nd ref="8493462489" /><tag k="highway" v="tertiary" /><tag k="oneway" v="no" /><tag k="name" v="Ghodbunder Service Road" /></way><way changeset="1" id="1457071948" uid="1" user="OSMnx" visible="true" timestamp="2026-04-09T19:16:40Z" version="1"><nd ref="7736315023" /><nd ref="9315002892" /><nd ref="13363059233" /><tag k="highway" v="tertiary" /><tag k="oneway" v="no" /><tag k="name" v="Service Road" /></way><way changeset="1" id="1457071949" uid="1" user="OSMnx" visible="true" timestamp="2026-04-09T19:16:40Z" version="1"><nd ref="13363059234" /><nd ref="13363059235" /><nd ref="13363059236" /><nd ref="7397960738" /><tag k="highway" v="tertiary" /><tag k="oneway" v="no" /><tag k="name" v="Service Road" /></way><way changeset="1" id="1457071951" uid="1" user="OSMnx" visible="true" timestamp="2026-04-09T19:16:40Z" version="1"><nd ref="13363059232" /><nd ref="13363059233" /><tag k="highway" v="tertiary" /><tag k="oneway" v="no" /><tag k="name" v="Service Road" /></way><way changeset="1" id="1457071952" uid="1" user="OSMnx" visible="true" timestamp="2026-04-09T19:16:40Z" version="1"><nd ref="13363059233" /><nd ref="13363059234" /><tag k="highway" v="tertiary" /><tag k="oneway" v="no" /><tag k="name" v="Service Road" /></way><way changeset="1" id="1457073646" uid="1" user="OSMnx" visible="true" timestamp="2026-04-09T19:16:40Z" version="1"><nd ref="7374824430" /><nd ref="7374824429" /><tag k="highway" v="residential" /><tag k="oneway" v="no" /><tag k="name" v="Dharmveer Anand Dighe Saheb" /></way><way changeset="1" id="1457073647" uid="1" user="OSMnx" visible="true" timestamp="2026-04-09T19:16:40Z" version="1"><nd ref="7374824429" /><nd ref="7374824432" /><tag k="highway" v="residential" /><tag k="oneway" v="no" /><tag k="name" v="Dharmveer Anand Dighe Saheb" /></way><way changeset="1" id="1457088983" uid="1" user="OSMnx" visible="true" timestamp="2026-04-09T19:16:40Z" version="1"><nd ref="11939192242" /><nd ref="6604559419" /><tag k="maxspeed" v="50" /><tag k="highway" v="tertiary" /><tag k="oneway" v="no" /><tag k="name" v="Kolshet Road" /><tag k="lanes" v="4" /></way><way changeset="1" id="1460434862" uid="1" user="OSMnx" visible="true" timestamp="2026-04-09T19:16:40Z" version="1"><nd ref="7366008400" /><nd ref="7401301587" /><tag k="highway" v="tertiary" /><tag k="oneway" v="no" /><tag k="name" v="Ghodbunder Service Road" /></way><way changeset="1" id="1460434863" uid="1" user="OSMnx" visible="true" timestamp="2026-04-09T19:16:40Z" version="1"><nd ref="7366008441" /><nd ref="2493165202" /><nd ref="2489283688" /><nd ref="2489283689" /><nd ref="8448818842" /><nd ref="8448818839" /><tag k="highway" v="tertiary" /><tag k="oneway" v="no" /><tag k="name" v="Ghodbunder Service Road" /></way><way changeset="1" id="1460678672" uid="1" user="OSMnx" visible="true" timestamp="2026-04-09T19:16:40Z" version="1"><nd ref="8506471301" /><nd ref="13396951039" /><nd ref="9939299312" /><nd ref="9939299313" /><nd ref="9939299314" /><nd ref="13396951042" /><tag k="highway" v="residential" /><tag k="oneway" v="no" /></way><way changeset="1" id="1460678673" uid="1" user="OSMnx" visible="true" timestamp="2026-04-09T19:16:40Z" version="1"><nd ref="13396951054" /><nd ref="13396951056" /><nd ref="13396951055" /><tag k="highway" v="residential" /><tag k="oneway" v="no" /></way><way changeset="1" id="1462506377" uid="1" user="OSMnx" visible="true" timestamp="2026-04-09T19:16:40Z" version="1"><nd ref="13415105367" /><nd ref="13415105368" /><tag k="highway" v="primary_link" /><tag k="oneway" v="no" /></way><way changeset="1" id="1462602574" uid="1" user="OSMnx" visible="true" timestamp="2026-04-09T19:16:40Z" version="1"><nd ref="2250655573" /><nd ref="13416028709" /><tag k="highway" v="residential" /><tag k="oneway" v="no" /></way><way changeset="1" id="1464166196" uid="1" user="OSMnx" visible="true" timestamp="2026-04-09T19:16:40Z" version="1"><nd ref="12794003689" /><nd ref="10251547847" /><tag k="highway" v="secondary" /><tag k="oneway" v="no" /><tag k="name" v="Pokhran Road 2" /></way><way changeset="1" id="1464166199" uid="1" user="OSMnx" visible="true" timestamp="2026-04-09T19:16:40Z" version="1"><nd ref="1960735081" /><nd ref="8450022974" /><nd ref="8450022980" /><nd ref="8450022979" /><nd ref="8450022978" /><tag k="highway" v="residential" /><tag k="oneway" v="no" /><tag k="junction" v="roundabout" /></way><way changeset="1" id="1464295168" uid="1" user="OSMnx" visible="true" timestamp="2026-04-09T19:16:40Z" version="1"><nd ref="7736315018" /><nd ref="6119066789" /><tag k="highway" v="trunk_link" /><tag k="oneway" v="no" /><tag k="lanes" v="3" /></way><way changeset="1" id="1464302528" uid="1" user="OSMnx" visible="true" timestamp="2026-04-09T19:16:40Z" version="1"><nd ref="8450022981" /><nd ref="12419059345" /><nd ref="1960735081" /><tag k="highway" v="residential" /><tag k="oneway" v="no" /><tag k="junction" v="roundabout" /></way><way changeset="1" id="1464302529" uid="1" user="OSMnx" visible="true" timestamp="2026-04-09T19:16:40Z" version="1"><nd ref="8450022978" /><nd ref="12419059346" /><nd ref="1960735089" /><tag k="highway" v="residential" /><tag k="oneway" v="no" /><tag k="junction" v="roundabout" /></way><way changeset="1" id="1465105039" uid="1" user="OSMnx" visible="true" timestamp="2026-04-09T19:16:40Z" version="1"><nd ref="9214918869" /><nd ref="9214918872" /><nd ref="9214918866" /><nd ref="8493462497" /><nd ref="9350865416" /><nd ref="8364862182" /><nd ref="2491194123" /><nd ref="8364862183" /><nd ref="2491194122" /><tag k="highway" v="tertiary" /><tag k="oneway" v="no" /><tag k="name" v="Ghodbunder Service Road" /></way><way changeset="1" id="1465568071" uid="1" user="OSMnx" visible="true" timestamp="2026-04-09T19:16:40Z" version="1"><nd ref="3737096129" /><nd ref="7736315023" /><tag k="highway" v="tertiary" /><tag k="oneway" v="no" /><tag k="name" v="Service Road" /></way><way changeset="1" id="1465568072" uid="1" user="OSMnx" visible="true" timestamp="2026-04-09T19:16:40Z" version="1"><nd ref="13442161156" /><nd ref="3737096129" /><tag k="highway" v="tertiary" /><tag k="oneway" v="no" /><tag k="name" v="Service Road" /></way><way changeset="1" id="1465568073" uid="1" user="OSMnx" visible="true" timestamp="2026-04-09T19:16:40Z" version="1"><nd ref="13442161157" /><nd ref="3737096129" /><tag k="highway" v="residential" /><tag k="oneway" v="no" /></way><way changeset="1" id="1472149735" uid="1" user="OSMnx" visible="true" timestamp="2026-04-09T19:16:40Z" version="1"><nd ref="8780753154" /><nd ref="10774729903" /><nd ref="8780753150" /><nd ref="9352141084" /><nd ref="9352141085" /><tag k="highway" v="secondary" /><tag k="oneway" v="no" /><tag k="name" v="Saket - Kalwa Road" /></way><way changeset="1" id="1472149736" uid="1" user="OSMnx" visible="true" timestamp="2026-04-09T19:16:40Z" version="1"><nd ref="10774729902" /><nd ref="10774729904" /><tag k="highway" v="secondary" /><tag k="oneway" v="no" /><tag k="name" v="Saket - Kalwa Road" /></way><way changeset="1" id="1472149737" uid="1" user="OSMnx" visible="true" timestamp="2026-04-09T19:16:40Z" version="1"><nd ref="13508185845" /><nd ref="7687784350" /><nd ref="5769694571" /><tag k="highway" v="secondary" /><tag k="oneway" v="no" /><tag k="name" v="Saket - Kalwa Road" /></way><way changeset="1" id="1472149738" uid="1" user="OSMnx" visible="true" timestamp="2026-04-09T19:16:40Z" version="1"><nd ref="13508185859" /><nd ref="13508185845" /><nd ref="13508185860" /><nd ref="13508185861" /><nd ref="13508185852" /><nd ref="13508185853" /><nd ref="9352141085" /><nd ref="13508185854" /><nd ref="13508185855" /><nd ref="13508185856" /><nd ref="13508185862" /><nd ref="10774729902" /><nd ref="13508185846" /><nd ref="13508185847" /><nd ref="13508185848" /><nd ref="13508185849" /><nd ref="9352141082" /><nd ref="13508185850" /><nd ref="13508185844" /><nd ref="13508185851" /><nd ref="13508185857" /><nd ref="13508185858" /><nd ref="1184130780" /><nd ref="13508185859" /><tag k="highway" v="secondary" /><tag k="oneway" v="no" /></way><way changeset="1" id="1472227093" uid="1" user="OSMnx" visible="true" timestamp="2026-04-09T19:16:40Z" version="1"><nd ref="8531005266" /><nd ref="9925314950" /><tag k="highway" v="secondary" /><tag k="oneway" v="no" /><tag k="name" v="Pokhran Road 2" /></way><way changeset="1" id="1476881226" uid="1" user="OSMnx" visible="true" timestamp="2026-04-09T19:16:40Z" version="1"><nd ref="7400299784" /><nd ref="13546246053" /><nd ref="8502750754" /><nd ref="8502750753" /><tag k="highway" v="residential" /><tag k="oneway" v="no" /></way><way changeset="1" id="1476881227" uid="1" user="OSMnx" visible="true" timestamp="2026-04-09T19:16:40Z" version="1"><nd ref="2227587534" /><nd ref="8504634072" /><nd ref="13546246058" /><tag k="highway" v="residential" /><tag k="oneway" v="no" /><tag k="name" v="University Road" /></way><way changeset="1" id="1476881228" uid="1" user="OSMnx" visible="true" timestamp="2026-04-09T19:16:40Z" version="1"><nd ref="13546246058" /><nd ref="13546246057" /><tag k="highway" v="residential" /><tag k="oneway" v="no" /><tag k="name" v="University Road" /></way><way changeset="1" id="1477397099" uid="1" user="OSMnx" visible="true" timestamp="2026-04-09T19:16:40Z" version="1"><nd ref="1960734522" /><nd ref="2250655557" /><nd ref="5868392390" /><tag k="highway" v="trunk" /><tag k="oneway" v="no" /></way><way changeset="1" id="1477397100" uid="1" user="OSMnx" visible="true" timestamp="2026-04-09T19:16:40Z" version="1"><nd ref="13551379973" /><nd ref="13551379974" /><nd ref="13551379975" /><nd ref="13551379976" /><nd ref="13551379977" /><nd ref="13551379978" /><nd ref="13551379981" /><nd ref="13551379979" /><nd ref="13551379980" /><tag k="highway" v="trunk_link" /><tag k="oneway" v="no" /></way><way changeset="1" id="1489375711" uid="1" user="OSMnx" visible="true" timestamp="2026-04-09T19:16:40Z" version="1"><nd ref="7374824424" /><nd ref="2230881615" /><nd ref="2230881617" /><nd ref="2230881623" /><nd ref="2230881629" /><nd ref="2230881632" /><nd ref="2230881640" /><nd ref="2230881653" /><tag k="highway" v="residential" /><tag k="oneway" v="no" /><tag k="name" v="Sai Baba Mandir Road" /></way><way changeset="1" id="1489375712" uid="1" user="OSMnx" visible="true" timestamp="2026-04-09T19:16:40Z" version="1"><nd ref="13651691243" /><nd ref="13651691244" /><tag k="highway" v="residential" /><tag k="oneway" v="no" /></way><way changeset="1" id="1489375713" uid="1" user="OSMnx" visible="true" timestamp="2026-04-09T19:16:40Z" version="1"><nd ref="13651691243" /><nd ref="13651691245" /><nd ref="13651691246" /><nd ref="13651691247" /><nd ref="13651691248" /><nd ref="13651691249" /><nd ref="13651691250" /><nd ref="13651691251" /><nd ref="13651691252" /><nd ref="13651691259" /><nd ref="13651691253" /><nd ref="13651691258" /><nd ref="13651691254" /><tag k="highway" v="residential" /><tag k="oneway" v="no" /></way><way changeset="1" id="1489375714" uid="1" user="OSMnx" visible="true" timestamp="2026-04-09T19:16:40Z" version="1"><nd ref="13651691255" /><nd ref="13651691256" /><nd ref="13651691257" /><nd ref="13651691258" /><tag k="highway" v="residential" /><tag k="oneway" v="no" /></way><way changeset="1" id="1489375715" uid="1" user="OSMnx" visible="true" timestamp="2026-04-09T19:16:40Z" version="1"><nd ref="13651691260" /><nd ref="13651691259" /><tag k="highway" v="residential" /><tag k="oneway" v="no" /></way><way changeset="1" id="1489375716" uid="1" user="OSMnx" visible="true" timestamp="2026-04-09T19:16:40Z" version="1"><nd ref="13651691261" /><nd ref="13651691262" /><nd ref="13651691263" /><nd ref="13651691264" /><nd ref="13651691265" /><nd ref="13651691266" /><nd ref="13651691267" /><nd ref="13651691268" /><nd ref="13651691269" /><nd ref="13651691248" /><tag k="highway" v="living_street" /><tag k="oneway" v="no" /></way><way changeset="1" id="1491828642" uid="1" user="OSMnx" visible="true" timestamp="2026-04-09T19:16:40Z" version="1"><nd ref="7366008441" /><nd ref="13415105366" /><nd ref="8493462494" /><nd ref="2493165200" /><nd ref="4415730978" /><nd ref="6618225026" /><nd ref="2838932789" /><nd ref="2838932787" /><nd ref="7366008400" /><tag k="highway" v="tertiary" /><tag k="oneway" v="no" /><tag k="name" v="Ghodbunder Service Road" /></way><way changeset="1" id="1491828643" uid="1" user="OSMnx" visible="true" timestamp="2026-04-09T19:16:40Z" version="1"><nd ref="7366008441" /><nd ref="7366008442" /><tag k="highway" v="residential" /><tag k="oneway" v="no" /><tag k="name" v="38th East Street" /></way></osm>