<?xml version='1.0' encoding='utf-8'?>
<osm version="0.6" generator="OSMnx 1.9.1"><node id="291511684" timestamp="2026-03-11T21:52:02Z" uid="1" user="OSMnx" version="1" changeset="1" lat="28.648909" lon="77.199381" /><node id="291511688" timestamp="2026-03-11T21:52:02Z" uid="1" user="OSMnx" version="1" changeset="1" lat="28.654202" lon="77.190131" /><node id="291511689" timestamp="2026-03-11T21:52:02Z" uid="1" user="OSMnx" version="1" changeset="1" lat="28.658357" lon="77.182517" /><node id="309642511" timestamp="2026-03-11T21:52:02Z" uid="1" user="OSMnx" version="1" changeset="1" lat="28.646161" lon="77.196077" /><node id="309642515" timestamp="2026-03-11T21:52:02Z" uid="1" user="OSMnx" version="1" changeset="1" lat="28.648262" lon="77.19276" /><node id="309642520" timestamp="2026-03-11T21:52:02Z" uid="1" user="OSMnx" version="1" changeset="1" lat="28.654006" lon="77.182367" /><node id="915472401" timestamp="2026-03-11T21:52:02Z" uid="1" user="OSMnx" version="1" changeset="1" lat="28.654235" lon="77.201046" /><node id="943640249" timestamp="2026-03-11T21:52:02Z" uid="1" user="OSMnx" version="1" changeset="1" lat="28.64476" lon="77.187153" /><node id="943640253" timestamp="2026-03-11T21:52:02Z" uid="1" user="OSMnx" version="1" changeset="1" lat="28.652456" lon="77.182768" /><node id="943640262" timestamp="2026-03-11T21:52:02Z" uid="1" user="OSMnx" version="1" changeset="1" lat="28.646569" lon="77.182908" /><node id="943640266" timestamp="2026-03-11T21:52:02Z" uid="1" user="OSMnx" version="1" changeset="1" lat="28.646617" lon="77.189514" /><node id="943640268" timestamp="2026-03-11T21:52:02Z" uid="1" user="OSMnx" version="1" changeset="1" lat="28.651904" lon="77.183778" /><node id="943640270" timestamp="2026-03-11T21:52:02Z" uid="1" user="OSMnx" version="1" changeset="1" lat="28.644511" lon="77.182941" /><node id="943640274" timestamp="2026-03-11T21:52:02Z" uid="1" user="OSMnx" version="1" changeset="1" lat="28.65137" lon="77.189408" /><node id="943640286" timestamp="2026-03-11T21:52:02Z" uid="1" user="OSMnx" version="1" changeset="1" lat="28.657892" lon="77.194182" /><node id="943640294" timestamp="2026-03-11T21:52:02Z" uid="1" user="OSMnx" version="1" changeset="1" lat="28.644971" lon="77.186127" /><node id="943640334" timestamp="2026-03-11T21:52:02Z" uid="1" user="OSMnx" version="1" changeset="1" lat="28.655256" lon="77.18619" /><node id="943640340" timestamp="2026-03-11T21:52:02Z" uid="1" user="OSMnx" version="1" changeset="1" lat="28.648652" lon="77.184425" /><node id="943640342" timestamp="2026-03-11T21:52:02Z" uid="1" user="OSMnx" version="1" changeset="1" lat="28.6448" lon="77.184973" /><node id="943640357" timestamp="2026-03-11T21:52:02Z" uid="1" user="OSMnx" version="1" changeset="1" lat="28.652172" lon="77.191831" /><node id="943640359" timestamp="2026-03-11T21:52:02Z" uid="1" user="OSMnx" version="1" changeset="1" lat="28.644644" lon="77.186173" /><node id="943640366" timestamp="2026-03-11T21:52:02Z" uid="1" user="OSMnx" version="1" changeset="1" lat="28.648147" lon="77.184068" /><node id="943640374" timestamp="2026-03-11T21:52:02Z" uid="1" user="OSMnx" version="1" changeset="1" lat="28.644377" lon="77.182054" /><node id="943640382" timestamp="2026-03-11T21:52:02Z" uid="1" user="OSMnx" version="1" changeset="1" lat="28.644456" lon="77.18504" /><node id="943640394" timestamp="2026-03-11T21:52:02Z" uid="1" user="OSMnx" version="1" changeset="1" lat="28.644166" lon="77.183004" /><node id="943640401" timestamp="2026-03-11T21:52:02Z" uid="1" user="OSMnx" version="1" changeset="1" lat="28.656587" lon="77.185658" /><node id="943640403" timestamp="2026-03-11T21:52:02Z" uid="1" user="OSMnx" version="1" changeset="1" lat="28.648905" lon="77.184604" /><node id="943640404" timestamp="2026-03-11T21:52:02Z" uid="1" user="OSMnx" version="1" changeset="1" lat="28.652866" lon="77.184448" /><node id="943640416" timestamp="2026-03-11T21:52:02Z" uid="1" user="OSMnx" version="1" changeset="1" lat="28.645383" lon="77.186388" /><node id="943640423" timestamp="2026-03-11T21:52:02Z" uid="1" user="OSMnx" version="1" changeset="1" lat="28.658411" lon="77.19303" /><node id="943640425" timestamp="2026-03-11T21:52:02Z" uid="1" user="OSMnx" version="1" changeset="1" lat="28.644189" lon="77.185694" /><node id="943640444" timestamp="2026-03-11T21:52:02Z" uid="1" user="OSMnx" version="1" changeset="1" lat="28.64586" lon="77.187106" /><node id="943640447" timestamp="2026-03-11T21:52:02Z" uid="1" user="OSMnx" version="1" changeset="1" lat="28.652427" lon="77.185241" /><node id="943640474" timestamp="2026-03-11T21:52:02Z" uid="1" user="OSMnx" version="1" changeset="1" lat="28.643977" lon="77.184236" /><node id="943640476" timestamp="2026-03-11T21:52:02Z" uid="1" user="OSMnx" version="1" changeset="1" lat="28.645251" lon="77.188559" /><node id="943640482" timestamp="2026-03-11T21:52:02Z" uid="1" user="OSMnx" version="1" changeset="1" lat="28.649122" lon="77.193483" /><node id="943640498" timestamp="2026-03-11T21:52:02Z" uid="1" user="OSMnx" version="1" changeset="1" lat="28.647412" lon="77.185426" /><node id="943640501" timestamp="2026-03-11T21:52:02Z" uid="1" user="OSMnx" version="1" changeset="1" lat="28.654257" lon="77.190183" /><node id="943640511" timestamp="2026-03-11T21:52:02Z" uid="1" user="OSMnx" version="1" changeset="1" lat="28.656" lon="77.18673" /><node id="943640520" timestamp="2026-03-11T21:52:02Z" uid="1" user="OSMnx" version="1" changeset="1" lat="28.656511" lon="77.196777" /><node id="943640522" timestamp="2026-03-11T21:52:02Z" uid="1" user="OSMnx" version="1" changeset="1" lat="28.657151" lon="77.184627" /><node id="943640539" timestamp="2026-03-11T21:52:02Z" uid="1" user="OSMnx" version="1" changeset="1" lat="28.650362" lon="77.182703" /><node id="943640547" timestamp="2026-03-11T21:52:02Z" uid="1" user="OSMnx" version="1" changeset="1" lat="28.655583" lon="77.187489" /><node id="943640550" timestamp="2026-03-11T21:52:02Z" uid="1" user="OSMnx" version="1" changeset="1" lat="28.645128" lon="77.184634" /><node id="943640565" timestamp="2026-03-11T21:52:02Z" uid="1" user="OSMnx" version="1" changeset="1" lat="28.647934" lon="77.18578" /><node id="943640566" timestamp="2026-03-11T21:52:02Z" uid="1" user="OSMnx" version="1" changeset="1" lat="28.648182" lon="77.185956" /><node id="943640569" timestamp="2026-03-11T21:52:02Z" uid="1" user="OSMnx" version="1" changeset="1" lat="28.645108" lon="77.187138" /><node id="943640575" timestamp="2026-03-11T21:52:02Z" uid="1" user="OSMnx" version="1" changeset="1" lat="28.657242" lon="77.184691" /><node id="943640585" timestamp="2026-03-11T21:52:02Z" uid="1" user="OSMnx" version="1" changeset="1" lat="28.658932" lon="77.191639" /><node id="943640600" timestamp="2026-03-11T21:52:02Z" uid="1" user="OSMnx" version="1" changeset="1" lat="28.647402" lon="77.183481" /><node id="943640614" timestamp="2026-03-11T21:52:02Z" uid="1" user="OSMnx" version="1" changeset="1" lat="28.645882" lon="77.190853" /><node id="943640616" timestamp="2026-03-11T21:52:02Z" uid="1" user="OSMnx" version="1" changeset="1" lat="28.644336" lon="77.184169" /><node id="943640618" timestamp="2026-03-11T21:52:02Z" uid="1" user="OSMnx" version="1" changeset="1" lat="28.647686" lon="77.1856" /><node id="943640619" timestamp="2026-03-11T21:52:02Z" uid="1" user="OSMnx" version="1" changeset="1" lat="28.653511" lon="77.202619" /><node id="943640625" timestamp="2026-03-11T21:52:02Z" uid="1" user="OSMnx" version="1" changeset="1" lat="28.645895" lon="77.187319" /><node id="943640638" timestamp="2026-03-11T21:52:02Z" uid="1" user="OSMnx" version="1" changeset="1" lat="28.645016" lon="77.186438" /><node id="943640665" timestamp="2026-03-11T21:52:02Z" uid="1" user="OSMnx" version="1" changeset="1" lat="28.651457" lon="77.184598" /><node id="943640668" timestamp="2026-03-11T21:52:02Z" uid="1" user="OSMnx" version="1" changeset="1" lat="28.653415" lon="77.189574" /><node id="943640671" timestamp="2026-03-11T21:52:02Z" uid="1" user="OSMnx" version="1" changeset="1" lat="28.649776" lon="77.197974" /><node id="943640686" timestamp="2026-03-11T21:52:02Z" uid="1" user="OSMnx" version="1" changeset="1" lat="28.648477" lon="77.186132" /><node id="943640694" timestamp="2026-03-11T21:52:02Z" uid="1" user="OSMnx" version="1" changeset="1" lat="28.649957" lon="77.192001" /><node id="943640695" timestamp="2026-03-11T21:52:02Z" uid="1" user="OSMnx" version="1" changeset="1" lat="28.656417" lon="77.184069" /><node id="943640708" timestamp="2026-03-11T21:52:02Z" uid="1" user="OSMnx" version="1" changeset="1" lat="28.650957" lon="77.187831" /><node id="943640712" timestamp="2026-03-11T21:52:02Z" uid="1" user="OSMnx" version="1" changeset="1" lat="28.653432" lon="77.202566" /><node id="943640714" timestamp="2026-03-11T21:52:02Z" uid="1" user="OSMnx" version="1" changeset="1" lat="28.649745" lon="77.190032" /><node id="943640724" timestamp="2026-03-11T21:52:02Z" uid="1" user="OSMnx" version="1" changeset="1" lat="28.656431" lon="77.196714" /><node id="943640729" timestamp="2026-03-11T21:52:02Z" uid="1" user="OSMnx" version="1" changeset="1" lat="28.648584" lon="77.182608" /><node id="943640732" timestamp="2026-03-11T21:52:02Z" uid="1" user="OSMnx" version="1" changeset="1" lat="28.655695" lon="77.18755" /><node id="943640751" timestamp="2026-03-11T21:52:02Z" uid="1" user="OSMnx" version="1" changeset="1" lat="28.648404" lon="77.18425" /><node id="943640753" timestamp="2026-03-11T21:52:02Z" uid="1" user="OSMnx" version="1" changeset="1" lat="28.644686" lon="77.184103" /><node id="943640756" timestamp="2026-03-11T21:52:02Z" uid="1" user="OSMnx" version="1" changeset="1" lat="28.649541" lon="77.196375" /><node id="943640771" timestamp="2026-03-11T21:52:02Z" uid="1" user="OSMnx" version="1" changeset="1" lat="28.650356" lon="77.197044" /><node id="943640773" timestamp="2026-03-11T21:52:02Z" uid="1" user="OSMnx" version="1" changeset="1" lat="28.65025" lon="77.196959" /><node id="943640782" timestamp="2026-03-11T21:52:02Z" uid="1" user="OSMnx" version="1" changeset="1" lat="28.647204" lon="77.186446" /><node id="943640785" timestamp="2026-03-11T21:52:02Z" uid="1" user="OSMnx" version="1" changeset="1" lat="28.645046" lon="77.184036" /><node id="943640787" timestamp="2026-03-11T21:52:02Z" uid="1" user="OSMnx" version="1" changeset="1" lat="28.644657" lon="77.186494" /><node id="943640790" timestamp="2026-03-11T21:52:02Z" uid="1" user="OSMnx" version="1" changeset="1" lat="28.653639" lon="77.191038" /><node id="943640797" timestamp="2026-03-11T21:52:02Z" uid="1" user="OSMnx" version="1" changeset="1" lat="28.649202" lon="77.184813" /><node id="943640804" timestamp="2026-03-11T21:52:02Z" uid="1" user="OSMnx" version="1" changeset="1" lat="28.64474" lon="77.181986" /><node id="943640805" timestamp="2026-03-11T21:52:02Z" uid="1" user="OSMnx" version="1" changeset="1" lat="28.645333" lon="77.186064" /><node id="943640900" timestamp="2026-03-11T21:52:02Z" uid="1" user="OSMnx" version="1" changeset="1" lat="28.654844" lon="77.186958" /><node id="943640906" timestamp="2026-03-11T21:52:02Z" uid="1" user="OSMnx" version="1" changeset="1" lat="28.644152" lon="77.185443" /><node id="943640917" timestamp="2026-03-11T21:52:02Z" uid="1" user="OSMnx" version="1" changeset="1" lat="28.649942" lon="77.183467" /><node id="943640918" timestamp="2026-03-11T21:52:02Z" uid="1" user="OSMnx" version="1" changeset="1" lat="28.644538" lon="77.185629" /><node id="943640919" timestamp="2026-03-11T21:52:02Z" uid="1" user="OSMnx" version="1" changeset="1" lat="28.659428" lon="77.190176" /><node id="943640920" timestamp="2026-03-11T21:52:02Z" uid="1" user="OSMnx" version="1" changeset="1" lat="28.653008" lon="77.181735" /><node id="943640927" timestamp="2026-03-11T21:52:02Z" uid="1" user="OSMnx" version="1" changeset="1" lat="28.646503" lon="77.187081" /><node id="943640939" timestamp="2026-03-11T21:52:02Z" uid="1" user="OSMnx" version="1" changeset="1" lat="28.648085" lon="77.195168" /><node id="943640942" timestamp="2026-03-11T21:52:02Z" uid="1" user="OSMnx" version="1" changeset="1" lat="28.647978" lon="77.187016" /><node id="943640943" timestamp="2026-03-11T21:52:02Z" uid="1" user="OSMnx" version="1" changeset="1" lat="28.65219" lon="77.193743" /><node id="943640944" timestamp="2026-03-11T21:52:02Z" uid="1" user="OSMnx" version="1" changeset="1" lat="28.649485" lon="77.188138" /><node id="943640955" timestamp="2026-03-11T21:52:02Z" uid="1" user="OSMnx" version="1" changeset="1" lat="28.647356" lon="77.182188" /><node id="943640956" timestamp="2026-03-11T21:52:02Z" uid="1" user="OSMnx" version="1" changeset="1" lat="28.644758" lon="77.184694" /><node id="943640958" timestamp="2026-03-11T21:52:02Z" uid="1" user="OSMnx" version="1" changeset="1" lat="28.649051" lon="77.191305" /><node id="943640959" timestamp="2026-03-11T21:52:02Z" uid="1" user="OSMnx" version="1" changeset="1" lat="28.646694" lon="77.186071" /><node id="943640960" timestamp="2026-03-11T21:52:02Z" uid="1" user="OSMnx" version="1" changeset="1" lat="28.646111" lon="77.184498" /><node id="943640980" timestamp="2026-03-11T21:52:02Z" uid="1" user="OSMnx" version="1" changeset="1" lat="28.653718" lon="77.191164" /><node id="943640998" timestamp="2026-03-11T21:52:02Z" uid="1" user="OSMnx" version="1" changeset="1" lat="28.647934" lon="77.198751" /><node id="943641006" timestamp="2026-03-11T21:52:02Z" uid="1" user="OSMnx" version="1" changeset="1" lat="28.647351" lon="77.192031" /><node id="943641009" timestamp="2026-03-11T21:52:02Z" uid="1" user="OSMnx" version="1" changeset="1" lat="28.650901" lon="77.181722" /><node id="943641011" timestamp="2026-03-11T21:52:02Z" uid="1" user="OSMnx" version="1" changeset="1" lat="28.644417" lon="77.184752" /><node id="943641018" timestamp="2026-03-11T21:52:02Z" uid="1" user="OSMnx" version="1" changeset="1" lat="28.646515" lon="77.18287" /><node id="943641028" timestamp="2026-03-11T21:52:02Z" uid="1" user="OSMnx" version="1" changeset="1" lat="28.647218" lon="77.194407" /><node id="943641031" timestamp="2026-03-11T21:52:02Z" uid="1" user="OSMnx" version="1" changeset="1" lat="28.647467" lon="77.186639" /><node id="943641041" timestamp="2026-03-11T21:52:02Z" uid="1" user="OSMnx" version="1" changeset="1" lat="28.650016" lon="77.187201" /><node id="943641045" timestamp="2026-03-11T21:52:02Z" uid="1" user="OSMnx" version="1" changeset="1" lat="28.645485" lon="77.187122" /><node id="943641057" timestamp="2026-03-11T21:52:02Z" uid="1" user="OSMnx" version="1" changeset="1" lat="28.651442" lon="77.193162" /><node id="943641059" timestamp="2026-03-11T21:52:02Z" uid="1" user="OSMnx" version="1" changeset="1" lat="28.645165" lon="77.184909" /><node id="943641060" timestamp="2026-03-11T21:52:02Z" uid="1" user="OSMnx" version="1" changeset="1" lat="28.644081" lon="77.184951" /><node id="943641076" timestamp="2026-03-11T21:52:02Z" uid="1" user="OSMnx" version="1" changeset="1" lat="28.650671" lon="77.19072" /><node id="943641082" timestamp="2026-03-11T21:52:02Z" uid="1" user="OSMnx" version="1" changeset="1" lat="28.646259" lon="77.193698" /><node id="943641086" timestamp="2026-03-11T21:52:02Z" uid="1" user="OSMnx" version="1" changeset="1" lat="28.645758" lon="77.184253" /><node id="943641101" timestamp="2026-03-11T21:52:02Z" uid="1" user="OSMnx" version="1" changeset="1" lat="28.64369" lon="77.182182" /><node id="943641110" timestamp="2026-03-11T21:52:02Z" uid="1" user="OSMnx" version="1" changeset="1" lat="28.652901" lon="77.19243" /><node id="943641111" timestamp="2026-03-11T21:52:02Z" uid="1" user="OSMnx" version="1" changeset="1" lat="28.64489" lon="77.185562" /><node id="943641112" timestamp="2026-03-11T21:52:02Z" uid="1" user="OSMnx" version="1" changeset="1" lat="28.65951" lon="77.190233" /><node id="943641118" timestamp="2026-03-11T21:52:02Z" uid="1" user="OSMnx" version="1" changeset="1" lat="28.644873" lon="77.182875" /><node id="943641126" timestamp="2026-03-11T21:52:02Z" uid="1" user="OSMnx" version="1" changeset="1" lat="28.644437" lon="77.184898" /><node id="943641129" timestamp="2026-03-11T21:52:02Z" uid="1" user="OSMnx" version="1" changeset="1" lat="28.651426" lon="77.195372" /><node id="943641135" timestamp="2026-03-11T21:52:02Z" uid="1" user="OSMnx" version="1" changeset="1" lat="28.646162" lon="77.182628" /><node id="943641141" timestamp="2026-03-11T21:52:02Z" uid="1" user="OSMnx" version="1" changeset="1" lat="28.650607" lon="77.194683" /><node id="943641143" timestamp="2026-03-11T21:52:02Z" uid="1" user="OSMnx" version="1" changeset="1" lat="28.644504" lon="77.185383" /><node id="943641151" timestamp="2026-03-11T21:52:02Z" uid="1" user="OSMnx" version="1" changeset="1" lat="28.645522" lon="77.184691" /><node id="943641159" timestamp="2026-03-11T21:52:02Z" uid="1" user="OSMnx" version="1" changeset="1" lat="28.648835" lon="77.189381" /><node id="943641162" timestamp="2026-03-11T21:52:02Z" uid="1" user="OSMnx" version="1" changeset="1" lat="28.646816" lon="77.186982" /><node id="943641171" timestamp="2026-03-11T21:52:02Z" uid="1" user="OSMnx" version="1" changeset="1" lat="28.653032" lon="77.19244" /><node id="943641180" timestamp="2026-03-11T21:52:02Z" uid="1" user="OSMnx" version="1" changeset="1" lat="28.654715" lon="77.200162" /><node id="943641190" timestamp="2026-03-11T21:52:02Z" uid="1" user="OSMnx" version="1" changeset="1" lat="28.648977" lon="77.18288" /><node id="943641208" timestamp="2026-03-11T21:52:02Z" uid="1" user="OSMnx" version="1" changeset="1" lat="28.654897" lon="77.182991" /><node id="943641220" timestamp="2026-03-11T21:52:02Z" uid="1" user="OSMnx" version="1" changeset="1" lat="28.645145" lon="77.18476" /><node id="943641223" timestamp="2026-03-11T21:52:02Z" uid="1" user="OSMnx" version="1" changeset="1" lat="28.645127" lon="77.181914" /><node id="943641229" timestamp="2026-03-11T21:52:02Z" uid="1" user="OSMnx" version="1" changeset="1" lat="28.646147" lon="77.185745" /><node id="943641243" timestamp="2026-03-11T21:52:02Z" uid="1" user="OSMnx" version="1" changeset="1" lat="28.647296" lon="77.18828" /><node id="943641245" timestamp="2026-03-11T21:52:02Z" uid="1" user="OSMnx" version="1" changeset="1" lat="28.654817" lon="77.200239" /><node id="943641247" timestamp="2026-03-11T21:52:02Z" uid="1" user="OSMnx" version="1" changeset="1" lat="28.653752" lon="77.185097" /><node id="943641249" timestamp="2026-03-11T21:52:02Z" uid="1" user="OSMnx" version="1" changeset="1" lat="28.650448" lon="77.18875" /><node id="943641257" timestamp="2026-03-11T21:52:02Z" uid="1" user="OSMnx" version="1" changeset="1" lat="28.652281" lon="77.193807" /><node id="943641263" timestamp="2026-03-11T21:52:02Z" uid="1" user="OSMnx" version="1" changeset="1" lat="28.646859" lon="77.183107" /><node id="943641266" timestamp="2026-03-11T21:52:02Z" uid="1" user="OSMnx" version="1" changeset="1" lat="28.650104" lon="77.195536" /><node id="943641269" timestamp="2026-03-11T21:52:02Z" uid="1" user="OSMnx" version="1" changeset="1" lat="28.657832" lon="77.194101" /><node id="943641277" timestamp="2026-03-11T21:52:02Z" uid="1" user="OSMnx" version="1" changeset="1" lat="28.644008" lon="77.184453" /><node id="943641287" timestamp="2026-03-11T21:52:02Z" uid="1" user="OSMnx" version="1" changeset="1" lat="28.644037" lon="77.182118" /><node id="943641305" timestamp="2026-03-11T21:52:02Z" uid="1" user="OSMnx" version="1" changeset="1" lat="28.6485" lon="77.182779" /><node id="943684505" timestamp="2026-03-11T21:52:02Z" uid="1" user="OSMnx" version="1" changeset="1" lat="28.65376" lon="77.199475" /><node id="943684508" timestamp="2026-03-11T21:52:02Z" uid="1" user="OSMnx" version="1" changeset="1" lat="28.655461" lon="77.196034" /><node id="943684511" timestamp="2026-03-11T21:52:02Z" uid="1" user="OSMnx" version="1" changeset="1" lat="28.652264" lon="77.199694" /><node id="943684513" timestamp="2026-03-11T21:52:02Z" uid="1" user="OSMnx" version="1" changeset="1" lat="28.65147" lon="77.197827" /><node id="943684524" timestamp="2026-03-11T21:52:02Z" uid="1" user="OSMnx" version="1" changeset="1" lat="28.651516" lon="77.201224" /><node id="943684526" timestamp="2026-03-11T21:52:02Z" uid="1" user="OSMnx" version="1" changeset="1" lat="28.648965" lon="77.197272" /><node id="943684549" timestamp="2026-03-11T21:52:02Z" uid="1" user="OSMnx" version="1" changeset="1" lat="28.646626" lon="77.195334" /><node id="943684550" timestamp="2026-03-11T21:52:02Z" uid="1" user="OSMnx" version="1" changeset="1" lat="28.647522" lon="77.19607" /><node id="943684553" timestamp="2026-03-11T21:52:02Z" uid="1" user="OSMnx" version="1" changeset="1" lat="28.653259" lon="77.194492" /><node id="943684568" timestamp="2026-03-11T21:52:02Z" uid="1" user="OSMnx" version="1" changeset="1" lat="28.652753" lon="77.198732" /><node id="943684577" timestamp="2026-03-11T21:52:02Z" uid="1" user="OSMnx" version="1" changeset="1" lat="28.649254" lon="77.198688" /><node id="943684599" timestamp="2026-03-11T21:52:02Z" uid="1" user="OSMnx" version="1" changeset="1" lat="28.647062" lon="77.196792" /><node id="1869899489" timestamp="2026-03-11T21:52:02Z" uid="1" user="OSMnx" version="1" changeset="1" lat="28.645247" lon="77.185506" /><node id="1869899497" timestamp="2026-03-11T21:52:02Z" uid="1" user="OSMnx" version="1" changeset="1" lat="28.646816" lon="77.192846" /><node id="1869899499" timestamp="2026-03-11T21:52:02Z" uid="1" user="OSMnx" version="1" changeset="1" lat="28.646966" lon="77.186271" /><node id="1869899500" timestamp="2026-03-11T21:52:02Z" uid="1" user="OSMnx" version="1" changeset="1" lat="28.647171" lon="77.185243" /><node id="1869899501" timestamp="2026-03-11T21:52:02Z" uid="1" user="OSMnx" version="1" changeset="1" lat="28.647729" lon="77.193623" /><node id="1869899502" timestamp="2026-03-11T21:52:02Z" uid="1" user="OSMnx" version="1" changeset="1" lat="28.647912" lon="77.183893" /><node id="1869899503" timestamp="2026-03-11T21:52:02Z" uid="1" user="OSMnx" version="1" changeset="1" lat="28.648511" lon="77.198" /><node id="1869899504" timestamp="2026-03-11T21:52:02Z" uid="1" user="OSMnx" version="1" changeset="1" lat="28.648625" lon="77.194338" /><node id="1869899505" timestamp="2026-03-11T21:52:02Z" uid="1" user="OSMnx" version="1" changeset="1" lat="28.649696" lon="77.197865" /><node id="1869899506" timestamp="2026-03-11T21:52:02Z" uid="1" user="OSMnx" version="1" changeset="1" lat="28.650733" lon="77.185893" /><node id="1869899507" timestamp="2026-03-11T21:52:02Z" uid="1" user="OSMnx" version="1" changeset="1" lat="28.65187" lon="77.188448" /><node id="1869899510" timestamp="2026-03-11T21:52:02Z" uid="1" user="OSMnx" version="1" changeset="1" lat="28.652602" lon="77.187189" /><node id="1869899513" timestamp="2026-03-11T21:52:02Z" uid="1" user="OSMnx" version="1" changeset="1" lat="28.652888" lon="77.190502" /><node id="1869899518" timestamp="2026-03-11T21:52:02Z" uid="1" user="OSMnx" version="1" changeset="1" lat="28.653321" lon="77.185866" /><node id="1869899519" timestamp="2026-03-11T21:52:02Z" uid="1" user="OSMnx" version="1" changeset="1" lat="28.6534" lon="77.183436" /><node id="1869899520" timestamp="2026-03-11T21:52:02Z" uid="1" user="OSMnx" version="1" changeset="1" lat="28.654128" lon="77.188255" /><node id="1869899521" timestamp="2026-03-11T21:52:02Z" uid="1" user="OSMnx" version="1" changeset="1" lat="28.654319" lon="77.184048" /><node id="1869899524" timestamp="2026-03-11T21:52:02Z" uid="1" user="OSMnx" version="1" changeset="1" lat="28.655827" lon="77.185147" /><node id="1922111827" timestamp="2026-03-11T21:52:02Z" uid="1" user="OSMnx" version="1" changeset="1" lat="28.645491" lon="77.18872" /><node id="2164861745" timestamp="2026-03-11T21:52:02Z" uid="1" user="OSMnx" version="1" changeset="1" lat="28.647866" lon="77.182604" /><node id="2164861748" timestamp="2026-03-11T21:52:02Z" uid="1" user="OSMnx" version="1" changeset="1" lat="28.648259" lon="77.182703" /><node id="2164861749" timestamp="2026-03-11T21:52:02Z" uid="1" user="OSMnx" version="1" changeset="1" lat="28.648085" lon="77.182661" /><node id="2165769727" timestamp="2026-03-11T21:52:02Z" uid="1" user="OSMnx" version="1" changeset="1" lat="28.648806" lon="77.184534" /><node id="2165769732" timestamp="2026-03-11T21:52:02Z" uid="1" user="OSMnx" version="1" changeset="1" lat="28.649558" lon="77.183192" /><node id="2165769738" timestamp="2026-03-11T21:52:02Z" uid="1" user="OSMnx" version="1" changeset="1" lat="28.649196" lon="77.18296" /><node id="2165769739" timestamp="2026-03-11T21:52:02Z" uid="1" user="OSMnx" version="1" changeset="1" lat="28.649733" lon="77.183317" /><node id="2165769740" timestamp="2026-03-11T21:52:02Z" uid="1" user="OSMnx" version="1" changeset="1" lat="28.648275" lon="77.184159" /><node id="2165769742" timestamp="2026-03-11T21:52:02Z" uid="1" user="OSMnx" version="1" changeset="1" lat="28.649382" lon="77.183074" /><node id="2265700209" timestamp="2026-03-11T21:52:02Z" uid="1" user="OSMnx" version="1" changeset="1" lat="28.647539" lon="77.182387" /><node id="2265700213" timestamp="2026-03-11T21:52:02Z" uid="1" user="OSMnx" version="1" changeset="1" lat="28.647698" lon="77.18253" /><node id="2265700215" timestamp="2026-03-11T21:52:02Z" uid="1" user="OSMnx" version="1" changeset="1" lat="28.648782" lon="77.18284" /><node id="2645265833" timestamp="2026-03-11T21:52:02Z" uid="1" user="OSMnx" version="1" changeset="1" lat="28.648137" lon="77.19061" /><node id="2645434488" timestamp="2026-03-11T21:52:02Z" uid="1" user="OSMnx" version="1" changeset="1" lat="28.65343" lon="77.190892" /><node id="3544161980" timestamp="2026-03-11T21:52:02Z" uid="1" user="OSMnx" version="1" changeset="1" lat="28.644368" lon="77.184403" /><node id="3661653318" timestamp="2026-03-11T21:52:02Z" uid="1" user="OSMnx" version="1" changeset="1" lat="28.660581" lon="77.187049" /><node id="3661653319" timestamp="2026-03-11T21:52:02Z" uid="1" user="OSMnx" version="1" changeset="1" lat="28.660795" lon="77.18641" /><node id="3661653320" timestamp="2026-03-11T21:52:02Z" uid="1" user="OSMnx" version="1" changeset="1" lat="28.661002" lon="77.185791" /><node id="4231821703" timestamp="2026-03-11T21:52:02Z" uid="1" user="OSMnx" version="1" changeset="1" lat="28.651119" lon="77.200947" /><node id="4234992520" timestamp="2026-03-11T21:52:02Z" uid="1" user="OSMnx" version="1" changeset="1" lat="28.650918" lon="77.19877" /><node id="4235017132" timestamp="2026-03-11T21:52:02Z" uid="1" user="OSMnx" version="1" changeset="1" lat="28.647255" lon="77.19695" /><node id="4235017133" timestamp="2026-03-11T21:52:02Z" uid="1" user="OSMnx" version="1" changeset="1" lat="28.647398" lon="77.19706" /><node id="4235017138" timestamp="2026-03-11T21:52:02Z" uid="1" user="OSMnx" version="1" changeset="1" lat="28.647714" lon="77.196235" /><node id="4235017141" timestamp="2026-03-11T21:52:02Z" uid="1" user="OSMnx" version="1" changeset="1" lat="28.647831" lon="77.196332" /><node id="4235017143" timestamp="2026-03-11T21:52:02Z" uid="1" user="OSMnx" version="1" changeset="1" lat="28.647973" lon="77.19645" /><node id="4235017145" timestamp="2026-03-11T21:52:02Z" uid="1" user="OSMnx" version="1" changeset="1" lat="28.648101" lon="77.196554" /><node id="4235017146" timestamp="2026-03-11T21:52:02Z" uid="1" user="OSMnx" version="1" changeset="1" lat="28.648233" lon="77.196666" /><node id="4235017147" timestamp="2026-03-11T21:52:02Z" uid="1" user="OSMnx" version="1" changeset="1" lat="28.648364" lon="77.196774" /><node id="4235017148" timestamp="2026-03-11T21:52:02Z" uid="1" user="OSMnx" version="1" changeset="1" lat="28.648494" lon="77.196882" /><node id="4235017153" timestamp="2026-03-11T21:52:02Z" uid="1" user="OSMnx" version="1" changeset="1" lat="28.649514" lon="77.197729" /><node id="4235023046" timestamp="2026-03-11T21:52:02Z" uid="1" user="OSMnx" version="1" changeset="1" lat="28.651587" lon="77.19923" /><node id="4235023048" timestamp="2026-03-11T21:52:02Z" uid="1" user="OSMnx" version="1" changeset="1" lat="28.651736" lon="77.19933" /><node id="4235023049" timestamp="2026-03-11T21:52:02Z" uid="1" user="OSMnx" version="1" changeset="1" lat="28.651898" lon="77.199448" /><node id="4235030404" timestamp="2026-03-11T21:52:02Z" uid="1" user="OSMnx" version="1" changeset="1" lat="28.649376" lon="77.197614" /><node id="4235031028" timestamp="2026-03-11T21:52:02Z" uid="1" user="OSMnx" version="1" changeset="1" lat="28.648672" lon="77.195658" /><node id="4235031030" timestamp="2026-03-11T21:52:02Z" uid="1" user="OSMnx" version="1" changeset="1" lat="28.648797" lon="77.195762" /><node id="4235031031" timestamp="2026-03-11T21:52:02Z" uid="1" user="OSMnx" version="1" changeset="1" lat="28.6492" lon="77.196094" /><node id="4235031032" timestamp="2026-03-11T21:52:02Z" uid="1" user="OSMnx" version="1" changeset="1" lat="28.649329" lon="77.1962" /><node id="4235031043" timestamp="2026-03-11T21:52:02Z" uid="1" user="OSMnx" version="1" changeset="1" lat="28.650784" lon="77.19492" /><node id="4235031045" timestamp="2026-03-11T21:52:02Z" uid="1" user="OSMnx" version="1" changeset="1" lat="28.650919" lon="77.19503" /><node id="4235031046" timestamp="2026-03-11T21:52:02Z" uid="1" user="OSMnx" version="1" changeset="1" lat="28.651078" lon="77.195158" /><node id="4235033592" timestamp="2026-03-11T21:52:02Z" uid="1" user="OSMnx" version="1" changeset="1" lat="28.645813" lon="77.193328" /><node id="4235033593" timestamp="2026-03-11T21:52:02Z" uid="1" user="OSMnx" version="1" changeset="1" lat="28.646364" lon="77.192493" /><node id="4462501445" timestamp="2026-03-11T21:52:02Z" uid="1" user="OSMnx" version="1" changeset="1" lat="28.649031" lon="77.198482" /><node id="4462504504" timestamp="2026-03-11T21:52:02Z" uid="1" user="OSMnx" version="1" changeset="1" lat="28.64752" lon="77.197173" /><node id="4462505685" timestamp="2026-03-11T21:52:02Z" uid="1" user="OSMnx" version="1" changeset="1" lat="28.649758" lon="77.196535" /><node id="4462513560" timestamp="2026-03-11T21:52:02Z" uid="1" user="OSMnx" version="1" changeset="1" lat="28.648048" lon="77.197628" /><node id="4462550758" timestamp="2026-03-11T21:52:02Z" uid="1" user="OSMnx" version="1" changeset="1" lat="28.647907" lon="77.197514" /><node id="4462555209" timestamp="2026-03-11T21:52:02Z" uid="1" user="OSMnx" version="1" changeset="1" lat="28.650119" lon="77.200245" /><node id="4463726815" timestamp="2026-03-11T21:52:02Z" uid="1" user="OSMnx" version="1" changeset="1" lat="28.64876" lon="77.197113" /><node id="4463733247" timestamp="2026-03-11T21:52:02Z" uid="1" user="OSMnx" version="1" changeset="1" lat="28.647641" lon="77.197293" /><node id="4463794512" timestamp="2026-03-11T21:52:02Z" uid="1" user="OSMnx" version="1" changeset="1" lat="28.650801" lon="77.200723" /><node id="4463833673" timestamp="2026-03-11T21:52:02Z" uid="1" user="OSMnx" version="1" changeset="1" lat="28.650036" lon="77.196777" /><node id="4463859972" timestamp="2026-03-11T21:52:02Z" uid="1" user="OSMnx" version="1" changeset="1" lat="28.649894" lon="77.196644" /><node id="4503144339" timestamp="2026-03-11T21:52:02Z" uid="1" user="OSMnx" version="1" changeset="1" lat="28.647782" lon="77.197408" /><node id="4519266507" timestamp="2026-03-11T21:52:02Z" uid="1" user="OSMnx" version="1" changeset="1" lat="28.650938" lon="77.200815" /><node id="4522163024" timestamp="2026-03-11T21:52:02Z" uid="1" user="OSMnx" version="1" changeset="1" lat="28.648622" lon="77.196989" /><node id="5316879224" timestamp="2026-03-11T21:52:02Z" uid="1" user="OSMnx" version="1" changeset="1" lat="28.645794" lon="77.194449" /><node id="5316879225" timestamp="2026-03-11T21:52:02Z" uid="1" user="OSMnx" version="1" changeset="1" lat="28.645823" lon="77.194699" /><node id="5316879226" timestamp="2026-03-11T21:52:02Z" uid="1" user="OSMnx" version="1" changeset="1" lat="28.645537" lon="77.194624" /><node id="6395604905" timestamp="2026-03-11T21:52:02Z" uid="1" user="OSMnx" version="1" changeset="1" lat="28.654986" lon="77.183056" /><node id="6487653612" timestamp="2026-03-11T21:52:02Z" uid="1" user="OSMnx" version="1" changeset="1" lat="28.645688" lon="77.183488" /><node id="6487653614" timestamp="2026-03-11T21:52:02Z" uid="1" user="OSMnx" version="1" changeset="1" lat="28.645315" lon="77.183395" /><node id="6488018618" timestamp="2026-03-11T21:52:02Z" uid="1" user="OSMnx" version="1" changeset="1" lat="28.648701" lon="77.187555" /><node id="6488018620" timestamp="2026-03-11T21:52:02Z" uid="1" user="OSMnx" version="1" changeset="1" lat="28.648026" lon="77.1888" /><node id="6488018622" timestamp="2026-03-11T21:52:02Z" uid="1" user="OSMnx" version="1" changeset="1" lat="28.647364" lon="77.190054" /><node id="6488018624" timestamp="2026-03-11T21:52:02Z" uid="1" user="OSMnx" version="1" changeset="1" lat="28.646579" lon="77.191423" /><node id="6542381789" timestamp="2026-03-11T21:52:02Z" uid="1" user="OSMnx" version="1" changeset="1" lat="28.660933" lon="77.189579" /><node id="6542381790" timestamp="2026-03-11T21:52:02Z" uid="1" user="OSMnx" version="1" changeset="1" lat="28.660989" lon="77.189473" /><node id="6542418788" timestamp="2026-03-11T21:52:02Z" uid="1" user="OSMnx" version="1" changeset="1" lat="28.660158" lon="77.189565" /><node id="6542418790" timestamp="2026-03-11T21:52:02Z" uid="1" user="OSMnx" version="1" changeset="1" lat="28.659853" lon="77.190472" /><node id="6542418794" timestamp="2026-03-11T21:52:02Z" uid="1" user="OSMnx" version="1" changeset="1" lat="28.660926" lon="77.187272" /><node id="6542418795" timestamp="2026-03-11T21:52:02Z" uid="1" user="OSMnx" version="1" changeset="1" lat="28.661137" lon="77.18665" /><node id="6542418796" timestamp="2026-03-11T21:52:02Z" uid="1" user="OSMnx" version="1" changeset="1" lat="28.661342" lon="77.186043" /><node id="6542418799" timestamp="2026-03-11T21:52:02Z" uid="1" user="OSMnx" version="1" changeset="1" lat="28.661836" lon="77.18641" /><node id="6560391243" timestamp="2026-03-11T21:52:02Z" uid="1" user="OSMnx" version="1" changeset="1" lat="28.65573" lon="77.200872" /><node id="6560391247" timestamp="2026-03-11T21:52:02Z" uid="1" user="OSMnx" version="1" changeset="1" lat="28.657372" lon="77.197443" /><node id="6560391249" timestamp="2026-03-11T21:52:02Z" uid="1" user="OSMnx" version="1" changeset="1" lat="28.658026" lon="77.196195" /><node id="6560391250" timestamp="2026-03-11T21:52:02Z" uid="1" user="OSMnx" version="1" changeset="1" lat="28.658189" lon="77.196306" /><node id="6560391252" timestamp="2026-03-11T21:52:02Z" uid="1" user="OSMnx" version="1" changeset="1" lat="28.657545" lon="77.197558" /><node id="6560391253" timestamp="2026-03-11T21:52:02Z" uid="1" user="OSMnx" version="1" changeset="1" lat="28.656857" lon="77.19896" /><node id="6560391254" timestamp="2026-03-11T21:52:02Z" uid="1" user="OSMnx" version="1" changeset="1" lat="28.657856" lon="77.196079" /><node id="6560391255" timestamp="2026-03-11T21:52:02Z" uid="1" user="OSMnx" version="1" changeset="1" lat="28.657682" lon="77.197654" /><node id="6560391256" timestamp="2026-03-11T21:52:02Z" uid="1" user="OSMnx" version="1" changeset="1" lat="28.657382" lon="77.198273" /><node id="6560391258" timestamp="2026-03-11T21:52:02Z" uid="1" user="OSMnx" version="1" changeset="1" lat="28.656738" lon="77.19635" /><node id="6622401080" timestamp="2026-03-11T21:52:02Z" uid="1" user="OSMnx" version="1" changeset="1" lat="28.653263" lon="77.190775" /><node id="6622401081" timestamp="2026-03-11T21:52:02Z" uid="1" user="OSMnx" version="1" changeset="1" lat="28.652535" lon="77.192097" /><node id="6622401082" timestamp="2026-03-11T21:52:02Z" uid="1" user="OSMnx" version="1" changeset="1" lat="28.652917" lon="77.191832" /><node id="6627388061" timestamp="2026-03-11T21:52:02Z" uid="1" user="OSMnx" version="1" changeset="1" lat="28.647664" lon="77.188536" /><node id="6627388062" timestamp="2026-03-11T21:52:02Z" uid="1" user="OSMnx" version="1" changeset="1" lat="28.647014" lon="77.189802" /><node id="6630518555" timestamp="2026-03-11T21:52:02Z" uid="1" user="OSMnx" version="1" changeset="1" lat="28.659235" lon="77.188896" /><node id="6630518556" timestamp="2026-03-11T21:52:02Z" uid="1" user="OSMnx" version="1" changeset="1" lat="28.659745" lon="77.18925" /><node id="6630518557" timestamp="2026-03-11T21:52:02Z" uid="1" user="OSMnx" version="1" changeset="1" lat="28.658791" lon="77.189731" /><node id="6630518559" timestamp="2026-03-11T21:52:02Z" uid="1" user="OSMnx" version="1" changeset="1" lat="28.660121" lon="77.188136" /><node id="6636661915" timestamp="2026-03-11T21:52:02Z" uid="1" user="OSMnx" version="1" changeset="1" lat="28.649215" lon="77.187937" /><node id="6636661916" timestamp="2026-03-11T21:52:02Z" uid="1" user="OSMnx" version="1" changeset="1" lat="28.649334" lon="77.188026" /><node id="6636661917" timestamp="2026-03-11T21:52:02Z" uid="1" user="OSMnx" version="1" changeset="1" lat="28.649836" lon="77.187076" /><node id="6636661918" timestamp="2026-03-11T21:52:02Z" uid="1" user="OSMnx" version="1" changeset="1" lat="28.649702" lon="77.186982" /><node id="6636661919" timestamp="2026-03-11T21:52:02Z" uid="1" user="OSMnx" version="1" changeset="1" lat="28.64911" lon="77.18786" /><node id="6636661920" timestamp="2026-03-11T21:52:02Z" uid="1" user="OSMnx" version="1" changeset="1" lat="28.64959" lon="77.186905" /><node id="6636661921" timestamp="2026-03-11T21:52:02Z" uid="1" user="OSMnx" version="1" changeset="1" lat="28.648984" lon="77.187765" /><node id="6636661922" timestamp="2026-03-11T21:52:02Z" uid="1" user="OSMnx" version="1" changeset="1" lat="28.649464" lon="77.186817" /><node id="6636661923" timestamp="2026-03-11T21:52:02Z" uid="1" user="OSMnx" version="1" changeset="1" lat="28.648874" lon="77.187684" /><node id="6636661924" timestamp="2026-03-11T21:52:02Z" uid="1" user="OSMnx" version="1" changeset="1" lat="28.649351" lon="77.186738" /><node id="6636661925" timestamp="2026-03-11T21:52:02Z" uid="1" user="OSMnx" version="1" changeset="1" lat="28.648753" lon="77.187594" /><node id="6636661926" timestamp="2026-03-11T21:52:02Z" uid="1" user="OSMnx" version="1" changeset="1" lat="28.649231" lon="77.186655" /><node id="6636661927" timestamp="2026-03-11T21:52:02Z" uid="1" user="OSMnx" version="1" changeset="1" lat="28.648494" lon="77.187401" /><node id="6636661928" timestamp="2026-03-11T21:52:02Z" uid="1" user="OSMnx" version="1" changeset="1" lat="28.649004" lon="77.186498" /><node id="6636661929" timestamp="2026-03-11T21:52:02Z" uid="1" user="OSMnx" version="1" changeset="1" lat="28.648371" lon="77.18731" /><node id="6636661930" timestamp="2026-03-11T21:52:02Z" uid="1" user="OSMnx" version="1" changeset="1" lat="28.648877" lon="77.18641" /><node id="6636661931" timestamp="2026-03-11T21:52:02Z" uid="1" user="OSMnx" version="1" changeset="1" lat="28.648243" lon="77.187214" /><node id="6636661932" timestamp="2026-03-11T21:52:02Z" uid="1" user="OSMnx" version="1" changeset="1" lat="28.648744" lon="77.186317" /><node id="6636945937" timestamp="2026-03-11T21:52:02Z" uid="1" user="OSMnx" version="1" changeset="1" lat="28.64539" lon="77.18832" /><node id="6636945940" timestamp="2026-03-11T21:52:02Z" uid="1" user="OSMnx" version="1" changeset="1" lat="28.644632" lon="77.187159" /><node id="6636945941" timestamp="2026-03-11T21:52:02Z" uid="1" user="OSMnx" version="1" changeset="1" lat="28.64552" lon="77.188063" /><node id="6636945943" timestamp="2026-03-11T21:52:02Z" uid="1" user="OSMnx" version="1" changeset="1" lat="28.644874" lon="77.187148" /><node id="6643017369" timestamp="2026-03-11T21:52:02Z" uid="1" user="OSMnx" version="1" changeset="1" lat="28.653256" lon="77.200371" /><node id="6643017371" timestamp="2026-03-11T21:52:02Z" uid="1" user="OSMnx" version="1" changeset="1" lat="28.652954" lon="77.200165" /><node id="6643017374" timestamp="2026-03-11T21:52:02Z" uid="1" user="OSMnx" version="1" changeset="1" lat="28.652798" lon="77.201622" /><node id="6643017375" timestamp="2026-03-11T21:52:02Z" uid="1" user="OSMnx" version="1" changeset="1" lat="28.652603" lon="77.201986" /><node id="6645796643" timestamp="2026-03-11T21:52:02Z" uid="1" user="OSMnx" version="1" changeset="1" lat="28.657197" lon="77.192195" /><node id="6645796645" timestamp="2026-03-11T21:52:02Z" uid="1" user="OSMnx" version="1" changeset="1" lat="28.657591" lon="77.192467" /><node id="6645796648" timestamp="2026-03-11T21:52:02Z" uid="1" user="OSMnx" version="1" changeset="1" lat="28.658659" lon="77.191433" /><node id="6645796649" timestamp="2026-03-11T21:52:02Z" uid="1" user="OSMnx" version="1" changeset="1" lat="28.659182" lon="77.190004" /><node id="6645796650" timestamp="2026-03-11T21:52:02Z" uid="1" user="OSMnx" version="1" changeset="1" lat="28.658271" lon="77.191174" /><node id="6645796651" timestamp="2026-03-11T21:52:02Z" uid="1" user="OSMnx" version="1" changeset="1" lat="28.658986" lon="77.189867" /><node id="6645796652" timestamp="2026-03-11T21:52:02Z" uid="1" user="OSMnx" version="1" changeset="1" lat="28.657884" lon="77.190903" /><node id="6645796653" timestamp="2026-03-11T21:52:02Z" uid="1" user="OSMnx" version="1" changeset="1" lat="28.658592" lon="77.189572" /><node id="6645796654" timestamp="2026-03-11T21:52:02Z" uid="1" user="OSMnx" version="1" changeset="1" lat="28.657498" lon="77.190631" /><node id="6645796655" timestamp="2026-03-11T21:52:02Z" uid="1" user="OSMnx" version="1" changeset="1" lat="28.658199" lon="77.189307" /><node id="6645814322" timestamp="2026-03-11T21:52:02Z" uid="1" user="OSMnx" version="1" changeset="1" lat="28.657057" lon="77.190321" /><node id="6645814323" timestamp="2026-03-11T21:52:02Z" uid="1" user="OSMnx" version="1" changeset="1" lat="28.657768" lon="77.189074" /><node id="6645841980" timestamp="2026-03-11T21:52:02Z" uid="1" user="OSMnx" version="1" changeset="1" lat="28.656215" lon="77.191529" /><node id="6645841984" timestamp="2026-03-11T21:52:02Z" uid="1" user="OSMnx" version="1" changeset="1" lat="28.656509" lon="77.191757" /><node id="6645855285" timestamp="2026-03-11T21:52:02Z" uid="1" user="OSMnx" version="1" changeset="1" lat="28.656464" lon="77.19145" /><node id="6646260819" timestamp="2026-03-11T21:52:02Z" uid="1" user="OSMnx" version="1" changeset="1" lat="28.660684" lon="77.185571" /><node id="6646260820" timestamp="2026-03-11T21:52:02Z" uid="1" user="OSMnx" version="1" changeset="1" lat="28.660922" lon="77.185765" /><node id="6646260821" timestamp="2026-03-11T21:52:02Z" uid="1" user="OSMnx" version="1" changeset="1" lat="28.660456" lon="77.186206" /><node id="6646260822" timestamp="2026-03-11T21:52:02Z" uid="1" user="OSMnx" version="1" changeset="1" lat="28.660717" lon="77.186373" /><node id="6646260827" timestamp="2026-03-11T21:52:02Z" uid="1" user="OSMnx" version="1" changeset="1" lat="28.660529" lon="77.186932" /><node id="6660003866" timestamp="2026-03-11T21:52:02Z" uid="1" user="OSMnx" version="1" changeset="1" lat="28.650616" lon="77.192512" /><node id="6660003867" timestamp="2026-03-11T21:52:02Z" uid="1" user="OSMnx" version="1" changeset="1" lat="28.65135" lon="77.191232" /><node id="6726571404" timestamp="2026-03-11T21:52:02Z" uid="1" user="OSMnx" version="1" changeset="1" lat="28.646402" lon="77.189359" /><node id="6726571405" timestamp="2026-03-11T21:52:02Z" uid="1" user="OSMnx" version="1" changeset="1" lat="28.645506" lon="77.190583" /><node id="6726571406" timestamp="2026-03-11T21:52:02Z" uid="1" user="OSMnx" version="1" changeset="1" lat="28.646209" lon="77.189222" /><node id="6726571407" timestamp="2026-03-11T21:52:02Z" uid="1" user="OSMnx" version="1" changeset="1" lat="28.645145" lon="77.190281" /><node id="6726571408" timestamp="2026-03-11T21:52:02Z" uid="1" user="OSMnx" version="1" changeset="1" lat="28.645836" lon="77.188958" /><node id="6730511851" timestamp="2026-03-11T21:52:02Z" uid="1" user="OSMnx" version="1" changeset="1" lat="28.647664" lon="77.192284" /><node id="6730511852" timestamp="2026-03-11T21:52:02Z" uid="1" user="OSMnx" version="1" changeset="1" lat="28.648458" lon="77.190843" /><node id="6730511853" timestamp="2026-03-11T21:52:02Z" uid="1" user="OSMnx" version="1" changeset="1" lat="28.648706" lon="77.191033" /><node id="6730511854" timestamp="2026-03-11T21:52:02Z" uid="1" user="OSMnx" version="1" changeset="1" lat="28.647873" lon="77.192445" /><node id="6731848953" timestamp="2026-03-11T21:52:02Z" uid="1" user="OSMnx" version="1" changeset="1" lat="28.650928" lon="77.197465" /><node id="6731848954" timestamp="2026-03-11T21:52:02Z" uid="1" user="OSMnx" version="1" changeset="1" lat="28.651929" lon="77.195722" /><node id="6731848955" timestamp="2026-03-11T21:52:02Z" uid="1" user="OSMnx" version="1" changeset="1" lat="28.652789" lon="77.194163" /><node id="6734357396" timestamp="2026-03-11T21:52:02Z" uid="1" user="OSMnx" version="1" changeset="1" lat="28.65782" lon="77.197746" /><node id="6734357397" timestamp="2026-03-11T21:52:02Z" uid="1" user="OSMnx" version="1" changeset="1" lat="28.658482" lon="77.196488" /><node id="6734357398" timestamp="2026-03-11T21:52:02Z" uid="1" user="OSMnx" version="1" changeset="1" lat="28.65769" lon="77.19766" /><node id="6734357399" timestamp="2026-03-11T21:52:02Z" uid="1" user="OSMnx" version="1" changeset="1" lat="28.658339" lon="77.196398" /><node id="6734357400" timestamp="2026-03-11T21:52:02Z" uid="1" user="OSMnx" version="1" changeset="1" lat="28.657144" lon="77.19558" /><node id="6734357401" timestamp="2026-03-11T21:52:02Z" uid="1" user="OSMnx" version="1" changeset="1" lat="28.657621" lon="77.195909" /><node id="6734357405" timestamp="2026-03-11T21:52:02Z" uid="1" user="OSMnx" version="1" changeset="1" lat="28.658586" lon="77.194669" /><node id="6734357406" timestamp="2026-03-11T21:52:02Z" uid="1" user="OSMnx" version="1" changeset="1" lat="28.656941" lon="77.197146" /><node id="6734357407" timestamp="2026-03-11T21:52:02Z" uid="1" user="OSMnx" version="1" changeset="1" lat="28.657196" lon="77.196649" /><node id="6734357408" timestamp="2026-03-11T21:52:02Z" uid="1" user="OSMnx" version="1" changeset="1" lat="28.65759" lon="77.195886" /><node id="6734357414" timestamp="2026-03-11T21:52:02Z" uid="1" user="OSMnx" version="1" changeset="1" lat="28.658572" lon="77.19423" /><node id="6734569331" timestamp="2026-03-11T21:52:02Z" uid="1" user="OSMnx" version="1" changeset="1" lat="28.655286" lon="77.200566" /><node id="6734569332" timestamp="2026-03-11T21:52:02Z" uid="1" user="OSMnx" version="1" changeset="1" lat="28.656142" lon="77.198794" /><node id="6734569334" timestamp="2026-03-11T21:52:02Z" uid="1" user="OSMnx" version="1" changeset="1" lat="28.655678" lon="77.19849" /><node id="6737890416" timestamp="2026-03-11T21:52:02Z" uid="1" user="OSMnx" version="1" changeset="1" lat="28.647232" lon="77.191184" /><node id="6737890417" timestamp="2026-03-11T21:52:02Z" uid="1" user="OSMnx" version="1" changeset="1" lat="28.646871" lon="77.190929" /><node id="6737890418" timestamp="2026-03-11T21:52:02Z" uid="1" user="OSMnx" version="1" changeset="1" lat="28.647029" lon="77.190631" /><node id="6737890419" timestamp="2026-03-11T21:52:02Z" uid="1" user="OSMnx" version="1" changeset="1" lat="28.647408" lon="77.190876" /><node id="6737890420" timestamp="2026-03-11T21:52:02Z" uid="1" user="OSMnx" version="1" changeset="1" lat="28.647729" lon="77.190315" /><node id="6737890421" timestamp="2026-03-11T21:52:02Z" uid="1" user="OSMnx" version="1" changeset="1" lat="28.646933" lon="77.191711" /><node id="6738652788" timestamp="2026-03-11T21:52:02Z" uid="1" user="OSMnx" version="1" changeset="1" lat="28.646254" lon="77.191156" /><node id="6741865618" timestamp="2026-03-11T21:52:02Z" uid="1" user="OSMnx" version="1" changeset="1" lat="28.649944" lon="77.190192" /><node id="6741865620" timestamp="2026-03-11T21:52:02Z" uid="1" user="OSMnx" version="1" changeset="1" lat="28.652512" lon="77.190233" /><node id="6741865621" timestamp="2026-03-11T21:52:02Z" uid="1" user="OSMnx" version="1" changeset="1" lat="28.650774" lon="77.188996" /><node id="6741865624" timestamp="2026-03-11T21:52:02Z" uid="1" user="OSMnx" version="1" changeset="1" lat="28.647398" lon="77.187048" /><node id="6741865625" timestamp="2026-03-11T21:52:02Z" uid="1" user="OSMnx" version="1" changeset="1" lat="28.650049" lon="77.190278" /><node id="6741865628" timestamp="2026-03-11T21:52:02Z" uid="1" user="OSMnx" version="1" changeset="1" lat="28.652009" lon="77.191711" /><node id="6741865634" timestamp="2026-03-11T21:52:02Z" uid="1" user="OSMnx" version="1" changeset="1" lat="28.650628" lon="77.188884" /><node id="6741865639" timestamp="2026-03-11T21:52:02Z" uid="1" user="OSMnx" version="1" changeset="1" lat="28.65235" lon="77.191962" /><node id="6741865640" timestamp="2026-03-11T21:52:02Z" uid="1" user="OSMnx" version="1" changeset="1" lat="28.65262" lon="77.19031" /><node id="6741865642" timestamp="2026-03-11T21:52:02Z" uid="1" user="OSMnx" version="1" changeset="1" lat="28.652721" lon="77.190383" /><node id="6741865648" timestamp="2026-03-11T21:52:02Z" uid="1" user="OSMnx" version="1" changeset="1" lat="28.653082" lon="77.190644" /><node id="6741865651" timestamp="2026-03-11T21:52:02Z" uid="1" user="OSMnx" version="1" changeset="1" lat="28.651903" lon="77.191634" /><node id="6741865652" timestamp="2026-03-11T21:52:02Z" uid="1" user="OSMnx" version="1" changeset="1" lat="28.651797" lon="77.191557" /><node id="6741865653" timestamp="2026-03-11T21:52:02Z" uid="1" user="OSMnx" version="1" changeset="1" lat="28.646868" lon="77.187987" /><node id="6743318630" timestamp="2026-03-11T21:52:02Z" uid="1" user="OSMnx" version="1" changeset="1" lat="28.652935" lon="77.192372" /><node id="6743318632" timestamp="2026-03-11T21:52:02Z" uid="1" user="OSMnx" version="1" changeset="1" lat="28.650635" lon="77.190786" /><node id="6743318633" timestamp="2026-03-11T21:52:02Z" uid="1" user="OSMnx" version="1" changeset="1" lat="28.651297" lon="77.191275" /><node id="6743318634" timestamp="2026-03-11T21:52:02Z" uid="1" user="OSMnx" version="1" changeset="1" lat="28.652135" lon="77.191898" /><node id="6743318636" timestamp="2026-03-11T21:52:02Z" uid="1" user="OSMnx" version="1" changeset="1" lat="28.652498" lon="77.192164" /><node id="6745216189" timestamp="2026-03-11T21:52:02Z" uid="1" user="OSMnx" version="1" changeset="1" lat="28.65709" lon="77.187516" /><node id="6745216191" timestamp="2026-03-11T21:52:02Z" uid="1" user="OSMnx" version="1" changeset="1" lat="28.656545" lon="77.187927" /><node id="6745216192" timestamp="2026-03-11T21:52:02Z" uid="1" user="OSMnx" version="1" changeset="1" lat="28.656846" lon="77.187361" /><node id="6745216193" timestamp="2026-03-11T21:52:02Z" uid="1" user="OSMnx" version="1" changeset="1" lat="28.657318" lon="77.186234" /><node id="6745216198" timestamp="2026-03-11T21:52:02Z" uid="1" user="OSMnx" version="1" changeset="1" lat="28.656652" lon="77.186592" /><node id="6745216199" timestamp="2026-03-11T21:52:02Z" uid="1" user="OSMnx" version="1" changeset="1" lat="28.657284" lon="77.187699" /><node id="6745216202" timestamp="2026-03-11T21:52:02Z" uid="1" user="OSMnx" version="1" changeset="1" lat="28.65642" lon="77.187065" /><node id="6745216203" timestamp="2026-03-11T21:52:02Z" uid="1" user="OSMnx" version="1" changeset="1" lat="28.656973" lon="77.186012" /><node id="6745216204" timestamp="2026-03-11T21:52:02Z" uid="1" user="OSMnx" version="1" changeset="1" lat="28.656686" lon="77.185721" /><node id="6748887279" timestamp="2026-03-11T21:52:02Z" uid="1" user="OSMnx" version="1" changeset="1" lat="28.653139" lon="77.18573" /><node id="6748887281" timestamp="2026-03-11T21:52:02Z" uid="1" user="OSMnx" version="1" changeset="1" lat="28.654136" lon="77.183915" /><node id="6748887284" timestamp="2026-03-11T21:52:02Z" uid="1" user="OSMnx" version="1" changeset="1" lat="28.655449" lon="77.184882" /><node id="6748936985" timestamp="2026-03-11T21:52:02Z" uid="1" user="OSMnx" version="1" changeset="1" lat="28.654642" lon="77.186806" /><node id="6749273049" timestamp="2026-03-11T21:52:02Z" uid="1" user="OSMnx" version="1" changeset="1" lat="28.648075" lon="77.185875" /><node id="6749617092" timestamp="2026-03-11T21:52:02Z" uid="1" user="OSMnx" version="1" changeset="1" lat="28.656576" lon="77.199097" /><node id="6749695629" timestamp="2026-03-11T21:52:02Z" uid="1" user="OSMnx" version="1" changeset="1" lat="28.652422" lon="77.196057" /><node id="6751553045" timestamp="2026-03-11T21:52:02Z" uid="1" user="OSMnx" version="1" changeset="1" lat="28.650154" lon="77.192153" /><node id="6751553046" timestamp="2026-03-11T21:52:02Z" uid="1" user="OSMnx" version="1" changeset="1" lat="28.650838" lon="77.190936" /><node id="6751553047" timestamp="2026-03-11T21:52:02Z" uid="1" user="OSMnx" version="1" changeset="1" lat="28.650316" lon="77.19229" /><node id="6751553048" timestamp="2026-03-11T21:52:02Z" uid="1" user="OSMnx" version="1" changeset="1" lat="28.650991" lon="77.191048" /><node id="6751553050" timestamp="2026-03-11T21:52:02Z" uid="1" user="OSMnx" version="1" changeset="1" lat="28.651131" lon="77.191151" /><node id="6751553051" timestamp="2026-03-11T21:52:02Z" uid="1" user="OSMnx" version="1" changeset="1" lat="28.650759" lon="77.192622" /><node id="6751553052" timestamp="2026-03-11T21:52:02Z" uid="1" user="OSMnx" version="1" changeset="1" lat="28.651463" lon="77.191394" /><node id="6751553053" timestamp="2026-03-11T21:52:02Z" uid="1" user="OSMnx" version="1" changeset="1" lat="28.650928" lon="77.192756" /><node id="6751553054" timestamp="2026-03-11T21:52:02Z" uid="1" user="OSMnx" version="1" changeset="1" lat="28.651603" lon="77.191497" /><node id="6751553055" timestamp="2026-03-11T21:52:02Z" uid="1" user="OSMnx" version="1" changeset="1" lat="28.65107" lon="77.192864" /><node id="6751553056" timestamp="2026-03-11T21:52:02Z" uid="1" user="OSMnx" version="1" changeset="1" lat="28.651753" lon="77.191607" /><node id="6751553057" timestamp="2026-03-11T21:52:02Z" uid="1" user="OSMnx" version="1" changeset="1" lat="28.651224" lon="77.19299" /><node id="6751553058" timestamp="2026-03-11T21:52:02Z" uid="1" user="OSMnx" version="1" changeset="1" lat="28.651917" lon="77.191727" /><node id="6751553059" timestamp="2026-03-11T21:52:02Z" uid="1" user="OSMnx" version="1" changeset="1" lat="28.651019" lon="77.19007" /><node id="6751553060" timestamp="2026-03-11T21:52:02Z" uid="1" user="OSMnx" version="1" changeset="1" lat="28.651181" lon="77.190199" /><node id="6751553061" timestamp="2026-03-11T21:52:02Z" uid="1" user="OSMnx" version="1" changeset="1" lat="28.651285" lon="77.190269" /><node id="6751553062" timestamp="2026-03-11T21:52:02Z" uid="1" user="OSMnx" version="1" changeset="1" lat="28.651394" lon="77.190345" /><node id="6751553063" timestamp="2026-03-11T21:52:02Z" uid="1" user="OSMnx" version="1" changeset="1" lat="28.651488" lon="77.190427" /><node id="6751553064" timestamp="2026-03-11T21:52:02Z" uid="1" user="OSMnx" version="1" changeset="1" lat="28.651593" lon="77.190513" /><node id="6751553065" timestamp="2026-03-11T21:52:02Z" uid="1" user="OSMnx" version="1" changeset="1" lat="28.651697" lon="77.190585" /><node id="6751553066" timestamp="2026-03-11T21:52:02Z" uid="1" user="OSMnx" version="1" changeset="1" lat="28.651816" lon="77.190666" /><node id="6751553067" timestamp="2026-03-11T21:52:02Z" uid="1" user="OSMnx" version="1" changeset="1" lat="28.651928" lon="77.190757" /><node id="6751553068" timestamp="2026-03-11T21:52:02Z" uid="1" user="OSMnx" version="1" changeset="1" lat="28.652032" lon="77.190847" /><node id="6751553069" timestamp="2026-03-11T21:52:02Z" uid="1" user="OSMnx" version="1" changeset="1" lat="28.652136" lon="77.190924" /><node id="6751553070" timestamp="2026-03-11T21:52:02Z" uid="1" user="OSMnx" version="1" changeset="1" lat="28.652241" lon="77.190996" /><node id="6751553071" timestamp="2026-03-11T21:52:02Z" uid="1" user="OSMnx" version="1" changeset="1" lat="28.652343" lon="77.191079" /><node id="6751553072" timestamp="2026-03-11T21:52:02Z" uid="1" user="OSMnx" version="1" changeset="1" lat="28.650824" lon="77.190842" /><node id="6751553073" timestamp="2026-03-11T21:52:02Z" uid="1" user="OSMnx" version="1" changeset="1" lat="28.651534" lon="77.189543" /><node id="6751553074" timestamp="2026-03-11T21:52:02Z" uid="1" user="OSMnx" version="1" changeset="1" lat="28.650931" lon="77.190923" /><node id="6751553075" timestamp="2026-03-11T21:52:02Z" uid="1" user="OSMnx" version="1" changeset="1" lat="28.651632" lon="77.189611" /><node id="6751553076" timestamp="2026-03-11T21:52:02Z" uid="1" user="OSMnx" version="1" changeset="1" lat="28.651041" lon="77.191002" /><node id="6751553077" timestamp="2026-03-11T21:52:02Z" uid="1" user="OSMnx" version="1" changeset="1" lat="28.651736" lon="77.189682" /><node id="6751553078" timestamp="2026-03-11T21:52:02Z" uid="1" user="OSMnx" version="1" changeset="1" lat="28.651142" lon="77.191072" /><node id="6751553079" timestamp="2026-03-11T21:52:02Z" uid="1" user="OSMnx" version="1" changeset="1" lat="28.651804" lon="77.189728" /><node id="6751553080" timestamp="2026-03-11T21:52:02Z" uid="1" user="OSMnx" version="1" changeset="1" lat="28.651243" lon="77.191154" /><node id="6751553081" timestamp="2026-03-11T21:52:02Z" uid="1" user="OSMnx" version="1" changeset="1" lat="28.651946" lon="77.18983" /><node id="6751553083" timestamp="2026-03-11T21:52:02Z" uid="1" user="OSMnx" version="1" changeset="1" lat="28.652024" lon="77.189889" /><node id="6751553084" timestamp="2026-03-11T21:52:02Z" uid="1" user="OSMnx" version="1" changeset="1" lat="28.651463" lon="77.191314" /><node id="6751554085" timestamp="2026-03-11T21:52:02Z" uid="1" user="OSMnx" version="1" changeset="1" lat="28.65215" lon="77.189978" /><node id="6751554086" timestamp="2026-03-11T21:52:02Z" uid="1" user="OSMnx" version="1" changeset="1" lat="28.651577" lon="77.191399" /><node id="6751554087" timestamp="2026-03-11T21:52:02Z" uid="1" user="OSMnx" version="1" changeset="1" lat="28.652297" lon="77.190088" /><node id="6751554088" timestamp="2026-03-11T21:52:02Z" uid="1" user="OSMnx" version="1" changeset="1" lat="28.651684" lon="77.19147" /><node id="6751554089" timestamp="2026-03-11T21:52:02Z" uid="1" user="OSMnx" version="1" changeset="1" lat="28.652406" lon="77.190156" /><node id="6751554090" timestamp="2026-03-11T21:52:02Z" uid="1" user="OSMnx" version="1" changeset="1" lat="28.650646" lon="77.188898" /><node id="6751554091" timestamp="2026-03-11T21:52:02Z" uid="1" user="OSMnx" version="1" changeset="1" lat="28.651151" lon="77.187971" /><node id="6751554093" timestamp="2026-03-11T21:52:02Z" uid="1" user="OSMnx" version="1" changeset="1" lat="28.651274" lon="77.18806" /><node id="6751554094" timestamp="2026-03-11T21:52:02Z" uid="1" user="OSMnx" version="1" changeset="1" lat="28.650878" lon="77.18906" /><node id="6751554095" timestamp="2026-03-11T21:52:02Z" uid="1" user="OSMnx" version="1" changeset="1" lat="28.651378" lon="77.188138" /><node id="6751554096" timestamp="2026-03-11T21:52:02Z" uid="1" user="OSMnx" version="1" changeset="1" lat="28.651012" lon="77.189162" /><node id="6751554097" timestamp="2026-03-11T21:52:02Z" uid="1" user="OSMnx" version="1" changeset="1" lat="28.651522" lon="77.188189" /><node id="6751554098" timestamp="2026-03-11T21:52:02Z" uid="1" user="OSMnx" version="1" changeset="1" lat="28.651118" lon="77.189238" /><node id="6751554099" timestamp="2026-03-11T21:52:02Z" uid="1" user="OSMnx" version="1" changeset="1" lat="28.651636" lon="77.188277" /><node id="6751554100" timestamp="2026-03-11T21:52:02Z" uid="1" user="OSMnx" version="1" changeset="1" lat="28.651215" lon="77.189312" /><node id="6751554101" timestamp="2026-03-11T21:52:02Z" uid="1" user="OSMnx" version="1" changeset="1" lat="28.651748" lon="77.188359" /><node id="6757496042" timestamp="2026-03-11T21:52:02Z" uid="1" user="OSMnx" version="1" changeset="1" lat="28.656396" lon="77.185534" /><node id="6758962542" timestamp="2026-03-11T21:52:02Z" uid="1" user="OSMnx" version="1" changeset="1" lat="28.651017" lon="77.184304" /><node id="6758962543" timestamp="2026-03-11T21:52:02Z" uid="1" user="OSMnx" version="1" changeset="1" lat="28.651459" lon="77.183498" /><node id="6884962293" timestamp="2026-03-11T21:52:02Z" uid="1" user="OSMnx" version="1" changeset="1" lat="28.651814" lon="77.186396" /><node id="6884962299" timestamp="2026-03-11T21:52:02Z" uid="1" user="OSMnx" version="1" changeset="1" lat="28.651649" lon="77.186698" /><node id="6884962300" timestamp="2026-03-11T21:52:02Z" uid="1" user="OSMnx" version="1" changeset="1" lat="28.651587" lon="77.186668" /><node id="6884962304" timestamp="2026-03-11T21:52:02Z" uid="1" user="OSMnx" version="1" changeset="1" lat="28.651529" lon="77.186434" /><node id="6884962306" timestamp="2026-03-11T21:52:02Z" uid="1" user="OSMnx" version="1" changeset="1" lat="28.651629" lon="77.186331" /><node id="6935777986" timestamp="2026-03-11T21:52:02Z" uid="1" user="OSMnx" version="1" changeset="1" lat="28.645481" lon="77.187018" /><node id="6935777991" timestamp="2026-03-11T21:52:02Z" uid="1" user="OSMnx" version="1" changeset="1" lat="28.645102" lon="77.187031" /><node id="6935777994" timestamp="2026-03-11T21:52:02Z" uid="1" user="OSMnx" version="1" changeset="1" lat="28.644744" lon="77.187047" /><node id="6935777999" timestamp="2026-03-11T21:52:02Z" uid="1" user="OSMnx" version="1" changeset="1" lat="28.645842" lon="77.187001" /><node id="6998001694" timestamp="2026-03-11T21:52:02Z" uid="1" user="OSMnx" version="1" changeset="1" lat="28.64802" lon="77.198732" /><node id="6998001695" timestamp="2026-03-11T21:52:02Z" uid="1" user="OSMnx" version="1" changeset="1" lat="28.646604" lon="77.197566" /><node id="7223095399" timestamp="2026-03-11T21:52:02Z" uid="1" user="OSMnx" version="1" changeset="1" lat="28.655204" lon="77.190068" /><node id="7223095400" timestamp="2026-03-11T21:52:02Z" uid="1" user="OSMnx" version="1" changeset="1" lat="28.654908" lon="77.19063" /><node id="7223095401" timestamp="2026-03-11T21:52:02Z" uid="1" user="OSMnx" version="1" changeset="1" lat="28.654357" lon="77.191616" /><node id="9181739602" timestamp="2026-03-11T21:52:02Z" uid="1" user="OSMnx" version="1" changeset="1" lat="28.653714" lon="77.186144" /><node id="9181739606" timestamp="2026-03-11T21:52:02Z" uid="1" user="OSMnx" version="1" changeset="1" lat="28.652991" lon="77.187466" /><node id="9181739608" timestamp="2026-03-11T21:52:02Z" uid="1" user="OSMnx" version="1" changeset="1" lat="28.652299" lon="77.188756" /><node id="9181739611" timestamp="2026-03-11T21:52:02Z" uid="1" user="OSMnx" version="1" changeset="1" lat="28.653812" lon="77.183689" /><node id="9181739615" timestamp="2026-03-11T21:52:02Z" uid="1" user="OSMnx" version="1" changeset="1" lat="28.652087" lon="77.186831" /><node id="9181739616" timestamp="2026-03-11T21:52:02Z" uid="1" user="OSMnx" version="1" changeset="1" lat="28.653634" lon="77.183578" /><node id="9181740496" timestamp="2026-03-11T21:52:02Z" uid="1" user="OSMnx" version="1" changeset="1" lat="28.653848" lon="77.201769" /><node id="9181740499" timestamp="2026-03-11T21:52:02Z" uid="1" user="OSMnx" version="1" changeset="1" lat="28.654029" lon="77.200904" /><node id="9181740500" timestamp="2026-03-11T21:52:02Z" uid="1" user="OSMnx" version="1" changeset="1" lat="28.653066" lon="77.202306" /><node id="9181740502" timestamp="2026-03-11T21:52:02Z" uid="1" user="OSMnx" version="1" changeset="1" lat="28.653871" lon="77.200803" /><node id="9181751827" timestamp="2026-03-11T21:52:02Z" uid="1" user="OSMnx" version="1" changeset="1" lat="28.654657" lon="77.197666" /><node id="9181751829" timestamp="2026-03-11T21:52:02Z" uid="1" user="OSMnx" version="1" changeset="1" lat="28.655622" lon="77.198342" /><node id="9181751830" timestamp="2026-03-11T21:52:02Z" uid="1" user="OSMnx" version="1" changeset="1" lat="28.655805" lon="77.200925" /><node id="9181751831" timestamp="2026-03-11T21:52:02Z" uid="1" user="OSMnx" version="1" changeset="1" lat="28.655551" lon="77.201401" /><node id="9181751833" timestamp="2026-03-11T21:52:02Z" uid="1" user="OSMnx" version="1" changeset="1" lat="28.655168" lon="77.201141" /><node id="9181751835" timestamp="2026-03-11T21:52:02Z" uid="1" user="OSMnx" version="1" changeset="1" lat="28.654554" lon="77.200708" /><node id="9181751836" timestamp="2026-03-11T21:52:02Z" uid="1" user="OSMnx" version="1" changeset="1" lat="28.656036" lon="77.201085" /><node id="9181751837" timestamp="2026-03-11T21:52:02Z" uid="1" user="OSMnx" version="1" changeset="1" lat="28.656902" lon="77.199321" /><node id="9181751842" timestamp="2026-03-11T21:52:02Z" uid="1" user="OSMnx" version="1" changeset="1" lat="28.657029" lon="77.199408" /><node id="9181759732" timestamp="2026-03-11T21:52:02Z" uid="1" user="OSMnx" version="1" changeset="1" lat="28.656133" lon="77.20044" /><node id="9181759734" timestamp="2026-03-11T21:52:02Z" uid="1" user="OSMnx" version="1" changeset="1" lat="28.656742" lon="77.19921" /><node id="9181759794" timestamp="2026-03-11T21:52:02Z" uid="1" user="OSMnx" version="1" changeset="1" lat="28.655829" lon="77.189458" /><node id="9181759803" timestamp="2026-03-11T21:52:02Z" uid="1" user="OSMnx" version="1" changeset="1" lat="28.652705" lon="77.194104" /><node id="9181759806" timestamp="2026-03-11T21:52:02Z" uid="1" user="OSMnx" version="1" changeset="1" lat="28.652793" lon="77.200058" /><node id="9181759807" timestamp="2026-03-11T21:52:02Z" uid="1" user="OSMnx" version="1" changeset="1" lat="28.651968" lon="77.201542" /><node id="9181759808" timestamp="2026-03-11T21:52:02Z" uid="1" user="OSMnx" version="1" changeset="1" lat="28.652645" lon="77.199955" /><node id="9181759809" timestamp="2026-03-11T21:52:02Z" uid="1" user="OSMnx" version="1" changeset="1" lat="28.651825" lon="77.201445" /><node id="9181759810" timestamp="2026-03-11T21:52:02Z" uid="1" user="OSMnx" version="1" changeset="1" lat="28.652312" lon="77.201332" /><node id="9181759811" timestamp="2026-03-11T21:52:02Z" uid="1" user="OSMnx" version="1" changeset="1" lat="28.653104" lon="77.20027" /><node id="9181759812" timestamp="2026-03-11T21:52:02Z" uid="1" user="OSMnx" version="1" changeset="1" lat="28.652287" lon="77.201767" /><node id="9181759813" timestamp="2026-03-11T21:52:02Z" uid="1" user="OSMnx" version="1" changeset="1" lat="28.652635" lon="77.20151" /><node id="9181759816" timestamp="2026-03-11T21:52:02Z" uid="1" user="OSMnx" version="1" changeset="1" lat="28.653008" lon="77.189274" /><node id="9181760517" timestamp="2026-03-11T21:52:02Z" uid="1" user="OSMnx" version="1" changeset="1" lat="28.653722" lon="77.187969" /><node id="9181760520" timestamp="2026-03-11T21:52:02Z" uid="1" user="OSMnx" version="1" changeset="1" lat="28.654443" lon="77.186667" /><node id="9181760525" timestamp="2026-03-11T21:52:02Z" uid="1" user="OSMnx" version="1" changeset="1" lat="28.654487" lon="77.188506" /><node id="9181760527" timestamp="2026-03-11T21:52:02Z" uid="1" user="OSMnx" version="1" changeset="1" lat="28.653764" lon="77.189821" /><node id="9181760528" timestamp="2026-03-11T21:52:02Z" uid="1" user="OSMnx" version="1" changeset="1" lat="28.65222" lon="77.190034" /><node id="9181760531" timestamp="2026-03-11T21:52:02Z" uid="1" user="OSMnx" version="1" changeset="1" lat="28.652763" lon="77.189111" /><node id="9181760533" timestamp="2026-03-11T21:52:02Z" uid="1" user="OSMnx" version="1" changeset="1" lat="28.653482" lon="77.187812" /><node id="9181760541" timestamp="2026-03-11T21:52:02Z" uid="1" user="OSMnx" version="1" changeset="1" lat="28.653358" lon="77.187735" /><node id="9181760544" timestamp="2026-03-11T21:52:02Z" uid="1" user="OSMnx" version="1" changeset="1" lat="28.654445" lon="77.185596" /><node id="9181760546" timestamp="2026-03-11T21:52:02Z" uid="1" user="OSMnx" version="1" changeset="1" lat="28.656924" lon="77.18445" /><node id="9181760548" timestamp="2026-03-11T21:52:02Z" uid="1" user="OSMnx" version="1" changeset="1" lat="28.657501" lon="77.183381" /><node id="9181760551" timestamp="2026-03-11T21:52:02Z" uid="1" user="OSMnx" version="1" changeset="1" lat="28.656796" lon="77.184355" /><node id="9181760554" timestamp="2026-03-11T21:52:02Z" uid="1" user="OSMnx" version="1" changeset="1" lat="28.655069" lon="77.184611" /><node id="9181760556" timestamp="2026-03-11T21:52:02Z" uid="1" user="OSMnx" version="1" changeset="1" lat="28.655662" lon="77.183538" /><node id="9181760584" timestamp="2026-03-11T21:52:02Z" uid="1" user="OSMnx" version="1" changeset="1" lat="28.65437" lon="77.182622" /><node id="9181760591" timestamp="2026-03-11T21:52:02Z" uid="1" user="OSMnx" version="1" changeset="1" lat="28.657664" lon="77.186449" /><node id="9181760593" timestamp="2026-03-11T21:52:02Z" uid="1" user="OSMnx" version="1" changeset="1" lat="28.658746" lon="77.187198" /><node id="9181764109" timestamp="2026-03-11T21:52:02Z" uid="1" user="OSMnx" version="1" changeset="1" lat="28.652773" lon="77.182985" /><node id="9181764111" timestamp="2026-03-11T21:52:02Z" uid="1" user="OSMnx" version="1" changeset="1" lat="28.652388" lon="77.184106" /><node id="9181764113" timestamp="2026-03-11T21:52:02Z" uid="1" user="OSMnx" version="1" changeset="1" lat="28.649995" lon="77.188456" /><node id="9181764114" timestamp="2026-03-11T21:52:02Z" uid="1" user="OSMnx" version="1" changeset="1" lat="28.650496" lon="77.187516" /><node id="9181764115" timestamp="2026-03-11T21:52:02Z" uid="1" user="OSMnx" version="1" changeset="1" lat="28.651204" lon="77.18621" /><node id="9181764116" timestamp="2026-03-11T21:52:02Z" uid="1" user="OSMnx" version="1" changeset="1" lat="28.65195" lon="77.184911" /><node id="9181766417" timestamp="2026-03-11T21:52:02Z" uid="1" user="OSMnx" version="1" changeset="1" lat="28.653079" lon="77.184597" /><node id="9181766418" timestamp="2026-03-11T21:52:02Z" uid="1" user="OSMnx" version="1" changeset="1" lat="28.652122" lon="77.185028" /><node id="9181766422" timestamp="2026-03-11T21:52:02Z" uid="1" user="OSMnx" version="1" changeset="1" lat="28.653108" lon="77.183228" /><node id="9181766424" timestamp="2026-03-11T21:52:02Z" uid="1" user="OSMnx" version="1" changeset="1" lat="28.6537" lon="77.182185" /><node id="9181766428" timestamp="2026-03-11T21:52:02Z" uid="1" user="OSMnx" version="1" changeset="1" lat="28.652832" lon="77.187353" /><node id="9181766434" timestamp="2026-03-11T21:52:02Z" uid="1" user="OSMnx" version="1" changeset="1" lat="28.653539" lon="77.186017" /><node id="9181766435" timestamp="2026-03-11T21:52:02Z" uid="1" user="OSMnx" version="1" changeset="1" lat="28.653885" lon="77.186265" /><node id="9181766438" timestamp="2026-03-11T21:52:02Z" uid="1" user="OSMnx" version="1" changeset="1" lat="28.65227" lon="77.186863" /><node id="9181766441" timestamp="2026-03-11T21:52:02Z" uid="1" user="OSMnx" version="1" changeset="1" lat="28.652963" lon="77.185605" /><node id="9181766444" timestamp="2026-03-11T21:52:02Z" uid="1" user="OSMnx" version="1" changeset="1" lat="28.652447" lon="77.187089" /><node id="9181766445" timestamp="2026-03-11T21:52:02Z" uid="1" user="OSMnx" version="1" changeset="1" lat="28.651968" lon="77.186747" /><node id="9181766448" timestamp="2026-03-11T21:52:02Z" uid="1" user="OSMnx" version="1" changeset="1" lat="28.652631" lon="77.185381" /><node id="9181766452" timestamp="2026-03-11T21:52:02Z" uid="1" user="OSMnx" version="1" changeset="1" lat="28.652534" lon="77.188931" /><node id="9181766457" timestamp="2026-03-11T21:52:02Z" uid="1" user="OSMnx" version="1" changeset="1" lat="28.6518" lon="77.193447" /><node id="9181766459" timestamp="2026-03-11T21:52:02Z" uid="1" user="OSMnx" version="1" changeset="1" lat="28.65097" lon="77.194971" /><node id="9181766462" timestamp="2026-03-11T21:52:02Z" uid="1" user="OSMnx" version="1" changeset="1" lat="28.65167" lon="77.193334" /><node id="9181766468" timestamp="2026-03-11T21:52:02Z" uid="1" user="OSMnx" version="1" changeset="1" lat="28.651298" lon="77.199032" /><node id="9181766469" timestamp="2026-03-11T21:52:02Z" uid="1" user="OSMnx" version="1" changeset="1" lat="28.650503" lon="77.200515" /><node id="9181774729" timestamp="2026-03-11T21:52:02Z" uid="1" user="OSMnx" version="1" changeset="1" lat="28.660739" lon="77.189957" /><node id="9181815320" timestamp="2026-03-11T21:52:02Z" uid="1" user="OSMnx" version="1" changeset="1" lat="28.651785" lon="77.184798" /><node id="9181815321" timestamp="2026-03-11T21:52:02Z" uid="1" user="OSMnx" version="1" changeset="1" lat="28.65108" lon="77.186129" /><node id="9181815322" timestamp="2026-03-11T21:52:02Z" uid="1" user="OSMnx" version="1" changeset="1" lat="28.65037" lon="77.187437" /><node id="9181815323" timestamp="2026-03-11T21:52:02Z" uid="1" user="OSMnx" version="1" changeset="1" lat="28.652056" lon="77.182502" /><node id="9181815326" timestamp="2026-03-11T21:52:02Z" uid="1" user="OSMnx" version="1" changeset="1" lat="28.651505" lon="77.183527" /><node id="9181815327" timestamp="2026-03-11T21:52:02Z" uid="1" user="OSMnx" version="1" changeset="1" lat="28.652067" lon="77.183889" /><node id="9181815330" timestamp="2026-03-11T21:52:02Z" uid="1" user="OSMnx" version="1" changeset="1" lat="28.651622" lon="77.184694" /><node id="9181815333" timestamp="2026-03-11T21:52:02Z" uid="1" user="OSMnx" version="1" changeset="1" lat="28.650905" lon="77.186004" /><node id="9181815335" timestamp="2026-03-11T21:52:02Z" uid="1" user="OSMnx" version="1" changeset="1" lat="28.652618" lon="77.182878" /><node id="9181815336" timestamp="2026-03-11T21:52:02Z" uid="1" user="OSMnx" version="1" changeset="1" lat="28.652938" lon="77.183113" /><node id="9181815337" timestamp="2026-03-11T21:52:02Z" uid="1" user="OSMnx" version="1" changeset="1" lat="28.653968" lon="77.183801" /><node id="9181815338" timestamp="2026-03-11T21:52:02Z" uid="1" user="OSMnx" version="1" changeset="1" lat="28.653395" lon="77.184836" /><node id="9181815339" timestamp="2026-03-11T21:52:02Z" uid="1" user="OSMnx" version="1" changeset="1" lat="28.654289" lon="77.185484" /><node id="9181825045" timestamp="2026-03-11T21:52:02Z" uid="1" user="OSMnx" version="1" changeset="1" lat="28.655303" lon="77.184777" /><node id="9181825048" timestamp="2026-03-11T21:52:02Z" uid="1" user="OSMnx" version="1" changeset="1" lat="28.655156" lon="77.184674" /><node id="9181825050" timestamp="2026-03-11T21:52:02Z" uid="1" user="OSMnx" version="1" changeset="1" lat="28.654193" lon="77.186413" /><node id="9181825052" timestamp="2026-03-11T21:52:02Z" uid="1" user="OSMnx" version="1" changeset="1" lat="28.654279" lon="77.185476" /><node id="9181825053" timestamp="2026-03-11T21:52:02Z" uid="1" user="OSMnx" version="1" changeset="1" lat="28.654522" lon="77.184226" /><node id="9181825055" timestamp="2026-03-11T21:52:02Z" uid="1" user="OSMnx" version="1" changeset="1" lat="28.652903" lon="77.187403" /><node id="9181825056" timestamp="2026-03-11T21:52:02Z" uid="1" user="OSMnx" version="1" changeset="1" lat="28.65218" lon="77.188679" /><node id="9181825057" timestamp="2026-03-11T21:52:02Z" uid="1" user="OSMnx" version="1" changeset="1" lat="28.652649" lon="77.189014" /><node id="9181825058" timestamp="2026-03-11T21:52:02Z" uid="1" user="OSMnx" version="1" changeset="1" lat="28.653592" lon="77.187882" /><node id="9181825059" timestamp="2026-03-11T21:52:02Z" uid="1" user="OSMnx" version="1" changeset="1" lat="28.652883" lon="77.189194" /><node id="9181825061" timestamp="2026-03-11T21:52:02Z" uid="1" user="OSMnx" version="1" changeset="1" lat="28.653556" lon="77.189676" /><node id="9181825062" timestamp="2026-03-11T21:52:02Z" uid="1" user="OSMnx" version="1" changeset="1" lat="28.654378" lon="77.188427" /><node id="9181825063" timestamp="2026-03-11T21:52:02Z" uid="1" user="OSMnx" version="1" changeset="1" lat="28.653662" lon="77.189747" /><node id="9181825064" timestamp="2026-03-11T21:52:02Z" uid="1" user="OSMnx" version="1" changeset="1" lat="28.653134" lon="77.19068" /><node id="9181825065" timestamp="2026-03-11T21:52:02Z" uid="1" user="OSMnx" version="1" changeset="1" lat="28.6547" lon="77.188666" /><node id="9181825066" timestamp="2026-03-11T21:52:02Z" uid="1" user="OSMnx" version="1" changeset="1" lat="28.653985" lon="77.189978" /><node id="9181825067" timestamp="2026-03-11T21:52:02Z" uid="1" user="OSMnx" version="1" changeset="1" lat="28.653474" lon="77.190924" /><node id="9181825068" timestamp="2026-03-11T21:52:02Z" uid="1" user="OSMnx" version="1" changeset="1" lat="28.654605" lon="77.1886" /><node id="9181825069" timestamp="2026-03-11T21:52:02Z" uid="1" user="OSMnx" version="1" changeset="1" lat="28.653877" lon="77.189901" /><node id="9181825070" timestamp="2026-03-11T21:52:02Z" uid="1" user="OSMnx" version="1" changeset="1" lat="28.653356" lon="77.190841" /><node id="9181825071" timestamp="2026-03-11T21:52:02Z" uid="1" user="OSMnx" version="1" changeset="1" lat="28.653034" lon="77.19061" /><node id="9720045967" timestamp="2026-03-11T21:52:02Z" uid="1" user="OSMnx" version="1" changeset="1" lat="28.65718" lon="77.186964" /><node id="9720045968" timestamp="2026-03-11T21:52:02Z" uid="1" user="OSMnx" version="1" changeset="1" lat="28.656904" lon="77.187397" /><node id="9840972614" timestamp="2026-03-11T21:52:02Z" uid="1" user="OSMnx" version="1" changeset="1" lat="28.6498" lon="77.194044" /><node id="9840972616" timestamp="2026-03-11T21:52:02Z" uid="1" user="OSMnx" version="1" changeset="1" lat="28.650099" lon="77.194284" /><node id="9841036048" timestamp="2026-03-11T21:52:02Z" uid="1" user="OSMnx" version="1" changeset="1" lat="28.652207" lon="77.18691" /><node id="9841036049" timestamp="2026-03-11T21:52:02Z" uid="1" user="OSMnx" version="1" changeset="1" lat="28.652075" lon="77.188602" /><node id="9841067818" timestamp="2026-03-11T21:52:02Z" uid="1" user="OSMnx" version="1" changeset="1" lat="28.650244" lon="77.194405" /><node id="9841067820" timestamp="2026-03-11T21:52:02Z" uid="1" user="OSMnx" version="1" changeset="1" lat="28.650393" lon="77.194526" /><node id="9841067821" timestamp="2026-03-11T21:52:02Z" uid="1" user="OSMnx" version="1" changeset="1" lat="28.651668" lon="77.189634" /><node id="9841067822" timestamp="2026-03-11T21:52:02Z" uid="1" user="OSMnx" version="1" changeset="1" lat="28.652151" lon="77.188654" /><node id="9841067823" timestamp="2026-03-11T21:52:02Z" uid="1" user="OSMnx" version="1" changeset="1" lat="28.65014" lon="77.190343" /><node id="9841067825" timestamp="2026-03-11T21:52:02Z" uid="1" user="OSMnx" version="1" changeset="1" lat="28.650835" lon="77.189035" /><node id="9841067826" timestamp="2026-03-11T21:52:02Z" uid="1" user="OSMnx" version="1" changeset="1" lat="28.650727" lon="77.188963" /><node id="9841067827" timestamp="2026-03-11T21:52:02Z" uid="1" user="OSMnx" version="1" changeset="1" lat="28.65093" lon="77.189103" /><node id="9841067829" timestamp="2026-03-11T21:52:02Z" uid="1" user="OSMnx" version="1" changeset="1" lat="28.650227" lon="77.190406" /><node id="9841067831" timestamp="2026-03-11T21:52:02Z" uid="1" user="OSMnx" version="1" changeset="1" lat="28.650322" lon="77.190475" /><node id="9841067832" timestamp="2026-03-11T21:52:02Z" uid="1" user="OSMnx" version="1" changeset="1" lat="28.650412" lon="77.190533" /><node id="9841067833" timestamp="2026-03-11T21:52:02Z" uid="1" user="OSMnx" version="1" changeset="1" lat="28.650515" lon="77.190619" /><node id="9841084992" timestamp="2026-03-11T21:52:02Z" uid="1" user="OSMnx" version="1" changeset="1" lat="28.649905" lon="77.194212" /><node id="9841084995" timestamp="2026-03-11T21:52:02Z" uid="1" user="OSMnx" version="1" changeset="1" lat="28.649424" lon="77.194982" /><node id="9841085003" timestamp="2026-03-11T21:52:02Z" uid="1" user="OSMnx" version="1" changeset="1" lat="28.647993" lon="77.193832" /><node id="9841085005" timestamp="2026-03-11T21:52:02Z" uid="1" user="OSMnx" version="1" changeset="1" lat="28.648134" lon="77.193951" /><node id="9841085007" timestamp="2026-03-11T21:52:02Z" uid="1" user="OSMnx" version="1" changeset="1" lat="28.648283" lon="77.194065" /><node id="9841085008" timestamp="2026-03-11T21:52:02Z" uid="1" user="OSMnx" version="1" changeset="1" lat="28.648951" lon="77.193341" /><node id="9841085009" timestamp="2026-03-11T21:52:02Z" uid="1" user="OSMnx" version="1" changeset="1" lat="28.648419" lon="77.194173" /><node id="9841131057" timestamp="2026-03-11T21:52:02Z" uid="1" user="OSMnx" version="1" changeset="1" lat="28.649756" lon="77.190703" /><node id="9841131058" timestamp="2026-03-11T21:52:02Z" uid="1" user="OSMnx" version="1" changeset="1" lat="28.649316" lon="77.191508" /><node id="9841131059" timestamp="2026-03-11T21:52:02Z" uid="1" user="OSMnx" version="1" changeset="1" lat="28.64993" lon="77.190793" /><node id="9841131060" timestamp="2026-03-11T21:52:02Z" uid="1" user="OSMnx" version="1" changeset="1" lat="28.649499" lon="77.191646" /><node id="9841131061" timestamp="2026-03-11T21:52:02Z" uid="1" user="OSMnx" version="1" changeset="1" lat="28.65005" lon="77.190843" /><node id="9841131063" timestamp="2026-03-11T21:52:02Z" uid="1" user="OSMnx" version="1" changeset="1" lat="28.649603" lon="77.191729" /><node id="9841131065" timestamp="2026-03-11T21:52:02Z" uid="1" user="OSMnx" version="1" changeset="1" lat="28.650194" lon="77.191029" /><node id="9841131066" timestamp="2026-03-11T21:52:02Z" uid="1" user="OSMnx" version="1" changeset="1" lat="28.649758" lon="77.191848" /><node id="9841145341" timestamp="2026-03-11T21:52:02Z" uid="1" user="OSMnx" version="1" changeset="1" lat="28.649896" lon="77.195367" /><node id="9841145342" timestamp="2026-03-11T21:52:02Z" uid="1" user="OSMnx" version="1" changeset="1" lat="28.649573" lon="77.195104" /><node id="9841145343" timestamp="2026-03-11T21:52:02Z" uid="1" user="OSMnx" version="1" changeset="1" lat="28.649747" lon="77.195246" /><node id="9841145344" timestamp="2026-03-11T21:52:02Z" uid="1" user="OSMnx" version="1" changeset="1" lat="28.649267" lon="77.194856" /><node id="9841145345" timestamp="2026-03-11T21:52:02Z" uid="1" user="OSMnx" version="1" changeset="1" lat="28.649458" lon="77.193857" /><node id="9841145346" timestamp="2026-03-11T21:52:02Z" uid="1" user="OSMnx" version="1" changeset="1" lat="28.648981" lon="77.194632" /><node id="9841145347" timestamp="2026-03-11T21:52:02Z" uid="1" user="OSMnx" version="1" changeset="1" lat="28.649323" lon="77.193739" /><node id="9841145348" timestamp="2026-03-11T21:52:02Z" uid="1" user="OSMnx" version="1" changeset="1" lat="28.648821" lon="77.1945" /><node id="9841145349" timestamp="2026-03-11T21:52:02Z" uid="1" user="OSMnx" version="1" changeset="1" lat="28.648795" lon="77.193215" /><node id="9841145351" timestamp="2026-03-11T21:52:02Z" uid="1" user="OSMnx" version="1" changeset="1" lat="28.649623" lon="77.191744" /><node id="9841145352" timestamp="2026-03-11T21:52:02Z" uid="1" user="OSMnx" version="1" changeset="1" lat="28.648661" lon="77.193105" /><node id="9841145354" timestamp="2026-03-11T21:52:02Z" uid="1" user="OSMnx" version="1" changeset="1" lat="28.649447" lon="77.191607" /><node id="9841145355" timestamp="2026-03-11T21:52:02Z" uid="1" user="OSMnx" version="1" changeset="1" lat="28.648706" lon="77.192587" /><node id="9841145357" timestamp="2026-03-11T21:52:02Z" uid="1" user="OSMnx" version="1" changeset="1" lat="28.649369" lon="77.193684" /><node id="9841145359" timestamp="2026-03-11T21:52:02Z" uid="1" user="OSMnx" version="1" changeset="1" lat="28.649513" lon="77.193804" /><node id="9841145361" timestamp="2026-03-11T21:52:02Z" uid="1" user="OSMnx" version="1" changeset="1" lat="28.649647" lon="77.193911" /><node id="9841145363" timestamp="2026-03-11T21:52:02Z" uid="1" user="OSMnx" version="1" changeset="1" lat="28.650481" lon="77.192408" /><node id="9841218410" timestamp="2026-03-11T21:52:02Z" uid="1" user="OSMnx" version="1" changeset="1" lat="28.648885" lon="77.198355" /><node id="9841218413" timestamp="2026-03-11T21:52:02Z" uid="1" user="OSMnx" version="1" changeset="1" lat="28.64925" lon="77.197513" /><node id="9841218414" timestamp="2026-03-11T21:52:02Z" uid="1" user="OSMnx" version="1" changeset="1" lat="28.649808" lon="77.196569" /><node id="9841218415" timestamp="2026-03-11T21:52:02Z" uid="1" user="OSMnx" version="1" changeset="1" lat="28.649933" lon="77.196685" /><node id="9841218416" timestamp="2026-03-11T21:52:02Z" uid="1" user="OSMnx" version="1" changeset="1" lat="28.650071" lon="77.196804" /><node id="9841255618" timestamp="2026-03-11T21:52:02Z" uid="1" user="OSMnx" version="1" changeset="1" lat="28.64844" lon="77.195464" /><node id="9841255619" timestamp="2026-03-11T21:52:02Z" uid="1" user="OSMnx" version="1" changeset="1" lat="28.648782" lon="77.194465" /><node id="9841255620" timestamp="2026-03-11T21:52:02Z" uid="1" user="OSMnx" version="1" changeset="1" lat="28.648256" lon="77.195312" /><node id="9841255621" timestamp="2026-03-11T21:52:02Z" uid="1" user="OSMnx" version="1" changeset="1" lat="28.64889" lon="77.194559" /><node id="9841255622" timestamp="2026-03-11T21:52:02Z" uid="1" user="OSMnx" version="1" changeset="1" lat="28.648354" lon="77.195393" /><node id="9841255623" timestamp="2026-03-11T21:52:02Z" uid="1" user="OSMnx" version="1" changeset="1" lat="28.649086" lon="77.194711" /><node id="9841255624" timestamp="2026-03-11T21:52:02Z" uid="1" user="OSMnx" version="1" changeset="1" lat="28.648539" lon="77.195548" /><node id="9841255626" timestamp="2026-03-11T21:52:02Z" uid="1" user="OSMnx" version="1" changeset="1" lat="28.648721" lon="77.195699" /><node id="9841255627" timestamp="2026-03-11T21:52:02Z" uid="1" user="OSMnx" version="1" changeset="1" lat="28.649444" lon="77.194996" /><node id="9841255629" timestamp="2026-03-11T21:52:02Z" uid="1" user="OSMnx" version="1" changeset="1" lat="28.648894" lon="77.195842" /><node id="9841255630" timestamp="2026-03-11T21:52:02Z" uid="1" user="OSMnx" version="1" changeset="1" lat="28.649541" lon="77.195079" /><node id="9841255632" timestamp="2026-03-11T21:52:02Z" uid="1" user="OSMnx" version="1" changeset="1" lat="28.648977" lon="77.195914" /><node id="9841255633" timestamp="2026-03-11T21:52:02Z" uid="1" user="OSMnx" version="1" changeset="1" lat="28.649616" lon="77.195139" /><node id="9841255634" timestamp="2026-03-11T21:52:02Z" uid="1" user="OSMnx" version="1" changeset="1" lat="28.649065" lon="77.195986" /><node id="9841255635" timestamp="2026-03-11T21:52:02Z" uid="1" user="OSMnx" version="1" changeset="1" lat="28.649818" lon="77.195303" /><node id="9841255637" timestamp="2026-03-11T21:52:02Z" uid="1" user="OSMnx" version="1" changeset="1" lat="28.649262" lon="77.196145" /><node id="9841255638" timestamp="2026-03-11T21:52:02Z" uid="1" user="OSMnx" version="1" changeset="1" lat="28.649927" lon="77.195392" /><node id="9841255640" timestamp="2026-03-11T21:52:02Z" uid="1" user="OSMnx" version="1" changeset="1" lat="28.649378" lon="77.19624" /><node id="9841262317" timestamp="2026-03-11T21:52:02Z" uid="1" user="OSMnx" version="1" changeset="1" lat="28.648443" lon="77.194193" /><node id="9841262318" timestamp="2026-03-11T21:52:02Z" uid="1" user="OSMnx" version="1" changeset="1" lat="28.647939" lon="77.195037" /><node id="9841262319" timestamp="2026-03-11T21:52:02Z" uid="1" user="OSMnx" version="1" changeset="1" lat="28.648336" lon="77.19411" /><node id="9841262320" timestamp="2026-03-11T21:52:02Z" uid="1" user="OSMnx" version="1" changeset="1" lat="28.647806" lon="77.194926" /><node id="9841262321" timestamp="2026-03-11T21:52:02Z" uid="1" user="OSMnx" version="1" changeset="1" lat="28.648186" lon="77.193993" /><node id="9841262322" timestamp="2026-03-11T21:52:02Z" uid="1" user="OSMnx" version="1" changeset="1" lat="28.647675" lon="77.194811" /><node id="9841262323" timestamp="2026-03-11T21:52:02Z" uid="1" user="OSMnx" version="1" changeset="1" lat="28.648054" lon="77.193887" /><node id="9841262324" timestamp="2026-03-11T21:52:02Z" uid="1" user="OSMnx" version="1" changeset="1" lat="28.647534" lon="77.194696" /><node id="9841262325" timestamp="2026-03-11T21:52:02Z" uid="1" user="OSMnx" version="1" changeset="1" lat="28.647914" lon="77.193771" /><node id="9841262326" timestamp="2026-03-11T21:52:02Z" uid="1" user="OSMnx" version="1" changeset="1" lat="28.647414" lon="77.19459" /><node id="9841284689" timestamp="2026-03-11T21:52:02Z" uid="1" user="OSMnx" version="1" changeset="1" lat="28.648294" lon="77.197835" /><node id="9841284690" timestamp="2026-03-11T21:52:02Z" uid="1" user="OSMnx" version="1" changeset="1" lat="28.648166" lon="77.197723" /><node id="9841284691" timestamp="2026-03-11T21:52:02Z" uid="1" user="OSMnx" version="1" changeset="1" lat="28.648652" lon="77.198131" /><node id="9841284692" timestamp="2026-03-11T21:52:02Z" uid="1" user="OSMnx" version="1" changeset="1" lat="28.649117" lon="77.197406" /><node id="9841284694" timestamp="2026-03-11T21:52:02Z" uid="1" user="OSMnx" version="1" changeset="1" lat="28.648928" lon="77.19587" /><node id="9841284696" timestamp="2026-03-11T21:52:02Z" uid="1" user="OSMnx" version="1" changeset="1" lat="28.648528" lon="77.195538" /><node id="9841284697" timestamp="2026-03-11T21:52:02Z" uid="1" user="OSMnx" version="1" changeset="1" lat="28.647843" lon="77.196342" /><node id="9841284698" timestamp="2026-03-11T21:52:02Z" uid="1" user="OSMnx" version="1" changeset="1" lat="28.648403" lon="77.195434" /><node id="9841284700" timestamp="2026-03-11T21:52:02Z" uid="1" user="OSMnx" version="1" changeset="1" lat="28.648268" lon="77.195321" /><node id="9843077187" timestamp="2026-03-11T21:52:02Z" uid="1" user="OSMnx" version="1" changeset="1" lat="28.649188" lon="77.199591" /><node id="9843077189" timestamp="2026-03-11T21:52:02Z" uid="1" user="OSMnx" version="1" changeset="1" lat="28.649968" lon="77.198114" /><node id="9843077193" timestamp="2026-03-11T21:52:02Z" uid="1" user="OSMnx" version="1" changeset="1" lat="28.647378" lon="77.197052" /><node id="9843077194" timestamp="2026-03-11T21:52:02Z" uid="1" user="OSMnx" version="1" changeset="1" lat="28.646909" lon="77.197832" /><node id="9843077195" timestamp="2026-03-11T21:52:02Z" uid="1" user="OSMnx" version="1" changeset="1" lat="28.648175" lon="77.198857" /><node id="9843077196" timestamp="2026-03-11T21:52:02Z" uid="1" user="OSMnx" version="1" changeset="1" lat="28.648321" lon="77.198972" /><node id="9843077197" timestamp="2026-03-11T21:52:02Z" uid="1" user="OSMnx" version="1" changeset="1" lat="28.648452" lon="77.199066" /><node id="9843077198" timestamp="2026-03-11T21:52:02Z" uid="1" user="OSMnx" version="1" changeset="1" lat="28.648593" lon="77.199164" /><node id="9843103542" timestamp="2026-03-11T21:52:02Z" uid="1" user="OSMnx" version="1" changeset="1" lat="28.648771" lon="77.19825" /><node id="9843103547" timestamp="2026-03-11T21:52:02Z" uid="1" user="OSMnx" version="1" changeset="1" lat="28.646841" lon="77.195515" /><node id="9843103548" timestamp="2026-03-11T21:52:02Z" uid="1" user="OSMnx" version="1" changeset="1" lat="28.646379" lon="77.196259" /><node id="9843103549" timestamp="2026-03-11T21:52:02Z" uid="1" user="OSMnx" version="1" changeset="1" lat="28.64696" lon="77.195608" /><node id="9843103550" timestamp="2026-03-11T21:52:02Z" uid="1" user="OSMnx" version="1" changeset="1" lat="28.646502" lon="77.196352" /><node id="9843103551" timestamp="2026-03-11T21:52:02Z" uid="1" user="OSMnx" version="1" changeset="1" lat="28.647091" lon="77.195722" /><node id="9843103552" timestamp="2026-03-11T21:52:02Z" uid="1" user="OSMnx" version="1" changeset="1" lat="28.64664" lon="77.19646" /><node id="9843103553" timestamp="2026-03-11T21:52:02Z" uid="1" user="OSMnx" version="1" changeset="1" lat="28.647231" lon="77.195833" /><node id="9843103554" timestamp="2026-03-11T21:52:02Z" uid="1" user="OSMnx" version="1" changeset="1" lat="28.646771" lon="77.196565" /><node id="9843103555" timestamp="2026-03-11T21:52:02Z" uid="1" user="OSMnx" version="1" changeset="1" lat="28.647363" lon="77.195941" /><node id="9843103556" timestamp="2026-03-11T21:52:02Z" uid="1" user="OSMnx" version="1" changeset="1" lat="28.646899" lon="77.196664" /><node id="9843112146" timestamp="2026-03-11T21:52:02Z" uid="1" user="OSMnx" version="1" changeset="1" lat="28.651489" lon="77.20129" /><node id="9843112147" timestamp="2026-03-11T21:52:02Z" uid="1" user="OSMnx" version="1" changeset="1" lat="28.648859" lon="77.199472" /><node id="9843112148" timestamp="2026-03-11T21:52:02Z" uid="1" user="OSMnx" version="1" changeset="1" lat="28.653468" lon="77.202698" /><node id="9843112149" timestamp="2026-03-11T21:52:02Z" uid="1" user="OSMnx" version="1" changeset="1" lat="28.653392" lon="77.20264" /><node id="9843112157" timestamp="2026-03-11T21:52:02Z" uid="1" user="OSMnx" version="1" changeset="1" lat="28.648922" lon="77.199522" /><node id="9843112158" timestamp="2026-03-11T21:52:02Z" uid="1" user="OSMnx" version="1" changeset="1" lat="28.651445" lon="77.199132" /><node id="9843112160" timestamp="2026-03-11T21:52:02Z" uid="1" user="OSMnx" version="1" changeset="1" lat="28.65065" lon="77.200619" /><node id="9843139210" timestamp="2026-03-11T21:52:02Z" uid="1" user="OSMnx" version="1" changeset="1" lat="28.645593" lon="77.191844" /><node id="9843139211" timestamp="2026-03-11T21:52:02Z" uid="1" user="OSMnx" version="1" changeset="1" lat="28.64542" lon="77.193008" /><node id="9843139212" timestamp="2026-03-11T21:52:02Z" uid="1" user="OSMnx" version="1" changeset="1" lat="28.645953" lon="77.192145" /><node id="9843139213" timestamp="2026-03-11T21:52:02Z" uid="1" user="OSMnx" version="1" changeset="1" lat="28.64669" lon="77.194016" /><node id="9843139214" timestamp="2026-03-11T21:52:02Z" uid="1" user="OSMnx" version="1" changeset="1" lat="28.647219" lon="77.193192" /><node id="9843152817" timestamp="2026-03-11T21:52:02Z" uid="1" user="OSMnx" version="1" changeset="1" lat="28.652484" lon="77.199845" /><node id="9843152818" timestamp="2026-03-11T21:52:02Z" uid="1" user="OSMnx" version="1" changeset="1" lat="28.651677" lon="77.201338" /><node id="9843177719" timestamp="2026-03-11T21:52:02Z" uid="1" user="OSMnx" version="1" changeset="1" lat="28.646487" lon="77.187764" /><node id="9843177720" timestamp="2026-03-11T21:52:02Z" uid="1" user="OSMnx" version="1" changeset="1" lat="28.648382" lon="77.189062" /><node id="9843177722" timestamp="2026-03-11T21:52:02Z" uid="1" user="OSMnx" version="1" changeset="1" lat="28.649059" lon="77.187822" /><node id="9843177724" timestamp="2026-03-11T21:52:02Z" uid="1" user="OSMnx" version="1" changeset="1" lat="28.648562" lon="77.190922" /><node id="9843177725" timestamp="2026-03-11T21:52:02Z" uid="1" user="OSMnx" version="1" changeset="1" lat="28.64945" lon="77.18982" /><node id="9843177726" timestamp="2026-03-11T21:52:02Z" uid="1" user="OSMnx" version="1" changeset="1" lat="28.650148" lon="77.188555" /><node id="9843177727" timestamp="2026-03-11T21:52:02Z" uid="1" user="OSMnx" version="1" changeset="1" lat="28.649223" lon="77.189659" /><node id="9843177728" timestamp="2026-03-11T21:52:02Z" uid="1" user="OSMnx" version="1" changeset="1" lat="28.649896" lon="77.18846" /><node id="9843177729" timestamp="2026-03-11T21:52:02Z" uid="1" user="OSMnx" version="1" changeset="1" lat="28.649756" lon="77.188307" /><node id="9843177730" timestamp="2026-03-11T21:52:02Z" uid="1" user="OSMnx" version="1" changeset="1" lat="28.649608" lon="77.188215" /><node id="9843177731" timestamp="2026-03-11T21:52:02Z" uid="1" user="OSMnx" version="1" changeset="1" lat="28.650145" lon="77.187277" /><node id="9843177732" timestamp="2026-03-11T21:52:02Z" uid="1" user="OSMnx" version="1" changeset="1" lat="28.649871" lon="77.188378" /><node id="9862379296" timestamp="2026-03-11T21:52:02Z" uid="1" user="OSMnx" version="1" changeset="1" lat="28.652568" lon="77.20204" /><node id="9864870701" timestamp="2026-03-11T21:52:02Z" uid="1" user="OSMnx" version="1" changeset="1" lat="28.650132" lon="77.183644" /><node id="9864870703" timestamp="2026-03-11T21:52:02Z" uid="1" user="OSMnx" version="1" changeset="1" lat="28.649381" lon="77.184957" /><node id="9864870705" timestamp="2026-03-11T21:52:02Z" uid="1" user="OSMnx" version="1" changeset="1" lat="28.648655" lon="77.186256" /><node id="9864870706" timestamp="2026-03-11T21:52:02Z" uid="1" user="OSMnx" version="1" changeset="1" lat="28.649438" lon="77.184849" /><node id="9864870709" timestamp="2026-03-11T21:52:02Z" uid="1" user="OSMnx" version="1" changeset="1" lat="28.651192" lon="77.184429" /><node id="9864870712" timestamp="2026-03-11T21:52:02Z" uid="1" user="OSMnx" version="1" changeset="1" lat="28.651626" lon="77.183612" /><node id="9864870714" timestamp="2026-03-11T21:52:02Z" uid="1" user="OSMnx" version="1" changeset="1" lat="28.6503" lon="77.185592" /><node id="9864954717" timestamp="2026-03-11T21:52:02Z" uid="1" user="OSMnx" version="1" changeset="1" lat="28.651102" lon="77.18324" /><node id="9864954718" timestamp="2026-03-11T21:52:02Z" uid="1" user="OSMnx" version="1" changeset="1" lat="28.650648" lon="77.184044" /><node id="9864954720" timestamp="2026-03-11T21:52:02Z" uid="1" user="OSMnx" version="1" changeset="1" lat="28.650466" lon="77.183924" /><node id="9864954721" timestamp="2026-03-11T21:52:02Z" uid="1" user="OSMnx" version="1" changeset="1" lat="28.650914" lon="77.183103" /><node id="9865681669" timestamp="2026-03-11T21:52:02Z" uid="1" user="OSMnx" version="1" changeset="1" lat="28.650985" lon="77.186061" /><node id="9865681671" timestamp="2026-03-11T21:52:02Z" uid="1" user="OSMnx" version="1" changeset="1" lat="28.650267" lon="77.187364" /><node id="9865681672" timestamp="2026-03-11T21:52:02Z" uid="1" user="OSMnx" version="1" changeset="1" lat="28.650854" lon="77.18597" /><node id="9865681675" timestamp="2026-03-11T21:52:02Z" uid="1" user="OSMnx" version="1" changeset="1" lat="28.651437" lon="77.186371" /><node id="9865681676" timestamp="2026-03-11T21:52:02Z" uid="1" user="OSMnx" version="1" changeset="1" lat="28.65073" lon="77.18768" /><node id="9865681680" timestamp="2026-03-11T21:52:02Z" uid="1" user="OSMnx" version="1" changeset="1" lat="28.651857" lon="77.186675" /><node id="9865681681" timestamp="2026-03-11T21:52:02Z" uid="1" user="OSMnx" version="1" changeset="1" lat="28.652327" lon="77.187001" /><node id="9865797767" timestamp="2026-03-11T21:52:02Z" uid="1" user="OSMnx" version="1" changeset="1" lat="28.649931" lon="77.182392" /><node id="9865797769" timestamp="2026-03-11T21:52:02Z" uid="1" user="OSMnx" version="1" changeset="1" lat="28.650191" lon="77.182581" /><node id="9865797771" timestamp="2026-03-11T21:52:02Z" uid="1" user="OSMnx" version="1" changeset="1" lat="28.64982" lon="77.182316" /><node id="9865797773" timestamp="2026-03-11T21:52:02Z" uid="1" user="OSMnx" version="1" changeset="1" lat="28.649695" lon="77.182226" /><node id="9865797775" timestamp="2026-03-11T21:52:02Z" uid="1" user="OSMnx" version="1" changeset="1" lat="28.649574" lon="77.182144" /><node id="9865797776" timestamp="2026-03-11T21:52:02Z" uid="1" user="OSMnx" version="1" changeset="1" lat="28.649432" lon="77.182044" /><node id="9865797777" timestamp="2026-03-11T21:52:02Z" uid="1" user="OSMnx" version="1" changeset="1" lat="28.648732" lon="77.18271" /><node id="9865797778" timestamp="2026-03-11T21:52:02Z" uid="1" user="OSMnx" version="1" changeset="1" lat="28.649199" lon="77.18188" /><node id="9865797779" timestamp="2026-03-11T21:52:02Z" uid="1" user="OSMnx" version="1" changeset="1" lat="28.650432" lon="77.188223" /><node id="9865797786" timestamp="2026-03-11T21:52:02Z" uid="1" user="OSMnx" version="1" changeset="1" lat="28.646114" lon="77.187495" /><node id="9865797787" timestamp="2026-03-11T21:52:02Z" uid="1" user="OSMnx" version="1" changeset="1" lat="28.64631" lon="77.187089" /><node id="9865797788" timestamp="2026-03-11T21:52:02Z" uid="1" user="OSMnx" version="1" changeset="1" lat="28.646499" lon="77.186995" /><node id="9865797789" timestamp="2026-03-11T21:52:02Z" uid="1" user="OSMnx" version="1" changeset="1" lat="28.646159" lon="77.186994" /><node id="9865797790" timestamp="2026-03-11T21:52:02Z" uid="1" user="OSMnx" version="1" changeset="1" lat="28.648306" lon="77.186039" /><node id="9865797791" timestamp="2026-03-11T21:52:02Z" uid="1" user="OSMnx" version="1" changeset="1" lat="28.649034" lon="77.184695" /><node id="9865797794" timestamp="2026-03-11T21:52:02Z" uid="1" user="OSMnx" version="1" changeset="1" lat="28.648609" lon="77.187486" /><node id="9865797795" timestamp="2026-03-11T21:52:02Z" uid="1" user="OSMnx" version="1" changeset="1" lat="28.650991" lon="77.182047" /><node id="9865797796" timestamp="2026-03-11T21:52:02Z" uid="1" user="OSMnx" version="1" changeset="1" lat="28.651345" lon="77.182633" /><node id="9865797797" timestamp="2026-03-11T21:52:02Z" uid="1" user="OSMnx" version="1" changeset="1" lat="28.651577" lon="77.182176" /><node id="9865797798" timestamp="2026-03-11T21:52:02Z" uid="1" user="OSMnx" version="1" changeset="1" lat="28.651899" lon="77.182397" /><node id="9865797799" timestamp="2026-03-11T21:52:02Z" uid="1" user="OSMnx" version="1" changeset="1" lat="28.651355" lon="77.183423" /><node id="9865797800" timestamp="2026-03-11T21:52:02Z" uid="1" user="OSMnx" version="1" changeset="1" lat="28.651667" lon="77.18364" /><node id="9865797801" timestamp="2026-03-11T21:52:02Z" uid="1" user="OSMnx" version="1" changeset="1" lat="28.652209" lon="77.182602" /><node id="9865797802" timestamp="2026-03-11T21:52:02Z" uid="1" user="OSMnx" version="1" changeset="1" lat="28.651742" lon="77.182288" /><node id="9865797803" timestamp="2026-03-11T21:52:02Z" uid="1" user="OSMnx" version="1" changeset="1" lat="28.65121" lon="77.183318" /><node id="9865797814" timestamp="2026-03-11T21:52:02Z" uid="1" user="OSMnx" version="1" changeset="1" lat="28.645603" lon="77.18531" /><node id="9865797816" timestamp="2026-03-11T21:52:02Z" uid="1" user="OSMnx" version="1" changeset="1" lat="28.645664" lon="77.185327" /><node id="9865801021" timestamp="2026-03-11T21:52:02Z" uid="1" user="OSMnx" version="1" changeset="1" lat="28.645711" lon="77.185483" /><node id="9865801024" timestamp="2026-03-11T21:52:02Z" uid="1" user="OSMnx" version="1" changeset="1" lat="28.645614" lon="77.185563" /><node id="9865801029" timestamp="2026-03-11T21:52:02Z" uid="1" user="OSMnx" version="1" changeset="1" lat="28.645499" lon="77.185461" /><node id="9865801036" timestamp="2026-03-11T21:52:02Z" uid="1" user="OSMnx" version="1" changeset="1" lat="28.645376" lon="77.18381" /><node id="9865801039" timestamp="2026-03-11T21:52:02Z" uid="1" user="OSMnx" version="1" changeset="1" lat="28.645501" lon="77.183828" /><node id="9865801046" timestamp="2026-03-11T21:52:02Z" uid="1" user="OSMnx" version="1" changeset="1" lat="28.645514" lon="77.184084" /><node id="9865801048" timestamp="2026-03-11T21:52:02Z" uid="1" user="OSMnx" version="1" changeset="1" lat="28.645448" lon="77.18412" /><node id="9865801053" timestamp="2026-03-11T21:52:02Z" uid="1" user="OSMnx" version="1" changeset="1" lat="28.645282" lon="77.183992" /><node id="9865801062" timestamp="2026-03-11T21:52:02Z" uid="1" user="OSMnx" version="1" changeset="1" lat="28.647719" lon="77.186818" /><node id="9865801063" timestamp="2026-03-11T21:52:02Z" uid="1" user="OSMnx" version="1" changeset="1" lat="28.64709" lon="77.187062" /><node id="9865801071" timestamp="2026-03-11T21:52:02Z" uid="1" user="OSMnx" version="1" changeset="1" lat="28.646162" lon="77.187094" /><node id="9865801076" timestamp="2026-03-11T21:52:02Z" uid="1" user="OSMnx" version="1" changeset="1" lat="28.646404" lon="77.185895" /><node id="9865801079" timestamp="2026-03-11T21:52:02Z" uid="1" user="OSMnx" version="1" changeset="1" lat="28.650569" lon="77.182849" /><node id="9865801080" timestamp="2026-03-11T21:52:02Z" uid="1" user="OSMnx" version="1" changeset="1" lat="28.651275" lon="77.183365" /><node id="9865801081" timestamp="2026-03-11T21:52:02Z" uid="1" user="OSMnx" version="1" changeset="1" lat="28.650838" lon="77.184178" /><node id="9865801084" timestamp="2026-03-11T21:52:02Z" uid="1" user="OSMnx" version="1" changeset="1" lat="28.650285" lon="77.183796" /><node id="9865801085" timestamp="2026-03-11T21:52:02Z" uid="1" user="OSMnx" version="1" changeset="1" lat="28.650729" lon="77.182969" /><node id="9865801086" timestamp="2026-03-11T21:52:02Z" uid="1" user="OSMnx" version="1" changeset="1" lat="28.649481" lon="77.185028" /><node id="9865801088" timestamp="2026-03-11T21:52:02Z" uid="1" user="OSMnx" version="1" changeset="1" lat="28.64877" lon="77.186336" /><node id="9865801089" timestamp="2026-03-11T21:52:02Z" uid="1" user="OSMnx" version="1" changeset="1" lat="28.649583" lon="77.185101" /><node id="9865801091" timestamp="2026-03-11T21:52:02Z" uid="1" user="OSMnx" version="1" changeset="1" lat="28.650059" lon="77.185428" /><node id="9865801092" timestamp="2026-03-11T21:52:02Z" uid="1" user="OSMnx" version="1" changeset="1" lat="28.649129" lon="77.186585" /><node id="9865801094" timestamp="2026-03-11T21:52:02Z" uid="1" user="OSMnx" version="1" changeset="1" lat="28.64982" lon="77.185264" /><node id="9865801101" timestamp="2026-03-11T21:52:02Z" uid="1" user="OSMnx" version="1" changeset="1" lat="28.649806" lon="77.187055" /><node id="9865801104" timestamp="2026-03-11T21:52:02Z" uid="1" user="OSMnx" version="1" changeset="1" lat="28.65053" lon="77.185752" /><node id="9865850215" timestamp="2026-03-11T21:52:02Z" uid="1" user="OSMnx" version="1" changeset="1" lat="28.649007" lon="77.182822" /><node id="9865850216" timestamp="2026-03-11T21:52:02Z" uid="1" user="OSMnx" version="1" changeset="1" lat="28.64917" lon="77.182882" /><node id="9865894418" timestamp="2026-03-11T21:52:02Z" uid="1" user="OSMnx" version="1" changeset="1" lat="28.649447" lon="77.183035" /><node id="9865894419" timestamp="2026-03-11T21:52:02Z" uid="1" user="OSMnx" version="1" changeset="1" lat="28.64956" lon="77.183112" /><node id="9865894420" timestamp="2026-03-11T21:52:02Z" uid="1" user="OSMnx" version="1" changeset="1" lat="28.649798" lon="77.183287" /><node id="9865894421" timestamp="2026-03-11T21:52:02Z" uid="1" user="OSMnx" version="1" changeset="1" lat="28.650165" lon="77.183579" /><node id="9865894422" timestamp="2026-03-11T21:52:02Z" uid="1" user="OSMnx" version="1" changeset="1" lat="28.650332" lon="77.183709" /><node id="9865894423" timestamp="2026-03-11T21:52:02Z" uid="1" user="OSMnx" version="1" changeset="1" lat="28.650514" lon="77.183837" /><node id="9865894424" timestamp="2026-03-11T21:52:02Z" uid="1" user="OSMnx" version="1" changeset="1" lat="28.650697" lon="77.183958" /><node id="9865894425" timestamp="2026-03-11T21:52:02Z" uid="1" user="OSMnx" version="1" changeset="1" lat="28.650885" lon="77.18409" /><node id="9865894426" timestamp="2026-03-11T21:52:02Z" uid="1" user="OSMnx" version="1" changeset="1" lat="28.651065" lon="77.184217" /><node id="9865894427" timestamp="2026-03-11T21:52:02Z" uid="1" user="OSMnx" version="1" changeset="1" lat="28.65124" lon="77.184343" /><node id="9865894428" timestamp="2026-03-11T21:52:02Z" uid="1" user="OSMnx" version="1" changeset="1" lat="28.651492" lon="77.184517" /><node id="9865894429" timestamp="2026-03-11T21:52:02Z" uid="1" user="OSMnx" version="1" changeset="1" lat="28.65165" lon="77.184625" /><node id="9865894430" timestamp="2026-03-11T21:52:02Z" uid="1" user="OSMnx" version="1" changeset="1" lat="28.651813" lon="77.184745" /><node id="9865894431" timestamp="2026-03-11T21:52:02Z" uid="1" user="OSMnx" version="1" changeset="1" lat="28.651981" lon="77.184859" /><node id="9865894432" timestamp="2026-03-11T21:52:02Z" uid="1" user="OSMnx" version="1" changeset="1" lat="28.652144" lon="77.184979" /><node id="9865894433" timestamp="2026-03-11T21:52:02Z" uid="1" user="OSMnx" version="1" changeset="1" lat="28.649974" lon="77.183408" /><node id="9865894434" timestamp="2026-03-11T21:52:02Z" uid="1" user="OSMnx" version="1" changeset="1" lat="28.652456" lon="77.185193" /><node id="9865894435" timestamp="2026-03-11T21:52:02Z" uid="1" user="OSMnx" version="1" changeset="1" lat="28.647734" lon="77.183709" /><node id="9865894436" timestamp="2026-03-11T21:52:02Z" uid="1" user="OSMnx" version="1" changeset="1" lat="28.647557" lon="77.183587" /><node id="9865894437" timestamp="2026-03-11T21:52:02Z" uid="1" user="OSMnx" version="1" changeset="1" lat="28.647079" lon="77.183259" /><node id="9865894438" timestamp="2026-03-11T21:52:02Z" uid="1" user="OSMnx" version="1" changeset="1" lat="28.647243" lon="77.183372" /><node id="9865894442" timestamp="2026-03-11T21:52:02Z" uid="1" user="OSMnx" version="1" changeset="1" lat="28.649641" lon="77.184994" /><node id="9865894443" timestamp="2026-03-11T21:52:02Z" uid="1" user="OSMnx" version="1" changeset="1" lat="28.649811" lon="77.18511" /><node id="9865894445" timestamp="2026-03-11T21:52:02Z" uid="1" user="OSMnx" version="1" changeset="1" lat="28.650016" lon="77.185253" /><node id="9865894447" timestamp="2026-03-11T21:52:02Z" uid="1" user="OSMnx" version="1" changeset="1" lat="28.650197" lon="77.185375" /><node id="9865894448" timestamp="2026-03-11T21:52:02Z" uid="1" user="OSMnx" version="1" changeset="1" lat="28.650359" lon="77.185486" /><node id="9865894449" timestamp="2026-03-11T21:52:02Z" uid="1" user="OSMnx" version="1" changeset="1" lat="28.650543" lon="77.185614" /><node id="9865894451" timestamp="2026-03-11T21:52:02Z" uid="1" user="OSMnx" version="1" changeset="1" lat="28.650792" lon="77.185786" /><node id="9865894453" timestamp="2026-03-11T21:52:02Z" uid="1" user="OSMnx" version="1" changeset="1" lat="28.650965" lon="77.185898" /><node id="9865894455" timestamp="2026-03-11T21:52:02Z" uid="1" user="OSMnx" version="1" changeset="1" lat="28.651136" lon="77.186021" /><node id="9865894457" timestamp="2026-03-11T21:52:02Z" uid="1" user="OSMnx" version="1" changeset="1" lat="28.651295" lon="77.186125" /><node id="9865894458" timestamp="2026-03-11T21:52:02Z" uid="1" user="OSMnx" version="1" changeset="1" lat="28.651458" lon="77.186238" /><node id="9865894460" timestamp="2026-03-11T21:52:02Z" uid="1" user="OSMnx" version="1" changeset="1" lat="28.649251" lon="77.184724" /><node id="9865894461" timestamp="2026-03-11T21:52:02Z" uid="1" user="OSMnx" version="1" changeset="1" lat="28.647947" lon="77.183825" /><node id="9865894462" timestamp="2026-03-11T21:52:02Z" uid="1" user="OSMnx" version="1" changeset="1" lat="28.648138" lon="77.18396" /><node id="9865894464" timestamp="2026-03-11T21:52:02Z" uid="1" user="OSMnx" version="1" changeset="1" lat="28.648317" lon="77.184083" /><node id="9865894466" timestamp="2026-03-11T21:52:02Z" uid="1" user="OSMnx" version="1" changeset="1" lat="28.648497" lon="77.184207" /><node id="9865894467" timestamp="2026-03-11T21:52:02Z" uid="1" user="OSMnx" version="1" changeset="1" lat="28.648694" lon="77.184342" /><node id="9865894468" timestamp="2026-03-11T21:52:02Z" uid="1" user="OSMnx" version="1" changeset="1" lat="28.648852" lon="77.184451" /><node id="9865894470" timestamp="2026-03-11T21:52:02Z" uid="1" user="OSMnx" version="1" changeset="1" lat="28.649031" lon="77.184574" /><node id="9869476820" timestamp="2026-03-11T21:52:02Z" uid="1" user="OSMnx" version="1" changeset="1" lat="28.654975" lon="77.188858" /><node id="9869476821" timestamp="2026-03-11T21:52:02Z" uid="1" user="OSMnx" version="1" changeset="1" lat="28.654908" lon="77.188812" /><node id="9869476823" timestamp="2026-03-11T21:52:02Z" uid="1" user="OSMnx" version="1" changeset="1" lat="28.6518" lon="77.18664" /><node id="9869476825" timestamp="2026-03-11T21:52:02Z" uid="1" user="OSMnx" version="1" changeset="1" lat="28.651842" lon="77.186552" /><node id="9869476833" timestamp="2026-03-11T21:52:02Z" uid="1" user="OSMnx" version="1" changeset="1" lat="28.654167" lon="77.188184" /><node id="9869476837" timestamp="2026-03-11T21:52:02Z" uid="1" user="OSMnx" version="1" changeset="1" lat="28.655018" lon="77.18878" /><node id="9869476838" timestamp="2026-03-11T21:52:02Z" uid="1" user="OSMnx" version="1" changeset="1" lat="28.651953" lon="77.186631" /><node id="9869476839" timestamp="2026-03-11T21:52:02Z" uid="1" user="OSMnx" version="1" changeset="1" lat="28.652128" lon="77.18676" /><node id="9869476840" timestamp="2026-03-11T21:52:02Z" uid="1" user="OSMnx" version="1" changeset="1" lat="28.652442" lon="77.186985" /><node id="9869476841" timestamp="2026-03-11T21:52:02Z" uid="1" user="OSMnx" version="1" changeset="1" lat="28.653766" lon="77.187893" /><node id="9869476842" timestamp="2026-03-11T21:52:02Z" uid="1" user="OSMnx" version="1" changeset="1" lat="28.653961" lon="77.188037" /><node id="9869476843" timestamp="2026-03-11T21:52:02Z" uid="1" user="OSMnx" version="1" changeset="1" lat="28.654948" lon="77.188732" /><node id="9869476844" timestamp="2026-03-11T21:52:02Z" uid="1" user="OSMnx" version="1" changeset="1" lat="28.653562" lon="77.187768" /><node id="9869476845" timestamp="2026-03-11T21:52:02Z" uid="1" user="OSMnx" version="1" changeset="1" lat="28.653408" lon="77.187658" /><node id="9869476846" timestamp="2026-03-11T21:52:02Z" uid="1" user="OSMnx" version="1" changeset="1" lat="28.65321" lon="77.187514" /><node id="9869476847" timestamp="2026-03-11T21:52:02Z" uid="1" user="OSMnx" version="1" changeset="1" lat="28.65303" lon="77.187398" /><node id="9869476849" timestamp="2026-03-11T21:52:02Z" uid="1" user="OSMnx" version="1" changeset="1" lat="28.652638" lon="77.187118" /><node id="9869476850" timestamp="2026-03-11T21:52:02Z" uid="1" user="OSMnx" version="1" changeset="1" lat="28.652868" lon="77.187277" /><node id="9869513352" timestamp="2026-03-11T21:52:02Z" uid="1" user="OSMnx" version="1" changeset="1" lat="28.655614" lon="77.187432" /><node id="9869513371" timestamp="2026-03-11T21:52:02Z" uid="1" user="OSMnx" version="1" changeset="1" lat="28.655724" lon="77.187503" /><node id="9869513372" timestamp="2026-03-11T21:52:02Z" uid="1" user="OSMnx" version="1" changeset="1" lat="28.654878" lon="77.186895" /><node id="9869513373" timestamp="2026-03-11T21:52:02Z" uid="1" user="OSMnx" version="1" changeset="1" lat="28.653359" lon="77.185799" /><node id="9869513374" timestamp="2026-03-11T21:52:02Z" uid="1" user="OSMnx" version="1" changeset="1" lat="28.653173" lon="77.185673" /><node id="9869513375" timestamp="2026-03-11T21:52:02Z" uid="1" user="OSMnx" version="1" changeset="1" lat="28.652995" lon="77.18555" /><node id="9869513376" timestamp="2026-03-11T21:52:02Z" uid="1" user="OSMnx" version="1" changeset="1" lat="28.655416" lon="77.187295" /><node id="9869513377" timestamp="2026-03-11T21:52:02Z" uid="1" user="OSMnx" version="1" changeset="1" lat="28.655238" lon="77.187167" /><node id="9869513378" timestamp="2026-03-11T21:52:02Z" uid="1" user="OSMnx" version="1" changeset="1" lat="28.655068" lon="77.187035" /><node id="9869513379" timestamp="2026-03-11T21:52:02Z" uid="1" user="OSMnx" version="1" changeset="1" lat="28.654658" lon="77.186732" /><node id="9869513381" timestamp="2026-03-11T21:52:02Z" uid="1" user="OSMnx" version="1" changeset="1" lat="28.654504" lon="77.186623" /><node id="9869513382" timestamp="2026-03-11T21:52:02Z" uid="1" user="OSMnx" version="1" changeset="1" lat="28.654346" lon="77.18652" /><node id="9869513384" timestamp="2026-03-11T21:52:02Z" uid="1" user="OSMnx" version="1" changeset="1" lat="28.654048" lon="77.186386" /><node id="9869513385" timestamp="2026-03-11T21:52:02Z" uid="1" user="OSMnx" version="1" changeset="1" lat="28.653884" lon="77.186192" /><node id="9869513386" timestamp="2026-03-11T21:52:02Z" uid="1" user="OSMnx" version="1" changeset="1" lat="28.653724" lon="77.186068" /><node id="9869513387" timestamp="2026-03-11T21:52:02Z" uid="1" user="OSMnx" version="1" changeset="1" lat="28.653558" lon="77.185941" /><node id="9869513388" timestamp="2026-03-11T21:52:02Z" uid="1" user="OSMnx" version="1" changeset="1" lat="28.652676" lon="77.18533" /><node id="9869513389" timestamp="2026-03-11T21:52:02Z" uid="1" user="OSMnx" version="1" changeset="1" lat="28.652849" lon="77.185445" /><node id="9869513390" timestamp="2026-03-11T21:52:02Z" uid="1" user="OSMnx" version="1" changeset="1" lat="28.652794" lon="77.185492" /><node id="9869785929" timestamp="2026-03-11T21:52:02Z" uid="1" user="OSMnx" version="1" changeset="1" lat="28.653934" lon="77.182332" /><node id="9869785931" timestamp="2026-03-11T21:52:02Z" uid="1" user="OSMnx" version="1" changeset="1" lat="28.651752" lon="77.186352" /><node id="9869785933" timestamp="2026-03-11T21:52:02Z" uid="1" user="OSMnx" version="1" changeset="1" lat="28.652372" lon="77.185203" /><node id="9869785935" timestamp="2026-03-11T21:52:02Z" uid="1" user="OSMnx" version="1" changeset="1" lat="28.652802" lon="77.1844" /><node id="9869785946" timestamp="2026-03-11T21:52:02Z" uid="1" user="OSMnx" version="1" changeset="1" lat="28.653347" lon="77.183397" /><node id="9869785948" timestamp="2026-03-11T21:52:02Z" uid="1" user="OSMnx" version="1" changeset="1" lat="28.652402" lon="77.185156" /><node id="9870147903" timestamp="2026-03-11T21:52:02Z" uid="1" user="OSMnx" version="1" changeset="1" lat="28.656943" lon="77.185909" /><node id="9870147913" timestamp="2026-03-11T21:52:02Z" uid="1" user="OSMnx" version="1" changeset="1" lat="28.657031" lon="77.186862" /><node id="9870214353" timestamp="2026-03-11T21:52:02Z" uid="1" user="OSMnx" version="1" changeset="1" lat="28.655786" lon="77.186583" /><node id="9870214354" timestamp="2026-03-11T21:52:02Z" uid="1" user="OSMnx" version="1" changeset="1" lat="28.655615" lon="77.186455" /><node id="9870214357" timestamp="2026-03-11T21:52:02Z" uid="1" user="OSMnx" version="1" changeset="1" lat="28.656194" lon="77.185405" /><node id="9870214358" timestamp="2026-03-11T21:52:02Z" uid="1" user="OSMnx" version="1" changeset="1" lat="28.65604" lon="77.18529" /><node id="9870214359" timestamp="2026-03-11T21:52:02Z" uid="1" user="OSMnx" version="1" changeset="1" lat="28.655459" lon="77.186344" /><node id="9870214360" timestamp="2026-03-11T21:52:02Z" uid="1" user="OSMnx" version="1" changeset="1" lat="28.655597" lon="77.184985" /><node id="9870214361" timestamp="2026-03-11T21:52:02Z" uid="1" user="OSMnx" version="1" changeset="1" lat="28.655036" lon="77.186034" /><node id="9870214362" timestamp="2026-03-11T21:52:02Z" uid="1" user="OSMnx" version="1" changeset="1" lat="28.654731" lon="77.185812" /><node id="9870214363" timestamp="2026-03-11T21:52:02Z" uid="1" user="OSMnx" version="1" changeset="1" lat="28.653961" lon="77.185246" /><node id="9870214365" timestamp="2026-03-11T21:52:02Z" uid="1" user="OSMnx" version="1" changeset="1" lat="28.65405" lon="77.186315" /><node id="9870214366" timestamp="2026-03-11T21:52:02Z" uid="1" user="OSMnx" version="1" changeset="1" lat="28.654583" lon="77.185702" /><node id="9870214367" timestamp="2026-03-11T21:52:02Z" uid="1" user="OSMnx" version="1" changeset="1" lat="28.652217" lon="77.183994" /><node id="9870214368" timestamp="2026-03-11T21:52:02Z" uid="1" user="OSMnx" version="1" changeset="1" lat="28.652566" lon="77.184225" /><node id="9870214369" timestamp="2026-03-11T21:52:02Z" uid="1" user="OSMnx" version="1" changeset="1" lat="28.653237" lon="77.184719" /><node id="9870234668" timestamp="2026-03-11T21:52:02Z" uid="1" user="OSMnx" version="1" changeset="1" lat="28.653564" lon="77.184955" /><node id="9870234669" timestamp="2026-03-11T21:52:02Z" uid="1" user="OSMnx" version="1" changeset="1" lat="28.654243" lon="77.186542" /><node id="9870272223" timestamp="2026-03-11T21:52:02Z" uid="1" user="OSMnx" version="1" changeset="1" lat="28.656211" lon="77.185417" /><node id="9870279924" timestamp="2026-03-11T21:52:02Z" uid="1" user="OSMnx" version="1" changeset="1" lat="28.654118" lon="77.185362" /><node id="9870378954" timestamp="2026-03-11T21:52:02Z" uid="1" user="OSMnx" version="1" changeset="1" lat="28.654886" lon="77.185923" /><node id="9870378958" timestamp="2026-03-11T21:52:02Z" uid="1" user="OSMnx" version="1" changeset="1" lat="28.654671" lon="77.184332" /><node id="9870378960" timestamp="2026-03-11T21:52:02Z" uid="1" user="OSMnx" version="1" changeset="1" lat="28.654844" lon="77.184453" /><node id="9870378961" timestamp="2026-03-11T21:52:02Z" uid="1" user="OSMnx" version="1" changeset="1" lat="28.654988" lon="77.184555" /><node id="9880375228" timestamp="2026-03-11T21:52:02Z" uid="1" user="OSMnx" version="1" changeset="1" lat="28.657451" lon="77.19579" /><node id="9880375229" timestamp="2026-03-11T21:52:02Z" uid="1" user="OSMnx" version="1" changeset="1" lat="28.657" lon="77.196521" /><node id="9880375230" timestamp="2026-03-11T21:52:02Z" uid="1" user="OSMnx" version="1" changeset="1" lat="28.657002" lon="77.199098" /><node id="9880375235" timestamp="2026-03-11T21:52:02Z" uid="1" user="OSMnx" version="1" changeset="1" lat="28.657844" lon="77.197762" /><node id="9880445442" timestamp="2026-03-11T21:52:02Z" uid="1" user="OSMnx" version="1" changeset="1" lat="28.658007" lon="77.188575" /><node id="9880445443" timestamp="2026-03-11T21:52:02Z" uid="1" user="OSMnx" version="1" changeset="1" lat="28.658846" lon="77.189198" /><node id="9880445444" timestamp="2026-03-11T21:52:02Z" uid="1" user="OSMnx" version="1" changeset="1" lat="28.65814" lon="77.188659" /><node id="9880445450" timestamp="2026-03-11T21:52:02Z" uid="1" user="OSMnx" version="1" changeset="1" lat="28.658412" lon="77.188832" /><node id="9880445451" timestamp="2026-03-11T21:52:02Z" uid="1" user="OSMnx" version="1" changeset="1" lat="28.659129" lon="77.187499" /><node id="9880445452" timestamp="2026-03-11T21:52:02Z" uid="1" user="OSMnx" version="1" changeset="1" lat="28.653002" lon="77.192495" /><node id="9880525611" timestamp="2026-03-11T21:52:02Z" uid="1" user="OSMnx" version="1" changeset="1" lat="28.658496" lon="77.193094" /><node id="9880645119" timestamp="2026-03-11T21:52:02Z" uid="1" user="OSMnx" version="1" changeset="1" lat="28.657356" lon="77.196338" /><node id="9880645120" timestamp="2026-03-11T21:52:02Z" uid="1" user="OSMnx" version="1" changeset="1" lat="28.657187" lon="77.196218" /><node id="9880645121" timestamp="2026-03-11T21:52:02Z" uid="1" user="OSMnx" version="1" changeset="1" lat="28.656919" lon="77.196006" /><node id="9882537761" timestamp="2026-03-11T21:52:02Z" uid="1" user="OSMnx" version="1" changeset="1" lat="28.655042" lon="77.188857" /><node id="10044811620" timestamp="2026-03-11T21:52:02Z" uid="1" user="OSMnx" version="1" changeset="1" lat="28.654832" lon="77.182945" /><node id="10274722107" timestamp="2026-03-11T21:52:02Z" uid="1" user="OSMnx" version="1" changeset="1" lat="28.657842" lon="77.188878" /><node id="10274731616" timestamp="2026-03-11T21:52:02Z" uid="1" user="OSMnx" version="1" changeset="1" lat="28.658096" lon="77.183765" /><node id="10274731617" timestamp="2026-03-11T21:52:02Z" uid="1" user="OSMnx" version="1" changeset="1" lat="28.657852" lon="77.183595" /><node id="10274731618" timestamp="2026-03-11T21:52:02Z" uid="1" user="OSMnx" version="1" changeset="1" lat="28.657521" lon="77.184818" /><node id="10274731619" timestamp="2026-03-11T21:52:02Z" uid="1" user="OSMnx" version="1" changeset="1" lat="28.65727" lon="77.18464" /><node id="10274731620" timestamp="2026-03-11T21:52:02Z" uid="1" user="OSMnx" version="1" changeset="1" lat="28.656451" lon="77.187011" /><node id="10274731621" timestamp="2026-03-11T21:52:02Z" uid="1" user="OSMnx" version="1" changeset="1" lat="28.656122" lon="77.186766" /><node id="10274738112" timestamp="2026-03-11T21:52:02Z" uid="1" user="OSMnx" version="1" changeset="1" lat="28.657723" lon="77.188943" /><node id="10274738117" timestamp="2026-03-11T21:52:02Z" uid="1" user="OSMnx" version="1" changeset="1" lat="28.657873" lon="77.189059" /><node id="10274798756" timestamp="2026-03-11T21:52:02Z" uid="1" user="OSMnx" version="1" changeset="1" lat="28.648232" lon="77.19281" /><node id="10274798757" timestamp="2026-03-11T21:52:02Z" uid="1" user="OSMnx" version="1" changeset="1" lat="28.647856" lon="77.192514" /><node id="10274798759" timestamp="2026-03-11T21:52:02Z" uid="1" user="OSMnx" version="1" changeset="1" lat="28.647317" lon="77.192082" /><node id="10274798764" timestamp="2026-03-11T21:52:02Z" uid="1" user="OSMnx" version="1" changeset="1" lat="28.645683" lon="77.190731" /><node id="10274798767" timestamp="2026-03-11T21:52:02Z" uid="1" user="OSMnx" version="1" changeset="1" lat="28.64711" lon="77.193098" /><node id="10274798770" timestamp="2026-03-11T21:52:02Z" uid="1" user="OSMnx" version="1" changeset="1" lat="28.647377" lon="77.193324" /><node id="10310390777" timestamp="2026-03-11T21:52:02Z" uid="1" user="OSMnx" version="1" changeset="1" lat="28.659779" lon="77.187904" /><node id="10542355458" timestamp="2026-03-11T21:52:02Z" uid="1" user="OSMnx" version="1" changeset="1" lat="28.656562" lon="77.188142" /><node id="10598455890" timestamp="2026-03-11T21:52:02Z" uid="1" user="OSMnx" version="1" changeset="1" lat="28.64623" lon="77.196132" /><node id="10598455891" timestamp="2026-03-11T21:52:02Z" uid="1" user="OSMnx" version="1" changeset="1" lat="28.646692" lon="77.195388" /><node id="10598455892" timestamp="2026-03-11T21:52:02Z" uid="1" user="OSMnx" version="1" changeset="1" lat="28.647272" lon="77.194458" /><node id="10598455893" timestamp="2026-03-11T21:52:02Z" uid="1" user="OSMnx" version="1" changeset="1" lat="28.647773" lon="77.19366" /><node id="10598455894" timestamp="2026-03-11T21:52:02Z" uid="1" user="OSMnx" version="1" changeset="1" lat="28.648333" lon="77.192825" /><node id="10598455895" timestamp="2026-03-11T21:52:02Z" uid="1" user="OSMnx" version="1" changeset="1" lat="28.64912" lon="77.191358" /><node id="10598455896" timestamp="2026-03-11T21:52:02Z" uid="1" user="OSMnx" version="1" changeset="1" lat="28.64978" lon="77.190063" /><node id="10598455897" timestamp="2026-03-11T21:52:02Z" uid="1" user="OSMnx" version="1" changeset="1" lat="28.650497" lon="77.188786" /><node id="10598455898" timestamp="2026-03-11T21:52:02Z" uid="1" user="OSMnx" version="1" changeset="1" lat="28.651008" lon="77.187854" /><node id="10598455899" timestamp="2026-03-11T21:52:02Z" uid="1" user="OSMnx" version="1" changeset="1" lat="28.649746" lon="77.190128" /><node id="10598455900" timestamp="2026-03-11T21:52:02Z" uid="1" user="OSMnx" version="1" changeset="1" lat="28.649709" lon="77.190097" /><node id="10598455901" timestamp="2026-03-11T21:52:02Z" uid="1" user="OSMnx" version="1" changeset="1" lat="28.6483" lon="77.192876" /><node id="10996990352" timestamp="2026-03-11T21:52:02Z" uid="1" user="OSMnx" version="1" changeset="1" lat="28.646081" lon="77.183644" /><node id="10996990353" timestamp="2026-03-11T21:52:02Z" uid="1" user="OSMnx" version="1" changeset="1" lat="28.646217" lon="77.183396" /><node id="10997032708" timestamp="2026-03-11T21:52:02Z" uid="1" user="OSMnx" version="1" changeset="1" lat="28.64628" lon="77.187622" /><node id="10997032709" timestamp="2026-03-11T21:52:02Z" uid="1" user="OSMnx" version="1" changeset="1" lat="28.645644" lon="77.188824" /><node id="10997032710" timestamp="2026-03-11T21:52:02Z" uid="1" user="OSMnx" version="1" changeset="1" lat="28.645658" lon="77.18779" /><node id="10997032711" timestamp="2026-03-11T21:52:02Z" uid="1" user="OSMnx" version="1" changeset="1" lat="28.646042" lon="77.188072" /><node id="10997032712" timestamp="2026-03-11T21:52:02Z" uid="1" user="OSMnx" version="1" changeset="1" lat="28.645528" lon="77.188047" /><node id="10997032713" timestamp="2026-03-11T21:52:02Z" uid="1" user="OSMnx" version="1" changeset="1" lat="28.645911" lon="77.188318" /><node id="11001192117" timestamp="2026-03-11T21:52:02Z" uid="1" user="OSMnx" version="1" changeset="1" lat="28.657486" lon="77.186337" /><node id="11006916179" timestamp="2026-03-11T21:52:02Z" uid="1" user="OSMnx" version="1" changeset="1" lat="28.646033" lon="77.185943" /><node id="11006949921" timestamp="2026-03-11T21:52:02Z" uid="1" user="OSMnx" version="1" changeset="1" lat="28.645369" lon="77.183378" /><node id="11006949923" timestamp="2026-03-11T21:52:02Z" uid="1" user="OSMnx" version="1" changeset="1" lat="28.645647" lon="77.18343" /><node id="11011502684" timestamp="2026-03-11T21:52:02Z" uid="1" user="OSMnx" version="1" changeset="1" lat="28.64839" lon="77.184918" /><node id="11011521681" timestamp="2026-03-11T21:52:02Z" uid="1" user="OSMnx" version="1" changeset="1" lat="28.647886" lon="77.18455" /><node id="11011521682" timestamp="2026-03-11T21:52:02Z" uid="1" user="OSMnx" version="1" changeset="1" lat="28.648144" lon="77.184739" /><node id="11011589710" timestamp="2026-03-11T21:52:02Z" uid="1" user="OSMnx" version="1" changeset="1" lat="28.647295" lon="77.185337" /><node id="11011589711" timestamp="2026-03-11T21:52:02Z" uid="1" user="OSMnx" version="1" changeset="1" lat="28.646843" lon="77.186181" /><node id="11021418787" timestamp="2026-03-11T21:52:02Z" uid="1" user="OSMnx" version="1" changeset="1" lat="28.661291" lon="77.186005" /><node id="11141459153" timestamp="2026-03-11T21:52:02Z" uid="1" user="OSMnx" version="1" changeset="1" lat="28.658608" lon="77.195104" /><node id="11141459154" timestamp="2026-03-11T21:52:02Z" uid="1" user="OSMnx" version="1" changeset="1" lat="28.658456" lon="77.195137" /><node id="11224582284" timestamp="2026-03-11T21:52:02Z" uid="1" user="OSMnx" version="1" changeset="1" lat="28.648148" lon="77.191398" /><node id="11224582285" timestamp="2026-03-11T21:52:02Z" uid="1" user="OSMnx" version="1" changeset="1" lat="28.648205" lon="77.191291" /><node id="11224582289" timestamp="2026-03-11T21:52:02Z" uid="1" user="OSMnx" version="1" changeset="1" lat="28.648434" lon="77.191526" /><node id="11237934740" timestamp="2026-03-11T21:52:02Z" uid="1" user="OSMnx" version="1" changeset="1" lat="28.650716" lon="77.18206" /><node id="11240813854" timestamp="2026-03-11T21:52:02Z" uid="1" user="OSMnx" version="1" changeset="1" lat="28.649306" lon="77.192702" /><node id="11510496640" timestamp="2026-03-11T21:52:02Z" uid="1" user="OSMnx" version="1" changeset="1" lat="28.65776" lon="77.183561" /><node id="11510496641" timestamp="2026-03-11T21:52:02Z" uid="1" user="OSMnx" version="1" changeset="1" lat="28.657389" lon="77.183591" /><node id="11510496644" timestamp="2026-03-11T21:52:02Z" uid="1" user="OSMnx" version="1" changeset="1" lat="28.657074" lon="77.184173" /><node id="11510536489" timestamp="2026-03-11T21:52:02Z" uid="1" user="OSMnx" version="1" changeset="1" lat="28.65765" lon="77.183123" /><node id="11510588676" timestamp="2026-03-11T21:52:02Z" uid="1" user="OSMnx" version="1" changeset="1" lat="28.65981" lon="77.189349" /><node id="11518486169" timestamp="2026-03-11T21:52:02Z" uid="1" user="OSMnx" version="1" changeset="1" lat="28.656239" lon="77.198594" /><node id="11518486170" timestamp="2026-03-11T21:52:02Z" uid="1" user="OSMnx" version="1" changeset="1" lat="28.655768" lon="77.198295" /><node id="11518486171" timestamp="2026-03-11T21:52:02Z" uid="1" user="OSMnx" version="1" changeset="1" lat="28.656673" lon="77.19889" /><node id="11625856695" timestamp="2026-03-11T21:52:02Z" uid="1" user="OSMnx" version="1" changeset="1" lat="28.644904" lon="77.183082" /><node id="11625856696" timestamp="2026-03-11T21:52:02Z" uid="1" user="OSMnx" version="1" changeset="1" lat="28.644198" lon="77.183225" /><node id="11625856697" timestamp="2026-03-11T21:52:02Z" uid="1" user="OSMnx" version="1" changeset="1" lat="28.644543" lon="77.183155" /><node id="11626023724" timestamp="2026-03-11T21:52:02Z" uid="1" user="OSMnx" version="1" changeset="1" lat="28.647879" lon="77.183809" /><node id="11626629269" timestamp="2026-03-11T21:52:02Z" uid="1" user="OSMnx" version="1" changeset="1" lat="28.648337" lon="77.187384" /><node id="11640074323" timestamp="2026-03-11T21:52:02Z" uid="1" user="OSMnx" version="1" changeset="1" lat="28.649323" lon="77.182924" /><node id="11651942748" timestamp="2026-03-11T21:52:02Z" uid="1" user="OSMnx" version="1" changeset="1" lat="28.644854" lon="77.190037" /><node id="11651942749" timestamp="2026-03-11T21:52:02Z" uid="1" user="OSMnx" version="1" changeset="1" lat="28.644836" lon="77.189871" /><node id="11792835531" timestamp="2026-03-11T21:52:02Z" uid="1" user="OSMnx" version="1" changeset="1" lat="28.648976" lon="77.199421" /><node id="12049161363" timestamp="2026-03-11T21:52:02Z" uid="1" user="OSMnx" version="1" changeset="1" lat="28.646675" lon="77.19037" /><node id="12049161366" timestamp="2026-03-11T21:52:02Z" uid="1" user="OSMnx" version="1" changeset="1" lat="28.646298" lon="77.190103" /><node id="12090245425" timestamp="2026-03-11T21:52:02Z" uid="1" user="OSMnx" version="1" changeset="1" lat="28.646825" lon="77.187071" /><node id="12090245426" timestamp="2026-03-11T21:52:02Z" uid="1" user="OSMnx" version="1" changeset="1" lat="28.647091" lon="77.186967" /><node id="12098606757" timestamp="2026-03-11T21:52:02Z" uid="1" user="OSMnx" version="1" changeset="1" lat="28.657158" lon="77.196176" /><node id="12120727957" timestamp="2026-03-11T21:52:02Z" uid="1" user="OSMnx" version="1" changeset="1" lat="28.651349" lon="77.195266" /><node id="12120727959" timestamp="2026-03-11T21:52:02Z" uid="1" user="OSMnx" version="1" changeset="1" lat="28.649767" lon="77.194102" /><node id="12120727962" timestamp="2026-03-11T21:52:02Z" uid="1" user="OSMnx" version="1" changeset="1" lat="28.650071" lon="77.194343" /><node id="12120727964" timestamp="2026-03-11T21:52:02Z" uid="1" user="OSMnx" version="1" changeset="1" lat="28.65021" lon="77.194453" /><node id="12120727965" timestamp="2026-03-11T21:52:02Z" uid="1" user="OSMnx" version="1" changeset="1" lat="28.650363" lon="77.194576" /><node id="12120727966" timestamp="2026-03-11T21:52:02Z" uid="1" user="OSMnx" version="1" changeset="1" lat="28.650568" lon="77.194746" /><node id="12120727967" timestamp="2026-03-11T21:52:02Z" uid="1" user="OSMnx" version="1" changeset="1" lat="28.650816" lon="77.19485" /><node id="12120727970" timestamp="2026-03-11T21:52:02Z" uid="1" user="OSMnx" version="1" changeset="1" lat="28.649091" lon="77.193532" /><node id="12120727974" timestamp="2026-03-11T21:52:02Z" uid="1" user="OSMnx" version="1" changeset="1" lat="28.651304" lon="77.19534" /><node id="12120727975" timestamp="2026-03-11T21:52:02Z" uid="1" user="OSMnx" version="1" changeset="1" lat="28.651399" lon="77.195415" /><node id="12120727976" timestamp="2026-03-11T21:52:02Z" uid="1" user="OSMnx" version="1" changeset="1" lat="28.651442" lon="77.195341" /><node id="12121803948" timestamp="2026-03-11T21:52:02Z" uid="1" user="OSMnx" version="1" changeset="1" lat="28.649247" lon="77.188594" /><node id="12121803949" timestamp="2026-03-11T21:52:02Z" uid="1" user="OSMnx" version="1" changeset="1" lat="28.649633" lon="77.188928" /><node id="12121803951" timestamp="2026-03-11T21:52:02Z" uid="1" user="OSMnx" version="1" changeset="1" lat="28.649074" lon="77.188924" /><node id="12121803952" timestamp="2026-03-11T21:52:02Z" uid="1" user="OSMnx" version="1" changeset="1" lat="28.649467" lon="77.189225" /><node id="12125899988" timestamp="2026-03-11T21:52:02Z" uid="1" user="OSMnx" version="1" changeset="1" lat="28.654525" lon="77.187" /><node id="12125899989" timestamp="2026-03-11T21:52:02Z" uid="1" user="OSMnx" version="1" changeset="1" lat="28.654616" lon="77.186849" /><node id="12125927515" timestamp="2026-03-11T21:52:02Z" uid="1" user="OSMnx" version="1" changeset="1" lat="28.655569" lon="77.185038" /><node id="12125927516" timestamp="2026-03-11T21:52:02Z" uid="1" user="OSMnx" version="1" changeset="1" lat="28.655582" lon="77.185013" /><node id="12125927517" timestamp="2026-03-11T21:52:02Z" uid="1" user="OSMnx" version="1" changeset="1" lat="28.654682" lon="77.186686" /><node id="12125927518" timestamp="2026-03-11T21:52:02Z" uid="1" user="OSMnx" version="1" changeset="1" lat="28.654692" lon="77.186668" /><node id="12125927530" timestamp="2026-03-11T21:52:02Z" uid="1" user="OSMnx" version="1" changeset="1" lat="28.653561" lon="77.18794" /><node id="12125927531" timestamp="2026-03-11T21:52:02Z" uid="1" user="OSMnx" version="1" changeset="1" lat="28.653543" lon="77.187972" /><node id="12137087551" timestamp="2026-03-11T21:52:02Z" uid="1" user="OSMnx" version="1" changeset="1" lat="28.652055" lon="77.189911" /><node id="12137087554" timestamp="2026-03-11T21:52:02Z" uid="1" user="OSMnx" version="1" changeset="1" lat="28.651853" lon="77.189764" /><node id="12137525961" timestamp="2026-03-11T21:52:02Z" uid="1" user="OSMnx" version="1" changeset="1" lat="28.653215" lon="77.187645" /><node id="12213473958" timestamp="2026-03-11T21:52:02Z" uid="1" user="OSMnx" version="1" changeset="1" lat="28.647583" lon="77.19235" /><node id="12728153919" timestamp="2026-03-11T21:52:02Z" uid="1" user="OSMnx" version="1" changeset="1" lat="28.648918" lon="77.193389" /><node id="12728153920" timestamp="2026-03-11T21:52:02Z" uid="1" user="OSMnx" version="1" changeset="1" lat="28.648766" lon="77.193263" /><node id="12728153921" timestamp="2026-03-11T21:52:02Z" uid="1" user="OSMnx" version="1" changeset="1" lat="28.648629" lon="77.193149" /><node id="12728153922" timestamp="2026-03-11T21:52:02Z" uid="1" user="OSMnx" version="1" changeset="1" lat="28.648468" lon="77.193015" /><node id="12797864411" timestamp="2026-03-11T21:52:02Z" uid="1" user="OSMnx" version="1" changeset="1" lat="28.658019" lon="77.192644" /><node id="12994427617" timestamp="2026-03-11T21:52:02Z" uid="1" user="OSMnx" version="1" changeset="1" lat="28.652882" lon="77.193746" /><node id="13141338609" timestamp="2026-03-11T21:52:02Z" uid="1" user="OSMnx" version="1" changeset="1" lat="28.649132" lon="77.199664" /><node id="13475424049" timestamp="2026-03-11T21:52:02Z" uid="1" user="OSMnx" version="1" changeset="1" lat="28.653552" lon="77.202694" /><way id="0" timestamp="2026-03-11T21:52:02Z" uid="1" user="OSMnx" version="1" changeset="1"><nd ref="291511684" /><nd ref="11792835531" /><tag k="highway" v="tertiary" /><tag k="name" v="Faiz Road" /><tag k="oneway" v="no" /></way><way id="1" timestamp="2026-03-11T21:52:02Z" uid="1" user="OSMnx" version="1" changeset="1"><nd ref="291511684" /><nd ref="943684577" /><tag k="highway" v="tertiary" /><tag k="name" v="Deshbandhu Gupta Road" /><tag k="oneway" v="no" /></way><way id="2" timestamp="2026-03-11T21:52:02Z" uid="1" user="OSMnx" version="1" changeset="1"><nd ref="291511688" /><nd ref="9869476821" /><tag k="highway" v="tertiary" /><tag k="name" v="Deshbandhu Gupta Road" /><tag k="oneway" v="no" /></way><way id="3" timestamp="2026-03-11T21:52:02Z" uid="1" user="OSMnx" version="1" changeset="1"><nd ref="291511688" /><nd ref="943640501" /><tag k="highway" v="residential" /><tag k="name" v="Vishnu Mandir Marg" /><tag k="oneway" v="no" /></way><way id="4" timestamp="2026-03-11T21:52:02Z" uid="1" user="OSMnx" version="1" changeset="1"><nd ref="309642511" /><nd ref="943684549" /><tag k="highway" v="tertiary" /><tag k="name" v="Arya Samaj Road" /><tag k="oneway" v="no" /></way><way id="5" timestamp="2026-03-11T21:52:02Z" uid="1" user="OSMnx" version="1" changeset="1"><nd ref="309642515" /><nd ref="10598455894" /><tag k="highway" v="tertiary" /><tag k="name" v="Gurudwara Road" /><tag k="oneway" v="no" /></way><way id="6" timestamp="2026-03-11T21:52:02Z" uid="1" user="OSMnx" version="1" changeset="1"><nd ref="309642515" /><nd ref="943640958" /><tag k="highway" v="tertiary" /><tag k="name" v="Arya Samaj Road" /><tag k="oneway" v="no" /></way><way id="7" timestamp="2026-03-11T21:52:02Z" uid="1" user="OSMnx" version="1" changeset="1"><nd ref="309642520" /><nd ref="1869899519" /><tag k="highway" v="tertiary" /><tag k="name" v="Arya Samaj Road" /><tag k="oneway" v="no" /></way><way id="8" timestamp="2026-03-11T21:52:02Z" uid="1" user="OSMnx" version="1" changeset="1"><nd ref="915472401" /><nd ref="943641180" /><tag k="highway" v="primary" /><tag k="name" v="New Rohtak Road" /><tag k="oneway" v="no" /></way><way id="9" timestamp="2026-03-11T21:52:02Z" uid="1" user="OSMnx" version="1" changeset="1"><nd ref="943640249" /><nd ref="6636945940" /><tag k="highway" v="residential" /><tag k="name" v="Maharana Pratap Road" /><tag k="oneway" v="no" /></way><way id="10" timestamp="2026-03-11T21:52:02Z" uid="1" user="OSMnx" version="1" changeset="1"><nd ref="943640249" /><nd ref="6935777994" /><tag k="highway" v="residential" /><tag k="oneway" v="no" /></way><way id="11" timestamp="2026-03-11T21:52:02Z" uid="1" user="OSMnx" version="1" changeset="1"><nd ref="943640253" /><nd ref="9865797801" /><tag k="highway" v="tertiary" /><tag k="oneway" v="no" /></way><way id="12" timestamp="2026-03-11T21:52:02Z" uid="1" user="OSMnx" version="1" changeset="1"><nd ref="943640253" /><nd ref="943640920" /><tag k="highway" v="tertiary" /><tag k="name" v="Padam Singh Road" /><tag k="oneway" v="no" /></way><way id="13" timestamp="2026-03-11T21:52:02Z" uid="1" user="OSMnx" version="1" changeset="1"><nd ref="943640262" /><nd ref="943641018" /><tag k="highway" v="tertiary" /><tag k="name" v="Ganga Mandir Marg" /><tag k="oneway" v="no" /></way><way id="14" timestamp="2026-03-11T21:52:02Z" uid="1" user="OSMnx" version="1" changeset="1"><nd ref="943640266" /><nd ref="12049161366" /><tag k="highway" v="tertiary" /><tag k="name" v="Tank Road" /><tag k="oneway" v="no" /></way><way id="15" timestamp="2026-03-11T21:52:02Z" uid="1" user="OSMnx" version="1" changeset="1"><nd ref="943640266" /><nd ref="6726571404" /><tag k="highway" v="tertiary" /><tag k="name" v="Ajmal Khan Road" /><tag k="oneway" v="no" /></way><way id="16" timestamp="2026-03-11T21:52:02Z" uid="1" user="OSMnx" version="1" changeset="1"><nd ref="943640268" /><nd ref="9865797800" /><tag k="highway" v="tertiary" /><tag k="oneway" v="no" /></way><way id="17" timestamp="2026-03-11T21:52:02Z" uid="1" user="OSMnx" version="1" changeset="1"><nd ref="943640268" /><nd ref="943640253" /><tag k="highway" v="tertiary" /><tag k="name" v="Padam Singh Road" /><tag k="oneway" v="no" /></way><way id="18" timestamp="2026-03-11T21:52:02Z" uid="1" user="OSMnx" version="1" changeset="1"><nd ref="943640270" /><nd ref="943641118" /><tag k="highway" v="residential" /><tag k="oneway" v="no" /></way><way id="19" timestamp="2026-03-11T21:52:02Z" uid="1" user="OSMnx" version="1" changeset="1"><nd ref="943640270" /><nd ref="11625856697" /><tag k="highway" v="residential" /><tag k="oneway" v="no" /></way><way id="20" timestamp="2026-03-11T21:52:02Z" uid="1" user="OSMnx" version="1" changeset="1"><nd ref="943640274" /><nd ref="6751554100" /><tag k="highway" v="tertiary" /><tag k="name" v="Road No 9" /><tag k="oneway" v="no" /></way><way id="21" timestamp="2026-03-11T21:52:02Z" uid="1" user="OSMnx" version="1" changeset="1"><nd ref="943640274" /><nd ref="6751553059" /><tag k="highway" v="tertiary" /><tag k="name" v="Hardhyan Singh Marg" /><tag k="oneway" v="no" /></way><way id="22" timestamp="2026-03-11T21:52:02Z" uid="1" user="OSMnx" version="1" changeset="1"><nd ref="943640286" /><nd ref="6734357400" /><tag k="highway" v="primary" /><tag k="name" v="New Rohtak Road" /><tag k="oneway" v="no" /></way><way id="23" timestamp="2026-03-11T21:52:02Z" uid="1" user="OSMnx" version="1" changeset="1"><nd ref="943640294" /><nd ref="943640805" /><tag k="highway" v="residential" /><tag k="oneway" v="no" /></way><way id="24" timestamp="2026-03-11T21:52:02Z" uid="1" user="OSMnx" version="1" changeset="1"><nd ref="943640294" /><nd ref="943640638" /><tag k="highway" v="residential" /><tag k="oneway" v="no" /></way><way id="25" timestamp="2026-03-11T21:52:02Z" uid="1" user="OSMnx" version="1" changeset="1"><nd ref="943640334" /><nd ref="1869899524" /><tag k="highway" v="tertiary" /><tag k="name" v="Bank Street" /><tag k="oneway" v="no" /></way><way id="26" timestamp="2026-03-11T21:52:02Z" uid="1" user="OSMnx" version="1" changeset="1"><nd ref="943640334" /><nd ref="9870214361" /><tag k="highway" v="tertiary" /><tag k="name" v="Guru Nanak Marg" /><tag k="oneway" v="no" /></way><way id="27" timestamp="2026-03-11T21:52:02Z" uid="1" user="OSMnx" version="1" changeset="1"><nd ref="943640340" /><nd ref="943640751" /><tag k="highway" v="tertiary" /><tag k="name" v="Ganga Mandir Marg" /><tag k="oneway" v="no" /></way><way id="28" timestamp="2026-03-11T21:52:02Z" uid="1" user="OSMnx" version="1" changeset="1"><nd ref="943640342" /><nd ref="943640382" /><tag k="highway" v="residential" /><tag k="oneway" v="no" /></way><way id="29" timestamp="2026-03-11T21:52:02Z" uid="1" user="OSMnx" version="1" changeset="1"><nd ref="943640342" /><nd ref="943641111" /><tag k="highway" v="residential" /><tag k="oneway" v="no" /></way><way id="30" timestamp="2026-03-11T21:52:02Z" uid="1" user="OSMnx" version="1" changeset="1"><nd ref="943640357" /><nd ref="1869899513" /><tag k="highway" v="tertiary" /><tag k="name" v="Bank Street" /><tag k="oneway" v="no" /></way><way id="31" timestamp="2026-03-11T21:52:02Z" uid="1" user="OSMnx" version="1" changeset="1"><nd ref="943640357" /><nd ref="6741865639" /><tag k="highway" v="tertiary" /><tag k="name" v="Saraswati Marg" /><tag k="oneway" v="no" /></way><way id="32" timestamp="2026-03-11T21:52:02Z" uid="1" user="OSMnx" version="1" changeset="1"><nd ref="943640359" /><nd ref="943640294" /><tag k="highway" v="residential" /><tag k="oneway" v="no" /></way><way id="33" timestamp="2026-03-11T21:52:02Z" uid="1" user="OSMnx" version="1" changeset="1"><nd ref="943640359" /><nd ref="943640918" /><tag k="highway" v="residential" /><tag k="oneway" v="no" /></way><way id="34" timestamp="2026-03-11T21:52:02Z" uid="1" user="OSMnx" version="1" changeset="1"><nd ref="943640366" /><nd ref="11011521681" /><tag k="highway" v="residential" /><tag k="oneway" v="no" /></way><way id="35" timestamp="2026-03-11T21:52:02Z" uid="1" user="OSMnx" version="1" changeset="1"><nd ref="943640366" /><nd ref="1869899502" /><tag k="highway" v="tertiary" /><tag k="name" v="Ganga Mandir Marg" /><tag k="oneway" v="no" /></way><way id="36" timestamp="2026-03-11T21:52:02Z" uid="1" user="OSMnx" version="1" changeset="1"><nd ref="943640374" /><nd ref="943640270" /><tag k="highway" v="residential" /><tag k="oneway" v="no" /></way><way id="37" timestamp="2026-03-11T21:52:02Z" uid="1" user="OSMnx" version="1" changeset="1"><nd ref="943640374" /><nd ref="943641287" /><tag k="highway" v="tertiary" /><tag k="name" v="Ganga Mandir Marg" /><tag k="oneway" v="no" /></way><way id="38" timestamp="2026-03-11T21:52:02Z" uid="1" user="OSMnx" version="1" changeset="1"><nd ref="943640382" /><nd ref="943641126" /><tag k="highway" v="residential" /><tag k="oneway" v="no" /></way><way id="39" timestamp="2026-03-11T21:52:02Z" uid="1" user="OSMnx" version="1" changeset="1"><nd ref="943640394" /><nd ref="943640270" /><tag k="highway" v="residential" /><tag k="oneway" v="no" /></way><way id="40" timestamp="2026-03-11T21:52:02Z" uid="1" user="OSMnx" version="1" changeset="1"><nd ref="943640394" /><nd ref="943641287" /><tag k="highway" v="residential" /><tag k="oneway" v="no" /></way><way id="41" timestamp="2026-03-11T21:52:02Z" uid="1" user="OSMnx" version="1" changeset="1"><nd ref="943640401" /><nd ref="6757496042" /><tag k="highway" v="tertiary" /><tag k="oneway" v="no" /></way><way id="42" timestamp="2026-03-11T21:52:02Z" uid="1" user="OSMnx" version="1" changeset="1"><nd ref="943640401" /><nd ref="943640522" /><tag k="highway" v="tertiary" /><tag k="name" v="Deshbandhu Gupta Road" /><tag k="oneway" v="no" /></way><way id="43" timestamp="2026-03-11T21:52:02Z" uid="1" user="OSMnx" version="1" changeset="1"><nd ref="943640401" /><nd ref="6745216204" /><tag k="highway" v="residential" /><tag k="oneway" v="no" /></way><way id="44" timestamp="2026-03-11T21:52:02Z" uid="1" user="OSMnx" version="1" changeset="1"><nd ref="943640403" /><nd ref="2165769727" /><tag k="highway" v="tertiary" /><tag k="name" v="Ganga Mandir Marg" /><tag k="oneway" v="no" /></way><way id="45" timestamp="2026-03-11T21:52:02Z" uid="1" user="OSMnx" version="1" changeset="1"><nd ref="943640404" /><nd ref="9869785935" /><tag k="highway" v="tertiary" /><tag k="oneway" v="no" /></way><way id="46" timestamp="2026-03-11T21:52:02Z" uid="1" user="OSMnx" version="1" changeset="1"><nd ref="943640404" /><nd ref="9865894434" /><tag k="highway" v="tertiary" /><tag k="name" v="Arya Samaj Road" /><tag k="oneway" v="no" /></way><way id="47" timestamp="2026-03-11T21:52:02Z" uid="1" user="OSMnx" version="1" changeset="1"><nd ref="943640416" /><nd ref="943640805" /><tag k="highway" v="residential" /><tag k="oneway" v="no" /></way><way id="48" timestamp="2026-03-11T21:52:02Z" uid="1" user="OSMnx" version="1" changeset="1"><nd ref="943640416" /><nd ref="943640638" /><tag k="highway" v="residential" /><tag k="oneway" v="no" /></way><way id="49" timestamp="2026-03-11T21:52:02Z" uid="1" user="OSMnx" version="1" changeset="1"><nd ref="943640423" /><nd ref="9880525611" /><tag k="highway" v="residential" /><tag k="oneway" v="no" /></way><way id="50" timestamp="2026-03-11T21:52:02Z" uid="1" user="OSMnx" version="1" changeset="1"><nd ref="943640423" /><nd ref="943640585" /><tag k="highway" v="primary" /><tag k="name" v="New Rohtak Road" /><tag k="oneway" v="no" /></way><way id="51" timestamp="2026-03-11T21:52:02Z" uid="1" user="OSMnx" version="1" changeset="1"><nd ref="943640444" /><nd ref="943641045" /><tag k="highway" v="residential" /><tag k="name" v="Maharana Pratap Road" /><tag k="oneway" v="no" /></way><way id="52" timestamp="2026-03-11T21:52:02Z" uid="1" user="OSMnx" version="1" changeset="1"><nd ref="943640444" /><nd ref="6935777999" /><tag k="highway" v="tertiary" /><tag k="name" v="Shikha Road" /><tag k="oneway" v="no" /></way><way id="53" timestamp="2026-03-11T21:52:02Z" uid="1" user="OSMnx" version="1" changeset="1"><nd ref="943640447" /><nd ref="6884962293" /><tag k="highway" v="tertiary" /><tag k="name" v="Arya Samaj Road" /><tag k="oneway" v="no" /></way><way id="54" timestamp="2026-03-11T21:52:02Z" uid="1" user="OSMnx" version="1" changeset="1"><nd ref="943640447" /><nd ref="9869785933" /><tag k="highway" v="tertiary" /><tag k="name" v="Guru Ravi Das Marg" /><tag k="oneway" v="no" /></way><way id="55" timestamp="2026-03-11T21:52:02Z" uid="1" user="OSMnx" version="1" changeset="1"><nd ref="943640474" /><nd ref="943640616" /><tag k="highway" v="tertiary" /><tag k="lanes" v="4" /><tag k="name" v="Ramjas Road" /><tag k="oneway" v="no" /></way><way id="56" timestamp="2026-03-11T21:52:02Z" uid="1" user="OSMnx" version="1" changeset="1"><nd ref="943640474" /><nd ref="943641277" /><tag k="highway" v="residential" /><tag k="oneway" v="no" /></way><way id="57" timestamp="2026-03-11T21:52:02Z" uid="1" user="OSMnx" version="1" changeset="1"><nd ref="943640476" /><nd ref="6636945937" /><tag k="highway" v="tertiary" /><tag k="name" v="Saraswati Marg" /><tag k="oneway" v="no" /></way><way id="58" timestamp="2026-03-11T21:52:02Z" uid="1" user="OSMnx" version="1" changeset="1"><nd ref="943640482" /><nd ref="12120727970" /><tag k="highway" v="tertiary" /><tag k="name" v="Hardhyan Singh Marg" /><tag k="oneway" v="no" /></way><way id="59" timestamp="2026-03-11T21:52:02Z" uid="1" user="OSMnx" version="1" changeset="1"><nd ref="943640482" /><nd ref="9841145357" /><tag k="highway" v="tertiary" /><tag k="name" v="Gurudwara Road" /><tag k="oneway" v="no" /></way><way id="60" timestamp="2026-03-11T21:52:02Z" uid="1" user="OSMnx" version="1" changeset="1"><nd ref="943640498" /><nd ref="943640618" /><tag k="highway" v="tertiary" /><tag k="lanes" v="4" /><tag k="name" v="Ramjas Road" /><tag k="oneway" v="no" /></way><way id="61" timestamp="2026-03-11T21:52:02Z" uid="1" user="OSMnx" version="1" changeset="1"><nd ref="943640501" /><nd ref="943640980" /><tag k="highway" v="tertiary" /><tag k="name" v="Deshbandhu Gupta Road" /><tag k="oneway" v="no" /></way><way id="62" timestamp="2026-03-11T21:52:02Z" uid="1" user="OSMnx" version="1" changeset="1"><nd ref="943640501" /><nd ref="7223095400" /><tag k="highway" v="residential" /><tag k="name" v="Ramjas Road" /><tag k="oneway" v="no" /></way><way id="63" timestamp="2026-03-11T21:52:02Z" uid="1" user="OSMnx" version="1" changeset="1"><nd ref="943640511" /><nd ref="943640401" /><tag k="highway" v="tertiary" /><tag k="name" v="Deshbandhu Gupta Road" /><tag k="oneway" v="no" /></way><way id="64" timestamp="2026-03-11T21:52:02Z" uid="1" user="OSMnx" version="1" changeset="1"><nd ref="943640511" /><nd ref="9870214353" /><tag k="highway" v="tertiary" /><tag k="name" v="Guru Nanak Marg" /><tag k="oneway" v="no" /></way><way id="65" timestamp="2026-03-11T21:52:02Z" uid="1" user="OSMnx" version="1" changeset="1"><nd ref="943640520" /><nd ref="943640724" /><tag k="highway" v="tertiary" /><tag k="name" v="Ajmal Khan Road" /><tag k="oneway" v="no" /></way><way id="66" timestamp="2026-03-11T21:52:02Z" uid="1" user="OSMnx" version="1" changeset="1"><nd ref="943640520" /><nd ref="11518486170" /><tag k="highway" v="primary" /><tag k="name" v="New Rohtak Road" /><tag k="oneway" v="no" /></way><way id="67" timestamp="2026-03-11T21:52:02Z" uid="1" user="OSMnx" version="1" changeset="1"><nd ref="943640522" /><nd ref="11510496640" /><tag k="highway" v="tertiary" /><tag k="name" v="Deshbandhu Gupta Road" /><tag k="oneway" v="no" /></way><way id="68" timestamp="2026-03-11T21:52:02Z" uid="1" user="OSMnx" version="1" changeset="1"><nd ref="943640522" /><nd ref="9181760546" /><tag k="highway" v="tertiary" /><tag k="oneway" v="no" /></way><way id="69" timestamp="2026-03-11T21:52:02Z" uid="1" user="OSMnx" version="1" changeset="1"><nd ref="943640539" /><nd ref="9865797769" /><tag k="highway" v="tertiary" /><tag k="oneway" v="no" /></way><way id="70" timestamp="2026-03-11T21:52:02Z" uid="1" user="OSMnx" version="1" changeset="1"><nd ref="943640539" /><nd ref="9865894433" /><tag k="highway" v="tertiary" /><tag k="name" v="Tank Road" /><tag k="oneway" v="no" /></way><way id="71" timestamp="2026-03-11T21:52:02Z" uid="1" user="OSMnx" version="1" changeset="1"><nd ref="943640547" /><nd ref="9869513352" /><tag k="highway" v="tertiary" /><tag k="name" v="Deshbandhu Gupta Road" /><tag k="oneway" v="no" /></way><way id="72" timestamp="2026-03-11T21:52:02Z" uid="1" user="OSMnx" version="1" changeset="1"><nd ref="943640547" /><nd ref="943640900" /><tag k="highway" v="tertiary" /><tag k="name" v="Guru Ravidas Marg" /><tag k="oneway" v="no" /></way><way id="73" timestamp="2026-03-11T21:52:02Z" uid="1" user="OSMnx" version="1" changeset="1"><nd ref="943640550" /><nd ref="943640956" /><tag k="highway" v="residential" /><tag k="oneway" v="no" /></way><way id="74" timestamp="2026-03-11T21:52:02Z" uid="1" user="OSMnx" version="1" changeset="1"><nd ref="943640550" /><nd ref="943640785" /><tag k="highway" v="residential" /><tag k="oneway" v="no" /></way><way id="75" timestamp="2026-03-11T21:52:02Z" uid="1" user="OSMnx" version="1" changeset="1"><nd ref="943640565" /><nd ref="11011502684" /><tag k="highway" v="residential" /><tag k="name" v="Gali Number 4" /><tag k="oneway" v="no" /></way><way id="76" timestamp="2026-03-11T21:52:02Z" uid="1" user="OSMnx" version="1" changeset="1"><nd ref="943640565" /><nd ref="6749273049" /><tag k="highway" v="tertiary" /><tag k="lanes" v="4" /><tag k="name" v="Ramjas Road" /><tag k="oneway" v="no" /></way><way id="77" timestamp="2026-03-11T21:52:02Z" uid="1" user="OSMnx" version="1" changeset="1"><nd ref="943640566" /><nd ref="943640403" /><tag k="highway" v="residential" /><tag k="oneway" v="no" /></way><way id="78" timestamp="2026-03-11T21:52:02Z" uid="1" user="OSMnx" version="1" changeset="1"><nd ref="943640566" /><nd ref="9865797790" /><tag k="highway" v="tertiary" /><tag k="lanes" v="4" /><tag k="name" v="Ramjas Road" /><tag k="oneway" v="no" /></way><way id="79" timestamp="2026-03-11T21:52:02Z" uid="1" user="OSMnx" version="1" changeset="1"><nd ref="943640569" /><nd ref="6636945943" /><tag k="highway" v="residential" /><tag k="name" v="Maharana Pratap Road" /><tag k="oneway" v="no" /></way><way id="80" timestamp="2026-03-11T21:52:02Z" uid="1" user="OSMnx" version="1" changeset="1"><nd ref="943640575" /><nd ref="943640522" /><tag k="highway" v="tertiary" /><tag k="oneway" v="no" /></way><way id="81" timestamp="2026-03-11T21:52:02Z" uid="1" user="OSMnx" version="1" changeset="1"><nd ref="943640575" /><nd ref="6745216204" /><tag k="highway" v="tertiary" /><tag k="name" v="Deshbandhu Gupta Road" /><tag k="oneway" v="no" /></way><way id="82" timestamp="2026-03-11T21:52:02Z" uid="1" user="OSMnx" version="1" changeset="1"><nd ref="943640585" /><nd ref="6645796648" /><tag k="highway" v="tertiary" /><tag k="oneway" v="no" /></way><way id="83" timestamp="2026-03-11T21:52:02Z" uid="1" user="OSMnx" version="1" changeset="1"><nd ref="943640585" /><nd ref="943640919" /><tag k="highway" v="primary" /><tag k="name" v="New Rohtak Road" /><tag k="oneway" v="no" /></way><way id="84" timestamp="2026-03-11T21:52:02Z" uid="1" user="OSMnx" version="1" changeset="1"><nd ref="943640600" /><nd ref="9865894438" /><tag k="highway" v="tertiary" /><tag k="name" v="Ganga Mandir Marg" /><tag k="oneway" v="no" /></way><way id="85" timestamp="2026-03-11T21:52:02Z" uid="1" user="OSMnx" version="1" changeset="1"><nd ref="943640600" /><nd ref="2164861745" /><tag k="highway" v="residential" /><tag k="name" v="Lane No. 9" /><tag k="oneway" v="no" /></way><way id="86" timestamp="2026-03-11T21:52:02Z" uid="1" user="OSMnx" version="1" changeset="1"><nd ref="943640614" /><nd ref="6738652788" /><tag k="highway" v="tertiary" /><tag k="name" v="Gurudwara Road" /><tag k="oneway" v="no" /></way><way id="87" timestamp="2026-03-11T21:52:02Z" uid="1" user="OSMnx" version="1" changeset="1"><nd ref="943640616" /><nd ref="943640753" /><tag k="highway" v="tertiary" /><tag k="lanes" v="4" /><tag k="name" v="Ramjas Road" /><tag k="oneway" v="no" /></way><way id="88" timestamp="2026-03-11T21:52:02Z" uid="1" user="OSMnx" version="1" changeset="1"><nd ref="943640616" /><nd ref="11625856696" /><tag k="highway" v="residential" /><tag k="oneway" v="no" /></way><way id="89" timestamp="2026-03-11T21:52:02Z" uid="1" user="OSMnx" version="1" changeset="1"><nd ref="943640618" /><nd ref="11011521682" /><tag k="highway" v="residential" /><tag k="name" v="Gali Number 6" /><tag k="oneway" v="no" /></way><way id="90" timestamp="2026-03-11T21:52:02Z" uid="1" user="OSMnx" version="1" changeset="1"><nd ref="943640618" /><nd ref="943640565" /><tag k="highway" v="tertiary" /><tag k="lanes" v="4" /><tag k="name" v="Ramjas Road" /><tag k="oneway" v="no" /></way><way id="91" timestamp="2026-03-11T21:52:02Z" uid="1" user="OSMnx" version="1" changeset="1"><nd ref="943640619" /><nd ref="9843112148" /><tag k="highway" v="primary" /><tag k="name" v="New Rohtak Road" /><tag k="oneway" v="no" /></way><way id="92" timestamp="2026-03-11T21:52:02Z" uid="1" user="OSMnx" version="1" changeset="1"><nd ref="943640619" /><nd ref="13475424049" /><tag k="highway" v="tertiary" /><tag k="name" v="Faiz Road" /><tag k="oneway" v="no" /></way><way id="93" timestamp="2026-03-11T21:52:02Z" uid="1" user="OSMnx" version="1" changeset="1"><nd ref="943640625" /><nd ref="943640444" /><tag k="highway" v="tertiary" /><tag k="name" v="Saraswati Marg" /><tag k="oneway" v="no" /></way><way id="94" timestamp="2026-03-11T21:52:02Z" uid="1" user="OSMnx" version="1" changeset="1"><nd ref="943640638" /><nd ref="943640787" /><tag k="highway" v="residential" /><tag k="oneway" v="no" /></way><way id="95" timestamp="2026-03-11T21:52:02Z" uid="1" user="OSMnx" version="1" changeset="1"><nd ref="943640638" /><nd ref="6935777991" /><tag k="highway" v="residential" /><tag k="oneway" v="no" /></way><way id="96" timestamp="2026-03-11T21:52:02Z" uid="1" user="OSMnx" version="1" changeset="1"><nd ref="943640665" /><nd ref="9864870709" /><tag k="highway" v="tertiary" /><tag k="name" v="Guru Ravi Das Marg" /><tag k="oneway" v="no" /></way><way id="97" timestamp="2026-03-11T21:52:02Z" uid="1" user="OSMnx" version="1" changeset="1"><nd ref="943640665" /><nd ref="9865894428" /><tag k="highway" v="tertiary" /><tag k="name" v="Padam Singh Road" /><tag k="oneway" v="no" /></way><way id="98" timestamp="2026-03-11T21:52:02Z" uid="1" user="OSMnx" version="1" changeset="1"><nd ref="943640668" /><nd ref="1869899520" /><tag k="highway" v="tertiary" /><tag k="name" v="Bank Street" /><tag k="oneway" v="no" /></way><way id="99" timestamp="2026-03-11T21:52:02Z" uid="1" user="OSMnx" version="1" changeset="1"><nd ref="943640668" /><nd ref="9181825061" /><tag k="highway" v="residential" /><tag k="name" v="Vishnu Mandir Marg" /><tag k="oneway" v="no" /></way><way id="100" timestamp="2026-03-11T21:52:02Z" uid="1" user="OSMnx" version="1" changeset="1"><nd ref="943640671" /><nd ref="9843077189" /><tag k="highway" v="tertiary" /><tag k="name" v="Joshi Road" /><tag k="oneway" v="no" /></way><way id="101" timestamp="2026-03-11T21:52:02Z" uid="1" user="OSMnx" version="1" changeset="1"><nd ref="943640671" /><nd ref="11792835531" /><tag k="highway" v="tertiary" /><tag k="name" v="Deshbandhu Gupta Road" /><tag k="oneway" v="no" /></way><way id="102" timestamp="2026-03-11T21:52:02Z" uid="1" user="OSMnx" version="1" changeset="1"><nd ref="943640686" /><nd ref="943640942" /><tag k="highway" v="tertiary" /><tag k="name" v="Tank Road" /><tag k="oneway" v="no" /></way><way id="103" timestamp="2026-03-11T21:52:02Z" uid="1" user="OSMnx" version="1" changeset="1"><nd ref="943640686" /><nd ref="9864870705" /><tag k="highway" v="residential" /><tag k="name" v="Bashiruddin Road" /><tag k="oneway" v="no" /></way><way id="104" timestamp="2026-03-11T21:52:02Z" uid="1" user="OSMnx" version="1" changeset="1"><nd ref="943640694" /><nd ref="9841131066" /><tag k="highway" v="tertiary" /><tag k="name" v="Ajmal Khan Road" /><tag k="oneway" v="no" /></way><way id="105" timestamp="2026-03-11T21:52:02Z" uid="1" user="OSMnx" version="1" changeset="1"><nd ref="943640694" /><nd ref="6743318632" /><tag k="highway" v="tertiary" /><tag k="name" v="Hardhyan Singh Marg" /><tag k="oneway" v="no" /></way><way id="106" timestamp="2026-03-11T21:52:02Z" uid="1" user="OSMnx" version="1" changeset="1"><nd ref="943640694" /><nd ref="943640482" /><tag k="highway" v="tertiary" /><tag k="name" v="Hardhyan Singh Marg" /><tag k="oneway" v="no" /></way><way id="107" timestamp="2026-03-11T21:52:02Z" uid="1" user="OSMnx" version="1" changeset="1"><nd ref="943640695" /><nd ref="9181760556" /><tag k="highway" v="tertiary" /><tag k="oneway" v="no" /></way><way id="108" timestamp="2026-03-11T21:52:02Z" uid="1" user="OSMnx" version="1" changeset="1"><nd ref="943640708" /><nd ref="10598455898" /><tag k="highway" v="residential" /><tag k="name" v="Vishnu Mandir Marg" /><tag k="oneway" v="no" /></way><way id="109" timestamp="2026-03-11T21:52:02Z" uid="1" user="OSMnx" version="1" changeset="1"><nd ref="943640708" /><nd ref="6884962300" /><tag k="highway" v="tertiary" /><tag k="name" v="Arya Samaj Road" /><tag k="oneway" v="no" /></way><way id="110" timestamp="2026-03-11T21:52:02Z" uid="1" user="OSMnx" version="1" changeset="1"><nd ref="943640712" /><nd ref="943640619" /><tag k="highway" v="tertiary" /><tag k="name" v="Faiz Road" /><tag k="oneway" v="no" /></way><way id="111" timestamp="2026-03-11T21:52:02Z" uid="1" user="OSMnx" version="1" changeset="1"><nd ref="943640712" /><nd ref="9181740496" /><tag k="highway" v="primary" /><tag k="name" v="New Rohtak Road" /><tag k="oneway" v="no" /></way><way id="112" timestamp="2026-03-11T21:52:02Z" uid="1" user="OSMnx" version="1" changeset="1"><nd ref="943640714" /><nd ref="10598455896" /><tag k="highway" v="tertiary" /><tag k="name" v="Saraswati Marg" /><tag k="oneway" v="no" /></way><way id="113" timestamp="2026-03-11T21:52:02Z" uid="1" user="OSMnx" version="1" changeset="1"><nd ref="943640714" /><nd ref="9843177725" /><tag k="highway" v="tertiary" /><tag k="name" v="Saraswati Marg" /><tag k="oneway" v="no" /></way><way id="114" timestamp="2026-03-11T21:52:02Z" uid="1" user="OSMnx" version="1" changeset="1"><nd ref="943640714" /><nd ref="943641249" /><tag k="highway" v="tertiary" /><tag k="name" v="Arya Samaj Road" /><tag k="oneway" v="no" /></way><way id="115" timestamp="2026-03-11T21:52:02Z" uid="1" user="OSMnx" version="1" changeset="1"><nd ref="943640724" /><nd ref="943641269" /><tag k="highway" v="primary" /><tag k="name" v="New Rohtak Road" /><tag k="oneway" v="no" /></way><way id="116" timestamp="2026-03-11T21:52:02Z" uid="1" user="OSMnx" version="1" changeset="1"><nd ref="943640724" /><nd ref="943684508" /><tag k="highway" v="tertiary" /><tag k="name" v="Ajmal Khan Road" /><tag k="oneway" v="no" /></way><way id="117" timestamp="2026-03-11T21:52:02Z" uid="1" user="OSMnx" version="1" changeset="1"><nd ref="943640729" /><nd ref="9865797777" /><tag k="highway" v="tertiary" /><tag k="name" v="Guru Ravi Das Marg" /><tag k="oneway" v="no" /></way><way id="118" timestamp="2026-03-11T21:52:02Z" uid="1" user="OSMnx" version="1" changeset="1"><nd ref="943640729" /><nd ref="943641305" /><tag k="highway" v="tertiary" /><tag k="name" v="Block 10 A Road" /><tag k="oneway" v="no" /></way><way id="119" timestamp="2026-03-11T21:52:02Z" uid="1" user="OSMnx" version="1" changeset="1"><nd ref="943640732" /><nd ref="943640547" /><tag k="highway" v="tertiary" /><tag k="name" v="Guru Ravidas Marg" /><tag k="oneway" v="no" /></way><way id="120" timestamp="2026-03-11T21:52:02Z" uid="1" user="OSMnx" version="1" changeset="1"><nd ref="943640732" /><nd ref="9869476837" /><tag k="highway" v="tertiary" /><tag k="name" v="Deshbandhu Gupta Road" /><tag k="oneway" v="no" /></way><way id="121" timestamp="2026-03-11T21:52:02Z" uid="1" user="OSMnx" version="1" changeset="1"><nd ref="943640751" /><nd ref="2165769740" /><tag k="highway" v="tertiary" /><tag k="name" v="Ganga Mandir Marg" /><tag k="oneway" v="no" /></way><way id="122" timestamp="2026-03-11T21:52:02Z" uid="1" user="OSMnx" version="1" changeset="1"><nd ref="943640753" /><nd ref="943640785" /><tag k="highway" v="tertiary" /><tag k="lanes" v="4" /><tag k="name" v="Ramjas Road" /><tag k="oneway" v="no" /></way><way id="123" timestamp="2026-03-11T21:52:02Z" uid="1" user="OSMnx" version="1" changeset="1"><nd ref="943640753" /><nd ref="943640956" /><tag k="highway" v="residential" /><tag k="oneway" v="no" /></way><way id="124" timestamp="2026-03-11T21:52:02Z" uid="1" user="OSMnx" version="1" changeset="1"><nd ref="943640756" /><nd ref="9841255640" /><tag k="highway" v="tertiary" /><tag k="name" v="Sri Krishna Dass Marg" /><tag k="oneway" v="no" /></way><way id="125" timestamp="2026-03-11T21:52:02Z" uid="1" user="OSMnx" version="1" changeset="1"><nd ref="943640756" /><nd ref="943641266" /><tag k="highway" v="tertiary" /><tag k="name" v="Bank Street" /><tag k="oneway" v="no" /></way><way id="126" timestamp="2026-03-11T21:52:02Z" uid="1" user="OSMnx" version="1" changeset="1"><nd ref="943640771" /><nd ref="943640773" /><tag k="highway" v="tertiary" /><tag k="name" v="Sri Krishna Dass Marg" /><tag k="oneway" v="no" /></way><way id="127" timestamp="2026-03-11T21:52:02Z" uid="1" user="OSMnx" version="1" changeset="1"><nd ref="943640771" /><nd ref="943640671" /><tag k="highway" v="tertiary" /><tag k="name" v="Deshbandhu Gupta Road" /><tag k="oneway" v="no" /></way><way id="128" timestamp="2026-03-11T21:52:02Z" uid="1" user="OSMnx" version="1" changeset="1"><nd ref="943640773" /><nd ref="12120727974" /><tag k="highway" v="tertiary" /><tag k="name" v="Deshbandhu Gupta Road" /><tag k="oneway" v="no" /></way><way id="129" timestamp="2026-03-11T21:52:02Z" uid="1" user="OSMnx" version="1" changeset="1"><nd ref="943640773" /><nd ref="9841218416" /><tag k="highway" v="tertiary" /><tag k="name" v="Sri Krishna Dass Marg" /><tag k="oneway" v="no" /></way><way id="130" timestamp="2026-03-11T21:52:02Z" uid="1" user="OSMnx" version="1" changeset="1"><nd ref="943640782" /><nd ref="1869899499" /><tag k="highway" v="tertiary" /><tag k="name" v="Road No 9" /><tag k="oneway" v="no" /></way><way id="131" timestamp="2026-03-11T21:52:02Z" uid="1" user="OSMnx" version="1" changeset="1"><nd ref="943640785" /><nd ref="9865801053" /><tag k="highway" v="tertiary" /><tag k="lanes" v="4" /><tag k="name" v="Ramjas Road" /><tag k="oneway" v="no" /></way><way id="132" timestamp="2026-03-11T21:52:02Z" uid="1" user="OSMnx" version="1" changeset="1"><nd ref="943640785" /><nd ref="11625856695" /><tag k="highway" v="residential" /><tag k="oneway" v="no" /></way><way id="133" timestamp="2026-03-11T21:52:02Z" uid="1" user="OSMnx" version="1" changeset="1"><nd ref="943640787" /><nd ref="943640359" /><tag k="highway" v="residential" /><tag k="oneway" v="no" /></way><way id="134" timestamp="2026-03-11T21:52:02Z" uid="1" user="OSMnx" version="1" changeset="1"><nd ref="943640790" /><nd ref="291511688" /><tag k="highway" v="tertiary" /><tag k="name" v="Deshbandhu Gupta Road" /><tag k="oneway" v="no" /></way><way id="135" timestamp="2026-03-11T21:52:02Z" uid="1" user="OSMnx" version="1" changeset="1"><nd ref="943640790" /><nd ref="9181825067" /><tag k="highway" v="tertiary" /><tag k="name" v="Road No 9" /><tag k="oneway" v="no" /></way><way id="136" timestamp="2026-03-11T21:52:02Z" uid="1" user="OSMnx" version="1" changeset="1"><nd ref="943640797" /><nd ref="943640686" /><tag k="highway" v="tertiary" /><tag k="name" v="Tank Road" /><tag k="oneway" v="no" /></way><way id="137" timestamp="2026-03-11T21:52:02Z" uid="1" user="OSMnx" version="1" changeset="1"><nd ref="943640797" /><nd ref="9865797791" /><tag k="highway" v="tertiary" /><tag k="name" v="Ganga Mandir Marg" /><tag k="oneway" v="no" /></way><way id="138" timestamp="2026-03-11T21:52:02Z" uid="1" user="OSMnx" version="1" changeset="1"><nd ref="943640804" /><nd ref="943640374" /><tag k="highway" v="tertiary" /><tag k="name" v="Ganga Mandir Marg" /><tag k="oneway" v="no" /></way><way id="139" timestamp="2026-03-11T21:52:02Z" uid="1" user="OSMnx" version="1" changeset="1"><nd ref="943640805" /><nd ref="1869899489" /><tag k="highway" v="residential" /><tag k="oneway" v="no" /></way><way id="140" timestamp="2026-03-11T21:52:02Z" uid="1" user="OSMnx" version="1" changeset="1"><nd ref="943640900" /><nd ref="6748936985" /><tag k="highway" v="tertiary" /><tag k="name" v="Guru Ravidas Marg" /><tag k="oneway" v="no" /></way><way id="141" timestamp="2026-03-11T21:52:02Z" uid="1" user="OSMnx" version="1" changeset="1"><nd ref="943640900" /><nd ref="9869513372" /><tag k="highway" v="tertiary" /><tag k="name" v="Bank Street" /><tag k="oneway" v="no" /></way><way id="142" timestamp="2026-03-11T21:52:02Z" uid="1" user="OSMnx" version="1" changeset="1"><nd ref="943640906" /><nd ref="943640425" /><tag k="highway" v="residential" /><tag k="oneway" v="no" /></way><way id="143" timestamp="2026-03-11T21:52:02Z" uid="1" user="OSMnx" version="1" changeset="1"><nd ref="943640917" /><nd ref="9865894460" /><tag k="highway" v="tertiary" /><tag k="name" v="Tank Road" /><tag k="oneway" v="no" /></way><way id="144" timestamp="2026-03-11T21:52:02Z" uid="1" user="OSMnx" version="1" changeset="1"><nd ref="943640917" /><nd ref="2165769739" /><tag k="highway" v="tertiary" /><tag k="name" v="Guru Ravi Das Marg" /><tag k="oneway" v="no" /></way><way id="145" timestamp="2026-03-11T21:52:02Z" uid="1" user="OSMnx" version="1" changeset="1"><nd ref="943640918" /><nd ref="943640425" /><tag k="highway" v="tertiary" /><tag k="name" v="Road No 9" /><tag k="oneway" v="no" /></way><way id="146" timestamp="2026-03-11T21:52:02Z" uid="1" user="OSMnx" version="1" changeset="1"><nd ref="943640918" /><nd ref="943641143" /><tag k="highway" v="residential" /><tag k="oneway" v="no" /></way><way id="147" timestamp="2026-03-11T21:52:02Z" uid="1" user="OSMnx" version="1" changeset="1"><nd ref="943640919" /><nd ref="6645796649" /><tag k="highway" v="tertiary" /><tag k="oneway" v="no" /></way><way id="148" timestamp="2026-03-11T21:52:02Z" uid="1" user="OSMnx" version="1" changeset="1"><nd ref="943640919" /><nd ref="6630518556" /><tag k="highway" v="primary" /><tag k="name" v="New Rohtak Road" /><tag k="oneway" v="no" /></way><way id="149" timestamp="2026-03-11T21:52:02Z" uid="1" user="OSMnx" version="1" changeset="1"><nd ref="943640927" /><nd ref="9865797787" /><tag k="highway" v="residential" /><tag k="name" v="Maharana Pratap Road" /><tag k="oneway" v="no" /></way><way id="150" timestamp="2026-03-11T21:52:02Z" uid="1" user="OSMnx" version="1" changeset="1"><nd ref="943640939" /><nd ref="9841262318" /><tag k="highway" v="tertiary" /><tag k="name" v="Sri Krishna Dass Marg" /><tag k="oneway" v="no" /></way><way id="151" timestamp="2026-03-11T21:52:02Z" uid="1" user="OSMnx" version="1" changeset="1"><nd ref="943640939" /><nd ref="943684550" /><tag k="highway" v="tertiary" /><tag k="name" v="Hardhyan Singh Marg" /><tag k="oneway" v="no" /></way><way id="152" timestamp="2026-03-11T21:52:02Z" uid="1" user="OSMnx" version="1" changeset="1"><nd ref="943640942" /><nd ref="943641243" /><tag k="highway" v="tertiary" /><tag k="name" v="Tank Road" /><tag k="oneway" v="no" /></way><way id="153" timestamp="2026-03-11T21:52:02Z" uid="1" user="OSMnx" version="1" changeset="1"><nd ref="943640942" /><nd ref="9865801062" /><tag k="highway" v="tertiary" /><tag k="name" v="Road No 9" /><tag k="oneway" v="no" /></way><way id="154" timestamp="2026-03-11T21:52:02Z" uid="1" user="OSMnx" version="1" changeset="1"><nd ref="943640942" /><nd ref="6741865624" /><tag k="highway" v="residential" /><tag k="name" v="Maharana Pratap Road" /><tag k="oneway" v="no" /></way><way id="155" timestamp="2026-03-11T21:52:02Z" uid="1" user="OSMnx" version="1" changeset="1"><nd ref="943640943" /><nd ref="943641257" /><tag k="highway" v="tertiary" /><tag k="name" v="Ajmal Khan Road" /><tag k="oneway" v="no" /></way><way id="156" timestamp="2026-03-11T21:52:02Z" uid="1" user="OSMnx" version="1" changeset="1"><nd ref="943640943" /><nd ref="943641110" /><tag k="highway" v="tertiary" /><tag k="name" v="Deshbandhu Gupta Road" /><tag k="oneway" v="no" /></way><way id="157" timestamp="2026-03-11T21:52:02Z" uid="1" user="OSMnx" version="1" changeset="1"><nd ref="943640944" /><nd ref="943641041" /><tag k="highway" v="tertiary" /><tag k="name" v="Padam Singh Road" /><tag k="oneway" v="no" /></way><way id="158" timestamp="2026-03-11T21:52:02Z" uid="1" user="OSMnx" version="1" changeset="1"><nd ref="943640944" /><nd ref="6636661916" /><tag k="highway" v="residential" /><tag k="name" v="Road No 9" /><tag k="oneway" v="no" /></way><way id="159" timestamp="2026-03-11T21:52:02Z" uid="1" user="OSMnx" version="1" changeset="1"><nd ref="943640956" /><nd ref="943641011" /><tag k="highway" v="residential" /><tag k="oneway" v="no" /></way><way id="160" timestamp="2026-03-11T21:52:02Z" uid="1" user="OSMnx" version="1" changeset="1"><nd ref="943640958" /><nd ref="6730511853" /><tag k="highway" v="tertiary" /><tag k="name" v="Ajmal Khan Road" /><tag k="oneway" v="no" /></way><way id="161" timestamp="2026-03-11T21:52:02Z" uid="1" user="OSMnx" version="1" changeset="1"><nd ref="943640958" /><nd ref="10598455900" /><tag k="highway" v="tertiary" /><tag k="name" v="Arya Samaj Road" /><tag k="oneway" v="no" /></way><way id="162" timestamp="2026-03-11T21:52:02Z" uid="1" user="OSMnx" version="1" changeset="1"><nd ref="943640959" /><nd ref="9865801076" /><tag k="highway" v="tertiary" /><tag k="name" v="Road No 9" /><tag k="oneway" v="no" /></way><way id="163" timestamp="2026-03-11T21:52:02Z" uid="1" user="OSMnx" version="1" changeset="1"><nd ref="943640959" /><nd ref="9865797788" /><tag k="highway" v="residential" /><tag k="name" v="Baba Ramdev Marg" /><tag k="oneway" v="no" /></way><way id="164" timestamp="2026-03-11T21:52:02Z" uid="1" user="OSMnx" version="1" changeset="1"><nd ref="943640960" /><nd ref="943641263" /><tag k="highway" v="tertiary" /><tag k="oneway" v="no" /></way><way id="165" timestamp="2026-03-11T21:52:02Z" uid="1" user="OSMnx" version="1" changeset="1"><nd ref="943640960" /><nd ref="1869899500" /><tag k="highway" v="tertiary" /><tag k="lanes" v="4" /><tag k="name" v="Ramjas Road" /><tag k="oneway" v="no" /></way><way id="166" timestamp="2026-03-11T21:52:02Z" uid="1" user="OSMnx" version="1" changeset="1"><nd ref="943640980" /><nd ref="943641171" /><tag k="highway" v="tertiary" /><tag k="name" v="Deshbandhu Gupta Road" /><tag k="oneway" v="no" /></way><way id="167" timestamp="2026-03-11T21:52:02Z" uid="1" user="OSMnx" version="1" changeset="1"><nd ref="943641006" /><nd ref="2645265833" /><tag k="highway" v="tertiary" /><tag k="name" v="Padam Singh Road" /><tag k="oneway" v="no" /></way><way id="168" timestamp="2026-03-11T21:52:02Z" uid="1" user="OSMnx" version="1" changeset="1"><nd ref="943641006" /><nd ref="6730511851" /><tag k="highway" v="tertiary" /><tag k="name" v="Gurudwara Road" /><tag k="oneway" v="no" /></way><way id="169" timestamp="2026-03-11T21:52:02Z" uid="1" user="OSMnx" version="1" changeset="1"><nd ref="943641009" /><nd ref="11237934740" /><tag k="highway" v="tertiary" /><tag k="name" v="Tank Road" /><tag k="oneway" v="no" /></way><way id="170" timestamp="2026-03-11T21:52:02Z" uid="1" user="OSMnx" version="1" changeset="1"><nd ref="943641011" /><nd ref="3544161980" /><tag k="highway" v="residential" /><tag k="oneway" v="no" /></way><way id="171" timestamp="2026-03-11T21:52:02Z" uid="1" user="OSMnx" version="1" changeset="1"><nd ref="943641018" /><nd ref="943641135" /><tag k="highway" v="tertiary" /><tag k="name" v="Ganga Mandir Marg" /><tag k="oneway" v="no" /></way><way id="172" timestamp="2026-03-11T21:52:02Z" uid="1" user="OSMnx" version="1" changeset="1"><nd ref="943641028" /><nd ref="9843139213" /><tag k="highway" v="tertiary" /><tag k="name" v="Sat Bhirawan Marg" /><tag k="oneway" v="no" /></way><way id="173" timestamp="2026-03-11T21:52:02Z" uid="1" user="OSMnx" version="1" changeset="1"><nd ref="943641028" /><nd ref="1869899501" /><tag k="highway" v="tertiary" /><tag k="name" v="Arya Samaj Road" /><tag k="oneway" v="no" /></way><way id="174" timestamp="2026-03-11T21:52:02Z" uid="1" user="OSMnx" version="1" changeset="1"><nd ref="943641031" /><nd ref="943640782" /><tag k="highway" v="tertiary" /><tag k="name" v="Road No 9" /><tag k="oneway" v="no" /></way><way id="175" timestamp="2026-03-11T21:52:02Z" uid="1" user="OSMnx" version="1" changeset="1"><nd ref="943641031" /><nd ref="943640565" /><tag k="highway" v="residential" /><tag k="oneway" v="no" /></way><way id="176" timestamp="2026-03-11T21:52:02Z" uid="1" user="OSMnx" version="1" changeset="1"><nd ref="943641041" /><nd ref="9843177731" /><tag k="highway" v="residential" /><tag k="name" v="Vishnu Mandir Marg" /><tag k="oneway" v="no" /></way><way id="177" timestamp="2026-03-11T21:52:02Z" uid="1" user="OSMnx" version="1" changeset="1"><nd ref="943641041" /><nd ref="1869899506" /><tag k="highway" v="tertiary" /><tag k="name" v="Padam Singh Road" /><tag k="oneway" v="no" /></way><way id="178" timestamp="2026-03-11T21:52:02Z" uid="1" user="OSMnx" version="1" changeset="1"><nd ref="943641045" /><nd ref="6935777986" /><tag k="highway" v="residential" /><tag k="oneway" v="no" /></way><way id="179" timestamp="2026-03-11T21:52:02Z" uid="1" user="OSMnx" version="1" changeset="1"><nd ref="943641045" /><nd ref="943640569" /><tag k="highway" v="residential" /><tag k="name" v="Maharana Pratap Road" /><tag k="oneway" v="no" /></way><way id="180" timestamp="2026-03-11T21:52:02Z" uid="1" user="OSMnx" version="1" changeset="1"><nd ref="943641057" /><nd ref="6751553057" /><tag k="highway" v="tertiary" /><tag k="name" v="Ajmal Khan Road" /><tag k="oneway" v="no" /></way><way id="181" timestamp="2026-03-11T21:52:02Z" uid="1" user="OSMnx" version="1" changeset="1"><nd ref="943641057" /><nd ref="6743318634" /><tag k="highway" v="tertiary" /><tag k="name" v="Bank Street" /><tag k="oneway" v="no" /></way><way id="182" timestamp="2026-03-11T21:52:02Z" uid="1" user="OSMnx" version="1" changeset="1"><nd ref="943641059" /><nd ref="943640342" /><tag k="highway" v="residential" /><tag k="oneway" v="no" /></way><way id="183" timestamp="2026-03-11T21:52:02Z" uid="1" user="OSMnx" version="1" changeset="1"><nd ref="943641059" /><nd ref="943641220" /><tag k="highway" v="residential" /><tag k="oneway" v="no" /></way><way id="184" timestamp="2026-03-11T21:52:02Z" uid="1" user="OSMnx" version="1" changeset="1"><nd ref="943641060" /><nd ref="943640906" /><tag k="highway" v="residential" /><tag k="oneway" v="no" /></way><way id="185" timestamp="2026-03-11T21:52:02Z" uid="1" user="OSMnx" version="1" changeset="1"><nd ref="943641076" /><nd ref="6743318632" /><tag k="highway" v="tertiary" /><tag k="name" v="Hardhyan Singh Marg" /><tag k="oneway" v="no" /></way><way id="186" timestamp="2026-03-11T21:52:02Z" uid="1" user="OSMnx" version="1" changeset="1"><nd ref="943641076" /><nd ref="6751553072" /><tag k="highway" v="tertiary" /><tag k="name" v="Saraswati Marg" /><tag k="oneway" v="no" /></way><way id="187" timestamp="2026-03-11T21:52:02Z" uid="1" user="OSMnx" version="1" changeset="1"><nd ref="943641082" /><nd ref="1869899497" /><tag k="highway" v="tertiary" /><tag k="name" v="Padam Singh Road" /><tag k="oneway" v="no" /></way><way id="188" timestamp="2026-03-11T21:52:02Z" uid="1" user="OSMnx" version="1" changeset="1"><nd ref="943641082" /><nd ref="4235033592" /><tag k="highway" v="tertiary" /><tag k="name" v="Sat Bhirawan Marg" /><tag k="oneway" v="no" /></way><way id="189" timestamp="2026-03-11T21:52:02Z" uid="1" user="OSMnx" version="1" changeset="1"><nd ref="943641086" /><nd ref="943640960" /><tag k="highway" v="tertiary" /><tag k="lanes" v="4" /><tag k="name" v="Ramjas Road" /><tag k="oneway" v="no" /></way><way id="190" timestamp="2026-03-11T21:52:02Z" uid="1" user="OSMnx" version="1" changeset="1"><nd ref="943641086" /><nd ref="10996990352" /><tag k="highway" v="residential" /><tag k="oneway" v="no" /></way><way id="191" timestamp="2026-03-11T21:52:02Z" uid="1" user="OSMnx" version="1" changeset="1"><nd ref="943641101" /><nd ref="943640474" /><tag k="highway" v="residential" /><tag k="oneway" v="no" /></way><way id="192" timestamp="2026-03-11T21:52:02Z" uid="1" user="OSMnx" version="1" changeset="1"><nd ref="943641110" /><nd ref="6743318630" /><tag k="highway" v="tertiary" /><tag k="name" v="Deshbandhu Gupta Road" /><tag k="oneway" v="no" /></way><way id="193" timestamp="2026-03-11T21:52:02Z" uid="1" user="OSMnx" version="1" changeset="1"><nd ref="943641110" /><nd ref="6743318636" /><tag k="highway" v="tertiary" /><tag k="name" v="Saraswati Marg" /><tag k="oneway" v="no" /></way><way id="194" timestamp="2026-03-11T21:52:02Z" uid="1" user="OSMnx" version="1" changeset="1"><nd ref="943641111" /><nd ref="943640918" /><tag k="highway" v="tertiary" /><tag k="name" v="Road No 9" /><tag k="oneway" v="no" /></way><way id="195" timestamp="2026-03-11T21:52:02Z" uid="1" user="OSMnx" version="1" changeset="1"><nd ref="943641111" /><nd ref="943640294" /><tag k="highway" v="residential" /><tag k="oneway" v="no" /></way><way id="196" timestamp="2026-03-11T21:52:02Z" uid="1" user="OSMnx" version="1" changeset="1"><nd ref="943641112" /><nd ref="943640919" /><tag k="highway" v="tertiary" /><tag k="oneway" v="no" /></way><way id="197" timestamp="2026-03-11T21:52:02Z" uid="1" user="OSMnx" version="1" changeset="1"><nd ref="943641112" /><nd ref="9880525611" /><tag k="highway" v="primary" /><tag k="name" v="New Rohtak Road" /><tag k="oneway" v="no" /></way><way id="198" timestamp="2026-03-11T21:52:02Z" uid="1" user="OSMnx" version="1" changeset="1"><nd ref="943641118" /><nd ref="943640804" /><tag k="highway" v="residential" /><tag k="oneway" v="no" /></way><way id="199" timestamp="2026-03-11T21:52:02Z" uid="1" user="OSMnx" version="1" changeset="1"><nd ref="943641126" /><nd ref="943641060" /><tag k="highway" v="living_street" /><tag k="oneway" v="no" /></way><way id="200" timestamp="2026-03-11T21:52:02Z" uid="1" user="OSMnx" version="1" changeset="1"><nd ref="943641126" /><nd ref="943641011" /><tag k="highway" v="residential" /><tag k="oneway" v="no" /></way><way id="201" timestamp="2026-03-11T21:52:02Z" uid="1" user="OSMnx" version="1" changeset="1"><nd ref="943641129" /><nd ref="12120727975" /><tag k="highway" v="tertiary" /><tag k="name" v="Deshbandhu Gupta Road" /><tag k="oneway" v="no" /></way><way id="202" timestamp="2026-03-11T21:52:02Z" uid="1" user="OSMnx" version="1" changeset="1"><nd ref="943641129" /><nd ref="6731848954" /><tag k="highway" v="residential" /><tag k="oneway" v="no" /></way><way id="203" timestamp="2026-03-11T21:52:02Z" uid="1" user="OSMnx" version="1" changeset="1"><nd ref="943641135" /><nd ref="943641223" /><tag k="highway" v="tertiary" /><tag k="name" v="Ganga Mandir Marg" /><tag k="oneway" v="no" /></way><way id="204" timestamp="2026-03-11T21:52:02Z" uid="1" user="OSMnx" version="1" changeset="1"><nd ref="943641141" /><nd ref="943641057" /><tag k="highway" v="tertiary" /><tag k="name" v="Bank Street" /><tag k="oneway" v="no" /></way><way id="205" timestamp="2026-03-11T21:52:02Z" uid="1" user="OSMnx" version="1" changeset="1"><nd ref="943641141" /><nd ref="12120727966" /><tag k="highway" v="tertiary" /><tag k="oneway" v="no" /></way><way id="206" timestamp="2026-03-11T21:52:02Z" uid="1" user="OSMnx" version="1" changeset="1"><nd ref="943641141" /><nd ref="12120727967" /><tag k="highway" v="tertiary" /><tag k="name" v="Gurudwara Road" /><tag k="oneway" v="no" /></way><way id="207" timestamp="2026-03-11T21:52:02Z" uid="1" user="OSMnx" version="1" changeset="1"><nd ref="943641143" /><nd ref="943640382" /><tag k="highway" v="residential" /><tag k="oneway" v="no" /></way><way id="208" timestamp="2026-03-11T21:52:02Z" uid="1" user="OSMnx" version="1" changeset="1"><nd ref="943641143" /><nd ref="943640906" /><tag k="highway" v="living_street" /><tag k="oneway" v="no" /></way><way id="209" timestamp="2026-03-11T21:52:02Z" uid="1" user="OSMnx" version="1" changeset="1"><nd ref="943641151" /><nd ref="9865801048" /><tag k="highway" v="tertiary" /><tag k="name" v="Shikha Road" /><tag k="oneway" v="no" /></way><way id="210" timestamp="2026-03-11T21:52:02Z" uid="1" user="OSMnx" version="1" changeset="1"><nd ref="943641159" /><nd ref="12121803951" /><tag k="highway" v="tertiary" /><tag k="name" v="Padam Singh Road" /><tag k="oneway" v="no" /></way><way id="211" timestamp="2026-03-11T21:52:02Z" uid="1" user="OSMnx" version="1" changeset="1"><nd ref="943641159" /><nd ref="9843177720" /><tag k="highway" v="tertiary" /><tag k="name" v="Saraswati Marg" /><tag k="oneway" v="no" /></way><way id="212" timestamp="2026-03-11T21:52:02Z" uid="1" user="OSMnx" version="1" changeset="1"><nd ref="943641162" /><nd ref="12090245426" /><tag k="highway" v="residential" /><tag k="name" v="Maharana Pratap Road" /><tag k="oneway" v="no" /></way><way id="213" timestamp="2026-03-11T21:52:02Z" uid="1" user="OSMnx" version="1" changeset="1"><nd ref="943641162" /><nd ref="12090245425" /><tag k="highway" v="residential" /><tag k="oneway" v="no" /></way><way id="214" timestamp="2026-03-11T21:52:02Z" uid="1" user="OSMnx" version="1" changeset="1"><nd ref="943641171" /><nd ref="9880445452" /><tag k="highway" v="tertiary" /><tag k="name" v="Deshbandhu Gupta Road" /><tag k="oneway" v="no" /></way><way id="215" timestamp="2026-03-11T21:52:02Z" uid="1" user="OSMnx" version="1" changeset="1"><nd ref="943641180" /><nd ref="9181751829" /><tag k="highway" v="primary" /><tag k="name" v="New Rohtak Road" /><tag k="oneway" v="no" /></way><way id="216" timestamp="2026-03-11T21:52:02Z" uid="1" user="OSMnx" version="1" changeset="1"><nd ref="943641180" /><nd ref="943684505" /><tag k="highway" v="tertiary" /><tag k="name" v="Joshi Lane" /><tag k="oneway" v="no" /></way><way id="217" timestamp="2026-03-11T21:52:02Z" uid="1" user="OSMnx" version="1" changeset="1"><nd ref="943641190" /><nd ref="2265700215" /><tag k="highway" v="tertiary" /><tag k="name" v="Guru Ravi Das Marg" /><tag k="oneway" v="no" /></way><way id="218" timestamp="2026-03-11T21:52:02Z" uid="1" user="OSMnx" version="1" changeset="1"><nd ref="943641208" /><nd ref="10044811620" /><tag k="highway" v="tertiary" /><tag k="oneway" v="no" /></way><way id="219" timestamp="2026-03-11T21:52:02Z" uid="1" user="OSMnx" version="1" changeset="1"><nd ref="943641208" /><nd ref="1869899521" /><tag k="highway" v="tertiary" /><tag k="name" v="Hardhyan Singh Marg" /><tag k="oneway" v="no" /></way><way id="220" timestamp="2026-03-11T21:52:02Z" uid="1" user="OSMnx" version="1" changeset="1"><nd ref="943641220" /><nd ref="943641151" /><tag k="highway" v="living_street" /><tag k="oneway" v="no" /></way><way id="221" timestamp="2026-03-11T21:52:02Z" uid="1" user="OSMnx" version="1" changeset="1"><nd ref="943641220" /><nd ref="943640550" /><tag k="highway" v="residential" /><tag k="oneway" v="no" /></way><way id="222" timestamp="2026-03-11T21:52:02Z" uid="1" user="OSMnx" version="1" changeset="1"><nd ref="943641223" /><nd ref="943640804" /><tag k="highway" v="tertiary" /><tag k="name" v="Ganga Mandir Marg" /><tag k="oneway" v="no" /></way><way id="223" timestamp="2026-03-11T21:52:02Z" uid="1" user="OSMnx" version="1" changeset="1"><nd ref="943641229" /><nd ref="9865801021" /><tag k="highway" v="tertiary" /><tag k="name" v="Road No 9" /><tag k="oneway" v="no" /></way><way id="224" timestamp="2026-03-11T21:52:02Z" uid="1" user="OSMnx" version="1" changeset="1"><nd ref="943641243" /><nd ref="943640266" /><tag k="highway" v="tertiary" /><tag k="name" v="Tank Road" /><tag k="oneway" v="no" /></way><way id="225" timestamp="2026-03-11T21:52:02Z" uid="1" user="OSMnx" version="1" changeset="1"><nd ref="943641243" /><nd ref="6741865653" /><tag k="highway" v="tertiary" /><tag k="name" v="Saraswati Marg" /><tag k="oneway" v="no" /></way><way id="226" timestamp="2026-03-11T21:52:02Z" uid="1" user="OSMnx" version="1" changeset="1"><nd ref="943641245" /><nd ref="943641180" /><tag k="highway" v="tertiary" /><tag k="name" v="Joshi Lane" /><tag k="oneway" v="no" /></way><way id="227" timestamp="2026-03-11T21:52:02Z" uid="1" user="OSMnx" version="1" changeset="1"><nd ref="943641245" /><nd ref="9181751835" /><tag k="highway" v="primary" /><tag k="name" v="New Rohtak Road" /><tag k="oneway" v="no" /></way><way id="228" timestamp="2026-03-11T21:52:02Z" uid="1" user="OSMnx" version="1" changeset="1"><nd ref="943641247" /><nd ref="9869513373" /><tag k="highway" v="tertiary" /><tag k="name" v="Hardhyan Singh Marg" /><tag k="oneway" v="no" /></way><way id="229" timestamp="2026-03-11T21:52:02Z" uid="1" user="OSMnx" version="1" changeset="1"><nd ref="943641247" /><nd ref="9870234668" /><tag k="highway" v="tertiary" /><tag k="name" v="Guru Nanak Marg" /><tag k="oneway" v="no" /></way><way id="230" timestamp="2026-03-11T21:52:02Z" uid="1" user="OSMnx" version="1" changeset="1"><nd ref="943641249" /><nd ref="943640708" /><tag k="highway" v="tertiary" /><tag k="name" v="Arya Samaj Road" /><tag k="oneway" v="no" /></way><way id="231" timestamp="2026-03-11T21:52:02Z" uid="1" user="OSMnx" version="1" changeset="1"><nd ref="943641257" /><nd ref="12120727976" /><tag k="highway" v="tertiary" /><tag k="name" v="Deshbandhu Gupta Road" /><tag k="oneway" v="no" /></way><way id="232" timestamp="2026-03-11T21:52:02Z" uid="1" user="OSMnx" version="1" changeset="1"><nd ref="943641263" /><nd ref="943640262" /><tag k="highway" v="tertiary" /><tag k="name" v="Ganga Mandir Marg" /><tag k="oneway" v="no" /></way><way id="233" timestamp="2026-03-11T21:52:02Z" uid="1" user="OSMnx" version="1" changeset="1"><nd ref="943641263" /><nd ref="943640955" /><tag k="highway" v="tertiary" /><tag k="oneway" v="no" /></way><way id="234" timestamp="2026-03-11T21:52:02Z" uid="1" user="OSMnx" version="1" changeset="1"><nd ref="943641266" /><nd ref="12120727966" /><tag k="highway" v="tertiary" /><tag k="name" v="Bank Street" /><tag k="oneway" v="no" /></way><way id="235" timestamp="2026-03-11T21:52:02Z" uid="1" user="OSMnx" version="1" changeset="1"><nd ref="943641269" /><nd ref="943640423" /><tag k="highway" v="primary" /><tag k="name" v="New Rohtak Road" /><tag k="oneway" v="no" /></way><way id="236" timestamp="2026-03-11T21:52:02Z" uid="1" user="OSMnx" version="1" changeset="1"><nd ref="943641269" /><nd ref="7223095401" /><tag k="highway" v="tertiary" /><tag k="name" v="Maharana Pratap Road" /><tag k="oneway" v="no" /></way><way id="237" timestamp="2026-03-11T21:52:02Z" uid="1" user="OSMnx" version="1" changeset="1"><nd ref="943641277" /><nd ref="3544161980" /><tag k="highway" v="living_street" /><tag k="oneway" v="no" /></way><way id="238" timestamp="2026-03-11T21:52:02Z" uid="1" user="OSMnx" version="1" changeset="1"><nd ref="943641277" /><nd ref="943641060" /><tag k="highway" v="residential" /><tag k="oneway" v="no" /></way><way id="239" timestamp="2026-03-11T21:52:02Z" uid="1" user="OSMnx" version="1" changeset="1"><nd ref="943641287" /><nd ref="943641101" /><tag k="highway" v="tertiary" /><tag k="name" v="Ganga Mandir Marg" /><tag k="oneway" v="no" /></way><way id="240" timestamp="2026-03-11T21:52:02Z" uid="1" user="OSMnx" version="1" changeset="1"><nd ref="943641305" /><nd ref="2164861748" /><tag k="highway" v="tertiary" /><tag k="name" v="Guru Ravi Das Marg" /><tag k="oneway" v="no" /></way><way id="241" timestamp="2026-03-11T21:52:02Z" uid="1" user="OSMnx" version="1" changeset="1"><nd ref="943641305" /><nd ref="9865894461" /><tag k="highway" v="residential" /><tag k="name" v="Baba Ramdev Marg" /><tag k="oneway" v="no" /></way><way id="242" timestamp="2026-03-11T21:52:02Z" uid="1" user="OSMnx" version="1" changeset="1"><nd ref="943684505" /><nd ref="943684568" /><tag k="highway" v="tertiary" /><tag k="name" v="Joshi Lane" /><tag k="oneway" v="no" /></way><way id="243" timestamp="2026-03-11T21:52:02Z" uid="1" user="OSMnx" version="1" changeset="1"><nd ref="943684508" /><nd ref="9181751827" /><tag k="highway" v="residential" /><tag k="oneway" v="no" /></way><way id="244" timestamp="2026-03-11T21:52:02Z" uid="1" user="OSMnx" version="1" changeset="1"><nd ref="943684508" /><nd ref="943684553" /><tag k="highway" v="tertiary" /><tag k="name" v="Ajmal Khan Road" /><tag k="oneway" v="no" /></way><way id="245" timestamp="2026-03-11T21:52:02Z" uid="1" user="OSMnx" version="1" changeset="1"><nd ref="943684511" /><nd ref="9843152817" /><tag k="highway" v="tertiary" /><tag k="name" v="Joshi Road" /><tag k="oneway" v="no" /></way><way id="246" timestamp="2026-03-11T21:52:02Z" uid="1" user="OSMnx" version="1" changeset="1"><nd ref="943684511" /><nd ref="943684568" /><tag k="highway" v="tertiary" /><tag k="name" v="Nand Kishor Dhawan Marg" /><tag k="oneway" v="no" /></way><way id="247" timestamp="2026-03-11T21:52:02Z" uid="1" user="OSMnx" version="1" changeset="1"><nd ref="943684513" /><nd ref="6749695629" /><tag k="highway" v="residential" /><tag k="oneway" v="no" /></way><way id="248" timestamp="2026-03-11T21:52:02Z" uid="1" user="OSMnx" version="1" changeset="1"><nd ref="943684513" /><nd ref="6731848953" /><tag k="highway" v="tertiary" /><tag k="name" v="Joshi Lane" /><tag k="oneway" v="no" /></way><way id="249" timestamp="2026-03-11T21:52:02Z" uid="1" user="OSMnx" version="1" changeset="1"><nd ref="943684524" /><nd ref="943684511" /><tag k="highway" v="tertiary" /><tag k="name" v="Nand Kishor Dhawan Marg" /><tag k="oneway" v="no" /></way><way id="250" timestamp="2026-03-11T21:52:02Z" uid="1" user="OSMnx" version="1" changeset="1"><nd ref="943684524" /><nd ref="9843152818" /><tag k="highway" v="tertiary" /><tag k="name" v="Faiz Road" /><tag k="oneway" v="no" /></way><way id="251" timestamp="2026-03-11T21:52:02Z" uid="1" user="OSMnx" version="1" changeset="1"><nd ref="943684526" /><nd ref="9841284692" /><tag k="highway" v="tertiary" /><tag k="name" v="Abdul Rahman Marg" /><tag k="oneway" v="no" /></way><way id="252" timestamp="2026-03-11T21:52:02Z" uid="1" user="OSMnx" version="1" changeset="1"><nd ref="943684526" /><nd ref="943640756" /><tag k="highway" v="tertiary" /><tag k="name" v="Bank Street" /><tag k="oneway" v="no" /></way><way id="253" timestamp="2026-03-11T21:52:02Z" uid="1" user="OSMnx" version="1" changeset="1"><nd ref="943684549" /><nd ref="10598455891" /><tag k="highway" v="tertiary" /><tag k="name" v="Abdul Rahman Marg" /><tag k="oneway" v="no" /></way><way id="254" timestamp="2026-03-11T21:52:02Z" uid="1" user="OSMnx" version="1" changeset="1"><nd ref="943684549" /><nd ref="943641028" /><tag k="highway" v="tertiary" /><tag k="name" v="Arya Samaj Road" /><tag k="oneway" v="no" /></way><way id="255" timestamp="2026-03-11T21:52:02Z" uid="1" user="OSMnx" version="1" changeset="1"><nd ref="943684550" /><nd ref="4235017138" /><tag k="highway" v="tertiary" /><tag k="name" v="Abdul Rahman Marg" /><tag k="oneway" v="no" /></way><way id="256" timestamp="2026-03-11T21:52:02Z" uid="1" user="OSMnx" version="1" changeset="1"><nd ref="943684550" /><nd ref="943684599" /><tag k="highway" v="tertiary" /><tag k="name" v="Hardhyan Singh Marg" /><tag k="oneway" v="no" /></way><way id="257" timestamp="2026-03-11T21:52:02Z" uid="1" user="OSMnx" version="1" changeset="1"><nd ref="943684553" /><nd ref="6731848955" /><tag k="highway" v="tertiary" /><tag k="name" v="Ajmal Khan Road" /><tag k="oneway" v="no" /></way><way id="258" timestamp="2026-03-11T21:52:02Z" uid="1" user="OSMnx" version="1" changeset="1"><nd ref="943684568" /><nd ref="943684513" /><tag k="highway" v="tertiary" /><tag k="name" v="Joshi Lane" /><tag k="oneway" v="no" /></way><way id="259" timestamp="2026-03-11T21:52:02Z" uid="1" user="OSMnx" version="1" changeset="1"><nd ref="943684577" /><nd ref="1869899505" /><tag k="highway" v="tertiary" /><tag k="name" v="Deshbandhu Gupta Road" /><tag k="oneway" v="no" /></way><way id="260" timestamp="2026-03-11T21:52:02Z" uid="1" user="OSMnx" version="1" changeset="1"><nd ref="943684577" /><nd ref="4462501445" /><tag k="highway" v="tertiary" /><tag k="name" v="Ilahi Bux Marg" /><tag k="oneway" v="no" /></way><way id="261" timestamp="2026-03-11T21:52:02Z" uid="1" user="OSMnx" version="1" changeset="1"><nd ref="943684599" /><nd ref="9843103556" /><tag k="highway" v="tertiary" /><tag k="name" v="Ilahi Bux Marg" /><tag k="oneway" v="no" /></way><way id="262" timestamp="2026-03-11T21:52:02Z" uid="1" user="OSMnx" version="1" changeset="1"><nd ref="943684599" /><nd ref="6998001695" /><tag k="highway" v="tertiary" /><tag k="name" v="Hardhyan Singh Marg" /><tag k="oneway" v="no" /></way><way id="263" timestamp="2026-03-11T21:52:02Z" uid="1" user="OSMnx" version="1" changeset="1"><nd ref="1869899489" /><nd ref="943641111" /><tag k="highway" v="tertiary" /><tag k="name" v="Road No 9" /><tag k="oneway" v="no" /></way><way id="264" timestamp="2026-03-11T21:52:02Z" uid="1" user="OSMnx" version="1" changeset="1"><nd ref="1869899489" /><nd ref="943641059" /><tag k="highway" v="residential" /><tag k="oneway" v="no" /></way><way id="265" timestamp="2026-03-11T21:52:02Z" uid="1" user="OSMnx" version="1" changeset="1"><nd ref="1869899497" /><nd ref="10274798759" /><tag k="highway" v="tertiary" /><tag k="name" v="Padam Singh Road" /><tag k="oneway" v="no" /></way><way id="266" timestamp="2026-03-11T21:52:02Z" uid="1" user="OSMnx" version="1" changeset="1"><nd ref="1869899497" /><nd ref="10274798767" /><tag k="highway" v="residential" /><tag k="name" v="Abdul Aziz Road" /><tag k="oneway" v="no" /></way><way id="267" timestamp="2026-03-11T21:52:02Z" uid="1" user="OSMnx" version="1" changeset="1"><nd ref="1869899499" /><nd ref="11011589711" /><tag k="highway" v="tertiary" /><tag k="name" v="Road No 9" /><tag k="oneway" v="no" /></way><way id="268" timestamp="2026-03-11T21:52:02Z" uid="1" user="OSMnx" version="1" changeset="1"><nd ref="1869899499" /><nd ref="943641162" /><tag k="highway" v="residential" /><tag k="oneway" v="no" /></way><way id="269" timestamp="2026-03-11T21:52:02Z" uid="1" user="OSMnx" version="1" changeset="1"><nd ref="1869899500" /><nd ref="11011589710" /><tag k="highway" v="tertiary" /><tag k="lanes" v="4" /><tag k="name" v="Ramjas Road" /><tag k="oneway" v="no" /></way><way id="270" timestamp="2026-03-11T21:52:02Z" uid="1" user="OSMnx" version="1" changeset="1"><nd ref="1869899501" /><nd ref="10598455893" /><tag k="highway" v="residential" /><tag k="name" v="Abdul Aziz Road" /><tag k="oneway" v="no" /></way><way id="271" timestamp="2026-03-11T21:52:02Z" uid="1" user="OSMnx" version="1" changeset="1"><nd ref="1869899501" /><nd ref="10274798756" /><tag k="highway" v="tertiary" /><tag k="name" v="Arya Samaj Road" /><tag k="oneway" v="no" /></way><way id="272" timestamp="2026-03-11T21:52:02Z" uid="1" user="OSMnx" version="1" changeset="1"><nd ref="1869899502" /><nd ref="11626023724" /><tag k="highway" v="tertiary" /><tag k="name" v="Ganga Mandir Marg" /><tag k="oneway" v="no" /></way><way id="273" timestamp="2026-03-11T21:52:02Z" uid="1" user="OSMnx" version="1" changeset="1"><nd ref="1869899502" /><nd ref="1869899500" /><tag k="highway" v="residential" /><tag k="name" v="Baba Ramdev Marg" /><tag k="oneway" v="no" /></way><way id="274" timestamp="2026-03-11T21:52:02Z" uid="1" user="OSMnx" version="1" changeset="1"><nd ref="1869899503" /><nd ref="9841284689" /><tag k="highway" v="tertiary" /><tag k="name" v="Ilahi Bux Marg" /><tag k="oneway" v="no" /></way><way id="275" timestamp="2026-03-11T21:52:02Z" uid="1" user="OSMnx" version="1" changeset="1"><nd ref="1869899503" /><nd ref="943684526" /><tag k="highway" v="tertiary" /><tag k="name" v="Bank Street" /><tag k="oneway" v="no" /></way><way id="276" timestamp="2026-03-11T21:52:02Z" uid="1" user="OSMnx" version="1" changeset="1"><nd ref="1869899504" /><nd ref="9841255619" /><tag k="highway" v="residential" /><tag k="name" v="Abdul Aziz Road" /><tag k="oneway" v="no" /></way><way id="277" timestamp="2026-03-11T21:52:02Z" uid="1" user="OSMnx" version="1" changeset="1"><nd ref="1869899504" /><nd ref="943640939" /><tag k="highway" v="tertiary" /><tag k="name" v="Hardhyan Singh Marg" /><tag k="oneway" v="no" /></way><way id="278" timestamp="2026-03-11T21:52:02Z" uid="1" user="OSMnx" version="1" changeset="1"><nd ref="1869899505" /><nd ref="943640773" /><tag k="highway" v="tertiary" /><tag k="name" v="Deshbandhu Gupta Road" /><tag k="oneway" v="no" /></way><way id="279" timestamp="2026-03-11T21:52:02Z" uid="1" user="OSMnx" version="1" changeset="1"><nd ref="1869899506" /><nd ref="9865894451" /><tag k="highway" v="tertiary" /><tag k="name" v="Padam Singh Road" /><tag k="oneway" v="no" /></way><way id="280" timestamp="2026-03-11T21:52:02Z" uid="1" user="OSMnx" version="1" changeset="1"><nd ref="1869899506" /><nd ref="9865801104" /><tag k="highway" v="tertiary" /><tag k="name" v="Ram Kishan Dass Road" /><tag k="oneway" v="no" /></way><way id="281" timestamp="2026-03-11T21:52:02Z" uid="1" user="OSMnx" version="1" changeset="1"><nd ref="1869899507" /><nd ref="9841036049" /><tag k="highway" v="residential" /><tag k="name" v="Vishnu Mandir Marg" /><tag k="oneway" v="no" /></way><way id="282" timestamp="2026-03-11T21:52:02Z" uid="1" user="OSMnx" version="1" changeset="1"><nd ref="1869899507" /><nd ref="943640274" /><tag k="highway" v="tertiary" /><tag k="name" v="Hardhyan Singh Marg" /><tag k="oneway" v="no" /></way><way id="283" timestamp="2026-03-11T21:52:02Z" uid="1" user="OSMnx" version="1" changeset="1"><nd ref="1869899510" /><nd ref="9181766444" /><tag k="highway" v="tertiary" /><tag k="name" v="Ganga Mandir Marg" /><tag k="oneway" v="no" /></way><way id="284" timestamp="2026-03-11T21:52:02Z" uid="1" user="OSMnx" version="1" changeset="1"><nd ref="1869899510" /><nd ref="1869899507" /><tag k="highway" v="tertiary" /><tag k="name" v="Hardhyan Singh Marg" /><tag k="oneway" v="no" /></way><way id="285" timestamp="2026-03-11T21:52:02Z" uid="1" user="OSMnx" version="1" changeset="1"><nd ref="1869899513" /><nd ref="943640668" /><tag k="highway" v="tertiary" /><tag k="name" v="Bank Street" /><tag k="oneway" v="no" /></way><way id="286" timestamp="2026-03-11T21:52:02Z" uid="1" user="OSMnx" version="1" changeset="1"><nd ref="1869899513" /><nd ref="6741865642" /><tag k="highway" v="tertiary" /><tag k="name" v="Road No 9" /><tag k="oneway" v="no" /></way><way id="287" timestamp="2026-03-11T21:52:02Z" uid="1" user="OSMnx" version="1" changeset="1"><nd ref="1869899518" /><nd ref="9869476849" /><tag k="highway" v="tertiary" /><tag k="name" v="Hardhyan Singh Marg" /><tag k="oneway" v="no" /></way><way id="288" timestamp="2026-03-11T21:52:02Z" uid="1" user="OSMnx" version="1" changeset="1"><nd ref="1869899518" /><nd ref="6748887279" /><tag k="highway" v="tertiary" /><tag k="name" v="Guru Ravidas Marg" /><tag k="oneway" v="no" /></way><way id="289" timestamp="2026-03-11T21:52:02Z" uid="1" user="OSMnx" version="1" changeset="1"><nd ref="1869899519" /><nd ref="943640404" /><tag k="highway" v="tertiary" /><tag k="name" v="Arya Samaj Road" /><tag k="oneway" v="no" /></way><way id="290" timestamp="2026-03-11T21:52:02Z" uid="1" user="OSMnx" version="1" changeset="1"><nd ref="1869899519" /><nd ref="9869785946" /><tag k="highway" v="tertiary" /><tag k="oneway" v="no" /></way><way id="291" timestamp="2026-03-11T21:52:02Z" uid="1" user="OSMnx" version="1" changeset="1"><nd ref="1869899520" /><nd ref="9869476833" /><tag k="highway" v="tertiary" /><tag k="name" v="Bank Street" /><tag k="oneway" v="no" /></way><way id="292" timestamp="2026-03-11T21:52:02Z" uid="1" user="OSMnx" version="1" changeset="1"><nd ref="1869899520" /><nd ref="9181760517" /><tag k="highway" v="tertiary" /><tag k="name" v="Prabhat Road" /><tag k="oneway" v="no" /></way><way id="293" timestamp="2026-03-11T21:52:02Z" uid="1" user="OSMnx" version="1" changeset="1"><nd ref="1869899521" /><nd ref="943641247" /><tag k="highway" v="tertiary" /><tag k="name" v="Hardhyan Singh Marg" /><tag k="oneway" v="no" /></way><way id="294" timestamp="2026-03-11T21:52:02Z" uid="1" user="OSMnx" version="1" changeset="1"><nd ref="1869899521" /><nd ref="6748887281" /><tag k="highway" v="tertiary" /><tag k="oneway" v="no" /></way><way id="295" timestamp="2026-03-11T21:52:02Z" uid="1" user="OSMnx" version="1" changeset="1"><nd ref="1869899524" /><nd ref="9870214360" /><tag k="highway" v="tertiary" /><tag k="oneway" v="no" /></way><way id="296" timestamp="2026-03-11T21:52:02Z" uid="1" user="OSMnx" version="1" changeset="1"><nd ref="1869899524" /><nd ref="943640695" /><tag k="highway" v="tertiary" /><tag k="name" v="Bank Street" /><tag k="oneway" v="no" /></way><way id="297" timestamp="2026-03-11T21:52:02Z" uid="1" user="OSMnx" version="1" changeset="1"><nd ref="1922111827" /><nd ref="11651942749" /><tag k="highway" v="tertiary" /><tag k="oneway" v="no" /></way><way id="298" timestamp="2026-03-11T21:52:02Z" uid="1" user="OSMnx" version="1" changeset="1"><nd ref="1922111827" /><nd ref="943640476" /><tag k="highway" v="tertiary" /><tag k="name" v="Ajmal Khan Road" /><tag k="oneway" v="no" /></way><way id="299" timestamp="2026-03-11T21:52:02Z" uid="1" user="OSMnx" version="1" changeset="1"><nd ref="2164861745" /><nd ref="2265700213" /><tag k="highway" v="tertiary" /><tag k="name" v="Guru Ravi Das Marg" /><tag k="oneway" v="no" /></way><way id="300" timestamp="2026-03-11T21:52:02Z" uid="1" user="OSMnx" version="1" changeset="1"><nd ref="2164861748" /><nd ref="2164861749" /><tag k="highway" v="tertiary" /><tag k="name" v="Guru Ravi Das Marg" /><tag k="oneway" v="no" /></way><way id="301" timestamp="2026-03-11T21:52:02Z" uid="1" user="OSMnx" version="1" changeset="1"><nd ref="2164861749" /><nd ref="2164861745" /><tag k="highway" v="tertiary" /><tag k="name" v="Guru Ravi Das Marg" /><tag k="oneway" v="no" /></way><way id="302" timestamp="2026-03-11T21:52:02Z" uid="1" user="OSMnx" version="1" changeset="1"><nd ref="2165769727" /><nd ref="943640340" /><tag k="highway" v="tertiary" /><tag k="name" v="Ganga Mandir Marg" /><tag k="oneway" v="no" /></way><way id="303" timestamp="2026-03-11T21:52:02Z" uid="1" user="OSMnx" version="1" changeset="1"><nd ref="2165769732" /><nd ref="2165769742" /><tag k="highway" v="tertiary" /><tag k="name" v="Guru Ravi Das Marg" /><tag k="oneway" v="no" /></way><way id="304" timestamp="2026-03-11T21:52:02Z" uid="1" user="OSMnx" version="1" changeset="1"><nd ref="2165769738" /><nd ref="943641190" /><tag k="highway" v="tertiary" /><tag k="name" v="Guru Ravi Das Marg" /><tag k="oneway" v="no" /></way><way id="305" timestamp="2026-03-11T21:52:02Z" uid="1" user="OSMnx" version="1" changeset="1"><nd ref="2165769739" /><nd ref="2165769732" /><tag k="highway" v="tertiary" /><tag k="name" v="Guru Ravi Das Marg" /><tag k="oneway" v="no" /></way><way id="306" timestamp="2026-03-11T21:52:02Z" uid="1" user="OSMnx" version="1" changeset="1"><nd ref="2165769740" /><nd ref="9865894464" /><tag k="highway" v="residential" /><tag k="oneway" v="no" /></way><way id="307" timestamp="2026-03-11T21:52:02Z" uid="1" user="OSMnx" version="1" changeset="1"><nd ref="2165769740" /><nd ref="943640366" /><tag k="highway" v="tertiary" /><tag k="name" v="Ganga Mandir Marg" /><tag k="oneway" v="no" /></way><way id="308" timestamp="2026-03-11T21:52:02Z" uid="1" user="OSMnx" version="1" changeset="1"><nd ref="2165769742" /><nd ref="2165769738" /><tag k="highway" v="tertiary" /><tag k="name" v="Guru Ravi Das Marg" /><tag k="oneway" v="no" /></way><way id="309" timestamp="2026-03-11T21:52:02Z" uid="1" user="OSMnx" version="1" changeset="1"><nd ref="2265700209" /><nd ref="943640955" /><tag k="highway" v="tertiary" /><tag k="name" v="Guru Ravi Das Marg" /><tag k="oneway" v="no" /></way><way id="310" timestamp="2026-03-11T21:52:02Z" uid="1" user="OSMnx" version="1" changeset="1"><nd ref="2265700213" /><nd ref="2265700209" /><tag k="highway" v="tertiary" /><tag k="name" v="Guru Ravi Das Marg" /><tag k="oneway" v="no" /></way><way id="311" timestamp="2026-03-11T21:52:02Z" uid="1" user="OSMnx" version="1" changeset="1"><nd ref="2265700213" /><nd ref="9865894438" /><tag k="highway" v="residential" /><tag k="name" v="Lane No. 10" /><tag k="oneway" v="no" /></way><way id="312" timestamp="2026-03-11T21:52:02Z" uid="1" user="OSMnx" version="1" changeset="1"><nd ref="2265700215" /><nd ref="943641305" /><tag k="highway" v="tertiary" /><tag k="name" v="Guru Ravi Das Marg" /><tag k="oneway" v="no" /></way><way id="313" timestamp="2026-03-11T21:52:02Z" uid="1" user="OSMnx" version="1" changeset="1"><nd ref="2265700215" /><nd ref="9865894462" /><tag k="highway" v="residential" /><tag k="name" v="Gali Number 6" /><tag k="oneway" v="no" /></way><way id="314" timestamp="2026-03-11T21:52:02Z" uid="1" user="OSMnx" version="1" changeset="1"><nd ref="2645265833" /><nd ref="943641159" /><tag k="highway" v="tertiary" /><tag k="name" v="Padam Singh Road" /><tag k="oneway" v="no" /></way><way id="315" timestamp="2026-03-11T21:52:02Z" uid="1" user="OSMnx" version="1" changeset="1"><nd ref="2645265833" /><nd ref="6737890420" /><tag k="highway" v="tertiary" /><tag k="name" v="Ajmal Khan Road" /><tag k="oneway" v="no" /></way><way id="316" timestamp="2026-03-11T21:52:02Z" uid="1" user="OSMnx" version="1" changeset="1"><nd ref="2645434488" /><nd ref="6622401082" /><tag k="highway" v="residential" /><tag k="oneway" v="no" /></way><way id="317" timestamp="2026-03-11T21:52:02Z" uid="1" user="OSMnx" version="1" changeset="1"><nd ref="2645434488" /><nd ref="9181825070" /><tag k="highway" v="tertiary" /><tag k="name" v="Road No 9" /><tag k="oneway" v="no" /></way><way id="318" timestamp="2026-03-11T21:52:02Z" uid="1" user="OSMnx" version="1" changeset="1"><nd ref="3544161980" /><nd ref="943640616" /><tag k="highway" v="residential" /><tag k="oneway" v="no" /></way><way id="319" timestamp="2026-03-11T21:52:02Z" uid="1" user="OSMnx" version="1" changeset="1"><nd ref="3661653318" /><nd ref="11510588676" /><tag k="highway" v="primary" /><tag k="name" v="New Rohtak Road" /><tag k="oneway" v="no" /></way><way id="320" timestamp="2026-03-11T21:52:02Z" uid="1" user="OSMnx" version="1" changeset="1"><nd ref="3661653319" /><nd ref="3661653318" /><tag k="highway" v="primary" /><tag k="name" v="New Rohtak Road" /><tag k="oneway" v="no" /></way><way id="321" timestamp="2026-03-11T21:52:02Z" uid="1" user="OSMnx" version="1" changeset="1"><nd ref="3661653319" /><nd ref="6542418795" /><tag k="highway" v="residential" /><tag k="oneway" v="no" /></way><way id="322" timestamp="2026-03-11T21:52:02Z" uid="1" user="OSMnx" version="1" changeset="1"><nd ref="3661653320" /><nd ref="3661653319" /><tag k="highway" v="primary" /><tag k="name" v="New Rohtak Road" /><tag k="oneway" v="no" /></way><way id="323" timestamp="2026-03-11T21:52:02Z" uid="1" user="OSMnx" version="1" changeset="1"><nd ref="4231821703" /><nd ref="943684524" /><tag k="highway" v="tertiary" /><tag k="name" v="Faiz Road" /><tag k="oneway" v="no" /></way><way id="324" timestamp="2026-03-11T21:52:02Z" uid="1" user="OSMnx" version="1" changeset="1"><nd ref="4234992520" /><nd ref="4462555209" /><tag k="highway" v="residential" /><tag k="oneway" v="no" /></way><way id="325" timestamp="2026-03-11T21:52:02Z" uid="1" user="OSMnx" version="1" changeset="1"><nd ref="4234992520" /><nd ref="9181766468" /><tag k="highway" v="tertiary" /><tag k="name" v="Joshi Road" /><tag k="oneway" v="no" /></way><way id="326" timestamp="2026-03-11T21:52:02Z" uid="1" user="OSMnx" version="1" changeset="1"><nd ref="4235017132" /><nd ref="943684599" /><tag k="highway" v="tertiary" /><tag k="name" v="Ilahi Bux Marg" /><tag k="oneway" v="no" /></way><way id="327" timestamp="2026-03-11T21:52:02Z" uid="1" user="OSMnx" version="1" changeset="1"><nd ref="4235017133" /><nd ref="9843077193" /><tag k="highway" v="tertiary" /><tag k="name" v="Ilahi Bux Marg" /><tag k="oneway" v="no" /></way><way id="328" timestamp="2026-03-11T21:52:02Z" uid="1" user="OSMnx" version="1" changeset="1"><nd ref="4235017138" /><nd ref="4235017141" /><tag k="highway" v="tertiary" /><tag k="name" v="Abdul Rahman Marg" /><tag k="oneway" v="no" /></way><way id="329" timestamp="2026-03-11T21:52:02Z" uid="1" user="OSMnx" version="1" changeset="1"><nd ref="4235017138" /><nd ref="4235017132" /><tag k="highway" v="residential" /><tag k="oneway" v="no" /></way><way id="330" timestamp="2026-03-11T21:52:02Z" uid="1" user="OSMnx" version="1" changeset="1"><nd ref="4235017141" /><nd ref="9841284697" /><tag k="highway" v="tertiary" /><tag k="name" v="Abdul Rahman Marg" /><tag k="oneway" v="no" /></way><way id="331" timestamp="2026-03-11T21:52:02Z" uid="1" user="OSMnx" version="1" changeset="1"><nd ref="4235017141" /><nd ref="4235017133" /><tag k="highway" v="residential" /><tag k="oneway" v="no" /></way><way id="332" timestamp="2026-03-11T21:52:02Z" uid="1" user="OSMnx" version="1" changeset="1"><nd ref="4235017143" /><nd ref="4235017145" /><tag k="highway" v="tertiary" /><tag k="name" v="Abdul Rahman Marg" /><tag k="oneway" v="no" /></way><way id="333" timestamp="2026-03-11T21:52:02Z" uid="1" user="OSMnx" version="1" changeset="1"><nd ref="4235017143" /><nd ref="4462504504" /><tag k="highway" v="residential" /><tag k="oneway" v="no" /></way><way id="334" timestamp="2026-03-11T21:52:02Z" uid="1" user="OSMnx" version="1" changeset="1"><nd ref="4235017145" /><nd ref="4235017146" /><tag k="highway" v="tertiary" /><tag k="name" v="Abdul Rahman Marg" /><tag k="oneway" v="no" /></way><way id="335" timestamp="2026-03-11T21:52:02Z" uid="1" user="OSMnx" version="1" changeset="1"><nd ref="4235017145" /><nd ref="4463733247" /><tag k="highway" v="residential" /><tag k="oneway" v="no" /></way><way id="336" timestamp="2026-03-11T21:52:02Z" uid="1" user="OSMnx" version="1" changeset="1"><nd ref="4235017146" /><nd ref="4235017147" /><tag k="highway" v="tertiary" /><tag k="name" v="Abdul Rahman Marg" /><tag k="oneway" v="no" /></way><way id="337" timestamp="2026-03-11T21:52:02Z" uid="1" user="OSMnx" version="1" changeset="1"><nd ref="4235017146" /><nd ref="4503144339" /><tag k="highway" v="residential" /><tag k="oneway" v="no" /></way><way id="338" timestamp="2026-03-11T21:52:02Z" uid="1" user="OSMnx" version="1" changeset="1"><nd ref="4235017147" /><nd ref="4235017148" /><tag k="highway" v="tertiary" /><tag k="name" v="Abdul Rahman Marg" /><tag k="oneway" v="no" /></way><way id="339" timestamp="2026-03-11T21:52:02Z" uid="1" user="OSMnx" version="1" changeset="1"><nd ref="4235017147" /><nd ref="4462550758" /><tag k="highway" v="residential" /><tag k="name" v="Gali Number 8" /><tag k="oneway" v="no" /></way><way id="340" timestamp="2026-03-11T21:52:02Z" uid="1" user="OSMnx" version="1" changeset="1"><nd ref="4235017148" /><nd ref="4522163024" /><tag k="highway" v="tertiary" /><tag k="name" v="Abdul Rahman Marg" /><tag k="oneway" v="no" /></way><way id="341" timestamp="2026-03-11T21:52:02Z" uid="1" user="OSMnx" version="1" changeset="1"><nd ref="4235017148" /><nd ref="4462513560" /><tag k="highway" v="residential" /><tag k="name" v="Gali Number 7" /><tag k="oneway" v="no" /></way><way id="342" timestamp="2026-03-11T21:52:02Z" uid="1" user="OSMnx" version="1" changeset="1"><nd ref="4235017153" /><nd ref="4462501445" /><tag k="highway" v="residential" /><tag k="oneway" v="no" /></way><way id="343" timestamp="2026-03-11T21:52:02Z" uid="1" user="OSMnx" version="1" changeset="1"><nd ref="4235017153" /><nd ref="1869899505" /><tag k="highway" v="tertiary" /><tag k="name" v="Abdul Rahman Marg" /><tag k="oneway" v="no" /></way><way id="344" timestamp="2026-03-11T21:52:02Z" uid="1" user="OSMnx" version="1" changeset="1"><nd ref="4235023046" /><nd ref="4235023048" /><tag k="highway" v="tertiary" /><tag k="name" v="Joshi Road" /><tag k="oneway" v="no" /></way><way id="345" timestamp="2026-03-11T21:52:02Z" uid="1" user="OSMnx" version="1" changeset="1"><nd ref="4235023046" /><nd ref="4463794512" /><tag k="highway" v="residential" /><tag k="oneway" v="no" /></way><way id="346" timestamp="2026-03-11T21:52:02Z" uid="1" user="OSMnx" version="1" changeset="1"><nd ref="4235023048" /><nd ref="4235023049" /><tag k="highway" v="tertiary" /><tag k="name" v="Joshi Road" /><tag k="oneway" v="no" /></way><way id="347" timestamp="2026-03-11T21:52:02Z" uid="1" user="OSMnx" version="1" changeset="1"><nd ref="4235023048" /><nd ref="4519266507" /><tag k="highway" v="residential" /><tag k="oneway" v="no" /></way><way id="348" timestamp="2026-03-11T21:52:02Z" uid="1" user="OSMnx" version="1" changeset="1"><nd ref="4235023049" /><nd ref="943684511" /><tag k="highway" v="tertiary" /><tag k="name" v="Joshi Road" /><tag k="oneway" v="no" /></way><way id="349" timestamp="2026-03-11T21:52:02Z" uid="1" user="OSMnx" version="1" changeset="1"><nd ref="4235023049" /><nd ref="4231821703" /><tag k="highway" v="residential" /><tag k="oneway" v="no" /></way><way id="350" timestamp="2026-03-11T21:52:02Z" uid="1" user="OSMnx" version="1" changeset="1"><nd ref="4235030404" /><nd ref="4235017153" /><tag k="highway" v="tertiary" /><tag k="name" v="Abdul Rahman Marg" /><tag k="oneway" v="no" /></way><way id="351" timestamp="2026-03-11T21:52:02Z" uid="1" user="OSMnx" version="1" changeset="1"><nd ref="4235030404" /><nd ref="9841218410" /><tag k="highway" v="residential" /><tag k="oneway" v="no" /></way><way id="352" timestamp="2026-03-11T21:52:02Z" uid="1" user="OSMnx" version="1" changeset="1"><nd ref="4235031028" /><nd ref="9841255624" /><tag k="highway" v="tertiary" /><tag k="name" v="Sri Krishna Dass Marg" /><tag k="oneway" v="no" /></way><way id="353" timestamp="2026-03-11T21:52:02Z" uid="1" user="OSMnx" version="1" changeset="1"><nd ref="4235031028" /><nd ref="4235017145" /><tag k="highway" v="residential" /><tag k="oneway" v="no" /></way><way id="354" timestamp="2026-03-11T21:52:02Z" uid="1" user="OSMnx" version="1" changeset="1"><nd ref="4235031030" /><nd ref="9841255626" /><tag k="highway" v="tertiary" /><tag k="name" v="Sri Krishna Dass Marg" /><tag k="oneway" v="no" /></way><way id="355" timestamp="2026-03-11T21:52:02Z" uid="1" user="OSMnx" version="1" changeset="1"><nd ref="4235031030" /><nd ref="4235017146" /><tag k="highway" v="residential" /><tag k="oneway" v="no" /></way><way id="356" timestamp="2026-03-11T21:52:02Z" uid="1" user="OSMnx" version="1" changeset="1"><nd ref="4235031031" /><nd ref="9841255634" /><tag k="highway" v="tertiary" /><tag k="name" v="Sri Krishna Dass Marg" /><tag k="oneway" v="no" /></way><way id="357" timestamp="2026-03-11T21:52:02Z" uid="1" user="OSMnx" version="1" changeset="1"><nd ref="4235031031" /><nd ref="4522163024" /><tag k="highway" v="residential" /><tag k="name" v="Gali Number 24" /><tag k="oneway" v="no" /></way><way id="358" timestamp="2026-03-11T21:52:02Z" uid="1" user="OSMnx" version="1" changeset="1"><nd ref="4235031032" /><nd ref="9841255637" /><tag k="highway" v="tertiary" /><tag k="name" v="Sri Krishna Dass Marg" /><tag k="oneway" v="no" /></way><way id="359" timestamp="2026-03-11T21:52:02Z" uid="1" user="OSMnx" version="1" changeset="1"><nd ref="4235031032" /><nd ref="4463726815" /><tag k="highway" v="residential" /><tag k="oneway" v="no" /></way><way id="360" timestamp="2026-03-11T21:52:02Z" uid="1" user="OSMnx" version="1" changeset="1"><nd ref="4235031043" /><nd ref="12120727966" /><tag k="highway" v="tertiary" /><tag k="name" v="Gurudwara Road" /><tag k="oneway" v="no" /></way><way id="361" timestamp="2026-03-11T21:52:02Z" uid="1" user="OSMnx" version="1" changeset="1"><nd ref="4235031043" /><nd ref="4462505685" /><tag k="highway" v="residential" /><tag k="oneway" v="no" /></way><way id="362" timestamp="2026-03-11T21:52:02Z" uid="1" user="OSMnx" version="1" changeset="1"><nd ref="4235031045" /><nd ref="4235031043" /><tag k="highway" v="tertiary" /><tag k="name" v="Gurudwara Road" /><tag k="oneway" v="no" /></way><way id="363" timestamp="2026-03-11T21:52:02Z" uid="1" user="OSMnx" version="1" changeset="1"><nd ref="4235031045" /><nd ref="4463859972" /><tag k="highway" v="residential" /><tag k="oneway" v="no" /></way><way id="364" timestamp="2026-03-11T21:52:02Z" uid="1" user="OSMnx" version="1" changeset="1"><nd ref="4235031046" /><nd ref="4463833673" /><tag k="highway" v="residential" /><tag k="oneway" v="no" /></way><way id="365" timestamp="2026-03-11T21:52:02Z" uid="1" user="OSMnx" version="1" changeset="1"><nd ref="4235031046" /><nd ref="4235031045" /><tag k="highway" v="tertiary" /><tag k="name" v="Gurudwara Road" /><tag k="oneway" v="no" /></way><way id="366" timestamp="2026-03-11T21:52:02Z" uid="1" user="OSMnx" version="1" changeset="1"><nd ref="4235033592" /><nd ref="9843139211" /><tag k="highway" v="tertiary" /><tag k="name" v="Sat Bhirawan Marg" /><tag k="oneway" v="no" /></way><way id="367" timestamp="2026-03-11T21:52:02Z" uid="1" user="OSMnx" version="1" changeset="1"><nd ref="4235033593" /><nd ref="1869899497" /><tag k="highway" v="residential" /><tag k="name" v="Abdul Aziz Road" /><tag k="oneway" v="no" /></way><way id="368" timestamp="2026-03-11T21:52:02Z" uid="1" user="OSMnx" version="1" changeset="1"><nd ref="4235033593" /><nd ref="4235033592" /><tag k="highway" v="residential" /><tag k="oneway" v="no" /></way><way id="369" timestamp="2026-03-11T21:52:02Z" uid="1" user="OSMnx" version="1" changeset="1"><nd ref="4462501445" /><nd ref="9841218410" /><tag k="highway" v="tertiary" /><tag k="name" v="Ilahi Bux Marg" /><tag k="oneway" v="no" /></way><way id="370" timestamp="2026-03-11T21:52:02Z" uid="1" user="OSMnx" version="1" changeset="1"><nd ref="4462504504" /><nd ref="4235017133" /><tag k="highway" v="tertiary" /><tag k="name" v="Ilahi Bux Marg" /><tag k="oneway" v="no" /></way><way id="371" timestamp="2026-03-11T21:52:02Z" uid="1" user="OSMnx" version="1" changeset="1"><nd ref="4462505685" /><nd ref="943640756" /><tag k="highway" v="tertiary" /><tag k="name" v="Sri Krishna Dass Marg" /><tag k="oneway" v="no" /></way><way id="372" timestamp="2026-03-11T21:52:02Z" uid="1" user="OSMnx" version="1" changeset="1"><nd ref="4462513560" /><nd ref="4462550758" /><tag k="highway" v="tertiary" /><tag k="name" v="Ilahi Bux Marg" /><tag k="oneway" v="no" /></way><way id="373" timestamp="2026-03-11T21:52:02Z" uid="1" user="OSMnx" version="1" changeset="1"><nd ref="4462550758" /><nd ref="4503144339" /><tag k="highway" v="tertiary" /><tag k="name" v="Ilahi Bux Marg" /><tag k="oneway" v="no" /></way><way id="374" timestamp="2026-03-11T21:52:02Z" uid="1" user="OSMnx" version="1" changeset="1"><nd ref="4462555209" /><nd ref="9181766469" /><tag k="highway" v="tertiary" /><tag k="name" v="Faiz Road" /><tag k="oneway" v="no" /></way><way id="375" timestamp="2026-03-11T21:52:02Z" uid="1" user="OSMnx" version="1" changeset="1"><nd ref="4463726815" /><nd ref="9841284689" /><tag k="highway" v="residential" /><tag k="name" v="Gali Number 5" /><tag k="oneway" v="no" /></way><way id="376" timestamp="2026-03-11T21:52:02Z" uid="1" user="OSMnx" version="1" changeset="1"><nd ref="4463726815" /><nd ref="943684526" /><tag k="highway" v="tertiary" /><tag k="name" v="Abdul Rahman Marg" /><tag k="oneway" v="no" /></way><way id="377" timestamp="2026-03-11T21:52:02Z" uid="1" user="OSMnx" version="1" changeset="1"><nd ref="4463733247" /><nd ref="4462504504" /><tag k="highway" v="tertiary" /><tag k="name" v="Ilahi Bux Marg" /><tag k="oneway" v="no" /></way><way id="378" timestamp="2026-03-11T21:52:02Z" uid="1" user="OSMnx" version="1" changeset="1"><nd ref="4463794512" /><nd ref="4519266507" /><tag k="highway" v="tertiary" /><tag k="name" v="Faiz Road" /><tag k="oneway" v="no" /></way><way id="379" timestamp="2026-03-11T21:52:02Z" uid="1" user="OSMnx" version="1" changeset="1"><nd ref="4463833673" /><nd ref="9841218415" /><tag k="highway" v="tertiary" /><tag k="name" v="Sri Krishna Dass Marg" /><tag k="oneway" v="no" /></way><way id="380" timestamp="2026-03-11T21:52:02Z" uid="1" user="OSMnx" version="1" changeset="1"><nd ref="4463859972" /><nd ref="9841218414" /><tag k="highway" v="tertiary" /><tag k="name" v="Sri Krishna Dass Marg" /><tag k="oneway" v="no" /></way><way id="381" timestamp="2026-03-11T21:52:02Z" uid="1" user="OSMnx" version="1" changeset="1"><nd ref="4503144339" /><nd ref="4463733247" /><tag k="highway" v="tertiary" /><tag k="name" v="Ilahi Bux Marg" /><tag k="oneway" v="no" /></way><way id="382" timestamp="2026-03-11T21:52:02Z" uid="1" user="OSMnx" version="1" changeset="1"><nd ref="4519266507" /><nd ref="4231821703" /><tag k="highway" v="tertiary" /><tag k="name" v="Faiz Road" /><tag k="oneway" v="no" /></way><way id="383" timestamp="2026-03-11T21:52:02Z" uid="1" user="OSMnx" version="1" changeset="1"><nd ref="4522163024" /><nd ref="4463726815" /><tag k="highway" v="tertiary" /><tag k="name" v="Abdul Rahman Marg" /><tag k="oneway" v="no" /></way><way id="384" timestamp="2026-03-11T21:52:02Z" uid="1" user="OSMnx" version="1" changeset="1"><nd ref="4522163024" /><nd ref="9841284690" /><tag k="highway" v="residential" /><tag k="name" v="Gali Number 6" /><tag k="oneway" v="no" /></way><way id="385" timestamp="2026-03-11T21:52:02Z" uid="1" user="OSMnx" version="1" changeset="1"><nd ref="5316879224" /><nd ref="943641082" /><tag k="highway" v="tertiary" /><tag k="name" v="Padam Singh Road" /><tag k="oneway" v="no" /></way><way id="386" timestamp="2026-03-11T21:52:02Z" uid="1" user="OSMnx" version="1" changeset="1"><nd ref="5316879224" /><nd ref="5316879225" /><tag k="highway" v="tertiary" /><tag k="lanes" v="2" /><tag k="oneway" v="no" /></way><way id="387" timestamp="2026-03-11T21:52:02Z" uid="1" user="OSMnx" version="1" changeset="1"><nd ref="5316879225" /><nd ref="943684549" /><tag k="highway" v="tertiary" /><tag k="name" v="Abdul Rahman Marg" /><tag k="oneway" v="no" /></way><way id="388" timestamp="2026-03-11T21:52:02Z" uid="1" user="OSMnx" version="1" changeset="1"><nd ref="5316879225" /><nd ref="5316879226" /><tag k="highway" v="tertiary" /><tag k="lanes" v="2" /><tag k="oneway" v="no" /></way><way id="389" timestamp="2026-03-11T21:52:02Z" uid="1" user="OSMnx" version="1" changeset="1"><nd ref="5316879226" /><nd ref="5316879224" /><tag k="highway" v="tertiary" /><tag k="lanes" v="2" /><tag k="oneway" v="no" /></way><way id="390" timestamp="2026-03-11T21:52:02Z" uid="1" user="OSMnx" version="1" changeset="1"><nd ref="6395604905" /><nd ref="943641208" /><tag k="highway" v="tertiary" /><tag k="oneway" v="no" /></way><way id="391" timestamp="2026-03-11T21:52:02Z" uid="1" user="OSMnx" version="1" changeset="1"><nd ref="6487653612" /><nd ref="943641135" /><tag k="highway" v="tertiary" /><tag k="name" v="Bangali Pooja Road" /><tag k="oneway" v="no" /></way><way id="392" timestamp="2026-03-11T21:52:02Z" uid="1" user="OSMnx" version="1" changeset="1"><nd ref="6487653614" /><nd ref="943641223" /><tag k="highway" v="tertiary" /><tag k="name" v="Shikha Road" /><tag k="oneway" v="no" /></way><way id="393" timestamp="2026-03-11T21:52:02Z" uid="1" user="OSMnx" version="1" changeset="1"><nd ref="6487653614" /><nd ref="11006949921" /><tag k="highway" v="residential" /><tag k="oneway" v="no" /></way><way id="394" timestamp="2026-03-11T21:52:02Z" uid="1" user="OSMnx" version="1" changeset="1"><nd ref="6488018618" /><nd ref="9865797794" /><tag k="highway" v="residential" /><tag k="name" v="Road No 9" /><tag k="oneway" v="no" /></way><way id="395" timestamp="2026-03-11T21:52:02Z" uid="1" user="OSMnx" version="1" changeset="1"><nd ref="6488018620" /><nd ref="6627388061" /><tag k="highway" v="tertiary" /><tag k="name" v="Saraswati Marg" /><tag k="oneway" v="no" /></way><way id="396" timestamp="2026-03-11T21:52:02Z" uid="1" user="OSMnx" version="1" changeset="1"><nd ref="6488018620" /><nd ref="6488018618" /><tag k="highway" v="residential" /><tag k="oneway" v="no" /></way><way id="397" timestamp="2026-03-11T21:52:02Z" uid="1" user="OSMnx" version="1" changeset="1"><nd ref="6488018622" /><nd ref="6627388062" /><tag k="highway" v="tertiary" /><tag k="name" v="Ajmal Khan Road" /><tag k="oneway" v="no" /></way><way id="398" timestamp="2026-03-11T21:52:02Z" uid="1" user="OSMnx" version="1" changeset="1"><nd ref="6488018622" /><nd ref="6488018620" /><tag k="highway" v="residential" /><tag k="oneway" v="no" /></way><way id="399" timestamp="2026-03-11T21:52:02Z" uid="1" user="OSMnx" version="1" changeset="1"><nd ref="6488018624" /><nd ref="6737890421" /><tag k="highway" v="tertiary" /><tag k="name" v="Gurudwara Road" /><tag k="oneway" v="no" /></way><way id="400" timestamp="2026-03-11T21:52:02Z" uid="1" user="OSMnx" version="1" changeset="1"><nd ref="6488018624" /><nd ref="6737890417" /><tag k="highway" v="residential" /><tag k="oneway" v="no" /></way><way id="401" timestamp="2026-03-11T21:52:02Z" uid="1" user="OSMnx" version="1" changeset="1"><nd ref="6542381789" /><nd ref="9181774729" /><tag k="highway" v="residential" /><tag k="oneway" v="no" /></way><way id="402" timestamp="2026-03-11T21:52:02Z" uid="1" user="OSMnx" version="1" changeset="1"><nd ref="6542381790" /><nd ref="6542381789" /><tag k="highway" v="residential" /><tag k="oneway" v="no" /></way><way id="403" timestamp="2026-03-11T21:52:02Z" uid="1" user="OSMnx" version="1" changeset="1"><nd ref="6542418788" /><nd ref="11510588676" /><tag k="highway" v="residential" /><tag k="name" v="Phool Wali Gali" /><tag k="oneway" v="no" /></way><way id="404" timestamp="2026-03-11T21:52:02Z" uid="1" user="OSMnx" version="1" changeset="1"><nd ref="6542418788" /><nd ref="6542418790" /><tag k="highway" v="residential" /><tag k="name" v="Service Lane" /><tag k="oneway" v="no" /></way><way id="405" timestamp="2026-03-11T21:52:02Z" uid="1" user="OSMnx" version="1" changeset="1"><nd ref="6542418790" /><nd ref="943641112" /><tag k="highway" v="residential" /><tag k="oneway" v="no" /></way><way id="406" timestamp="2026-03-11T21:52:02Z" uid="1" user="OSMnx" version="1" changeset="1"><nd ref="6542418794" /><nd ref="3661653318" /><tag k="highway" v="residential" /><tag k="oneway" v="no" /></way><way id="407" timestamp="2026-03-11T21:52:02Z" uid="1" user="OSMnx" version="1" changeset="1"><nd ref="6542418794" /><nd ref="6542418788" /><tag k="highway" v="residential" /><tag k="name" v="Service Lane" /><tag k="oneway" v="no" /></way><way id="408" timestamp="2026-03-11T21:52:02Z" uid="1" user="OSMnx" version="1" changeset="1"><nd ref="6542418795" /><nd ref="6542418794" /><tag k="highway" v="residential" /><tag k="name" v="Service Lane" /><tag k="oneway" v="no" /></way><way id="409" timestamp="2026-03-11T21:52:02Z" uid="1" user="OSMnx" version="1" changeset="1"><nd ref="6542418796" /><nd ref="11021418787" /><tag k="highway" v="residential" /><tag k="oneway" v="no" /></way><way id="410" timestamp="2026-03-11T21:52:02Z" uid="1" user="OSMnx" version="1" changeset="1"><nd ref="6542418796" /><nd ref="6542418795" /><tag k="highway" v="residential" /><tag k="oneway" v="no" /></way><way id="411" timestamp="2026-03-11T21:52:02Z" uid="1" user="OSMnx" version="1" changeset="1"><nd ref="6560391243" /><nd ref="6734569331" /><tag k="highway" v="tertiary" /><tag k="name" v="Gautam Road" /><tag k="oneway" v="no" /></way><way id="412" timestamp="2026-03-11T21:52:02Z" uid="1" user="OSMnx" version="1" changeset="1"><nd ref="6560391243" /><nd ref="6749617092" /><tag k="highway" v="residential" /><tag k="name" v="Gali Number 2" /><tag k="oneway" v="no" /></way><way id="413" timestamp="2026-03-11T21:52:02Z" uid="1" user="OSMnx" version="1" changeset="1"><nd ref="6560391247" /><nd ref="6734357406" /><tag k="highway" v="tertiary" /><tag k="name" v="Gaushala Road" /><tag k="oneway" v="no" /></way><way id="414" timestamp="2026-03-11T21:52:02Z" uid="1" user="OSMnx" version="1" changeset="1"><nd ref="6560391247" /><nd ref="6560391249" /><tag k="highway" v="residential" /><tag k="name" v="Gali Moti Nagar Road" /><tag k="oneway" v="no" /></way><way id="415" timestamp="2026-03-11T21:52:02Z" uid="1" user="OSMnx" version="1" changeset="1"><nd ref="6560391249" /><nd ref="6560391250" /><tag k="highway" v="residential" /><tag k="oneway" v="no" /></way><way id="416" timestamp="2026-03-11T21:52:02Z" uid="1" user="OSMnx" version="1" changeset="1"><nd ref="6560391250" /><nd ref="6734357399" /><tag k="highway" v="residential" /><tag k="oneway" v="no" /></way><way id="417" timestamp="2026-03-11T21:52:02Z" uid="1" user="OSMnx" version="1" changeset="1"><nd ref="6560391250" /><nd ref="6560391252" /><tag k="highway" v="residential" /><tag k="oneway" v="no" /></way><way id="418" timestamp="2026-03-11T21:52:02Z" uid="1" user="OSMnx" version="1" changeset="1"><nd ref="6560391252" /><nd ref="6560391247" /><tag k="highway" v="tertiary" /><tag k="name" v="Gaushala Road" /><tag k="oneway" v="no" /></way><way id="419" timestamp="2026-03-11T21:52:02Z" uid="1" user="OSMnx" version="1" changeset="1"><nd ref="6560391252" /><nd ref="6560391253" /><tag k="highway" v="residential" /><tag k="oneway" v="no" /></way><way id="420" timestamp="2026-03-11T21:52:02Z" uid="1" user="OSMnx" version="1" changeset="1"><nd ref="6560391254" /><nd ref="6560391249" /><tag k="highway" v="residential" /><tag k="oneway" v="no" /></way><way id="421" timestamp="2026-03-11T21:52:02Z" uid="1" user="OSMnx" version="1" changeset="1"><nd ref="6560391254" /><nd ref="6734357407" /><tag k="highway" v="residential" /><tag k="oneway" v="no" /></way><way id="422" timestamp="2026-03-11T21:52:02Z" uid="1" user="OSMnx" version="1" changeset="1"><nd ref="6560391255" /><nd ref="6560391252" /><tag k="highway" v="tertiary" /><tag k="name" v="Gaushala Road" /><tag k="oneway" v="no" /></way><way id="423" timestamp="2026-03-11T21:52:02Z" uid="1" user="OSMnx" version="1" changeset="1"><nd ref="6560391255" /><nd ref="6560391256" /><tag k="highway" v="residential" /><tag k="oneway" v="no" /></way><way id="424" timestamp="2026-03-11T21:52:02Z" uid="1" user="OSMnx" version="1" changeset="1"><nd ref="6560391258" /><nd ref="943640520" /><tag k="highway" v="primary" /><tag k="name" v="New Rohtak Road" /><tag k="oneway" v="no" /></way><way id="425" timestamp="2026-03-11T21:52:02Z" uid="1" user="OSMnx" version="1" changeset="1"><nd ref="6622401080" /><nd ref="9181825064" /><tag k="highway" v="tertiary" /><tag k="name" v="Road No 9" /><tag k="oneway" v="no" /></way><way id="426" timestamp="2026-03-11T21:52:02Z" uid="1" user="OSMnx" version="1" changeset="1"><nd ref="6622401081" /><nd ref="6622401080" /><tag k="highway" v="residential" /><tag k="oneway" v="no" /></way><way id="427" timestamp="2026-03-11T21:52:02Z" uid="1" user="OSMnx" version="1" changeset="1"><nd ref="6622401081" /><nd ref="6743318630" /><tag k="highway" v="tertiary" /><tag k="name" v="Saraswati Marg" /><tag k="oneway" v="no" /></way><way id="428" timestamp="2026-03-11T21:52:02Z" uid="1" user="OSMnx" version="1" changeset="1"><nd ref="6627388061" /><nd ref="943641243" /><tag k="highway" v="tertiary" /><tag k="name" v="Saraswati Marg" /><tag k="oneway" v="no" /></way><way id="429" timestamp="2026-03-11T21:52:02Z" uid="1" user="OSMnx" version="1" changeset="1"><nd ref="6627388062" /><nd ref="943640266" /><tag k="highway" v="tertiary" /><tag k="name" v="Ajmal Khan Road" /><tag k="oneway" v="no" /></way><way id="430" timestamp="2026-03-11T21:52:02Z" uid="1" user="OSMnx" version="1" changeset="1"><nd ref="6627388062" /><nd ref="6627388061" /><tag k="highway" v="residential" /><tag k="oneway" v="no" /></way><way id="431" timestamp="2026-03-11T21:52:02Z" uid="1" user="OSMnx" version="1" changeset="1"><nd ref="6630518555" /><nd ref="6630518556" /><tag k="highway" v="residential" /><tag k="oneway" v="no" /></way><way id="432" timestamp="2026-03-11T21:52:02Z" uid="1" user="OSMnx" version="1" changeset="1"><nd ref="6630518556" /><nd ref="6630518559" /><tag k="highway" v="primary" /><tag k="name" v="New Rohtak Road" /><tag k="oneway" v="no" /></way><way id="433" timestamp="2026-03-11T21:52:02Z" uid="1" user="OSMnx" version="1" changeset="1"><nd ref="6630518557" /><nd ref="6630518555" /><tag k="highway" v="residential" /><tag k="oneway" v="no" /></way><way id="434" timestamp="2026-03-11T21:52:02Z" uid="1" user="OSMnx" version="1" changeset="1"><nd ref="6630518557" /><nd ref="6645796653" /><tag k="highway" v="tertiary" /><tag k="oneway" v="no" /></way><way id="435" timestamp="2026-03-11T21:52:02Z" uid="1" user="OSMnx" version="1" changeset="1"><nd ref="6630518559" /><nd ref="6646260827" /><tag k="highway" v="primary" /><tag k="name" v="New Rohtak Road" /><tag k="oneway" v="no" /></way><way id="436" timestamp="2026-03-11T21:52:02Z" uid="1" user="OSMnx" version="1" changeset="1"><nd ref="6630518559" /><nd ref="10310390777" /><tag k="highway" v="residential" /><tag k="oneway" v="no" /></way><way id="437" timestamp="2026-03-11T21:52:02Z" uid="1" user="OSMnx" version="1" changeset="1"><nd ref="6636661915" /><nd ref="6636661919" /><tag k="highway" v="residential" /><tag k="name" v="Road No 9" /><tag k="oneway" v="no" /></way><way id="438" timestamp="2026-03-11T21:52:02Z" uid="1" user="OSMnx" version="1" changeset="1"><nd ref="6636661916" /><nd ref="6636661915" /><tag k="highway" v="residential" /><tag k="name" v="Road No 9" /><tag k="oneway" v="no" /></way><way id="439" timestamp="2026-03-11T21:52:02Z" uid="1" user="OSMnx" version="1" changeset="1"><nd ref="6636661917" /><nd ref="943641041" /><tag k="highway" v="residential" /><tag k="name" v="Bashiruddin Road" /><tag k="oneway" v="no" /></way><way id="440" timestamp="2026-03-11T21:52:02Z" uid="1" user="OSMnx" version="1" changeset="1"><nd ref="6636661917" /><nd ref="6636661916" /><tag k="highway" v="residential" /><tag k="oneway" v="no" /></way><way id="441" timestamp="2026-03-11T21:52:02Z" uid="1" user="OSMnx" version="1" changeset="1"><nd ref="6636661918" /><nd ref="9865801101" /><tag k="highway" v="residential" /><tag k="name" v="Bashiruddin Road" /><tag k="oneway" v="no" /></way><way id="442" timestamp="2026-03-11T21:52:02Z" uid="1" user="OSMnx" version="1" changeset="1"><nd ref="6636661918" /><nd ref="6636661915" /><tag k="highway" v="residential" /><tag k="oneway" v="no" /></way><way id="443" timestamp="2026-03-11T21:52:02Z" uid="1" user="OSMnx" version="1" changeset="1"><nd ref="6636661919" /><nd ref="9843177722" /><tag k="highway" v="residential" /><tag k="name" v="Road No 9" /><tag k="oneway" v="no" /></way><way id="444" timestamp="2026-03-11T21:52:02Z" uid="1" user="OSMnx" version="1" changeset="1"><nd ref="6636661920" /><nd ref="6636661918" /><tag k="highway" v="residential" /><tag k="name" v="Bashiruddin Road" /><tag k="oneway" v="no" /></way><way id="445" timestamp="2026-03-11T21:52:02Z" uid="1" user="OSMnx" version="1" changeset="1"><nd ref="6636661920" /><nd ref="6636661919" /><tag k="highway" v="residential" /><tag k="oneway" v="no" /></way><way id="446" timestamp="2026-03-11T21:52:02Z" uid="1" user="OSMnx" version="1" changeset="1"><nd ref="6636661921" /><nd ref="6636661923" /><tag k="highway" v="residential" /><tag k="name" v="Road No 9" /><tag k="oneway" v="no" /></way><way id="447" timestamp="2026-03-11T21:52:02Z" uid="1" user="OSMnx" version="1" changeset="1"><nd ref="6636661922" /><nd ref="6636661920" /><tag k="highway" v="residential" /><tag k="name" v="Bashiruddin Road" /><tag k="oneway" v="no" /></way><way id="448" timestamp="2026-03-11T21:52:02Z" uid="1" user="OSMnx" version="1" changeset="1"><nd ref="6636661922" /><nd ref="6636661921" /><tag k="highway" v="residential" /><tag k="oneway" v="no" /></way><way id="449" timestamp="2026-03-11T21:52:02Z" uid="1" user="OSMnx" version="1" changeset="1"><nd ref="6636661923" /><nd ref="6636661925" /><tag k="highway" v="residential" /><tag k="name" v="Road No 9" /><tag k="oneway" v="no" /></way><way id="450" timestamp="2026-03-11T21:52:02Z" uid="1" user="OSMnx" version="1" changeset="1"><nd ref="6636661924" /><nd ref="6636661922" /><tag k="highway" v="residential" /><tag k="name" v="Bashiruddin Road" /><tag k="oneway" v="no" /></way><way id="451" timestamp="2026-03-11T21:52:02Z" uid="1" user="OSMnx" version="1" changeset="1"><nd ref="6636661924" /><nd ref="6636661923" /><tag k="highway" v="residential" /><tag k="oneway" v="no" /></way><way id="452" timestamp="2026-03-11T21:52:02Z" uid="1" user="OSMnx" version="1" changeset="1"><nd ref="6636661925" /><nd ref="6488018618" /><tag k="highway" v="residential" /><tag k="name" v="Road No 9" /><tag k="oneway" v="no" /></way><way id="453" timestamp="2026-03-11T21:52:02Z" uid="1" user="OSMnx" version="1" changeset="1"><nd ref="6636661926" /><nd ref="6636661924" /><tag k="highway" v="residential" /><tag k="name" v="Bashiruddin Road" /><tag k="oneway" v="no" /></way><way id="454" timestamp="2026-03-11T21:52:02Z" uid="1" user="OSMnx" version="1" changeset="1"><nd ref="6636661926" /><nd ref="6636661925" /><tag k="highway" v="living_street" /><tag k="oneway" v="no" /></way><way id="455" timestamp="2026-03-11T21:52:02Z" uid="1" user="OSMnx" version="1" changeset="1"><nd ref="6636661927" /><nd ref="6636661929" /><tag k="highway" v="residential" /><tag k="name" v="Road No 9" /><tag k="oneway" v="no" /></way><way id="456" timestamp="2026-03-11T21:52:02Z" uid="1" user="OSMnx" version="1" changeset="1"><nd ref="6636661928" /><nd ref="9865801092" /><tag k="highway" v="residential" /><tag k="name" v="Bashiruddin Road" /><tag k="oneway" v="no" /></way><way id="457" timestamp="2026-03-11T21:52:02Z" uid="1" user="OSMnx" version="1" changeset="1"><nd ref="6636661928" /><nd ref="6636661927" /><tag k="highway" v="living_street" /><tag k="oneway" v="no" /></way><way id="458" timestamp="2026-03-11T21:52:02Z" uid="1" user="OSMnx" version="1" changeset="1"><nd ref="6636661929" /><nd ref="6636661931" /><tag k="highway" v="residential" /><tag k="name" v="Road No 9" /><tag k="oneway" v="no" /></way><way id="459" timestamp="2026-03-11T21:52:02Z" uid="1" user="OSMnx" version="1" changeset="1"><nd ref="6636661930" /><nd ref="6636661928" /><tag k="highway" v="residential" /><tag k="name" v="Bashiruddin Road" /><tag k="oneway" v="no" /></way><way id="460" timestamp="2026-03-11T21:52:02Z" uid="1" user="OSMnx" version="1" changeset="1"><nd ref="6636661930" /><nd ref="6636661929" /><tag k="highway" v="residential" /><tag k="oneway" v="no" /></way><way id="461" timestamp="2026-03-11T21:52:02Z" uid="1" user="OSMnx" version="1" changeset="1"><nd ref="6636661931" /><nd ref="943640942" /><tag k="highway" v="residential" /><tag k="name" v="Road No 9" /><tag k="oneway" v="no" /></way><way id="462" timestamp="2026-03-11T21:52:02Z" uid="1" user="OSMnx" version="1" changeset="1"><nd ref="6636661932" /><nd ref="9865801088" /><tag k="highway" v="residential" /><tag k="name" v="Bashiruddin Road" /><tag k="oneway" v="no" /></way><way id="463" timestamp="2026-03-11T21:52:02Z" uid="1" user="OSMnx" version="1" changeset="1"><nd ref="6636661932" /><nd ref="6636661931" /><tag k="highway" v="residential" /><tag k="oneway" v="no" /></way><way id="464" timestamp="2026-03-11T21:52:02Z" uid="1" user="OSMnx" version="1" changeset="1"><nd ref="6636945937" /><nd ref="6636945941" /><tag k="highway" v="tertiary" /><tag k="name" v="Saraswati Marg" /><tag k="oneway" v="no" /></way><way id="465" timestamp="2026-03-11T21:52:02Z" uid="1" user="OSMnx" version="1" changeset="1"><nd ref="6636945940" /><nd ref="6636945937" /><tag k="highway" v="residential" /><tag k="oneway" v="no" /></way><way id="466" timestamp="2026-03-11T21:52:02Z" uid="1" user="OSMnx" version="1" changeset="1"><nd ref="6636945941" /><nd ref="10997032712" /><tag k="highway" v="tertiary" /><tag k="name" v="Saraswati Marg" /><tag k="oneway" v="no" /></way><way id="467" timestamp="2026-03-11T21:52:02Z" uid="1" user="OSMnx" version="1" changeset="1"><nd ref="6636945943" /><nd ref="943640249" /><tag k="highway" v="residential" /><tag k="name" v="Maharana Pratap Road" /><tag k="oneway" v="no" /></way><way id="468" timestamp="2026-03-11T21:52:02Z" uid="1" user="OSMnx" version="1" changeset="1"><nd ref="6636945943" /><nd ref="6636945941" /><tag k="highway" v="residential" /><tag k="oneway" v="no" /></way><way id="469" timestamp="2026-03-11T21:52:02Z" uid="1" user="OSMnx" version="1" changeset="1"><nd ref="6643017369" /><nd ref="9181759813" /><tag k="highway" v="residential" /><tag k="name" v="Street Number 6" /><tag k="oneway" v="no" /></way><way id="470" timestamp="2026-03-11T21:52:02Z" uid="1" user="OSMnx" version="1" changeset="1"><nd ref="6643017369" /><nd ref="9181740502" /><tag k="highway" v="tertiary" /><tag k="name" v="Joshi Road" /><tag k="oneway" v="no" /></way><way id="471" timestamp="2026-03-11T21:52:02Z" uid="1" user="OSMnx" version="1" changeset="1"><nd ref="6643017371" /><nd ref="9181759811" /><tag k="highway" v="tertiary" /><tag k="name" v="Joshi Road" /><tag k="oneway" v="no" /></way><way id="472" timestamp="2026-03-11T21:52:02Z" uid="1" user="OSMnx" version="1" changeset="1"><nd ref="6643017371" /><nd ref="9181759810" /><tag k="highway" v="residential" /><tag k="oneway" v="no" /></way><way id="473" timestamp="2026-03-11T21:52:02Z" uid="1" user="OSMnx" version="1" changeset="1"><nd ref="6643017375" /><nd ref="6643017374" /><tag k="highway" v="residential" /><tag k="oneway" v="no" /></way><way id="474" timestamp="2026-03-11T21:52:02Z" uid="1" user="OSMnx" version="1" changeset="1"><nd ref="6643017375" /><nd ref="9181740500" /><tag k="highway" v="tertiary" /><tag k="name" v="Faiz Road" /><tag k="oneway" v="no" /></way><way id="475" timestamp="2026-03-11T21:52:02Z" uid="1" user="OSMnx" version="1" changeset="1"><nd ref="6645796643" /><nd ref="6645796645" /><tag k="highway" v="residential" /><tag k="oneway" v="no" /></way><way id="476" timestamp="2026-03-11T21:52:02Z" uid="1" user="OSMnx" version="1" changeset="1"><nd ref="6645796645" /><nd ref="943640423" /><tag k="highway" v="residential" /><tag k="oneway" v="no" /></way><way id="477" timestamp="2026-03-11T21:52:02Z" uid="1" user="OSMnx" version="1" changeset="1"><nd ref="6645796648" /><nd ref="6645796650" /><tag k="highway" v="tertiary" /><tag k="oneway" v="no" /></way><way id="478" timestamp="2026-03-11T21:52:02Z" uid="1" user="OSMnx" version="1" changeset="1"><nd ref="6645796648" /><nd ref="12797864411" /><tag k="highway" v="residential" /><tag k="oneway" v="no" /></way><way id="479" timestamp="2026-03-11T21:52:02Z" uid="1" user="OSMnx" version="1" changeset="1"><nd ref="6645796649" /><nd ref="6645796648" /><tag k="highway" v="residential" /><tag k="oneway" v="no" /></way><way id="480" timestamp="2026-03-11T21:52:02Z" uid="1" user="OSMnx" version="1" changeset="1"><nd ref="6645796649" /><nd ref="6645796651" /><tag k="highway" v="tertiary" /><tag k="oneway" v="no" /></way><way id="481" timestamp="2026-03-11T21:52:02Z" uid="1" user="OSMnx" version="1" changeset="1"><nd ref="6645796650" /><nd ref="6645796652" /><tag k="highway" v="tertiary" /><tag k="oneway" v="no" /></way><way id="482" timestamp="2026-03-11T21:52:02Z" uid="1" user="OSMnx" version="1" changeset="1"><nd ref="6645796650" /><nd ref="6645796645" /><tag k="highway" v="residential" /><tag k="oneway" v="no" /></way><way id="483" timestamp="2026-03-11T21:52:02Z" uid="1" user="OSMnx" version="1" changeset="1"><nd ref="6645796651" /><nd ref="6645796650" /><tag k="highway" v="residential" /><tag k="oneway" v="no" /></way><way id="484" timestamp="2026-03-11T21:52:02Z" uid="1" user="OSMnx" version="1" changeset="1"><nd ref="6645796651" /><nd ref="6630518557" /><tag k="highway" v="tertiary" /><tag k="oneway" v="no" /></way><way id="485" timestamp="2026-03-11T21:52:02Z" uid="1" user="OSMnx" version="1" changeset="1"><nd ref="6645796652" /><nd ref="6645796654" /><tag k="highway" v="tertiary" /><tag k="oneway" v="no" /></way><way id="486" timestamp="2026-03-11T21:52:02Z" uid="1" user="OSMnx" version="1" changeset="1"><nd ref="6645796652" /><nd ref="6645796643" /><tag k="highway" v="residential" /><tag k="oneway" v="no" /></way><way id="487" timestamp="2026-03-11T21:52:02Z" uid="1" user="OSMnx" version="1" changeset="1"><nd ref="6645796653" /><nd ref="6645796655" /><tag k="highway" v="tertiary" /><tag k="oneway" v="no" /></way><way id="488" timestamp="2026-03-11T21:52:02Z" uid="1" user="OSMnx" version="1" changeset="1"><nd ref="6645796653" /><nd ref="6645796652" /><tag k="highway" v="residential" /><tag k="name" v="Sh B D Kohli Marg" /><tag k="oneway" v="no" /></way><way id="489" timestamp="2026-03-11T21:52:02Z" uid="1" user="OSMnx" version="1" changeset="1"><nd ref="6645796654" /><nd ref="6645814322" /><tag k="highway" v="tertiary" /><tag k="oneway" v="no" /></way><way id="490" timestamp="2026-03-11T21:52:02Z" uid="1" user="OSMnx" version="1" changeset="1"><nd ref="6645796655" /><nd ref="6645796654" /><tag k="highway" v="residential" /><tag k="oneway" v="no" /></way><way id="491" timestamp="2026-03-11T21:52:02Z" uid="1" user="OSMnx" version="1" changeset="1"><nd ref="6645796655" /><nd ref="10274738117" /><tag k="highway" v="tertiary" /><tag k="oneway" v="no" /></way><way id="492" timestamp="2026-03-11T21:52:02Z" uid="1" user="OSMnx" version="1" changeset="1"><nd ref="6645814322" /><nd ref="9181759794" /><tag k="highway" v="tertiary" /><tag k="oneway" v="no" /></way><way id="493" timestamp="2026-03-11T21:52:02Z" uid="1" user="OSMnx" version="1" changeset="1"><nd ref="6645814322" /><nd ref="6645855285" /><tag k="highway" v="residential" /><tag k="oneway" v="no" /></way><way id="494" timestamp="2026-03-11T21:52:02Z" uid="1" user="OSMnx" version="1" changeset="1"><nd ref="6645814323" /><nd ref="6645814322" /><tag k="highway" v="residential" /><tag k="oneway" v="no" /></way><way id="495" timestamp="2026-03-11T21:52:02Z" uid="1" user="OSMnx" version="1" changeset="1"><nd ref="6645814323" /><nd ref="10274738112" /><tag k="highway" v="tertiary" /><tag k="oneway" v="no" /></way><way id="496" timestamp="2026-03-11T21:52:02Z" uid="1" user="OSMnx" version="1" changeset="1"><nd ref="6645841980" /><nd ref="6645855285" /><tag k="highway" v="residential" /><tag k="oneway" v="no" /></way><way id="497" timestamp="2026-03-11T21:52:02Z" uid="1" user="OSMnx" version="1" changeset="1"><nd ref="6645841984" /><nd ref="6645796643" /><tag k="highway" v="residential" /><tag k="oneway" v="no" /></way><way id="498" timestamp="2026-03-11T21:52:02Z" uid="1" user="OSMnx" version="1" changeset="1"><nd ref="6645841984" /><nd ref="6645841980" /><tag k="highway" v="residential" /><tag k="oneway" v="no" /></way><way id="499" timestamp="2026-03-11T21:52:02Z" uid="1" user="OSMnx" version="1" changeset="1"><nd ref="6645855285" /><nd ref="6645841984" /><tag k="highway" v="residential" /><tag k="oneway" v="no" /></way><way id="500" timestamp="2026-03-11T21:52:02Z" uid="1" user="OSMnx" version="1" changeset="1"><nd ref="6646260820" /><nd ref="6646260819" /><tag k="highway" v="residential" /><tag k="oneway" v="no" /></way><way id="501" timestamp="2026-03-11T21:52:02Z" uid="1" user="OSMnx" version="1" changeset="1"><nd ref="6646260822" /><nd ref="6646260821" /><tag k="highway" v="residential" /><tag k="oneway" v="no" /></way><way id="502" timestamp="2026-03-11T21:52:02Z" uid="1" user="OSMnx" version="1" changeset="1"><nd ref="6646260822" /><nd ref="6646260820" /><tag k="highway" v="primary" /><tag k="name" v="New Rohtak Road" /><tag k="oneway" v="no" /></way><way id="503" timestamp="2026-03-11T21:52:02Z" uid="1" user="OSMnx" version="1" changeset="1"><nd ref="6646260827" /><nd ref="6646260822" /><tag k="highway" v="primary" /><tag k="name" v="New Rohtak Road" /><tag k="oneway" v="no" /></way><way id="504" timestamp="2026-03-11T21:52:02Z" uid="1" user="OSMnx" version="1" changeset="1"><nd ref="6660003866" /><nd ref="9841145363" /><tag k="highway" v="tertiary" /><tag k="name" v="Ajmal Khan Road" /><tag k="oneway" v="no" /></way><way id="505" timestamp="2026-03-11T21:52:02Z" uid="1" user="OSMnx" version="1" changeset="1"><nd ref="6660003867" /><nd ref="6743318633" /><tag k="highway" v="residential" /><tag k="oneway" v="no" /></way><way id="506" timestamp="2026-03-11T21:52:02Z" uid="1" user="OSMnx" version="1" changeset="1"><nd ref="6660003867" /><nd ref="6751553084" /><tag k="highway" v="tertiary" /><tag k="name" v="Saraswati Marg" /><tag k="oneway" v="no" /></way><way id="507" timestamp="2026-03-11T21:52:02Z" uid="1" user="OSMnx" version="1" changeset="1"><nd ref="6726571404" /><nd ref="6726571406" /><tag k="highway" v="tertiary" /><tag k="name" v="Ajmal Khan Road" /><tag k="oneway" v="no" /></way><way id="508" timestamp="2026-03-11T21:52:02Z" uid="1" user="OSMnx" version="1" changeset="1"><nd ref="6726571404" /><nd ref="10274798764" /><tag k="highway" v="residential" /><tag k="oneway" v="no" /></way><way id="509" timestamp="2026-03-11T21:52:02Z" uid="1" user="OSMnx" version="1" changeset="1"><nd ref="6726571405" /><nd ref="6726571407" /><tag k="highway" v="tertiary" /><tag k="name" v="Gurudwara Road" /><tag k="oneway" v="no" /></way><way id="510" timestamp="2026-03-11T21:52:02Z" uid="1" user="OSMnx" version="1" changeset="1"><nd ref="6726571406" /><nd ref="6726571408" /><tag k="highway" v="tertiary" /><tag k="name" v="Ajmal Khan Road" /><tag k="oneway" v="no" /></way><way id="511" timestamp="2026-03-11T21:52:02Z" uid="1" user="OSMnx" version="1" changeset="1"><nd ref="6726571406" /><nd ref="6726571405" /><tag k="highway" v="residential" /><tag k="name" v="Shri Mahendra Gupta Marg" /><tag k="oneway" v="no" /></way><way id="512" timestamp="2026-03-11T21:52:02Z" uid="1" user="OSMnx" version="1" changeset="1"><nd ref="6726571406" /><nd ref="6741865653" /><tag k="highway" v="residential" /><tag k="oneway" v="no" /></way><way id="513" timestamp="2026-03-11T21:52:02Z" uid="1" user="OSMnx" version="1" changeset="1"><nd ref="6726571407" /><nd ref="11651942748" /><tag k="highway" v="tertiary" /><tag k="name" v="Gurudwara Road" /><tag k="oneway" v="no" /></way><way id="514" timestamp="2026-03-11T21:52:02Z" uid="1" user="OSMnx" version="1" changeset="1"><nd ref="6726571408" /><nd ref="10997032709" /><tag k="highway" v="tertiary" /><tag k="name" v="Ajmal Khan Road" /><tag k="oneway" v="no" /></way><way id="515" timestamp="2026-03-11T21:52:02Z" uid="1" user="OSMnx" version="1" changeset="1"><nd ref="6726571408" /><nd ref="6726571407" /><tag k="highway" v="residential" /><tag k="oneway" v="no" /></way><way id="516" timestamp="2026-03-11T21:52:02Z" uid="1" user="OSMnx" version="1" changeset="1"><nd ref="6730511851" /><nd ref="6730511854" /><tag k="highway" v="tertiary" /><tag k="name" v="Gurudwara Road" /><tag k="oneway" v="no" /></way><way id="517" timestamp="2026-03-11T21:52:02Z" uid="1" user="OSMnx" version="1" changeset="1"><nd ref="6730511852" /><nd ref="2645265833" /><tag k="highway" v="tertiary" /><tag k="name" v="Ajmal Khan Road" /><tag k="oneway" v="no" /></way><way id="518" timestamp="2026-03-11T21:52:02Z" uid="1" user="OSMnx" version="1" changeset="1"><nd ref="6730511852" /><nd ref="11224582285" /><tag k="highway" v="residential" /><tag k="oneway" v="no" /></way><way id="519" timestamp="2026-03-11T21:52:02Z" uid="1" user="OSMnx" version="1" changeset="1"><nd ref="6730511853" /><nd ref="9843177724" /><tag k="highway" v="tertiary" /><tag k="name" v="Ajmal Khan Road" /><tag k="oneway" v="no" /></way><way id="520" timestamp="2026-03-11T21:52:02Z" uid="1" user="OSMnx" version="1" changeset="1"><nd ref="6730511854" /><nd ref="309642515" /><tag k="highway" v="tertiary" /><tag k="name" v="Gurudwara Road" /><tag k="oneway" v="no" /></way><way id="521" timestamp="2026-03-11T21:52:02Z" uid="1" user="OSMnx" version="1" changeset="1"><nd ref="6730511854" /><nd ref="10274798757" /><tag k="highway" v="residential" /><tag k="oneway" v="no" /></way><way id="522" timestamp="2026-03-11T21:52:02Z" uid="1" user="OSMnx" version="1" changeset="1"><nd ref="6731848953" /><nd ref="943640771" /><tag k="highway" v="tertiary" /><tag k="name" v="Joshi Lane" /><tag k="oneway" v="no" /></way><way id="523" timestamp="2026-03-11T21:52:02Z" uid="1" user="OSMnx" version="1" changeset="1"><nd ref="6731848954" /><nd ref="6731848953" /><tag k="highway" v="residential" /><tag k="oneway" v="no" /></way><way id="524" timestamp="2026-03-11T21:52:02Z" uid="1" user="OSMnx" version="1" changeset="1"><nd ref="6731848954" /><nd ref="6749695629" /><tag k="highway" v="residential" /><tag k="oneway" v="no" /></way><way id="525" timestamp="2026-03-11T21:52:02Z" uid="1" user="OSMnx" version="1" changeset="1"><nd ref="6731848955" /><nd ref="6731848954" /><tag k="highway" v="residential" /><tag k="oneway" v="no" /></way><way id="526" timestamp="2026-03-11T21:52:02Z" uid="1" user="OSMnx" version="1" changeset="1"><nd ref="6731848955" /><nd ref="9181759803" /><tag k="highway" v="tertiary" /><tag k="name" v="Ajmal Khan Road" /><tag k="oneway" v="no" /></way><way id="527" timestamp="2026-03-11T21:52:02Z" uid="1" user="OSMnx" version="1" changeset="1"><nd ref="6734357396" /><nd ref="6734357398" /><tag k="highway" v="tertiary" /><tag k="name" v="Gaushala Road" /><tag k="oneway" v="no" /></way><way id="528" timestamp="2026-03-11T21:52:02Z" uid="1" user="OSMnx" version="1" changeset="1"><nd ref="6734357397" /><nd ref="6734357396" /><tag k="highway" v="residential" /><tag k="oneway" v="no" /></way><way id="529" timestamp="2026-03-11T21:52:02Z" uid="1" user="OSMnx" version="1" changeset="1"><nd ref="6734357398" /><nd ref="6560391255" /><tag k="highway" v="tertiary" /><tag k="name" v="Gaushala Road" /><tag k="oneway" v="no" /></way><way id="530" timestamp="2026-03-11T21:52:02Z" uid="1" user="OSMnx" version="1" changeset="1"><nd ref="6734357399" /><nd ref="6734357397" /><tag k="highway" v="residential" /><tag k="oneway" v="no" /></way><way id="531" timestamp="2026-03-11T21:52:02Z" uid="1" user="OSMnx" version="1" changeset="1"><nd ref="6734357399" /><nd ref="6734357398" /><tag k="highway" v="residential" /><tag k="oneway" v="no" /></way><way id="532" timestamp="2026-03-11T21:52:02Z" uid="1" user="OSMnx" version="1" changeset="1"><nd ref="6734357400" /><nd ref="9880375228" /><tag k="highway" v="residential" /><tag k="oneway" v="no" /></way><way id="533" timestamp="2026-03-11T21:52:02Z" uid="1" user="OSMnx" version="1" changeset="1"><nd ref="6734357400" /><nd ref="9880645121" /><tag k="highway" v="primary" /><tag k="name" v="New Rohtak Road" /><tag k="oneway" v="no" /></way><way id="534" timestamp="2026-03-11T21:52:02Z" uid="1" user="OSMnx" version="1" changeset="1"><nd ref="6734357401" /><nd ref="6560391254" /><tag k="highway" v="residential" /><tag k="oneway" v="no" /></way><way id="535" timestamp="2026-03-11T21:52:02Z" uid="1" user="OSMnx" version="1" changeset="1"><nd ref="6734357405" /><nd ref="6734357414" /><tag k="highway" v="residential" /><tag k="name" v="Mandir Marg" /><tag k="oneway" v="no" /></way><way id="536" timestamp="2026-03-11T21:52:02Z" uid="1" user="OSMnx" version="1" changeset="1"><nd ref="6734357405" /><nd ref="6734357401" /><tag k="highway" v="residential" /><tag k="oneway" v="no" /></way><way id="537" timestamp="2026-03-11T21:52:02Z" uid="1" user="OSMnx" version="1" changeset="1"><nd ref="6734357406" /><nd ref="11518486169" /><tag k="highway" v="residential" /><tag k="oneway" v="no" /></way><way id="538" timestamp="2026-03-11T21:52:02Z" uid="1" user="OSMnx" version="1" changeset="1"><nd ref="6734357406" /><nd ref="943640520" /><tag k="highway" v="tertiary" /><tag k="name" v="Gaushala Road" /><tag k="oneway" v="no" /></way><way id="539" timestamp="2026-03-11T21:52:02Z" uid="1" user="OSMnx" version="1" changeset="1"><nd ref="6734357407" /><nd ref="9880375229" /><tag k="highway" v="residential" /><tag k="oneway" v="no" /></way><way id="540" timestamp="2026-03-11T21:52:02Z" uid="1" user="OSMnx" version="1" changeset="1"><nd ref="6734357407" /><nd ref="6734357406" /><tag k="highway" v="residential" /><tag k="oneway" v="no" /></way><way id="541" timestamp="2026-03-11T21:52:02Z" uid="1" user="OSMnx" version="1" changeset="1"><nd ref="6734357408" /><nd ref="6734357401" /><tag k="highway" v="residential" /><tag k="oneway" v="no" /></way><way id="542" timestamp="2026-03-11T21:52:02Z" uid="1" user="OSMnx" version="1" changeset="1"><nd ref="6734357408" /><nd ref="9880645119" /><tag k="highway" v="residential" /><tag k="oneway" v="no" /></way><way id="543" timestamp="2026-03-11T21:52:02Z" uid="1" user="OSMnx" version="1" changeset="1"><nd ref="6734357414" /><nd ref="943640286" /><tag k="highway" v="residential" /><tag k="name" v="Mandir Marg" /><tag k="oneway" v="no" /></way><way id="544" timestamp="2026-03-11T21:52:02Z" uid="1" user="OSMnx" version="1" changeset="1"><nd ref="6734569331" /><nd ref="943641245" /><tag k="highway" v="tertiary" /><tag k="name" v="Gautam Road" /><tag k="oneway" v="no" /></way><way id="545" timestamp="2026-03-11T21:52:02Z" uid="1" user="OSMnx" version="1" changeset="1"><nd ref="6734569332" /><nd ref="6734569331" /><tag k="highway" v="residential" /><tag k="oneway" v="no" /></way><way id="546" timestamp="2026-03-11T21:52:02Z" uid="1" user="OSMnx" version="1" changeset="1"><nd ref="6734569332" /><nd ref="6749617092" /><tag k="highway" v="residential" /><tag k="oneway" v="no" /></way><way id="547" timestamp="2026-03-11T21:52:02Z" uid="1" user="OSMnx" version="1" changeset="1"><nd ref="6734569334" /><nd ref="6734569332" /><tag k="highway" v="residential" /><tag k="oneway" v="no" /></way><way id="548" timestamp="2026-03-11T21:52:02Z" uid="1" user="OSMnx" version="1" changeset="1"><nd ref="6734569334" /><nd ref="943641245" /><tag k="highway" v="primary" /><tag k="name" v="New Rohtak Road" /><tag k="oneway" v="no" /></way><way id="549" timestamp="2026-03-11T21:52:02Z" uid="1" user="OSMnx" version="1" changeset="1"><nd ref="6737890416" /><nd ref="6737890419" /><tag k="highway" v="residential" /><tag k="oneway" v="no" /></way><way id="550" timestamp="2026-03-11T21:52:02Z" uid="1" user="OSMnx" version="1" changeset="1"><nd ref="6737890417" /><nd ref="6737890418" /><tag k="highway" v="residential" /><tag k="oneway" v="no" /></way><way id="551" timestamp="2026-03-11T21:52:02Z" uid="1" user="OSMnx" version="1" changeset="1"><nd ref="6737890417" /><nd ref="6737890416" /><tag k="highway" v="residential" /><tag k="oneway" v="no" /></way><way id="552" timestamp="2026-03-11T21:52:02Z" uid="1" user="OSMnx" version="1" changeset="1"><nd ref="6737890418" /><nd ref="6488018622" /><tag k="highway" v="residential" /><tag k="oneway" v="no" /></way><way id="553" timestamp="2026-03-11T21:52:02Z" uid="1" user="OSMnx" version="1" changeset="1"><nd ref="6737890419" /><nd ref="6737890418" /><tag k="highway" v="residential" /><tag k="oneway" v="no" /></way><way id="554" timestamp="2026-03-11T21:52:02Z" uid="1" user="OSMnx" version="1" changeset="1"><nd ref="6737890419" /><nd ref="6737890420" /><tag k="highway" v="residential" /><tag k="oneway" v="no" /></way><way id="555" timestamp="2026-03-11T21:52:02Z" uid="1" user="OSMnx" version="1" changeset="1"><nd ref="6737890420" /><nd ref="6488018622" /><tag k="highway" v="tertiary" /><tag k="name" v="Ajmal Khan Road" /><tag k="oneway" v="no" /></way><way id="556" timestamp="2026-03-11T21:52:02Z" uid="1" user="OSMnx" version="1" changeset="1"><nd ref="6737890421" /><nd ref="943641006" /><tag k="highway" v="tertiary" /><tag k="name" v="Gurudwara Road" /><tag k="oneway" v="no" /></way><way id="557" timestamp="2026-03-11T21:52:02Z" uid="1" user="OSMnx" version="1" changeset="1"><nd ref="6737890421" /><nd ref="6737890416" /><tag k="highway" v="residential" /><tag k="oneway" v="no" /></way><way id="558" timestamp="2026-03-11T21:52:02Z" uid="1" user="OSMnx" version="1" changeset="1"><nd ref="6738652788" /><nd ref="6488018624" /><tag k="highway" v="tertiary" /><tag k="name" v="Gurudwara Road" /><tag k="oneway" v="no" /></way><way id="559" timestamp="2026-03-11T21:52:02Z" uid="1" user="OSMnx" version="1" changeset="1"><nd ref="6738652788" /><nd ref="12049161363" /><tag k="highway" v="residential" /><tag k="oneway" v="no" /></way><way id="560" timestamp="2026-03-11T21:52:02Z" uid="1" user="OSMnx" version="1" changeset="1"><nd ref="6741865618" /><nd ref="6741865625" /><tag k="highway" v="tertiary" /><tag k="name" v="Saraswati Marg" /><tag k="oneway" v="no" /></way><way id="561" timestamp="2026-03-11T21:52:02Z" uid="1" user="OSMnx" version="1" changeset="1"><nd ref="6741865618" /><nd ref="6741865634" /><tag k="highway" v="residential" /><tag k="oneway" v="no" /></way><way id="562" timestamp="2026-03-11T21:52:02Z" uid="1" user="OSMnx" version="1" changeset="1"><nd ref="6741865620" /><nd ref="6751554089" /><tag k="highway" v="tertiary" /><tag k="name" v="Road No 9" /><tag k="oneway" v="no" /></way><way id="563" timestamp="2026-03-11T21:52:02Z" uid="1" user="OSMnx" version="1" changeset="1"><nd ref="6741865620" /><nd ref="9181759816" /><tag k="highway" v="residential" /><tag k="oneway" v="no" /></way><way id="564" timestamp="2026-03-11T21:52:02Z" uid="1" user="OSMnx" version="1" changeset="1"><nd ref="6741865621" /><nd ref="9841067826" /><tag k="highway" v="tertiary" /><tag k="name" v="Road No 9" /><tag k="oneway" v="no" /></way><way id="565" timestamp="2026-03-11T21:52:02Z" uid="1" user="OSMnx" version="1" changeset="1"><nd ref="6741865624" /><nd ref="6741865653" /><tag k="highway" v="residential" /><tag k="oneway" v="no" /></way><way id="566" timestamp="2026-03-11T21:52:02Z" uid="1" user="OSMnx" version="1" changeset="1"><nd ref="6741865624" /><nd ref="9865801063" /><tag k="highway" v="residential" /><tag k="name" v="Maharana Pratap Road" /><tag k="oneway" v="no" /></way><way id="567" timestamp="2026-03-11T21:52:02Z" uid="1" user="OSMnx" version="1" changeset="1"><nd ref="6741865625" /><nd ref="9841067823" /><tag k="highway" v="tertiary" /><tag k="name" v="Saraswati Marg" /><tag k="oneway" v="no" /></way><way id="568" timestamp="2026-03-11T21:52:02Z" uid="1" user="OSMnx" version="1" changeset="1"><nd ref="6741865625" /><nd ref="9841067826" /><tag k="highway" v="residential" /><tag k="oneway" v="no" /></way><way id="569" timestamp="2026-03-11T21:52:02Z" uid="1" user="OSMnx" version="1" changeset="1"><nd ref="6741865628" /><nd ref="6751553071" /><tag k="highway" v="residential" /><tag k="oneway" v="no" /></way><way id="570" timestamp="2026-03-11T21:52:02Z" uid="1" user="OSMnx" version="1" changeset="1"><nd ref="6741865628" /><nd ref="943640357" /><tag k="highway" v="tertiary" /><tag k="name" v="Saraswati Marg" /><tag k="oneway" v="no" /></way><way id="571" timestamp="2026-03-11T21:52:02Z" uid="1" user="OSMnx" version="1" changeset="1"><nd ref="6741865634" /><nd ref="10598455897" /><tag k="highway" v="tertiary" /><tag k="name" v="Road No 9" /><tag k="oneway" v="no" /></way><way id="572" timestamp="2026-03-11T21:52:02Z" uid="1" user="OSMnx" version="1" changeset="1"><nd ref="6741865639" /><nd ref="6741865648" /><tag k="highway" v="residential" /><tag k="oneway" v="no" /></way><way id="573" timestamp="2026-03-11T21:52:02Z" uid="1" user="OSMnx" version="1" changeset="1"><nd ref="6741865639" /><nd ref="6622401081" /><tag k="highway" v="tertiary" /><tag k="name" v="Saraswati Marg" /><tag k="oneway" v="no" /></way><way id="574" timestamp="2026-03-11T21:52:02Z" uid="1" user="OSMnx" version="1" changeset="1"><nd ref="6741865640" /><nd ref="6741865620" /><tag k="highway" v="tertiary" /><tag k="name" v="Road No 9" /><tag k="oneway" v="no" /></way><way id="575" timestamp="2026-03-11T21:52:02Z" uid="1" user="OSMnx" version="1" changeset="1"><nd ref="6741865642" /><nd ref="6741865640" /><tag k="highway" v="tertiary" /><tag k="name" v="Road No 9" /><tag k="oneway" v="no" /></way><way id="576" timestamp="2026-03-11T21:52:02Z" uid="1" user="OSMnx" version="1" changeset="1"><nd ref="6741865648" /><nd ref="9181825071" /><tag k="highway" v="tertiary" /><tag k="name" v="Road No 9" /><tag k="oneway" v="no" /></way><way id="577" timestamp="2026-03-11T21:52:02Z" uid="1" user="OSMnx" version="1" changeset="1"><nd ref="6741865651" /><nd ref="6751553070" /><tag k="highway" v="residential" /><tag k="name" v="Gali Number 28" /><tag k="oneway" v="no" /></way><way id="578" timestamp="2026-03-11T21:52:02Z" uid="1" user="OSMnx" version="1" changeset="1"><nd ref="6741865651" /><nd ref="6741865628" /><tag k="highway" v="tertiary" /><tag k="name" v="Saraswati Marg" /><tag k="oneway" v="no" /></way><way id="579" timestamp="2026-03-11T21:52:02Z" uid="1" user="OSMnx" version="1" changeset="1"><nd ref="6741865652" /><nd ref="6751553069" /><tag k="highway" v="residential" /><tag k="oneway" v="no" /></way><way id="580" timestamp="2026-03-11T21:52:02Z" uid="1" user="OSMnx" version="1" changeset="1"><nd ref="6741865652" /><nd ref="6741865651" /><tag k="highway" v="tertiary" /><tag k="name" v="Saraswati Marg" /><tag k="oneway" v="no" /></way><way id="581" timestamp="2026-03-11T21:52:02Z" uid="1" user="OSMnx" version="1" changeset="1"><nd ref="6741865653" /><nd ref="9843177719" /><tag k="highway" v="tertiary" /><tag k="name" v="Saraswati Marg" /><tag k="oneway" v="no" /></way><way id="582" timestamp="2026-03-11T21:52:02Z" uid="1" user="OSMnx" version="1" changeset="1"><nd ref="6743318630" /><nd ref="943640790" /><tag k="highway" v="tertiary" /><tag k="name" v="Deshbandhu Gupta Road" /><tag k="oneway" v="no" /></way><way id="583" timestamp="2026-03-11T21:52:02Z" uid="1" user="OSMnx" version="1" changeset="1"><nd ref="6743318630" /><nd ref="943641171" /><tag k="highway" v="tertiary" /><tag k="name" v="Saraswati Marg" /><tag k="oneway" v="no" /></way><way id="584" timestamp="2026-03-11T21:52:02Z" uid="1" user="OSMnx" version="1" changeset="1"><nd ref="6743318632" /><nd ref="10598455899" /><tag k="highway" v="['tertiary', 'unclassified']" /><tag k="name" v="Saraswati Marg" /><tag k="oneway" v="no" /></way><way id="585" timestamp="2026-03-11T21:52:02Z" uid="1" user="OSMnx" version="1" changeset="1"><nd ref="6743318633" /><nd ref="6660003866" /><tag k="highway" v="residential" /><tag k="oneway" v="no" /></way><way id="586" timestamp="2026-03-11T21:52:02Z" uid="1" user="OSMnx" version="1" changeset="1"><nd ref="6743318633" /><nd ref="6751553050" /><tag k="highway" v="tertiary" /><tag k="name" v="Saraswati Marg" /><tag k="oneway" v="no" /></way><way id="587" timestamp="2026-03-11T21:52:02Z" uid="1" user="OSMnx" version="1" changeset="1"><nd ref="6743318634" /><nd ref="6751553058" /><tag k="highway" v="tertiary" /><tag k="name" v="Saraswati Marg" /><tag k="oneway" v="no" /></way><way id="588" timestamp="2026-03-11T21:52:02Z" uid="1" user="OSMnx" version="1" changeset="1"><nd ref="6743318634" /><nd ref="943640357" /><tag k="highway" v="tertiary" /><tag k="name" v="Bank Street" /><tag k="oneway" v="no" /></way><way id="589" timestamp="2026-03-11T21:52:02Z" uid="1" user="OSMnx" version="1" changeset="1"><nd ref="6743318636" /><nd ref="6622401081" /><tag k="highway" v="residential" /><tag k="oneway" v="no" /></way><way id="590" timestamp="2026-03-11T21:52:02Z" uid="1" user="OSMnx" version="1" changeset="1"><nd ref="6743318636" /><nd ref="6743318634" /><tag k="highway" v="tertiary" /><tag k="name" v="Saraswati Marg" /><tag k="oneway" v="no" /></way><way id="591" timestamp="2026-03-11T21:52:02Z" uid="1" user="OSMnx" version="1" changeset="1"><nd ref="6745216189" /><nd ref="6745216199" /><tag k="highway" v="residential" /><tag k="oneway" v="no" /></way><way id="592" timestamp="2026-03-11T21:52:02Z" uid="1" user="OSMnx" version="1" changeset="1"><nd ref="6745216191" /><nd ref="6745216189" /><tag k="highway" v="residential" /><tag k="oneway" v="no" /></way><way id="593" timestamp="2026-03-11T21:52:02Z" uid="1" user="OSMnx" version="1" changeset="1"><nd ref="6745216192" /><nd ref="6745216191" /><tag k="highway" v="residential" /><tag k="oneway" v="no" /></way><way id="594" timestamp="2026-03-11T21:52:02Z" uid="1" user="OSMnx" version="1" changeset="1"><nd ref="6745216192" /><nd ref="9720045968" /><tag k="highway" v="residential" /><tag k="oneway" v="no" /></way><way id="595" timestamp="2026-03-11T21:52:02Z" uid="1" user="OSMnx" version="1" changeset="1"><nd ref="6745216193" /><nd ref="11001192117" /><tag k="highway" v="residential" /><tag k="oneway" v="no" /></way><way id="596" timestamp="2026-03-11T21:52:02Z" uid="1" user="OSMnx" version="1" changeset="1"><nd ref="6745216198" /><nd ref="10274731620" /><tag k="highway" v="residential" /><tag k="oneway" v="no" /></way><way id="597" timestamp="2026-03-11T21:52:02Z" uid="1" user="OSMnx" version="1" changeset="1"><nd ref="6745216202" /><nd ref="6745216192" /><tag k="highway" v="residential" /><tag k="oneway" v="no" /></way><way id="598" timestamp="2026-03-11T21:52:02Z" uid="1" user="OSMnx" version="1" changeset="1"><nd ref="6745216202" /><nd ref="6745216191" /><tag k="highway" v="residential" /><tag k="oneway" v="no" /></way><way id="599" timestamp="2026-03-11T21:52:02Z" uid="1" user="OSMnx" version="1" changeset="1"><nd ref="6745216203" /><nd ref="6745216193" /><tag k="highway" v="residential" /><tag k="oneway" v="no" /></way><way id="600" timestamp="2026-03-11T21:52:02Z" uid="1" user="OSMnx" version="1" changeset="1"><nd ref="6745216203" /><nd ref="6745216198" /><tag k="highway" v="residential" /><tag k="oneway" v="no" /></way><way id="601" timestamp="2026-03-11T21:52:02Z" uid="1" user="OSMnx" version="1" changeset="1"><nd ref="6745216204" /><nd ref="9870147903" /><tag k="highway" v="residential" /><tag k="oneway" v="no" /></way><way id="602" timestamp="2026-03-11T21:52:02Z" uid="1" user="OSMnx" version="1" changeset="1"><nd ref="6745216204" /><nd ref="10274731621" /><tag k="highway" v="tertiary" /><tag k="name" v="Deshbandhu Gupta Road" /><tag k="oneway" v="no" /></way><way id="603" timestamp="2026-03-11T21:52:02Z" uid="1" user="OSMnx" version="1" changeset="1"><nd ref="6748887279" /><nd ref="9181766441" /><tag k="highway" v="tertiary" /><tag k="name" v="Guru Ravidas Marg" /><tag k="oneway" v="no" /></way><way id="604" timestamp="2026-03-11T21:52:02Z" uid="1" user="OSMnx" version="1" changeset="1"><nd ref="6748887279" /><nd ref="9869476840" /><tag k="highway" v="residential" /><tag k="oneway" v="no" /></way><way id="605" timestamp="2026-03-11T21:52:02Z" uid="1" user="OSMnx" version="1" changeset="1"><nd ref="6748887281" /><nd ref="9181815337" /><tag k="highway" v="tertiary" /><tag k="oneway" v="no" /></way><way id="606" timestamp="2026-03-11T21:52:02Z" uid="1" user="OSMnx" version="1" changeset="1"><nd ref="6748887281" /><nd ref="9870234668" /><tag k="highway" v="residential" /><tag k="oneway" v="no" /></way><way id="607" timestamp="2026-03-11T21:52:02Z" uid="1" user="OSMnx" version="1" changeset="1"><nd ref="6748887284" /><nd ref="9181825045" /><tag k="highway" v="tertiary" /><tag k="oneway" v="no" /></way><way id="608" timestamp="2026-03-11T21:52:02Z" uid="1" user="OSMnx" version="1" changeset="1"><nd ref="6748887284" /><nd ref="9870378954" /><tag k="highway" v="residential" /><tag k="oneway" v="no" /></way><way id="609" timestamp="2026-03-11T21:52:02Z" uid="1" user="OSMnx" version="1" changeset="1"><nd ref="6748936985" /><nd ref="12125899989" /><tag k="highway" v="residential" /><tag k="oneway" v="no" /></way><way id="610" timestamp="2026-03-11T21:52:02Z" uid="1" user="OSMnx" version="1" changeset="1"><nd ref="6748936985" /><nd ref="9181760520" /><tag k="highway" v="tertiary" /><tag k="name" v="Guru Ravidas Marg" /><tag k="oneway" v="no" /></way><way id="611" timestamp="2026-03-11T21:52:02Z" uid="1" user="OSMnx" version="1" changeset="1"><nd ref="6749273049" /><nd ref="943640566" /><tag k="highway" v="tertiary" /><tag k="lanes" v="4" /><tag k="name" v="Ramjas Road" /><tag k="oneway" v="no" /></way><way id="612" timestamp="2026-03-11T21:52:02Z" uid="1" user="OSMnx" version="1" changeset="1"><nd ref="6749273049" /><nd ref="2165769727" /><tag k="highway" v="residential" /><tag k="oneway" v="no" /></way><way id="613" timestamp="2026-03-11T21:52:02Z" uid="1" user="OSMnx" version="1" changeset="1"><nd ref="6749617092" /><nd ref="11518486171" /><tag k="highway" v="residential" /><tag k="name" v="Gali Number 2" /><tag k="oneway" v="no" /></way><way id="614" timestamp="2026-03-11T21:52:02Z" uid="1" user="OSMnx" version="1" changeset="1"><nd ref="6749617092" /><nd ref="9181759734" /><tag k="highway" v="residential" /><tag k="oneway" v="no" /></way><way id="615" timestamp="2026-03-11T21:52:02Z" uid="1" user="OSMnx" version="1" changeset="1"><nd ref="6749695629" /><nd ref="943684553" /><tag k="highway" v="residential" /><tag k="oneway" v="no" /></way><way id="616" timestamp="2026-03-11T21:52:02Z" uid="1" user="OSMnx" version="1" changeset="1"><nd ref="6751553045" /><nd ref="943640694" /><tag k="highway" v="tertiary" /><tag k="name" v="Ajmal Khan Road" /><tag k="oneway" v="no" /></way><way id="617" timestamp="2026-03-11T21:52:02Z" uid="1" user="OSMnx" version="1" changeset="1"><nd ref="6751553045" /><nd ref="9841145357" /><tag k="highway" v="residential" /><tag k="name" v="Gali Number 11" /><tag k="oneway" v="no" /></way><way id="618" timestamp="2026-03-11T21:52:02Z" uid="1" user="OSMnx" version="1" changeset="1"><nd ref="6751553046" /><nd ref="6743318632" /><tag k="highway" v="tertiary" /><tag k="name" v="Saraswati Marg" /><tag k="oneway" v="no" /></way><way id="619" timestamp="2026-03-11T21:52:02Z" uid="1" user="OSMnx" version="1" changeset="1"><nd ref="6751553046" /><nd ref="6751553045" /><tag k="highway" v="residential" /><tag k="name" v="Gali Number 17" /><tag k="oneway" v="no" /></way><way id="620" timestamp="2026-03-11T21:52:02Z" uid="1" user="OSMnx" version="1" changeset="1"><nd ref="6751553047" /><nd ref="6751553045" /><tag k="highway" v="tertiary" /><tag k="name" v="Ajmal Khan Road" /><tag k="oneway" v="no" /></way><way id="621" timestamp="2026-03-11T21:52:02Z" uid="1" user="OSMnx" version="1" changeset="1"><nd ref="6751553047" /><nd ref="9841145359" /><tag k="highway" v="residential" /><tag k="oneway" v="no" /></way><way id="622" timestamp="2026-03-11T21:52:02Z" uid="1" user="OSMnx" version="1" changeset="1"><nd ref="6751553048" /><nd ref="6751553046" /><tag k="highway" v="tertiary" /><tag k="name" v="Saraswati Marg" /><tag k="oneway" v="no" /></way><way id="623" timestamp="2026-03-11T21:52:02Z" uid="1" user="OSMnx" version="1" changeset="1"><nd ref="6751553048" /><nd ref="6751553047" /><tag k="highway" v="residential" /><tag k="oneway" v="no" /></way><way id="624" timestamp="2026-03-11T21:52:02Z" uid="1" user="OSMnx" version="1" changeset="1"><nd ref="6751553050" /><nd ref="6751553048" /><tag k="highway" v="tertiary" /><tag k="name" v="Saraswati Marg" /><tag k="oneway" v="no" /></way><way id="625" timestamp="2026-03-11T21:52:02Z" uid="1" user="OSMnx" version="1" changeset="1"><nd ref="6751553050" /><nd ref="9841145363" /><tag k="highway" v="residential" /><tag k="oneway" v="no" /></way><way id="626" timestamp="2026-03-11T21:52:02Z" uid="1" user="OSMnx" version="1" changeset="1"><nd ref="6751553051" /><nd ref="6660003866" /><tag k="highway" v="tertiary" /><tag k="name" v="Ajmal Khan Road" /><tag k="oneway" v="no" /></way><way id="627" timestamp="2026-03-11T21:52:02Z" uid="1" user="OSMnx" version="1" changeset="1"><nd ref="6751553052" /><nd ref="6743318633" /><tag k="highway" v="tertiary" /><tag k="name" v="Saraswati Marg" /><tag k="oneway" v="no" /></way><way id="628" timestamp="2026-03-11T21:52:02Z" uid="1" user="OSMnx" version="1" changeset="1"><nd ref="6751553052" /><nd ref="6751553051" /><tag k="highway" v="residential" /><tag k="oneway" v="no" /></way><way id="629" timestamp="2026-03-11T21:52:02Z" uid="1" user="OSMnx" version="1" changeset="1"><nd ref="6751553053" /><nd ref="6751553051" /><tag k="highway" v="tertiary" /><tag k="name" v="Ajmal Khan Road" /><tag k="oneway" v="no" /></way><way id="630" timestamp="2026-03-11T21:52:02Z" uid="1" user="OSMnx" version="1" changeset="1"><nd ref="6751553054" /><nd ref="6751553052" /><tag k="highway" v="tertiary" /><tag k="name" v="Saraswati Marg" /><tag k="oneway" v="no" /></way><way id="631" timestamp="2026-03-11T21:52:02Z" uid="1" user="OSMnx" version="1" changeset="1"><nd ref="6751553054" /><nd ref="6751553053" /><tag k="highway" v="residential" /><tag k="oneway" v="no" /></way><way id="632" timestamp="2026-03-11T21:52:02Z" uid="1" user="OSMnx" version="1" changeset="1"><nd ref="6751553055" /><nd ref="6751553053" /><tag k="highway" v="tertiary" /><tag k="name" v="Ajmal Khan Road" /><tag k="oneway" v="no" /></way><way id="633" timestamp="2026-03-11T21:52:02Z" uid="1" user="OSMnx" version="1" changeset="1"><nd ref="6751553056" /><nd ref="6751553054" /><tag k="highway" v="tertiary" /><tag k="name" v="Saraswati Marg" /><tag k="oneway" v="no" /></way><way id="634" timestamp="2026-03-11T21:52:02Z" uid="1" user="OSMnx" version="1" changeset="1"><nd ref="6751553056" /><nd ref="6751553055" /><tag k="highway" v="residential" /><tag k="oneway" v="no" /></way><way id="635" timestamp="2026-03-11T21:52:02Z" uid="1" user="OSMnx" version="1" changeset="1"><nd ref="6751553057" /><nd ref="6751553055" /><tag k="highway" v="tertiary" /><tag k="name" v="Ajmal Khan Road" /><tag k="oneway" v="no" /></way><way id="636" timestamp="2026-03-11T21:52:02Z" uid="1" user="OSMnx" version="1" changeset="1"><nd ref="6751553058" /><nd ref="6751553056" /><tag k="highway" v="tertiary" /><tag k="name" v="Saraswati Marg" /><tag k="oneway" v="no" /></way><way id="637" timestamp="2026-03-11T21:52:02Z" uid="1" user="OSMnx" version="1" changeset="1"><nd ref="6751553058" /><nd ref="6751553057" /><tag k="highway" v="residential" /><tag k="oneway" v="no" /></way><way id="638" timestamp="2026-03-11T21:52:02Z" uid="1" user="OSMnx" version="1" changeset="1"><nd ref="6751553059" /><nd ref="943641076" /><tag k="highway" v="tertiary" /><tag k="name" v="Hardhyan Singh Marg" /><tag k="oneway" v="no" /></way><way id="639" timestamp="2026-03-11T21:52:02Z" uid="1" user="OSMnx" version="1" changeset="1"><nd ref="6751553060" /><nd ref="6751553059" /><tag k="highway" v="residential" /><tag k="oneway" v="no" /></way><way id="640" timestamp="2026-03-11T21:52:02Z" uid="1" user="OSMnx" version="1" changeset="1"><nd ref="6751553060" /><nd ref="6751553072" /><tag k="highway" v="residential" /><tag k="oneway" v="no" /></way><way id="641" timestamp="2026-03-11T21:52:02Z" uid="1" user="OSMnx" version="1" changeset="1"><nd ref="6751553061" /><nd ref="6751553060" /><tag k="highway" v="residential" /><tag k="oneway" v="no" /></way><way id="642" timestamp="2026-03-11T21:52:02Z" uid="1" user="OSMnx" version="1" changeset="1"><nd ref="6751553061" /><nd ref="6751553074" /><tag k="highway" v="residential" /><tag k="oneway" v="no" /></way><way id="643" timestamp="2026-03-11T21:52:02Z" uid="1" user="OSMnx" version="1" changeset="1"><nd ref="6751553062" /><nd ref="6751553061" /><tag k="highway" v="residential" /><tag k="oneway" v="no" /></way><way id="644" timestamp="2026-03-11T21:52:02Z" uid="1" user="OSMnx" version="1" changeset="1"><nd ref="6751553062" /><nd ref="6751553076" /><tag k="highway" v="residential" /><tag k="oneway" v="no" /></way><way id="645" timestamp="2026-03-11T21:52:02Z" uid="1" user="OSMnx" version="1" changeset="1"><nd ref="6751553063" /><nd ref="6751553062" /><tag k="highway" v="residential" /><tag k="oneway" v="no" /></way><way id="646" timestamp="2026-03-11T21:52:02Z" uid="1" user="OSMnx" version="1" changeset="1"><nd ref="6751553063" /><nd ref="6751553078" /><tag k="highway" v="residential" /><tag k="oneway" v="no" /></way><way id="647" timestamp="2026-03-11T21:52:02Z" uid="1" user="OSMnx" version="1" changeset="1"><nd ref="6751553064" /><nd ref="6751553063" /><tag k="highway" v="residential" /><tag k="oneway" v="no" /></way><way id="648" timestamp="2026-03-11T21:52:02Z" uid="1" user="OSMnx" version="1" changeset="1"><nd ref="6751553064" /><nd ref="6751553080" /><tag k="highway" v="residential" /><tag k="oneway" v="no" /></way><way id="649" timestamp="2026-03-11T21:52:02Z" uid="1" user="OSMnx" version="1" changeset="1"><nd ref="6751553065" /><nd ref="6751553064" /><tag k="highway" v="residential" /><tag k="oneway" v="no" /></way><way id="650" timestamp="2026-03-11T21:52:02Z" uid="1" user="OSMnx" version="1" changeset="1"><nd ref="6751553065" /><nd ref="6660003867" /><tag k="highway" v="residential" /><tag k="oneway" v="no" /></way><way id="651" timestamp="2026-03-11T21:52:02Z" uid="1" user="OSMnx" version="1" changeset="1"><nd ref="6751553066" /><nd ref="6751553065" /><tag k="highway" v="residential" /><tag k="oneway" v="no" /></way><way id="652" timestamp="2026-03-11T21:52:02Z" uid="1" user="OSMnx" version="1" changeset="1"><nd ref="6751553066" /><nd ref="6751553084" /><tag k="highway" v="residential" /><tag k="oneway" v="no" /></way><way id="653" timestamp="2026-03-11T21:52:02Z" uid="1" user="OSMnx" version="1" changeset="1"><nd ref="6751553067" /><nd ref="6751553066" /><tag k="highway" v="residential" /><tag k="oneway" v="no" /></way><way id="654" timestamp="2026-03-11T21:52:02Z" uid="1" user="OSMnx" version="1" changeset="1"><nd ref="6751553067" /><nd ref="6751554086" /><tag k="highway" v="residential" /><tag k="oneway" v="no" /></way><way id="655" timestamp="2026-03-11T21:52:02Z" uid="1" user="OSMnx" version="1" changeset="1"><nd ref="6751553068" /><nd ref="6751553067" /><tag k="highway" v="residential" /><tag k="oneway" v="no" /></way><way id="656" timestamp="2026-03-11T21:52:02Z" uid="1" user="OSMnx" version="1" changeset="1"><nd ref="6751553068" /><nd ref="6751554088" /><tag k="highway" v="residential" /><tag k="oneway" v="no" /></way><way id="657" timestamp="2026-03-11T21:52:02Z" uid="1" user="OSMnx" version="1" changeset="1"><nd ref="6751553069" /><nd ref="6741865620" /><tag k="highway" v="residential" /><tag k="oneway" v="no" /></way><way id="658" timestamp="2026-03-11T21:52:02Z" uid="1" user="OSMnx" version="1" changeset="1"><nd ref="6751553069" /><nd ref="6751553068" /><tag k="highway" v="residential" /><tag k="oneway" v="no" /></way><way id="659" timestamp="2026-03-11T21:52:02Z" uid="1" user="OSMnx" version="1" changeset="1"><nd ref="6751553070" /><nd ref="6741865640" /><tag k="highway" v="residential" /><tag k="name" v="Gali Number 28" /><tag k="oneway" v="no" /></way><way id="660" timestamp="2026-03-11T21:52:02Z" uid="1" user="OSMnx" version="1" changeset="1"><nd ref="6751553070" /><nd ref="6751553069" /><tag k="highway" v="residential" /><tag k="oneway" v="no" /></way><way id="661" timestamp="2026-03-11T21:52:02Z" uid="1" user="OSMnx" version="1" changeset="1"><nd ref="6751553071" /><nd ref="6741865642" /><tag k="highway" v="residential" /><tag k="oneway" v="no" /></way><way id="662" timestamp="2026-03-11T21:52:02Z" uid="1" user="OSMnx" version="1" changeset="1"><nd ref="6751553071" /><nd ref="6751553070" /><tag k="highway" v="residential" /><tag k="oneway" v="no" /></way><way id="663" timestamp="2026-03-11T21:52:02Z" uid="1" user="OSMnx" version="1" changeset="1"><nd ref="6751553072" /><nd ref="6751553074" /><tag k="highway" v="tertiary" /><tag k="name" v="Saraswati Marg" /><tag k="oneway" v="no" /></way><way id="664" timestamp="2026-03-11T21:52:02Z" uid="1" user="OSMnx" version="1" changeset="1"><nd ref="6751553073" /><nd ref="6751553060" /><tag k="highway" v="residential" /><tag k="oneway" v="no" /></way><way id="665" timestamp="2026-03-11T21:52:02Z" uid="1" user="OSMnx" version="1" changeset="1"><nd ref="6751553073" /><nd ref="943640274" /><tag k="highway" v="tertiary" /><tag k="name" v="Road No 9" /><tag k="oneway" v="no" /></way><way id="666" timestamp="2026-03-11T21:52:02Z" uid="1" user="OSMnx" version="1" changeset="1"><nd ref="6751553074" /><nd ref="6751553076" /><tag k="highway" v="tertiary" /><tag k="name" v="Saraswati Marg" /><tag k="oneway" v="no" /></way><way id="667" timestamp="2026-03-11T21:52:02Z" uid="1" user="OSMnx" version="1" changeset="1"><nd ref="6751553075" /><nd ref="6751553061" /><tag k="highway" v="residential" /><tag k="oneway" v="no" /></way><way id="668" timestamp="2026-03-11T21:52:02Z" uid="1" user="OSMnx" version="1" changeset="1"><nd ref="6751553075" /><nd ref="6751553073" /><tag k="highway" v="tertiary" /><tag k="name" v="Road No 9" /><tag k="oneway" v="no" /></way><way id="669" timestamp="2026-03-11T21:52:02Z" uid="1" user="OSMnx" version="1" changeset="1"><nd ref="6751553076" /><nd ref="6751553078" /><tag k="highway" v="tertiary" /><tag k="name" v="Saraswati Marg" /><tag k="oneway" v="no" /></way><way id="670" timestamp="2026-03-11T21:52:02Z" uid="1" user="OSMnx" version="1" changeset="1"><nd ref="6751553077" /><nd ref="6751553062" /><tag k="highway" v="residential" /><tag k="oneway" v="no" /></way><way id="671" timestamp="2026-03-11T21:52:02Z" uid="1" user="OSMnx" version="1" changeset="1"><nd ref="6751553077" /><nd ref="9841067821" /><tag k="highway" v="tertiary" /><tag k="name" v="Road No 9" /><tag k="oneway" v="no" /></way><way id="672" timestamp="2026-03-11T21:52:02Z" uid="1" user="OSMnx" version="1" changeset="1"><nd ref="6751553078" /><nd ref="6751553080" /><tag k="highway" v="tertiary" /><tag k="name" v="Saraswati Marg" /><tag k="oneway" v="no" /></way><way id="673" timestamp="2026-03-11T21:52:02Z" uid="1" user="OSMnx" version="1" changeset="1"><nd ref="6751553079" /><nd ref="6751553077" /><tag k="highway" v="tertiary" /><tag k="name" v="Road No 9" /><tag k="oneway" v="no" /></way><way id="674" timestamp="2026-03-11T21:52:02Z" uid="1" user="OSMnx" version="1" changeset="1"><nd ref="6751553080" /><nd ref="6660003867" /><tag k="highway" v="tertiary" /><tag k="name" v="Saraswati Marg" /><tag k="oneway" v="no" /></way><way id="675" timestamp="2026-03-11T21:52:02Z" uid="1" user="OSMnx" version="1" changeset="1"><nd ref="6751553081" /><nd ref="6751553064" /><tag k="highway" v="residential" /><tag k="oneway" v="no" /></way><way id="676" timestamp="2026-03-11T21:52:02Z" uid="1" user="OSMnx" version="1" changeset="1"><nd ref="6751553081" /><nd ref="12137087554" /><tag k="highway" v="tertiary" /><tag k="name" v="Road No 9" /><tag k="oneway" v="no" /></way><way id="677" timestamp="2026-03-11T21:52:02Z" uid="1" user="OSMnx" version="1" changeset="1"><nd ref="6751553083" /><nd ref="6751553081" /><tag k="highway" v="tertiary" /><tag k="name" v="Road No 9" /><tag k="oneway" v="no" /></way><way id="678" timestamp="2026-03-11T21:52:02Z" uid="1" user="OSMnx" version="1" changeset="1"><nd ref="6751553083" /><nd ref="9181766452" /><tag k="highway" v="residential" /><tag k="oneway" v="no" /></way><way id="679" timestamp="2026-03-11T21:52:02Z" uid="1" user="OSMnx" version="1" changeset="1"><nd ref="6751553084" /><nd ref="6751554086" /><tag k="highway" v="tertiary" /><tag k="name" v="Saraswati Marg" /><tag k="oneway" v="no" /></way><way id="680" timestamp="2026-03-11T21:52:02Z" uid="1" user="OSMnx" version="1" changeset="1"><nd ref="6751554085" /><nd ref="6751553066" /><tag k="highway" v="residential" /><tag k="oneway" v="no" /></way><way id="681" timestamp="2026-03-11T21:52:02Z" uid="1" user="OSMnx" version="1" changeset="1"><nd ref="6751554085" /><nd ref="12137087551" /><tag k="highway" v="tertiary" /><tag k="name" v="Road No 9" /><tag k="oneway" v="no" /></way><way id="682" timestamp="2026-03-11T21:52:02Z" uid="1" user="OSMnx" version="1" changeset="1"><nd ref="6751554086" /><nd ref="6751554088" /><tag k="highway" v="tertiary" /><tag k="name" v="Saraswati Marg" /><tag k="oneway" v="no" /></way><way id="683" timestamp="2026-03-11T21:52:02Z" uid="1" user="OSMnx" version="1" changeset="1"><nd ref="6751554087" /><nd ref="6751553067" /><tag k="highway" v="residential" /><tag k="oneway" v="no" /></way><way id="684" timestamp="2026-03-11T21:52:02Z" uid="1" user="OSMnx" version="1" changeset="1"><nd ref="6751554087" /><nd ref="9181760528" /><tag k="highway" v="tertiary" /><tag k="name" v="Road No 9" /><tag k="oneway" v="no" /></way><way id="685" timestamp="2026-03-11T21:52:02Z" uid="1" user="OSMnx" version="1" changeset="1"><nd ref="6751554088" /><nd ref="6741865652" /><tag k="highway" v="tertiary" /><tag k="name" v="Saraswati Marg" /><tag k="oneway" v="no" /></way><way id="686" timestamp="2026-03-11T21:52:02Z" uid="1" user="OSMnx" version="1" changeset="1"><nd ref="6751554089" /><nd ref="6751553068" /><tag k="highway" v="residential" /><tag k="oneway" v="no" /></way><way id="687" timestamp="2026-03-11T21:52:02Z" uid="1" user="OSMnx" version="1" changeset="1"><nd ref="6751554089" /><nd ref="6751554087" /><tag k="highway" v="tertiary" /><tag k="name" v="Road No 9" /><tag k="oneway" v="no" /></way><way id="688" timestamp="2026-03-11T21:52:02Z" uid="1" user="OSMnx" version="1" changeset="1"><nd ref="6751554090" /><nd ref="6741865634" /><tag k="highway" v="tertiary" /><tag k="name" v="Road No 9" /><tag k="oneway" v="no" /></way><way id="689" timestamp="2026-03-11T21:52:02Z" uid="1" user="OSMnx" version="1" changeset="1"><nd ref="6751554091" /><nd ref="6751554093" /><tag k="highway" v="residential" /><tag k="name" v="Vishnu Mandir Marg" /><tag k="oneway" v="no" /></way><way id="690" timestamp="2026-03-11T21:52:02Z" uid="1" user="OSMnx" version="1" changeset="1"><nd ref="6751554091" /><nd ref="6751554090" /><tag k="highway" v="residential" /><tag k="oneway" v="no" /></way><way id="691" timestamp="2026-03-11T21:52:02Z" uid="1" user="OSMnx" version="1" changeset="1"><nd ref="6751554093" /><nd ref="6751554095" /><tag k="highway" v="residential" /><tag k="name" v="Vishnu Mandir Marg" /><tag k="oneway" v="no" /></way><way id="692" timestamp="2026-03-11T21:52:02Z" uid="1" user="OSMnx" version="1" changeset="1"><nd ref="6751554093" /><nd ref="6741865621" /><tag k="highway" v="residential" /><tag k="oneway" v="no" /></way><way id="693" timestamp="2026-03-11T21:52:02Z" uid="1" user="OSMnx" version="1" changeset="1"><nd ref="6751554094" /><nd ref="9841067825" /><tag k="highway" v="tertiary" /><tag k="name" v="Road No 9" /><tag k="oneway" v="no" /></way><way id="694" timestamp="2026-03-11T21:52:02Z" uid="1" user="OSMnx" version="1" changeset="1"><nd ref="6751554095" /><nd ref="6751554097" /><tag k="highway" v="residential" /><tag k="name" v="Vishnu Mandir Marg" /><tag k="oneway" v="no" /></way><way id="695" timestamp="2026-03-11T21:52:02Z" uid="1" user="OSMnx" version="1" changeset="1"><nd ref="6751554095" /><nd ref="6751554094" /><tag k="highway" v="residential" /><tag k="oneway" v="no" /></way><way id="696" timestamp="2026-03-11T21:52:02Z" uid="1" user="OSMnx" version="1" changeset="1"><nd ref="6751554096" /><nd ref="9841067827" /><tag k="highway" v="tertiary" /><tag k="name" v="Road No 9" /><tag k="oneway" v="no" /></way><way id="697" timestamp="2026-03-11T21:52:02Z" uid="1" user="OSMnx" version="1" changeset="1"><nd ref="6751554097" /><nd ref="6751554099" /><tag k="highway" v="residential" /><tag k="name" v="Vishnu Mandir Marg" /><tag k="oneway" v="no" /></way><way id="698" timestamp="2026-03-11T21:52:02Z" uid="1" user="OSMnx" version="1" changeset="1"><nd ref="6751554097" /><nd ref="6751554096" /><tag k="highway" v="residential" /><tag k="oneway" v="no" /></way><way id="699" timestamp="2026-03-11T21:52:02Z" uid="1" user="OSMnx" version="1" changeset="1"><nd ref="6751554098" /><nd ref="6751554096" /><tag k="highway" v="tertiary" /><tag k="name" v="Road No 9" /><tag k="oneway" v="no" /></way><way id="700" timestamp="2026-03-11T21:52:02Z" uid="1" user="OSMnx" version="1" changeset="1"><nd ref="6751554099" /><nd ref="6751554101" /><tag k="highway" v="residential" /><tag k="name" v="Vishnu Mandir Marg" /><tag k="oneway" v="no" /></way><way id="701" timestamp="2026-03-11T21:52:02Z" uid="1" user="OSMnx" version="1" changeset="1"><nd ref="6751554099" /><nd ref="6751554098" /><tag k="highway" v="residential" /><tag k="oneway" v="no" /></way><way id="702" timestamp="2026-03-11T21:52:02Z" uid="1" user="OSMnx" version="1" changeset="1"><nd ref="6751554100" /><nd ref="9841067833" /><tag k="highway" v="residential" /><tag k="oneway" v="no" /></way><way id="703" timestamp="2026-03-11T21:52:02Z" uid="1" user="OSMnx" version="1" changeset="1"><nd ref="6751554100" /><nd ref="6751554098" /><tag k="highway" v="tertiary" /><tag k="name" v="Road No 9" /><tag k="oneway" v="no" /></way><way id="704" timestamp="2026-03-11T21:52:02Z" uid="1" user="OSMnx" version="1" changeset="1"><nd ref="6751554101" /><nd ref="1869899507" /><tag k="highway" v="residential" /><tag k="name" v="Vishnu Mandir Marg" /><tag k="oneway" v="no" /></way><way id="705" timestamp="2026-03-11T21:52:02Z" uid="1" user="OSMnx" version="1" changeset="1"><nd ref="6751554101" /><nd ref="6751554100" /><tag k="highway" v="residential" /><tag k="oneway" v="no" /></way><way id="706" timestamp="2026-03-11T21:52:02Z" uid="1" user="OSMnx" version="1" changeset="1"><nd ref="6757496042" /><nd ref="9870214353" /><tag k="highway" v="residential" /><tag k="oneway" v="no" /></way><way id="707" timestamp="2026-03-11T21:52:02Z" uid="1" user="OSMnx" version="1" changeset="1"><nd ref="6757496042" /><nd ref="9870272223" /><tag k="highway" v="tertiary" /><tag k="oneway" v="no" /></way><way id="708" timestamp="2026-03-11T21:52:02Z" uid="1" user="OSMnx" version="1" changeset="1"><nd ref="6758962542" /><nd ref="9865801081" /><tag k="highway" v="tertiary" /><tag k="name" v="Guru Ravi Das Marg" /><tag k="oneway" v="no" /></way><way id="709" timestamp="2026-03-11T21:52:02Z" uid="1" user="OSMnx" version="1" changeset="1"><nd ref="6758962542" /><nd ref="9865894448" /><tag k="highway" v="residential" /><tag k="oneway" v="no" /></way><way id="710" timestamp="2026-03-11T21:52:02Z" uid="1" user="OSMnx" version="1" changeset="1"><nd ref="6758962543" /><nd ref="9865797799" /><tag k="highway" v="tertiary" /><tag k="oneway" v="no" /></way><way id="711" timestamp="2026-03-11T21:52:02Z" uid="1" user="OSMnx" version="1" changeset="1"><nd ref="6758962543" /><nd ref="9865894426" /><tag k="highway" v="residential" /><tag k="oneway" v="no" /></way><way id="712" timestamp="2026-03-11T21:52:02Z" uid="1" user="OSMnx" version="1" changeset="1"><nd ref="6884962293" /><nd ref="9869476825" /><tag k="highway" v="tertiary" /><tag k="oneway" v="no" /></way><way id="713" timestamp="2026-03-11T21:52:02Z" uid="1" user="OSMnx" version="1" changeset="1"><nd ref="6884962299" /><nd ref="6884962300" /><tag k="highway" v="tertiary" /><tag k="oneway" v="no" /></way><way id="714" timestamp="2026-03-11T21:52:02Z" uid="1" user="OSMnx" version="1" changeset="1"><nd ref="6884962299" /><nd ref="10598455898" /><tag k="highway" v="tertiary" /><tag k="oneway" v="no" /></way><way id="715" timestamp="2026-03-11T21:52:02Z" uid="1" user="OSMnx" version="1" changeset="1"><nd ref="6884962300" /><nd ref="6884962304" /><tag k="highway" v="tertiary" /><tag k="oneway" v="no" /></way><way id="716" timestamp="2026-03-11T21:52:02Z" uid="1" user="OSMnx" version="1" changeset="1"><nd ref="6884962304" /><nd ref="9865681675" /><tag k="highway" v="tertiary" /><tag k="name" v="Ram Kishan Dass Road" /><tag k="oneway" v="no" /></way><way id="717" timestamp="2026-03-11T21:52:02Z" uid="1" user="OSMnx" version="1" changeset="1"><nd ref="6884962304" /><nd ref="6884962306" /><tag k="highway" v="tertiary" /><tag k="oneway" v="no" /></way><way id="718" timestamp="2026-03-11T21:52:02Z" uid="1" user="OSMnx" version="1" changeset="1"><nd ref="6884962306" /><nd ref="9869785931" /><tag k="highway" v="tertiary" /><tag k="oneway" v="no" /></way><way id="719" timestamp="2026-03-11T21:52:02Z" uid="1" user="OSMnx" version="1" changeset="1"><nd ref="6935777986" /><nd ref="6935777999" /><tag k="highway" v="residential" /><tag k="name" v="Maharana Pratap Road" /><tag k="oneway" v="no" /></way><way id="720" timestamp="2026-03-11T21:52:02Z" uid="1" user="OSMnx" version="1" changeset="1"><nd ref="6935777986" /><nd ref="943640416" /><tag k="highway" v="residential" /><tag k="oneway" v="no" /></way><way id="721" timestamp="2026-03-11T21:52:02Z" uid="1" user="OSMnx" version="1" changeset="1"><nd ref="6935777991" /><nd ref="6935777986" /><tag k="highway" v="residential" /><tag k="name" v="Maharana Pratap Road" /><tag k="oneway" v="no" /></way><way id="722" timestamp="2026-03-11T21:52:02Z" uid="1" user="OSMnx" version="1" changeset="1"><nd ref="6935777991" /><nd ref="943640569" /><tag k="highway" v="residential" /><tag k="oneway" v="no" /></way><way id="723" timestamp="2026-03-11T21:52:02Z" uid="1" user="OSMnx" version="1" changeset="1"><nd ref="6935777994" /><nd ref="6935777991" /><tag k="highway" v="residential" /><tag k="name" v="Maharana Pratap Road" /><tag k="oneway" v="no" /></way><way id="724" timestamp="2026-03-11T21:52:02Z" uid="1" user="OSMnx" version="1" changeset="1"><nd ref="6935777994" /><nd ref="943640787" /><tag k="highway" v="residential" /><tag k="oneway" v="no" /></way><way id="725" timestamp="2026-03-11T21:52:02Z" uid="1" user="OSMnx" version="1" changeset="1"><nd ref="6935777999" /><nd ref="9865797789" /><tag k="highway" v="residential" /><tag k="name" v="Maharana Pratap Road" /><tag k="oneway" v="no" /></way><way id="726" timestamp="2026-03-11T21:52:02Z" uid="1" user="OSMnx" version="1" changeset="1"><nd ref="6935777999" /><nd ref="9865801024" /><tag k="highway" v="tertiary" /><tag k="name" v="Shikha Road" /><tag k="oneway" v="no" /></way><way id="727" timestamp="2026-03-11T21:52:02Z" uid="1" user="OSMnx" version="1" changeset="1"><nd ref="6998001694" /><nd ref="1869899503" /><tag k="highway" v="tertiary" /><tag k="name" v="Bank Street" /><tag k="oneway" v="no" /></way><way id="728" timestamp="2026-03-11T21:52:02Z" uid="1" user="OSMnx" version="1" changeset="1"><nd ref="6998001694" /><nd ref="9843077195" /><tag k="highway" v="tertiary" /><tag k="oneway" v="no" /></way><way id="729" timestamp="2026-03-11T21:52:02Z" uid="1" user="OSMnx" version="1" changeset="1"><nd ref="6998001695" /><nd ref="9843077194" /><tag k="highway" v="tertiary" /><tag k="oneway" v="no" /></way><way id="730" timestamp="2026-03-11T21:52:02Z" uid="1" user="OSMnx" version="1" changeset="1"><nd ref="7223095400" /><nd ref="7223095399" /><tag k="highway" v="residential" /><tag k="oneway" v="no" /></way><way id="731" timestamp="2026-03-11T21:52:02Z" uid="1" user="OSMnx" version="1" changeset="1"><nd ref="7223095400" /><nd ref="6645841980" /><tag k="highway" v="residential" /><tag k="name" v="Ramjas Road" /><tag k="oneway" v="no" /></way><way id="732" timestamp="2026-03-11T21:52:02Z" uid="1" user="OSMnx" version="1" changeset="1"><nd ref="7223095401" /><nd ref="7223095400" /><tag k="highway" v="residential" /><tag k="oneway" v="no" /></way><way id="733" timestamp="2026-03-11T21:52:02Z" uid="1" user="OSMnx" version="1" changeset="1"><nd ref="7223095401" /><nd ref="943640980" /><tag k="highway" v="tertiary" /><tag k="name" v="Maharana Pratap Road" /><tag k="oneway" v="no" /></way><way id="734" timestamp="2026-03-11T21:52:02Z" uid="1" user="OSMnx" version="1" changeset="1"><nd ref="9181739602" /><nd ref="9181766434" /><tag k="highway" v="tertiary" /><tag k="name" v="Guru Ravidas Marg" /><tag k="oneway" v="no" /></way><way id="735" timestamp="2026-03-11T21:52:02Z" uid="1" user="OSMnx" version="1" changeset="1"><nd ref="9181739602" /><nd ref="9869476847" /><tag k="highway" v="residential" /><tag k="oneway" v="no" /></way><way id="736" timestamp="2026-03-11T21:52:02Z" uid="1" user="OSMnx" version="1" changeset="1"><nd ref="9181739606" /><nd ref="9181739608" /><tag k="highway" v="residential" /><tag k="oneway" v="no" /></way><way id="737" timestamp="2026-03-11T21:52:02Z" uid="1" user="OSMnx" version="1" changeset="1"><nd ref="9181739606" /><nd ref="9181825055" /><tag k="highway" v="tertiary" /><tag k="name" v="Prabhat Road" /><tag k="oneway" v="no" /></way><way id="738" timestamp="2026-03-11T21:52:02Z" uid="1" user="OSMnx" version="1" changeset="1"><nd ref="9181739608" /><nd ref="9181766452" /><tag k="highway" v="residential" /><tag k="name" v="Vishnu Mandir Marg" /><tag k="oneway" v="no" /></way><way id="739" timestamp="2026-03-11T21:52:02Z" uid="1" user="OSMnx" version="1" changeset="1"><nd ref="9181739608" /><nd ref="6751553079" /><tag k="highway" v="residential" /><tag k="oneway" v="no" /></way><way id="740" timestamp="2026-03-11T21:52:02Z" uid="1" user="OSMnx" version="1" changeset="1"><nd ref="9181739611" /><nd ref="9181739616" /><tag k="highway" v="tertiary" /><tag k="oneway" v="no" /></way><way id="741" timestamp="2026-03-11T21:52:02Z" uid="1" user="OSMnx" version="1" changeset="1"><nd ref="9181739611" /><nd ref="9870214369" /><tag k="highway" v="residential" /><tag k="oneway" v="no" /></way><way id="742" timestamp="2026-03-11T21:52:02Z" uid="1" user="OSMnx" version="1" changeset="1"><nd ref="9181739615" /><nd ref="9181766445" /><tag k="highway" v="tertiary" /><tag k="name" v="Ganga Mandir Marg" /><tag k="oneway" v="no" /></way><way id="743" timestamp="2026-03-11T21:52:02Z" uid="1" user="OSMnx" version="1" changeset="1"><nd ref="9181739615" /><nd ref="6751554095" /><tag k="highway" v="residential" /><tag k="oneway" v="no" /></way><way id="744" timestamp="2026-03-11T21:52:02Z" uid="1" user="OSMnx" version="1" changeset="1"><nd ref="9181739616" /><nd ref="1869899519" /><tag k="highway" v="tertiary" /><tag k="oneway" v="no" /></way><way id="745" timestamp="2026-03-11T21:52:02Z" uid="1" user="OSMnx" version="1" changeset="1"><nd ref="9181739616" /><nd ref="9181766417" /><tag k="highway" v="residential" /><tag k="oneway" v="no" /></way><way id="746" timestamp="2026-03-11T21:52:02Z" uid="1" user="OSMnx" version="1" changeset="1"><nd ref="9181740496" /><nd ref="915472401" /><tag k="highway" v="primary" /><tag k="name" v="New Rohtak Road" /><tag k="oneway" v="no" /></way><way id="747" timestamp="2026-03-11T21:52:02Z" uid="1" user="OSMnx" version="1" changeset="1"><nd ref="9181740496" /><nd ref="9181740499" /><tag k="highway" v="residential" /><tag k="oneway" v="no" /></way><way id="748" timestamp="2026-03-11T21:52:02Z" uid="1" user="OSMnx" version="1" changeset="1"><nd ref="9181740499" /><nd ref="915472401" /><tag k="highway" v="tertiary" /><tag k="name" v="Joshi Road" /><tag k="oneway" v="no" /></way><way id="749" timestamp="2026-03-11T21:52:02Z" uid="1" user="OSMnx" version="1" changeset="1"><nd ref="9181740500" /><nd ref="943640712" /><tag k="highway" v="tertiary" /><tag k="name" v="Faiz Road" /><tag k="oneway" v="no" /></way><way id="750" timestamp="2026-03-11T21:52:02Z" uid="1" user="OSMnx" version="1" changeset="1"><nd ref="9181740500" /><nd ref="9181740502" /><tag k="highway" v="residential" /><tag k="oneway" v="no" /></way><way id="751" timestamp="2026-03-11T21:52:02Z" uid="1" user="OSMnx" version="1" changeset="1"><nd ref="9181740502" /><nd ref="9181740499" /><tag k="highway" v="tertiary" /><tag k="name" v="Joshi Road" /><tag k="oneway" v="no" /></way><way id="752" timestamp="2026-03-11T21:52:02Z" uid="1" user="OSMnx" version="1" changeset="1"><nd ref="9181751827" /><nd ref="943684505" /><tag k="highway" v="residential" /><tag k="oneway" v="no" /></way><way id="753" timestamp="2026-03-11T21:52:02Z" uid="1" user="OSMnx" version="1" changeset="1"><nd ref="9181751827" /><nd ref="9181751829" /><tag k="highway" v="residential" /><tag k="oneway" v="no" /></way><way id="754" timestamp="2026-03-11T21:52:02Z" uid="1" user="OSMnx" version="1" changeset="1"><nd ref="9181751829" /><nd ref="943640724" /><tag k="highway" v="primary" /><tag k="name" v="New Rohtak Road" /><tag k="oneway" v="no" /></way><way id="755" timestamp="2026-03-11T21:52:02Z" uid="1" user="OSMnx" version="1" changeset="1"><nd ref="9181751830" /><nd ref="6560391243" /><tag k="highway" v="tertiary" /><tag k="name" v="Gautam Road" /><tag k="oneway" v="no" /></way><way id="756" timestamp="2026-03-11T21:52:02Z" uid="1" user="OSMnx" version="1" changeset="1"><nd ref="9181751830" /><nd ref="9181751831" /><tag k="highway" v="residential" /><tag k="oneway" v="no" /></way><way id="757" timestamp="2026-03-11T21:52:02Z" uid="1" user="OSMnx" version="1" changeset="1"><nd ref="9181751831" /><nd ref="9181751833" /><tag k="highway" v="residential" /><tag k="name" v="Raja Lane" /><tag k="oneway" v="no" /></way><way id="758" timestamp="2026-03-11T21:52:02Z" uid="1" user="OSMnx" version="1" changeset="1"><nd ref="9181751833" /><nd ref="9181751835" /><tag k="highway" v="residential" /><tag k="name" v="Raja Lane" /><tag k="oneway" v="no" /></way><way id="759" timestamp="2026-03-11T21:52:02Z" uid="1" user="OSMnx" version="1" changeset="1"><nd ref="9181751835" /><nd ref="943640619" /><tag k="highway" v="primary" /><tag k="name" v="New Rohtak Road" /><tag k="oneway" v="no" /></way><way id="760" timestamp="2026-03-11T21:52:02Z" uid="1" user="OSMnx" version="1" changeset="1"><nd ref="9181751836" /><nd ref="9181751830" /><tag k="highway" v="tertiary" /><tag k="name" v="Gautam Road" /><tag k="oneway" v="no" /></way><way id="761" timestamp="2026-03-11T21:52:02Z" uid="1" user="OSMnx" version="1" changeset="1"><nd ref="9181751836" /><nd ref="9181751837" /><tag k="highway" v="residential" /><tag k="oneway" v="no" /></way><way id="762" timestamp="2026-03-11T21:52:02Z" uid="1" user="OSMnx" version="1" changeset="1"><nd ref="9181751837" /><nd ref="9181751842" /><tag k="highway" v="residential" /><tag k="oneway" v="no" /></way><way id="763" timestamp="2026-03-11T21:52:02Z" uid="1" user="OSMnx" version="1" changeset="1"><nd ref="9181751837" /><nd ref="9880375230" /><tag k="highway" v="residential" /><tag k="oneway" v="no" /></way><way id="764" timestamp="2026-03-11T21:52:02Z" uid="1" user="OSMnx" version="1" changeset="1"><nd ref="9181759732" /><nd ref="9181759734" /><tag k="highway" v="residential" /><tag k="oneway" v="no" /></way><way id="765" timestamp="2026-03-11T21:52:02Z" uid="1" user="OSMnx" version="1" changeset="1"><nd ref="9181759734" /><nd ref="9181751837" /><tag k="highway" v="residential" /><tag k="oneway" v="no" /></way><way id="766" timestamp="2026-03-11T21:52:02Z" uid="1" user="OSMnx" version="1" changeset="1"><nd ref="9181759794" /><nd ref="9882537761" /><tag k="highway" v="tertiary" /><tag k="oneway" v="no" /></way><way id="767" timestamp="2026-03-11T21:52:02Z" uid="1" user="OSMnx" version="1" changeset="1"><nd ref="9181759803" /><nd ref="12994427617" /><tag k="highway" v="residential" /><tag k="oneway" v="no" /></way><way id="768" timestamp="2026-03-11T21:52:02Z" uid="1" user="OSMnx" version="1" changeset="1"><nd ref="9181759803" /><nd ref="943641257" /><tag k="highway" v="tertiary" /><tag k="name" v="Ajmal Khan Road" /><tag k="oneway" v="no" /></way><way id="769" timestamp="2026-03-11T21:52:02Z" uid="1" user="OSMnx" version="1" changeset="1"><nd ref="9181759806" /><nd ref="6643017371" /><tag k="highway" v="tertiary" /><tag k="name" v="Joshi Road" /><tag k="oneway" v="no" /></way><way id="770" timestamp="2026-03-11T21:52:02Z" uid="1" user="OSMnx" version="1" changeset="1"><nd ref="9181759806" /><nd ref="9181759807" /><tag k="highway" v="residential" /><tag k="oneway" v="no" /></way><way id="771" timestamp="2026-03-11T21:52:02Z" uid="1" user="OSMnx" version="1" changeset="1"><nd ref="9181759807" /><nd ref="9181759812" /><tag k="highway" v="tertiary" /><tag k="name" v="Faiz Road" /><tag k="oneway" v="no" /></way><way id="772" timestamp="2026-03-11T21:52:02Z" uid="1" user="OSMnx" version="1" changeset="1"><nd ref="9181759808" /><nd ref="9181759809" /><tag k="highway" v="living_street" /><tag k="oneway" v="no" /></way><way id="773" timestamp="2026-03-11T21:52:02Z" uid="1" user="OSMnx" version="1" changeset="1"><nd ref="9181759808" /><nd ref="9181759806" /><tag k="highway" v="tertiary" /><tag k="name" v="Joshi Road" /><tag k="oneway" v="no" /></way><way id="774" timestamp="2026-03-11T21:52:02Z" uid="1" user="OSMnx" version="1" changeset="1"><nd ref="9181759809" /><nd ref="9181759807" /><tag k="highway" v="tertiary" /><tag k="name" v="Faiz Road" /><tag k="oneway" v="no" /></way><way id="775" timestamp="2026-03-11T21:52:02Z" uid="1" user="OSMnx" version="1" changeset="1"><nd ref="9181759811" /><nd ref="6643017369" /><tag k="highway" v="tertiary" /><tag k="name" v="Joshi Road" /><tag k="oneway" v="no" /></way><way id="776" timestamp="2026-03-11T21:52:02Z" uid="1" user="OSMnx" version="1" changeset="1"><nd ref="9181759811" /><nd ref="9181759812" /><tag k="highway" v="residential" /><tag k="name" v="Gali Number 7" /><tag k="oneway" v="no" /></way><way id="777" timestamp="2026-03-11T21:52:02Z" uid="1" user="OSMnx" version="1" changeset="1"><nd ref="9181759812" /><nd ref="6643017375" /><tag k="highway" v="tertiary" /><tag k="name" v="Faiz Road" /><tag k="oneway" v="no" /></way><way id="778" timestamp="2026-03-11T21:52:02Z" uid="1" user="OSMnx" version="1" changeset="1"><nd ref="9181759816" /><nd ref="943640668" /><tag k="highway" v="residential" /><tag k="name" v="Vishnu Mandir Marg" /><tag k="oneway" v="no" /></way><way id="779" timestamp="2026-03-11T21:52:02Z" uid="1" user="OSMnx" version="1" changeset="1"><nd ref="9181759816" /><nd ref="9181760517" /><tag k="highway" v="residential" /><tag k="oneway" v="no" /></way><way id="780" timestamp="2026-03-11T21:52:02Z" uid="1" user="OSMnx" version="1" changeset="1"><nd ref="9181760517" /><nd ref="9181825058" /><tag k="highway" v="tertiary" /><tag k="name" v="Prabhat Road" /><tag k="oneway" v="no" /></way><way id="781" timestamp="2026-03-11T21:52:02Z" uid="1" user="OSMnx" version="1" changeset="1"><nd ref="9181760520" /><nd ref="9870234669" /><tag k="highway" v="tertiary" /><tag k="name" v="Guru Ravidas Marg" /><tag k="oneway" v="no" /></way><way id="782" timestamp="2026-03-11T21:52:02Z" uid="1" user="OSMnx" version="1" changeset="1"><nd ref="9181760525" /><nd ref="9181825062" /><tag k="highway" v="tertiary" /><tag k="name" v="Prabhat Road" /><tag k="oneway" v="no" /></way><way id="783" timestamp="2026-03-11T21:52:02Z" uid="1" user="OSMnx" version="1" changeset="1"><nd ref="9181760525" /><nd ref="9181760527" /><tag k="highway" v="residential" /><tag k="name" v="Street No. 3" /><tag k="oneway" v="no" /></way><way id="784" timestamp="2026-03-11T21:52:02Z" uid="1" user="OSMnx" version="1" changeset="1"><nd ref="9181760527" /><nd ref="6622401080" /><tag k="highway" v="residential" /><tag k="oneway" v="no" /></way><way id="785" timestamp="2026-03-11T21:52:02Z" uid="1" user="OSMnx" version="1" changeset="1"><nd ref="9181760527" /><nd ref="9181825069" /><tag k="highway" v="residential" /><tag k="name" v="Vishnu Mandir Marg" /><tag k="oneway" v="no" /></way><way id="786" timestamp="2026-03-11T21:52:02Z" uid="1" user="OSMnx" version="1" changeset="1"><nd ref="9181760528" /><nd ref="6751554085" /><tag k="highway" v="tertiary" /><tag k="name" v="Road No 9" /><tag k="oneway" v="no" /></way><way id="787" timestamp="2026-03-11T21:52:02Z" uid="1" user="OSMnx" version="1" changeset="1"><nd ref="9181760528" /><nd ref="9181760531" /><tag k="highway" v="residential" /><tag k="oneway" v="no" /></way><way id="788" timestamp="2026-03-11T21:52:02Z" uid="1" user="OSMnx" version="1" changeset="1"><nd ref="9181760531" /><nd ref="9181825059" /><tag k="highway" v="residential" /><tag k="name" v="Vishnu Mandir Marg" /><tag k="oneway" v="no" /></way><way id="789" timestamp="2026-03-11T21:52:02Z" uid="1" user="OSMnx" version="1" changeset="1"><nd ref="9181760531" /><nd ref="9181760533" /><tag k="highway" v="residential" /><tag k="oneway" v="no" /></way><way id="790" timestamp="2026-03-11T21:52:02Z" uid="1" user="OSMnx" version="1" changeset="1"><nd ref="9181760533" /><nd ref="9869476844" /><tag k="highway" v="residential" /><tag k="oneway" v="no" /></way><way id="791" timestamp="2026-03-11T21:52:02Z" uid="1" user="OSMnx" version="1" changeset="1"><nd ref="9181760533" /><nd ref="9181760541" /><tag k="highway" v="tertiary" /><tag k="name" v="Prabhat Road" /><tag k="oneway" v="no" /></way><way id="792" timestamp="2026-03-11T21:52:02Z" uid="1" user="OSMnx" version="1" changeset="1"><nd ref="9181760541" /><nd ref="9181825057" /><tag k="highway" v="residential" /><tag k="oneway" v="no" /></way><way id="793" timestamp="2026-03-11T21:52:02Z" uid="1" user="OSMnx" version="1" changeset="1"><nd ref="9181760541" /><nd ref="12137525961" /><tag k="highway" v="tertiary" /><tag k="name" v="Prabhat Road" /><tag k="oneway" v="no" /></way><way id="794" timestamp="2026-03-11T21:52:02Z" uid="1" user="OSMnx" version="1" changeset="1"><nd ref="9181760541" /><nd ref="9869476845" /><tag k="highway" v="residential" /><tag k="oneway" v="no" /></way><way id="795" timestamp="2026-03-11T21:52:02Z" uid="1" user="OSMnx" version="1" changeset="1"><nd ref="9181760544" /><nd ref="9870378961" /><tag k="highway" v="residential" /><tag k="oneway" v="no" /></way><way id="796" timestamp="2026-03-11T21:52:02Z" uid="1" user="OSMnx" version="1" changeset="1"><nd ref="9181760544" /><nd ref="9181815339" /><tag k="highway" v="tertiary" /><tag k="name" v="Guru Nanak Marg" /><tag k="oneway" v="no" /></way><way id="797" timestamp="2026-03-11T21:52:02Z" uid="1" user="OSMnx" version="1" changeset="1"><nd ref="9181760546" /><nd ref="9181760551" /><tag k="highway" v="tertiary" /><tag k="oneway" v="no" /></way><way id="798" timestamp="2026-03-11T21:52:02Z" uid="1" user="OSMnx" version="1" changeset="1"><nd ref="9181760546" /><nd ref="11510496644" /><tag k="highway" v="residential" /><tag k="oneway" v="no" /></way><way id="799" timestamp="2026-03-11T21:52:02Z" uid="1" user="OSMnx" version="1" changeset="1"><nd ref="9181760548" /><nd ref="11510536489" /><tag k="highway" v="residential" /><tag k="oneway" v="no" /></way><way id="800" timestamp="2026-03-11T21:52:02Z" uid="1" user="OSMnx" version="1" changeset="1"><nd ref="9181760551" /><nd ref="9870272223" /><tag k="highway" v="residential" /><tag k="oneway" v="no" /></way><way id="801" timestamp="2026-03-11T21:52:02Z" uid="1" user="OSMnx" version="1" changeset="1"><nd ref="9181760551" /><nd ref="943640695" /><tag k="highway" v="tertiary" /><tag k="oneway" v="no" /></way><way id="802" timestamp="2026-03-11T21:52:02Z" uid="1" user="OSMnx" version="1" changeset="1"><nd ref="9181760554" /><nd ref="9870378961" /><tag k="highway" v="tertiary" /><tag k="oneway" v="no" /></way><way id="803" timestamp="2026-03-11T21:52:02Z" uid="1" user="OSMnx" version="1" changeset="1"><nd ref="9181760554" /><nd ref="9181760556" /><tag k="highway" v="residential" /><tag k="oneway" v="no" /></way><way id="804" timestamp="2026-03-11T21:52:02Z" uid="1" user="OSMnx" version="1" changeset="1"><nd ref="9181760556" /><nd ref="6395604905" /><tag k="highway" v="tertiary" /><tag k="oneway" v="no" /></way><way id="805" timestamp="2026-03-11T21:52:02Z" uid="1" user="OSMnx" version="1" changeset="1"><nd ref="9181760584" /><nd ref="309642520" /><tag k="highway" v="tertiary" /><tag k="oneway" v="no" /></way><way id="806" timestamp="2026-03-11T21:52:02Z" uid="1" user="OSMnx" version="1" changeset="1"><nd ref="9181760591" /><nd ref="9720045967" /><tag k="highway" v="residential" /><tag k="oneway" v="no" /></way><way id="807" timestamp="2026-03-11T21:52:02Z" uid="1" user="OSMnx" version="1" changeset="1"><nd ref="9181760591" /><nd ref="9181760593" /><tag k="highway" v="residential" /><tag k="oneway" v="no" /></way><way id="808" timestamp="2026-03-11T21:52:02Z" uid="1" user="OSMnx" version="1" changeset="1"><nd ref="9181760593" /><nd ref="11001192117" /><tag k="highway" v="residential" /><tag k="oneway" v="no" /></way><way id="809" timestamp="2026-03-11T21:52:02Z" uid="1" user="OSMnx" version="1" changeset="1"><nd ref="9181764109" /><nd ref="9181815335" /><tag k="highway" v="tertiary" /><tag k="oneway" v="no" /></way><way id="810" timestamp="2026-03-11T21:52:02Z" uid="1" user="OSMnx" version="1" changeset="1"><nd ref="9181764109" /><nd ref="9870214367" /><tag k="highway" v="residential" /><tag k="oneway" v="no" /></way><way id="811" timestamp="2026-03-11T21:52:02Z" uid="1" user="OSMnx" version="1" changeset="1"><nd ref="9181764111" /><nd ref="9870214367" /><tag k="highway" v="tertiary" /><tag k="oneway" v="no" /></way><way id="812" timestamp="2026-03-11T21:52:02Z" uid="1" user="OSMnx" version="1" changeset="1"><nd ref="9181764113" /><nd ref="9181764114" /><tag k="highway" v="residential" /><tag k="oneway" v="no" /></way><way id="813" timestamp="2026-03-11T21:52:02Z" uid="1" user="OSMnx" version="1" changeset="1"><nd ref="9181764113" /><nd ref="9843177732" /><tag k="highway" v="residential" /><tag k="name" v="Road No 9" /><tag k="oneway" v="no" /></way><way id="814" timestamp="2026-03-11T21:52:02Z" uid="1" user="OSMnx" version="1" changeset="1"><nd ref="9181764114" /><nd ref="9865681676" /><tag k="highway" v="residential" /><tag k="name" v="Vishnu Mandir Marg" /><tag k="oneway" v="no" /></way><way id="815" timestamp="2026-03-11T21:52:02Z" uid="1" user="OSMnx" version="1" changeset="1"><nd ref="9181764114" /><nd ref="9181764115" /><tag k="highway" v="residential" /><tag k="oneway" v="no" /></way><way id="816" timestamp="2026-03-11T21:52:02Z" uid="1" user="OSMnx" version="1" changeset="1"><nd ref="9181764115" /><nd ref="9181815321" /><tag k="highway" v="tertiary" /><tag k="name" v="Ram Kishan Dass Road" /><tag k="oneway" v="no" /></way><way id="817" timestamp="2026-03-11T21:52:02Z" uid="1" user="OSMnx" version="1" changeset="1"><nd ref="9181764116" /><nd ref="9181815320" /><tag k="highway" v="tertiary" /><tag k="name" v="Guru Ravi Das Marg" /><tag k="oneway" v="no" /></way><way id="818" timestamp="2026-03-11T21:52:02Z" uid="1" user="OSMnx" version="1" changeset="1"><nd ref="9181766417" /><nd ref="9869513388" /><tag k="highway" v="residential" /><tag k="oneway" v="no" /></way><way id="819" timestamp="2026-03-11T21:52:02Z" uid="1" user="OSMnx" version="1" changeset="1"><nd ref="9181766417" /><nd ref="943640404" /><tag k="highway" v="tertiary" /><tag k="name" v="Guru Nanak Marg" /><tag k="oneway" v="no" /></way><way id="820" timestamp="2026-03-11T21:52:02Z" uid="1" user="OSMnx" version="1" changeset="1"><nd ref="9181766418" /><nd ref="9181764116" /><tag k="highway" v="tertiary" /><tag k="name" v="Guru Ravi Das Marg" /><tag k="oneway" v="no" /></way><way id="821" timestamp="2026-03-11T21:52:02Z" uid="1" user="OSMnx" version="1" changeset="1"><nd ref="9181766422" /><nd ref="9181815336" /><tag k="highway" v="tertiary" /><tag k="oneway" v="no" /></way><way id="822" timestamp="2026-03-11T21:52:02Z" uid="1" user="OSMnx" version="1" changeset="1"><nd ref="9181766422" /><nd ref="9181766424" /><tag k="highway" v="residential" /><tag k="oneway" v="no" /></way><way id="823" timestamp="2026-03-11T21:52:02Z" uid="1" user="OSMnx" version="1" changeset="1"><nd ref="9181766424" /><nd ref="943640920" /><tag k="highway" v="tertiary" /><tag k="oneway" v="no" /></way><way id="824" timestamp="2026-03-11T21:52:02Z" uid="1" user="OSMnx" version="1" changeset="1"><nd ref="9181766428" /><nd ref="9869476850" /><tag k="highway" v="residential" /><tag k="oneway" v="no" /></way><way id="825" timestamp="2026-03-11T21:52:02Z" uid="1" user="OSMnx" version="1" changeset="1"><nd ref="9181766428" /><nd ref="1869899510" /><tag k="highway" v="tertiary" /><tag k="name" v="Prabhat Road" /><tag k="oneway" v="no" /></way><way id="826" timestamp="2026-03-11T21:52:02Z" uid="1" user="OSMnx" version="1" changeset="1"><nd ref="9181766434" /><nd ref="1869899518" /><tag k="highway" v="tertiary" /><tag k="name" v="Guru Ravidas Marg" /><tag k="oneway" v="no" /></way><way id="827" timestamp="2026-03-11T21:52:02Z" uid="1" user="OSMnx" version="1" changeset="1"><nd ref="9181766435" /><nd ref="9181739602" /><tag k="highway" v="tertiary" /><tag k="name" v="Guru Ravidas Marg" /><tag k="oneway" v="no" /></way><way id="828" timestamp="2026-03-11T21:52:02Z" uid="1" user="OSMnx" version="1" changeset="1"><nd ref="9181766435" /><nd ref="9869476846" /><tag k="highway" v="residential" /><tag k="oneway" v="no" /></way><way id="829" timestamp="2026-03-11T21:52:02Z" uid="1" user="OSMnx" version="1" changeset="1"><nd ref="9181766438" /><nd ref="9181766441" /><tag k="highway" v="residential" /><tag k="oneway" v="no" /></way><way id="830" timestamp="2026-03-11T21:52:02Z" uid="1" user="OSMnx" version="1" changeset="1"><nd ref="9181766438" /><nd ref="9869476840" /><tag k="highway" v="tertiary" /><tag k="name" v="Ganga Mandir Marg" /><tag k="oneway" v="no" /></way><way id="831" timestamp="2026-03-11T21:52:02Z" uid="1" user="OSMnx" version="1" changeset="1"><nd ref="9181766441" /><nd ref="9869513390" /><tag k="highway" v="tertiary" /><tag k="name" v="Guru Ravidas Marg" /><tag k="oneway" v="no" /></way><way id="832" timestamp="2026-03-11T21:52:02Z" uid="1" user="OSMnx" version="1" changeset="1"><nd ref="9181766444" /><nd ref="9865681681" /><tag k="highway" v="tertiary" /><tag k="name" v="Ganga Mandir Marg" /><tag k="oneway" v="no" /></way><way id="833" timestamp="2026-03-11T21:52:02Z" uid="1" user="OSMnx" version="1" changeset="1"><nd ref="9181766444" /><nd ref="6751554101" /><tag k="highway" v="residential" /><tag k="oneway" v="no" /></way><way id="834" timestamp="2026-03-11T21:52:02Z" uid="1" user="OSMnx" version="1" changeset="1"><nd ref="9181766445" /><nd ref="9865681680" /><tag k="highway" v="tertiary" /><tag k="name" v="Ganga Mandir Marg" /><tag k="oneway" v="no" /></way><way id="835" timestamp="2026-03-11T21:52:02Z" uid="1" user="OSMnx" version="1" changeset="1"><nd ref="9181766445" /><nd ref="6751554093" /><tag k="highway" v="residential" /><tag k="oneway" v="no" /></way><way id="836" timestamp="2026-03-11T21:52:02Z" uid="1" user="OSMnx" version="1" changeset="1"><nd ref="9181766448" /><nd ref="943640447" /><tag k="highway" v="tertiary" /><tag k="name" v="Guru Ravidas Marg" /><tag k="oneway" v="no" /></way><way id="837" timestamp="2026-03-11T21:52:02Z" uid="1" user="OSMnx" version="1" changeset="1"><nd ref="9181766452" /><nd ref="9181825057" /><tag k="highway" v="residential" /><tag k="name" v="Vishnu Mandir Marg" /><tag k="oneway" v="no" /></way><way id="838" timestamp="2026-03-11T21:52:02Z" uid="1" user="OSMnx" version="1" changeset="1"><nd ref="9181766452" /><nd ref="12137525961" /><tag k="highway" v="residential" /><tag k="oneway" v="no" /></way><way id="839" timestamp="2026-03-11T21:52:02Z" uid="1" user="OSMnx" version="1" changeset="1"><nd ref="9181766457" /><nd ref="9181766462" /><tag k="highway" v="tertiary" /><tag k="name" v="Ajmal Khan Road" /><tag k="oneway" v="no" /></way><way id="840" timestamp="2026-03-11T21:52:02Z" uid="1" user="OSMnx" version="1" changeset="1"><nd ref="9181766457" /><nd ref="9181766459" /><tag k="highway" v="residential" /><tag k="oneway" v="no" /></way><way id="841" timestamp="2026-03-11T21:52:02Z" uid="1" user="OSMnx" version="1" changeset="1"><nd ref="9181766457" /><nd ref="943640943" /><tag k="highway" v="tertiary" /><tag k="name" v="Ajmal Khan Road" /><tag k="oneway" v="no" /></way><way id="842" timestamp="2026-03-11T21:52:02Z" uid="1" user="OSMnx" version="1" changeset="1"><nd ref="9181766459" /><nd ref="12120727957" /><tag k="highway" v="tertiary" /><tag k="name" v="Gurudwara Road" /><tag k="oneway" v="no" /></way><way id="843" timestamp="2026-03-11T21:52:02Z" uid="1" user="OSMnx" version="1" changeset="1"><nd ref="9181766462" /><nd ref="943641057" /><tag k="highway" v="tertiary" /><tag k="name" v="Ajmal Khan Road" /><tag k="oneway" v="no" /></way><way id="844" timestamp="2026-03-11T21:52:02Z" uid="1" user="OSMnx" version="1" changeset="1"><nd ref="9181766468" /><nd ref="9843112158" /><tag k="highway" v="tertiary" /><tag k="name" v="Joshi Road" /><tag k="oneway" v="no" /></way><way id="845" timestamp="2026-03-11T21:52:02Z" uid="1" user="OSMnx" version="1" changeset="1"><nd ref="9181766468" /><nd ref="9181766469" /><tag k="highway" v="residential" /><tag k="oneway" v="no" /></way><way id="846" timestamp="2026-03-11T21:52:02Z" uid="1" user="OSMnx" version="1" changeset="1"><nd ref="9181766469" /><nd ref="9843112160" /><tag k="highway" v="tertiary" /><tag k="name" v="Faiz Road" /><tag k="oneway" v="no" /></way><way id="847" timestamp="2026-03-11T21:52:02Z" uid="1" user="OSMnx" version="1" changeset="1"><nd ref="9181774729" /><nd ref="6542418788" /><tag k="highway" v="residential" /><tag k="name" v="Phool Wali Gali" /><tag k="oneway" v="no" /></way><way id="848" timestamp="2026-03-11T21:52:02Z" uid="1" user="OSMnx" version="1" changeset="1"><nd ref="9181815320" /><nd ref="9865894455" /><tag k="highway" v="residential" /><tag k="oneway" v="no" /></way><way id="849" timestamp="2026-03-11T21:52:02Z" uid="1" user="OSMnx" version="1" changeset="1"><nd ref="9181815320" /><nd ref="9181815330" /><tag k="highway" v="tertiary" /><tag k="name" v="Guru Ravi Das Marg" /><tag k="oneway" v="no" /></way><way id="850" timestamp="2026-03-11T21:52:02Z" uid="1" user="OSMnx" version="1" changeset="1"><nd ref="9181815321" /><nd ref="9181815322" /><tag k="highway" v="residential" /><tag k="oneway" v="no" /></way><way id="851" timestamp="2026-03-11T21:52:02Z" uid="1" user="OSMnx" version="1" changeset="1"><nd ref="9181815321" /><nd ref="9865681669" /><tag k="highway" v="tertiary" /><tag k="name" v="Ram Kishan Dass Road" /><tag k="oneway" v="no" /></way><way id="852" timestamp="2026-03-11T21:52:02Z" uid="1" user="OSMnx" version="1" changeset="1"><nd ref="9181815322" /><nd ref="9181764114" /><tag k="highway" v="residential" /><tag k="name" v="Vishnu Mandir Marg" /><tag k="oneway" v="no" /></way><way id="853" timestamp="2026-03-11T21:52:02Z" uid="1" user="OSMnx" version="1" changeset="1"><nd ref="9181815322" /><nd ref="9843177732" /><tag k="highway" v="residential" /><tag k="oneway" v="no" /></way><way id="854" timestamp="2026-03-11T21:52:02Z" uid="1" user="OSMnx" version="1" changeset="1"><nd ref="9181815323" /><nd ref="9865797798" /><tag k="highway" v="tertiary" /><tag k="oneway" v="no" /></way><way id="855" timestamp="2026-03-11T21:52:02Z" uid="1" user="OSMnx" version="1" changeset="1"><nd ref="9181815323" /><nd ref="9181815326" /><tag k="highway" v="residential" /><tag k="oneway" v="no" /></way><way id="856" timestamp="2026-03-11T21:52:02Z" uid="1" user="OSMnx" version="1" changeset="1"><nd ref="9181815326" /><nd ref="6758962543" /><tag k="highway" v="tertiary" /><tag k="oneway" v="no" /></way><way id="857" timestamp="2026-03-11T21:52:02Z" uid="1" user="OSMnx" version="1" changeset="1"><nd ref="9181815327" /><nd ref="943640268" /><tag k="highway" v="tertiary" /><tag k="oneway" v="no" /></way><way id="858" timestamp="2026-03-11T21:52:02Z" uid="1" user="OSMnx" version="1" changeset="1"><nd ref="9181815327" /><nd ref="9865894429" /><tag k="highway" v="residential" /><tag k="oneway" v="no" /></way><way id="859" timestamp="2026-03-11T21:52:02Z" uid="1" user="OSMnx" version="1" changeset="1"><nd ref="9181815330" /><nd ref="943640665" /><tag k="highway" v="tertiary" /><tag k="name" v="Guru Ravi Das Marg" /><tag k="oneway" v="no" /></way><way id="860" timestamp="2026-03-11T21:52:02Z" uid="1" user="OSMnx" version="1" changeset="1"><nd ref="9181815330" /><nd ref="9865894453" /><tag k="highway" v="residential" /><tag k="oneway" v="no" /></way><way id="861" timestamp="2026-03-11T21:52:02Z" uid="1" user="OSMnx" version="1" changeset="1"><nd ref="9181815333" /><nd ref="9865681672" /><tag k="highway" v="tertiary" /><tag k="name" v="Ram Kishan Dass Road" /><tag k="oneway" v="no" /></way><way id="862" timestamp="2026-03-11T21:52:02Z" uid="1" user="OSMnx" version="1" changeset="1"><nd ref="9181815335" /><nd ref="943640253" /><tag k="highway" v="tertiary" /><tag k="oneway" v="no" /></way><way id="863" timestamp="2026-03-11T21:52:02Z" uid="1" user="OSMnx" version="1" changeset="1"><nd ref="9181815335" /><nd ref="9181815327" /><tag k="highway" v="residential" /><tag k="name" v="Gali Number 1" /><tag k="oneway" v="no" /></way><way id="864" timestamp="2026-03-11T21:52:02Z" uid="1" user="OSMnx" version="1" changeset="1"><nd ref="9181815336" /><nd ref="9181764109" /><tag k="highway" v="tertiary" /><tag k="oneway" v="no" /></way><way id="865" timestamp="2026-03-11T21:52:02Z" uid="1" user="OSMnx" version="1" changeset="1"><nd ref="9181815336" /><nd ref="9181764111" /><tag k="highway" v="residential" /><tag k="oneway" v="no" /></way><way id="866" timestamp="2026-03-11T21:52:02Z" uid="1" user="OSMnx" version="1" changeset="1"><nd ref="9181815337" /><nd ref="9181739611" /><tag k="highway" v="tertiary" /><tag k="oneway" v="no" /></way><way id="867" timestamp="2026-03-11T21:52:02Z" uid="1" user="OSMnx" version="1" changeset="1"><nd ref="9181815337" /><nd ref="9181815338" /><tag k="highway" v="residential" /><tag k="oneway" v="no" /></way><way id="868" timestamp="2026-03-11T21:52:02Z" uid="1" user="OSMnx" version="1" changeset="1"><nd ref="9181815338" /><nd ref="9869513375" /><tag k="highway" v="residential" /><tag k="oneway" v="no" /></way><way id="869" timestamp="2026-03-11T21:52:02Z" uid="1" user="OSMnx" version="1" changeset="1"><nd ref="9181815338" /><nd ref="9870214369" /><tag k="highway" v="tertiary" /><tag k="name" v="Guru Nanak Marg" /><tag k="oneway" v="no" /></way><way id="870" timestamp="2026-03-11T21:52:02Z" uid="1" user="OSMnx" version="1" changeset="1"><nd ref="9181815339" /><nd ref="9869513385" /><tag k="highway" v="residential" /><tag k="oneway" v="no" /></way><way id="871" timestamp="2026-03-11T21:52:02Z" uid="1" user="OSMnx" version="1" changeset="1"><nd ref="9181815339" /><nd ref="9181825052" /><tag k="highway" v="tertiary" /><tag k="name" v="Guru Nanak Marg" /><tag k="oneway" v="no" /></way><way id="872" timestamp="2026-03-11T21:52:02Z" uid="1" user="OSMnx" version="1" changeset="1"><nd ref="9181825045" /><nd ref="9181825048" /><tag k="highway" v="tertiary" /><tag k="oneway" v="no" /></way><way id="873" timestamp="2026-03-11T21:52:02Z" uid="1" user="OSMnx" version="1" changeset="1"><nd ref="9181825045" /><nd ref="9870214362" /><tag k="highway" v="residential" /><tag k="oneway" v="no" /></way><way id="874" timestamp="2026-03-11T21:52:02Z" uid="1" user="OSMnx" version="1" changeset="1"><nd ref="9181825048" /><nd ref="9181760554" /><tag k="highway" v="tertiary" /><tag k="oneway" v="no" /></way><way id="875" timestamp="2026-03-11T21:52:02Z" uid="1" user="OSMnx" version="1" changeset="1"><nd ref="9181825048" /><nd ref="9870214366" /><tag k="highway" v="residential" /><tag k="oneway" v="no" /></way><way id="876" timestamp="2026-03-11T21:52:02Z" uid="1" user="OSMnx" version="1" changeset="1"><nd ref="9181825050" /><nd ref="9869513382" /><tag k="highway" v="tertiary" /><tag k="name" v="Guru Ravidas Marg" /><tag k="oneway" v="no" /></way><way id="877" timestamp="2026-03-11T21:52:02Z" uid="1" user="OSMnx" version="1" changeset="1"><nd ref="9181825052" /><nd ref="9870279924" /><tag k="highway" v="tertiary" /><tag k="name" v="Guru Nanak Marg" /><tag k="oneway" v="no" /></way><way id="878" timestamp="2026-03-11T21:52:02Z" uid="1" user="OSMnx" version="1" changeset="1"><nd ref="9181825053" /><nd ref="1869899521" /><tag k="highway" v="tertiary" /><tag k="oneway" v="no" /></way><way id="879" timestamp="2026-03-11T21:52:02Z" uid="1" user="OSMnx" version="1" changeset="1"><nd ref="9181825053" /><nd ref="9870214363" /><tag k="highway" v="residential" /><tag k="oneway" v="no" /></way><way id="880" timestamp="2026-03-11T21:52:02Z" uid="1" user="OSMnx" version="1" changeset="1"><nd ref="9181825055" /><nd ref="9181825056" /><tag k="highway" v="residential" /><tag k="oneway" v="no" /></way><way id="881" timestamp="2026-03-11T21:52:02Z" uid="1" user="OSMnx" version="1" changeset="1"><nd ref="9181825055" /><nd ref="9181766428" /><tag k="highway" v="tertiary" /><tag k="name" v="Prabhat Road" /><tag k="oneway" v="no" /></way><way id="882" timestamp="2026-03-11T21:52:02Z" uid="1" user="OSMnx" version="1" changeset="1"><nd ref="9181825056" /><nd ref="9181739608" /><tag k="highway" v="residential" /><tag k="name" v="Vishnu Mandir Marg" /><tag k="oneway" v="no" /></way><way id="883" timestamp="2026-03-11T21:52:02Z" uid="1" user="OSMnx" version="1" changeset="1"><nd ref="9181825057" /><nd ref="9181760531" /><tag k="highway" v="residential" /><tag k="name" v="Vishnu Mandir Marg" /><tag k="oneway" v="no" /></way><way id="884" timestamp="2026-03-11T21:52:02Z" uid="1" user="OSMnx" version="1" changeset="1"><nd ref="9181825058" /><nd ref="9181760533" /><tag k="highway" v="tertiary" /><tag k="name" v="Prabhat Road" /><tag k="oneway" v="no" /></way><way id="885" timestamp="2026-03-11T21:52:02Z" uid="1" user="OSMnx" version="1" changeset="1"><nd ref="9181825058" /><nd ref="12125927530" /><tag k="highway" v="residential" /><tag k="oneway" v="no" /></way><way id="886" timestamp="2026-03-11T21:52:02Z" uid="1" user="OSMnx" version="1" changeset="1"><nd ref="9181825059" /><nd ref="9181759816" /><tag k="highway" v="residential" /><tag k="name" v="Vishnu Mandir Marg" /><tag k="oneway" v="no" /></way><way id="887" timestamp="2026-03-11T21:52:02Z" uid="1" user="OSMnx" version="1" changeset="1"><nd ref="9181825061" /><nd ref="9181825071" /><tag k="highway" v="residential" /><tag k="oneway" v="no" /></way><way id="888" timestamp="2026-03-11T21:52:02Z" uid="1" user="OSMnx" version="1" changeset="1"><nd ref="9181825061" /><nd ref="9181825063" /><tag k="highway" v="residential" /><tag k="name" v="Vishnu Mandir Marg" /><tag k="oneway" v="no" /></way><way id="889" timestamp="2026-03-11T21:52:02Z" uid="1" user="OSMnx" version="1" changeset="1"><nd ref="9181825062" /><nd ref="9181825063" /><tag k="highway" v="residential" /><tag k="oneway" v="no" /></way><way id="890" timestamp="2026-03-11T21:52:02Z" uid="1" user="OSMnx" version="1" changeset="1"><nd ref="9181825062" /><nd ref="1869899520" /><tag k="highway" v="tertiary" /><tag k="name" v="Prabhat Road" /><tag k="oneway" v="no" /></way><way id="891" timestamp="2026-03-11T21:52:02Z" uid="1" user="OSMnx" version="1" changeset="1"><nd ref="9181825063" /><nd ref="9181825064" /><tag k="highway" v="residential" /><tag k="oneway" v="no" /></way><way id="892" timestamp="2026-03-11T21:52:02Z" uid="1" user="OSMnx" version="1" changeset="1"><nd ref="9181825063" /><nd ref="9181760527" /><tag k="highway" v="residential" /><tag k="name" v="Vishnu Mandir Marg" /><tag k="oneway" v="no" /></way><way id="893" timestamp="2026-03-11T21:52:02Z" uid="1" user="OSMnx" version="1" changeset="1"><nd ref="9181825064" /><nd ref="6741865648" /><tag k="highway" v="tertiary" /><tag k="name" v="Road No 9" /><tag k="oneway" v="no" /></way><way id="894" timestamp="2026-03-11T21:52:02Z" uid="1" user="OSMnx" version="1" changeset="1"><nd ref="9181825065" /><nd ref="9181825068" /><tag k="highway" v="tertiary" /><tag k="name" v="Prabhat Road" /><tag k="oneway" v="no" /></way><way id="895" timestamp="2026-03-11T21:52:02Z" uid="1" user="OSMnx" version="1" changeset="1"><nd ref="9181825065" /><nd ref="9181825066" /><tag k="highway" v="residential" /><tag k="name" v="Gali Number 2" /><tag k="oneway" v="no" /></way><way id="896" timestamp="2026-03-11T21:52:02Z" uid="1" user="OSMnx" version="1" changeset="1"><nd ref="9181825066" /><nd ref="9181825067" /><tag k="highway" v="residential" /><tag k="oneway" v="no" /></way><way id="897" timestamp="2026-03-11T21:52:02Z" uid="1" user="OSMnx" version="1" changeset="1"><nd ref="9181825066" /><nd ref="291511688" /><tag k="highway" v="residential" /><tag k="name" v="Vishnu Mandir Marg" /><tag k="oneway" v="no" /></way><way id="898" timestamp="2026-03-11T21:52:02Z" uid="1" user="OSMnx" version="1" changeset="1"><nd ref="9181825067" /><nd ref="2645434488" /><tag k="highway" v="tertiary" /><tag k="name" v="Road No 9" /><tag k="oneway" v="no" /></way><way id="899" timestamp="2026-03-11T21:52:02Z" uid="1" user="OSMnx" version="1" changeset="1"><nd ref="9181825068" /><nd ref="9181760525" /><tag k="highway" v="tertiary" /><tag k="name" v="Prabhat Road" /><tag k="oneway" v="no" /></way><way id="900" timestamp="2026-03-11T21:52:02Z" uid="1" user="OSMnx" version="1" changeset="1"><nd ref="9181825068" /><nd ref="9181825069" /><tag k="highway" v="residential" /><tag k="oneway" v="no" /></way><way id="901" timestamp="2026-03-11T21:52:02Z" uid="1" user="OSMnx" version="1" changeset="1"><nd ref="9181825069" /><nd ref="9181825070" /><tag k="highway" v="residential" /><tag k="oneway" v="no" /></way><way id="902" timestamp="2026-03-11T21:52:02Z" uid="1" user="OSMnx" version="1" changeset="1"><nd ref="9181825069" /><nd ref="9181825066" /><tag k="highway" v="residential" /><tag k="name" v="Vishnu Mandir Marg" /><tag k="oneway" v="no" /></way><way id="903" timestamp="2026-03-11T21:52:02Z" uid="1" user="OSMnx" version="1" changeset="1"><nd ref="9181825070" /><nd ref="6622401080" /><tag k="highway" v="tertiary" /><tag k="name" v="Road No 9" /><tag k="oneway" v="no" /></way><way id="904" timestamp="2026-03-11T21:52:02Z" uid="1" user="OSMnx" version="1" changeset="1"><nd ref="9181825071" /><nd ref="1869899513" /><tag k="highway" v="tertiary" /><tag k="name" v="Road No 9" /><tag k="oneway" v="no" /></way><way id="905" timestamp="2026-03-11T21:52:02Z" uid="1" user="OSMnx" version="1" changeset="1"><nd ref="9720045967" /><nd ref="9720045968" /><tag k="highway" v="residential" /><tag k="oneway" v="no" /></way><way id="906" timestamp="2026-03-11T21:52:02Z" uid="1" user="OSMnx" version="1" changeset="1"><nd ref="9720045967" /><nd ref="9870147913" /><tag k="highway" v="residential" /><tag k="oneway" v="no" /></way><way id="907" timestamp="2026-03-11T21:52:02Z" uid="1" user="OSMnx" version="1" changeset="1"><nd ref="9720045968" /><nd ref="6745216189" /><tag k="highway" v="residential" /><tag k="oneway" v="no" /></way><way id="908" timestamp="2026-03-11T21:52:02Z" uid="1" user="OSMnx" version="1" changeset="1"><nd ref="9840972614" /><nd ref="6660003866" /><tag k="highway" v="residential" /><tag k="oneway" v="no" /></way><way id="909" timestamp="2026-03-11T21:52:02Z" uid="1" user="OSMnx" version="1" changeset="1"><nd ref="9840972614" /><nd ref="9840972616" /><tag k="highway" v="tertiary" /><tag k="name" v="Gurudwara Road" /><tag k="oneway" v="no" /></way><way id="910" timestamp="2026-03-11T21:52:02Z" uid="1" user="OSMnx" version="1" changeset="1"><nd ref="9840972616" /><nd ref="9841067818" /><tag k="highway" v="tertiary" /><tag k="name" v="Gurudwara Road" /><tag k="oneway" v="no" /></way><way id="911" timestamp="2026-03-11T21:52:02Z" uid="1" user="OSMnx" version="1" changeset="1"><nd ref="9840972616" /><nd ref="6751553053" /><tag k="highway" v="residential" /><tag k="oneway" v="no" /></way><way id="912" timestamp="2026-03-11T21:52:02Z" uid="1" user="OSMnx" version="1" changeset="1"><nd ref="9841036048" /><nd ref="6751554097" /><tag k="highway" v="residential" /><tag k="oneway" v="no" /></way><way id="913" timestamp="2026-03-11T21:52:02Z" uid="1" user="OSMnx" version="1" changeset="1"><nd ref="9841036048" /><nd ref="9181739615" /><tag k="highway" v="tertiary" /><tag k="name" v="Ganga Mandir Marg" /><tag k="oneway" v="no" /></way><way id="914" timestamp="2026-03-11T21:52:02Z" uid="1" user="OSMnx" version="1" changeset="1"><nd ref="9841036049" /><nd ref="9841067822" /><tag k="highway" v="residential" /><tag k="name" v="Vishnu Mandir Marg" /><tag k="oneway" v="no" /></way><way id="915" timestamp="2026-03-11T21:52:02Z" uid="1" user="OSMnx" version="1" changeset="1"><nd ref="9841036049" /><nd ref="6751553073" /><tag k="highway" v="residential" /><tag k="oneway" v="no" /></way><way id="916" timestamp="2026-03-11T21:52:02Z" uid="1" user="OSMnx" version="1" changeset="1"><nd ref="9841067818" /><nd ref="9841067820" /><tag k="highway" v="tertiary" /><tag k="name" v="Gurudwara Road" /><tag k="oneway" v="no" /></way><way id="917" timestamp="2026-03-11T21:52:02Z" uid="1" user="OSMnx" version="1" changeset="1"><nd ref="9841067818" /><nd ref="6751553055" /><tag k="highway" v="residential" /><tag k="oneway" v="no" /></way><way id="918" timestamp="2026-03-11T21:52:02Z" uid="1" user="OSMnx" version="1" changeset="1"><nd ref="9841067820" /><nd ref="943641141" /><tag k="highway" v="tertiary" /><tag k="name" v="Gurudwara Road" /><tag k="oneway" v="no" /></way><way id="919" timestamp="2026-03-11T21:52:02Z" uid="1" user="OSMnx" version="1" changeset="1"><nd ref="9841067820" /><nd ref="6751553057" /><tag k="highway" v="residential" /><tag k="oneway" v="no" /></way><way id="920" timestamp="2026-03-11T21:52:02Z" uid="1" user="OSMnx" version="1" changeset="1"><nd ref="9841067821" /><nd ref="6751553075" /><tag k="highway" v="tertiary" /><tag k="name" v="Road No 9" /><tag k="oneway" v="no" /></way><way id="921" timestamp="2026-03-11T21:52:02Z" uid="1" user="OSMnx" version="1" changeset="1"><nd ref="9841067822" /><nd ref="9181825056" /><tag k="highway" v="residential" /><tag k="name" v="Vishnu Mandir Marg" /><tag k="oneway" v="no" /></way><way id="922" timestamp="2026-03-11T21:52:02Z" uid="1" user="OSMnx" version="1" changeset="1"><nd ref="9841067822" /><nd ref="9841067821" /><tag k="highway" v="residential" /><tag k="oneway" v="no" /></way><way id="923" timestamp="2026-03-11T21:52:02Z" uid="1" user="OSMnx" version="1" changeset="1"><nd ref="9841067823" /><nd ref="9841067829" /><tag k="highway" v="tertiary" /><tag k="name" v="Saraswati Marg" /><tag k="oneway" v="no" /></way><way id="924" timestamp="2026-03-11T21:52:02Z" uid="1" user="OSMnx" version="1" changeset="1"><nd ref="9841067825" /><nd ref="6741865621" /><tag k="highway" v="tertiary" /><tag k="name" v="Road No 9" /><tag k="oneway" v="no" /></way><way id="925" timestamp="2026-03-11T21:52:02Z" uid="1" user="OSMnx" version="1" changeset="1"><nd ref="9841067825" /><nd ref="9841067823" /><tag k="highway" v="residential" /><tag k="oneway" v="no" /></way><way id="926" timestamp="2026-03-11T21:52:02Z" uid="1" user="OSMnx" version="1" changeset="1"><nd ref="9841067826" /><nd ref="6751554090" /><tag k="highway" v="tertiary" /><tag k="name" v="Road No 9" /><tag k="oneway" v="no" /></way><way id="927" timestamp="2026-03-11T21:52:02Z" uid="1" user="OSMnx" version="1" changeset="1"><nd ref="9841067827" /><nd ref="6751554094" /><tag k="highway" v="tertiary" /><tag k="name" v="Road No 9" /><tag k="oneway" v="no" /></way><way id="928" timestamp="2026-03-11T21:52:02Z" uid="1" user="OSMnx" version="1" changeset="1"><nd ref="9841067829" /><nd ref="9841067831" /><tag k="highway" v="tertiary" /><tag k="name" v="Saraswati Marg" /><tag k="oneway" v="no" /></way><way id="929" timestamp="2026-03-11T21:52:02Z" uid="1" user="OSMnx" version="1" changeset="1"><nd ref="9841067829" /><nd ref="9841067827" /><tag k="highway" v="residential" /><tag k="oneway" v="no" /></way><way id="930" timestamp="2026-03-11T21:52:02Z" uid="1" user="OSMnx" version="1" changeset="1"><nd ref="9841067831" /><nd ref="9841067832" /><tag k="highway" v="tertiary" /><tag k="name" v="Saraswati Marg" /><tag k="oneway" v="no" /></way><way id="931" timestamp="2026-03-11T21:52:02Z" uid="1" user="OSMnx" version="1" changeset="1"><nd ref="9841067831" /><nd ref="6751554096" /><tag k="highway" v="residential" /><tag k="oneway" v="no" /></way><way id="932" timestamp="2026-03-11T21:52:02Z" uid="1" user="OSMnx" version="1" changeset="1"><nd ref="9841067832" /><nd ref="6751554098" /><tag k="highway" v="residential" /><tag k="oneway" v="no" /></way><way id="933" timestamp="2026-03-11T21:52:02Z" uid="1" user="OSMnx" version="1" changeset="1"><nd ref="9841067832" /><nd ref="9841067833" /><tag k="highway" v="tertiary" /><tag k="name" v="Saraswati Marg" /><tag k="oneway" v="no" /></way><way id="934" timestamp="2026-03-11T21:52:02Z" uid="1" user="OSMnx" version="1" changeset="1"><nd ref="9841067833" /><nd ref="943641076" /><tag k="highway" v="tertiary" /><tag k="name" v="Saraswati Marg" /><tag k="oneway" v="no" /></way><way id="935" timestamp="2026-03-11T21:52:02Z" uid="1" user="OSMnx" version="1" changeset="1"><nd ref="9841084992" /><nd ref="12120727959" /><tag k="highway" v="tertiary" /><tag k="name" v="Gurudwara Road" /><tag k="oneway" v="no" /></way><way id="936" timestamp="2026-03-11T21:52:02Z" uid="1" user="OSMnx" version="1" changeset="1"><nd ref="9841084995" /><nd ref="9841255627" /><tag k="highway" v="residential" /><tag k="name" v="Abdul Aziz Road" /><tag k="oneway" v="no" /></way><way id="937" timestamp="2026-03-11T21:52:02Z" uid="1" user="OSMnx" version="1" changeset="1"><nd ref="9841084995" /><nd ref="9841084992" /><tag k="highway" v="residential" /><tag k="oneway" v="no" /></way><way id="938" timestamp="2026-03-11T21:52:02Z" uid="1" user="OSMnx" version="1" changeset="1"><nd ref="9841085003" /><nd ref="9841262323" /><tag k="highway" v="residential" /><tag k="name" v="Abdul Aziz Road" /><tag k="oneway" v="no" /></way><way id="939" timestamp="2026-03-11T21:52:02Z" uid="1" user="OSMnx" version="1" changeset="1"><nd ref="9841085003" /><nd ref="12728153922" /><tag k="highway" v="residential" /><tag k="oneway" v="no" /></way><way id="940" timestamp="2026-03-11T21:52:02Z" uid="1" user="OSMnx" version="1" changeset="1"><nd ref="9841085005" /><nd ref="9841262321" /><tag k="highway" v="residential" /><tag k="name" v="Abdul Aziz Road" /><tag k="oneway" v="no" /></way><way id="941" timestamp="2026-03-11T21:52:02Z" uid="1" user="OSMnx" version="1" changeset="1"><nd ref="9841085005" /><nd ref="12728153921" /><tag k="highway" v="residential" /><tag k="oneway" v="no" /></way><way id="942" timestamp="2026-03-11T21:52:02Z" uid="1" user="OSMnx" version="1" changeset="1"><nd ref="9841085007" /><nd ref="9841262319" /><tag k="highway" v="residential" /><tag k="name" v="Abdul Aziz Road" /><tag k="oneway" v="no" /></way><way id="943" timestamp="2026-03-11T21:52:02Z" uid="1" user="OSMnx" version="1" changeset="1"><nd ref="9841085007" /><nd ref="12728153920" /><tag k="highway" v="residential" /><tag k="oneway" v="no" /></way><way id="944" timestamp="2026-03-11T21:52:02Z" uid="1" user="OSMnx" version="1" changeset="1"><nd ref="9841085008" /><nd ref="943640482" /><tag k="highway" v="tertiary" /><tag k="name" v="Gurudwara Road" /><tag k="oneway" v="no" /></way><way id="945" timestamp="2026-03-11T21:52:02Z" uid="1" user="OSMnx" version="1" changeset="1"><nd ref="9841085008" /><nd ref="11240813854" /><tag k="highway" v="residential" /><tag k="oneway" v="no" /></way><way id="946" timestamp="2026-03-11T21:52:02Z" uid="1" user="OSMnx" version="1" changeset="1"><nd ref="9841085009" /><nd ref="9841262317" /><tag k="highway" v="residential" /><tag k="name" v="Abdul Aziz Road" /><tag k="oneway" v="no" /></way><way id="947" timestamp="2026-03-11T21:52:02Z" uid="1" user="OSMnx" version="1" changeset="1"><nd ref="9841085009" /><nd ref="12728153919" /><tag k="highway" v="residential" /><tag k="oneway" v="no" /></way><way id="948" timestamp="2026-03-11T21:52:02Z" uid="1" user="OSMnx" version="1" changeset="1"><nd ref="9841131058" /><nd ref="10598455895" /><tag k="highway" v="tertiary" /><tag k="name" v="Ajmal Khan Road" /><tag k="oneway" v="no" /></way><way id="949" timestamp="2026-03-11T21:52:02Z" uid="1" user="OSMnx" version="1" changeset="1"><nd ref="9841131058" /><nd ref="9841131057" /><tag k="highway" v="residential" /><tag k="oneway" v="no" /></way><way id="950" timestamp="2026-03-11T21:52:02Z" uid="1" user="OSMnx" version="1" changeset="1"><nd ref="9841131060" /><nd ref="9841145354" /><tag k="highway" v="tertiary" /><tag k="name" v="Ajmal Khan Road" /><tag k="oneway" v="no" /></way><way id="951" timestamp="2026-03-11T21:52:02Z" uid="1" user="OSMnx" version="1" changeset="1"><nd ref="9841131060" /><nd ref="9841131059" /><tag k="highway" v="residential" /><tag k="oneway" v="no" /></way><way id="952" timestamp="2026-03-11T21:52:02Z" uid="1" user="OSMnx" version="1" changeset="1"><nd ref="9841131063" /><nd ref="9841131060" /><tag k="highway" v="tertiary" /><tag k="name" v="Ajmal Khan Road" /><tag k="oneway" v="no" /></way><way id="953" timestamp="2026-03-11T21:52:02Z" uid="1" user="OSMnx" version="1" changeset="1"><nd ref="9841131063" /><nd ref="9841131061" /><tag k="highway" v="residential" /><tag k="oneway" v="no" /></way><way id="954" timestamp="2026-03-11T21:52:02Z" uid="1" user="OSMnx" version="1" changeset="1"><nd ref="9841131066" /><nd ref="9841145351" /><tag k="highway" v="tertiary" /><tag k="name" v="Ajmal Khan Road" /><tag k="oneway" v="no" /></way><way id="955" timestamp="2026-03-11T21:52:02Z" uid="1" user="OSMnx" version="1" changeset="1"><nd ref="9841131066" /><nd ref="9841131065" /><tag k="highway" v="residential" /><tag k="oneway" v="no" /></way><way id="956" timestamp="2026-03-11T21:52:02Z" uid="1" user="OSMnx" version="1" changeset="1"><nd ref="9841145341" /><nd ref="9841255638" /><tag k="highway" v="residential" /><tag k="name" v="Abdul Aziz Road" /><tag k="oneway" v="no" /></way><way id="957" timestamp="2026-03-11T21:52:02Z" uid="1" user="OSMnx" version="1" changeset="1"><nd ref="9841145341" /><nd ref="12120727965" /><tag k="highway" v="residential" /><tag k="oneway" v="no" /></way><way id="958" timestamp="2026-03-11T21:52:02Z" uid="1" user="OSMnx" version="1" changeset="1"><nd ref="9841145342" /><nd ref="9841255633" /><tag k="highway" v="residential" /><tag k="name" v="Abdul Aziz Road" /><tag k="oneway" v="no" /></way><way id="959" timestamp="2026-03-11T21:52:02Z" uid="1" user="OSMnx" version="1" changeset="1"><nd ref="9841145342" /><nd ref="12120727962" /><tag k="highway" v="residential" /><tag k="oneway" v="no" /></way><way id="960" timestamp="2026-03-11T21:52:02Z" uid="1" user="OSMnx" version="1" changeset="1"><nd ref="9841145343" /><nd ref="9841255635" /><tag k="highway" v="residential" /><tag k="name" v="Abdul Aziz Road" /><tag k="oneway" v="no" /></way><way id="961" timestamp="2026-03-11T21:52:02Z" uid="1" user="OSMnx" version="1" changeset="1"><nd ref="9841145343" /><nd ref="12120727964" /><tag k="highway" v="residential" /><tag k="oneway" v="no" /></way><way id="962" timestamp="2026-03-11T21:52:02Z" uid="1" user="OSMnx" version="1" changeset="1"><nd ref="9841145344" /><nd ref="9841084995" /><tag k="highway" v="residential" /><tag k="name" v="Abdul Aziz Road" /><tag k="oneway" v="no" /></way><way id="963" timestamp="2026-03-11T21:52:02Z" uid="1" user="OSMnx" version="1" changeset="1"><nd ref="9841145344" /><nd ref="12120727959" /><tag k="highway" v="residential" /><tag k="oneway" v="no" /></way><way id="964" timestamp="2026-03-11T21:52:02Z" uid="1" user="OSMnx" version="1" changeset="1"><nd ref="9841145345" /><nd ref="9841145347" /><tag k="highway" v="tertiary" /><tag k="name" v="Gurudwara Road" /><tag k="oneway" v="no" /></way><way id="965" timestamp="2026-03-11T21:52:02Z" uid="1" user="OSMnx" version="1" changeset="1"><nd ref="9841145346" /><nd ref="9841255623" /><tag k="highway" v="residential" /><tag k="name" v="Abdul Aziz Road" /><tag k="oneway" v="no" /></way><way id="966" timestamp="2026-03-11T21:52:02Z" uid="1" user="OSMnx" version="1" changeset="1"><nd ref="9841145346" /><nd ref="9841145345" /><tag k="highway" v="residential" /><tag k="oneway" v="no" /></way><way id="967" timestamp="2026-03-11T21:52:02Z" uid="1" user="OSMnx" version="1" changeset="1"><nd ref="9841145347" /><nd ref="12120727970" /><tag k="highway" v="tertiary" /><tag k="name" v="Gurudwara Road" /><tag k="oneway" v="no" /></way><way id="968" timestamp="2026-03-11T21:52:02Z" uid="1" user="OSMnx" version="1" changeset="1"><nd ref="9841145348" /><nd ref="9841255621" /><tag k="highway" v="residential" /><tag k="name" v="Abdul Aziz Road" /><tag k="oneway" v="no" /></way><way id="969" timestamp="2026-03-11T21:52:02Z" uid="1" user="OSMnx" version="1" changeset="1"><nd ref="9841145348" /><nd ref="9841145347" /><tag k="highway" v="residential" /><tag k="oneway" v="no" /></way><way id="970" timestamp="2026-03-11T21:52:02Z" uid="1" user="OSMnx" version="1" changeset="1"><nd ref="9841145349" /><nd ref="9841085008" /><tag k="highway" v="tertiary" /><tag k="name" v="Gurudwara Road" /><tag k="oneway" v="no" /></way><way id="971" timestamp="2026-03-11T21:52:02Z" uid="1" user="OSMnx" version="1" changeset="1"><nd ref="9841145351" /><nd ref="9841131063" /><tag k="highway" v="tertiary" /><tag k="name" v="Ajmal Khan Road" /><tag k="oneway" v="no" /></way><way id="972" timestamp="2026-03-11T21:52:02Z" uid="1" user="OSMnx" version="1" changeset="1"><nd ref="9841145351" /><nd ref="9841145349" /><tag k="highway" v="residential" /><tag k="oneway" v="no" /></way><way id="973" timestamp="2026-03-11T21:52:02Z" uid="1" user="OSMnx" version="1" changeset="1"><nd ref="9841145352" /><nd ref="9841145349" /><tag k="highway" v="tertiary" /><tag k="name" v="Gurudwara Road" /><tag k="oneway" v="no" /></way><way id="974" timestamp="2026-03-11T21:52:02Z" uid="1" user="OSMnx" version="1" changeset="1"><nd ref="9841145354" /><nd ref="9841131058" /><tag k="highway" v="tertiary" /><tag k="name" v="Ajmal Khan Road" /><tag k="oneway" v="no" /></way><way id="975" timestamp="2026-03-11T21:52:02Z" uid="1" user="OSMnx" version="1" changeset="1"><nd ref="9841145354" /><nd ref="9841145352" /><tag k="highway" v="residential" /><tag k="oneway" v="no" /></way><way id="976" timestamp="2026-03-11T21:52:02Z" uid="1" user="OSMnx" version="1" changeset="1"><nd ref="9841145355" /><nd ref="9841131058" /><tag k="highway" v="residential" /><tag k="oneway" v="no" /></way><way id="977" timestamp="2026-03-11T21:52:02Z" uid="1" user="OSMnx" version="1" changeset="1"><nd ref="9841145357" /><nd ref="9841145359" /><tag k="highway" v="tertiary" /><tag k="name" v="Gurudwara Road" /><tag k="oneway" v="no" /></way><way id="978" timestamp="2026-03-11T21:52:02Z" uid="1" user="OSMnx" version="1" changeset="1"><nd ref="9841145359" /><nd ref="9841145361" /><tag k="highway" v="tertiary" /><tag k="name" v="Gurudwara Road" /><tag k="oneway" v="no" /></way><way id="979" timestamp="2026-03-11T21:52:02Z" uid="1" user="OSMnx" version="1" changeset="1"><nd ref="9841145361" /><nd ref="9840972614" /><tag k="highway" v="tertiary" /><tag k="name" v="Gurudwara Road" /><tag k="oneway" v="no" /></way><way id="980" timestamp="2026-03-11T21:52:02Z" uid="1" user="OSMnx" version="1" changeset="1"><nd ref="9841145363" /><nd ref="6751553047" /><tag k="highway" v="tertiary" /><tag k="name" v="Ajmal Khan Road" /><tag k="oneway" v="no" /></way><way id="981" timestamp="2026-03-11T21:52:02Z" uid="1" user="OSMnx" version="1" changeset="1"><nd ref="9841145363" /><nd ref="9841145361" /><tag k="highway" v="residential" /><tag k="oneway" v="no" /></way><way id="982" timestamp="2026-03-11T21:52:02Z" uid="1" user="OSMnx" version="1" changeset="1"><nd ref="9841218410" /><nd ref="9843103542" /><tag k="highway" v="tertiary" /><tag k="name" v="Ilahi Bux Marg" /><tag k="oneway" v="no" /></way><way id="983" timestamp="2026-03-11T21:52:02Z" uid="1" user="OSMnx" version="1" changeset="1"><nd ref="9841218413" /><nd ref="4235030404" /><tag k="highway" v="tertiary" /><tag k="name" v="Abdul Rahman Marg" /><tag k="oneway" v="no" /></way><way id="984" timestamp="2026-03-11T21:52:02Z" uid="1" user="OSMnx" version="1" changeset="1"><nd ref="9841218414" /><nd ref="4462505685" /><tag k="highway" v="tertiary" /><tag k="name" v="Sri Krishna Dass Marg" /><tag k="oneway" v="no" /></way><way id="985" timestamp="2026-03-11T21:52:02Z" uid="1" user="OSMnx" version="1" changeset="1"><nd ref="9841218414" /><nd ref="9841218413" /><tag k="highway" v="residential" /><tag k="oneway" v="no" /></way><way id="986" timestamp="2026-03-11T21:52:02Z" uid="1" user="OSMnx" version="1" changeset="1"><nd ref="9841218415" /><nd ref="4463859972" /><tag k="highway" v="tertiary" /><tag k="name" v="Sri Krishna Dass Marg" /><tag k="oneway" v="no" /></way><way id="987" timestamp="2026-03-11T21:52:02Z" uid="1" user="OSMnx" version="1" changeset="1"><nd ref="9841218415" /><nd ref="4235030404" /><tag k="highway" v="residential" /><tag k="oneway" v="no" /></way><way id="988" timestamp="2026-03-11T21:52:02Z" uid="1" user="OSMnx" version="1" changeset="1"><nd ref="9841218416" /><nd ref="4463833673" /><tag k="highway" v="tertiary" /><tag k="name" v="Sri Krishna Dass Marg" /><tag k="oneway" v="no" /></way><way id="989" timestamp="2026-03-11T21:52:02Z" uid="1" user="OSMnx" version="1" changeset="1"><nd ref="9841218416" /><nd ref="4235017153" /><tag k="highway" v="residential" /><tag k="oneway" v="no" /></way><way id="990" timestamp="2026-03-11T21:52:02Z" uid="1" user="OSMnx" version="1" changeset="1"><nd ref="9841255618" /><nd ref="9841284698" /><tag k="highway" v="tertiary" /><tag k="name" v="Sri Krishna Dass Marg" /><tag k="oneway" v="no" /></way><way id="991" timestamp="2026-03-11T21:52:02Z" uid="1" user="OSMnx" version="1" changeset="1"><nd ref="9841255618" /><nd ref="9841145346" /><tag k="highway" v="residential" /><tag k="oneway" v="no" /></way><way id="992" timestamp="2026-03-11T21:52:02Z" uid="1" user="OSMnx" version="1" changeset="1"><nd ref="9841255619" /><nd ref="9841145348" /><tag k="highway" v="residential" /><tag k="name" v="Abdul Aziz Road" /><tag k="oneway" v="no" /></way><way id="993" timestamp="2026-03-11T21:52:02Z" uid="1" user="OSMnx" version="1" changeset="1"><nd ref="9841255620" /><nd ref="943640939" /><tag k="highway" v="tertiary" /><tag k="name" v="Sri Krishna Dass Marg" /><tag k="oneway" v="no" /></way><way id="994" timestamp="2026-03-11T21:52:02Z" uid="1" user="OSMnx" version="1" changeset="1"><nd ref="9841255620" /><nd ref="9841255619" /><tag k="highway" v="residential" /><tag k="oneway" v="no" /></way><way id="995" timestamp="2026-03-11T21:52:02Z" uid="1" user="OSMnx" version="1" changeset="1"><nd ref="9841255621" /><nd ref="9841145346" /><tag k="highway" v="residential" /><tag k="name" v="Abdul Aziz Road" /><tag k="oneway" v="no" /></way><way id="996" timestamp="2026-03-11T21:52:02Z" uid="1" user="OSMnx" version="1" changeset="1"><nd ref="9841255622" /><nd ref="9841284700" /><tag k="highway" v="tertiary" /><tag k="name" v="Sri Krishna Dass Marg" /><tag k="oneway" v="no" /></way><way id="997" timestamp="2026-03-11T21:52:02Z" uid="1" user="OSMnx" version="1" changeset="1"><nd ref="9841255622" /><nd ref="9841255621" /><tag k="highway" v="residential" /><tag k="oneway" v="no" /></way><way id="998" timestamp="2026-03-11T21:52:02Z" uid="1" user="OSMnx" version="1" changeset="1"><nd ref="9841255623" /><nd ref="9841145344" /><tag k="highway" v="residential" /><tag k="name" v="Abdul Aziz Road" /><tag k="oneway" v="no" /></way><way id="999" timestamp="2026-03-11T21:52:02Z" uid="1" user="OSMnx" version="1" changeset="1"><nd ref="9841255624" /><nd ref="9841284696" /><tag k="highway" v="tertiary" /><tag k="name" v="Sri Krishna Dass Marg" /><tag k="oneway" v="no" /></way><way id="1000" timestamp="2026-03-11T21:52:02Z" uid="1" user="OSMnx" version="1" changeset="1"><nd ref="9841255624" /><nd ref="9841255623" /><tag k="highway" v="residential" /><tag k="oneway" v="no" /></way><way id="1001" timestamp="2026-03-11T21:52:02Z" uid="1" user="OSMnx" version="1" changeset="1"><nd ref="9841255626" /><nd ref="4235031028" /><tag k="highway" v="tertiary" /><tag k="name" v="Sri Krishna Dass Marg" /><tag k="oneway" v="no" /></way><way id="1002" timestamp="2026-03-11T21:52:02Z" uid="1" user="OSMnx" version="1" changeset="1"><nd ref="9841255626" /><nd ref="9841145344" /><tag k="highway" v="residential" /><tag k="oneway" v="no" /></way><way id="1003" timestamp="2026-03-11T21:52:02Z" uid="1" user="OSMnx" version="1" changeset="1"><nd ref="9841255627" /><nd ref="9841255630" /><tag k="highway" v="residential" /><tag k="name" v="Abdul Aziz Road" /><tag k="oneway" v="no" /></way><way id="1004" timestamp="2026-03-11T21:52:02Z" uid="1" user="OSMnx" version="1" changeset="1"><nd ref="9841255629" /><nd ref="4235031030" /><tag k="highway" v="tertiary" /><tag k="name" v="Sri Krishna Dass Marg" /><tag k="oneway" v="no" /></way><way id="1005" timestamp="2026-03-11T21:52:02Z" uid="1" user="OSMnx" version="1" changeset="1"><nd ref="9841255629" /><nd ref="9841255627" /><tag k="highway" v="residential" /><tag k="oneway" v="no" /></way><way id="1006" timestamp="2026-03-11T21:52:02Z" uid="1" user="OSMnx" version="1" changeset="1"><nd ref="9841255630" /><nd ref="9841145342" /><tag k="highway" v="residential" /><tag k="name" v="Abdul Aziz Road" /><tag k="oneway" v="no" /></way><way id="1007" timestamp="2026-03-11T21:52:02Z" uid="1" user="OSMnx" version="1" changeset="1"><nd ref="9841255632" /><nd ref="9841284694" /><tag k="highway" v="tertiary" /><tag k="name" v="Sri Krishna Dass Marg" /><tag k="oneway" v="no" /></way><way id="1008" timestamp="2026-03-11T21:52:02Z" uid="1" user="OSMnx" version="1" changeset="1"><nd ref="9841255632" /><nd ref="9841255630" /><tag k="highway" v="residential" /><tag k="oneway" v="no" /></way><way id="1009" timestamp="2026-03-11T21:52:02Z" uid="1" user="OSMnx" version="1" changeset="1"><nd ref="9841255633" /><nd ref="9841145343" /><tag k="highway" v="residential" /><tag k="name" v="Abdul Aziz Road" /><tag k="oneway" v="no" /></way><way id="1010" timestamp="2026-03-11T21:52:02Z" uid="1" user="OSMnx" version="1" changeset="1"><nd ref="9841255634" /><nd ref="9841255632" /><tag k="highway" v="tertiary" /><tag k="name" v="Sri Krishna Dass Marg" /><tag k="oneway" v="no" /></way><way id="1011" timestamp="2026-03-11T21:52:02Z" uid="1" user="OSMnx" version="1" changeset="1"><nd ref="9841255634" /><nd ref="9841255633" /><tag k="highway" v="residential" /><tag k="oneway" v="no" /></way><way id="1012" timestamp="2026-03-11T21:52:02Z" uid="1" user="OSMnx" version="1" changeset="1"><nd ref="9841255634" /><nd ref="4235017148" /><tag k="highway" v="residential" /><tag k="oneway" v="no" /></way><way id="1013" timestamp="2026-03-11T21:52:02Z" uid="1" user="OSMnx" version="1" changeset="1"><nd ref="9841255635" /><nd ref="9841145341" /><tag k="highway" v="residential" /><tag k="name" v="Abdul Aziz Road" /><tag k="oneway" v="no" /></way><way id="1014" timestamp="2026-03-11T21:52:02Z" uid="1" user="OSMnx" version="1" changeset="1"><nd ref="9841255637" /><nd ref="4235031031" /><tag k="highway" v="tertiary" /><tag k="name" v="Sri Krishna Dass Marg" /><tag k="oneway" v="no" /></way><way id="1015" timestamp="2026-03-11T21:52:02Z" uid="1" user="OSMnx" version="1" changeset="1"><nd ref="9841255637" /><nd ref="9841255635" /><tag k="highway" v="residential" /><tag k="oneway" v="no" /></way><way id="1016" timestamp="2026-03-11T21:52:02Z" uid="1" user="OSMnx" version="1" changeset="1"><nd ref="9841255638" /><nd ref="943641266" /><tag k="highway" v="residential" /><tag k="name" v="Abdul Aziz Road" /><tag k="oneway" v="no" /></way><way id="1017" timestamp="2026-03-11T21:52:02Z" uid="1" user="OSMnx" version="1" changeset="1"><nd ref="9841255640" /><nd ref="4235031032" /><tag k="highway" v="tertiary" /><tag k="name" v="Sri Krishna Dass Marg" /><tag k="oneway" v="no" /></way><way id="1018" timestamp="2026-03-11T21:52:02Z" uid="1" user="OSMnx" version="1" changeset="1"><nd ref="9841255640" /><nd ref="9841255638" /><tag k="highway" v="residential" /><tag k="oneway" v="no" /></way><way id="1019" timestamp="2026-03-11T21:52:02Z" uid="1" user="OSMnx" version="1" changeset="1"><nd ref="9841262317" /><nd ref="1869899504" /><tag k="highway" v="residential" /><tag k="name" v="Abdul Aziz Road" /><tag k="oneway" v="no" /></way><way id="1020" timestamp="2026-03-11T21:52:02Z" uid="1" user="OSMnx" version="1" changeset="1"><nd ref="9841262318" /><nd ref="9841262320" /><tag k="highway" v="tertiary" /><tag k="name" v="Sri Krishna Dass Marg" /><tag k="oneway" v="no" /></way><way id="1021" timestamp="2026-03-11T21:52:02Z" uid="1" user="OSMnx" version="1" changeset="1"><nd ref="9841262318" /><nd ref="9841262317" /><tag k="highway" v="residential" /><tag k="oneway" v="no" /></way><way id="1022" timestamp="2026-03-11T21:52:02Z" uid="1" user="OSMnx" version="1" changeset="1"><nd ref="9841262319" /><nd ref="9841085009" /><tag k="highway" v="residential" /><tag k="name" v="Abdul Aziz Road" /><tag k="oneway" v="no" /></way><way id="1023" timestamp="2026-03-11T21:52:02Z" uid="1" user="OSMnx" version="1" changeset="1"><nd ref="9841262320" /><nd ref="9841262322" /><tag k="highway" v="tertiary" /><tag k="name" v="Sri Krishna Dass Marg" /><tag k="oneway" v="no" /></way><way id="1024" timestamp="2026-03-11T21:52:02Z" uid="1" user="OSMnx" version="1" changeset="1"><nd ref="9841262320" /><nd ref="9841262319" /><tag k="highway" v="residential" /><tag k="oneway" v="no" /></way><way id="1025" timestamp="2026-03-11T21:52:02Z" uid="1" user="OSMnx" version="1" changeset="1"><nd ref="9841262320" /><nd ref="9843103553" /><tag k="highway" v="residential" /><tag k="oneway" v="no" /></way><way id="1026" timestamp="2026-03-11T21:52:02Z" uid="1" user="OSMnx" version="1" changeset="1"><nd ref="9841262321" /><nd ref="9841085007" /><tag k="highway" v="residential" /><tag k="name" v="Abdul Aziz Road" /><tag k="oneway" v="no" /></way><way id="1027" timestamp="2026-03-11T21:52:02Z" uid="1" user="OSMnx" version="1" changeset="1"><nd ref="9841262322" /><nd ref="9841262324" /><tag k="highway" v="tertiary" /><tag k="name" v="Sri Krishna Dass Marg" /><tag k="oneway" v="no" /></way><way id="1028" timestamp="2026-03-11T21:52:02Z" uid="1" user="OSMnx" version="1" changeset="1"><nd ref="9841262322" /><nd ref="9841262321" /><tag k="highway" v="residential" /><tag k="oneway" v="no" /></way><way id="1029" timestamp="2026-03-11T21:52:02Z" uid="1" user="OSMnx" version="1" changeset="1"><nd ref="9841262322" /><nd ref="9843103551" /><tag k="highway" v="residential" /><tag k="oneway" v="no" /></way><way id="1030" timestamp="2026-03-11T21:52:02Z" uid="1" user="OSMnx" version="1" changeset="1"><nd ref="9841262323" /><nd ref="9841085005" /><tag k="highway" v="residential" /><tag k="name" v="Abdul Aziz Road" /><tag k="oneway" v="no" /></way><way id="1031" timestamp="2026-03-11T21:52:02Z" uid="1" user="OSMnx" version="1" changeset="1"><nd ref="9841262324" /><nd ref="9841262326" /><tag k="highway" v="tertiary" /><tag k="name" v="Sri Krishna Dass Marg" /><tag k="oneway" v="no" /></way><way id="1032" timestamp="2026-03-11T21:52:02Z" uid="1" user="OSMnx" version="1" changeset="1"><nd ref="9841262324" /><nd ref="9841262323" /><tag k="highway" v="residential" /><tag k="oneway" v="no" /></way><way id="1033" timestamp="2026-03-11T21:52:02Z" uid="1" user="OSMnx" version="1" changeset="1"><nd ref="9841262324" /><nd ref="9843103549" /><tag k="highway" v="residential" /><tag k="oneway" v="no" /></way><way id="1034" timestamp="2026-03-11T21:52:02Z" uid="1" user="OSMnx" version="1" changeset="1"><nd ref="9841262325" /><nd ref="9841085003" /><tag k="highway" v="residential" /><tag k="name" v="Abdul Aziz Road" /><tag k="oneway" v="no" /></way><way id="1035" timestamp="2026-03-11T21:52:02Z" uid="1" user="OSMnx" version="1" changeset="1"><nd ref="9841262326" /><nd ref="9841262325" /><tag k="highway" v="residential" /><tag k="oneway" v="no" /></way><way id="1036" timestamp="2026-03-11T21:52:02Z" uid="1" user="OSMnx" version="1" changeset="1"><nd ref="9841262326" /><nd ref="10598455892" /><tag k="highway" v="tertiary" /><tag k="name" v="Sri Krishna Dass Marg" /><tag k="oneway" v="no" /></way><way id="1037" timestamp="2026-03-11T21:52:02Z" uid="1" user="OSMnx" version="1" changeset="1"><nd ref="9841262326" /><nd ref="9843103547" /><tag k="highway" v="residential" /><tag k="oneway" v="no" /></way><way id="1038" timestamp="2026-03-11T21:52:02Z" uid="1" user="OSMnx" version="1" changeset="1"><nd ref="9841284689" /><nd ref="9841284690" /><tag k="highway" v="tertiary" /><tag k="name" v="Ilahi Bux Marg" /><tag k="oneway" v="no" /></way><way id="1039" timestamp="2026-03-11T21:52:02Z" uid="1" user="OSMnx" version="1" changeset="1"><nd ref="9841284690" /><nd ref="4462513560" /><tag k="highway" v="tertiary" /><tag k="name" v="Ilahi Bux Marg" /><tag k="oneway" v="no" /></way><way id="1040" timestamp="2026-03-11T21:52:02Z" uid="1" user="OSMnx" version="1" changeset="1"><nd ref="9841284691" /><nd ref="1869899503" /><tag k="highway" v="tertiary" /><tag k="name" v="Ilahi Bux Marg" /><tag k="oneway" v="no" /></way><way id="1041" timestamp="2026-03-11T21:52:02Z" uid="1" user="OSMnx" version="1" changeset="1"><nd ref="9841284692" /><nd ref="9841218413" /><tag k="highway" v="tertiary" /><tag k="name" v="Abdul Rahman Marg" /><tag k="oneway" v="no" /></way><way id="1042" timestamp="2026-03-11T21:52:02Z" uid="1" user="OSMnx" version="1" changeset="1"><nd ref="9841284692" /><nd ref="9841284691" /><tag k="highway" v="residential" /><tag k="oneway" v="no" /></way><way id="1043" timestamp="2026-03-11T21:52:02Z" uid="1" user="OSMnx" version="1" changeset="1"><nd ref="9841284694" /><nd ref="9841255629" /><tag k="highway" v="tertiary" /><tag k="name" v="Sri Krishna Dass Marg" /><tag k="oneway" v="no" /></way><way id="1044" timestamp="2026-03-11T21:52:02Z" uid="1" user="OSMnx" version="1" changeset="1"><nd ref="9841284694" /><nd ref="4235017147" /><tag k="highway" v="residential" /><tag k="oneway" v="no" /></way><way id="1045" timestamp="2026-03-11T21:52:02Z" uid="1" user="OSMnx" version="1" changeset="1"><nd ref="9841284696" /><nd ref="9841255618" /><tag k="highway" v="tertiary" /><tag k="name" v="Sri Krishna Dass Marg" /><tag k="oneway" v="no" /></way><way id="1046" timestamp="2026-03-11T21:52:02Z" uid="1" user="OSMnx" version="1" changeset="1"><nd ref="9841284696" /><nd ref="4235017143" /><tag k="highway" v="residential" /><tag k="oneway" v="no" /></way><way id="1047" timestamp="2026-03-11T21:52:02Z" uid="1" user="OSMnx" version="1" changeset="1"><nd ref="9841284697" /><nd ref="4235017143" /><tag k="highway" v="tertiary" /><tag k="name" v="Abdul Rahman Marg" /><tag k="oneway" v="no" /></way><way id="1048" timestamp="2026-03-11T21:52:02Z" uid="1" user="OSMnx" version="1" changeset="1"><nd ref="9841284698" /><nd ref="9841255622" /><tag k="highway" v="tertiary" /><tag k="name" v="Sri Krishna Dass Marg" /><tag k="oneway" v="no" /></way><way id="1049" timestamp="2026-03-11T21:52:02Z" uid="1" user="OSMnx" version="1" changeset="1"><nd ref="9841284698" /><nd ref="9841284697" /><tag k="highway" v="residential" /><tag k="oneway" v="no" /></way><way id="1050" timestamp="2026-03-11T21:52:02Z" uid="1" user="OSMnx" version="1" changeset="1"><nd ref="9841284700" /><nd ref="9841255620" /><tag k="highway" v="tertiary" /><tag k="name" v="Sri Krishna Dass Marg" /><tag k="oneway" v="no" /></way><way id="1051" timestamp="2026-03-11T21:52:02Z" uid="1" user="OSMnx" version="1" changeset="1"><nd ref="9841284700" /><nd ref="4235017138" /><tag k="highway" v="residential" /><tag k="oneway" v="no" /></way><way id="1052" timestamp="2026-03-11T21:52:02Z" uid="1" user="OSMnx" version="1" changeset="1"><nd ref="9843077187" /><nd ref="4462555209" /><tag k="highway" v="tertiary" /><tag k="name" v="Faiz Road" /><tag k="oneway" v="no" /></way><way id="1053" timestamp="2026-03-11T21:52:02Z" uid="1" user="OSMnx" version="1" changeset="1"><nd ref="9843077189" /><nd ref="4234992520" /><tag k="highway" v="tertiary" /><tag k="name" v="Joshi Road" /><tag k="oneway" v="no" /></way><way id="1054" timestamp="2026-03-11T21:52:02Z" uid="1" user="OSMnx" version="1" changeset="1"><nd ref="9843077189" /><nd ref="9843077187" /><tag k="highway" v="residential" /><tag k="oneway" v="no" /></way><way id="1055" timestamp="2026-03-11T21:52:02Z" uid="1" user="OSMnx" version="1" changeset="1"><nd ref="9843077193" /><nd ref="4235017132" /><tag k="highway" v="tertiary" /><tag k="name" v="Ilahi Bux Marg" /><tag k="oneway" v="no" /></way><way id="1056" timestamp="2026-03-11T21:52:02Z" uid="1" user="OSMnx" version="1" changeset="1"><nd ref="9843077194" /><nd ref="9843077193" /><tag k="highway" v="residential" /><tag k="oneway" v="no" /></way><way id="1057" timestamp="2026-03-11T21:52:02Z" uid="1" user="OSMnx" version="1" changeset="1"><nd ref="9843077194" /><nd ref="6998001694" /><tag k="highway" v="tertiary" /><tag k="oneway" v="no" /></way><way id="1058" timestamp="2026-03-11T21:52:02Z" uid="1" user="OSMnx" version="1" changeset="1"><nd ref="9843077195" /><nd ref="9843077196" /><tag k="highway" v="tertiary" /><tag k="oneway" v="no" /></way><way id="1059" timestamp="2026-03-11T21:52:02Z" uid="1" user="OSMnx" version="1" changeset="1"><nd ref="9843077195" /><nd ref="9841284691" /><tag k="highway" v="residential" /><tag k="oneway" v="no" /></way><way id="1060" timestamp="2026-03-11T21:52:02Z" uid="1" user="OSMnx" version="1" changeset="1"><nd ref="9843077196" /><nd ref="9843077197" /><tag k="highway" v="tertiary" /><tag k="oneway" v="no" /></way><way id="1061" timestamp="2026-03-11T21:52:02Z" uid="1" user="OSMnx" version="1" changeset="1"><nd ref="9843077196" /><nd ref="9843103542" /><tag k="highway" v="residential" /><tag k="oneway" v="no" /></way><way id="1062" timestamp="2026-03-11T21:52:02Z" uid="1" user="OSMnx" version="1" changeset="1"><nd ref="9843077197" /><nd ref="9843077198" /><tag k="highway" v="tertiary" /><tag k="oneway" v="no" /></way><way id="1063" timestamp="2026-03-11T21:52:02Z" uid="1" user="OSMnx" version="1" changeset="1"><nd ref="9843077197" /><nd ref="9841218410" /><tag k="highway" v="residential" /><tag k="oneway" v="no" /></way><way id="1064" timestamp="2026-03-11T21:52:02Z" uid="1" user="OSMnx" version="1" changeset="1"><nd ref="9843077198" /><nd ref="4462501445" /><tag k="highway" v="residential" /><tag k="oneway" v="no" /></way><way id="1065" timestamp="2026-03-11T21:52:02Z" uid="1" user="OSMnx" version="1" changeset="1"><nd ref="9843077198" /><nd ref="291511684" /><tag k="highway" v="tertiary" /><tag k="name" v="Faiz Road" /><tag k="oneway" v="no" /></way><way id="1066" timestamp="2026-03-11T21:52:02Z" uid="1" user="OSMnx" version="1" changeset="1"><nd ref="9843103542" /><nd ref="9841284691" /><tag k="highway" v="tertiary" /><tag k="name" v="Ilahi Bux Marg" /><tag k="oneway" v="no" /></way><way id="1067" timestamp="2026-03-11T21:52:02Z" uid="1" user="OSMnx" version="1" changeset="1"><nd ref="9843103542" /><nd ref="9841218413" /><tag k="highway" v="residential" /><tag k="oneway" v="no" /></way><way id="1068" timestamp="2026-03-11T21:52:02Z" uid="1" user="OSMnx" version="1" changeset="1"><nd ref="9843103547" /><nd ref="9843103549" /><tag k="highway" v="tertiary" /><tag k="name" v="Abdul Rahman Marg" /><tag k="oneway" v="no" /></way><way id="1069" timestamp="2026-03-11T21:52:02Z" uid="1" user="OSMnx" version="1" changeset="1"><nd ref="9843103548" /><nd ref="10598455890" /><tag k="highway" v="tertiary" /><tag k="name" v="Ilahi Bux Marg" /><tag k="oneway" v="no" /></way><way id="1070" timestamp="2026-03-11T21:52:02Z" uid="1" user="OSMnx" version="1" changeset="1"><nd ref="9843103548" /><nd ref="9843103547" /><tag k="highway" v="residential" /><tag k="oneway" v="no" /></way><way id="1071" timestamp="2026-03-11T21:52:02Z" uid="1" user="OSMnx" version="1" changeset="1"><nd ref="9843103549" /><nd ref="9843103551" /><tag k="highway" v="tertiary" /><tag k="name" v="Abdul Rahman Marg" /><tag k="oneway" v="no" /></way><way id="1072" timestamp="2026-03-11T21:52:02Z" uid="1" user="OSMnx" version="1" changeset="1"><nd ref="9843103550" /><nd ref="9843103548" /><tag k="highway" v="tertiary" /><tag k="name" v="Ilahi Bux Marg" /><tag k="oneway" v="no" /></way><way id="1073" timestamp="2026-03-11T21:52:02Z" uid="1" user="OSMnx" version="1" changeset="1"><nd ref="9843103550" /><nd ref="9843103549" /><tag k="highway" v="residential" /><tag k="oneway" v="no" /></way><way id="1074" timestamp="2026-03-11T21:52:02Z" uid="1" user="OSMnx" version="1" changeset="1"><nd ref="9843103551" /><nd ref="9843103553" /><tag k="highway" v="tertiary" /><tag k="name" v="Abdul Rahman Marg" /><tag k="oneway" v="no" /></way><way id="1075" timestamp="2026-03-11T21:52:02Z" uid="1" user="OSMnx" version="1" changeset="1"><nd ref="9843103552" /><nd ref="9843103550" /><tag k="highway" v="tertiary" /><tag k="name" v="Ilahi Bux Marg" /><tag k="oneway" v="no" /></way><way id="1076" timestamp="2026-03-11T21:52:02Z" uid="1" user="OSMnx" version="1" changeset="1"><nd ref="9843103552" /><nd ref="9843103551" /><tag k="highway" v="residential" /><tag k="oneway" v="no" /></way><way id="1077" timestamp="2026-03-11T21:52:02Z" uid="1" user="OSMnx" version="1" changeset="1"><nd ref="9843103553" /><nd ref="9843103555" /><tag k="highway" v="tertiary" /><tag k="name" v="Abdul Rahman Marg" /><tag k="oneway" v="no" /></way><way id="1078" timestamp="2026-03-11T21:52:02Z" uid="1" user="OSMnx" version="1" changeset="1"><nd ref="9843103554" /><nd ref="9843103552" /><tag k="highway" v="tertiary" /><tag k="name" v="Ilahi Bux Marg" /><tag k="oneway" v="no" /></way><way id="1079" timestamp="2026-03-11T21:52:02Z" uid="1" user="OSMnx" version="1" changeset="1"><nd ref="9843103554" /><nd ref="9843103553" /><tag k="highway" v="residential" /><tag k="oneway" v="no" /></way><way id="1080" timestamp="2026-03-11T21:52:02Z" uid="1" user="OSMnx" version="1" changeset="1"><nd ref="9843103555" /><nd ref="943684550" /><tag k="highway" v="tertiary" /><tag k="name" v="Abdul Rahman Marg" /><tag k="oneway" v="no" /></way><way id="1081" timestamp="2026-03-11T21:52:02Z" uid="1" user="OSMnx" version="1" changeset="1"><nd ref="9843103555" /><nd ref="9841262318" /><tag k="highway" v="residential" /><tag k="oneway" v="no" /></way><way id="1082" timestamp="2026-03-11T21:52:02Z" uid="1" user="OSMnx" version="1" changeset="1"><nd ref="9843103556" /><nd ref="9843103554" /><tag k="highway" v="tertiary" /><tag k="name" v="Ilahi Bux Marg" /><tag k="oneway" v="no" /></way><way id="1083" timestamp="2026-03-11T21:52:02Z" uid="1" user="OSMnx" version="1" changeset="1"><nd ref="9843103556" /><nd ref="9843103555" /><tag k="highway" v="residential" /><tag k="oneway" v="no" /></way><way id="1084" timestamp="2026-03-11T21:52:02Z" uid="1" user="OSMnx" version="1" changeset="1"><nd ref="9843112146" /><nd ref="943684524" /><tag k="highway" v="tertiary" /><tag k="name" v="Nand Kishor Dhawan Marg" /><tag k="oneway" v="no" /></way><way id="1085" timestamp="2026-03-11T21:52:02Z" uid="1" user="OSMnx" version="1" changeset="1"><nd ref="9843112146" /><nd ref="13141338609" /><tag k="highway" v="tertiary" /><tag k="oneway" v="no" /></way><way id="1086" timestamp="2026-03-11T21:52:02Z" uid="1" user="OSMnx" version="1" changeset="1"><nd ref="9843112147" /><nd ref="291511684" /><tag k="highway" v="tertiary" /><tag k="name" v="Deshbandhu Gupta Road" /><tag k="oneway" v="no" /></way><way id="1087" timestamp="2026-03-11T21:52:02Z" uid="1" user="OSMnx" version="1" changeset="1"><nd ref="9843112147" /><nd ref="943640998" /><tag k="highway" v="tertiary" /><tag k="name" v="Faiz Road" /><tag k="oneway" v="no" /></way><way id="1088" timestamp="2026-03-11T21:52:02Z" uid="1" user="OSMnx" version="1" changeset="1"><nd ref="9843112148" /><nd ref="9843112149" /><tag k="highway" v="tertiary" /><tag k="oneway" v="no" /></way><way id="1089" timestamp="2026-03-11T21:52:02Z" uid="1" user="OSMnx" version="1" changeset="1"><nd ref="9843112149" /><nd ref="943640712" /><tag k="highway" v="primary" /><tag k="name" v="New Rohtak Road" /><tag k="oneway" v="no" /></way><way id="1090" timestamp="2026-03-11T21:52:02Z" uid="1" user="OSMnx" version="1" changeset="1"><nd ref="9843112149" /><nd ref="9862379296" /><tag k="highway" v="tertiary" /><tag k="oneway" v="no" /></way><way id="1091" timestamp="2026-03-11T21:52:02Z" uid="1" user="OSMnx" version="1" changeset="1"><nd ref="9843112157" /><nd ref="9843112147" /><tag k="highway" v="tertiary" /><tag k="oneway" v="no" /></way><way id="1092" timestamp="2026-03-11T21:52:02Z" uid="1" user="OSMnx" version="1" changeset="1"><nd ref="9843112158" /><nd ref="4235023046" /><tag k="highway" v="tertiary" /><tag k="name" v="Joshi Road" /><tag k="oneway" v="no" /></way><way id="1093" timestamp="2026-03-11T21:52:02Z" uid="1" user="OSMnx" version="1" changeset="1"><nd ref="9843112160" /><nd ref="4463794512" /><tag k="highway" v="tertiary" /><tag k="name" v="Faiz Road" /><tag k="oneway" v="no" /></way><way id="1094" timestamp="2026-03-11T21:52:02Z" uid="1" user="OSMnx" version="1" changeset="1"><nd ref="9843112160" /><nd ref="9843112158" /><tag k="highway" v="residential" /><tag k="oneway" v="no" /></way><way id="1095" timestamp="2026-03-11T21:52:02Z" uid="1" user="OSMnx" version="1" changeset="1"><nd ref="9843139210" /><nd ref="9843139212" /><tag k="highway" v="residential" /><tag k="name" v="Abdul Aziz Road" /><tag k="oneway" v="no" /></way><way id="1096" timestamp="2026-03-11T21:52:02Z" uid="1" user="OSMnx" version="1" changeset="1"><nd ref="9843139212" /><nd ref="9843139211" /><tag k="highway" v="residential" /><tag k="oneway" v="no" /></way><way id="1097" timestamp="2026-03-11T21:52:02Z" uid="1" user="OSMnx" version="1" changeset="1"><nd ref="9843139212" /><nd ref="4235033593" /><tag k="highway" v="residential" /><tag k="name" v="Abdul Aziz Road" /><tag k="oneway" v="no" /></way><way id="1098" timestamp="2026-03-11T21:52:02Z" uid="1" user="OSMnx" version="1" changeset="1"><nd ref="9843139213" /><nd ref="943641082" /><tag k="highway" v="tertiary" /><tag k="name" v="Sat Bhirawan Marg" /><tag k="oneway" v="no" /></way><way id="1099" timestamp="2026-03-11T21:52:02Z" uid="1" user="OSMnx" version="1" changeset="1"><nd ref="9843139214" /><nd ref="9843139213" /><tag k="highway" v="residential" /><tag k="oneway" v="no" /></way><way id="1100" timestamp="2026-03-11T21:52:02Z" uid="1" user="OSMnx" version="1" changeset="1"><nd ref="9843139214" /><nd ref="10274798770" /><tag k="highway" v="residential" /><tag k="name" v="Abdul Aziz Road" /><tag k="oneway" v="no" /></way><way id="1101" timestamp="2026-03-11T21:52:02Z" uid="1" user="OSMnx" version="1" changeset="1"><nd ref="9843152817" /><nd ref="9181759808" /><tag k="highway" v="tertiary" /><tag k="name" v="Joshi Road" /><tag k="oneway" v="no" /></way><way id="1102" timestamp="2026-03-11T21:52:02Z" uid="1" user="OSMnx" version="1" changeset="1"><nd ref="9843152818" /><nd ref="9181759809" /><tag k="highway" v="tertiary" /><tag k="name" v="Faiz Road" /><tag k="oneway" v="no" /></way><way id="1103" timestamp="2026-03-11T21:52:02Z" uid="1" user="OSMnx" version="1" changeset="1"><nd ref="9843152818" /><nd ref="9843152817" /><tag k="highway" v="residential" /><tag k="oneway" v="no" /></way><way id="1104" timestamp="2026-03-11T21:52:02Z" uid="1" user="OSMnx" version="1" changeset="1"><nd ref="9843177719" /><nd ref="10997032708" /><tag k="highway" v="tertiary" /><tag k="name" v="Saraswati Marg" /><tag k="oneway" v="no" /></way><way id="1105" timestamp="2026-03-11T21:52:02Z" uid="1" user="OSMnx" version="1" changeset="1"><nd ref="9843177719" /><nd ref="6726571408" /><tag k="highway" v="residential" /><tag k="oneway" v="no" /></way><way id="1106" timestamp="2026-03-11T21:52:02Z" uid="1" user="OSMnx" version="1" changeset="1"><nd ref="9843177719" /><nd ref="12090245425" /><tag k="highway" v="residential" /><tag k="oneway" v="no" /></way><way id="1107" timestamp="2026-03-11T21:52:02Z" uid="1" user="OSMnx" version="1" changeset="1"><nd ref="9843177720" /><nd ref="6737890420" /><tag k="highway" v="residential" /><tag k="oneway" v="no" /></way><way id="1108" timestamp="2026-03-11T21:52:02Z" uid="1" user="OSMnx" version="1" changeset="1"><nd ref="9843177720" /><nd ref="6488018620" /><tag k="highway" v="tertiary" /><tag k="name" v="Saraswati Marg" /><tag k="oneway" v="no" /></way><way id="1109" timestamp="2026-03-11T21:52:02Z" uid="1" user="OSMnx" version="1" changeset="1"><nd ref="9843177722" /><nd ref="6636661921" /><tag k="highway" v="residential" /><tag k="name" v="Road No 9" /><tag k="oneway" v="no" /></way><way id="1110" timestamp="2026-03-11T21:52:02Z" uid="1" user="OSMnx" version="1" changeset="1"><nd ref="9843177722" /><nd ref="9843177720" /><tag k="highway" v="residential" /><tag k="oneway" v="no" /></way><way id="1111" timestamp="2026-03-11T21:52:02Z" uid="1" user="OSMnx" version="1" changeset="1"><nd ref="9843177724" /><nd ref="6730511852" /><tag k="highway" v="tertiary" /><tag k="name" v="Ajmal Khan Road" /><tag k="oneway" v="no" /></way><way id="1112" timestamp="2026-03-11T21:52:02Z" uid="1" user="OSMnx" version="1" changeset="1"><nd ref="9843177724" /><nd ref="9843177727" /><tag k="highway" v="residential" /><tag k="oneway" v="no" /></way><way id="1113" timestamp="2026-03-11T21:52:02Z" uid="1" user="OSMnx" version="1" changeset="1"><nd ref="9843177725" /><nd ref="9843177727" /><tag k="highway" v="tertiary" /><tag k="name" v="Saraswati Marg" /><tag k="oneway" v="no" /></way><way id="1114" timestamp="2026-03-11T21:52:02Z" uid="1" user="OSMnx" version="1" changeset="1"><nd ref="9843177726" /><nd ref="9843177725" /><tag k="highway" v="residential" /><tag k="oneway" v="no" /></way><way id="1115" timestamp="2026-03-11T21:52:02Z" uid="1" user="OSMnx" version="1" changeset="1"><nd ref="9843177727" /><nd ref="943641159" /><tag k="highway" v="tertiary" /><tag k="name" v="Saraswati Marg" /><tag k="oneway" v="no" /></way><way id="1116" timestamp="2026-03-11T21:52:02Z" uid="1" user="OSMnx" version="1" changeset="1"><nd ref="9843177728" /><nd ref="12121803949" /><tag k="highway" v="residential" /><tag k="oneway" v="no" /></way><way id="1117" timestamp="2026-03-11T21:52:02Z" uid="1" user="OSMnx" version="1" changeset="1"><nd ref="9843177729" /><nd ref="9843177730" /><tag k="highway" v="residential" /><tag k="name" v="Road No 9" /><tag k="oneway" v="no" /></way><way id="1118" timestamp="2026-03-11T21:52:02Z" uid="1" user="OSMnx" version="1" changeset="1"><nd ref="9843177729" /><nd ref="9865681671" /><tag k="highway" v="residential" /><tag k="oneway" v="no" /></way><way id="1119" timestamp="2026-03-11T21:52:02Z" uid="1" user="OSMnx" version="1" changeset="1"><nd ref="9843177730" /><nd ref="943640944" /><tag k="highway" v="residential" /><tag k="name" v="Road No 9" /><tag k="oneway" v="no" /></way><way id="1120" timestamp="2026-03-11T21:52:02Z" uid="1" user="OSMnx" version="1" changeset="1"><nd ref="9843177731" /><nd ref="9865681671" /><tag k="highway" v="residential" /><tag k="name" v="Vishnu Mandir Marg" /><tag k="oneway" v="no" /></way><way id="1121" timestamp="2026-03-11T21:52:02Z" uid="1" user="OSMnx" version="1" changeset="1"><nd ref="9843177731" /><nd ref="9843177730" /><tag k="highway" v="residential" /><tag k="oneway" v="no" /></way><way id="1122" timestamp="2026-03-11T21:52:02Z" uid="1" user="OSMnx" version="1" changeset="1"><nd ref="9843177732" /><nd ref="9843177729" /><tag k="highway" v="residential" /><tag k="name" v="Road No 9" /><tag k="oneway" v="no" /></way><way id="1123" timestamp="2026-03-11T21:52:02Z" uid="1" user="OSMnx" version="1" changeset="1"><nd ref="9862379296" /><nd ref="6643017375" /><tag k="highway" v="residential" /><tag k="oneway" v="no" /></way><way id="1124" timestamp="2026-03-11T21:52:02Z" uid="1" user="OSMnx" version="1" changeset="1"><nd ref="9862379296" /><nd ref="9843112146" /><tag k="highway" v="tertiary" /><tag k="oneway" v="no" /></way><way id="1125" timestamp="2026-03-11T21:52:02Z" uid="1" user="OSMnx" version="1" changeset="1"><nd ref="9864870701" /><nd ref="943640917" /><tag k="highway" v="tertiary" /><tag k="name" v="Guru Ravi Das Marg" /><tag k="oneway" v="no" /></way><way id="1126" timestamp="2026-03-11T21:52:02Z" uid="1" user="OSMnx" version="1" changeset="1"><nd ref="9864870703" /><nd ref="9864870706" /><tag k="highway" v="residential" /><tag k="oneway" v="no" /></way><way id="1127" timestamp="2026-03-11T21:52:02Z" uid="1" user="OSMnx" version="1" changeset="1"><nd ref="9864870703" /><nd ref="943640797" /><tag k="highway" v="tertiary" /><tag k="name" v="Ram Kishan Dass Road" /><tag k="oneway" v="no" /></way><way id="1128" timestamp="2026-03-11T21:52:02Z" uid="1" user="OSMnx" version="1" changeset="1"><nd ref="9864870703" /><nd ref="9864870705" /><tag k="highway" v="residential" /><tag k="oneway" v="no" /></way><way id="1129" timestamp="2026-03-11T21:52:02Z" uid="1" user="OSMnx" version="1" changeset="1"><nd ref="9864870705" /><nd ref="6636661932" /><tag k="highway" v="residential" /><tag k="name" v="Bashiruddin Road" /><tag k="oneway" v="no" /></way><way id="1130" timestamp="2026-03-11T21:52:02Z" uid="1" user="OSMnx" version="1" changeset="1"><nd ref="9864870706" /><nd ref="9864870701" /><tag k="highway" v="residential" /><tag k="oneway" v="no" /></way><way id="1131" timestamp="2026-03-11T21:52:02Z" uid="1" user="OSMnx" version="1" changeset="1"><nd ref="9864870706" /><nd ref="9865894442" /><tag k="highway" v="tertiary" /><tag k="name" v="Ram Kishan Dass Road" /><tag k="oneway" v="no" /></way><way id="1132" timestamp="2026-03-11T21:52:02Z" uid="1" user="OSMnx" version="1" changeset="1"><nd ref="9864870709" /><nd ref="6758962542" /><tag k="highway" v="tertiary" /><tag k="name" v="Guru Ravi Das Marg" /><tag k="oneway" v="no" /></way><way id="1133" timestamp="2026-03-11T21:52:02Z" uid="1" user="OSMnx" version="1" changeset="1"><nd ref="9864870712" /><nd ref="9181815326" /><tag k="highway" v="tertiary" /><tag k="oneway" v="no" /></way><way id="1134" timestamp="2026-03-11T21:52:02Z" uid="1" user="OSMnx" version="1" changeset="1"><nd ref="9864870714" /><nd ref="9865801091" /><tag k="highway" v="tertiary" /><tag k="name" v="Ram Kishan Dass Road" /><tag k="oneway" v="no" /></way><way id="1135" timestamp="2026-03-11T21:52:02Z" uid="1" user="OSMnx" version="1" changeset="1"><nd ref="9864870714" /><nd ref="6636661920" /><tag k="highway" v="residential" /><tag k="oneway" v="no" /></way><way id="1136" timestamp="2026-03-11T21:52:02Z" uid="1" user="OSMnx" version="1" changeset="1"><nd ref="9864954717" /><nd ref="9864954721" /><tag k="highway" v="tertiary" /><tag k="oneway" v="no" /></way><way id="1137" timestamp="2026-03-11T21:52:02Z" uid="1" user="OSMnx" version="1" changeset="1"><nd ref="9864954717" /><nd ref="9865894424" /><tag k="highway" v="residential" /><tag k="oneway" v="no" /></way><way id="1138" timestamp="2026-03-11T21:52:02Z" uid="1" user="OSMnx" version="1" changeset="1"><nd ref="9864954718" /><nd ref="9865894445" /><tag k="highway" v="residential" /><tag k="oneway" v="no" /></way><way id="1139" timestamp="2026-03-11T21:52:02Z" uid="1" user="OSMnx" version="1" changeset="1"><nd ref="9864954718" /><nd ref="9864954720" /><tag k="highway" v="tertiary" /><tag k="name" v="Guru Ravi Das Marg" /><tag k="oneway" v="no" /></way><way id="1140" timestamp="2026-03-11T21:52:02Z" uid="1" user="OSMnx" version="1" changeset="1"><nd ref="9864954720" /><nd ref="9865801084" /><tag k="highway" v="tertiary" /><tag k="name" v="Guru Ravi Das Marg" /><tag k="oneway" v="no" /></way><way id="1141" timestamp="2026-03-11T21:52:02Z" uid="1" user="OSMnx" version="1" changeset="1"><nd ref="9864954721" /><nd ref="9865801085" /><tag k="highway" v="tertiary" /><tag k="oneway" v="no" /></way><way id="1142" timestamp="2026-03-11T21:52:02Z" uid="1" user="OSMnx" version="1" changeset="1"><nd ref="9865681669" /><nd ref="9181815333" /><tag k="highway" v="tertiary" /><tag k="name" v="Ram Kishan Dass Road" /><tag k="oneway" v="no" /></way><way id="1143" timestamp="2026-03-11T21:52:02Z" uid="1" user="OSMnx" version="1" changeset="1"><nd ref="9865681671" /><nd ref="9181815322" /><tag k="highway" v="residential" /><tag k="name" v="Vishnu Mandir Marg" /><tag k="oneway" v="no" /></way><way id="1144" timestamp="2026-03-11T21:52:02Z" uid="1" user="OSMnx" version="1" changeset="1"><nd ref="9865681671" /><nd ref="9865681669" /><tag k="highway" v="residential" /><tag k="oneway" v="no" /></way><way id="1145" timestamp="2026-03-11T21:52:02Z" uid="1" user="OSMnx" version="1" changeset="1"><nd ref="9865681672" /><nd ref="9843177731" /><tag k="highway" v="residential" /><tag k="oneway" v="no" /></way><way id="1146" timestamp="2026-03-11T21:52:02Z" uid="1" user="OSMnx" version="1" changeset="1"><nd ref="9865681672" /><nd ref="1869899506" /><tag k="highway" v="tertiary" /><tag k="name" v="Ram Kishan Dass Road" /><tag k="oneway" v="no" /></way><way id="1147" timestamp="2026-03-11T21:52:02Z" uid="1" user="OSMnx" version="1" changeset="1"><nd ref="9865681675" /><nd ref="9181764115" /><tag k="highway" v="tertiary" /><tag k="name" v="Ram Kishan Dass Road" /><tag k="oneway" v="no" /></way><way id="1148" timestamp="2026-03-11T21:52:02Z" uid="1" user="OSMnx" version="1" changeset="1"><nd ref="9865681676" /><nd ref="943640708" /><tag k="highway" v="residential" /><tag k="name" v="Vishnu Mandir Marg" /><tag k="oneway" v="no" /></way><way id="1149" timestamp="2026-03-11T21:52:02Z" uid="1" user="OSMnx" version="1" changeset="1"><nd ref="9865681676" /><nd ref="9865681675" /><tag k="highway" v="residential" /><tag k="oneway" v="no" /></way><way id="1150" timestamp="2026-03-11T21:52:02Z" uid="1" user="OSMnx" version="1" changeset="1"><nd ref="9865681680" /><nd ref="6751554091" /><tag k="highway" v="residential" /><tag k="oneway" v="no" /></way><way id="1151" timestamp="2026-03-11T21:52:02Z" uid="1" user="OSMnx" version="1" changeset="1"><nd ref="9865681680" /><nd ref="9869476823" /><tag k="highway" v="tertiary" /><tag k="name" v="Ganga Mandir Marg" /><tag k="oneway" v="no" /></way><way id="1152" timestamp="2026-03-11T21:52:02Z" uid="1" user="OSMnx" version="1" changeset="1"><nd ref="9865681681" /><nd ref="6751554099" /><tag k="highway" v="residential" /><tag k="oneway" v="no" /></way><way id="1153" timestamp="2026-03-11T21:52:02Z" uid="1" user="OSMnx" version="1" changeset="1"><nd ref="9865681681" /><nd ref="9841036048" /><tag k="highway" v="tertiary" /><tag k="name" v="Ganga Mandir Marg" /><tag k="oneway" v="no" /></way><way id="1154" timestamp="2026-03-11T21:52:02Z" uid="1" user="OSMnx" version="1" changeset="1"><nd ref="9865797767" /><nd ref="9865797771" /><tag k="highway" v="tertiary" /><tag k="oneway" v="no" /></way><way id="1155" timestamp="2026-03-11T21:52:02Z" uid="1" user="OSMnx" version="1" changeset="1"><nd ref="9865797767" /><nd ref="9865894419" /><tag k="highway" v="residential" /><tag k="oneway" v="no" /></way><way id="1156" timestamp="2026-03-11T21:52:02Z" uid="1" user="OSMnx" version="1" changeset="1"><nd ref="9865797769" /><nd ref="9865797767" /><tag k="highway" v="tertiary" /><tag k="oneway" v="no" /></way><way id="1157" timestamp="2026-03-11T21:52:02Z" uid="1" user="OSMnx" version="1" changeset="1"><nd ref="9865797769" /><nd ref="9865894420" /><tag k="highway" v="residential" /><tag k="oneway" v="no" /></way><way id="1158" timestamp="2026-03-11T21:52:02Z" uid="1" user="OSMnx" version="1" changeset="1"><nd ref="9865797771" /><nd ref="9865797773" /><tag k="highway" v="tertiary" /><tag k="oneway" v="no" /></way><way id="1159" timestamp="2026-03-11T21:52:02Z" uid="1" user="OSMnx" version="1" changeset="1"><nd ref="9865797771" /><nd ref="9865894418" /><tag k="highway" v="residential" /><tag k="oneway" v="no" /></way><way id="1160" timestamp="2026-03-11T21:52:02Z" uid="1" user="OSMnx" version="1" changeset="1"><nd ref="9865797773" /><nd ref="9865797775" /><tag k="highway" v="tertiary" /><tag k="oneway" v="no" /></way><way id="1161" timestamp="2026-03-11T21:52:02Z" uid="1" user="OSMnx" version="1" changeset="1"><nd ref="9865797773" /><nd ref="11640074323" /><tag k="highway" v="residential" /><tag k="oneway" v="no" /></way><way id="1162" timestamp="2026-03-11T21:52:02Z" uid="1" user="OSMnx" version="1" changeset="1"><nd ref="9865797775" /><nd ref="9865797776" /><tag k="highway" v="tertiary" /><tag k="oneway" v="no" /></way><way id="1163" timestamp="2026-03-11T21:52:02Z" uid="1" user="OSMnx" version="1" changeset="1"><nd ref="9865797775" /><nd ref="9865850216" /><tag k="highway" v="residential" /><tag k="oneway" v="no" /></way><way id="1164" timestamp="2026-03-11T21:52:02Z" uid="1" user="OSMnx" version="1" changeset="1"><nd ref="9865797776" /><nd ref="9865797778" /><tag k="highway" v="tertiary" /><tag k="oneway" v="no" /></way><way id="1165" timestamp="2026-03-11T21:52:02Z" uid="1" user="OSMnx" version="1" changeset="1"><nd ref="9865797776" /><nd ref="9865850215" /><tag k="highway" v="residential" /><tag k="oneway" v="no" /></way><way id="1166" timestamp="2026-03-11T21:52:02Z" uid="1" user="OSMnx" version="1" changeset="1"><nd ref="9865797777" /><nd ref="9865850215" /><tag k="highway" v="tertiary" /><tag k="name" v="Guru Ravi Das Marg" /><tag k="oneway" v="no" /></way><way id="1167" timestamp="2026-03-11T21:52:02Z" uid="1" user="OSMnx" version="1" changeset="1"><nd ref="9865797778" /><nd ref="9865797777" /><tag k="highway" v="living_street" /><tag k="name" v="Street 11" /><tag k="oneway" v="no" /></way><way id="1168" timestamp="2026-03-11T21:52:02Z" uid="1" user="OSMnx" version="1" changeset="1"><nd ref="9865797778" /><nd ref="943640729" /><tag k="highway" v="tertiary" /><tag k="name" v="Block 10 A Road" /><tag k="oneway" v="no" /></way><way id="1169" timestamp="2026-03-11T21:52:02Z" uid="1" user="OSMnx" version="1" changeset="1"><nd ref="9865797779" /><nd ref="9865681676" /><tag k="highway" v="residential" /><tag k="oneway" v="no" /></way><way id="1170" timestamp="2026-03-11T21:52:02Z" uid="1" user="OSMnx" version="1" changeset="1"><nd ref="9865797786" /><nd ref="943640625" /><tag k="highway" v="tertiary" /><tag k="name" v="Saraswati Marg" /><tag k="oneway" v="no" /></way><way id="1171" timestamp="2026-03-11T21:52:02Z" uid="1" user="OSMnx" version="1" changeset="1"><nd ref="9865797787" /><nd ref="9865801071" /><tag k="highway" v="residential" /><tag k="name" v="Maharana Pratap Road" /><tag k="oneway" v="no" /></way><way id="1172" timestamp="2026-03-11T21:52:02Z" uid="1" user="OSMnx" version="1" changeset="1"><nd ref="9865797787" /><nd ref="9865797786" /><tag k="highway" v="residential" /><tag k="oneway" v="no" /></way><way id="1173" timestamp="2026-03-11T21:52:02Z" uid="1" user="OSMnx" version="1" changeset="1"><nd ref="9865797788" /><nd ref="943640927" /><tag k="highway" v="residential" /><tag k="name" v="Baba Ramdev Marg" /><tag k="oneway" v="no" /></way><way id="1174" timestamp="2026-03-11T21:52:02Z" uid="1" user="OSMnx" version="1" changeset="1"><nd ref="9865797788" /><nd ref="943641162" /><tag k="highway" v="residential" /><tag k="name" v="Maharana Pratap Road" /><tag k="oneway" v="no" /></way><way id="1175" timestamp="2026-03-11T21:52:02Z" uid="1" user="OSMnx" version="1" changeset="1"><nd ref="9865797789" /><nd ref="9865797788" /><tag k="highway" v="residential" /><tag k="name" v="Maharana Pratap Road" /><tag k="oneway" v="no" /></way><way id="1176" timestamp="2026-03-11T21:52:02Z" uid="1" user="OSMnx" version="1" changeset="1"><nd ref="9865797789" /><nd ref="9865801071" /><tag k="highway" v="residential" /><tag k="oneway" v="no" /></way><way id="1177" timestamp="2026-03-11T21:52:02Z" uid="1" user="OSMnx" version="1" changeset="1"><nd ref="9865797790" /><nd ref="943640686" /><tag k="highway" v="tertiary" /><tag k="lanes" v="4" /><tag k="name" v="Ramjas Road" /><tag k="oneway" v="no" /></way><way id="1178" timestamp="2026-03-11T21:52:02Z" uid="1" user="OSMnx" version="1" changeset="1"><nd ref="9865797791" /><nd ref="9865797790" /><tag k="highway" v="residential" /><tag k="oneway" v="no" /></way><way id="1179" timestamp="2026-03-11T21:52:02Z" uid="1" user="OSMnx" version="1" changeset="1"><nd ref="9865797791" /><nd ref="943640403" /><tag k="highway" v="tertiary" /><tag k="name" v="Ganga Mandir Marg" /><tag k="oneway" v="no" /></way><way id="1180" timestamp="2026-03-11T21:52:02Z" uid="1" user="OSMnx" version="1" changeset="1"><nd ref="9865797794" /><nd ref="6636661927" /><tag k="highway" v="residential" /><tag k="name" v="Road No 9" /><tag k="oneway" v="no" /></way><way id="1181" timestamp="2026-03-11T21:52:02Z" uid="1" user="OSMnx" version="1" changeset="1"><nd ref="9865797797" /><nd ref="9865797796" /><tag k="highway" v="residential" /><tag k="oneway" v="no" /></way><way id="1182" timestamp="2026-03-11T21:52:02Z" uid="1" user="OSMnx" version="1" changeset="1"><nd ref="9865797797" /><nd ref="943641009" /><tag k="highway" v="tertiary" /><tag k="oneway" v="no" /></way><way id="1183" timestamp="2026-03-11T21:52:02Z" uid="1" user="OSMnx" version="1" changeset="1"><nd ref="9865797798" /><nd ref="9865797802" /><tag k="highway" v="tertiary" /><tag k="oneway" v="no" /></way><way id="1184" timestamp="2026-03-11T21:52:02Z" uid="1" user="OSMnx" version="1" changeset="1"><nd ref="9865797799" /><nd ref="9865801080" /><tag k="highway" v="tertiary" /><tag k="oneway" v="no" /></way><way id="1185" timestamp="2026-03-11T21:52:02Z" uid="1" user="OSMnx" version="1" changeset="1"><nd ref="9865797799" /><nd ref="9865797798" /><tag k="highway" v="residential" /><tag k="oneway" v="no" /></way><way id="1186" timestamp="2026-03-11T21:52:02Z" uid="1" user="OSMnx" version="1" changeset="1"><nd ref="9865797800" /><nd ref="9864870712" /><tag k="highway" v="tertiary" /><tag k="oneway" v="no" /></way><way id="1187" timestamp="2026-03-11T21:52:02Z" uid="1" user="OSMnx" version="1" changeset="1"><nd ref="9865797801" /><nd ref="9865797800" /><tag k="highway" v="residential" /><tag k="oneway" v="no" /></way><way id="1188" timestamp="2026-03-11T21:52:02Z" uid="1" user="OSMnx" version="1" changeset="1"><nd ref="9865797801" /><nd ref="9181815323" /><tag k="highway" v="tertiary" /><tag k="oneway" v="no" /></way><way id="1189" timestamp="2026-03-11T21:52:02Z" uid="1" user="OSMnx" version="1" changeset="1"><nd ref="9865797802" /><nd ref="9865797797" /><tag k="highway" v="tertiary" /><tag k="oneway" v="no" /></way><way id="1190" timestamp="2026-03-11T21:52:02Z" uid="1" user="OSMnx" version="1" changeset="1"><nd ref="9865797803" /><nd ref="9864954717" /><tag k="highway" v="tertiary" /><tag k="oneway" v="no" /></way><way id="1191" timestamp="2026-03-11T21:52:02Z" uid="1" user="OSMnx" version="1" changeset="1"><nd ref="9865797803" /><nd ref="9865797802" /><tag k="highway" v="residential" /><tag k="oneway" v="no" /></way><way id="1192" timestamp="2026-03-11T21:52:02Z" uid="1" user="OSMnx" version="1" changeset="1"><nd ref="9865797814" /><nd ref="943641151" /><tag k="highway" v="tertiary" /><tag k="name" v="Shikha Road" /><tag k="oneway" v="no" /></way><way id="1193" timestamp="2026-03-11T21:52:02Z" uid="1" user="OSMnx" version="1" changeset="1"><nd ref="9865797814" /><nd ref="9865797816" /><tag k="highway" v="tertiary" /><tag k="oneway" v="no" /></way><way id="1194" timestamp="2026-03-11T21:52:02Z" uid="1" user="OSMnx" version="1" changeset="1"><nd ref="9865797816" /><nd ref="943640960" /><tag k="highway" v="tertiary" /><tag k="oneway" v="no" /></way><way id="1195" timestamp="2026-03-11T21:52:02Z" uid="1" user="OSMnx" version="1" changeset="1"><nd ref="9865797816" /><nd ref="9865801021" /><tag k="highway" v="tertiary" /><tag k="oneway" v="no" /></way><way id="1196" timestamp="2026-03-11T21:52:02Z" uid="1" user="OSMnx" version="1" changeset="1"><nd ref="9865801021" /><nd ref="9865801024" /><tag k="highway" v="tertiary" /><tag k="oneway" v="no" /></way><way id="1197" timestamp="2026-03-11T21:52:02Z" uid="1" user="OSMnx" version="1" changeset="1"><nd ref="9865801024" /><nd ref="9865801029" /><tag k="highway" v="tertiary" /><tag k="oneway" v="no" /></way><way id="1198" timestamp="2026-03-11T21:52:02Z" uid="1" user="OSMnx" version="1" changeset="1"><nd ref="9865801029" /><nd ref="1869899489" /><tag k="highway" v="tertiary" /><tag k="name" v="Road No 9" /><tag k="oneway" v="no" /></way><way id="1199" timestamp="2026-03-11T21:52:02Z" uid="1" user="OSMnx" version="1" changeset="1"><nd ref="9865801029" /><nd ref="9865797814" /><tag k="highway" v="tertiary" /><tag k="oneway" v="no" /></way><way id="1200" timestamp="2026-03-11T21:52:02Z" uid="1" user="OSMnx" version="1" changeset="1"><nd ref="9865801036" /><nd ref="6487653614" /><tag k="highway" v="tertiary" /><tag k="name" v="Shikha Road" /><tag k="oneway" v="no" /></way><way id="1201" timestamp="2026-03-11T21:52:02Z" uid="1" user="OSMnx" version="1" changeset="1"><nd ref="9865801036" /><nd ref="9865801039" /><tag k="highway" v="tertiary" /><tag k="oneway" v="no" /></way><way id="1202" timestamp="2026-03-11T21:52:02Z" uid="1" user="OSMnx" version="1" changeset="1"><nd ref="9865801039" /><nd ref="6487653612" /><tag k="highway" v="tertiary" /><tag k="name" v="Bangali Pooja Road" /><tag k="oneway" v="no" /></way><way id="1203" timestamp="2026-03-11T21:52:02Z" uid="1" user="OSMnx" version="1" changeset="1"><nd ref="9865801039" /><nd ref="9865801046" /><tag k="highway" v="tertiary" /><tag k="oneway" v="no" /></way><way id="1204" timestamp="2026-03-11T21:52:02Z" uid="1" user="OSMnx" version="1" changeset="1"><nd ref="9865801046" /><nd ref="943641086" /><tag k="highway" v="tertiary" /><tag k="lanes" v="4" /><tag k="name" v="Ramjas Road" /><tag k="oneway" v="no" /></way><way id="1205" timestamp="2026-03-11T21:52:02Z" uid="1" user="OSMnx" version="1" changeset="1"><nd ref="9865801046" /><nd ref="9865801048" /><tag k="highway" v="tertiary" /><tag k="oneway" v="no" /></way><way id="1206" timestamp="2026-03-11T21:52:02Z" uid="1" user="OSMnx" version="1" changeset="1"><nd ref="9865801048" /><nd ref="9865801053" /><tag k="highway" v="tertiary" /><tag k="oneway" v="no" /></way><way id="1207" timestamp="2026-03-11T21:52:02Z" uid="1" user="OSMnx" version="1" changeset="1"><nd ref="9865801053" /><nd ref="9865801036" /><tag k="highway" v="tertiary" /><tag k="oneway" v="no" /></way><way id="1208" timestamp="2026-03-11T21:52:02Z" uid="1" user="OSMnx" version="1" changeset="1"><nd ref="9865801062" /><nd ref="943641031" /><tag k="highway" v="tertiary" /><tag k="name" v="Road No 9" /><tag k="oneway" v="no" /></way><way id="1209" timestamp="2026-03-11T21:52:02Z" uid="1" user="OSMnx" version="1" changeset="1"><nd ref="9865801062" /><nd ref="943640566" /><tag k="highway" v="residential" /><tag k="oneway" v="no" /></way><way id="1210" timestamp="2026-03-11T21:52:02Z" uid="1" user="OSMnx" version="1" changeset="1"><nd ref="9865801063" /><nd ref="12090245426" /><tag k="highway" v="residential" /><tag k="oneway" v="no" /></way><way id="1211" timestamp="2026-03-11T21:52:02Z" uid="1" user="OSMnx" version="1" changeset="1"><nd ref="9865801063" /><nd ref="12090245425" /><tag k="highway" v="residential" /><tag k="name" v="Maharana Pratap Road" /><tag k="oneway" v="no" /></way><way id="1212" timestamp="2026-03-11T21:52:02Z" uid="1" user="OSMnx" version="1" changeset="1"><nd ref="9865801071" /><nd ref="943640444" /><tag k="highway" v="residential" /><tag k="name" v="Maharana Pratap Road" /><tag k="oneway" v="no" /></way><way id="1213" timestamp="2026-03-11T21:52:02Z" uid="1" user="OSMnx" version="1" changeset="1"><nd ref="9865801076" /><nd ref="943641229" /><tag k="highway" v="tertiary" /><tag k="name" v="Road No 9" /><tag k="oneway" v="no" /></way><way id="1214" timestamp="2026-03-11T21:52:02Z" uid="1" user="OSMnx" version="1" changeset="1"><nd ref="9865801076" /><nd ref="9865797789" /><tag k="highway" v="residential" /><tag k="oneway" v="no" /></way><way id="1215" timestamp="2026-03-11T21:52:02Z" uid="1" user="OSMnx" version="1" changeset="1"><nd ref="9865801079" /><nd ref="943640539" /><tag k="highway" v="tertiary" /><tag k="oneway" v="no" /></way><way id="1216" timestamp="2026-03-11T21:52:02Z" uid="1" user="OSMnx" version="1" changeset="1"><nd ref="9865801079" /><nd ref="9865797795" /><tag k="highway" v="residential" /><tag k="oneway" v="no" /></way><way id="1217" timestamp="2026-03-11T21:52:02Z" uid="1" user="OSMnx" version="1" changeset="1"><nd ref="9865801080" /><nd ref="9865797803" /><tag k="highway" v="tertiary" /><tag k="oneway" v="no" /></way><way id="1218" timestamp="2026-03-11T21:52:02Z" uid="1" user="OSMnx" version="1" changeset="1"><nd ref="9865801081" /><nd ref="9864954718" /><tag k="highway" v="tertiary" /><tag k="name" v="Guru Ravi Das Marg" /><tag k="oneway" v="no" /></way><way id="1219" timestamp="2026-03-11T21:52:02Z" uid="1" user="OSMnx" version="1" changeset="1"><nd ref="9865801084" /><nd ref="9865894442" /><tag k="highway" v="residential" /><tag k="oneway" v="no" /></way><way id="1220" timestamp="2026-03-11T21:52:02Z" uid="1" user="OSMnx" version="1" changeset="1"><nd ref="9865801084" /><nd ref="9864870701" /><tag k="highway" v="tertiary" /><tag k="name" v="Guru Ravi Das Marg" /><tag k="oneway" v="no" /></way><way id="1221" timestamp="2026-03-11T21:52:02Z" uid="1" user="OSMnx" version="1" changeset="1"><nd ref="9865801085" /><nd ref="9865801079" /><tag k="highway" v="tertiary" /><tag k="oneway" v="no" /></way><way id="1222" timestamp="2026-03-11T21:52:02Z" uid="1" user="OSMnx" version="1" changeset="1"><nd ref="9865801085" /><nd ref="9865894422" /><tag k="highway" v="residential" /><tag k="oneway" v="no" /></way><way id="1223" timestamp="2026-03-11T21:52:02Z" uid="1" user="OSMnx" version="1" changeset="1"><nd ref="9865801086" /><nd ref="9864870703" /><tag k="highway" v="tertiary" /><tag k="name" v="Ram Kishan Dass Road" /><tag k="oneway" v="no" /></way><way id="1224" timestamp="2026-03-11T21:52:02Z" uid="1" user="OSMnx" version="1" changeset="1"><nd ref="9865801088" /><nd ref="6636661930" /><tag k="highway" v="residential" /><tag k="name" v="Bashiruddin Road" /><tag k="oneway" v="no" /></way><way id="1225" timestamp="2026-03-11T21:52:02Z" uid="1" user="OSMnx" version="1" changeset="1"><nd ref="9865801088" /><nd ref="9865801086" /><tag k="highway" v="living_street" /><tag k="oneway" v="no" /></way><way id="1226" timestamp="2026-03-11T21:52:02Z" uid="1" user="OSMnx" version="1" changeset="1"><nd ref="9865801089" /><nd ref="9865801086" /><tag k="highway" v="tertiary" /><tag k="name" v="Ram Kishan Dass Road" /><tag k="oneway" v="no" /></way><way id="1227" timestamp="2026-03-11T21:52:02Z" uid="1" user="OSMnx" version="1" changeset="1"><nd ref="9865801089" /><nd ref="6636661930" /><tag k="highway" v="living_street" /><tag k="oneway" v="no" /></way><way id="1228" timestamp="2026-03-11T21:52:02Z" uid="1" user="OSMnx" version="1" changeset="1"><nd ref="9865801091" /><nd ref="9865801094" /><tag k="highway" v="tertiary" /><tag k="name" v="Ram Kishan Dass Road" /><tag k="oneway" v="no" /></way><way id="1229" timestamp="2026-03-11T21:52:02Z" uid="1" user="OSMnx" version="1" changeset="1"><nd ref="9865801091" /><nd ref="6636661924" /><tag k="highway" v="residential" /><tag k="oneway" v="no" /></way><way id="1230" timestamp="2026-03-11T21:52:02Z" uid="1" user="OSMnx" version="1" changeset="1"><nd ref="9865801092" /><nd ref="6636661926" /><tag k="highway" v="residential" /><tag k="name" v="Bashiruddin Road" /><tag k="oneway" v="no" /></way><way id="1231" timestamp="2026-03-11T21:52:02Z" uid="1" user="OSMnx" version="1" changeset="1"><nd ref="9865801092" /><nd ref="9865797794" /><tag k="highway" v="residential" /><tag k="oneway" v="no" /></way><way id="1232" timestamp="2026-03-11T21:52:02Z" uid="1" user="OSMnx" version="1" changeset="1"><nd ref="9865801094" /><nd ref="9865801089" /><tag k="highway" v="tertiary" /><tag k="name" v="Ram Kishan Dass Road" /><tag k="oneway" v="no" /></way><way id="1233" timestamp="2026-03-11T21:52:02Z" uid="1" user="OSMnx" version="1" changeset="1"><nd ref="9865801094" /><nd ref="9865801092" /><tag k="highway" v="residential" /><tag k="oneway" v="no" /></way><way id="1234" timestamp="2026-03-11T21:52:02Z" uid="1" user="OSMnx" version="1" changeset="1"><nd ref="9865801101" /><nd ref="6636661917" /><tag k="highway" v="residential" /><tag k="name" v="Bashiruddin Road" /><tag k="oneway" v="no" /></way><way id="1235" timestamp="2026-03-11T21:52:02Z" uid="1" user="OSMnx" version="1" changeset="1"><nd ref="9865801104" /><nd ref="9864870714" /><tag k="highway" v="tertiary" /><tag k="name" v="Ram Kishan Dass Road" /><tag k="oneway" v="no" /></way><way id="1236" timestamp="2026-03-11T21:52:02Z" uid="1" user="OSMnx" version="1" changeset="1"><nd ref="9865801104" /><nd ref="9865801101" /><tag k="highway" v="residential" /><tag k="oneway" v="no" /></way><way id="1237" timestamp="2026-03-11T21:52:02Z" uid="1" user="OSMnx" version="1" changeset="1"><nd ref="9865850215" /><nd ref="943641190" /><tag k="highway" v="residential" /><tag k="oneway" v="no" /></way><way id="1238" timestamp="2026-03-11T21:52:02Z" uid="1" user="OSMnx" version="1" changeset="1"><nd ref="9865850215" /><nd ref="9865850216" /><tag k="highway" v="tertiary" /><tag k="name" v="Guru Ravi Das Marg" /><tag k="oneway" v="no" /></way><way id="1239" timestamp="2026-03-11T21:52:02Z" uid="1" user="OSMnx" version="1" changeset="1"><nd ref="9865850216" /><nd ref="9865894418" /><tag k="highway" v="tertiary" /><tag k="name" v="Guru Ravi Das Marg" /><tag k="oneway" v="no" /></way><way id="1240" timestamp="2026-03-11T21:52:02Z" uid="1" user="OSMnx" version="1" changeset="1"><nd ref="9865894418" /><nd ref="9865894419" /><tag k="highway" v="tertiary" /><tag k="name" v="Guru Ravi Das Marg" /><tag k="oneway" v="no" /></way><way id="1241" timestamp="2026-03-11T21:52:02Z" uid="1" user="OSMnx" version="1" changeset="1"><nd ref="9865894419" /><nd ref="9865894420" /><tag k="highway" v="tertiary" /><tag k="name" v="Guru Ravi Das Marg" /><tag k="oneway" v="no" /></way><way id="1242" timestamp="2026-03-11T21:52:02Z" uid="1" user="OSMnx" version="1" changeset="1"><nd ref="9865894420" /><nd ref="9865894433" /><tag k="highway" v="tertiary" /><tag k="name" v="Guru Ravi Das Marg" /><tag k="oneway" v="no" /></way><way id="1243" timestamp="2026-03-11T21:52:02Z" uid="1" user="OSMnx" version="1" changeset="1"><nd ref="9865894421" /><nd ref="9865801079" /><tag k="highway" v="residential" /><tag k="oneway" v="no" /></way><way id="1244" timestamp="2026-03-11T21:52:02Z" uid="1" user="OSMnx" version="1" changeset="1"><nd ref="9865894421" /><nd ref="9865894422" /><tag k="highway" v="tertiary" /><tag k="name" v="Guru Ravi Das Marg" /><tag k="oneway" v="no" /></way><way id="1245" timestamp="2026-03-11T21:52:02Z" uid="1" user="OSMnx" version="1" changeset="1"><nd ref="9865894422" /><nd ref="9865894423" /><tag k="highway" v="tertiary" /><tag k="name" v="Guru Ravi Das Marg" /><tag k="oneway" v="no" /></way><way id="1246" timestamp="2026-03-11T21:52:02Z" uid="1" user="OSMnx" version="1" changeset="1"><nd ref="9865894423" /><nd ref="9864954721" /><tag k="highway" v="residential" /><tag k="oneway" v="no" /></way><way id="1247" timestamp="2026-03-11T21:52:02Z" uid="1" user="OSMnx" version="1" changeset="1"><nd ref="9865894423" /><nd ref="9865894424" /><tag k="highway" v="tertiary" /><tag k="name" v="Guru Ravi Das Marg" /><tag k="oneway" v="no" /></way><way id="1248" timestamp="2026-03-11T21:52:02Z" uid="1" user="OSMnx" version="1" changeset="1"><nd ref="9865894424" /><nd ref="9864954718" /><tag k="highway" v="residential" /><tag k="oneway" v="no" /></way><way id="1249" timestamp="2026-03-11T21:52:02Z" uid="1" user="OSMnx" version="1" changeset="1"><nd ref="9865894424" /><nd ref="9865894425" /><tag k="highway" v="tertiary" /><tag k="name" v="Guru Ravi Das Marg" /><tag k="oneway" v="no" /></way><way id="1250" timestamp="2026-03-11T21:52:02Z" uid="1" user="OSMnx" version="1" changeset="1"><nd ref="9865894425" /><nd ref="9865801080" /><tag k="highway" v="residential" /><tag k="oneway" v="no" /></way><way id="1251" timestamp="2026-03-11T21:52:02Z" uid="1" user="OSMnx" version="1" changeset="1"><nd ref="9865894425" /><nd ref="9865894426" /><tag k="highway" v="tertiary" /><tag k="name" v="Guru Ravi Das Marg" /><tag k="oneway" v="no" /></way><way id="1252" timestamp="2026-03-11T21:52:02Z" uid="1" user="OSMnx" version="1" changeset="1"><nd ref="9865894426" /><nd ref="6758962542" /><tag k="highway" v="residential" /><tag k="oneway" v="no" /></way><way id="1253" timestamp="2026-03-11T21:52:02Z" uid="1" user="OSMnx" version="1" changeset="1"><nd ref="9865894426" /><nd ref="9865894427" /><tag k="highway" v="tertiary" /><tag k="name" v="Guru Ravi Das Marg" /><tag k="oneway" v="no" /></way><way id="1254" timestamp="2026-03-11T21:52:02Z" uid="1" user="OSMnx" version="1" changeset="1"><nd ref="9865894427" /><nd ref="9865894428" /><tag k="highway" v="tertiary" /><tag k="name" v="Guru Ravi Das Marg" /><tag k="oneway" v="no" /></way><way id="1255" timestamp="2026-03-11T21:52:02Z" uid="1" user="OSMnx" version="1" changeset="1"><nd ref="9865894427" /><nd ref="9864870712" /><tag k="highway" v="residential" /><tag k="oneway" v="no" /></way><way id="1256" timestamp="2026-03-11T21:52:02Z" uid="1" user="OSMnx" version="1" changeset="1"><nd ref="9865894428" /><nd ref="9865894429" /><tag k="highway" v="tertiary" /><tag k="name" v="Guru Ravi Das Marg" /><tag k="oneway" v="no" /></way><way id="1257" timestamp="2026-03-11T21:52:02Z" uid="1" user="OSMnx" version="1" changeset="1"><nd ref="9865894428" /><nd ref="943640268" /><tag k="highway" v="tertiary" /><tag k="name" v="Padam Singh Road" /><tag k="oneway" v="no" /></way><way id="1258" timestamp="2026-03-11T21:52:02Z" uid="1" user="OSMnx" version="1" changeset="1"><nd ref="9865894429" /><nd ref="9865894430" /><tag k="highway" v="tertiary" /><tag k="name" v="Guru Ravi Das Marg" /><tag k="oneway" v="no" /></way><way id="1259" timestamp="2026-03-11T21:52:02Z" uid="1" user="OSMnx" version="1" changeset="1"><nd ref="9865894430" /><nd ref="9865894431" /><tag k="highway" v="tertiary" /><tag k="name" v="Guru Ravi Das Marg" /><tag k="oneway" v="no" /></way><way id="1260" timestamp="2026-03-11T21:52:02Z" uid="1" user="OSMnx" version="1" changeset="1"><nd ref="9865894431" /><nd ref="9181764111" /><tag k="highway" v="residential" /><tag k="oneway" v="no" /></way><way id="1261" timestamp="2026-03-11T21:52:02Z" uid="1" user="OSMnx" version="1" changeset="1"><nd ref="9865894431" /><nd ref="9865894432" /><tag k="highway" v="tertiary" /><tag k="name" v="Guru Ravi Das Marg" /><tag k="oneway" v="no" /></way><way id="1262" timestamp="2026-03-11T21:52:02Z" uid="1" user="OSMnx" version="1" changeset="1"><nd ref="9865894432" /><nd ref="9869785948" /><tag k="highway" v="tertiary" /><tag k="name" v="Guru Ravi Das Marg" /><tag k="oneway" v="no" /></way><way id="1263" timestamp="2026-03-11T21:52:02Z" uid="1" user="OSMnx" version="1" changeset="1"><nd ref="9865894432" /><nd ref="9870214368" /><tag k="highway" v="residential" /><tag k="oneway" v="no" /></way><way id="1264" timestamp="2026-03-11T21:52:02Z" uid="1" user="OSMnx" version="1" changeset="1"><nd ref="9865894433" /><nd ref="943640917" /><tag k="highway" v="tertiary" /><tag k="name" v="Tank Road" /><tag k="oneway" v="no" /></way><way id="1265" timestamp="2026-03-11T21:52:02Z" uid="1" user="OSMnx" version="1" changeset="1"><nd ref="9865894433" /><nd ref="9865894421" /><tag k="highway" v="tertiary" /><tag k="name" v="Guru Ravi Das Marg" /><tag k="oneway" v="no" /></way><way id="1266" timestamp="2026-03-11T21:52:02Z" uid="1" user="OSMnx" version="1" changeset="1"><nd ref="9865894434" /><nd ref="943640447" /><tag k="highway" v="tertiary" /><tag k="name" v="Arya Samaj Road" /><tag k="oneway" v="no" /></way><way id="1267" timestamp="2026-03-11T21:52:02Z" uid="1" user="OSMnx" version="1" changeset="1"><nd ref="9865894434" /><nd ref="9869513388" /><tag k="highway" v="tertiary" /><tag k="name" v="Guru Ravidas Marg" /><tag k="oneway" v="no" /></way><way id="1268" timestamp="2026-03-11T21:52:02Z" uid="1" user="OSMnx" version="1" changeset="1"><nd ref="9865894435" /><nd ref="2164861748" /><tag k="highway" v="residential" /><tag k="name" v="Lane No. 7" /><tag k="oneway" v="no" /></way><way id="1269" timestamp="2026-03-11T21:52:02Z" uid="1" user="OSMnx" version="1" changeset="1"><nd ref="9865894435" /><nd ref="9865894436" /><tag k="highway" v="tertiary" /><tag k="name" v="Ganga Mandir Marg" /><tag k="oneway" v="no" /></way><way id="1270" timestamp="2026-03-11T21:52:02Z" uid="1" user="OSMnx" version="1" changeset="1"><nd ref="9865894436" /><nd ref="2164861749" /><tag k="highway" v="residential" /><tag k="name" v="Lane No. 8" /><tag k="oneway" v="no" /></way><way id="1271" timestamp="2026-03-11T21:52:02Z" uid="1" user="OSMnx" version="1" changeset="1"><nd ref="9865894436" /><nd ref="943640600" /><tag k="highway" v="tertiary" /><tag k="name" v="Ganga Mandir Marg" /><tag k="oneway" v="no" /></way><way id="1272" timestamp="2026-03-11T21:52:02Z" uid="1" user="OSMnx" version="1" changeset="1"><nd ref="9865894437" /><nd ref="2265700209" /><tag k="highway" v="residential" /><tag k="name" v="Lane No. 11" /><tag k="oneway" v="no" /></way><way id="1273" timestamp="2026-03-11T21:52:02Z" uid="1" user="OSMnx" version="1" changeset="1"><nd ref="9865894437" /><nd ref="943641263" /><tag k="highway" v="tertiary" /><tag k="name" v="Ganga Mandir Marg" /><tag k="oneway" v="no" /></way><way id="1274" timestamp="2026-03-11T21:52:02Z" uid="1" user="OSMnx" version="1" changeset="1"><nd ref="9865894438" /><nd ref="9865894437" /><tag k="highway" v="tertiary" /><tag k="name" v="Ganga Mandir Marg" /><tag k="oneway" v="no" /></way><way id="1275" timestamp="2026-03-11T21:52:02Z" uid="1" user="OSMnx" version="1" changeset="1"><nd ref="9865894442" /><nd ref="9865801089" /><tag k="highway" v="residential" /><tag k="oneway" v="no" /></way><way id="1276" timestamp="2026-03-11T21:52:02Z" uid="1" user="OSMnx" version="1" changeset="1"><nd ref="9865894442" /><nd ref="9865894443" /><tag k="highway" v="tertiary" /><tag k="name" v="Ram Kishan Dass Road" /><tag k="oneway" v="no" /></way><way id="1277" timestamp="2026-03-11T21:52:02Z" uid="1" user="OSMnx" version="1" changeset="1"><nd ref="9865894443" /><nd ref="9864954720" /><tag k="highway" v="residential" /><tag k="oneway" v="no" /></way><way id="1278" timestamp="2026-03-11T21:52:02Z" uid="1" user="OSMnx" version="1" changeset="1"><nd ref="9865894443" /><nd ref="9865894445" /><tag k="highway" v="tertiary" /><tag k="name" v="Ram Kishan Dass Road" /><tag k="oneway" v="no" /></way><way id="1279" timestamp="2026-03-11T21:52:02Z" uid="1" user="OSMnx" version="1" changeset="1"><nd ref="9865894445" /><nd ref="9865894447" /><tag k="highway" v="tertiary" /><tag k="name" v="Ram Kishan Dass Road" /><tag k="oneway" v="no" /></way><way id="1280" timestamp="2026-03-11T21:52:02Z" uid="1" user="OSMnx" version="1" changeset="1"><nd ref="9865894447" /><nd ref="9865801081" /><tag k="highway" v="residential" /><tag k="oneway" v="no" /></way><way id="1281" timestamp="2026-03-11T21:52:02Z" uid="1" user="OSMnx" version="1" changeset="1"><nd ref="9865894447" /><nd ref="9865894448" /><tag k="highway" v="tertiary" /><tag k="name" v="Ram Kishan Dass Road" /><tag k="oneway" v="no" /></way><way id="1282" timestamp="2026-03-11T21:52:02Z" uid="1" user="OSMnx" version="1" changeset="1"><nd ref="9865894448" /><nd ref="9864870714" /><tag k="highway" v="residential" /><tag k="oneway" v="no" /></way><way id="1283" timestamp="2026-03-11T21:52:02Z" uid="1" user="OSMnx" version="1" changeset="1"><nd ref="9865894448" /><nd ref="9865894449" /><tag k="highway" v="tertiary" /><tag k="name" v="Ram Kishan Dass Road" /><tag k="oneway" v="no" /></way><way id="1284" timestamp="2026-03-11T21:52:02Z" uid="1" user="OSMnx" version="1" changeset="1"><nd ref="9865894449" /><nd ref="9865894451" /><tag k="highway" v="tertiary" /><tag k="name" v="Ram Kishan Dass Road" /><tag k="oneway" v="no" /></way><way id="1285" timestamp="2026-03-11T21:52:02Z" uid="1" user="OSMnx" version="1" changeset="1"><nd ref="9865894449" /><nd ref="9864870709" /><tag k="highway" v="residential" /><tag k="oneway" v="no" /></way><way id="1286" timestamp="2026-03-11T21:52:02Z" uid="1" user="OSMnx" version="1" changeset="1"><nd ref="9865894451" /><nd ref="9865894453" /><tag k="highway" v="tertiary" /><tag k="name" v="Ram Kishan Dass Road" /><tag k="oneway" v="no" /></way><way id="1287" timestamp="2026-03-11T21:52:02Z" uid="1" user="OSMnx" version="1" changeset="1"><nd ref="9865894451" /><nd ref="943640665" /><tag k="highway" v="tertiary" /><tag k="name" v="Padam Singh Road" /><tag k="oneway" v="no" /></way><way id="1288" timestamp="2026-03-11T21:52:02Z" uid="1" user="OSMnx" version="1" changeset="1"><nd ref="9865894453" /><nd ref="9181815333" /><tag k="highway" v="residential" /><tag k="oneway" v="no" /></way><way id="1289" timestamp="2026-03-11T21:52:02Z" uid="1" user="OSMnx" version="1" changeset="1"><nd ref="9865894453" /><nd ref="9865894455" /><tag k="highway" v="tertiary" /><tag k="name" v="Ram Kishan Dass Road" /><tag k="oneway" v="no" /></way><way id="1290" timestamp="2026-03-11T21:52:02Z" uid="1" user="OSMnx" version="1" changeset="1"><nd ref="9865894455" /><nd ref="9865894457" /><tag k="highway" v="tertiary" /><tag k="name" v="Ram Kishan Dass Road" /><tag k="oneway" v="no" /></way><way id="1291" timestamp="2026-03-11T21:52:02Z" uid="1" user="OSMnx" version="1" changeset="1"><nd ref="9865894457" /><nd ref="9181764116" /><tag k="highway" v="residential" /><tag k="oneway" v="no" /></way><way id="1292" timestamp="2026-03-11T21:52:02Z" uid="1" user="OSMnx" version="1" changeset="1"><nd ref="9865894457" /><nd ref="9865894458" /><tag k="highway" v="tertiary" /><tag k="name" v="Ram Kishan Dass Road" /><tag k="oneway" v="no" /></way><way id="1293" timestamp="2026-03-11T21:52:02Z" uid="1" user="OSMnx" version="1" changeset="1"><nd ref="9865894458" /><nd ref="9181766418" /><tag k="highway" v="residential" /><tag k="oneway" v="no" /></way><way id="1294" timestamp="2026-03-11T21:52:02Z" uid="1" user="OSMnx" version="1" changeset="1"><nd ref="9865894458" /><nd ref="6884962306" /><tag k="highway" v="tertiary" /><tag k="name" v="Ram Kishan Dass Road" /><tag k="oneway" v="no" /></way><way id="1295" timestamp="2026-03-11T21:52:02Z" uid="1" user="OSMnx" version="1" changeset="1"><nd ref="9865894460" /><nd ref="943640797" /><tag k="highway" v="tertiary" /><tag k="name" v="Tank Road" /><tag k="oneway" v="no" /></way><way id="1296" timestamp="2026-03-11T21:52:02Z" uid="1" user="OSMnx" version="1" changeset="1"><nd ref="9865894460" /><nd ref="9864870706" /><tag k="highway" v="tertiary" /><tag k="name" v="Ram Kishan Dass Road" /><tag k="oneway" v="no" /></way><way id="1297" timestamp="2026-03-11T21:52:02Z" uid="1" user="OSMnx" version="1" changeset="1"><nd ref="9865894461" /><nd ref="1869899502" /><tag k="highway" v="residential" /><tag k="name" v="Baba Ramdev Marg" /><tag k="oneway" v="no" /></way><way id="1298" timestamp="2026-03-11T21:52:02Z" uid="1" user="OSMnx" version="1" changeset="1"><nd ref="9865894461" /><nd ref="9865894462" /><tag k="highway" v="tertiary" /><tag k="name" v="Ganga Mandir Marg" /><tag k="oneway" v="no" /></way><way id="1299" timestamp="2026-03-11T21:52:02Z" uid="1" user="OSMnx" version="1" changeset="1"><nd ref="9865894462" /><nd ref="9865894464" /><tag k="highway" v="tertiary" /><tag k="name" v="Ganga Mandir Marg" /><tag k="oneway" v="no" /></way><way id="1300" timestamp="2026-03-11T21:52:02Z" uid="1" user="OSMnx" version="1" changeset="1"><nd ref="9865894464" /><nd ref="943641190" /><tag k="highway" v="residential" /><tag k="name" v="Gali Number 5" /><tag k="oneway" v="no" /></way><way id="1301" timestamp="2026-03-11T21:52:02Z" uid="1" user="OSMnx" version="1" changeset="1"><nd ref="9865894464" /><nd ref="9865894466" /><tag k="highway" v="tertiary" /><tag k="name" v="Ganga Mandir Marg" /><tag k="oneway" v="no" /></way><way id="1302" timestamp="2026-03-11T21:52:02Z" uid="1" user="OSMnx" version="1" changeset="1"><nd ref="9865894466" /><nd ref="2165769738" /><tag k="highway" v="residential" /><tag k="name" v="Gali Number 4" /><tag k="oneway" v="no" /></way><way id="1303" timestamp="2026-03-11T21:52:02Z" uid="1" user="OSMnx" version="1" changeset="1"><nd ref="9865894466" /><nd ref="9865894467" /><tag k="highway" v="tertiary" /><tag k="name" v="Ganga Mandir Marg" /><tag k="oneway" v="no" /></way><way id="1304" timestamp="2026-03-11T21:52:02Z" uid="1" user="OSMnx" version="1" changeset="1"><nd ref="9865894467" /><nd ref="2165769742" /><tag k="highway" v="residential" /><tag k="name" v="Gali Number 3" /><tag k="oneway" v="no" /></way><way id="1305" timestamp="2026-03-11T21:52:02Z" uid="1" user="OSMnx" version="1" changeset="1"><nd ref="9865894467" /><nd ref="9865894468" /><tag k="highway" v="tertiary" /><tag k="name" v="Ganga Mandir Marg" /><tag k="oneway" v="no" /></way><way id="1306" timestamp="2026-03-11T21:52:02Z" uid="1" user="OSMnx" version="1" changeset="1"><nd ref="9865894468" /><nd ref="2165769732" /><tag k="highway" v="residential" /><tag k="name" v="Gali Number 2" /><tag k="oneway" v="no" /></way><way id="1307" timestamp="2026-03-11T21:52:02Z" uid="1" user="OSMnx" version="1" changeset="1"><nd ref="9865894468" /><nd ref="9865894470" /><tag k="highway" v="tertiary" /><tag k="name" v="Ganga Mandir Marg" /><tag k="oneway" v="no" /></way><way id="1308" timestamp="2026-03-11T21:52:02Z" uid="1" user="OSMnx" version="1" changeset="1"><nd ref="9865894470" /><nd ref="2165769739" /><tag k="highway" v="residential" /><tag k="name" v="Satnagar Road" /><tag k="oneway" v="no" /></way><way id="1309" timestamp="2026-03-11T21:52:02Z" uid="1" user="OSMnx" version="1" changeset="1"><nd ref="9865894470" /><nd ref="9865894460" /><tag k="highway" v="tertiary" /><tag k="name" v="Ganga Mandir Marg" /><tag k="oneway" v="no" /></way><way id="1310" timestamp="2026-03-11T21:52:02Z" uid="1" user="OSMnx" version="1" changeset="1"><nd ref="9869476820" /><nd ref="943640501" /><tag k="highway" v="tertiary" /><tag k="name" v="Deshbandhu Gupta Road" /><tag k="oneway" v="no" /></way><way id="1311" timestamp="2026-03-11T21:52:02Z" uid="1" user="OSMnx" version="1" changeset="1"><nd ref="9869476820" /><nd ref="9869476821" /><tag k="highway" v="tertiary" /><tag k="name" v="Prabhat Road" /><tag k="oneway" v="no" /></way><way id="1312" timestamp="2026-03-11T21:52:02Z" uid="1" user="OSMnx" version="1" changeset="1"><nd ref="9869476821" /><nd ref="9181825065" /><tag k="highway" v="tertiary" /><tag k="name" v="Prabhat Road" /><tag k="oneway" v="no" /></way><way id="1313" timestamp="2026-03-11T21:52:02Z" uid="1" user="OSMnx" version="1" changeset="1"><nd ref="9869476821" /><nd ref="9869476843" /><tag k="highway" v="tertiary" /><tag k="name" v="Deshbandhu Gupta Road" /><tag k="oneway" v="no" /></way><way id="1314" timestamp="2026-03-11T21:52:02Z" uid="1" user="OSMnx" version="1" changeset="1"><nd ref="9869476823" /><nd ref="6884962299" /><tag k="highway" v="tertiary" /><tag k="oneway" v="no" /></way><way id="1315" timestamp="2026-03-11T21:52:02Z" uid="1" user="OSMnx" version="1" changeset="1"><nd ref="9869476825" /><nd ref="9869476838" /><tag k="highway" v="tertiary" /><tag k="name" v="Ganga Mandir Marg" /><tag k="oneway" v="no" /></way><way id="1316" timestamp="2026-03-11T21:52:02Z" uid="1" user="OSMnx" version="1" changeset="1"><nd ref="9869476825" /><nd ref="9869476823" /><tag k="highway" v="tertiary" /><tag k="oneway" v="no" /></way><way id="1317" timestamp="2026-03-11T21:52:02Z" uid="1" user="OSMnx" version="1" changeset="1"><nd ref="9869476833" /><nd ref="943640900" /><tag k="highway" v="tertiary" /><tag k="name" v="Bank Street" /><tag k="oneway" v="no" /></way><way id="1318" timestamp="2026-03-11T21:52:02Z" uid="1" user="OSMnx" version="1" changeset="1"><nd ref="9869476833" /><nd ref="9869476843" /><tag k="highway" v="tertiary" /><tag k="name" v="Prabhat Road" /><tag k="oneway" v="no" /></way><way id="1319" timestamp="2026-03-11T21:52:02Z" uid="1" user="OSMnx" version="1" changeset="1"><nd ref="9869476837" /><nd ref="9882537761" /><tag k="highway" v="tertiary" /><tag k="name" v="Prabhat Road" /><tag k="oneway" v="no" /></way><way id="1320" timestamp="2026-03-11T21:52:02Z" uid="1" user="OSMnx" version="1" changeset="1"><nd ref="9869476837" /><nd ref="9869476820" /><tag k="highway" v="tertiary" /><tag k="name" v="Deshbandhu Gupta Road" /><tag k="oneway" v="no" /></way><way id="1321" timestamp="2026-03-11T21:52:02Z" uid="1" user="OSMnx" version="1" changeset="1"><nd ref="9869476838" /><nd ref="9181766448" /><tag k="highway" v="residential" /><tag k="oneway" v="no" /></way><way id="1322" timestamp="2026-03-11T21:52:02Z" uid="1" user="OSMnx" version="1" changeset="1"><nd ref="9869476838" /><nd ref="9869476839" /><tag k="highway" v="tertiary" /><tag k="name" v="Ganga Mandir Marg" /><tag k="oneway" v="no" /></way><way id="1323" timestamp="2026-03-11T21:52:02Z" uid="1" user="OSMnx" version="1" changeset="1"><nd ref="9869476839" /><nd ref="9181739615" /><tag k="highway" v="residential" /><tag k="oneway" v="no" /></way><way id="1324" timestamp="2026-03-11T21:52:02Z" uid="1" user="OSMnx" version="1" changeset="1"><nd ref="9869476839" /><nd ref="9181766438" /><tag k="highway" v="tertiary" /><tag k="name" v="Ganga Mandir Marg" /><tag k="oneway" v="no" /></way><way id="1325" timestamp="2026-03-11T21:52:02Z" uid="1" user="OSMnx" version="1" changeset="1"><nd ref="9869476840" /><nd ref="9869476849" /><tag k="highway" v="tertiary" /><tag k="name" v="Ganga Mandir Marg" /><tag k="oneway" v="no" /></way><way id="1326" timestamp="2026-03-11T21:52:02Z" uid="1" user="OSMnx" version="1" changeset="1"><nd ref="9869476841" /><nd ref="9869476842" /><tag k="highway" v="tertiary" /><tag k="name" v="Prabhat Road" /><tag k="oneway" v="no" /></way><way id="1327" timestamp="2026-03-11T21:52:02Z" uid="1" user="OSMnx" version="1" changeset="1"><nd ref="9869476841" /><nd ref="9181760520" /><tag k="highway" v="residential" /><tag k="oneway" v="no" /></way><way id="1328" timestamp="2026-03-11T21:52:02Z" uid="1" user="OSMnx" version="1" changeset="1"><nd ref="9869476842" /><nd ref="9869476833" /><tag k="highway" v="tertiary" /><tag k="name" v="Prabhat Road" /><tag k="oneway" v="no" /></way><way id="1329" timestamp="2026-03-11T21:52:02Z" uid="1" user="OSMnx" version="1" changeset="1"><nd ref="9869476843" /><nd ref="943640547" /><tag k="highway" v="tertiary" /><tag k="name" v="Deshbandhu Gupta Road" /><tag k="oneway" v="no" /></way><way id="1330" timestamp="2026-03-11T21:52:02Z" uid="1" user="OSMnx" version="1" changeset="1"><nd ref="9869476843" /><nd ref="9869476837" /><tag k="highway" v="tertiary" /><tag k="name" v="Prabhat Road" /><tag k="oneway" v="no" /></way><way id="1331" timestamp="2026-03-11T21:52:02Z" uid="1" user="OSMnx" version="1" changeset="1"><nd ref="9869476844" /><nd ref="9870234669" /><tag k="highway" v="residential" /><tag k="oneway" v="no" /></way><way id="1332" timestamp="2026-03-11T21:52:02Z" uid="1" user="OSMnx" version="1" changeset="1"><nd ref="9869476844" /><nd ref="9869476841" /><tag k="highway" v="tertiary" /><tag k="name" v="Prabhat Road" /><tag k="oneway" v="no" /></way><way id="1333" timestamp="2026-03-11T21:52:02Z" uid="1" user="OSMnx" version="1" changeset="1"><nd ref="9869476845" /><nd ref="9869513384" /><tag k="highway" v="residential" /><tag k="oneway" v="no" /></way><way id="1334" timestamp="2026-03-11T21:52:02Z" uid="1" user="OSMnx" version="1" changeset="1"><nd ref="9869476845" /><nd ref="9869476844" /><tag k="highway" v="tertiary" /><tag k="name" v="Prabhat Road" /><tag k="oneway" v="no" /></way><way id="1335" timestamp="2026-03-11T21:52:02Z" uid="1" user="OSMnx" version="1" changeset="1"><nd ref="9869476846" /><nd ref="9869476845" /><tag k="highway" v="tertiary" /><tag k="name" v="Prabhat Road" /><tag k="oneway" v="no" /></way><way id="1336" timestamp="2026-03-11T21:52:02Z" uid="1" user="OSMnx" version="1" changeset="1"><nd ref="9869476847" /><nd ref="9181739606" /><tag k="highway" v="residential" /><tag k="oneway" v="no" /></way><way id="1337" timestamp="2026-03-11T21:52:02Z" uid="1" user="OSMnx" version="1" changeset="1"><nd ref="9869476847" /><nd ref="9869476846" /><tag k="highway" v="tertiary" /><tag k="name" v="Prabhat Road" /><tag k="oneway" v="no" /></way><way id="1338" timestamp="2026-03-11T21:52:02Z" uid="1" user="OSMnx" version="1" changeset="1"><nd ref="9869476849" /><nd ref="1869899510" /><tag k="highway" v="tertiary" /><tag k="name" v="Hardhyan Singh Marg" /><tag k="oneway" v="no" /></way><way id="1339" timestamp="2026-03-11T21:52:02Z" uid="1" user="OSMnx" version="1" changeset="1"><nd ref="9869476849" /><nd ref="9869476850" /><tag k="highway" v="tertiary" /><tag k="name" v="Prabhat Road" /><tag k="oneway" v="no" /></way><way id="1340" timestamp="2026-03-11T21:52:02Z" uid="1" user="OSMnx" version="1" changeset="1"><nd ref="9869476850" /><nd ref="9869476847" /><tag k="highway" v="tertiary" /><tag k="name" v="Prabhat Road" /><tag k="oneway" v="no" /></way><way id="1341" timestamp="2026-03-11T21:52:02Z" uid="1" user="OSMnx" version="1" changeset="1"><nd ref="9869476850" /><nd ref="9181766434" /><tag k="highway" v="residential" /><tag k="oneway" v="no" /></way><way id="1342" timestamp="2026-03-11T21:52:02Z" uid="1" user="OSMnx" version="1" changeset="1"><nd ref="9869513352" /><nd ref="943640511" /><tag k="highway" v="tertiary" /><tag k="name" v="Deshbandhu Gupta Road" /><tag k="oneway" v="no" /></way><way id="1343" timestamp="2026-03-11T21:52:02Z" uid="1" user="OSMnx" version="1" changeset="1"><nd ref="9869513352" /><nd ref="9869513371" /><tag k="highway" v="tertiary" /><tag k="name" v="Guru Ravidas Marg" /><tag k="oneway" v="no" /></way><way id="1344" timestamp="2026-03-11T21:52:02Z" uid="1" user="OSMnx" version="1" changeset="1"><nd ref="9869513371" /><nd ref="943640732" /><tag k="highway" v="tertiary" /><tag k="name" v="Deshbandhu Gupta Road" /><tag k="oneway" v="no" /></way><way id="1345" timestamp="2026-03-11T21:52:02Z" uid="1" user="OSMnx" version="1" changeset="1"><nd ref="9869513372" /><nd ref="9869513378" /><tag k="highway" v="tertiary" /><tag k="name" v="Guru Ravidas Marg" /><tag k="oneway" v="no" /></way><way id="1346" timestamp="2026-03-11T21:52:02Z" uid="1" user="OSMnx" version="1" changeset="1"><nd ref="9869513372" /><nd ref="943640334" /><tag k="highway" v="tertiary" /><tag k="name" v="Bank Street" /><tag k="oneway" v="no" /></way><way id="1347" timestamp="2026-03-11T21:52:02Z" uid="1" user="OSMnx" version="1" changeset="1"><nd ref="9869513373" /><nd ref="1869899518" /><tag k="highway" v="tertiary" /><tag k="name" v="Hardhyan Singh Marg" /><tag k="oneway" v="no" /></way><way id="1348" timestamp="2026-03-11T21:52:02Z" uid="1" user="OSMnx" version="1" changeset="1"><nd ref="9869513373" /><nd ref="9869513387" /><tag k="highway" v="tertiary" /><tag k="name" v="Guru Ravidas Marg" /><tag k="oneway" v="no" /></way><way id="1349" timestamp="2026-03-11T21:52:02Z" uid="1" user="OSMnx" version="1" changeset="1"><nd ref="9869513374" /><nd ref="6748887279" /><tag k="highway" v="residential" /><tag k="oneway" v="no" /></way><way id="1350" timestamp="2026-03-11T21:52:02Z" uid="1" user="OSMnx" version="1" changeset="1"><nd ref="9869513374" /><nd ref="9869513373" /><tag k="highway" v="tertiary" /><tag k="name" v="Guru Ravidas Marg" /><tag k="oneway" v="no" /></way><way id="1351" timestamp="2026-03-11T21:52:02Z" uid="1" user="OSMnx" version="1" changeset="1"><nd ref="9869513375" /><nd ref="9181766441" /><tag k="highway" v="residential" /><tag k="oneway" v="no" /></way><way id="1352" timestamp="2026-03-11T21:52:02Z" uid="1" user="OSMnx" version="1" changeset="1"><nd ref="9869513375" /><nd ref="9869513374" /><tag k="highway" v="tertiary" /><tag k="name" v="Guru Ravidas Marg" /><tag k="oneway" v="no" /></way><way id="1353" timestamp="2026-03-11T21:52:02Z" uid="1" user="OSMnx" version="1" changeset="1"><nd ref="9869513376" /><nd ref="9869513352" /><tag k="highway" v="tertiary" /><tag k="name" v="Guru Ravidas Marg" /><tag k="oneway" v="no" /></way><way id="1354" timestamp="2026-03-11T21:52:02Z" uid="1" user="OSMnx" version="1" changeset="1"><nd ref="9869513377" /><nd ref="9869513376" /><tag k="highway" v="tertiary" /><tag k="name" v="Guru Ravidas Marg" /><tag k="oneway" v="no" /></way><way id="1355" timestamp="2026-03-11T21:52:02Z" uid="1" user="OSMnx" version="1" changeset="1"><nd ref="9869513378" /><nd ref="9869513377" /><tag k="highway" v="tertiary" /><tag k="name" v="Guru Ravidas Marg" /><tag k="oneway" v="no" /></way><way id="1356" timestamp="2026-03-11T21:52:02Z" uid="1" user="OSMnx" version="1" changeset="1"><nd ref="9869513379" /><nd ref="9869513372" /><tag k="highway" v="tertiary" /><tag k="name" v="Guru Ravidas Marg" /><tag k="oneway" v="no" /></way><way id="1357" timestamp="2026-03-11T21:52:02Z" uid="1" user="OSMnx" version="1" changeset="1"><nd ref="9869513381" /><nd ref="9869513379" /><tag k="highway" v="tertiary" /><tag k="name" v="Guru Ravidas Marg" /><tag k="oneway" v="no" /></way><way id="1358" timestamp="2026-03-11T21:52:02Z" uid="1" user="OSMnx" version="1" changeset="1"><nd ref="9869513382" /><nd ref="9869513381" /><tag k="highway" v="tertiary" /><tag k="name" v="Guru Ravidas Marg" /><tag k="oneway" v="no" /></way><way id="1359" timestamp="2026-03-11T21:52:02Z" uid="1" user="OSMnx" version="1" changeset="1"><nd ref="9869513384" /><nd ref="9181766435" /><tag k="highway" v="tertiary" /><tag k="name" v="Guru Ravidas Marg" /><tag k="oneway" v="no" /></way><way id="1360" timestamp="2026-03-11T21:52:02Z" uid="1" user="OSMnx" version="1" changeset="1"><nd ref="9869513385" /><nd ref="9870214365" /><tag k="highway" v="tertiary" /><tag k="name" v="Guru Ravidas Marg" /><tag k="oneway" v="no" /></way><way id="1361" timestamp="2026-03-11T21:52:02Z" uid="1" user="OSMnx" version="1" changeset="1"><nd ref="9869513386" /><nd ref="9869513385" /><tag k="highway" v="tertiary" /><tag k="name" v="Guru Ravidas Marg" /><tag k="oneway" v="no" /></way><way id="1362" timestamp="2026-03-11T21:52:02Z" uid="1" user="OSMnx" version="1" changeset="1"><nd ref="9869513387" /><nd ref="9869513386" /><tag k="highway" v="tertiary" /><tag k="name" v="Guru Ravidas Marg" /><tag k="oneway" v="no" /></way><way id="1363" timestamp="2026-03-11T21:52:02Z" uid="1" user="OSMnx" version="1" changeset="1"><nd ref="9869513388" /><nd ref="9869513389" /><tag k="highway" v="tertiary" /><tag k="name" v="Guru Ravidas Marg" /><tag k="oneway" v="no" /></way><way id="1364" timestamp="2026-03-11T21:52:02Z" uid="1" user="OSMnx" version="1" changeset="1"><nd ref="9869513389" /><nd ref="9869513375" /><tag k="highway" v="tertiary" /><tag k="name" v="Guru Ravidas Marg" /><tag k="oneway" v="no" /></way><way id="1365" timestamp="2026-03-11T21:52:02Z" uid="1" user="OSMnx" version="1" changeset="1"><nd ref="9869513390" /><nd ref="9181766448" /><tag k="highway" v="tertiary" /><tag k="name" v="Guru Ravidas Marg" /><tag k="oneway" v="no" /></way><way id="1366" timestamp="2026-03-11T21:52:02Z" uid="1" user="OSMnx" version="1" changeset="1"><nd ref="9869513390" /><nd ref="9869476839" /><tag k="highway" v="residential" /><tag k="oneway" v="no" /></way><way id="1367" timestamp="2026-03-11T21:52:02Z" uid="1" user="OSMnx" version="1" changeset="1"><nd ref="9869785929" /><nd ref="9181766424" /><tag k="highway" v="tertiary" /><tag k="oneway" v="no" /></way><way id="1368" timestamp="2026-03-11T21:52:02Z" uid="1" user="OSMnx" version="1" changeset="1"><nd ref="9869785931" /><nd ref="6884962293" /><tag k="highway" v="tertiary" /><tag k="oneway" v="no" /></way><way id="1369" timestamp="2026-03-11T21:52:02Z" uid="1" user="OSMnx" version="1" changeset="1"><nd ref="9869785931" /><nd ref="9869785933" /><tag k="highway" v="tertiary" /><tag k="oneway" v="no" /></way><way id="1370" timestamp="2026-03-11T21:52:02Z" uid="1" user="OSMnx" version="1" changeset="1"><nd ref="9869785933" /><nd ref="9869785948" /><tag k="highway" v="tertiary" /><tag k="oneway" v="no" /></way><way id="1371" timestamp="2026-03-11T21:52:02Z" uid="1" user="OSMnx" version="1" changeset="1"><nd ref="9869785933" /><nd ref="9181766418" /><tag k="highway" v="tertiary" /><tag k="name" v="Guru Ravi Das Marg" /><tag k="oneway" v="no" /></way><way id="1372" timestamp="2026-03-11T21:52:02Z" uid="1" user="OSMnx" version="1" changeset="1"><nd ref="9869785935" /><nd ref="9870214368" /><tag k="highway" v="tertiary" /><tag k="oneway" v="no" /></way><way id="1373" timestamp="2026-03-11T21:52:02Z" uid="1" user="OSMnx" version="1" changeset="1"><nd ref="9869785935" /><nd ref="9869785946" /><tag k="highway" v="tertiary" /><tag k="oneway" v="no" /></way><way id="1374" timestamp="2026-03-11T21:52:02Z" uid="1" user="OSMnx" version="1" changeset="1"><nd ref="9869785946" /><nd ref="9181766422" /><tag k="highway" v="tertiary" /><tag k="oneway" v="no" /></way><way id="1375" timestamp="2026-03-11T21:52:02Z" uid="1" user="OSMnx" version="1" changeset="1"><nd ref="9869785946" /><nd ref="9869785929" /><tag k="highway" v="tertiary" /><tag k="oneway" v="no" /></way><way id="1376" timestamp="2026-03-11T21:52:02Z" uid="1" user="OSMnx" version="1" changeset="1"><nd ref="9869785948" /><nd ref="9865894434" /><tag k="highway" v="tertiary" /><tag k="name" v="Guru Ravi Das Marg" /><tag k="oneway" v="no" /></way><way id="1377" timestamp="2026-03-11T21:52:02Z" uid="1" user="OSMnx" version="1" changeset="1"><nd ref="9869785948" /><nd ref="9869785935" /><tag k="highway" v="tertiary" /><tag k="oneway" v="no" /></way><way id="1378" timestamp="2026-03-11T21:52:02Z" uid="1" user="OSMnx" version="1" changeset="1"><nd ref="9870147903" /><nd ref="6745216203" /><tag k="highway" v="residential" /><tag k="oneway" v="no" /></way><way id="1379" timestamp="2026-03-11T21:52:02Z" uid="1" user="OSMnx" version="1" changeset="1"><nd ref="9870147903" /><nd ref="10274731618" /><tag k="highway" v="residential" /><tag k="oneway" v="no" /></way><way id="1380" timestamp="2026-03-11T21:52:02Z" uid="1" user="OSMnx" version="1" changeset="1"><nd ref="9870147913" /><nd ref="6745216198" /><tag k="highway" v="residential" /><tag k="oneway" v="no" /></way><way id="1381" timestamp="2026-03-11T21:52:02Z" uid="1" user="OSMnx" version="1" changeset="1"><nd ref="9870147913" /><nd ref="6745216193" /><tag k="highway" v="residential" /><tag k="oneway" v="no" /></way><way id="1382" timestamp="2026-03-11T21:52:02Z" uid="1" user="OSMnx" version="1" changeset="1"><nd ref="9870214353" /><nd ref="9869513376" /><tag k="highway" v="residential" /><tag k="oneway" v="no" /></way><way id="1383" timestamp="2026-03-11T21:52:02Z" uid="1" user="OSMnx" version="1" changeset="1"><nd ref="9870214353" /><nd ref="9870214354" /><tag k="highway" v="tertiary" /><tag k="name" v="Guru Nanak Marg" /><tag k="oneway" v="no" /></way><way id="1384" timestamp="2026-03-11T21:52:02Z" uid="1" user="OSMnx" version="1" changeset="1"><nd ref="9870214354" /><nd ref="9869513377" /><tag k="highway" v="residential" /><tag k="oneway" v="no" /></way><way id="1385" timestamp="2026-03-11T21:52:02Z" uid="1" user="OSMnx" version="1" changeset="1"><nd ref="9870214354" /><nd ref="9870214359" /><tag k="highway" v="tertiary" /><tag k="name" v="Guru Nanak Marg" /><tag k="oneway" v="no" /></way><way id="1386" timestamp="2026-03-11T21:52:02Z" uid="1" user="OSMnx" version="1" changeset="1"><nd ref="9870214357" /><nd ref="9870214354" /><tag k="highway" v="residential" /><tag k="oneway" v="no" /></way><way id="1387" timestamp="2026-03-11T21:52:02Z" uid="1" user="OSMnx" version="1" changeset="1"><nd ref="9870214357" /><nd ref="9870214358" /><tag k="highway" v="tertiary" /><tag k="oneway" v="no" /></way><way id="1388" timestamp="2026-03-11T21:52:02Z" uid="1" user="OSMnx" version="1" changeset="1"><nd ref="9870214358" /><nd ref="1869899524" /><tag k="highway" v="tertiary" /><tag k="oneway" v="no" /></way><way id="1389" timestamp="2026-03-11T21:52:02Z" uid="1" user="OSMnx" version="1" changeset="1"><nd ref="9870214358" /><nd ref="9870214359" /><tag k="highway" v="residential" /><tag k="oneway" v="no" /></way><way id="1390" timestamp="2026-03-11T21:52:02Z" uid="1" user="OSMnx" version="1" changeset="1"><nd ref="9870214359" /><nd ref="9869513378" /><tag k="highway" v="residential" /><tag k="oneway" v="no" /></way><way id="1391" timestamp="2026-03-11T21:52:02Z" uid="1" user="OSMnx" version="1" changeset="1"><nd ref="9870214359" /><nd ref="943640334" /><tag k="highway" v="tertiary" /><tag k="name" v="Guru Nanak Marg" /><tag k="oneway" v="no" /></way><way id="1392" timestamp="2026-03-11T21:52:02Z" uid="1" user="OSMnx" version="1" changeset="1"><nd ref="9870214360" /><nd ref="6748887284" /><tag k="highway" v="tertiary" /><tag k="oneway" v="no" /></way><way id="1393" timestamp="2026-03-11T21:52:02Z" uid="1" user="OSMnx" version="1" changeset="1"><nd ref="9870214360" /><nd ref="12125927516" /><tag k="highway" v="residential" /><tag k="oneway" v="no" /></way><way id="1394" timestamp="2026-03-11T21:52:02Z" uid="1" user="OSMnx" version="1" changeset="1"><nd ref="9870214361" /><nd ref="12125927518" /><tag k="highway" v="residential" /><tag k="oneway" v="no" /></way><way id="1395" timestamp="2026-03-11T21:52:02Z" uid="1" user="OSMnx" version="1" changeset="1"><nd ref="9870214361" /><nd ref="9870378954" /><tag k="highway" v="tertiary" /><tag k="name" v="Guru Nanak Marg" /><tag k="oneway" v="no" /></way><way id="1396" timestamp="2026-03-11T21:52:02Z" uid="1" user="OSMnx" version="1" changeset="1"><nd ref="9870214362" /><nd ref="9869513382" /><tag k="highway" v="residential" /><tag k="oneway" v="no" /></way><way id="1397" timestamp="2026-03-11T21:52:02Z" uid="1" user="OSMnx" version="1" changeset="1"><nd ref="9870214362" /><nd ref="9870214366" /><tag k="highway" v="tertiary" /><tag k="name" v="Guru Nanak Marg" /><tag k="oneway" v="no" /></way><way id="1398" timestamp="2026-03-11T21:52:02Z" uid="1" user="OSMnx" version="1" changeset="1"><nd ref="9870214363" /><nd ref="9869513387" /><tag k="highway" v="residential" /><tag k="oneway" v="no" /></way><way id="1399" timestamp="2026-03-11T21:52:02Z" uid="1" user="OSMnx" version="1" changeset="1"><nd ref="9870214363" /><nd ref="943641247" /><tag k="highway" v="tertiary" /><tag k="name" v="Guru Nanak Marg" /><tag k="oneway" v="no" /></way><way id="1400" timestamp="2026-03-11T21:52:02Z" uid="1" user="OSMnx" version="1" changeset="1"><nd ref="9870214365" /><nd ref="9181825050" /><tag k="highway" v="tertiary" /><tag k="name" v="Guru Ravidas Marg" /><tag k="oneway" v="no" /></way><way id="1401" timestamp="2026-03-11T21:52:02Z" uid="1" user="OSMnx" version="1" changeset="1"><nd ref="9870214365" /><nd ref="9181760544" /><tag k="highway" v="residential" /><tag k="oneway" v="no" /></way><way id="1402" timestamp="2026-03-11T21:52:02Z" uid="1" user="OSMnx" version="1" changeset="1"><nd ref="9870214366" /><nd ref="9181825050" /><tag k="highway" v="residential" /><tag k="oneway" v="no" /></way><way id="1403" timestamp="2026-03-11T21:52:02Z" uid="1" user="OSMnx" version="1" changeset="1"><nd ref="9870214366" /><nd ref="9181760544" /><tag k="highway" v="tertiary" /><tag k="name" v="Guru Nanak Marg" /><tag k="oneway" v="no" /></way><way id="1404" timestamp="2026-03-11T21:52:02Z" uid="1" user="OSMnx" version="1" changeset="1"><nd ref="9870214367" /><nd ref="9181815327" /><tag k="highway" v="tertiary" /><tag k="oneway" v="no" /></way><way id="1405" timestamp="2026-03-11T21:52:02Z" uid="1" user="OSMnx" version="1" changeset="1"><nd ref="9870214367" /><nd ref="9865894430" /><tag k="highway" v="residential" /><tag k="oneway" v="no" /></way><way id="1406" timestamp="2026-03-11T21:52:02Z" uid="1" user="OSMnx" version="1" changeset="1"><nd ref="9870214368" /><nd ref="9181764111" /><tag k="highway" v="tertiary" /><tag k="oneway" v="no" /></way><way id="1407" timestamp="2026-03-11T21:52:02Z" uid="1" user="OSMnx" version="1" changeset="1"><nd ref="9870214368" /><nd ref="9181766422" /><tag k="highway" v="residential" /><tag k="oneway" v="no" /></way><way id="1408" timestamp="2026-03-11T21:52:02Z" uid="1" user="OSMnx" version="1" changeset="1"><nd ref="9870214369" /><nd ref="9869513389" /><tag k="highway" v="residential" /><tag k="oneway" v="no" /></way><way id="1409" timestamp="2026-03-11T21:52:02Z" uid="1" user="OSMnx" version="1" changeset="1"><nd ref="9870214369" /><nd ref="9181766417" /><tag k="highway" v="tertiary" /><tag k="name" v="Guru Nanak Marg" /><tag k="oneway" v="no" /></way><way id="1410" timestamp="2026-03-11T21:52:02Z" uid="1" user="OSMnx" version="1" changeset="1"><nd ref="9870234668" /><nd ref="9869513374" /><tag k="highway" v="residential" /><tag k="oneway" v="no" /></way><way id="1411" timestamp="2026-03-11T21:52:02Z" uid="1" user="OSMnx" version="1" changeset="1"><nd ref="9870234668" /><nd ref="9181815338" /><tag k="highway" v="tertiary" /><tag k="name" v="Guru Nanak Marg" /><tag k="oneway" v="no" /></way><way id="1412" timestamp="2026-03-11T21:52:02Z" uid="1" user="OSMnx" version="1" changeset="1"><nd ref="9870234669" /><nd ref="9869513384" /><tag k="highway" v="tertiary" /><tag k="name" v="Guru Ravidas Marg" /><tag k="oneway" v="no" /></way><way id="1413" timestamp="2026-03-11T21:52:02Z" uid="1" user="OSMnx" version="1" changeset="1"><nd ref="9870272223" /><nd ref="9870214357" /><tag k="highway" v="tertiary" /><tag k="oneway" v="no" /></way><way id="1414" timestamp="2026-03-11T21:52:02Z" uid="1" user="OSMnx" version="1" changeset="1"><nd ref="9870279924" /><nd ref="9869513386" /><tag k="highway" v="residential" /><tag k="oneway" v="no" /></way><way id="1415" timestamp="2026-03-11T21:52:02Z" uid="1" user="OSMnx" version="1" changeset="1"><nd ref="9870279924" /><nd ref="9870214363" /><tag k="highway" v="tertiary" /><tag k="name" v="Guru Nanak Marg" /><tag k="oneway" v="no" /></way><way id="1416" timestamp="2026-03-11T21:52:02Z" uid="1" user="OSMnx" version="1" changeset="1"><nd ref="9870378954" /><nd ref="9869513381" /><tag k="highway" v="residential" /><tag k="oneway" v="no" /></way><way id="1417" timestamp="2026-03-11T21:52:02Z" uid="1" user="OSMnx" version="1" changeset="1"><nd ref="9870378954" /><nd ref="9870214362" /><tag k="highway" v="tertiary" /><tag k="name" v="Guru Nanak Marg" /><tag k="oneway" v="no" /></way><way id="1418" timestamp="2026-03-11T21:52:02Z" uid="1" user="OSMnx" version="1" changeset="1"><nd ref="9870378958" /><nd ref="9181825053" /><tag k="highway" v="tertiary" /><tag k="oneway" v="no" /></way><way id="1419" timestamp="2026-03-11T21:52:02Z" uid="1" user="OSMnx" version="1" changeset="1"><nd ref="9870378958" /><nd ref="9870279924" /><tag k="highway" v="residential" /><tag k="oneway" v="no" /></way><way id="1420" timestamp="2026-03-11T21:52:02Z" uid="1" user="OSMnx" version="1" changeset="1"><nd ref="9870378960" /><nd ref="9181825052" /><tag k="highway" v="residential" /><tag k="oneway" v="no" /></way><way id="1421" timestamp="2026-03-11T21:52:02Z" uid="1" user="OSMnx" version="1" changeset="1"><nd ref="9870378960" /><nd ref="9870378958" /><tag k="highway" v="tertiary" /><tag k="oneway" v="no" /></way><way id="1422" timestamp="2026-03-11T21:52:02Z" uid="1" user="OSMnx" version="1" changeset="1"><nd ref="9870378961" /><nd ref="9870378960" /><tag k="highway" v="tertiary" /><tag k="oneway" v="no" /></way><way id="1423" timestamp="2026-03-11T21:52:02Z" uid="1" user="OSMnx" version="1" changeset="1"><nd ref="9880375228" /><nd ref="6734357408" /><tag k="highway" v="residential" /><tag k="oneway" v="no" /></way><way id="1424" timestamp="2026-03-11T21:52:02Z" uid="1" user="OSMnx" version="1" changeset="1"><nd ref="9880375228" /><nd ref="9880645120" /><tag k="highway" v="residential" /><tag k="oneway" v="no" /></way><way id="1425" timestamp="2026-03-11T21:52:02Z" uid="1" user="OSMnx" version="1" changeset="1"><nd ref="9880375229" /><nd ref="6560391258" /><tag k="highway" v="residential" /><tag k="oneway" v="no" /></way><way id="1426" timestamp="2026-03-11T21:52:02Z" uid="1" user="OSMnx" version="1" changeset="1"><nd ref="9880375230" /><nd ref="6560391256" /><tag k="highway" v="residential" /><tag k="oneway" v="no" /></way><way id="1427" timestamp="2026-03-11T21:52:02Z" uid="1" user="OSMnx" version="1" changeset="1"><nd ref="9880375230" /><nd ref="9880375235" /><tag k="highway" v="residential" /><tag k="oneway" v="no" /></way><way id="1428" timestamp="2026-03-11T21:52:02Z" uid="1" user="OSMnx" version="1" changeset="1"><nd ref="9880375235" /><nd ref="6734357396" /><tag k="highway" v="tertiary" /><tag k="name" v="Gaushala Road" /><tag k="oneway" v="no" /></way><way id="1429" timestamp="2026-03-11T21:52:02Z" uid="1" user="OSMnx" version="1" changeset="1"><nd ref="9880445442" /><nd ref="9880445444" /><tag k="highway" v="residential" /><tag k="oneway" v="no" /></way><way id="1430" timestamp="2026-03-11T21:52:02Z" uid="1" user="OSMnx" version="1" changeset="1"><nd ref="9880445442" /><nd ref="9181760593" /><tag k="highway" v="residential" /><tag k="oneway" v="no" /></way><way id="1431" timestamp="2026-03-11T21:52:02Z" uid="1" user="OSMnx" version="1" changeset="1"><nd ref="9880445442" /><nd ref="6745216199" /><tag k="highway" v="residential" /><tag k="oneway" v="no" /></way><way id="1432" timestamp="2026-03-11T21:52:02Z" uid="1" user="OSMnx" version="1" changeset="1"><nd ref="9880445444" /><nd ref="9880445450" /><tag k="highway" v="residential" /><tag k="oneway" v="no" /></way><way id="1433" timestamp="2026-03-11T21:52:02Z" uid="1" user="OSMnx" version="1" changeset="1"><nd ref="9880445444" /><nd ref="9880445451" /><tag k="highway" v="residential" /><tag k="oneway" v="no" /></way><way id="1434" timestamp="2026-03-11T21:52:02Z" uid="1" user="OSMnx" version="1" changeset="1"><nd ref="9880445450" /><nd ref="9880445443" /><tag k="highway" v="residential" /><tag k="oneway" v="no" /></way><way id="1435" timestamp="2026-03-11T21:52:02Z" uid="1" user="OSMnx" version="1" changeset="1"><nd ref="9880445450" /><nd ref="9880445451" /><tag k="highway" v="residential" /><tag k="oneway" v="no" /></way><way id="1436" timestamp="2026-03-11T21:52:02Z" uid="1" user="OSMnx" version="1" changeset="1"><nd ref="9880445451" /><nd ref="9880445443" /><tag k="highway" v="residential" /><tag k="oneway" v="no" /></way><way id="1437" timestamp="2026-03-11T21:52:02Z" uid="1" user="OSMnx" version="1" changeset="1"><nd ref="9880445452" /><nd ref="943641110" /><tag k="highway" v="tertiary" /><tag k="name" v="Saraswati Marg" /><tag k="oneway" v="no" /></way><way id="1438" timestamp="2026-03-11T21:52:02Z" uid="1" user="OSMnx" version="1" changeset="1"><nd ref="9880445452" /><nd ref="943641257" /><tag k="highway" v="tertiary" /><tag k="name" v="Deshbandhu Gupta Road" /><tag k="oneway" v="no" /></way><way id="1439" timestamp="2026-03-11T21:52:02Z" uid="1" user="OSMnx" version="1" changeset="1"><nd ref="9880525611" /><nd ref="943640286" /><tag k="highway" v="primary" /><tag k="name" v="New Rohtak Road" /><tag k="oneway" v="no" /></way><way id="1440" timestamp="2026-03-11T21:52:02Z" uid="1" user="OSMnx" version="1" changeset="1"><nd ref="9880645119" /><nd ref="6734357407" /><tag k="highway" v="residential" /><tag k="oneway" v="no" /></way><way id="1441" timestamp="2026-03-11T21:52:02Z" uid="1" user="OSMnx" version="1" changeset="1"><nd ref="9880645120" /><nd ref="9880375229" /><tag k="highway" v="residential" /><tag k="oneway" v="no" /></way><way id="1442" timestamp="2026-03-11T21:52:02Z" uid="1" user="OSMnx" version="1" changeset="1"><nd ref="9880645120" /><nd ref="9880645119" /><tag k="highway" v="residential" /><tag k="oneway" v="no" /></way><way id="1443" timestamp="2026-03-11T21:52:02Z" uid="1" user="OSMnx" version="1" changeset="1"><nd ref="9880645121" /><nd ref="12098606757" /><tag k="highway" v="residential" /><tag k="oneway" v="no" /></way><way id="1444" timestamp="2026-03-11T21:52:02Z" uid="1" user="OSMnx" version="1" changeset="1"><nd ref="9880645121" /><nd ref="6560391258" /><tag k="highway" v="primary" /><tag k="name" v="New Rohtak Road" /><tag k="oneway" v="no" /></way><way id="1445" timestamp="2026-03-11T21:52:02Z" uid="1" user="OSMnx" version="1" changeset="1"><nd ref="9882537761" /><nd ref="9869476820" /><tag k="highway" v="tertiary" /><tag k="name" v="Prabhat Road" /><tag k="oneway" v="no" /></way><way id="1446" timestamp="2026-03-11T21:52:02Z" uid="1" user="OSMnx" version="1" changeset="1"><nd ref="10044811620" /><nd ref="9181760584" /><tag k="highway" v="tertiary" /><tag k="oneway" v="no" /></way><way id="1447" timestamp="2026-03-11T21:52:02Z" uid="1" user="OSMnx" version="1" changeset="1"><nd ref="10274722107" /><nd ref="9880445442" /><tag k="highway" v="residential" /><tag k="oneway" v="no" /></way><way id="1448" timestamp="2026-03-11T21:52:02Z" uid="1" user="OSMnx" version="1" changeset="1"><nd ref="10274722107" /><nd ref="10274738117" /><tag k="highway" v="tertiary" /><tag k="oneway" v="no" /></way><way id="1449" timestamp="2026-03-11T21:52:02Z" uid="1" user="OSMnx" version="1" changeset="1"><nd ref="10274731616" /><nd ref="10274731617" /><tag k="highway" v="residential" /><tag k="oneway" v="no" /></way><way id="1450" timestamp="2026-03-11T21:52:02Z" uid="1" user="OSMnx" version="1" changeset="1"><nd ref="10274731617" /><nd ref="10274731619" /><tag k="highway" v="tertiary" /><tag k="name" v="Deshbandhu Gupta Road" /><tag k="oneway" v="no" /></way><way id="1451" timestamp="2026-03-11T21:52:02Z" uid="1" user="OSMnx" version="1" changeset="1"><nd ref="10274731618" /><nd ref="10274731619" /><tag k="highway" v="residential" /><tag k="oneway" v="no" /></way><way id="1452" timestamp="2026-03-11T21:52:02Z" uid="1" user="OSMnx" version="1" changeset="1"><nd ref="10274731618" /><nd ref="10274731616" /><tag k="highway" v="residential" /><tag k="oneway" v="no" /></way><way id="1453" timestamp="2026-03-11T21:52:02Z" uid="1" user="OSMnx" version="1" changeset="1"><nd ref="10274731619" /><nd ref="943640575" /><tag k="highway" v="tertiary" /><tag k="name" v="Deshbandhu Gupta Road" /><tag k="oneway" v="no" /></way><way id="1454" timestamp="2026-03-11T21:52:02Z" uid="1" user="OSMnx" version="1" changeset="1"><nd ref="10274731620" /><nd ref="6745216202" /><tag k="highway" v="residential" /><tag k="oneway" v="no" /></way><way id="1455" timestamp="2026-03-11T21:52:02Z" uid="1" user="OSMnx" version="1" changeset="1"><nd ref="10274731620" /><nd ref="10274731621" /><tag k="highway" v="residential" /><tag k="oneway" v="no" /></way><way id="1456" timestamp="2026-03-11T21:52:02Z" uid="1" user="OSMnx" version="1" changeset="1"><nd ref="10274731621" /><nd ref="9869513371" /><tag k="highway" v="tertiary" /><tag k="name" v="Deshbandhu Gupta Road" /><tag k="oneway" v="no" /></way><way id="1457" timestamp="2026-03-11T21:52:02Z" uid="1" user="OSMnx" version="1" changeset="1"><nd ref="10274738112" /><nd ref="10542355458" /><tag k="highway" v="tertiary" /><tag k="oneway" v="no" /></way><way id="1458" timestamp="2026-03-11T21:52:02Z" uid="1" user="OSMnx" version="1" changeset="1"><nd ref="10274738112" /><nd ref="10274722107" /><tag k="highway" v="tertiary" /><tag k="oneway" v="no" /></way><way id="1459" timestamp="2026-03-11T21:52:02Z" uid="1" user="OSMnx" version="1" changeset="1"><nd ref="10274738117" /><nd ref="6645814323" /><tag k="highway" v="tertiary" /><tag k="oneway" v="no" /></way><way id="1460" timestamp="2026-03-11T21:52:02Z" uid="1" user="OSMnx" version="1" changeset="1"><nd ref="10274798756" /><nd ref="309642515" /><tag k="highway" v="tertiary" /><tag k="name" v="Arya Samaj Road" /><tag k="oneway" v="no" /></way><way id="1461" timestamp="2026-03-11T21:52:02Z" uid="1" user="OSMnx" version="1" changeset="1"><nd ref="10274798756" /><nd ref="10274798757" /><tag k="highway" v="tertiary" /><tag k="name" v="Gurudwara Road" /><tag k="oneway" v="no" /></way><way id="1462" timestamp="2026-03-11T21:52:02Z" uid="1" user="OSMnx" version="1" changeset="1"><nd ref="10274798757" /><nd ref="10274798770" /><tag k="highway" v="residential" /><tag k="oneway" v="no" /></way><way id="1463" timestamp="2026-03-11T21:52:02Z" uid="1" user="OSMnx" version="1" changeset="1"><nd ref="10274798757" /><nd ref="10274798759" /><tag k="highway" v="tertiary" /><tag k="name" v="Gurudwara Road" /><tag k="oneway" v="no" /></way><way id="1464" timestamp="2026-03-11T21:52:02Z" uid="1" user="OSMnx" version="1" changeset="1"><nd ref="10274798759" /><nd ref="943641006" /><tag k="highway" v="tertiary" /><tag k="name" v="Padam Singh Road" /><tag k="oneway" v="no" /></way><way id="1465" timestamp="2026-03-11T21:52:02Z" uid="1" user="OSMnx" version="1" changeset="1"><nd ref="10274798759" /><nd ref="10274798764" /><tag k="highway" v="tertiary" /><tag k="name" v="Gurudwara Road" /><tag k="oneway" v="no" /></way><way id="1466" timestamp="2026-03-11T21:52:02Z" uid="1" user="OSMnx" version="1" changeset="1"><nd ref="10274798764" /><nd ref="6726571405" /><tag k="highway" v="tertiary" /><tag k="name" v="Gurudwara Road" /><tag k="oneway" v="no" /></way><way id="1467" timestamp="2026-03-11T21:52:02Z" uid="1" user="OSMnx" version="1" changeset="1"><nd ref="10274798764" /><nd ref="943640614" /><tag k="highway" v="tertiary" /><tag k="name" v="Gurudwara Road" /><tag k="oneway" v="no" /></way><way id="1468" timestamp="2026-03-11T21:52:02Z" uid="1" user="OSMnx" version="1" changeset="1"><nd ref="10274798767" /><nd ref="9843139214" /><tag k="highway" v="residential" /><tag k="name" v="Abdul Aziz Road" /><tag k="oneway" v="no" /></way><way id="1469" timestamp="2026-03-11T21:52:02Z" uid="1" user="OSMnx" version="1" changeset="1"><nd ref="10274798770" /><nd ref="1869899501" /><tag k="highway" v="residential" /><tag k="name" v="Abdul Aziz Road" /><tag k="oneway" v="no" /></way><way id="1470" timestamp="2026-03-11T21:52:02Z" uid="1" user="OSMnx" version="1" changeset="1"><nd ref="10310390777" /><nd ref="6646260827" /><tag k="highway" v="residential" /><tag k="oneway" v="no" /></way><way id="1471" timestamp="2026-03-11T21:52:02Z" uid="1" user="OSMnx" version="1" changeset="1"><nd ref="10310390777" /><nd ref="6630518555" /><tag k="highway" v="residential" /><tag k="oneway" v="no" /></way><way id="1472" timestamp="2026-03-11T21:52:02Z" uid="1" user="OSMnx" version="1" changeset="1"><nd ref="10542355458" /><nd ref="9181759794" /><tag k="highway" v="residential" /><tag k="oneway" v="no" /></way><way id="1473" timestamp="2026-03-11T21:52:02Z" uid="1" user="OSMnx" version="1" changeset="1"><nd ref="10542355458" /><nd ref="943640732" /><tag k="highway" v="tertiary" /><tag k="oneway" v="no" /></way><way id="1474" timestamp="2026-03-11T21:52:02Z" uid="1" user="OSMnx" version="1" changeset="1"><nd ref="10598455890" /><nd ref="309642511" /><tag k="highway" v="tertiary" /><tag k="name" v="Ilahi Bux Marg" /><tag k="oneway" v="no" /></way><way id="1475" timestamp="2026-03-11T21:52:02Z" uid="1" user="OSMnx" version="1" changeset="1"><nd ref="10598455891" /><nd ref="9843103547" /><tag k="highway" v="tertiary" /><tag k="name" v="Abdul Rahman Marg" /><tag k="oneway" v="no" /></way><way id="1476" timestamp="2026-03-11T21:52:02Z" uid="1" user="OSMnx" version="1" changeset="1"><nd ref="10598455891" /><nd ref="10598455890" /><tag k="highway" v="tertiary" /><tag k="oneway" v="no" /></way><way id="1477" timestamp="2026-03-11T21:52:02Z" uid="1" user="OSMnx" version="1" changeset="1"><nd ref="10598455892" /><nd ref="943641028" /><tag k="highway" v="tertiary" /><tag k="name" v="Sri Krishna Dass Marg" /><tag k="oneway" v="no" /></way><way id="1478" timestamp="2026-03-11T21:52:02Z" uid="1" user="OSMnx" version="1" changeset="1"><nd ref="10598455892" /><nd ref="10598455891" /><tag k="highway" v="tertiary" /><tag k="oneway" v="no" /></way><way id="1479" timestamp="2026-03-11T21:52:02Z" uid="1" user="OSMnx" version="1" changeset="1"><nd ref="10598455893" /><nd ref="10598455892" /><tag k="highway" v="tertiary" /><tag k="oneway" v="no" /></way><way id="1480" timestamp="2026-03-11T21:52:02Z" uid="1" user="OSMnx" version="1" changeset="1"><nd ref="10598455893" /><nd ref="9841262325" /><tag k="highway" v="residential" /><tag k="name" v="Abdul Aziz Road" /><tag k="oneway" v="no" /></way><way id="1481" timestamp="2026-03-11T21:52:02Z" uid="1" user="OSMnx" version="1" changeset="1"><nd ref="10598455894" /><nd ref="10598455901" /><tag k="highway" v="tertiary" /><tag k="oneway" v="no" /></way><way id="1482" timestamp="2026-03-11T21:52:02Z" uid="1" user="OSMnx" version="1" changeset="1"><nd ref="10598455894" /><nd ref="9841145352" /><tag k="highway" v="tertiary" /><tag k="name" v="Gurudwara Road" /><tag k="oneway" v="no" /></way><way id="1483" timestamp="2026-03-11T21:52:02Z" uid="1" user="OSMnx" version="1" changeset="1"><nd ref="10598455895" /><nd ref="10598455894" /><tag k="highway" v="tertiary" /><tag k="oneway" v="no" /></way><way id="1484" timestamp="2026-03-11T21:52:02Z" uid="1" user="OSMnx" version="1" changeset="1"><nd ref="10598455896" /><nd ref="10598455899" /><tag k="highway" v="tertiary" /><tag k="oneway" v="no" /></way><way id="1485" timestamp="2026-03-11T21:52:02Z" uid="1" user="OSMnx" version="1" changeset="1"><nd ref="10598455896" /><nd ref="6741865618" /><tag k="highway" v="tertiary" /><tag k="name" v="Saraswati Marg" /><tag k="oneway" v="no" /></way><way id="1486" timestamp="2026-03-11T21:52:02Z" uid="1" user="OSMnx" version="1" changeset="1"><nd ref="10598455897" /><nd ref="10598455896" /><tag k="highway" v="tertiary" /><tag k="oneway" v="no" /></way><way id="1487" timestamp="2026-03-11T21:52:02Z" uid="1" user="OSMnx" version="1" changeset="1"><nd ref="10598455897" /><nd ref="943641249" /><tag k="highway" v="tertiary" /><tag k="name" v="Road No 9" /><tag k="oneway" v="no" /></way><way id="1488" timestamp="2026-03-11T21:52:02Z" uid="1" user="OSMnx" version="1" changeset="1"><nd ref="10598455898" /><nd ref="6751554091" /><tag k="highway" v="residential" /><tag k="name" v="Vishnu Mandir Marg" /><tag k="oneway" v="no" /></way><way id="1489" timestamp="2026-03-11T21:52:02Z" uid="1" user="OSMnx" version="1" changeset="1"><nd ref="10598455898" /><nd ref="10598455897" /><tag k="highway" v="tertiary" /><tag k="oneway" v="no" /></way><way id="1490" timestamp="2026-03-11T21:52:02Z" uid="1" user="OSMnx" version="1" changeset="1"><nd ref="10598455899" /><nd ref="10598455895" /><tag k="highway" v="tertiary" /><tag k="oneway" v="no" /></way><way id="1491" timestamp="2026-03-11T21:52:02Z" uid="1" user="OSMnx" version="1" changeset="1"><nd ref="10598455899" /><nd ref="10598455900" /><tag k="highway" v="unclassified" /><tag k="oneway" v="no" /></way><way id="1492" timestamp="2026-03-11T21:52:02Z" uid="1" user="OSMnx" version="1" changeset="1"><nd ref="10598455900" /><nd ref="943640714" /><tag k="highway" v="tertiary" /><tag k="name" v="Arya Samaj Road" /><tag k="oneway" v="no" /></way><way id="1493" timestamp="2026-03-11T21:52:02Z" uid="1" user="OSMnx" version="1" changeset="1"><nd ref="10598455901" /><nd ref="10598455893" /><tag k="highway" v="tertiary" /><tag k="oneway" v="no" /></way><way id="1494" timestamp="2026-03-11T21:52:02Z" uid="1" user="OSMnx" version="1" changeset="1"><nd ref="10598455901" /><nd ref="10274798756" /><tag k="highway" v="tertiary" /><tag k="name" v="Gurudwara Road" /><tag k="oneway" v="no" /></way><way id="1495" timestamp="2026-03-11T21:52:02Z" uid="1" user="OSMnx" version="1" changeset="1"><nd ref="10996990352" /><nd ref="10996990353" /><tag k="highway" v="residential" /><tag k="oneway" v="no" /></way><way id="1496" timestamp="2026-03-11T21:52:02Z" uid="1" user="OSMnx" version="1" changeset="1"><nd ref="10996990353" /><nd ref="10996990352" /><tag k="highway" v="residential" /><tag k="oneway" v="no" /></way><way id="1497" timestamp="2026-03-11T21:52:02Z" uid="1" user="OSMnx" version="1" changeset="1"><nd ref="10996990353" /><nd ref="943641018" /><tag k="highway" v="residential" /><tag k="oneway" v="no" /></way><way id="1498" timestamp="2026-03-11T21:52:02Z" uid="1" user="OSMnx" version="1" changeset="1"><nd ref="10997032708" /><nd ref="10997032711" /><tag k="highway" v="living_street" /><tag k="oneway" v="no" /></way><way id="1499" timestamp="2026-03-11T21:52:02Z" uid="1" user="OSMnx" version="1" changeset="1"><nd ref="10997032708" /><nd ref="9865797786" /><tag k="highway" v="tertiary" /><tag k="name" v="Saraswati Marg" /><tag k="oneway" v="no" /></way><way id="1500" timestamp="2026-03-11T21:52:02Z" uid="1" user="OSMnx" version="1" changeset="1"><nd ref="10997032709" /><nd ref="1922111827" /><tag k="highway" v="tertiary" /><tag k="name" v="Ajmal Khan Road" /><tag k="oneway" v="no" /></way><way id="1501" timestamp="2026-03-11T21:52:02Z" uid="1" user="OSMnx" version="1" changeset="1"><nd ref="10997032710" /><nd ref="943640625" /><tag k="highway" v="tertiary" /><tag k="name" v="Saraswati Marg" /><tag k="oneway" v="no" /></way><way id="1502" timestamp="2026-03-11T21:52:02Z" uid="1" user="OSMnx" version="1" changeset="1"><nd ref="10997032710" /><nd ref="10997032711" /><tag k="highway" v="living_street" /><tag k="oneway" v="no" /></way><way id="1503" timestamp="2026-03-11T21:52:02Z" uid="1" user="OSMnx" version="1" changeset="1"><nd ref="10997032711" /><nd ref="10997032713" /><tag k="highway" v="living_street" /><tag k="oneway" v="no" /></way><way id="1504" timestamp="2026-03-11T21:52:02Z" uid="1" user="OSMnx" version="1" changeset="1"><nd ref="10997032712" /><nd ref="10997032710" /><tag k="highway" v="tertiary" /><tag k="name" v="Saraswati Marg" /><tag k="oneway" v="no" /></way><way id="1505" timestamp="2026-03-11T21:52:02Z" uid="1" user="OSMnx" version="1" changeset="1"><nd ref="10997032712" /><nd ref="10997032713" /><tag k="highway" v="living_street" /><tag k="oneway" v="no" /></way><way id="1506" timestamp="2026-03-11T21:52:02Z" uid="1" user="OSMnx" version="1" changeset="1"><nd ref="10997032713" /><nd ref="10997032709" /><tag k="highway" v="living_street" /><tag k="oneway" v="no" /></way><way id="1507" timestamp="2026-03-11T21:52:02Z" uid="1" user="OSMnx" version="1" changeset="1"><nd ref="11001192117" /><nd ref="9181760591" /><tag k="highway" v="residential" /><tag k="oneway" v="no" /></way><way id="1508" timestamp="2026-03-11T21:52:02Z" uid="1" user="OSMnx" version="1" changeset="1"><nd ref="11006916179" /><nd ref="943641229" /><tag k="highway" v="residential" /><tag k="oneway" v="no" /></way><way id="1509" timestamp="2026-03-11T21:52:02Z" uid="1" user="OSMnx" version="1" changeset="1"><nd ref="11006949923" /><nd ref="6487653612" /><tag k="highway" v="residential" /><tag k="oneway" v="no" /></way><way id="1510" timestamp="2026-03-11T21:52:02Z" uid="1" user="OSMnx" version="1" changeset="1"><nd ref="11011502684" /><nd ref="943640340" /><tag k="highway" v="residential" /><tag k="name" v="Gali Number 4" /><tag k="oneway" v="no" /></way><way id="1511" timestamp="2026-03-11T21:52:02Z" uid="1" user="OSMnx" version="1" changeset="1"><nd ref="11011521681" /><nd ref="943640498" /><tag k="highway" v="residential" /><tag k="oneway" v="no" /></way><way id="1512" timestamp="2026-03-11T21:52:02Z" uid="1" user="OSMnx" version="1" changeset="1"><nd ref="11011521681" /><nd ref="11011521682" /><tag k="highway" v="residential" /><tag k="oneway" v="no" /></way><way id="1513" timestamp="2026-03-11T21:52:02Z" uid="1" user="OSMnx" version="1" changeset="1"><nd ref="11011521682" /><nd ref="943640751" /><tag k="highway" v="residential" /><tag k="name" v="Gali Number 6" /><tag k="oneway" v="no" /></way><way id="1514" timestamp="2026-03-11T21:52:02Z" uid="1" user="OSMnx" version="1" changeset="1"><nd ref="11011521682" /><nd ref="11011502684" /><tag k="highway" v="residential" /><tag k="oneway" v="no" /></way><way id="1515" timestamp="2026-03-11T21:52:02Z" uid="1" user="OSMnx" version="1" changeset="1"><nd ref="11011589710" /><nd ref="11011589711" /><tag k="highway" v="residential" /><tag k="oneway" v="no" /></way><way id="1516" timestamp="2026-03-11T21:52:02Z" uid="1" user="OSMnx" version="1" changeset="1"><nd ref="11011589710" /><nd ref="943640498" /><tag k="highway" v="tertiary" /><tag k="lanes" v="4" /><tag k="name" v="Ramjas Road" /><tag k="oneway" v="no" /></way><way id="1517" timestamp="2026-03-11T21:52:02Z" uid="1" user="OSMnx" version="1" changeset="1"><nd ref="11011589711" /><nd ref="943640959" /><tag k="highway" v="tertiary" /><tag k="name" v="Road No 9" /><tag k="oneway" v="no" /></way><way id="1518" timestamp="2026-03-11T21:52:02Z" uid="1" user="OSMnx" version="1" changeset="1"><nd ref="11021418787" /><nd ref="3661653320" /><tag k="highway" v="residential" /><tag k="oneway" v="no" /></way><way id="1519" timestamp="2026-03-11T21:52:02Z" uid="1" user="OSMnx" version="1" changeset="1"><nd ref="11021418787" /><nd ref="6542418799" /><tag k="highway" v="residential" /><tag k="oneway" v="no" /></way><way id="1520" timestamp="2026-03-11T21:52:02Z" uid="1" user="OSMnx" version="1" changeset="1"><nd ref="11141459153" /><nd ref="6734357405" /><tag k="highway" v="residential" /><tag k="name" v="Mandir Marg" /><tag k="oneway" v="no" /></way><way id="1521" timestamp="2026-03-11T21:52:02Z" uid="1" user="OSMnx" version="1" changeset="1"><nd ref="11141459153" /><nd ref="11141459154" /><tag k="highway" v="residential" /><tag k="oneway" v="no" /></way><way id="1522" timestamp="2026-03-11T21:52:02Z" uid="1" user="OSMnx" version="1" changeset="1"><nd ref="11224582284" /><nd ref="6730511851" /><tag k="highway" v="residential" /><tag k="oneway" v="no" /></way><way id="1523" timestamp="2026-03-11T21:52:02Z" uid="1" user="OSMnx" version="1" changeset="1"><nd ref="11224582289" /><nd ref="6730511853" /><tag k="highway" v="residential" /><tag k="oneway" v="no" /></way><way id="1524" timestamp="2026-03-11T21:52:02Z" uid="1" user="OSMnx" version="1" changeset="1"><nd ref="11237934740" /><nd ref="943640539" /><tag k="highway" v="tertiary" /><tag k="name" v="Tank Road" /><tag k="oneway" v="no" /></way><way id="1525" timestamp="2026-03-11T21:52:02Z" uid="1" user="OSMnx" version="1" changeset="1"><nd ref="11510496640" /><nd ref="9181760548" /><tag k="highway" v="residential" /><tag k="oneway" v="no" /></way><way id="1526" timestamp="2026-03-11T21:52:02Z" uid="1" user="OSMnx" version="1" changeset="1"><nd ref="11510496640" /><nd ref="291511689" /><tag k="highway" v="tertiary" /><tag k="name" v="Deshbandhu Gupta Road" /><tag k="oneway" v="no" /></way><way id="1527" timestamp="2026-03-11T21:52:02Z" uid="1" user="OSMnx" version="1" changeset="1"><nd ref="11510496641" /><nd ref="9181760548" /><tag k="highway" v="residential" /><tag k="oneway" v="no" /></way><way id="1528" timestamp="2026-03-11T21:52:02Z" uid="1" user="OSMnx" version="1" changeset="1"><nd ref="11510496644" /><nd ref="11510496641" /><tag k="highway" v="residential" /><tag k="oneway" v="no" /></way><way id="1529" timestamp="2026-03-11T21:52:02Z" uid="1" user="OSMnx" version="1" changeset="1"><nd ref="11510588676" /><nd ref="943641112" /><tag k="highway" v="primary" /><tag k="name" v="New Rohtak Road" /><tag k="oneway" v="no" /></way><way id="1530" timestamp="2026-03-11T21:52:02Z" uid="1" user="OSMnx" version="1" changeset="1"><nd ref="11518486169" /><nd ref="6734569332" /><tag k="highway" v="residential" /><tag k="oneway" v="no" /></way><way id="1531" timestamp="2026-03-11T21:52:02Z" uid="1" user="OSMnx" version="1" changeset="1"><nd ref="11518486169" /><nd ref="11518486170" /><tag k="highway" v="residential" /><tag k="oneway" v="no" /></way><way id="1532" timestamp="2026-03-11T21:52:02Z" uid="1" user="OSMnx" version="1" changeset="1"><nd ref="11518486170" /><nd ref="6734569334" /><tag k="highway" v="primary" /><tag k="name" v="New Rohtak Road" /><tag k="oneway" v="no" /></way><way id="1533" timestamp="2026-03-11T21:52:02Z" uid="1" user="OSMnx" version="1" changeset="1"><nd ref="11518486171" /><nd ref="11518486169" /><tag k="highway" v="residential" /><tag k="oneway" v="no" /></way><way id="1534" timestamp="2026-03-11T21:52:02Z" uid="1" user="OSMnx" version="1" changeset="1"><nd ref="11518486171" /><nd ref="6560391247" /><tag k="highway" v="residential" /><tag k="name" v="Gali Number 2" /><tag k="oneway" v="no" /></way><way id="1535" timestamp="2026-03-11T21:52:02Z" uid="1" user="OSMnx" version="1" changeset="1"><nd ref="11625856695" /><nd ref="943641118" /><tag k="highway" v="residential" /><tag k="oneway" v="no" /></way><way id="1536" timestamp="2026-03-11T21:52:02Z" uid="1" user="OSMnx" version="1" changeset="1"><nd ref="11625856695" /><nd ref="11625856697" /><tag k="highway" v="residential" /><tag k="oneway" v="no" /></way><way id="1537" timestamp="2026-03-11T21:52:02Z" uid="1" user="OSMnx" version="1" changeset="1"><nd ref="11625856696" /><nd ref="943640394" /><tag k="highway" v="residential" /><tag k="oneway" v="no" /></way><way id="1538" timestamp="2026-03-11T21:52:02Z" uid="1" user="OSMnx" version="1" changeset="1"><nd ref="11625856697" /><nd ref="11625856696" /><tag k="highway" v="residential" /><tag k="oneway" v="no" /></way><way id="1539" timestamp="2026-03-11T21:52:02Z" uid="1" user="OSMnx" version="1" changeset="1"><nd ref="11625856697" /><nd ref="943640753" /><tag k="highway" v="residential" /><tag k="oneway" v="no" /></way><way id="1540" timestamp="2026-03-11T21:52:02Z" uid="1" user="OSMnx" version="1" changeset="1"><nd ref="11626023724" /><nd ref="9865894435" /><tag k="highway" v="tertiary" /><tag k="name" v="Ganga Mandir Marg" /><tag k="oneway" v="no" /></way><way id="1541" timestamp="2026-03-11T21:52:02Z" uid="1" user="OSMnx" version="1" changeset="1"><nd ref="11626023724" /><nd ref="9865894461" /><tag k="highway" v="tertiary" /><tag k="name" v="Ganga Mandir Marg" /><tag k="oneway" v="no" /></way><way id="1542" timestamp="2026-03-11T21:52:02Z" uid="1" user="OSMnx" version="1" changeset="1"><nd ref="11626629269" /><nd ref="6627388061" /><tag k="highway" v="residential" /><tag k="oneway" v="no" /></way><way id="1543" timestamp="2026-03-11T21:52:02Z" uid="1" user="OSMnx" version="1" changeset="1"><nd ref="11651942749" /><nd ref="11651942748" /><tag k="highway" v="tertiary" /><tag k="oneway" v="no" /></way><way id="1544" timestamp="2026-03-11T21:52:02Z" uid="1" user="OSMnx" version="1" changeset="1"><nd ref="11792835531" /><nd ref="9843112157" /><tag k="highway" v="tertiary" /><tag k="name" v="Deshbandhu Gupta Road" /><tag k="oneway" v="no" /></way><way id="1545" timestamp="2026-03-11T21:52:02Z" uid="1" user="OSMnx" version="1" changeset="1"><nd ref="11792835531" /><nd ref="9843077187" /><tag k="highway" v="tertiary" /><tag k="name" v="Faiz Road" /><tag k="oneway" v="no" /></way><way id="1546" timestamp="2026-03-11T21:52:02Z" uid="1" user="OSMnx" version="1" changeset="1"><nd ref="12049161363" /><nd ref="6627388062" /><tag k="highway" v="residential" /><tag k="oneway" v="no" /></way><way id="1547" timestamp="2026-03-11T21:52:02Z" uid="1" user="OSMnx" version="1" changeset="1"><nd ref="12049161366" /><nd ref="943640614" /><tag k="highway" v="tertiary" /><tag k="name" v="Tank Road" /><tag k="oneway" v="no" /></way><way id="1548" timestamp="2026-03-11T21:52:02Z" uid="1" user="OSMnx" version="1" changeset="1"><nd ref="12049161366" /><nd ref="12049161363" /><tag k="highway" v="residential" /><tag k="oneway" v="no" /></way><way id="1549" timestamp="2026-03-11T21:52:02Z" uid="1" user="OSMnx" version="1" changeset="1"><nd ref="12090245425" /><nd ref="943640927" /><tag k="highway" v="residential" /><tag k="name" v="Maharana Pratap Road" /><tag k="oneway" v="no" /></way><way id="1550" timestamp="2026-03-11T21:52:02Z" uid="1" user="OSMnx" version="1" changeset="1"><nd ref="12090245426" /><nd ref="943640782" /><tag k="highway" v="residential" /><tag k="oneway" v="no" /></way><way id="1551" timestamp="2026-03-11T21:52:02Z" uid="1" user="OSMnx" version="1" changeset="1"><nd ref="12090245426" /><nd ref="6741865624" /><tag k="highway" v="residential" /><tag k="name" v="Maharana Pratap Road" /><tag k="oneway" v="no" /></way><way id="1552" timestamp="2026-03-11T21:52:02Z" uid="1" user="OSMnx" version="1" changeset="1"><nd ref="12120727957" /><nd ref="12120727976" /><tag k="highway" v="tertiary" /><tag k="name" v="Gurudwara Road" /><tag k="oneway" v="no" /></way><way id="1553" timestamp="2026-03-11T21:52:02Z" uid="1" user="OSMnx" version="1" changeset="1"><nd ref="12120727957" /><nd ref="943640943" /><tag k="highway" v="tertiary" /><tag k="name" v="Deshbandhu Gupta Road" /><tag k="oneway" v="no" /></way><way id="1554" timestamp="2026-03-11T21:52:02Z" uid="1" user="OSMnx" version="1" changeset="1"><nd ref="12120727959" /><nd ref="9841145345" /><tag k="highway" v="tertiary" /><tag k="name" v="Gurudwara Road" /><tag k="oneway" v="no" /></way><way id="1555" timestamp="2026-03-11T21:52:02Z" uid="1" user="OSMnx" version="1" changeset="1"><nd ref="12120727962" /><nd ref="9841084992" /><tag k="highway" v="tertiary" /><tag k="name" v="Gurudwara Road" /><tag k="oneway" v="no" /></way><way id="1556" timestamp="2026-03-11T21:52:02Z" uid="1" user="OSMnx" version="1" changeset="1"><nd ref="12120727964" /><nd ref="12120727962" /><tag k="highway" v="tertiary" /><tag k="name" v="Gurudwara Road" /><tag k="oneway" v="no" /></way><way id="1557" timestamp="2026-03-11T21:52:02Z" uid="1" user="OSMnx" version="1" changeset="1"><nd ref="12120727965" /><nd ref="12120727964" /><tag k="highway" v="tertiary" /><tag k="name" v="Gurudwara Road" /><tag k="oneway" v="no" /></way><way id="1558" timestamp="2026-03-11T21:52:02Z" uid="1" user="OSMnx" version="1" changeset="1"><nd ref="12120727966" /><nd ref="12120727965" /><tag k="highway" v="tertiary" /><tag k="name" v="Gurudwara Road" /><tag k="oneway" v="no" /></way><way id="1559" timestamp="2026-03-11T21:52:02Z" uid="1" user="OSMnx" version="1" changeset="1"><nd ref="12120727967" /><nd ref="9181766462" /><tag k="highway" v="residential" /><tag k="oneway" v="no" /></way><way id="1560" timestamp="2026-03-11T21:52:02Z" uid="1" user="OSMnx" version="1" changeset="1"><nd ref="12120727967" /><nd ref="9181766459" /><tag k="highway" v="tertiary" /><tag k="name" v="Gurudwara Road" /><tag k="oneway" v="no" /></way><way id="1561" timestamp="2026-03-11T21:52:02Z" uid="1" user="OSMnx" version="1" changeset="1"><nd ref="12120727970" /><nd ref="12728153919" /><tag k="highway" v="tertiary" /><tag k="name" v="Gurudwara Road" /><tag k="oneway" v="no" /></way><way id="1562" timestamp="2026-03-11T21:52:02Z" uid="1" user="OSMnx" version="1" changeset="1"><nd ref="12120727970" /><nd ref="1869899504" /><tag k="highway" v="tertiary" /><tag k="name" v="Hardhyan Singh Marg" /><tag k="oneway" v="no" /></way><way id="1563" timestamp="2026-03-11T21:52:02Z" uid="1" user="OSMnx" version="1" changeset="1"><nd ref="12120727974" /><nd ref="4235031046" /><tag k="highway" v="tertiary" /><tag k="name" v="Gurudwara Road" /><tag k="oneway" v="no" /></way><way id="1564" timestamp="2026-03-11T21:52:02Z" uid="1" user="OSMnx" version="1" changeset="1"><nd ref="12120727974" /><nd ref="12120727957" /><tag k="highway" v="tertiary" /><tag k="name" v="Deshbandhu Gupta Road" /><tag k="oneway" v="no" /></way><way id="1565" timestamp="2026-03-11T21:52:02Z" uid="1" user="OSMnx" version="1" changeset="1"><nd ref="12120727975" /><nd ref="12120727974" /><tag k="highway" v="tertiary" /><tag k="name" v="Gurudwara Road" /><tag k="oneway" v="no" /></way><way id="1566" timestamp="2026-03-11T21:52:02Z" uid="1" user="OSMnx" version="1" changeset="1"><nd ref="12120727975" /><nd ref="943640771" /><tag k="highway" v="tertiary" /><tag k="name" v="Deshbandhu Gupta Road" /><tag k="oneway" v="no" /></way><way id="1567" timestamp="2026-03-11T21:52:02Z" uid="1" user="OSMnx" version="1" changeset="1"><nd ref="12120727976" /><nd ref="943641129" /><tag k="highway" v="tertiary" /><tag k="name" v="Deshbandhu Gupta Road" /><tag k="oneway" v="no" /></way><way id="1568" timestamp="2026-03-11T21:52:02Z" uid="1" user="OSMnx" version="1" changeset="1"><nd ref="12121803948" /><nd ref="943640944" /><tag k="highway" v="tertiary" /><tag k="name" v="Padam Singh Road" /><tag k="oneway" v="no" /></way><way id="1569" timestamp="2026-03-11T21:52:02Z" uid="1" user="OSMnx" version="1" changeset="1"><nd ref="12121803948" /><nd ref="12121803949" /><tag k="highway" v="residential" /><tag k="oneway" v="no" /></way><way id="1570" timestamp="2026-03-11T21:52:02Z" uid="1" user="OSMnx" version="1" changeset="1"><nd ref="12121803949" /><nd ref="12121803952" /><tag k="highway" v="residential" /><tag k="oneway" v="no" /></way><way id="1571" timestamp="2026-03-11T21:52:02Z" uid="1" user="OSMnx" version="1" changeset="1"><nd ref="12121803951" /><nd ref="12121803948" /><tag k="highway" v="tertiary" /><tag k="name" v="Padam Singh Road" /><tag k="oneway" v="no" /></way><way id="1572" timestamp="2026-03-11T21:52:02Z" uid="1" user="OSMnx" version="1" changeset="1"><nd ref="12121803951" /><nd ref="12121803952" /><tag k="highway" v="residential" /><tag k="oneway" v="no" /></way><way id="1573" timestamp="2026-03-11T21:52:02Z" uid="1" user="OSMnx" version="1" changeset="1"><nd ref="12121803952" /><nd ref="9843177727" /><tag k="highway" v="residential" /><tag k="oneway" v="no" /></way><way id="1574" timestamp="2026-03-11T21:52:02Z" uid="1" user="OSMnx" version="1" changeset="1"><nd ref="12125899988" /><nd ref="9869476842" /><tag k="highway" v="residential" /><tag k="oneway" v="no" /></way><way id="1575" timestamp="2026-03-11T21:52:02Z" uid="1" user="OSMnx" version="1" changeset="1"><nd ref="12125927515" /><nd ref="9870214361" /><tag k="highway" v="residential" /><tag k="oneway" v="no" /></way><way id="1576" timestamp="2026-03-11T21:52:02Z" uid="1" user="OSMnx" version="1" changeset="1"><nd ref="12125927517" /><nd ref="9869513379" /><tag k="highway" v="residential" /><tag k="oneway" v="no" /></way><way id="1577" timestamp="2026-03-11T21:52:02Z" uid="1" user="OSMnx" version="1" changeset="1"><nd ref="12125927531" /><nd ref="9181825059" /><tag k="highway" v="residential" /><tag k="oneway" v="no" /></way><way id="1578" timestamp="2026-03-11T21:52:02Z" uid="1" user="OSMnx" version="1" changeset="1"><nd ref="12137087551" /><nd ref="6751553065" /><tag k="highway" v="residential" /><tag k="oneway" v="no" /></way><way id="1579" timestamp="2026-03-11T21:52:02Z" uid="1" user="OSMnx" version="1" changeset="1"><nd ref="12137087551" /><nd ref="6751553083" /><tag k="highway" v="tertiary" /><tag k="name" v="Road No 9" /><tag k="oneway" v="no" /></way><way id="1580" timestamp="2026-03-11T21:52:02Z" uid="1" user="OSMnx" version="1" changeset="1"><nd ref="12137087554" /><nd ref="6751553063" /><tag k="highway" v="residential" /><tag k="oneway" v="no" /></way><way id="1581" timestamp="2026-03-11T21:52:02Z" uid="1" user="OSMnx" version="1" changeset="1"><nd ref="12137087554" /><nd ref="6751553079" /><tag k="highway" v="tertiary" /><tag k="name" v="Road No 9" /><tag k="oneway" v="no" /></way><way id="1582" timestamp="2026-03-11T21:52:02Z" uid="1" user="OSMnx" version="1" changeset="1"><nd ref="12137525961" /><nd ref="9181739606" /><tag k="highway" v="tertiary" /><tag k="name" v="Prabhat Road" /><tag k="oneway" v="no" /></way><way id="1583" timestamp="2026-03-11T21:52:02Z" uid="1" user="OSMnx" version="1" changeset="1"><nd ref="12213473958" /><nd ref="10274798767" /><tag k="highway" v="residential" /><tag k="oneway" v="no" /></way><way id="1584" timestamp="2026-03-11T21:52:02Z" uid="1" user="OSMnx" version="1" changeset="1"><nd ref="12728153919" /><nd ref="12728153920" /><tag k="highway" v="tertiary" /><tag k="name" v="Gurudwara Road" /><tag k="oneway" v="no" /></way><way id="1585" timestamp="2026-03-11T21:52:02Z" uid="1" user="OSMnx" version="1" changeset="1"><nd ref="12728153920" /><nd ref="12728153921" /><tag k="highway" v="tertiary" /><tag k="name" v="Gurudwara Road" /><tag k="oneway" v="no" /></way><way id="1586" timestamp="2026-03-11T21:52:02Z" uid="1" user="OSMnx" version="1" changeset="1"><nd ref="12728153921" /><nd ref="12728153922" /><tag k="highway" v="tertiary" /><tag k="name" v="Gurudwara Road" /><tag k="oneway" v="no" /></way><way id="1587" timestamp="2026-03-11T21:52:02Z" uid="1" user="OSMnx" version="1" changeset="1"><nd ref="12728153922" /><nd ref="10598455901" /><tag k="highway" v="tertiary" /><tag k="name" v="Gurudwara Road" /><tag k="oneway" v="no" /></way><way id="1588" timestamp="2026-03-11T21:52:02Z" uid="1" user="OSMnx" version="1" changeset="1"><nd ref="13141338609" /><nd ref="9843112157" /><tag k="highway" v="tertiary" /><tag k="oneway" v="no" /></way><way id="1589" timestamp="2026-03-11T21:52:02Z" uid="1" user="OSMnx" version="1" changeset="1"><nd ref="13475424049" /><nd ref="9843112148" /><tag k="highway" v="tertiary" /><tag k="name" v="Faiz Road" /><tag k="oneway" v="no" /></way></osm>