<?xml version='1.0' encoding='utf-8'?>
<osm version="0.6" generator="OSMnx 1.9.1"><node id="245678339" timestamp="2026-03-12T11:09:39Z" uid="1" user="OSMnx" version="1" changeset="1" lat="19.170568" lon="72.831662" /><node id="245678357" timestamp="2026-03-12T11:09:39Z" uid="1" user="OSMnx" version="1" changeset="1" lat="19.170934" lon="72.835687" /><node id="245678362" timestamp="2026-03-12T11:09:39Z" uid="1" user="OSMnx" version="1" changeset="1" lat="19.17013" lon="72.841453" /><node id="245678558" timestamp="2026-03-12T11:09:39Z" uid="1" user="OSMnx" version="1" changeset="1" lat="19.173732" lon="72.836724"><tag k="highway" v="traffic_signals" /></node><node id="245678572" timestamp="2026-03-12T11:09:39Z" uid="1" user="OSMnx" version="1" changeset="1" lat="19.173883" lon="72.842338" /><node id="245678584" timestamp="2026-03-12T11:09:39Z" uid="1" user="OSMnx" version="1" changeset="1" lat="19.173836" lon="72.84082"><tag k="highway" v="traffic_signals" /></node><node id="245678732" timestamp="2026-03-12T11:09:39Z" uid="1" user="OSMnx" version="1" changeset="1" lat="19.176757" lon="72.83717" /><node id="245678918" timestamp="2026-03-12T11:09:39Z" uid="1" user="OSMnx" version="1" changeset="1" lat="19.179744" lon="72.83663"><tag k="highway" v="traffic_signals" /></node><node id="245679398" timestamp="2026-03-12T11:09:39Z" uid="1" user="OSMnx" version="1" changeset="1" lat="19.187822" lon="72.849899" /><node id="245679422" timestamp="2026-03-12T11:09:39Z" uid="1" user="OSMnx" version="1" changeset="1" lat="19.188185" lon="72.852271" /><node id="245679479" timestamp="2026-03-12T11:09:39Z" uid="1" user="OSMnx" version="1" changeset="1" lat="19.188996" lon="72.83567" /><node id="245679851" timestamp="2026-03-12T11:09:39Z" uid="1" user="OSMnx" version="1" changeset="1" lat="19.193996" lon="72.834232" /><node id="245679943" timestamp="2026-03-12T11:09:39Z" uid="1" user="OSMnx" version="1" changeset="1" lat="19.195749" lon="72.833816"><tag k="highway" v="traffic_signals" /></node><node id="245679988" timestamp="2026-03-12T11:09:39Z" uid="1" user="OSMnx" version="1" changeset="1" lat="19.196277" lon="72.827481"><tag k="highway" v="traffic_signals" /></node><node id="245680447" timestamp="2026-03-12T11:09:39Z" uid="1" user="OSMnx" version="1" changeset="1" lat="19.20158" lon="72.845168" /><node id="245680456" timestamp="2026-03-12T11:09:39Z" uid="1" user="OSMnx" version="1" changeset="1" lat="19.20177" lon="72.844324" /><node id="245680537" timestamp="2026-03-12T11:09:39Z" uid="1" user="OSMnx" version="1" changeset="1" lat="19.202474" lon="72.848179" /><node id="245680554" timestamp="2026-03-12T11:09:39Z" uid="1" user="OSMnx" version="1" changeset="1" lat="19.203295" lon="72.844552" /><node id="245680611" timestamp="2026-03-12T11:09:39Z" uid="1" user="OSMnx" version="1" changeset="1" lat="19.204279" lon="72.845135" /><node id="245680612" timestamp="2026-03-12T11:09:39Z" uid="1" user="OSMnx" version="1" changeset="1" lat="19.20433" lon="72.848584" /><node id="245680623" timestamp="2026-03-12T11:09:39Z" uid="1" user="OSMnx" version="1" changeset="1" lat="19.204282" lon="72.845537" /><node id="245680648" timestamp="2026-03-12T11:09:39Z" uid="1" user="OSMnx" version="1" changeset="1" lat="19.204543" lon="72.839817" /><node id="245680677" timestamp="2026-03-12T11:09:39Z" uid="1" user="OSMnx" version="1" changeset="1" lat="19.205274" lon="72.845488" /><node id="245680708" timestamp="2026-03-12T11:09:39Z" uid="1" user="OSMnx" version="1" changeset="1" lat="19.205584" lon="72.843604" /><node id="619185664" timestamp="2026-03-12T11:09:39Z" uid="1" user="OSMnx" version="1" changeset="1" lat="19.172575" lon="72.854063"><tag k="highway" v="traffic_signals" /></node><node id="619185674" timestamp="2026-03-12T11:09:39Z" uid="1" user="OSMnx" version="1" changeset="1" lat="19.173522" lon="72.845079"><tag k="highway" v="traffic_signals" /></node><node id="627835035" timestamp="2026-03-12T11:09:39Z" uid="1" user="OSMnx" version="1" changeset="1" lat="19.191418" lon="72.846957"><tag k="highway" v="traffic_signals" /></node><node id="627835036" timestamp="2026-03-12T11:09:39Z" uid="1" user="OSMnx" version="1" changeset="1" lat="19.195426" lon="72.847124" /><node id="627835037" timestamp="2026-03-12T11:09:39Z" uid="1" user="OSMnx" version="1" changeset="1" lat="19.198259" lon="72.848094"><tag k="highway" v="traffic_signals" /></node><node id="627835038" timestamp="2026-03-12T11:09:39Z" uid="1" user="OSMnx" version="1" changeset="1" lat="19.203015" lon="72.849357" /><node id="627835045" timestamp="2026-03-12T11:09:39Z" uid="1" user="OSMnx" version="1" changeset="1" lat="19.178123" lon="72.846308" /><node id="627835047" timestamp="2026-03-12T11:09:39Z" uid="1" user="OSMnx" version="1" changeset="1" lat="19.181481" lon="72.846884" /><node id="627835052" timestamp="2026-03-12T11:09:39Z" uid="1" user="OSMnx" version="1" changeset="1" lat="19.176004" lon="72.845502" /><node id="627835805" timestamp="2026-03-12T11:09:39Z" uid="1" user="OSMnx" version="1" changeset="1" lat="19.193408" lon="72.839866" /><node id="627835897" timestamp="2026-03-12T11:09:39Z" uid="1" user="OSMnx" version="1" changeset="1" lat="19.19392" lon="72.839575" /><node id="627835899" timestamp="2026-03-12T11:09:39Z" uid="1" user="OSMnx" version="1" changeset="1" lat="19.195265" lon="72.838724" /><node id="627835901" timestamp="2026-03-12T11:09:39Z" uid="1" user="OSMnx" version="1" changeset="1" lat="19.195523" lon="72.83751" /><node id="627836085" timestamp="2026-03-12T11:09:39Z" uid="1" user="OSMnx" version="1" changeset="1" lat="19.192836" lon="72.841509"><tag k="highway" v="traffic_signals" /></node><node id="627837248" timestamp="2026-03-12T11:09:39Z" uid="1" user="OSMnx" version="1" changeset="1" lat="19.198245" lon="72.848372" /><node id="627837253" timestamp="2026-03-12T11:09:39Z" uid="1" user="OSMnx" version="1" changeset="1" lat="19.198815" lon="72.853581" /><node id="627838051" timestamp="2026-03-12T11:09:39Z" uid="1" user="OSMnx" version="1" changeset="1" lat="19.204055" lon="72.849684"><tag k="highway" v="traffic_signals" /></node><node id="627838144" timestamp="2026-03-12T11:09:39Z" uid="1" user="OSMnx" version="1" changeset="1" lat="19.20335" lon="72.839694" /><node id="629022090" timestamp="2026-03-12T11:09:39Z" uid="1" user="OSMnx" version="1" changeset="1" lat="19.202954" lon="72.834176" /><node id="769028312" timestamp="2026-03-12T11:09:39Z" uid="1" user="OSMnx" version="1" changeset="1" lat="19.174824" lon="72.832404" /><node id="769028538" timestamp="2026-03-12T11:09:39Z" uid="1" user="OSMnx" version="1" changeset="1" lat="19.172685" lon="72.852113"><tag k="highway" v="traffic_signals" /></node><node id="769036599" timestamp="2026-03-12T11:09:39Z" uid="1" user="OSMnx" version="1" changeset="1" lat="19.170825" lon="72.836218" /><node id="769037775" timestamp="2026-03-12T11:09:39Z" uid="1" user="OSMnx" version="1" changeset="1" lat="19.17053" lon="72.83553"><tag k="highway" v="traffic_signals" /></node><node id="985121103" timestamp="2026-03-12T11:09:39Z" uid="1" user="OSMnx" version="1" changeset="1" lat="19.171715" lon="72.85403" /><node id="985167408" timestamp="2026-03-12T11:09:39Z" uid="1" user="OSMnx" version="1" changeset="1" lat="19.173188" lon="72.849452" /><node id="1140441919" timestamp="2026-03-12T11:09:39Z" uid="1" user="OSMnx" version="1" changeset="1" lat="19.171983" lon="72.850077" /><node id="1140441939" timestamp="2026-03-12T11:09:39Z" uid="1" user="OSMnx" version="1" changeset="1" lat="19.17202" lon="72.849564" /><node id="1140441944" timestamp="2026-03-12T11:09:39Z" uid="1" user="OSMnx" version="1" changeset="1" lat="19.171984" lon="72.850849" /><node id="1145116876" timestamp="2026-03-12T11:09:39Z" uid="1" user="OSMnx" version="1" changeset="1" lat="19.173217" lon="72.85073" /><node id="1145116885" timestamp="2026-03-12T11:09:39Z" uid="1" user="OSMnx" version="1" changeset="1" lat="19.17266" lon="72.850784" /><node id="1145116887" timestamp="2026-03-12T11:09:39Z" uid="1" user="OSMnx" version="1" changeset="1" lat="19.172596" lon="72.849509" /><node id="1156346003" timestamp="2026-03-12T11:09:39Z" uid="1" user="OSMnx" version="1" changeset="1" lat="19.183442" lon="72.8541" /><node id="1166282326" timestamp="2026-03-12T11:09:39Z" uid="1" user="OSMnx" version="1" changeset="1" lat="19.176618" lon="72.849294" /><node id="1166282329" timestamp="2026-03-12T11:09:39Z" uid="1" user="OSMnx" version="1" changeset="1" lat="19.177008" lon="72.849284" /><node id="1166282330" timestamp="2026-03-12T11:09:39Z" uid="1" user="OSMnx" version="1" changeset="1" lat="19.176418" lon="72.85067" /><node id="1178819502" timestamp="2026-03-12T11:09:39Z" uid="1" user="OSMnx" version="1" changeset="1" lat="19.176261" lon="72.851664" /><node id="1185674157" timestamp="2026-03-12T11:09:39Z" uid="1" user="OSMnx" version="1" changeset="1" lat="19.178486" lon="72.831226" /><node id="1185674179" timestamp="2026-03-12T11:09:39Z" uid="1" user="OSMnx" version="1" changeset="1" lat="19.180328" lon="72.831457" /><node id="1185674183" timestamp="2026-03-12T11:09:39Z" uid="1" user="OSMnx" version="1" changeset="1" lat="19.179943" lon="72.830569" /><node id="1185812965" timestamp="2026-03-12T11:09:39Z" uid="1" user="OSMnx" version="1" changeset="1" lat="19.178124" lon="72.838522" /><node id="1185812968" timestamp="2026-03-12T11:09:39Z" uid="1" user="OSMnx" version="1" changeset="1" lat="19.176855" lon="72.838585" /><node id="1185812972" timestamp="2026-03-12T11:09:39Z" uid="1" user="OSMnx" version="1" changeset="1" lat="19.179251" lon="72.838415" /><node id="1185813565" timestamp="2026-03-12T11:09:39Z" uid="1" user="OSMnx" version="1" changeset="1" lat="19.178973" lon="72.835512" /><node id="1185815163" timestamp="2026-03-12T11:09:39Z" uid="1" user="OSMnx" version="1" changeset="1" lat="19.179107" lon="72.842463" /><node id="1185818942" timestamp="2026-03-12T11:09:39Z" uid="1" user="OSMnx" version="1" changeset="1" lat="19.175684" lon="72.8331" /><node id="1185818981" timestamp="2026-03-12T11:09:39Z" uid="1" user="OSMnx" version="1" changeset="1" lat="19.178697" lon="72.835028" /><node id="1185821557" timestamp="2026-03-12T11:09:39Z" uid="1" user="OSMnx" version="1" changeset="1" lat="19.1793" lon="72.83955" /><node id="1185839766" timestamp="2026-03-12T11:09:39Z" uid="1" user="OSMnx" version="1" changeset="1" lat="19.177976" lon="72.847472" /><node id="1185842054" timestamp="2026-03-12T11:09:39Z" uid="1" user="OSMnx" version="1" changeset="1" lat="19.182544" lon="72.843498" /><node id="1185842058" timestamp="2026-03-12T11:09:39Z" uid="1" user="OSMnx" version="1" changeset="1" lat="19.182752" lon="72.842125" /><node id="1185842062" timestamp="2026-03-12T11:09:39Z" uid="1" user="OSMnx" version="1" changeset="1" lat="19.182555" lon="72.843438" /><node id="1185856091" timestamp="2026-03-12T11:09:39Z" uid="1" user="OSMnx" version="1" changeset="1" lat="19.184125" lon="72.848967" /><node id="1185856092" timestamp="2026-03-12T11:09:39Z" uid="1" user="OSMnx" version="1" changeset="1" lat="19.183766" lon="72.849556" /><node id="1185856096" timestamp="2026-03-12T11:09:39Z" uid="1" user="OSMnx" version="1" changeset="1" lat="19.184273" lon="72.848316" /><node id="1185856112" timestamp="2026-03-12T11:09:39Z" uid="1" user="OSMnx" version="1" changeset="1" lat="19.184351" lon="72.846789" /><node id="1185859880" timestamp="2026-03-12T11:09:39Z" uid="1" user="OSMnx" version="1" changeset="1" lat="19.189873" lon="72.846703" /><node id="1185859882" timestamp="2026-03-12T11:09:39Z" uid="1" user="OSMnx" version="1" changeset="1" lat="19.188576" lon="72.846547"><tag k="highway" v="traffic_signals" /></node><node id="1185859883" timestamp="2026-03-12T11:09:39Z" uid="1" user="OSMnx" version="1" changeset="1" lat="19.188696" lon="72.847351" /><node id="1186870804" timestamp="2026-03-12T11:09:39Z" uid="1" user="OSMnx" version="1" changeset="1" lat="19.172497" lon="72.845191" /><node id="1186872620" timestamp="2026-03-12T11:09:39Z" uid="1" user="OSMnx" version="1" changeset="1" lat="19.171575" lon="72.845228" /><node id="1186872622" timestamp="2026-03-12T11:09:39Z" uid="1" user="OSMnx" version="1" changeset="1" lat="19.171611" lon="72.848698" /><node id="1186891007" timestamp="2026-03-12T11:09:39Z" uid="1" user="OSMnx" version="1" changeset="1" lat="19.175044" lon="72.831384" /><node id="1186902062" timestamp="2026-03-12T11:09:39Z" uid="1" user="OSMnx" version="1" changeset="1" lat="19.187238" lon="72.846577" /><node id="1186902064" timestamp="2026-03-12T11:09:39Z" uid="1" user="OSMnx" version="1" changeset="1" lat="19.187405" lon="72.847275" /><node id="1186902566" timestamp="2026-03-12T11:09:39Z" uid="1" user="OSMnx" version="1" changeset="1" lat="19.189511" lon="72.848469" /><node id="1186902567" timestamp="2026-03-12T11:09:39Z" uid="1" user="OSMnx" version="1" changeset="1" lat="19.18927" lon="72.848389" /><node id="1186904904" timestamp="2026-03-12T11:09:39Z" uid="1" user="OSMnx" version="1" changeset="1" lat="19.203872" lon="72.851218" /><node id="1186904906" timestamp="2026-03-12T11:09:39Z" uid="1" user="OSMnx" version="1" changeset="1" lat="19.20524" lon="72.850903" /><node id="1186904908" timestamp="2026-03-12T11:09:39Z" uid="1" user="OSMnx" version="1" changeset="1" lat="19.205419" lon="72.84995" /><node id="1186904911" timestamp="2026-03-12T11:09:39Z" uid="1" user="OSMnx" version="1" changeset="1" lat="19.205131" lon="72.851465" /><node id="1188667751" timestamp="2026-03-12T11:09:39Z" uid="1" user="OSMnx" version="1" changeset="1" lat="19.202968" lon="72.850406" /><node id="1188783120" timestamp="2026-03-12T11:09:39Z" uid="1" user="OSMnx" version="1" changeset="1" lat="19.204434" lon="72.843536" /><node id="1188784397" timestamp="2026-03-12T11:09:39Z" uid="1" user="OSMnx" version="1" changeset="1" lat="19.204944" lon="72.841514" /><node id="1188784757" timestamp="2026-03-12T11:09:39Z" uid="1" user="OSMnx" version="1" changeset="1" lat="19.203272" lon="72.842858" /><node id="1188784758" timestamp="2026-03-12T11:09:39Z" uid="1" user="OSMnx" version="1" changeset="1" lat="19.203455" lon="72.841507" /><node id="1188785704" timestamp="2026-03-12T11:09:39Z" uid="1" user="OSMnx" version="1" changeset="1" lat="19.203303" lon="72.845612" /><node id="1188787689" timestamp="2026-03-12T11:09:39Z" uid="1" user="OSMnx" version="1" changeset="1" lat="19.203272" lon="72.846347" /><node id="1188787690" timestamp="2026-03-12T11:09:39Z" uid="1" user="OSMnx" version="1" changeset="1" lat="19.201371" lon="72.84608" /><node id="1188787691" timestamp="2026-03-12T11:09:39Z" uid="1" user="OSMnx" version="1" changeset="1" lat="19.203306" lon="72.84547" /><node id="1188811567" timestamp="2026-03-12T11:09:39Z" uid="1" user="OSMnx" version="1" changeset="1" lat="19.198313" lon="72.8504" /><node id="1188812108" timestamp="2026-03-12T11:09:39Z" uid="1" user="OSMnx" version="1" changeset="1" lat="19.200933" lon="72.850861" /><node id="1188812112" timestamp="2026-03-12T11:09:39Z" uid="1" user="OSMnx" version="1" changeset="1" lat="19.201101" lon="72.848925"><tag k="highway" v="traffic_signals" /></node><node id="1188816005" timestamp="2026-03-12T11:09:39Z" uid="1" user="OSMnx" version="1" changeset="1" lat="19.20299" lon="72.849883" /><node id="1188816007" timestamp="2026-03-12T11:09:39Z" uid="1" user="OSMnx" version="1" changeset="1" lat="19.203958" lon="72.850621" /><node id="1188816010" timestamp="2026-03-12T11:09:39Z" uid="1" user="OSMnx" version="1" changeset="1" lat="19.204027" lon="72.850083" /><node id="1189168883" timestamp="2026-03-12T11:09:39Z" uid="1" user="OSMnx" version="1" changeset="1" lat="19.176959" lon="72.841976" /><node id="1194060858" timestamp="2026-03-12T11:09:39Z" uid="1" user="OSMnx" version="1" changeset="1" lat="19.172232" lon="72.831945" /><node id="1194135953" timestamp="2026-03-12T11:09:39Z" uid="1" user="OSMnx" version="1" changeset="1" lat="19.173568" lon="72.845597"><tag k="highway" v="traffic_signals" /></node><node id="1194136009" timestamp="2026-03-12T11:09:39Z" uid="1" user="OSMnx" version="1" changeset="1" lat="19.173921" lon="72.845049" /><node id="1194136040" timestamp="2026-03-12T11:09:39Z" uid="1" user="OSMnx" version="1" changeset="1" lat="19.173642" lon="72.844732"><tag k="highway" v="traffic_signals" /></node><node id="1194136043" timestamp="2026-03-12T11:09:39Z" uid="1" user="OSMnx" version="1" changeset="1" lat="19.173547" lon="72.844586" /><node id="1195179689" timestamp="2026-03-12T11:09:39Z" uid="1" user="OSMnx" version="1" changeset="1" lat="19.184077" lon="72.833881" /><node id="1195179701" timestamp="2026-03-12T11:09:39Z" uid="1" user="OSMnx" version="1" changeset="1" lat="19.184086" lon="72.832388" /><node id="1195179702" timestamp="2026-03-12T11:09:39Z" uid="1" user="OSMnx" version="1" changeset="1" lat="19.184234" lon="72.83592" /><node id="1195181434" timestamp="2026-03-12T11:09:39Z" uid="1" user="OSMnx" version="1" changeset="1" lat="19.187148" lon="72.832767" /><node id="1199590304" timestamp="2026-03-12T11:09:39Z" uid="1" user="OSMnx" version="1" changeset="1" lat="19.171169" lon="72.849613" /><node id="1199590305" timestamp="2026-03-12T11:09:39Z" uid="1" user="OSMnx" version="1" changeset="1" lat="19.171079" lon="72.851567" /><node id="1199590306" timestamp="2026-03-12T11:09:39Z" uid="1" user="OSMnx" version="1" changeset="1" lat="19.171218" lon="72.850213" /><node id="1199590307" timestamp="2026-03-12T11:09:39Z" uid="1" user="OSMnx" version="1" changeset="1" lat="19.171241" lon="72.85071" /><node id="1199597086" timestamp="2026-03-12T11:09:39Z" uid="1" user="OSMnx" version="1" changeset="1" lat="19.170609" lon="72.849647" /><node id="1199597101" timestamp="2026-03-12T11:09:39Z" uid="1" user="OSMnx" version="1" changeset="1" lat="19.170669" lon="72.850569"><tag k="highway" v="motorway_junction" /></node><node id="1199597103" timestamp="2026-03-12T11:09:39Z" uid="1" user="OSMnx" version="1" changeset="1" lat="19.170166" lon="72.849576" /><node id="1201341729" timestamp="2026-03-12T11:09:39Z" uid="1" user="OSMnx" version="1" changeset="1" lat="19.176761" lon="72.850129" /><node id="1201343306" timestamp="2026-03-12T11:09:39Z" uid="1" user="OSMnx" version="1" changeset="1" lat="19.179902" lon="72.850149" /><node id="1201343937" timestamp="2026-03-12T11:09:39Z" uid="1" user="OSMnx" version="1" changeset="1" lat="19.183679" lon="72.850116" /><node id="1342988725" timestamp="2026-03-12T11:09:39Z" uid="1" user="OSMnx" version="1" changeset="1" lat="19.181984" lon="72.83821" /><node id="1342988741" timestamp="2026-03-12T11:09:39Z" uid="1" user="OSMnx" version="1" changeset="1" lat="19.182473" lon="72.838213" /><node id="1342993941" timestamp="2026-03-12T11:09:39Z" uid="1" user="OSMnx" version="1" changeset="1" lat="19.183228" lon="72.839964" /><node id="1342993946" timestamp="2026-03-12T11:09:39Z" uid="1" user="OSMnx" version="1" changeset="1" lat="19.183271" lon="72.840283" /><node id="1342993949" timestamp="2026-03-12T11:09:39Z" uid="1" user="OSMnx" version="1" changeset="1" lat="19.183026" lon="72.83948" /><node id="1342994767" timestamp="2026-03-12T11:09:39Z" uid="1" user="OSMnx" version="1" changeset="1" lat="19.183861" lon="72.842242" /><node id="1342994772" timestamp="2026-03-12T11:09:39Z" uid="1" user="OSMnx" version="1" changeset="1" lat="19.183566" lon="72.842618" /><node id="1342994773" timestamp="2026-03-12T11:09:39Z" uid="1" user="OSMnx" version="1" changeset="1" lat="19.183317" lon="72.842122" /><node id="1342994775" timestamp="2026-03-12T11:09:39Z" uid="1" user="OSMnx" version="1" changeset="1" lat="19.183652" lon="72.842905" /><node id="1342994776" timestamp="2026-03-12T11:09:39Z" uid="1" user="OSMnx" version="1" changeset="1" lat="19.1833" lon="72.842412" /><node id="1342997702" timestamp="2026-03-12T11:09:39Z" uid="1" user="OSMnx" version="1" changeset="1" lat="19.183726" lon="72.843584" /><node id="1342997704" timestamp="2026-03-12T11:09:39Z" uid="1" user="OSMnx" version="1" changeset="1" lat="19.184189" lon="72.843517" /><node id="1342999444" timestamp="2026-03-12T11:09:39Z" uid="1" user="OSMnx" version="1" changeset="1" lat="19.184892" lon="72.844474" /><node id="1342999452" timestamp="2026-03-12T11:09:39Z" uid="1" user="OSMnx" version="1" changeset="1" lat="19.185141" lon="72.842359" /><node id="1342999712" timestamp="2026-03-12T11:09:39Z" uid="1" user="OSMnx" version="1" changeset="1" lat="19.184755" lon="72.84523" /><node id="1342999715" timestamp="2026-03-12T11:09:39Z" uid="1" user="OSMnx" version="1" changeset="1" lat="19.18569" lon="72.845231" /><node id="1343000027" timestamp="2026-03-12T11:09:39Z" uid="1" user="OSMnx" version="1" changeset="1" lat="19.18687" lon="72.846594" /><node id="1343000434" timestamp="2026-03-12T11:09:39Z" uid="1" user="OSMnx" version="1" changeset="1" lat="19.184079" lon="72.846248" /><node id="1343000662" timestamp="2026-03-12T11:09:39Z" uid="1" user="OSMnx" version="1" changeset="1" lat="19.183582" lon="72.845215" /><node id="1343001850" timestamp="2026-03-12T11:09:39Z" uid="1" user="OSMnx" version="1" changeset="1" lat="19.184294" lon="72.838087" /><node id="1343001855" timestamp="2026-03-12T11:09:39Z" uid="1" user="OSMnx" version="1" changeset="1" lat="19.185387" lon="72.83812" /><node id="1343002718" timestamp="2026-03-12T11:09:39Z" uid="1" user="OSMnx" version="1" changeset="1" lat="19.189208" lon="72.837849" /><node id="1343002720" timestamp="2026-03-12T11:09:39Z" uid="1" user="OSMnx" version="1" changeset="1" lat="19.187214" lon="72.838345" /><node id="1343002726" timestamp="2026-03-12T11:09:39Z" uid="1" user="OSMnx" version="1" changeset="1" lat="19.187616" lon="72.838193" /><node id="1343005081" timestamp="2026-03-12T11:09:39Z" uid="1" user="OSMnx" version="1" changeset="1" lat="19.18901" lon="72.834433" /><node id="1343005456" timestamp="2026-03-12T11:09:39Z" uid="1" user="OSMnx" version="1" changeset="1" lat="19.192399" lon="72.837226" /><node id="1343006720" timestamp="2026-03-12T11:09:39Z" uid="1" user="OSMnx" version="1" changeset="1" lat="19.194048" lon="72.837082" /><node id="1343008504" timestamp="2026-03-12T11:09:39Z" uid="1" user="OSMnx" version="1" changeset="1" lat="19.190056" lon="72.843176" /><node id="1343009437" timestamp="2026-03-12T11:09:39Z" uid="1" user="OSMnx" version="1" changeset="1" lat="19.18745" lon="72.842071" /><node id="1343009445" timestamp="2026-03-12T11:09:39Z" uid="1" user="OSMnx" version="1" changeset="1" lat="19.189956" lon="72.842025" /><node id="1343009451" timestamp="2026-03-12T11:09:39Z" uid="1" user="OSMnx" version="1" changeset="1" lat="19.188837" lon="72.846534"><tag k="highway" v="traffic_signals" /></node><node id="1343009456" timestamp="2026-03-12T11:09:39Z" uid="1" user="OSMnx" version="1" changeset="1" lat="19.192536" lon="72.84255" /><node id="1343015873" timestamp="2026-03-12T11:09:39Z" uid="1" user="OSMnx" version="1" changeset="1" lat="19.18747" lon="72.842236" /><node id="1343017244" timestamp="2026-03-12T11:09:39Z" uid="1" user="OSMnx" version="1" changeset="1" lat="19.193993" lon="72.83891" /><node id="1343017943" timestamp="2026-03-12T11:09:39Z" uid="1" user="OSMnx" version="1" changeset="1" lat="19.193614" lon="72.839406" /><node id="1343022197" timestamp="2026-03-12T11:09:39Z" uid="1" user="OSMnx" version="1" changeset="1" lat="19.187298" lon="72.840226" /><node id="1343022202" timestamp="2026-03-12T11:09:39Z" uid="1" user="OSMnx" version="1" changeset="1" lat="19.184945" lon="72.838777" /><node id="1343022204" timestamp="2026-03-12T11:09:39Z" uid="1" user="OSMnx" version="1" changeset="1" lat="19.187315" lon="72.839058" /><node id="1343023211" timestamp="2026-03-12T11:09:39Z" uid="1" user="OSMnx" version="1" changeset="1" lat="19.186224" lon="72.84188" /><node id="1343023214" timestamp="2026-03-12T11:09:39Z" uid="1" user="OSMnx" version="1" changeset="1" lat="19.185748" lon="72.840155" /><node id="1343023216" timestamp="2026-03-12T11:09:39Z" uid="1" user="OSMnx" version="1" changeset="1" lat="19.187291" lon="72.841114" /><node id="1343023218" timestamp="2026-03-12T11:09:39Z" uid="1" user="OSMnx" version="1" changeset="1" lat="19.185599" lon="72.841774" /><node id="1343023219" timestamp="2026-03-12T11:09:39Z" uid="1" user="OSMnx" version="1" changeset="1" lat="19.186356" lon="72.841067" /><node id="1343023222" timestamp="2026-03-12T11:09:39Z" uid="1" user="OSMnx" version="1" changeset="1" lat="19.187286" lon="72.840696" /><node id="1343023224" timestamp="2026-03-12T11:09:39Z" uid="1" user="OSMnx" version="1" changeset="1" lat="19.186383" lon="72.840209" /><node id="1343023226" timestamp="2026-03-12T11:09:39Z" uid="1" user="OSMnx" version="1" changeset="1" lat="19.186388" lon="72.84065" /><node id="1343025620" timestamp="2026-03-12T11:09:39Z" uid="1" user="OSMnx" version="1" changeset="1" lat="19.186136" lon="72.841864" /><node id="1343025621" timestamp="2026-03-12T11:09:39Z" uid="1" user="OSMnx" version="1" changeset="1" lat="19.184354" lon="72.840015" /><node id="1343025622" timestamp="2026-03-12T11:09:39Z" uid="1" user="OSMnx" version="1" changeset="1" lat="19.184353" lon="72.840257" /><node id="1343025623" timestamp="2026-03-12T11:09:39Z" uid="1" user="OSMnx" version="1" changeset="1" lat="19.185582" lon="72.842392" /><node id="1343025627" timestamp="2026-03-12T11:09:39Z" uid="1" user="OSMnx" version="1" changeset="1" lat="19.186057" lon="72.842421" /><node id="1343026949" timestamp="2026-03-12T11:09:39Z" uid="1" user="OSMnx" version="1" changeset="1" lat="19.184047" lon="72.842911" /><node id="1343026951" timestamp="2026-03-12T11:09:39Z" uid="1" user="OSMnx" version="1" changeset="1" lat="19.18383" lon="72.842572" /><node id="1343026952" timestamp="2026-03-12T11:09:39Z" uid="1" user="OSMnx" version="1" changeset="1" lat="19.184304" lon="72.842289" /><node id="1346745532" timestamp="2026-03-12T11:09:39Z" uid="1" user="OSMnx" version="1" changeset="1" lat="19.201798" lon="72.849085" /><node id="1346745534" timestamp="2026-03-12T11:09:39Z" uid="1" user="OSMnx" version="1" changeset="1" lat="19.203251" lon="72.847298" /><node id="1346745536" timestamp="2026-03-12T11:09:39Z" uid="1" user="OSMnx" version="1" changeset="1" lat="19.199765" lon="72.848552" /><node id="1346745537" timestamp="2026-03-12T11:09:39Z" uid="1" user="OSMnx" version="1" changeset="1" lat="19.199903" lon="72.84586" /><node id="1346745538" timestamp="2026-03-12T11:09:39Z" uid="1" user="OSMnx" version="1" changeset="1" lat="19.202189" lon="72.847134" /><node id="1346745549" timestamp="2026-03-12T11:09:39Z" uid="1" user="OSMnx" version="1" changeset="1" lat="19.201176" lon="72.846972" /><node id="1346752878" timestamp="2026-03-12T11:09:39Z" uid="1" user="OSMnx" version="1" changeset="1" lat="19.201473" lon="72.842248" /><node id="1346752882" timestamp="2026-03-12T11:09:39Z" uid="1" user="OSMnx" version="1" changeset="1" lat="19.200319" lon="72.84187" /><node id="1346752883" timestamp="2026-03-12T11:09:39Z" uid="1" user="OSMnx" version="1" changeset="1" lat="19.201576" lon="72.839779" /><node id="1346752893" timestamp="2026-03-12T11:09:39Z" uid="1" user="OSMnx" version="1" changeset="1" lat="19.201291" lon="72.837779" /><node id="1346752901" timestamp="2026-03-12T11:09:39Z" uid="1" user="OSMnx" version="1" changeset="1" lat="19.202096" lon="72.843069" /><node id="1346752903" timestamp="2026-03-12T11:09:39Z" uid="1" user="OSMnx" version="1" changeset="1" lat="19.200213" lon="72.842405" /><node id="1346755810" timestamp="2026-03-12T11:09:39Z" uid="1" user="OSMnx" version="1" changeset="1" lat="19.201511" lon="72.834075" /><node id="1346756566" timestamp="2026-03-12T11:09:39Z" uid="1" user="OSMnx" version="1" changeset="1" lat="19.198364" lon="72.838554" /><node id="1346756569" timestamp="2026-03-12T11:09:39Z" uid="1" user="OSMnx" version="1" changeset="1" lat="19.197977" lon="72.838689" /><node id="1346756574" timestamp="2026-03-12T11:09:39Z" uid="1" user="OSMnx" version="1" changeset="1" lat="19.200417" lon="72.838874" /><node id="1346758766" timestamp="2026-03-12T11:09:39Z" uid="1" user="OSMnx" version="1" changeset="1" lat="19.202208" lon="72.842582" /><node id="1346765695" timestamp="2026-03-12T11:09:39Z" uid="1" user="OSMnx" version="1" changeset="1" lat="19.196389" lon="72.840876" /><node id="1346765701" timestamp="2026-03-12T11:09:39Z" uid="1" user="OSMnx" version="1" changeset="1" lat="19.196361" lon="72.838779" /><node id="1346765704" timestamp="2026-03-12T11:09:39Z" uid="1" user="OSMnx" version="1" changeset="1" lat="19.195382" lon="72.838786" /><node id="1346765707" timestamp="2026-03-12T11:09:39Z" uid="1" user="OSMnx" version="1" changeset="1" lat="19.195853" lon="72.838954" /><node id="1346768882" timestamp="2026-03-12T11:09:39Z" uid="1" user="OSMnx" version="1" changeset="1" lat="19.195636" lon="72.844801" /><node id="1346768887" timestamp="2026-03-12T11:09:39Z" uid="1" user="OSMnx" version="1" changeset="1" lat="19.195415" lon="72.845529" /><node id="1346768892" timestamp="2026-03-12T11:09:39Z" uid="1" user="OSMnx" version="1" changeset="1" lat="19.194336" lon="72.842788" /><node id="1346768898" timestamp="2026-03-12T11:09:39Z" uid="1" user="OSMnx" version="1" changeset="1" lat="19.19562" lon="72.843977" /><node id="1347492257" timestamp="2026-03-12T11:09:39Z" uid="1" user="OSMnx" version="1" changeset="1" lat="19.187745" lon="72.842908" /><node id="1347492259" timestamp="2026-03-12T11:09:39Z" uid="1" user="OSMnx" version="1" changeset="1" lat="19.185978" lon="72.844712" /><node id="1347492266" timestamp="2026-03-12T11:09:39Z" uid="1" user="OSMnx" version="1" changeset="1" lat="19.186474" lon="72.842984" /><node id="1347492270" timestamp="2026-03-12T11:09:39Z" uid="1" user="OSMnx" version="1" changeset="1" lat="19.186016" lon="72.842999" /><node id="1347493801" timestamp="2026-03-12T11:09:39Z" uid="1" user="OSMnx" version="1" changeset="1" lat="19.186501" lon="72.842443" /><node id="1347493802" timestamp="2026-03-12T11:09:39Z" uid="1" user="OSMnx" version="1" changeset="1" lat="19.185097" lon="72.842911" /><node id="1347496099" timestamp="2026-03-12T11:09:39Z" uid="1" user="OSMnx" version="1" changeset="1" lat="19.188719" lon="72.845382" /><node id="1347696144" timestamp="2026-03-12T11:09:39Z" uid="1" user="OSMnx" version="1" changeset="1" lat="19.193374" lon="72.847026" /><node id="1347702298" timestamp="2026-03-12T11:09:39Z" uid="1" user="OSMnx" version="1" changeset="1" lat="19.19241" lon="72.848914" /><node id="1347702299" timestamp="2026-03-12T11:09:39Z" uid="1" user="OSMnx" version="1" changeset="1" lat="19.192405" lon="72.848672" /><node id="1347702302" timestamp="2026-03-12T11:09:39Z" uid="1" user="OSMnx" version="1" changeset="1" lat="19.192903" lon="72.848665" /><node id="1347702305" timestamp="2026-03-12T11:09:39Z" uid="1" user="OSMnx" version="1" changeset="1" lat="19.192434" lon="72.846995" /><node id="1347702307" timestamp="2026-03-12T11:09:39Z" uid="1" user="OSMnx" version="1" changeset="1" lat="19.192927" lon="72.84837" /><node id="1347702316" timestamp="2026-03-12T11:09:39Z" uid="1" user="OSMnx" version="1" changeset="1" lat="19.192093" lon="72.848677" /><node id="1347702319" timestamp="2026-03-12T11:09:39Z" uid="1" user="OSMnx" version="1" changeset="1" lat="19.192902" lon="72.848904" /><node id="1347702320" timestamp="2026-03-12T11:09:39Z" uid="1" user="OSMnx" version="1" changeset="1" lat="19.192123" lon="72.848424" /><node id="1347702322" timestamp="2026-03-12T11:09:39Z" uid="1" user="OSMnx" version="1" changeset="1" lat="19.192413" lon="72.848413" /><node id="1347702323" timestamp="2026-03-12T11:09:39Z" uid="1" user="OSMnx" version="1" changeset="1" lat="19.192082" lon="72.848925" /><node id="1347702325" timestamp="2026-03-12T11:09:39Z" uid="1" user="OSMnx" version="1" changeset="1" lat="19.193517" lon="72.848861" /><node id="1351183145" timestamp="2026-03-12T11:09:39Z" uid="1" user="OSMnx" version="1" changeset="1" lat="19.195863" lon="72.821273" /><node id="1351183149" timestamp="2026-03-12T11:09:39Z" uid="1" user="OSMnx" version="1" changeset="1" lat="19.195914" lon="72.821793"><tag k="highway" v="traffic_signals" /></node><node id="1351183157" timestamp="2026-03-12T11:09:39Z" uid="1" user="OSMnx" version="1" changeset="1" lat="19.198733" lon="72.82187" /><node id="1351195022" timestamp="2026-03-12T11:09:39Z" uid="1" user="OSMnx" version="1" changeset="1" lat="19.197" lon="72.820636" /><node id="1353481298" timestamp="2026-03-12T11:09:39Z" uid="1" user="OSMnx" version="1" changeset="1" lat="19.205011" lon="72.846515" /><node id="1361559723" timestamp="2026-03-12T11:09:39Z" uid="1" user="OSMnx" version="1" changeset="1" lat="19.194899" lon="72.84869" /><node id="1361559726" timestamp="2026-03-12T11:09:39Z" uid="1" user="OSMnx" version="1" changeset="1" lat="19.193581" lon="72.849402" /><node id="1361559729" timestamp="2026-03-12T11:09:39Z" uid="1" user="OSMnx" version="1" changeset="1" lat="19.194845" lon="72.849535" /><node id="1361561210" timestamp="2026-03-12T11:09:39Z" uid="1" user="OSMnx" version="1" changeset="1" lat="19.189355" lon="72.849948" /><node id="1361563109" timestamp="2026-03-12T11:09:39Z" uid="1" user="OSMnx" version="1" changeset="1" lat="19.189921" lon="72.850001" /><node id="1361563721" timestamp="2026-03-12T11:09:39Z" uid="1" user="OSMnx" version="1" changeset="1" lat="19.187759" lon="72.850114" /><node id="1361564502" timestamp="2026-03-12T11:09:39Z" uid="1" user="OSMnx" version="1" changeset="1" lat="19.19032" lon="72.852693" /><node id="1361564545" timestamp="2026-03-12T11:09:39Z" uid="1" user="OSMnx" version="1" changeset="1" lat="19.190913" lon="72.853726" /><node id="1361576643" timestamp="2026-03-12T11:09:39Z" uid="1" user="OSMnx" version="1" changeset="1" lat="19.188581" lon="72.855413" /><node id="1361584396" timestamp="2026-03-12T11:09:39Z" uid="1" user="OSMnx" version="1" changeset="1" lat="19.186945" lon="72.85171" /><node id="1361584404" timestamp="2026-03-12T11:09:39Z" uid="1" user="OSMnx" version="1" changeset="1" lat="19.187847" lon="72.850618" /><node id="1361589361" timestamp="2026-03-12T11:09:39Z" uid="1" user="OSMnx" version="1" changeset="1" lat="19.185611" lon="72.852288" /><node id="1361589371" timestamp="2026-03-12T11:09:39Z" uid="1" user="OSMnx" version="1" changeset="1" lat="19.185613" lon="72.850128" /><node id="1361589380" timestamp="2026-03-12T11:09:39Z" uid="1" user="OSMnx" version="1" changeset="1" lat="19.187474" lon="72.852718" /><node id="1361589381" timestamp="2026-03-12T11:09:39Z" uid="1" user="OSMnx" version="1" changeset="1" lat="19.18563" lon="72.851519" /><node id="1361589384" timestamp="2026-03-12T11:09:39Z" uid="1" user="OSMnx" version="1" changeset="1" lat="19.186203" lon="72.852336" /><node id="1361589394" timestamp="2026-03-12T11:09:39Z" uid="1" user="OSMnx" version="1" changeset="1" lat="19.185655" lon="72.85124" /><node id="1361590912" timestamp="2026-03-12T11:09:39Z" uid="1" user="OSMnx" version="1" changeset="1" lat="19.18809" lon="72.851848" /><node id="1361593631" timestamp="2026-03-12T11:09:39Z" uid="1" user="OSMnx" version="1" changeset="1" lat="19.1857" lon="72.854741" /><node id="1361593640" timestamp="2026-03-12T11:09:39Z" uid="1" user="OSMnx" version="1" changeset="1" lat="19.185717" lon="72.853324" /><node id="1361598558" timestamp="2026-03-12T11:09:39Z" uid="1" user="OSMnx" version="1" changeset="1" lat="19.187941" lon="72.853858" /><node id="1361598564" timestamp="2026-03-12T11:09:39Z" uid="1" user="OSMnx" version="1" changeset="1" lat="19.18865" lon="72.853801" /><node id="1361605351" timestamp="2026-03-12T11:09:39Z" uid="1" user="OSMnx" version="1" changeset="1" lat="19.183621" lon="72.851156" /><node id="1361605354" timestamp="2026-03-12T11:09:39Z" uid="1" user="OSMnx" version="1" changeset="1" lat="19.183466" lon="72.85289" /><node id="1365236406" timestamp="2026-03-12T11:09:39Z" uid="1" user="OSMnx" version="1" changeset="1" lat="19.180914" lon="72.851465" /><node id="1365236408" timestamp="2026-03-12T11:09:39Z" uid="1" user="OSMnx" version="1" changeset="1" lat="19.182036" lon="72.853493" /><node id="1365236409" timestamp="2026-03-12T11:09:39Z" uid="1" user="OSMnx" version="1" changeset="1" lat="19.180916" lon="72.850033" /><node id="1365236412" timestamp="2026-03-12T11:09:39Z" uid="1" user="OSMnx" version="1" changeset="1" lat="19.180816" lon="72.853077" /><node id="1365236414" timestamp="2026-03-12T11:09:39Z" uid="1" user="OSMnx" version="1" changeset="1" lat="19.182828" lon="72.854004" /><node id="1365236418" timestamp="2026-03-12T11:09:39Z" uid="1" user="OSMnx" version="1" changeset="1" lat="19.180916" lon="72.850092" /><node id="1365236424" timestamp="2026-03-12T11:09:39Z" uid="1" user="OSMnx" version="1" changeset="1" lat="19.182734" lon="72.853827" /><node id="1375170621" timestamp="2026-03-12T11:09:39Z" uid="1" user="OSMnx" version="1" changeset="1" lat="19.182106" lon="72.81881" /><node id="1375170677" timestamp="2026-03-12T11:09:39Z" uid="1" user="OSMnx" version="1" changeset="1" lat="19.191346" lon="72.821879" /><node id="1375170678" timestamp="2026-03-12T11:09:39Z" uid="1" user="OSMnx" version="1" changeset="1" lat="19.19138" lon="72.820564" /><node id="1375170686" timestamp="2026-03-12T11:09:39Z" uid="1" user="OSMnx" version="1" changeset="1" lat="19.195949" lon="72.822087"><tag k="highway" v="traffic_signals" /></node><node id="1632712247" timestamp="2026-03-12T11:09:39Z" uid="1" user="OSMnx" version="1" changeset="1" lat="19.187421" lon="72.848474" /><node id="1632712260" timestamp="2026-03-12T11:09:39Z" uid="1" user="OSMnx" version="1" changeset="1" lat="19.187788" lon="72.849293" /><node id="1632712320" timestamp="2026-03-12T11:09:39Z" uid="1" user="OSMnx" version="1" changeset="1" lat="19.189257" lon="72.849943" /><node id="1633547687" timestamp="2026-03-12T11:09:39Z" uid="1" user="OSMnx" version="1" changeset="1" lat="19.203169" lon="72.848318" /><node id="1634012673" timestamp="2026-03-12T11:09:39Z" uid="1" user="OSMnx" version="1" changeset="1" lat="19.178542" lon="72.850248" /><node id="1634012676" timestamp="2026-03-12T11:09:39Z" uid="1" user="OSMnx" version="1" changeset="1" lat="19.178614" lon="72.85208" /><node id="1646685592" timestamp="2026-03-12T11:09:39Z" uid="1" user="OSMnx" version="1" changeset="1" lat="19.177935" lon="72.841956" /><node id="1646685595" timestamp="2026-03-12T11:09:39Z" uid="1" user="OSMnx" version="1" changeset="1" lat="19.199521" lon="72.827937" /><node id="1646685599" timestamp="2026-03-12T11:09:39Z" uid="1" user="OSMnx" version="1" changeset="1" lat="19.203168" lon="72.834212"><tag k="highway" v="traffic_signals" /></node><node id="1646685601" timestamp="2026-03-12T11:09:39Z" uid="1" user="OSMnx" version="1" changeset="1" lat="19.203741" lon="72.828195"><tag k="highway" v="traffic_signals" /></node><node id="1646854022" timestamp="2026-03-12T11:09:39Z" uid="1" user="OSMnx" version="1" changeset="1" lat="19.200602" lon="72.81856" /><node id="1646854024" timestamp="2026-03-12T11:09:39Z" uid="1" user="OSMnx" version="1" changeset="1" lat="19.201265" lon="72.821412" /><node id="1646859018" timestamp="2026-03-12T11:09:39Z" uid="1" user="OSMnx" version="1" changeset="1" lat="19.183526" lon="72.824506" /><node id="1646859019" timestamp="2026-03-12T11:09:39Z" uid="1" user="OSMnx" version="1" changeset="1" lat="19.183547" lon="72.824013" /><node id="1646859020" timestamp="2026-03-12T11:09:39Z" uid="1" user="OSMnx" version="1" changeset="1" lat="19.183572" lon="72.823453" /><node id="1646859021" timestamp="2026-03-12T11:09:39Z" uid="1" user="OSMnx" version="1" changeset="1" lat="19.183599" lon="72.822841" /><node id="1646859022" timestamp="2026-03-12T11:09:39Z" uid="1" user="OSMnx" version="1" changeset="1" lat="19.183627" lon="72.822202" /><node id="1646859023" timestamp="2026-03-12T11:09:39Z" uid="1" user="OSMnx" version="1" changeset="1" lat="19.183654" lon="72.821595" /><node id="1646859024" timestamp="2026-03-12T11:09:39Z" uid="1" user="OSMnx" version="1" changeset="1" lat="19.18368" lon="72.821008" /><node id="1646859025" timestamp="2026-03-12T11:09:39Z" uid="1" user="OSMnx" version="1" changeset="1" lat="19.183706" lon="72.820425" /><node id="1646859026" timestamp="2026-03-12T11:09:39Z" uid="1" user="OSMnx" version="1" changeset="1" lat="19.183732" lon="72.819825" /><node id="1646859027" timestamp="2026-03-12T11:09:39Z" uid="1" user="OSMnx" version="1" changeset="1" lat="19.183748" lon="72.819148" /><node id="1646859028" timestamp="2026-03-12T11:09:39Z" uid="1" user="OSMnx" version="1" changeset="1" lat="19.184101" lon="72.824041" /><node id="1646859029" timestamp="2026-03-12T11:09:39Z" uid="1" user="OSMnx" version="1" changeset="1" lat="19.184122" lon="72.823478" /><node id="1646859031" timestamp="2026-03-12T11:09:39Z" uid="1" user="OSMnx" version="1" changeset="1" lat="19.184146" lon="72.822864" /><node id="1646859032" timestamp="2026-03-12T11:09:39Z" uid="1" user="OSMnx" version="1" changeset="1" lat="19.184171" lon="72.822231" /><node id="1646859033" timestamp="2026-03-12T11:09:39Z" uid="1" user="OSMnx" version="1" changeset="1" lat="19.184194" lon="72.821621" /><node id="1646859034" timestamp="2026-03-12T11:09:39Z" uid="1" user="OSMnx" version="1" changeset="1" lat="19.184217" lon="72.821032" /><node id="1646859035" timestamp="2026-03-12T11:09:39Z" uid="1" user="OSMnx" version="1" changeset="1" lat="19.18424" lon="72.820447" /><node id="1646859036" timestamp="2026-03-12T11:09:39Z" uid="1" user="OSMnx" version="1" changeset="1" lat="19.184263" lon="72.819852" /><node id="1646859038" timestamp="2026-03-12T11:09:39Z" uid="1" user="OSMnx" version="1" changeset="1" lat="19.184615" lon="72.824643" /><node id="1646859040" timestamp="2026-03-12T11:09:39Z" uid="1" user="OSMnx" version="1" changeset="1" lat="19.18464" lon="72.824069" /><node id="1646859041" timestamp="2026-03-12T11:09:39Z" uid="1" user="OSMnx" version="1" changeset="1" lat="19.184664" lon="72.823503" /><node id="1646859042" timestamp="2026-03-12T11:09:39Z" uid="1" user="OSMnx" version="1" changeset="1" lat="19.184692" lon="72.822886" /><node id="1646859043" timestamp="2026-03-12T11:09:39Z" uid="1" user="OSMnx" version="1" changeset="1" lat="19.184719" lon="72.82226" /><node id="1646859044" timestamp="2026-03-12T11:09:39Z" uid="1" user="OSMnx" version="1" changeset="1" lat="19.184746" lon="72.821647" /><node id="1646859045" timestamp="2026-03-12T11:09:39Z" uid="1" user="OSMnx" version="1" changeset="1" lat="19.184771" lon="72.821057" /><node id="1646859046" timestamp="2026-03-12T11:09:39Z" uid="1" user="OSMnx" version="1" changeset="1" lat="19.184797" lon="72.82047" /><node id="1646859047" timestamp="2026-03-12T11:09:39Z" uid="1" user="OSMnx" version="1" changeset="1" lat="19.184823" lon="72.81988" /><node id="1646859050" timestamp="2026-03-12T11:09:39Z" uid="1" user="OSMnx" version="1" changeset="1" lat="19.185171" lon="72.824716" /><node id="1646859051" timestamp="2026-03-12T11:09:39Z" uid="1" user="OSMnx" version="1" changeset="1" lat="19.185193" lon="72.824097" /><node id="1646859052" timestamp="2026-03-12T11:09:39Z" uid="1" user="OSMnx" version="1" changeset="1" lat="19.185213" lon="72.823528" /><node id="1646859053" timestamp="2026-03-12T11:09:39Z" uid="1" user="OSMnx" version="1" changeset="1" lat="19.185235" lon="72.822909" /><node id="1646859054" timestamp="2026-03-12T11:09:39Z" uid="1" user="OSMnx" version="1" changeset="1" lat="19.185257" lon="72.822289" /><node id="1646859055" timestamp="2026-03-12T11:09:39Z" uid="1" user="OSMnx" version="1" changeset="1" lat="19.185279" lon="72.821673" /><node id="1646859056" timestamp="2026-03-12T11:09:39Z" uid="1" user="OSMnx" version="1" changeset="1" lat="19.1853" lon="72.82108" /><node id="1646859057" timestamp="2026-03-12T11:09:39Z" uid="1" user="OSMnx" version="1" changeset="1" lat="19.185321" lon="72.820492" /><node id="1646859058" timestamp="2026-03-12T11:09:39Z" uid="1" user="OSMnx" version="1" changeset="1" lat="19.185342" lon="72.819906" /><node id="1646859064" timestamp="2026-03-12T11:09:39Z" uid="1" user="OSMnx" version="1" changeset="1" lat="19.185756" lon="72.818795" /><node id="1646859065" timestamp="2026-03-12T11:09:39Z" uid="1" user="OSMnx" version="1" changeset="1" lat="19.185774" lon="72.824795" /><node id="1646859067" timestamp="2026-03-12T11:09:39Z" uid="1" user="OSMnx" version="1" changeset="1" lat="19.185796" lon="72.824128" /><node id="1646859068" timestamp="2026-03-12T11:09:39Z" uid="1" user="OSMnx" version="1" changeset="1" lat="19.185815" lon="72.823556" /><node id="1646859069" timestamp="2026-03-12T11:09:39Z" uid="1" user="OSMnx" version="1" changeset="1" lat="19.185835" lon="72.822934" /><node id="1646859070" timestamp="2026-03-12T11:09:39Z" uid="1" user="OSMnx" version="1" changeset="1" lat="19.185855" lon="72.822321" /><node id="1646859074" timestamp="2026-03-12T11:09:39Z" uid="1" user="OSMnx" version="1" changeset="1" lat="19.185875" lon="72.821701" /><node id="1646859076" timestamp="2026-03-12T11:09:39Z" uid="1" user="OSMnx" version="1" changeset="1" lat="19.185895" lon="72.821107" /><node id="1646859077" timestamp="2026-03-12T11:09:39Z" uid="1" user="OSMnx" version="1" changeset="1" lat="19.185914" lon="72.820517" /><node id="1646859078" timestamp="2026-03-12T11:09:39Z" uid="1" user="OSMnx" version="1" changeset="1" lat="19.185933" lon="72.819936" /><node id="1646859079" timestamp="2026-03-12T11:09:39Z" uid="1" user="OSMnx" version="1" changeset="1" lat="19.185685" lon="72.818124" /><node id="1646859085" timestamp="2026-03-12T11:09:39Z" uid="1" user="OSMnx" version="1" changeset="1" lat="19.186337" lon="72.824156" /><node id="1646859086" timestamp="2026-03-12T11:09:39Z" uid="1" user="OSMnx" version="1" changeset="1" lat="19.186357" lon="72.82358" /><node id="1646859087" timestamp="2026-03-12T11:09:39Z" uid="1" user="OSMnx" version="1" changeset="1" lat="19.18638" lon="72.822956" /><node id="1646859088" timestamp="2026-03-12T11:09:39Z" uid="1" user="OSMnx" version="1" changeset="1" lat="19.186401" lon="72.82235" /><node id="1646859090" timestamp="2026-03-12T11:09:39Z" uid="1" user="OSMnx" version="1" changeset="1" lat="19.186424" lon="72.821728" /><node id="1646859092" timestamp="2026-03-12T11:09:39Z" uid="1" user="OSMnx" version="1" changeset="1" lat="19.186445" lon="72.821132" /><node id="1646859093" timestamp="2026-03-12T11:09:39Z" uid="1" user="OSMnx" version="1" changeset="1" lat="19.186466" lon="72.82054" /><node id="1646859094" timestamp="2026-03-12T11:09:39Z" uid="1" user="OSMnx" version="1" changeset="1" lat="19.18648" lon="72.819906" /><node id="1646859097" timestamp="2026-03-12T11:09:39Z" uid="1" user="OSMnx" version="1" changeset="1" lat="19.186896" lon="72.824903" /><node id="1646859098" timestamp="2026-03-12T11:09:39Z" uid="1" user="OSMnx" version="1" changeset="1" lat="19.186918" lon="72.824186" /><node id="1646859099" timestamp="2026-03-12T11:09:39Z" uid="1" user="OSMnx" version="1" changeset="1" lat="19.186935" lon="72.823607" /><node id="1646859100" timestamp="2026-03-12T11:09:39Z" uid="1" user="OSMnx" version="1" changeset="1" lat="19.186954" lon="72.82298" /><node id="1646859102" timestamp="2026-03-12T11:09:39Z" uid="1" user="OSMnx" version="1" changeset="1" lat="19.186972" lon="72.82238" /><node id="1646859103" timestamp="2026-03-12T11:09:39Z" uid="1" user="OSMnx" version="1" changeset="1" lat="19.186991" lon="72.821755" /><node id="1646859104" timestamp="2026-03-12T11:09:39Z" uid="1" user="OSMnx" version="1" changeset="1" lat="19.187009" lon="72.821157" /><node id="1646859105" timestamp="2026-03-12T11:09:39Z" uid="1" user="OSMnx" version="1" changeset="1" lat="19.187026" lon="72.820563" /><node id="1646859106" timestamp="2026-03-12T11:09:39Z" uid="1" user="OSMnx" version="1" changeset="1" lat="19.187066" lon="72.81994" /><node id="1646859111" timestamp="2026-03-12T11:09:39Z" uid="1" user="OSMnx" version="1" changeset="1" lat="19.187456" lon="72.824214" /><node id="1646859112" timestamp="2026-03-12T11:09:39Z" uid="1" user="OSMnx" version="1" changeset="1" lat="19.187478" lon="72.823632" /><node id="1646859113" timestamp="2026-03-12T11:09:39Z" uid="1" user="OSMnx" version="1" changeset="1" lat="19.187503" lon="72.823003" /><node id="1646859114" timestamp="2026-03-12T11:09:39Z" uid="1" user="OSMnx" version="1" changeset="1" lat="19.187526" lon="72.822409" /><node id="1646859115" timestamp="2026-03-12T11:09:39Z" uid="1" user="OSMnx" version="1" changeset="1" lat="19.18755" lon="72.821782" /><node id="1646859117" timestamp="2026-03-12T11:09:39Z" uid="1" user="OSMnx" version="1" changeset="1" lat="19.187573" lon="72.821182" /><node id="1646859118" timestamp="2026-03-12T11:09:39Z" uid="1" user="OSMnx" version="1" changeset="1" lat="19.187596" lon="72.820587" /><node id="1646859119" timestamp="2026-03-12T11:09:39Z" uid="1" user="OSMnx" version="1" changeset="1" lat="19.187628" lon="72.819976" /><node id="1646859123" timestamp="2026-03-12T11:09:39Z" uid="1" user="OSMnx" version="1" changeset="1" lat="19.188048" lon="72.824244" /><node id="1646859124" timestamp="2026-03-12T11:09:39Z" uid="1" user="OSMnx" version="1" changeset="1" lat="19.188067" lon="72.823659" /><node id="1646859125" timestamp="2026-03-12T11:09:39Z" uid="1" user="OSMnx" version="1" changeset="1" lat="19.188088" lon="72.823028" /><node id="1646859126" timestamp="2026-03-12T11:09:39Z" uid="1" user="OSMnx" version="1" changeset="1" lat="19.188108" lon="72.82244" /><node id="1646859127" timestamp="2026-03-12T11:09:39Z" uid="1" user="OSMnx" version="1" changeset="1" lat="19.188129" lon="72.82181" /><node id="1646859128" timestamp="2026-03-12T11:09:39Z" uid="1" user="OSMnx" version="1" changeset="1" lat="19.188149" lon="72.821208" /><node id="1646859129" timestamp="2026-03-12T11:09:39Z" uid="1" user="OSMnx" version="1" changeset="1" lat="19.188169" lon="72.820611" /><node id="1646859130" timestamp="2026-03-12T11:09:39Z" uid="1" user="OSMnx" version="1" changeset="1" lat="19.188188" lon="72.820006" /><node id="1646859131" timestamp="2026-03-12T11:09:39Z" uid="1" user="OSMnx" version="1" changeset="1" lat="19.188366" lon="72.824261" /><node id="1646859133" timestamp="2026-03-12T11:09:39Z" uid="1" user="OSMnx" version="1" changeset="1" lat="19.188514" lon="72.824988" /><node id="1646859134" timestamp="2026-03-12T11:09:39Z" uid="1" user="OSMnx" version="1" changeset="1" lat="19.188622" lon="72.824144" /><node id="1646859135" timestamp="2026-03-12T11:09:39Z" uid="1" user="OSMnx" version="1" changeset="1" lat="19.188635" lon="72.823685" /><node id="1646859136" timestamp="2026-03-12T11:09:39Z" uid="1" user="OSMnx" version="1" changeset="1" lat="19.188652" lon="72.823051" /><node id="1646859137" timestamp="2026-03-12T11:09:39Z" uid="1" user="OSMnx" version="1" changeset="1" lat="19.188668" lon="72.82247" /><node id="1646859138" timestamp="2026-03-12T11:09:39Z" uid="1" user="OSMnx" version="1" changeset="1" lat="19.188685" lon="72.821836" /><node id="1646859139" timestamp="2026-03-12T11:09:39Z" uid="1" user="OSMnx" version="1" changeset="1" lat="19.188702" lon="72.821232" /><node id="1646859140" timestamp="2026-03-12T11:09:39Z" uid="1" user="OSMnx" version="1" changeset="1" lat="19.188718" lon="72.820634" /><node id="1646859141" timestamp="2026-03-12T11:09:39Z" uid="1" user="OSMnx" version="1" changeset="1" lat="19.188735" lon="72.820052" /><node id="1646859142" timestamp="2026-03-12T11:09:39Z" uid="1" user="OSMnx" version="1" changeset="1" lat="19.188763" lon="72.819645" /><node id="1646859145" timestamp="2026-03-12T11:09:39Z" uid="1" user="OSMnx" version="1" changeset="1" lat="19.188951" lon="72.824306" /><node id="1646859146" timestamp="2026-03-12T11:09:39Z" uid="1" user="OSMnx" version="1" changeset="1" lat="19.189415" lon="72.824924" /><node id="1646859147" timestamp="2026-03-12T11:09:39Z" uid="1" user="OSMnx" version="1" changeset="1" lat="19.189439" lon="72.824335" /><node id="1646859148" timestamp="2026-03-12T11:09:39Z" uid="1" user="OSMnx" version="1" changeset="1" lat="19.189463" lon="72.823723" /><node id="1646859149" timestamp="2026-03-12T11:09:39Z" uid="1" user="OSMnx" version="1" changeset="1" lat="19.189489" lon="72.823086" /><node id="1646859150" timestamp="2026-03-12T11:09:39Z" uid="1" user="OSMnx" version="1" changeset="1" lat="19.189512" lon="72.822514" /><node id="1646859151" timestamp="2026-03-12T11:09:39Z" uid="1" user="OSMnx" version="1" changeset="1" lat="19.189538" lon="72.821877" /><node id="1646859152" timestamp="2026-03-12T11:09:39Z" uid="1" user="OSMnx" version="1" changeset="1" lat="19.189562" lon="72.821271" /><node id="1646859153" timestamp="2026-03-12T11:09:39Z" uid="1" user="OSMnx" version="1" changeset="1" lat="19.189979" lon="72.824941" /><node id="1646859154" timestamp="2026-03-12T11:09:39Z" uid="1" user="OSMnx" version="1" changeset="1" lat="19.190004" lon="72.824364" /><node id="1646859155" timestamp="2026-03-12T11:09:39Z" uid="1" user="OSMnx" version="1" changeset="1" lat="19.19003" lon="72.823749" /><node id="1646859156" timestamp="2026-03-12T11:09:39Z" uid="1" user="OSMnx" version="1" changeset="1" lat="19.190057" lon="72.823109" /><node id="1646859157" timestamp="2026-03-12T11:09:39Z" uid="1" user="OSMnx" version="1" changeset="1" lat="19.190081" lon="72.822545" /><node id="1646859158" timestamp="2026-03-12T11:09:39Z" uid="1" user="OSMnx" version="1" changeset="1" lat="19.190108" lon="72.821904" /><node id="1646859159" timestamp="2026-03-12T11:09:39Z" uid="1" user="OSMnx" version="1" changeset="1" lat="19.190134" lon="72.821296" /><node id="1646859161" timestamp="2026-03-12T11:09:39Z" uid="1" user="OSMnx" version="1" changeset="1" lat="19.190478" lon="72.825552" /><node id="1646859162" timestamp="2026-03-12T11:09:39Z" uid="1" user="OSMnx" version="1" changeset="1" lat="19.190528" lon="72.824959" /><node id="1646859163" timestamp="2026-03-12T11:09:39Z" uid="1" user="OSMnx" version="1" changeset="1" lat="19.190559" lon="72.824391" /><node id="1646859164" timestamp="2026-03-12T11:09:39Z" uid="1" user="OSMnx" version="1" changeset="1" lat="19.190587" lon="72.823774" /><node id="1646859165" timestamp="2026-03-12T11:09:39Z" uid="1" user="OSMnx" version="1" changeset="1" lat="19.190616" lon="72.823133" /><node id="1646859166" timestamp="2026-03-12T11:09:39Z" uid="1" user="OSMnx" version="1" changeset="1" lat="19.190642" lon="72.822574" /><node id="1646859167" timestamp="2026-03-12T11:09:39Z" uid="1" user="OSMnx" version="1" changeset="1" lat="19.190671" lon="72.821932" /><node id="1646859168" timestamp="2026-03-12T11:09:39Z" uid="1" user="OSMnx" version="1" changeset="1" lat="19.190699" lon="72.821322" /><node id="1646859169" timestamp="2026-03-12T11:09:39Z" uid="1" user="OSMnx" version="1" changeset="1" lat="19.190843" lon="72.823786" /><node id="1646859172" timestamp="2026-03-12T11:09:39Z" uid="1" user="OSMnx" version="1" changeset="1" lat="19.191232" lon="72.822606" /><node id="1646859173" timestamp="2026-03-12T11:09:39Z" uid="1" user="OSMnx" version="1" changeset="1" lat="19.191265" lon="72.82197" /><node id="1646859174" timestamp="2026-03-12T11:09:39Z" uid="1" user="OSMnx" version="1" changeset="1" lat="19.191345" lon="72.821361" /><node id="1646859177" timestamp="2026-03-12T11:09:39Z" uid="1" user="OSMnx" version="1" changeset="1" lat="19.192861" lon="72.82578" /><node id="1646859182" timestamp="2026-03-12T11:09:39Z" uid="1" user="OSMnx" version="1" changeset="1" lat="19.194436" lon="72.825972" /><node id="1646859183" timestamp="2026-03-12T11:09:39Z" uid="1" user="OSMnx" version="1" changeset="1" lat="19.196444" lon="72.82624" /><node id="1646861044" timestamp="2026-03-12T11:09:39Z" uid="1" user="OSMnx" version="1" changeset="1" lat="19.191587" lon="72.819245" /><node id="1646861052" timestamp="2026-03-12T11:09:39Z" uid="1" user="OSMnx" version="1" changeset="1" lat="19.193174" lon="72.819339" /><node id="1646861054" timestamp="2026-03-12T11:09:39Z" uid="1" user="OSMnx" version="1" changeset="1" lat="19.195809" lon="72.819596" /><node id="1913057624" timestamp="2026-03-12T11:09:39Z" uid="1" user="OSMnx" version="1" changeset="1" lat="19.171095" lon="72.845276" /><node id="1936499776" timestamp="2026-03-12T11:09:39Z" uid="1" user="OSMnx" version="1" changeset="1" lat="19.171566" lon="72.845311" /><node id="1936499778" timestamp="2026-03-12T11:09:39Z" uid="1" user="OSMnx" version="1" changeset="1" lat="19.172509" lon="72.845275" /><node id="1936499780" timestamp="2026-03-12T11:09:39Z" uid="1" user="OSMnx" version="1" changeset="1" lat="19.173321" lon="72.845207" /><node id="1936499782" timestamp="2026-03-12T11:09:39Z" uid="1" user="OSMnx" version="1" changeset="1" lat="19.173324" lon="72.845109" /><node id="1936499784" timestamp="2026-03-12T11:09:39Z" uid="1" user="OSMnx" version="1" changeset="1" lat="19.173527" lon="72.845195"><tag k="highway" v="traffic_signals" /></node><node id="2126259682" timestamp="2026-03-12T11:09:39Z" uid="1" user="OSMnx" version="1" changeset="1" lat="19.19017" lon="72.829378" /><node id="2216231365" timestamp="2026-03-12T11:09:39Z" uid="1" user="OSMnx" version="1" changeset="1" lat="19.183043" lon="72.819002" /><node id="2216231374" timestamp="2026-03-12T11:09:39Z" uid="1" user="OSMnx" version="1" changeset="1" lat="19.18323" lon="72.818033" /><node id="2216231376" timestamp="2026-03-12T11:09:39Z" uid="1" user="OSMnx" version="1" changeset="1" lat="19.183333" lon="72.819062" /><node id="2216231377" timestamp="2026-03-12T11:09:39Z" uid="1" user="OSMnx" version="1" changeset="1" lat="19.183405" lon="72.818696" /><node id="2216231378" timestamp="2026-03-12T11:09:39Z" uid="1" user="OSMnx" version="1" changeset="1" lat="19.183467" lon="72.818386" /><node id="2216231381" timestamp="2026-03-12T11:09:39Z" uid="1" user="OSMnx" version="1" changeset="1" lat="19.183525" lon="72.81809" /><node id="2216231383" timestamp="2026-03-12T11:09:39Z" uid="1" user="OSMnx" version="1" changeset="1" lat="19.18359" lon="72.817764" /><node id="2216231390" timestamp="2026-03-12T11:09:39Z" uid="1" user="OSMnx" version="1" changeset="1" lat="19.183784" lon="72.819155" /><node id="2216231394" timestamp="2026-03-12T11:09:39Z" uid="1" user="OSMnx" version="1" changeset="1" lat="19.183851" lon="72.818787" /><node id="2216231400" timestamp="2026-03-12T11:09:39Z" uid="1" user="OSMnx" version="1" changeset="1" lat="19.183914" lon="72.81847" /><node id="2216231402" timestamp="2026-03-12T11:09:39Z" uid="1" user="OSMnx" version="1" changeset="1" lat="19.183968" lon="72.818163" /><node id="2216231403" timestamp="2026-03-12T11:09:39Z" uid="1" user="OSMnx" version="1" changeset="1" lat="19.184032" lon="72.817857" /><node id="2216231407" timestamp="2026-03-12T11:09:39Z" uid="1" user="OSMnx" version="1" changeset="1" lat="19.184264" lon="72.819254" /><node id="2216231408" timestamp="2026-03-12T11:09:39Z" uid="1" user="OSMnx" version="1" changeset="1" lat="19.184333" lon="72.818885" /><node id="2216231410" timestamp="2026-03-12T11:09:39Z" uid="1" user="OSMnx" version="1" changeset="1" lat="19.184395" lon="72.818562" /><node id="2216231413" timestamp="2026-03-12T11:09:39Z" uid="1" user="OSMnx" version="1" changeset="1" lat="19.184448" lon="72.818262" /><node id="2216231414" timestamp="2026-03-12T11:09:39Z" uid="1" user="OSMnx" version="1" changeset="1" lat="19.184508" lon="72.817958" /><node id="2216231415" timestamp="2026-03-12T11:09:39Z" uid="1" user="OSMnx" version="1" changeset="1" lat="19.184568" lon="72.817635" /><node id="2216231418" timestamp="2026-03-12T11:09:39Z" uid="1" user="OSMnx" version="1" changeset="1" lat="19.184689" lon="72.819341" /><node id="2216231421" timestamp="2026-03-12T11:09:39Z" uid="1" user="OSMnx" version="1" changeset="1" lat="19.184761" lon="72.818971" /><node id="2216231424" timestamp="2026-03-12T11:09:39Z" uid="1" user="OSMnx" version="1" changeset="1" lat="19.184828" lon="72.818655" /><node id="2216231426" timestamp="2026-03-12T11:09:39Z" uid="1" user="OSMnx" version="1" changeset="1" lat="19.18488" lon="72.818408" /><node id="2216231429" timestamp="2026-03-12T11:09:39Z" uid="1" user="OSMnx" version="1" changeset="1" lat="19.184943" lon="72.81805" /><node id="2216231430" timestamp="2026-03-12T11:09:39Z" uid="1" user="OSMnx" version="1" changeset="1" lat="19.184998" lon="72.817717" /><node id="2216231433" timestamp="2026-03-12T11:09:39Z" uid="1" user="OSMnx" version="1" changeset="1" lat="19.185189" lon="72.819444" /><node id="2216231435" timestamp="2026-03-12T11:09:39Z" uid="1" user="OSMnx" version="1" changeset="1" lat="19.185263" lon="72.819073" /><node id="2216231437" timestamp="2026-03-12T11:09:39Z" uid="1" user="OSMnx" version="1" changeset="1" lat="19.185328" lon="72.818762" /><node id="2216231439" timestamp="2026-03-12T11:09:39Z" uid="1" user="OSMnx" version="1" changeset="1" lat="19.185388" lon="72.818529" /><node id="2216231441" timestamp="2026-03-12T11:09:39Z" uid="1" user="OSMnx" version="1" changeset="1" lat="19.185457" lon="72.818136" /><node id="2216231442" timestamp="2026-03-12T11:09:39Z" uid="1" user="OSMnx" version="1" changeset="1" lat="19.185445" lon="72.817801" /><node id="2216231444" timestamp="2026-03-12T11:09:39Z" uid="1" user="OSMnx" version="1" changeset="1" lat="19.185492" lon="72.817831" /><node id="2216231445" timestamp="2026-03-12T11:09:39Z" uid="1" user="OSMnx" version="1" changeset="1" lat="19.185639" lon="72.819078" /><node id="2216231446" timestamp="2026-03-12T11:09:39Z" uid="1" user="OSMnx" version="1" changeset="1" lat="19.185728" lon="72.818844" /><node id="2216231451" timestamp="2026-03-12T11:09:39Z" uid="1" user="OSMnx" version="1" changeset="1" lat="19.186696" lon="72.818591" /><node id="2216231468" timestamp="2026-03-12T11:09:39Z" uid="1" user="OSMnx" version="1" changeset="1" lat="19.186987" lon="72.818134" /><node id="2216231478" timestamp="2026-03-12T11:09:39Z" uid="1" user="OSMnx" version="1" changeset="1" lat="19.187218" lon="72.819955" /><node id="2216231482" timestamp="2026-03-12T11:09:39Z" uid="1" user="OSMnx" version="1" changeset="1" lat="19.187305" lon="72.81958" /><node id="2216231488" timestamp="2026-03-12T11:09:39Z" uid="1" user="OSMnx" version="1" changeset="1" lat="19.187416" lon="72.81924" /><node id="2216231535" timestamp="2026-03-12T11:09:39Z" uid="1" user="OSMnx" version="1" changeset="1" lat="19.188342" lon="72.819495" /><node id="2216231536" timestamp="2026-03-12T11:09:39Z" uid="1" user="OSMnx" version="1" changeset="1" lat="19.188354" lon="72.818023" /><node id="2216231540" timestamp="2026-03-12T11:09:39Z" uid="1" user="OSMnx" version="1" changeset="1" lat="19.188414" lon="72.818712" /><node id="2216231567" timestamp="2026-03-12T11:09:39Z" uid="1" user="OSMnx" version="1" changeset="1" lat="19.18891" lon="72.81969" /><node id="2216231577" timestamp="2026-03-12T11:09:39Z" uid="1" user="OSMnx" version="1" changeset="1" lat="19.189048" lon="72.820802" /><node id="2216231585" timestamp="2026-03-12T11:09:39Z" uid="1" user="OSMnx" version="1" changeset="1" lat="19.189219" lon="72.820854" /><node id="2216231593" timestamp="2026-03-12T11:09:39Z" uid="1" user="OSMnx" version="1" changeset="1" lat="19.189585" lon="72.819899" /><node id="2216231595" timestamp="2026-03-12T11:09:39Z" uid="1" user="OSMnx" version="1" changeset="1" lat="19.189676" lon="72.820986" /><node id="2216231601" timestamp="2026-03-12T11:09:39Z" uid="1" user="OSMnx" version="1" changeset="1" lat="19.189924" lon="72.818896" /><node id="2216231607" timestamp="2026-03-12T11:09:39Z" uid="1" user="OSMnx" version="1" changeset="1" lat="19.190171" lon="72.821123" /><node id="2216231619" timestamp="2026-03-12T11:09:39Z" uid="1" user="OSMnx" version="1" changeset="1" lat="19.190811" lon="72.821327" /><node id="2216231733" timestamp="2026-03-12T11:09:39Z" uid="1" user="OSMnx" version="1" changeset="1" lat="19.192934" lon="72.819324" /><node id="2216231755" timestamp="2026-03-12T11:09:39Z" uid="1" user="OSMnx" version="1" changeset="1" lat="19.193287" lon="72.818321" /><node id="2216231768" timestamp="2026-03-12T11:09:39Z" uid="1" user="OSMnx" version="1" changeset="1" lat="19.193592" lon="72.8184" /><node id="2216231789" timestamp="2026-03-12T11:09:39Z" uid="1" user="OSMnx" version="1" changeset="1" lat="19.193989" lon="72.819403" /><node id="2216231793" timestamp="2026-03-12T11:09:39Z" uid="1" user="OSMnx" version="1" changeset="1" lat="19.194138" lon="72.818681" /><node id="2216231803" timestamp="2026-03-12T11:09:39Z" uid="1" user="OSMnx" version="1" changeset="1" lat="19.194469" lon="72.818473" /><node id="2216231804" timestamp="2026-03-12T11:09:39Z" uid="1" user="OSMnx" version="1" changeset="1" lat="19.194517" lon="72.819445" /><node id="2216231807" timestamp="2026-03-12T11:09:39Z" uid="1" user="OSMnx" version="1" changeset="1" lat="19.194702" lon="72.817962" /><node id="2216231826" timestamp="2026-03-12T11:09:39Z" uid="1" user="OSMnx" version="1" changeset="1" lat="19.196397" lon="72.818326" /><node id="2216231828" timestamp="2026-03-12T11:09:39Z" uid="1" user="OSMnx" version="1" changeset="1" lat="19.197295" lon="72.818936" /><node id="2216231830" timestamp="2026-03-12T11:09:39Z" uid="1" user="OSMnx" version="1" changeset="1" lat="19.198782" lon="72.818497" /><node id="2216231833" timestamp="2026-03-12T11:09:39Z" uid="1" user="OSMnx" version="1" changeset="1" lat="19.198251" lon="72.818338" /><node id="2216231834" timestamp="2026-03-12T11:09:39Z" uid="1" user="OSMnx" version="1" changeset="1" lat="19.198414" lon="72.818381" /><node id="2216231850" timestamp="2026-03-12T11:09:39Z" uid="1" user="OSMnx" version="1" changeset="1" lat="19.199221" lon="72.819509" /><node id="2216231852" timestamp="2026-03-12T11:09:39Z" uid="1" user="OSMnx" version="1" changeset="1" lat="19.199681" lon="72.818628" /><node id="2216231855" timestamp="2026-03-12T11:09:39Z" uid="1" user="OSMnx" version="1" changeset="1" lat="19.199817" lon="72.820055" /><node id="2216231876" timestamp="2026-03-12T11:09:39Z" uid="1" user="OSMnx" version="1" changeset="1" lat="19.204525" lon="72.820325" /><node id="2216843218" timestamp="2026-03-12T11:09:39Z" uid="1" user="OSMnx" version="1" changeset="1" lat="19.190741" lon="72.820257" /><node id="2216843251" timestamp="2026-03-12T11:09:39Z" uid="1" user="OSMnx" version="1" changeset="1" lat="19.191438" lon="72.819238" /><node id="2221979473" timestamp="2026-03-12T11:09:39Z" uid="1" user="OSMnx" version="1" changeset="1" lat="19.205002" lon="72.828316" /><node id="2221979479" timestamp="2026-03-12T11:09:39Z" uid="1" user="OSMnx" version="1" changeset="1" lat="19.205324" lon="72.824563" /><node id="2221979483" timestamp="2026-03-12T11:09:39Z" uid="1" user="OSMnx" version="1" changeset="1" lat="19.20563" lon="72.823794" /><node id="2222186277" timestamp="2026-03-12T11:09:39Z" uid="1" user="OSMnx" version="1" changeset="1" lat="19.20046" lon="72.826263" /><node id="2222186280" timestamp="2026-03-12T11:09:39Z" uid="1" user="OSMnx" version="1" changeset="1" lat="19.200742" lon="72.826444" /><node id="2222186282" timestamp="2026-03-12T11:09:39Z" uid="1" user="OSMnx" version="1" changeset="1" lat="19.200955" lon="72.825353" /><node id="2222186290" timestamp="2026-03-12T11:09:39Z" uid="1" user="OSMnx" version="1" changeset="1" lat="19.20126" lon="72.825559" /><node id="2222186291" timestamp="2026-03-12T11:09:39Z" uid="1" user="OSMnx" version="1" changeset="1" lat="19.201364" lon="72.826232" /><node id="2222186292" timestamp="2026-03-12T11:09:39Z" uid="1" user="OSMnx" version="1" changeset="1" lat="19.201466" lon="72.82692" /><node id="2222186293" timestamp="2026-03-12T11:09:39Z" uid="1" user="OSMnx" version="1" changeset="1" lat="19.201506" lon="72.824451" /><node id="2222186295" timestamp="2026-03-12T11:09:39Z" uid="1" user="OSMnx" version="1" changeset="1" lat="19.201535" lon="72.825089" /><node id="2222186297" timestamp="2026-03-12T11:09:39Z" uid="1" user="OSMnx" version="1" changeset="1" lat="19.20162" lon="72.825796" /><node id="2222186301" timestamp="2026-03-12T11:09:39Z" uid="1" user="OSMnx" version="1" changeset="1" lat="19.201729" lon="72.826471" /><node id="2222186302" timestamp="2026-03-12T11:09:39Z" uid="1" user="OSMnx" version="1" changeset="1" lat="19.201799" lon="72.824639" /><node id="2222186310" timestamp="2026-03-12T11:09:39Z" uid="1" user="OSMnx" version="1" changeset="1" lat="19.201895" lon="72.825325" /><node id="2222186312" timestamp="2026-03-12T11:09:39Z" uid="1" user="OSMnx" version="1" changeset="1" lat="19.202016" lon="72.823569" /><node id="2222186314" timestamp="2026-03-12T11:09:39Z" uid="1" user="OSMnx" version="1" changeset="1" lat="19.201984" lon="72.826035" /><node id="2222186318" timestamp="2026-03-12T11:09:39Z" uid="1" user="OSMnx" version="1" changeset="1" lat="19.20213" lon="72.822219" /><node id="2222186320" timestamp="2026-03-12T11:09:39Z" uid="1" user="OSMnx" version="1" changeset="1" lat="19.202154" lon="72.82675" /><node id="2222186322" timestamp="2026-03-12T11:09:39Z" uid="1" user="OSMnx" version="1" changeset="1" lat="19.202158" lon="72.824875" /><node id="2222186326" timestamp="2026-03-12T11:09:39Z" uid="1" user="OSMnx" version="1" changeset="1" lat="19.20226" lon="72.825564" /><node id="2222186328" timestamp="2026-03-12T11:09:39Z" uid="1" user="OSMnx" version="1" changeset="1" lat="19.20241" lon="72.826314" /><node id="2222186332" timestamp="2026-03-12T11:09:39Z" uid="1" user="OSMnx" version="1" changeset="1" lat="19.202523" lon="72.825114" /><node id="2222186333" timestamp="2026-03-12T11:09:39Z" uid="1" user="OSMnx" version="1" changeset="1" lat="19.202516" lon="72.828027" /><node id="2222186336" timestamp="2026-03-12T11:09:39Z" uid="1" user="OSMnx" version="1" changeset="1" lat="19.202587" lon="72.825157" /><node id="2222186338" timestamp="2026-03-12T11:09:39Z" uid="1" user="OSMnx" version="1" changeset="1" lat="19.20259" lon="72.827663" /><node id="2222186340" timestamp="2026-03-12T11:09:39Z" uid="1" user="OSMnx" version="1" changeset="1" lat="19.202685" lon="72.825844" /><node id="2222186341" timestamp="2026-03-12T11:09:39Z" uid="1" user="OSMnx" version="1" changeset="1" lat="19.202811" lon="72.821576" /><node id="2222186351" timestamp="2026-03-12T11:09:39Z" uid="1" user="OSMnx" version="1" changeset="1" lat="19.202942" lon="72.825386" /><node id="2222186352" timestamp="2026-03-12T11:09:39Z" uid="1" user="OSMnx" version="1" changeset="1" lat="19.203124" lon="72.826784" /><node id="2222186358" timestamp="2026-03-12T11:09:39Z" uid="1" user="OSMnx" version="1" changeset="1" lat="19.20363" lon="72.824548" /><node id="2222186359" timestamp="2026-03-12T11:09:39Z" uid="1" user="OSMnx" version="1" changeset="1" lat="19.203663" lon="72.825863" /><node id="2222186367" timestamp="2026-03-12T11:09:39Z" uid="1" user="OSMnx" version="1" changeset="1" lat="19.204204" lon="72.823482" /><node id="2222186369" timestamp="2026-03-12T11:09:39Z" uid="1" user="OSMnx" version="1" changeset="1" lat="19.204191" lon="72.824961" /><node id="2222186375" timestamp="2026-03-12T11:09:39Z" uid="1" user="OSMnx" version="1" changeset="1" lat="19.204549" lon="72.825538" /><node id="2222186385" timestamp="2026-03-12T11:09:39Z" uid="1" user="OSMnx" version="1" changeset="1" lat="19.204757" lon="72.825135" /><node id="2222186387" timestamp="2026-03-12T11:09:39Z" uid="1" user="OSMnx" version="1" changeset="1" lat="19.205054" lon="72.825243" /><node id="2222186400" timestamp="2026-03-12T11:09:39Z" uid="1" user="OSMnx" version="1" changeset="1" lat="19.205147" lon="72.82326" /><node id="2222707446" timestamp="2026-03-12T11:09:39Z" uid="1" user="OSMnx" version="1" changeset="1" lat="19.188034" lon="72.851267" /><node id="2222707454" timestamp="2026-03-12T11:09:39Z" uid="1" user="OSMnx" version="1" changeset="1" lat="19.188436" lon="72.8513" /><node id="2222707456" timestamp="2026-03-12T11:09:39Z" uid="1" user="OSMnx" version="1" changeset="1" lat="19.188475" lon="72.850697" /><node id="2222707479" timestamp="2026-03-12T11:09:39Z" uid="1" user="OSMnx" version="1" changeset="1" lat="19.189059" lon="72.832638" /><node id="2222707507" timestamp="2026-03-12T11:09:39Z" uid="1" user="OSMnx" version="1" changeset="1" lat="19.189569" lon="72.855492" /><node id="2222707517" timestamp="2026-03-12T11:09:39Z" uid="1" user="OSMnx" version="1" changeset="1" lat="19.189908" lon="72.834218" /><node id="2222707550" timestamp="2026-03-12T11:09:39Z" uid="1" user="OSMnx" version="1" changeset="1" lat="19.190726" lon="72.834" /><node id="2222707552" timestamp="2026-03-12T11:09:39Z" uid="1" user="OSMnx" version="1" changeset="1" lat="19.190818" lon="72.833971" /><node id="2222707554" timestamp="2026-03-12T11:09:39Z" uid="1" user="OSMnx" version="1" changeset="1" lat="19.190842" lon="72.831267" /><node id="2222707556" timestamp="2026-03-12T11:09:39Z" uid="1" user="OSMnx" version="1" changeset="1" lat="19.190866" lon="72.829948" /><node id="2222707641" timestamp="2026-03-12T11:09:39Z" uid="1" user="OSMnx" version="1" changeset="1" lat="19.192333" lon="72.830767" /><node id="2222707653" timestamp="2026-03-12T11:09:39Z" uid="1" user="OSMnx" version="1" changeset="1" lat="19.192792" lon="72.83169" /><node id="2222707655" timestamp="2026-03-12T11:09:39Z" uid="1" user="OSMnx" version="1" changeset="1" lat="19.192863" lon="72.833296" /><node id="2222707687" timestamp="2026-03-12T11:09:39Z" uid="1" user="OSMnx" version="1" changeset="1" lat="19.193236" lon="72.83449"><tag k="highway" v="traffic_signals" /></node><node id="2222707735" timestamp="2026-03-12T11:09:39Z" uid="1" user="OSMnx" version="1" changeset="1" lat="19.194019" lon="72.835272" /><node id="2222707840" timestamp="2026-03-12T11:09:39Z" uid="1" user="OSMnx" version="1" changeset="1" lat="19.195622" lon="72.835225" /><node id="2222707859" timestamp="2026-03-12T11:09:39Z" uid="1" user="OSMnx" version="1" changeset="1" lat="19.196145" lon="72.835985" /><node id="2222707866" timestamp="2026-03-12T11:09:39Z" uid="1" user="OSMnx" version="1" changeset="1" lat="19.196225" lon="72.835317" /><node id="2222707900" timestamp="2026-03-12T11:09:39Z" uid="1" user="OSMnx" version="1" changeset="1" lat="19.197302" lon="72.834795" /><node id="2222707917" timestamp="2026-03-12T11:09:39Z" uid="1" user="OSMnx" version="1" changeset="1" lat="19.197769" lon="72.828573" /><node id="2222707932" timestamp="2026-03-12T11:09:39Z" uid="1" user="OSMnx" version="1" changeset="1" lat="19.19788" lon="72.828279" /><node id="2222707937" timestamp="2026-03-12T11:09:39Z" uid="1" user="OSMnx" version="1" changeset="1" lat="19.197953" lon="72.829032" /><node id="2222707946" timestamp="2026-03-12T11:09:39Z" uid="1" user="OSMnx" version="1" changeset="1" lat="19.197975" lon="72.838595" /><node id="2222707948" timestamp="2026-03-12T11:09:39Z" uid="1" user="OSMnx" version="1" changeset="1" lat="19.198033" lon="72.828614" /><node id="2222707952" timestamp="2026-03-12T11:09:39Z" uid="1" user="OSMnx" version="1" changeset="1" lat="19.198039" lon="72.841707" /><node id="2222707954" timestamp="2026-03-12T11:09:39Z" uid="1" user="OSMnx" version="1" changeset="1" lat="19.198079" lon="72.842437" /><node id="2222707961" timestamp="2026-03-12T11:09:39Z" uid="1" user="OSMnx" version="1" changeset="1" lat="19.198089" lon="72.828342" /><node id="2222707965" timestamp="2026-03-12T11:09:39Z" uid="1" user="OSMnx" version="1" changeset="1" lat="19.198233" lon="72.844131" /><node id="2222707974" timestamp="2026-03-12T11:09:39Z" uid="1" user="OSMnx" version="1" changeset="1" lat="19.198263" lon="72.846013" /><node id="2222707978" timestamp="2026-03-12T11:09:39Z" uid="1" user="OSMnx" version="1" changeset="1" lat="19.198206" lon="72.828943" /><node id="2222707983" timestamp="2026-03-12T11:09:39Z" uid="1" user="OSMnx" version="1" changeset="1" lat="19.198236" lon="72.828658" /><node id="2222707999" timestamp="2026-03-12T11:09:39Z" uid="1" user="OSMnx" version="1" changeset="1" lat="19.198445" lon="72.829148" /><node id="2222708003" timestamp="2026-03-12T11:09:39Z" uid="1" user="OSMnx" version="1" changeset="1" lat="19.198532" lon="72.828704" /><node id="2222708015" timestamp="2026-03-12T11:09:39Z" uid="1" user="OSMnx" version="1" changeset="1" lat="19.198551" lon="72.828401" /><node id="2222708018" timestamp="2026-03-12T11:09:39Z" uid="1" user="OSMnx" version="1" changeset="1" lat="19.198557" lon="72.836218" /><node id="2222708037" timestamp="2026-03-12T11:09:39Z" uid="1" user="OSMnx" version="1" changeset="1" lat="19.19867" lon="72.829194" /><node id="2222708043" timestamp="2026-03-12T11:09:39Z" uid="1" user="OSMnx" version="1" changeset="1" lat="19.19873" lon="72.835799" /><node id="2222708054" timestamp="2026-03-12T11:09:39Z" uid="1" user="OSMnx" version="1" changeset="1" lat="19.198918" lon="72.82926" /><node id="2222708058" timestamp="2026-03-12T11:09:39Z" uid="1" user="OSMnx" version="1" changeset="1" lat="19.198951" lon="72.84175" /><node id="2222708090" timestamp="2026-03-12T11:09:39Z" uid="1" user="OSMnx" version="1" changeset="1" lat="19.199219" lon="72.83694" /><node id="2222708094" timestamp="2026-03-12T11:09:39Z" uid="1" user="OSMnx" version="1" changeset="1" lat="19.199224" lon="72.831051" /><node id="2222708110" timestamp="2026-03-12T11:09:39Z" uid="1" user="OSMnx" version="1" changeset="1" lat="19.199254" lon="72.829766" /><node id="2222708126" timestamp="2026-03-12T11:09:39Z" uid="1" user="OSMnx" version="1" changeset="1" lat="19.19941" lon="72.836009" /><node id="2222708131" timestamp="2026-03-12T11:09:39Z" uid="1" user="OSMnx" version="1" changeset="1" lat="19.199498" lon="72.82941" /><node id="2222708156" timestamp="2026-03-12T11:09:39Z" uid="1" user="OSMnx" version="1" changeset="1" lat="19.199606" lon="72.841761" /><node id="2222708189" timestamp="2026-03-12T11:09:39Z" uid="1" user="OSMnx" version="1" changeset="1" lat="19.199815" lon="72.847405" /><node id="2222708194" timestamp="2026-03-12T11:09:39Z" uid="1" user="OSMnx" version="1" changeset="1" lat="19.199832" lon="72.836925" /><node id="2222708198" timestamp="2026-03-12T11:09:39Z" uid="1" user="OSMnx" version="1" changeset="1" lat="19.200028" lon="72.83621" /><node id="2222708207" timestamp="2026-03-12T11:09:39Z" uid="1" user="OSMnx" version="1" changeset="1" lat="19.200097" lon="72.830426" /><node id="2222708245" timestamp="2026-03-12T11:09:39Z" uid="1" user="OSMnx" version="1" changeset="1" lat="19.200232" lon="72.831828" /><node id="2222708247" timestamp="2026-03-12T11:09:39Z" uid="1" user="OSMnx" version="1" changeset="1" lat="19.200303" lon="72.833362" /><node id="2222708250" timestamp="2026-03-12T11:09:39Z" uid="1" user="OSMnx" version="1" changeset="1" lat="19.200333" lon="72.836888" /><node id="2222708252" timestamp="2026-03-12T11:09:39Z" uid="1" user="OSMnx" version="1" changeset="1" lat="19.200334" lon="72.833083" /><node id="2222708262" timestamp="2026-03-12T11:09:39Z" uid="1" user="OSMnx" version="1" changeset="1" lat="19.200411" lon="72.829633" /><node id="2222708263" timestamp="2026-03-12T11:09:39Z" uid="1" user="OSMnx" version="1" changeset="1" lat="19.200439" lon="72.829119" /><node id="2222708292" timestamp="2026-03-12T11:09:39Z" uid="1" user="OSMnx" version="1" changeset="1" lat="19.200786" lon="72.828004" /><node id="2222708300" timestamp="2026-03-12T11:09:39Z" uid="1" user="OSMnx" version="1" changeset="1" lat="19.200939" lon="72.830355" /><node id="2222708308" timestamp="2026-03-12T11:09:39Z" uid="1" user="OSMnx" version="1" changeset="1" lat="19.200945" lon="72.831894" /><node id="2222708318" timestamp="2026-03-12T11:09:39Z" uid="1" user="OSMnx" version="1" changeset="1" lat="19.200965" lon="72.829652" /><node id="2222708324" timestamp="2026-03-12T11:09:39Z" uid="1" user="OSMnx" version="1" changeset="1" lat="19.200954" lon="72.83202" /><node id="2222708326" timestamp="2026-03-12T11:09:39Z" uid="1" user="OSMnx" version="1" changeset="1" lat="19.201045" lon="72.847508" /><node id="2222708331" timestamp="2026-03-12T11:09:39Z" uid="1" user="OSMnx" version="1" changeset="1" lat="19.20112" lon="72.832308" /><node id="2222708341" timestamp="2026-03-12T11:09:39Z" uid="1" user="OSMnx" version="1" changeset="1" lat="19.201363" lon="72.830793" /><node id="2222708363" timestamp="2026-03-12T11:09:39Z" uid="1" user="OSMnx" version="1" changeset="1" lat="19.201524" lon="72.831592" /><node id="2222708366" timestamp="2026-03-12T11:09:39Z" uid="1" user="OSMnx" version="1" changeset="1" lat="19.20157" lon="72.834077" /><node id="2222708367" timestamp="2026-03-12T11:09:39Z" uid="1" user="OSMnx" version="1" changeset="1" lat="19.201494" lon="72.828082" /><node id="2222708372" timestamp="2026-03-12T11:09:39Z" uid="1" user="OSMnx" version="1" changeset="1" lat="19.201537" lon="72.828171" /><node id="2222708374" timestamp="2026-03-12T11:09:39Z" uid="1" user="OSMnx" version="1" changeset="1" lat="19.201627" lon="72.829296" /><node id="2222708407" timestamp="2026-03-12T11:09:39Z" uid="1" user="OSMnx" version="1" changeset="1" lat="19.201978" lon="72.827256" /><node id="2222708422" timestamp="2026-03-12T11:09:39Z" uid="1" user="OSMnx" version="1" changeset="1" lat="19.202158" lon="72.827374" /><node id="2222708446" timestamp="2026-03-12T11:09:39Z" uid="1" user="OSMnx" version="1" changeset="1" lat="19.202325" lon="72.826723" /><node id="2222708448" timestamp="2026-03-12T11:09:39Z" uid="1" user="OSMnx" version="1" changeset="1" lat="19.202339" lon="72.827493" /><node id="2222708455" timestamp="2026-03-12T11:09:39Z" uid="1" user="OSMnx" version="1" changeset="1" lat="19.202382" lon="72.826991" /><node id="2222708457" timestamp="2026-03-12T11:09:39Z" uid="1" user="OSMnx" version="1" changeset="1" lat="19.202432" lon="72.833447" /><node id="2222708462" timestamp="2026-03-12T11:09:39Z" uid="1" user="OSMnx" version="1" changeset="1" lat="19.202502" lon="72.826849" /><node id="2222708463" timestamp="2026-03-12T11:09:39Z" uid="1" user="OSMnx" version="1" changeset="1" lat="19.202521" lon="72.826388" /><node id="2222708465" timestamp="2026-03-12T11:09:39Z" uid="1" user="OSMnx" version="1" changeset="1" lat="19.202559" lon="72.831594" /><node id="2222708467" timestamp="2026-03-12T11:09:39Z" uid="1" user="OSMnx" version="1" changeset="1" lat="19.202609" lon="72.831015" /><node id="2222708473" timestamp="2026-03-12T11:09:39Z" uid="1" user="OSMnx" version="1" changeset="1" lat="19.202669" lon="72.826977" /><node id="2222708475" timestamp="2026-03-12T11:09:39Z" uid="1" user="OSMnx" version="1" changeset="1" lat="19.202656" lon="72.833442" /><node id="2222708478" timestamp="2026-03-12T11:09:39Z" uid="1" user="OSMnx" version="1" changeset="1" lat="19.202702" lon="72.826506" /><node id="2222708483" timestamp="2026-03-12T11:09:39Z" uid="1" user="OSMnx" version="1" changeset="1" lat="19.202761" lon="72.825978" /><node id="2222708485" timestamp="2026-03-12T11:09:39Z" uid="1" user="OSMnx" version="1" changeset="1" lat="19.202746" lon="72.830938" /><node id="2222708488" timestamp="2026-03-12T11:09:39Z" uid="1" user="OSMnx" version="1" changeset="1" lat="19.202888" lon="72.825824" /><node id="2222708490" timestamp="2026-03-12T11:09:39Z" uid="1" user="OSMnx" version="1" changeset="1" lat="19.202877" lon="72.826622" /><node id="2222708495" timestamp="2026-03-12T11:09:39Z" uid="1" user="OSMnx" version="1" changeset="1" lat="19.202932" lon="72.826114" /><node id="2222708498" timestamp="2026-03-12T11:09:39Z" uid="1" user="OSMnx" version="1" changeset="1" lat="19.203058" lon="72.82597" /><node id="2222708504" timestamp="2026-03-12T11:09:39Z" uid="1" user="OSMnx" version="1" changeset="1" lat="19.203087" lon="72.825484" /><node id="2222708505" timestamp="2026-03-12T11:09:39Z" uid="1" user="OSMnx" version="1" changeset="1" lat="19.2031" lon="72.826242" /><node id="2222708507" timestamp="2026-03-12T11:09:39Z" uid="1" user="OSMnx" version="1" changeset="1" lat="19.203106" lon="72.829471" /><node id="2222708511" timestamp="2026-03-12T11:09:39Z" uid="1" user="OSMnx" version="1" changeset="1" lat="19.203221" lon="72.826618" /><node id="2222708512" timestamp="2026-03-12T11:09:39Z" uid="1" user="OSMnx" version="1" changeset="1" lat="19.203223" lon="72.826108" /><node id="2222708521" timestamp="2026-03-12T11:09:39Z" uid="1" user="OSMnx" version="1" changeset="1" lat="19.203272" lon="72.825606" /><node id="2222708530" timestamp="2026-03-12T11:09:39Z" uid="1" user="OSMnx" version="1" changeset="1" lat="19.203295" lon="72.825129" /><node id="2222708531" timestamp="2026-03-12T11:09:39Z" uid="1" user="OSMnx" version="1" changeset="1" lat="19.203314" lon="72.832832" /><node id="2222708534" timestamp="2026-03-12T11:09:39Z" uid="1" user="OSMnx" version="1" changeset="1" lat="19.203345" lon="72.837802" /><node id="2222708537" timestamp="2026-03-12T11:09:39Z" uid="1" user="OSMnx" version="1" changeset="1" lat="19.203358" lon="72.83244" /><node id="2222708538" timestamp="2026-03-12T11:09:39Z" uid="1" user="OSMnx" version="1" changeset="1" lat="19.203402" lon="72.828164" /><node id="2222708539" timestamp="2026-03-12T11:09:39Z" uid="1" user="OSMnx" version="1" changeset="1" lat="19.203422" lon="72.827045" /><node id="2222708541" timestamp="2026-03-12T11:09:39Z" uid="1" user="OSMnx" version="1" changeset="1" lat="19.203423" lon="72.824969" /><node id="2222708543" timestamp="2026-03-12T11:09:39Z" uid="1" user="OSMnx" version="1" changeset="1" lat="19.203449" lon="72.825722" /><node id="2222708544" timestamp="2026-03-12T11:09:39Z" uid="1" user="OSMnx" version="1" changeset="1" lat="19.203476" lon="72.831366" /><node id="2222708549" timestamp="2026-03-12T11:09:39Z" uid="1" user="OSMnx" version="1" changeset="1" lat="19.20353" lon="72.831173" /><node id="2222708550" timestamp="2026-03-12T11:09:39Z" uid="1" user="OSMnx" version="1" changeset="1" lat="19.203476" lon="72.825258" /><node id="2222708554" timestamp="2026-03-12T11:09:39Z" uid="1" user="OSMnx" version="1" changeset="1" lat="19.203557" lon="72.830778" /><node id="2222708555" timestamp="2026-03-12T11:09:39Z" uid="1" user="OSMnx" version="1" changeset="1" lat="19.203547" lon="72.826832" /><node id="2222708559" timestamp="2026-03-12T11:09:39Z" uid="1" user="OSMnx" version="1" changeset="1" lat="19.203591" lon="72.825986" /><node id="2222708563" timestamp="2026-03-12T11:09:39Z" uid="1" user="OSMnx" version="1" changeset="1" lat="19.203598" lon="72.825094" /><node id="2222708565" timestamp="2026-03-12T11:09:39Z" uid="1" user="OSMnx" version="1" changeset="1" lat="19.203641" lon="72.824609" /><node id="2222708566" timestamp="2026-03-12T11:09:39Z" uid="1" user="OSMnx" version="1" changeset="1" lat="19.203652" lon="72.825375" /><node id="2222708568" timestamp="2026-03-12T11:09:39Z" uid="1" user="OSMnx" version="1" changeset="1" lat="19.203669" lon="72.826623" /><node id="2222708572" timestamp="2026-03-12T11:09:39Z" uid="1" user="OSMnx" version="1" changeset="1" lat="19.203708" lon="72.825786" /><node id="2222708573" timestamp="2026-03-12T11:09:39Z" uid="1" user="OSMnx" version="1" changeset="1" lat="19.20377" lon="72.825214" /><node id="2222708576" timestamp="2026-03-12T11:09:39Z" uid="1" user="OSMnx" version="1" changeset="1" lat="19.203791" lon="72.826415" /><node id="2222708577" timestamp="2026-03-12T11:09:39Z" uid="1" user="OSMnx" version="1" changeset="1" lat="19.203829" lon="72.824729" /><node id="2222708578" timestamp="2026-03-12T11:09:39Z" uid="1" user="OSMnx" version="1" changeset="1" lat="19.20384" lon="72.825561" /><node id="2222708587" timestamp="2026-03-12T11:09:39Z" uid="1" user="OSMnx" version="1" changeset="1" lat="19.2039" lon="72.831119" /><node id="2222708594" timestamp="2026-03-12T11:09:39Z" uid="1" user="OSMnx" version="1" changeset="1" lat="19.203917" lon="72.8262" /><node id="2222708599" timestamp="2026-03-12T11:09:39Z" uid="1" user="OSMnx" version="1" changeset="1" lat="19.203966" lon="72.825352" /><node id="2222708612" timestamp="2026-03-12T11:09:39Z" uid="1" user="OSMnx" version="1" changeset="1" lat="19.20401" lon="72.824845" /><node id="2222708616" timestamp="2026-03-12T11:09:39Z" uid="1" user="OSMnx" version="1" changeset="1" lat="19.204035" lon="72.832506" /><node id="2222708620" timestamp="2026-03-12T11:09:39Z" uid="1" user="OSMnx" version="1" changeset="1" lat="19.204034" lon="72.826" /><node id="2222708642" timestamp="2026-03-12T11:09:39Z" uid="1" user="OSMnx" version="1" changeset="1" lat="19.204166" lon="72.825775" /><node id="2222708646" timestamp="2026-03-12T11:09:39Z" uid="1" user="OSMnx" version="1" changeset="1" lat="19.204192" lon="72.832501" /><node id="2222708648" timestamp="2026-03-12T11:09:39Z" uid="1" user="OSMnx" version="1" changeset="1" lat="19.204204" lon="72.832554" /><node id="2222708655" timestamp="2026-03-12T11:09:39Z" uid="1" user="OSMnx" version="1" changeset="1" lat="19.204266" lon="72.832811" /><node id="2222708716" timestamp="2026-03-12T11:09:39Z" uid="1" user="OSMnx" version="1" changeset="1" lat="19.204746" lon="72.831044" /><node id="2222708741" timestamp="2026-03-12T11:09:39Z" uid="1" user="OSMnx" version="1" changeset="1" lat="19.204948" lon="72.832612" /><node id="2222708768" timestamp="2026-03-12T11:09:39Z" uid="1" user="OSMnx" version="1" changeset="1" lat="19.20509" lon="72.831003" /><node id="2222708770" timestamp="2026-03-12T11:09:39Z" uid="1" user="OSMnx" version="1" changeset="1" lat="19.205102" lon="72.831145" /><node id="2222708772" timestamp="2026-03-12T11:09:39Z" uid="1" user="OSMnx" version="1" changeset="1" lat="19.205105" lon="72.83174" /><node id="2222708781" timestamp="2026-03-12T11:09:39Z" uid="1" user="OSMnx" version="1" changeset="1" lat="19.205153" lon="72.832124" /><node id="2222708783" timestamp="2026-03-12T11:09:39Z" uid="1" user="OSMnx" version="1" changeset="1" lat="19.205156" lon="72.833377" /><node id="2222708784" timestamp="2026-03-12T11:09:39Z" uid="1" user="OSMnx" version="1" changeset="1" lat="19.205162" lon="72.828333" /><node id="2222708785" timestamp="2026-03-12T11:09:39Z" uid="1" user="OSMnx" version="1" changeset="1" lat="19.205164" lon="72.83235" /><node id="2222708786" timestamp="2026-03-12T11:09:39Z" uid="1" user="OSMnx" version="1" changeset="1" lat="19.20517" lon="72.832718" /><node id="2222708788" timestamp="2026-03-12T11:09:39Z" uid="1" user="OSMnx" version="1" changeset="1" lat="19.205172" lon="72.832631" /><node id="2222708790" timestamp="2026-03-12T11:09:39Z" uid="1" user="OSMnx" version="1" changeset="1" lat="19.205213" lon="72.837801" /><node id="2222708796" timestamp="2026-03-12T11:09:39Z" uid="1" user="OSMnx" version="1" changeset="1" lat="19.205362" lon="72.845063" /><node id="2222708812" timestamp="2026-03-12T11:09:39Z" uid="1" user="OSMnx" version="1" changeset="1" lat="19.205548" lon="72.832169" /><node id="2222708816" timestamp="2026-03-12T11:09:39Z" uid="1" user="OSMnx" version="1" changeset="1" lat="19.20558" lon="72.832661" /><node id="2222708817" timestamp="2026-03-12T11:09:39Z" uid="1" user="OSMnx" version="1" changeset="1" lat="19.205587" lon="72.833381" /><node id="2222708823" timestamp="2026-03-12T11:09:39Z" uid="1" user="OSMnx" version="1" changeset="1" lat="19.205682" lon="72.832647" /><node id="2222708826" timestamp="2026-03-12T11:09:39Z" uid="1" user="OSMnx" version="1" changeset="1" lat="19.205643" lon="72.838559" /><node id="2222708840" timestamp="2026-03-12T11:09:39Z" uid="1" user="OSMnx" version="1" changeset="1" lat="19.205783" lon="72.831711" /><node id="2222708841" timestamp="2026-03-12T11:09:39Z" uid="1" user="OSMnx" version="1" changeset="1" lat="19.205795" lon="72.831328" /><node id="2222708842" timestamp="2026-03-12T11:09:39Z" uid="1" user="OSMnx" version="1" changeset="1" lat="19.205824" lon="72.832188" /><node id="2222708846" timestamp="2026-03-12T11:09:39Z" uid="1" user="OSMnx" version="1" changeset="1" lat="19.20586" lon="72.832633" /><node id="2224023628" timestamp="2026-03-12T11:09:39Z" uid="1" user="OSMnx" version="1" changeset="1" lat="19.190502" lon="72.84862" /><node id="2224023630" timestamp="2026-03-12T11:09:39Z" uid="1" user="OSMnx" version="1" changeset="1" lat="19.190557" lon="72.848238" /><node id="2224023636" timestamp="2026-03-12T11:09:39Z" uid="1" user="OSMnx" version="1" changeset="1" lat="19.191056" lon="72.838905" /><node id="2224023638" timestamp="2026-03-12T11:09:39Z" uid="1" user="OSMnx" version="1" changeset="1" lat="19.191358" lon="72.848375" /><node id="2224023661" timestamp="2026-03-12T11:09:39Z" uid="1" user="OSMnx" version="1" changeset="1" lat="19.192052" lon="72.849144" /><node id="2224023665" timestamp="2026-03-12T11:09:39Z" uid="1" user="OSMnx" version="1" changeset="1" lat="19.192127" lon="72.821983" /><node id="2224023668" timestamp="2026-03-12T11:09:39Z" uid="1" user="OSMnx" version="1" changeset="1" lat="19.192166" lon="72.820717" /><node id="2224023674" timestamp="2026-03-12T11:09:39Z" uid="1" user="OSMnx" version="1" changeset="1" lat="19.192457" lon="72.849141" /><node id="2224023675" timestamp="2026-03-12T11:09:39Z" uid="1" user="OSMnx" version="1" changeset="1" lat="19.192452" lon="72.848916" /><node id="2224023685" timestamp="2026-03-12T11:09:39Z" uid="1" user="OSMnx" version="1" changeset="1" lat="19.192901" lon="72.837077" /><node id="2224023690" timestamp="2026-03-12T11:09:39Z" uid="1" user="OSMnx" version="1" changeset="1" lat="19.19296" lon="72.849137" /><node id="2224023692" timestamp="2026-03-12T11:09:39Z" uid="1" user="OSMnx" version="1" changeset="1" lat="19.192969" lon="72.848903" /><node id="2224023694" timestamp="2026-03-12T11:09:39Z" uid="1" user="OSMnx" version="1" changeset="1" lat="19.193043" lon="72.822032" /><node id="2224023698" timestamp="2026-03-12T11:09:39Z" uid="1" user="OSMnx" version="1" changeset="1" lat="19.193034" lon="72.849137" /><node id="2224023700" timestamp="2026-03-12T11:09:39Z" uid="1" user="OSMnx" version="1" changeset="1" lat="19.193039" lon="72.838354" /><node id="2224023705" timestamp="2026-03-12T11:09:39Z" uid="1" user="OSMnx" version="1" changeset="1" lat="19.193371" lon="72.848585" /><node id="2224023707" timestamp="2026-03-12T11:09:39Z" uid="1" user="OSMnx" version="1" changeset="1" lat="19.193546" lon="72.849146" /><node id="2224023708" timestamp="2026-03-12T11:09:39Z" uid="1" user="OSMnx" version="1" changeset="1" lat="19.193933" lon="72.822084" /><node id="2224023709" timestamp="2026-03-12T11:09:39Z" uid="1" user="OSMnx" version="1" changeset="1" lat="19.193936" lon="72.821439" /><node id="2224023710" timestamp="2026-03-12T11:09:39Z" uid="1" user="OSMnx" version="1" changeset="1" lat="19.19397" lon="72.821003" /><node id="2224023711" timestamp="2026-03-12T11:09:39Z" uid="1" user="OSMnx" version="1" changeset="1" lat="19.194011" lon="72.848837" /><node id="2224023716" timestamp="2026-03-12T11:09:39Z" uid="1" user="OSMnx" version="1" changeset="1" lat="19.194856" lon="72.821247" /><node id="2224023731" timestamp="2026-03-12T11:09:39Z" uid="1" user="OSMnx" version="1" changeset="1" lat="19.198801" lon="72.820737" /><node id="2224023754" timestamp="2026-03-12T11:09:39Z" uid="1" user="OSMnx" version="1" changeset="1" lat="19.203549" lon="72.835367" /><node id="2224504041" timestamp="2026-03-12T11:09:39Z" uid="1" user="OSMnx" version="1" changeset="1" lat="19.197186" lon="72.822548" /><node id="2224504049" timestamp="2026-03-12T11:09:39Z" uid="1" user="OSMnx" version="1" changeset="1" lat="19.197469" lon="72.82767" /><node id="2233650675" timestamp="2026-03-12T11:09:39Z" uid="1" user="OSMnx" version="1" changeset="1" lat="19.173056" lon="72.842582" /><node id="2233650681" timestamp="2026-03-12T11:09:39Z" uid="1" user="OSMnx" version="1" changeset="1" lat="19.172904" lon="72.85503" /><node id="2233650692" timestamp="2026-03-12T11:09:39Z" uid="1" user="OSMnx" version="1" changeset="1" lat="19.172948" lon="72.845149" /><node id="2233650694" timestamp="2026-03-12T11:09:39Z" uid="1" user="OSMnx" version="1" changeset="1" lat="19.172942" lon="72.843872" /><node id="2233650742" timestamp="2026-03-12T11:09:39Z" uid="1" user="OSMnx" version="1" changeset="1" lat="19.173659" lon="72.850904" /><node id="2233650754" timestamp="2026-03-12T11:09:39Z" uid="1" user="OSMnx" version="1" changeset="1" lat="19.173753" lon="72.85448" /><node id="2233650782" timestamp="2026-03-12T11:09:39Z" uid="1" user="OSMnx" version="1" changeset="1" lat="19.174273" lon="72.854881" /><node id="2233650784" timestamp="2026-03-12T11:09:39Z" uid="1" user="OSMnx" version="1" changeset="1" lat="19.174345" lon="72.852328" /><node id="2233650796" timestamp="2026-03-12T11:09:39Z" uid="1" user="OSMnx" version="1" changeset="1" lat="19.174615" lon="72.849371" /><node id="2233650804" timestamp="2026-03-12T11:09:39Z" uid="1" user="OSMnx" version="1" changeset="1" lat="19.174769" lon="72.841856" /><node id="2233650806" timestamp="2026-03-12T11:09:39Z" uid="1" user="OSMnx" version="1" changeset="1" lat="19.174729" lon="72.845136" /><node id="2233650808" timestamp="2026-03-12T11:09:39Z" uid="1" user="OSMnx" version="1" changeset="1" lat="19.17478" lon="72.850466" /><node id="2233650812" timestamp="2026-03-12T11:09:39Z" uid="1" user="OSMnx" version="1" changeset="1" lat="19.174871" lon="72.847793" /><node id="2233650822" timestamp="2026-03-12T11:09:39Z" uid="1" user="OSMnx" version="1" changeset="1" lat="19.175086" lon="72.843765" /><node id="2233650826" timestamp="2026-03-12T11:09:39Z" uid="1" user="OSMnx" version="1" changeset="1" lat="19.175332" lon="72.846791" /><node id="2233650834" timestamp="2026-03-12T11:09:39Z" uid="1" user="OSMnx" version="1" changeset="1" lat="19.1753" lon="72.849312" /><node id="2233650839" timestamp="2026-03-12T11:09:39Z" uid="1" user="OSMnx" version="1" changeset="1" lat="19.175357" lon="72.842657" /><node id="2233650857" timestamp="2026-03-12T11:09:39Z" uid="1" user="OSMnx" version="1" changeset="1" lat="19.175467" lon="72.850038" /><node id="2233650890" timestamp="2026-03-12T11:09:39Z" uid="1" user="OSMnx" version="1" changeset="1" lat="19.175756" lon="72.842786" /><node id="2233650892" timestamp="2026-03-12T11:09:39Z" uid="1" user="OSMnx" version="1" changeset="1" lat="19.17571" lon="72.846842" /><node id="2233650954" timestamp="2026-03-12T11:09:39Z" uid="1" user="OSMnx" version="1" changeset="1" lat="19.17622" lon="72.836306" /><node id="2233650986" timestamp="2026-03-12T11:09:39Z" uid="1" user="OSMnx" version="1" changeset="1" lat="19.176403" lon="72.848183" /><node id="2233651002" timestamp="2026-03-12T11:09:39Z" uid="1" user="OSMnx" version="1" changeset="1" lat="19.176538" lon="72.844176" /><node id="2233651012" timestamp="2026-03-12T11:09:39Z" uid="1" user="OSMnx" version="1" changeset="1" lat="19.176696" lon="72.854195" /><node id="2233651022" timestamp="2026-03-12T11:09:39Z" uid="1" user="OSMnx" version="1" changeset="1" lat="19.17676" lon="72.847144" /><node id="2233651026" timestamp="2026-03-12T11:09:39Z" uid="1" user="OSMnx" version="1" changeset="1" lat="19.176879" lon="72.83987" /><node id="2233651028" timestamp="2026-03-12T11:09:39Z" uid="1" user="OSMnx" version="1" changeset="1" lat="19.176793" lon="72.843084" /><node id="2233651074" timestamp="2026-03-12T11:09:39Z" uid="1" user="OSMnx" version="1" changeset="1" lat="19.177439" lon="72.852433" /><node id="2233651102" timestamp="2026-03-12T11:09:39Z" uid="1" user="OSMnx" version="1" changeset="1" lat="19.177844" lon="72.83919" /><node id="2233651133" timestamp="2026-03-12T11:09:39Z" uid="1" user="OSMnx" version="1" changeset="1" lat="19.17799" lon="72.850371" /><node id="2233651143" timestamp="2026-03-12T11:09:39Z" uid="1" user="OSMnx" version="1" changeset="1" lat="19.178095" lon="72.855422" /><node id="2233651147" timestamp="2026-03-12T11:09:39Z" uid="1" user="OSMnx" version="1" changeset="1" lat="19.178002" lon="72.851596" /><node id="2233651183" timestamp="2026-03-12T11:09:39Z" uid="1" user="OSMnx" version="1" changeset="1" lat="19.17851" lon="72.84929" /><node id="2233651213" timestamp="2026-03-12T11:09:39Z" uid="1" user="OSMnx" version="1" changeset="1" lat="19.178594" lon="72.851567" /><node id="2233651339" timestamp="2026-03-12T11:09:39Z" uid="1" user="OSMnx" version="1" changeset="1" lat="19.179244" lon="72.840123" /><node id="2233651462" timestamp="2026-03-12T11:09:39Z" uid="1" user="OSMnx" version="1" changeset="1" lat="19.179714" lon="72.836725" /><node id="2233651552" timestamp="2026-03-12T11:09:39Z" uid="1" user="OSMnx" version="1" changeset="1" lat="19.180109" lon="72.854378" /><node id="2233651629" timestamp="2026-03-12T11:09:39Z" uid="1" user="OSMnx" version="1" changeset="1" lat="19.180419" lon="72.838076" /><node id="2233651633" timestamp="2026-03-12T11:09:39Z" uid="1" user="OSMnx" version="1" changeset="1" lat="19.180432" lon="72.839469" /><node id="2233651644" timestamp="2026-03-12T11:09:39Z" uid="1" user="OSMnx" version="1" changeset="1" lat="19.180486" lon="72.852941" /><node id="2233651674" timestamp="2026-03-12T11:09:39Z" uid="1" user="OSMnx" version="1" changeset="1" lat="19.180737" lon="72.854381" /><node id="2233651692" timestamp="2026-03-12T11:09:39Z" uid="1" user="OSMnx" version="1" changeset="1" lat="19.180875" lon="72.853104" /><node id="2233651697" timestamp="2026-03-12T11:09:39Z" uid="1" user="OSMnx" version="1" changeset="1" lat="19.18092" lon="72.851166" /><node id="2233651704" timestamp="2026-03-12T11:09:39Z" uid="1" user="OSMnx" version="1" changeset="1" lat="19.180934" lon="72.837186" /><node id="2233651707" timestamp="2026-03-12T11:09:39Z" uid="1" user="OSMnx" version="1" changeset="1" lat="19.180468" lon="72.84066" /><node id="2233651736" timestamp="2026-03-12T11:09:39Z" uid="1" user="OSMnx" version="1" changeset="1" lat="19.181407" lon="72.839363" /><node id="2233651802" timestamp="2026-03-12T11:09:39Z" uid="1" user="OSMnx" version="1" changeset="1" lat="19.181716" lon="72.820617" /><node id="2233651831" timestamp="2026-03-12T11:09:39Z" uid="1" user="OSMnx" version="1" changeset="1" lat="19.182164" lon="72.855354" /><node id="2233651833" timestamp="2026-03-12T11:09:39Z" uid="1" user="OSMnx" version="1" changeset="1" lat="19.182219" lon="72.852777" /><node id="2233651912" timestamp="2026-03-12T11:09:39Z" uid="1" user="OSMnx" version="1" changeset="1" lat="19.182462" lon="72.818882" /><node id="2233651960" timestamp="2026-03-12T11:09:39Z" uid="1" user="OSMnx" version="1" changeset="1" lat="19.18265" lon="72.842101" /><node id="2233652005" timestamp="2026-03-12T11:09:39Z" uid="1" user="OSMnx" version="1" changeset="1" lat="19.182742" lon="72.81894" /><node id="2233652059" timestamp="2026-03-12T11:09:39Z" uid="1" user="OSMnx" version="1" changeset="1" lat="19.18288" lon="72.852966" /><node id="2233652097" timestamp="2026-03-12T11:09:39Z" uid="1" user="OSMnx" version="1" changeset="1" lat="19.183049" lon="72.85222" /><node id="2233652157" timestamp="2026-03-12T11:09:39Z" uid="1" user="OSMnx" version="1" changeset="1" lat="19.18357" lon="72.851579" /><node id="2233652193" timestamp="2026-03-12T11:09:39Z" uid="1" user="OSMnx" version="1" changeset="1" lat="19.184346" lon="72.850141" /><node id="2233652241" timestamp="2026-03-12T11:09:39Z" uid="1" user="OSMnx" version="1" changeset="1" lat="19.184492" lon="72.84918" /><node id="2440670607" timestamp="2026-03-12T11:09:39Z" uid="1" user="OSMnx" version="1" changeset="1" lat="19.185356" lon="72.819479" /><node id="2720460580" timestamp="2026-03-12T11:09:39Z" uid="1" user="OSMnx" version="1" changeset="1" lat="19.190136" lon="72.829628" /><node id="2744937782" timestamp="2026-03-12T11:09:39Z" uid="1" user="OSMnx" version="1" changeset="1" lat="19.204769" lon="72.837778" /><node id="2800372253" timestamp="2026-03-12T11:09:39Z" uid="1" user="OSMnx" version="1" changeset="1" lat="19.187096" lon="72.855107" /><node id="2800383863" timestamp="2026-03-12T11:09:39Z" uid="1" user="OSMnx" version="1" changeset="1" lat="19.189286" lon="72.851163" /><node id="2953739961" timestamp="2026-03-12T11:09:39Z" uid="1" user="OSMnx" version="1" changeset="1" lat="19.192387" lon="72.833438" /><node id="2953739962" timestamp="2026-03-12T11:09:39Z" uid="1" user="OSMnx" version="1" changeset="1" lat="19.192343" lon="72.832856" /><node id="2953739965" timestamp="2026-03-12T11:09:39Z" uid="1" user="OSMnx" version="1" changeset="1" lat="19.192336" lon="72.831837" /><node id="2958524964" timestamp="2026-03-12T11:09:39Z" uid="1" user="OSMnx" version="1" changeset="1" lat="19.19227" lon="72.839457" /><node id="2958524971" timestamp="2026-03-12T11:09:39Z" uid="1" user="OSMnx" version="1" changeset="1" lat="19.193678" lon="72.83928" /><node id="2958524972" timestamp="2026-03-12T11:09:39Z" uid="1" user="OSMnx" version="1" changeset="1" lat="19.193768" lon="72.839096" /><node id="2958524973" timestamp="2026-03-12T11:09:39Z" uid="1" user="OSMnx" version="1" changeset="1" lat="19.194035" lon="72.836708" /><node id="2958524995" timestamp="2026-03-12T11:09:39Z" uid="1" user="OSMnx" version="1" changeset="1" lat="19.194479" lon="72.835231" /><node id="2958525029" timestamp="2026-03-12T11:09:39Z" uid="1" user="OSMnx" version="1" changeset="1" lat="19.195633" lon="72.835149" /><node id="2958527341" timestamp="2026-03-12T11:09:39Z" uid="1" user="OSMnx" version="1" changeset="1" lat="19.196766" lon="72.835383" /><node id="2974468253" timestamp="2026-03-12T11:09:39Z" uid="1" user="OSMnx" version="1" changeset="1" lat="19.202186" lon="72.824893" /><node id="3105782021" timestamp="2026-03-12T11:09:39Z" uid="1" user="OSMnx" version="1" changeset="1" lat="19.183464" lon="72.855493" /><node id="3633829106" timestamp="2026-03-12T11:09:39Z" uid="1" user="OSMnx" version="1" changeset="1" lat="19.174319" lon="72.845243" /><node id="3633829109" timestamp="2026-03-12T11:09:39Z" uid="1" user="OSMnx" version="1" changeset="1" lat="19.17462" lon="72.83903" /><node id="3633836002" timestamp="2026-03-12T11:09:39Z" uid="1" user="OSMnx" version="1" changeset="1" lat="19.184395" lon="72.841506" /><node id="3633836137" timestamp="2026-03-12T11:09:39Z" uid="1" user="OSMnx" version="1" changeset="1" lat="19.190042" lon="72.842533" /><node id="3633836180" timestamp="2026-03-12T11:09:39Z" uid="1" user="OSMnx" version="1" changeset="1" lat="19.19564" lon="72.84522" /><node id="3742366176" timestamp="2026-03-12T11:09:39Z" uid="1" user="OSMnx" version="1" changeset="1" lat="19.184342" lon="72.842801" /><node id="3742366178" timestamp="2026-03-12T11:09:39Z" uid="1" user="OSMnx" version="1" changeset="1" lat="19.184725" lon="72.844331" /><node id="3742366179" timestamp="2026-03-12T11:09:39Z" uid="1" user="OSMnx" version="1" changeset="1" lat="19.184892" lon="72.84292" /><node id="3742367725" timestamp="2026-03-12T11:09:39Z" uid="1" user="OSMnx" version="1" changeset="1" lat="19.178748" lon="72.846521" /><node id="3742367727" timestamp="2026-03-12T11:09:39Z" uid="1" user="OSMnx" version="1" changeset="1" lat="19.17947" lon="72.844008" /><node id="3794262391" timestamp="2026-03-12T11:09:39Z" uid="1" user="OSMnx" version="1" changeset="1" lat="19.187843" lon="72.832614" /><node id="3794262394" timestamp="2026-03-12T11:09:39Z" uid="1" user="OSMnx" version="1" changeset="1" lat="19.188634" lon="72.838954" /><node id="3794262396" timestamp="2026-03-12T11:09:39Z" uid="1" user="OSMnx" version="1" changeset="1" lat="19.18897" lon="72.835501" /><node id="3794262397" timestamp="2026-03-12T11:09:39Z" uid="1" user="OSMnx" version="1" changeset="1" lat="19.189348" lon="72.838815" /><node id="3794262399" timestamp="2026-03-12T11:09:39Z" uid="1" user="OSMnx" version="1" changeset="1" lat="19.18972" lon="72.81994" /><node id="3794262418" timestamp="2026-03-12T11:09:39Z" uid="1" user="OSMnx" version="1" changeset="1" lat="19.19109" lon="72.837214" /><node id="3794262423" timestamp="2026-03-12T11:09:39Z" uid="1" user="OSMnx" version="1" changeset="1" lat="19.19129" lon="72.818117" /><node id="3794262424" timestamp="2026-03-12T11:09:39Z" uid="1" user="OSMnx" version="1" changeset="1" lat="19.191295" lon="72.820429" /><node id="3794262441" timestamp="2026-03-12T11:09:39Z" uid="1" user="OSMnx" version="1" changeset="1" lat="19.191425" lon="72.838286" /><node id="3794262446" timestamp="2026-03-12T11:09:39Z" uid="1" user="OSMnx" version="1" changeset="1" lat="19.191848" lon="72.818331" /><node id="3794262450" timestamp="2026-03-12T11:09:39Z" uid="1" user="OSMnx" version="1" changeset="1" lat="19.192305" lon="72.837245" /><node id="3794269263" timestamp="2026-03-12T11:09:39Z" uid="1" user="OSMnx" version="1" changeset="1" lat="19.192481" lon="72.836085" /><node id="3794269276" timestamp="2026-03-12T11:09:39Z" uid="1" user="OSMnx" version="1" changeset="1" lat="19.193" lon="72.838702" /><node id="3794269279" timestamp="2026-03-12T11:09:39Z" uid="1" user="OSMnx" version="1" changeset="1" lat="19.193168" lon="72.834283"><tag k="highway" v="traffic_signals" /></node><node id="3794269283" timestamp="2026-03-12T11:09:39Z" uid="1" user="OSMnx" version="1" changeset="1" lat="19.19351" lon="72.81887" /><node id="3794269289" timestamp="2026-03-12T11:09:39Z" uid="1" user="OSMnx" version="1" changeset="1" lat="19.193747" lon="72.818466" /><node id="3794269295" timestamp="2026-03-12T11:09:39Z" uid="1" user="OSMnx" version="1" changeset="1" lat="19.193849" lon="72.817602" /><node id="3794269297" timestamp="2026-03-12T11:09:39Z" uid="1" user="OSMnx" version="1" changeset="1" lat="19.193899" lon="72.81793" /><node id="3794269301" timestamp="2026-03-12T11:09:39Z" uid="1" user="OSMnx" version="1" changeset="1" lat="19.193978" lon="72.825883" /><node id="3794269317" timestamp="2026-03-12T11:09:39Z" uid="1" user="OSMnx" version="1" changeset="1" lat="19.195614" lon="72.818011" /><node id="3794269318" timestamp="2026-03-12T11:09:39Z" uid="1" user="OSMnx" version="1" changeset="1" lat="19.195758" lon="72.833618"><tag k="highway" v="traffic_signals" /></node><node id="3794269327" timestamp="2026-03-12T11:09:39Z" uid="1" user="OSMnx" version="1" changeset="1" lat="19.196854" lon="72.838786" /><node id="3794269328" timestamp="2026-03-12T11:09:39Z" uid="1" user="OSMnx" version="1" changeset="1" lat="19.196889" lon="72.838213" /><node id="3794269329" timestamp="2026-03-12T11:09:39Z" uid="1" user="OSMnx" version="1" changeset="1" lat="19.197264" lon="72.836115" /><node id="3794269337" timestamp="2026-03-12T11:09:39Z" uid="1" user="OSMnx" version="1" changeset="1" lat="19.198476" lon="72.837692" /><node id="3794269339" timestamp="2026-03-12T11:09:39Z" uid="1" user="OSMnx" version="1" changeset="1" lat="19.198684" lon="72.834012" /><node id="3794269346" timestamp="2026-03-12T11:09:39Z" uid="1" user="OSMnx" version="1" changeset="1" lat="19.199089" lon="72.83439" /><node id="3794269350" timestamp="2026-03-12T11:09:39Z" uid="1" user="OSMnx" version="1" changeset="1" lat="19.200189" lon="72.838872" /><node id="3794269355" timestamp="2026-03-12T11:09:39Z" uid="1" user="OSMnx" version="1" changeset="1" lat="19.200342" lon="72.836312" /><node id="3794269469" timestamp="2026-03-12T11:09:39Z" uid="1" user="OSMnx" version="1" changeset="1" lat="19.201004" lon="72.825996" /><node id="3794269474" timestamp="2026-03-12T11:09:39Z" uid="1" user="OSMnx" version="1" changeset="1" lat="19.201148" lon="72.832405" /><node id="3794269476" timestamp="2026-03-12T11:09:39Z" uid="1" user="OSMnx" version="1" changeset="1" lat="19.201255" lon="72.837999" /><node id="3794269478" timestamp="2026-03-12T11:09:39Z" uid="1" user="OSMnx" version="1" changeset="1" lat="19.201388" lon="72.83757" /><node id="3794269479" timestamp="2026-03-12T11:09:39Z" uid="1" user="OSMnx" version="1" changeset="1" lat="19.201393" lon="72.837523" /><node id="3794269491" timestamp="2026-03-12T11:09:39Z" uid="1" user="OSMnx" version="1" changeset="1" lat="19.202078" lon="72.837542" /><node id="3794269505" timestamp="2026-03-12T11:09:39Z" uid="1" user="OSMnx" version="1" changeset="1" lat="19.202658" lon="72.830701" /><node id="3794269511" timestamp="2026-03-12T11:09:39Z" uid="1" user="OSMnx" version="1" changeset="1" lat="19.203274" lon="72.833182" /><node id="3794269512" timestamp="2026-03-12T11:09:39Z" uid="1" user="OSMnx" version="1" changeset="1" lat="19.203439" lon="72.8366" /><node id="3794269513" timestamp="2026-03-12T11:09:39Z" uid="1" user="OSMnx" version="1" changeset="1" lat="19.204761" lon="72.830608" /><node id="3795055099" timestamp="2026-03-12T11:09:39Z" uid="1" user="OSMnx" version="1" changeset="1" lat="19.186703" lon="72.84151" /><node id="3795055100" timestamp="2026-03-12T11:09:39Z" uid="1" user="OSMnx" version="1" changeset="1" lat="19.186338" lon="72.844078" /><node id="3795055102" timestamp="2026-03-12T11:09:39Z" uid="1" user="OSMnx" version="1" changeset="1" lat="19.186885" lon="72.842959" /><node id="3795055104" timestamp="2026-03-12T11:09:39Z" uid="1" user="OSMnx" version="1" changeset="1" lat="19.186984" lon="72.842442" /><node id="3795055107" timestamp="2026-03-12T11:09:39Z" uid="1" user="OSMnx" version="1" changeset="1" lat="19.187146" lon="72.844898" /><node id="3795055109" timestamp="2026-03-12T11:09:39Z" uid="1" user="OSMnx" version="1" changeset="1" lat="19.187294" lon="72.841488" /><node id="3795055125" timestamp="2026-03-12T11:09:39Z" uid="1" user="OSMnx" version="1" changeset="1" lat="19.188008" lon="72.843528" /><node id="3795055128" timestamp="2026-03-12T11:09:39Z" uid="1" user="OSMnx" version="1" changeset="1" lat="19.18824" lon="72.844159" /><node id="3795055131" timestamp="2026-03-12T11:09:39Z" uid="1" user="OSMnx" version="1" changeset="1" lat="19.188447" lon="72.844894" /><node id="3795055133" timestamp="2026-03-12T11:09:39Z" uid="1" user="OSMnx" version="1" changeset="1" lat="19.188599" lon="72.848374" /><node id="3795055134" timestamp="2026-03-12T11:09:39Z" uid="1" user="OSMnx" version="1" changeset="1" lat="19.188662" lon="72.854395" /><node id="3795055136" timestamp="2026-03-12T11:09:39Z" uid="1" user="OSMnx" version="1" changeset="1" lat="19.188706" lon="72.847418" /><node id="3795055137" timestamp="2026-03-12T11:09:39Z" uid="1" user="OSMnx" version="1" changeset="1" lat="19.188716" lon="72.843979" /><node id="3795055142" timestamp="2026-03-12T11:09:39Z" uid="1" user="OSMnx" version="1" changeset="1" lat="19.18914" lon="72.841629" /><node id="3795055145" timestamp="2026-03-12T11:09:39Z" uid="1" user="OSMnx" version="1" changeset="1" lat="19.189213" lon="72.846564" /><node id="3795055147" timestamp="2026-03-12T11:09:39Z" uid="1" user="OSMnx" version="1" changeset="1" lat="19.189291" lon="72.853314" /><node id="3795055149" timestamp="2026-03-12T11:09:39Z" uid="1" user="OSMnx" version="1" changeset="1" lat="19.189298" lon="72.852642" /><node id="3795055151" timestamp="2026-03-12T11:09:39Z" uid="1" user="OSMnx" version="1" changeset="1" lat="19.18959" lon="72.854522" /><node id="3795055152" timestamp="2026-03-12T11:09:39Z" uid="1" user="OSMnx" version="1" changeset="1" lat="19.189668" lon="72.843255" /><node id="3795055154" timestamp="2026-03-12T11:09:39Z" uid="1" user="OSMnx" version="1" changeset="1" lat="19.189524" lon="72.846598" /><node id="3795056161" timestamp="2026-03-12T11:09:39Z" uid="1" user="OSMnx" version="1" changeset="1" lat="19.189721" lon="72.845316" /><node id="3795056169" timestamp="2026-03-12T11:09:39Z" uid="1" user="OSMnx" version="1" changeset="1" lat="19.189926" lon="72.841507" /><node id="3795056176" timestamp="2026-03-12T11:09:39Z" uid="1" user="OSMnx" version="1" changeset="1" lat="19.190389" lon="72.845266" /><node id="3795056191" timestamp="2026-03-12T11:09:39Z" uid="1" user="OSMnx" version="1" changeset="1" lat="19.190472" lon="72.84097" /><node id="3795056196" timestamp="2026-03-12T11:09:39Z" uid="1" user="OSMnx" version="1" changeset="1" lat="19.190552" lon="72.841932" /><node id="3795056204" timestamp="2026-03-12T11:09:39Z" uid="1" user="OSMnx" version="1" changeset="1" lat="19.190659" lon="72.847582" /><node id="3795056211" timestamp="2026-03-12T11:09:39Z" uid="1" user="OSMnx" version="1" changeset="1" lat="19.190821" lon="72.845654" /><node id="3795056228" timestamp="2026-03-12T11:09:39Z" uid="1" user="OSMnx" version="1" changeset="1" lat="19.191406" lon="72.847989" /><node id="3795056240" timestamp="2026-03-12T11:09:39Z" uid="1" user="OSMnx" version="1" changeset="1" lat="19.19176" lon="72.848443" /><node id="3795056245" timestamp="2026-03-12T11:09:39Z" uid="1" user="OSMnx" version="1" changeset="1" lat="19.191957" lon="72.844551" /><node id="3795056247" timestamp="2026-03-12T11:09:39Z" uid="1" user="OSMnx" version="1" changeset="1" lat="19.192266" lon="72.85371" /><node id="3795056252" timestamp="2026-03-12T11:09:39Z" uid="1" user="OSMnx" version="1" changeset="1" lat="19.192466" lon="72.850066" /><node id="3795056259" timestamp="2026-03-12T11:09:39Z" uid="1" user="OSMnx" version="1" changeset="1" lat="19.193259" lon="72.84036" /><node id="3795056270" timestamp="2026-03-12T11:09:39Z" uid="1" user="OSMnx" version="1" changeset="1" lat="19.193854" lon="72.850309" /><node id="3795056271" timestamp="2026-03-12T11:09:39Z" uid="1" user="OSMnx" version="1" changeset="1" lat="19.193899" lon="72.843954" /><node id="3795056277" timestamp="2026-03-12T11:09:39Z" uid="1" user="OSMnx" version="1" changeset="1" lat="19.194113" lon="72.845091" /><node id="3795056285" timestamp="2026-03-12T11:09:39Z" uid="1" user="OSMnx" version="1" changeset="1" lat="19.194914" lon="72.841045" /><node id="3795056299" timestamp="2026-03-12T11:09:39Z" uid="1" user="OSMnx" version="1" changeset="1" lat="19.195476" lon="72.842676" /><node id="3795056306" timestamp="2026-03-12T11:09:39Z" uid="1" user="OSMnx" version="1" changeset="1" lat="19.195657" lon="72.839907" /><node id="3795056310" timestamp="2026-03-12T11:09:39Z" uid="1" user="OSMnx" version="1" changeset="1" lat="19.195796" lon="72.842632" /><node id="3795056313" timestamp="2026-03-12T11:09:39Z" uid="1" user="OSMnx" version="1" changeset="1" lat="19.196106" lon="72.839765" /><node id="3795056317" timestamp="2026-03-12T11:09:39Z" uid="1" user="OSMnx" version="1" changeset="1" lat="19.196526" lon="72.84139" /><node id="3795056319" timestamp="2026-03-12T11:09:39Z" uid="1" user="OSMnx" version="1" changeset="1" lat="19.196507" lon="72.848709" /><node id="3795056323" timestamp="2026-03-12T11:09:39Z" uid="1" user="OSMnx" version="1" changeset="1" lat="19.196621" lon="72.849724" /><node id="3795056334" timestamp="2026-03-12T11:09:39Z" uid="1" user="OSMnx" version="1" changeset="1" lat="19.197249" lon="72.841754" /><node id="3795056346" timestamp="2026-03-12T11:09:39Z" uid="1" user="OSMnx" version="1" changeset="1" lat="19.197732" lon="72.847976" /><node id="3795056351" timestamp="2026-03-12T11:09:39Z" uid="1" user="OSMnx" version="1" changeset="1" lat="19.198009" lon="72.839938" /><node id="3795056472" timestamp="2026-03-12T11:09:39Z" uid="1" user="OSMnx" version="1" changeset="1" lat="19.200238" lon="72.839991" /><node id="3795056480" timestamp="2026-03-12T11:09:39Z" uid="1" user="OSMnx" version="1" changeset="1" lat="19.200777" lon="72.848848"><tag k="highway" v="traffic_signals" /></node><node id="3795056494" timestamp="2026-03-12T11:09:39Z" uid="1" user="OSMnx" version="1" changeset="1" lat="19.202019" lon="72.843358" /><node id="3795056528" timestamp="2026-03-12T11:09:39Z" uid="1" user="OSMnx" version="1" changeset="1" lat="19.20328" lon="72.843497" /><node id="3795056555" timestamp="2026-03-12T11:09:39Z" uid="1" user="OSMnx" version="1" changeset="1" lat="19.205839" lon="72.846906" /><node id="3796394579" timestamp="2026-03-12T11:09:39Z" uid="1" user="OSMnx" version="1" changeset="1" lat="19.203" lon="72.851048" /><node id="3878492908" timestamp="2026-03-12T11:09:39Z" uid="1" user="OSMnx" version="1" changeset="1" lat="19.170549" lon="72.835376"><tag k="highway" v="traffic_signals" /></node><node id="3878492911" timestamp="2026-03-12T11:09:39Z" uid="1" user="OSMnx" version="1" changeset="1" lat="19.173793" lon="72.83654"><tag k="highway" v="traffic_signals" /></node><node id="4278338506" timestamp="2026-03-12T11:09:39Z" uid="1" user="OSMnx" version="1" changeset="1" lat="19.181333" lon="72.82544" /><node id="4306257804" timestamp="2026-03-12T11:09:39Z" uid="1" user="OSMnx" version="1" changeset="1" lat="19.195833" lon="72.819544" /><node id="4347060260" timestamp="2026-03-12T11:09:39Z" uid="1" user="OSMnx" version="1" changeset="1" lat="19.177868" lon="72.835801" /><node id="4347060265" timestamp="2026-03-12T11:09:39Z" uid="1" user="OSMnx" version="1" changeset="1" lat="19.181026" lon="72.838082" /><node id="4347060266" timestamp="2026-03-12T11:09:39Z" uid="1" user="OSMnx" version="1" changeset="1" lat="19.179271" lon="72.838183" /><node id="4347106977" timestamp="2026-03-12T11:09:39Z" uid="1" user="OSMnx" version="1" changeset="1" lat="19.170712" lon="72.836757" /><node id="4347108598" timestamp="2026-03-12T11:09:39Z" uid="1" user="OSMnx" version="1" changeset="1" lat="19.180408" lon="72.848342" /><node id="4347108602" timestamp="2026-03-12T11:09:39Z" uid="1" user="OSMnx" version="1" changeset="1" lat="19.177844" lon="72.84829" /><node id="4347108605" timestamp="2026-03-12T11:09:39Z" uid="1" user="OSMnx" version="1" changeset="1" lat="19.180373" lon="72.847659" /><node id="4347108606" timestamp="2026-03-12T11:09:39Z" uid="1" user="OSMnx" version="1" changeset="1" lat="19.183144" lon="72.84368" /><node id="4347108609" timestamp="2026-03-12T11:09:39Z" uid="1" user="OSMnx" version="1" changeset="1" lat="19.183442" lon="72.844559" /><node id="4347108610" timestamp="2026-03-12T11:09:39Z" uid="1" user="OSMnx" version="1" changeset="1" lat="19.182251" lon="72.844469" /><node id="4347108630" timestamp="2026-03-12T11:09:39Z" uid="1" user="OSMnx" version="1" changeset="1" lat="19.181371" lon="72.843609" /><node id="4347108639" timestamp="2026-03-12T11:09:39Z" uid="1" user="OSMnx" version="1" changeset="1" lat="19.179843" lon="72.842423" /><node id="4347108640" timestamp="2026-03-12T11:09:39Z" uid="1" user="OSMnx" version="1" changeset="1" lat="19.180387" lon="72.842375" /><node id="4347108643" timestamp="2026-03-12T11:09:39Z" uid="1" user="OSMnx" version="1" changeset="1" lat="19.18027" lon="72.841529" /><node id="4347108648" timestamp="2026-03-12T11:09:39Z" uid="1" user="OSMnx" version="1" changeset="1" lat="19.18179" lon="72.842188" /><node id="4347108649" timestamp="2026-03-12T11:09:39Z" uid="1" user="OSMnx" version="1" changeset="1" lat="19.180213" lon="72.840809" /><node id="4347108651" timestamp="2026-03-12T11:09:39Z" uid="1" user="OSMnx" version="1" changeset="1" lat="19.179225" lon="72.840948" /><node id="4347108653" timestamp="2026-03-12T11:09:39Z" uid="1" user="OSMnx" version="1" changeset="1" lat="19.18426" lon="72.836559" /><node id="4347108668" timestamp="2026-03-12T11:09:39Z" uid="1" user="OSMnx" version="1" changeset="1" lat="19.192" lon="72.833599" /><node id="4347108675" timestamp="2026-03-12T11:09:39Z" uid="1" user="OSMnx" version="1" changeset="1" lat="19.202083" lon="72.833409" /><node id="4347108676" timestamp="2026-03-12T11:09:39Z" uid="1" user="OSMnx" version="1" changeset="1" lat="19.199256" lon="72.82931" /><node id="4347108678" timestamp="2026-03-12T11:09:39Z" uid="1" user="OSMnx" version="1" changeset="1" lat="19.197777" lon="72.82897" /><node id="4347139397" timestamp="2026-03-12T11:09:39Z" uid="1" user="OSMnx" version="1" changeset="1" lat="19.205031" lon="72.822524" /><node id="4347139399" timestamp="2026-03-12T11:09:39Z" uid="1" user="OSMnx" version="1" changeset="1" lat="19.2045" lon="72.822496" /><node id="4347139401" timestamp="2026-03-12T11:09:39Z" uid="1" user="OSMnx" version="1" changeset="1" lat="19.203394" lon="72.824447" /><node id="4352414419" timestamp="2026-03-12T11:09:39Z" uid="1" user="OSMnx" version="1" changeset="1" lat="19.180208" lon="72.846823" /><node id="4352414421" timestamp="2026-03-12T11:09:39Z" uid="1" user="OSMnx" version="1" changeset="1" lat="19.180365" lon="72.844984" /><node id="4352414426" timestamp="2026-03-12T11:09:39Z" uid="1" user="OSMnx" version="1" changeset="1" lat="19.180221" lon="72.846498" /><node id="4352414427" timestamp="2026-03-12T11:09:39Z" uid="1" user="OSMnx" version="1" changeset="1" lat="19.180644" lon="72.846838" /><node id="4352414428" timestamp="2026-03-12T11:09:39Z" uid="1" user="OSMnx" version="1" changeset="1" lat="19.180655" lon="72.846204" /><node id="4352414435" timestamp="2026-03-12T11:09:39Z" uid="1" user="OSMnx" version="1" changeset="1" lat="19.181634" lon="72.8463" /><node id="4352414439" timestamp="2026-03-12T11:09:39Z" uid="1" user="OSMnx" version="1" changeset="1" lat="19.181038" lon="72.845971" /><node id="4352414440" timestamp="2026-03-12T11:09:39Z" uid="1" user="OSMnx" version="1" changeset="1" lat="19.181586" lon="72.842537" /><node id="4352414445" timestamp="2026-03-12T11:09:39Z" uid="1" user="OSMnx" version="1" changeset="1" lat="19.181883" lon="72.843346" /><node id="4352414447" timestamp="2026-03-12T11:09:39Z" uid="1" user="OSMnx" version="1" changeset="1" lat="19.18217" lon="72.841547" /><node id="4352414449" timestamp="2026-03-12T11:09:39Z" uid="1" user="OSMnx" version="1" changeset="1" lat="19.182044" lon="72.842156" /><node id="4352414455" timestamp="2026-03-12T11:09:39Z" uid="1" user="OSMnx" version="1" changeset="1" lat="19.183366" lon="72.841164" /><node id="4352414456" timestamp="2026-03-12T11:09:39Z" uid="1" user="OSMnx" version="1" changeset="1" lat="19.183806" lon="72.841257" /><node id="4352414461" timestamp="2026-03-12T11:09:39Z" uid="1" user="OSMnx" version="1" changeset="1" lat="19.183402" lon="72.841658" /><node id="4352414462" timestamp="2026-03-12T11:09:39Z" uid="1" user="OSMnx" version="1" changeset="1" lat="19.184484" lon="72.838684" /><node id="4352414465" timestamp="2026-03-12T11:09:39Z" uid="1" user="OSMnx" version="1" changeset="1" lat="19.18553" lon="72.837741" /><node id="4352414466" timestamp="2026-03-12T11:09:39Z" uid="1" user="OSMnx" version="1" changeset="1" lat="19.185476" lon="72.837749" /><node id="4352414469" timestamp="2026-03-12T11:09:39Z" uid="1" user="OSMnx" version="1" changeset="1" lat="19.185504" lon="72.837693" /><node id="4352428913" timestamp="2026-03-12T11:09:39Z" uid="1" user="OSMnx" version="1" changeset="1" lat="19.185611" lon="72.84309" /><node id="4352428914" timestamp="2026-03-12T11:09:39Z" uid="1" user="OSMnx" version="1" changeset="1" lat="19.185585" lon="72.84378" /><node id="4352428915" timestamp="2026-03-12T11:09:39Z" uid="1" user="OSMnx" version="1" changeset="1" lat="19.18642" lon="72.842986" /><node id="4352428923" timestamp="2026-03-12T11:09:39Z" uid="1" user="OSMnx" version="1" changeset="1" lat="19.188301" lon="72.844384" /><node id="4352428930" timestamp="2026-03-12T11:09:39Z" uid="1" user="OSMnx" version="1" changeset="1" lat="19.187017" lon="72.844575" /><node id="4352428931" timestamp="2026-03-12T11:09:39Z" uid="1" user="OSMnx" version="1" changeset="1" lat="19.186838" lon="72.842962" /><node id="4352428932" timestamp="2026-03-12T11:09:39Z" uid="1" user="OSMnx" version="1" changeset="1" lat="19.186761" lon="72.843477" /><node id="4352428933" timestamp="2026-03-12T11:09:39Z" uid="1" user="OSMnx" version="1" changeset="1" lat="19.186502" lon="72.841927" /><node id="4352428934" timestamp="2026-03-12T11:09:39Z" uid="1" user="OSMnx" version="1" changeset="1" lat="19.185275" lon="72.841718" /><node id="4352428936" timestamp="2026-03-12T11:09:39Z" uid="1" user="OSMnx" version="1" changeset="1" lat="19.188497" lon="72.840624" /><node id="4352428938" timestamp="2026-03-12T11:09:39Z" uid="1" user="OSMnx" version="1" changeset="1" lat="19.188316" lon="72.842027" /><node id="4352428939" timestamp="2026-03-12T11:09:39Z" uid="1" user="OSMnx" version="1" changeset="1" lat="19.19637" lon="72.844751" /><node id="4352428946" timestamp="2026-03-12T11:09:39Z" uid="1" user="OSMnx" version="1" changeset="1" lat="19.198151" lon="72.843241" /><node id="4352428949" timestamp="2026-03-12T11:09:39Z" uid="1" user="OSMnx" version="1" changeset="1" lat="19.19712" lon="72.845106" /><node id="4352428951" timestamp="2026-03-12T11:09:39Z" uid="1" user="OSMnx" version="1" changeset="1" lat="19.197106" lon="72.845351" /><node id="4357098658" timestamp="2026-03-12T11:09:39Z" uid="1" user="OSMnx" version="1" changeset="1" lat="19.20483" lon="72.83934" /><node id="4357098659" timestamp="2026-03-12T11:09:39Z" uid="1" user="OSMnx" version="1" changeset="1" lat="19.204252" lon="72.838885" /><node id="4364487964" timestamp="2026-03-12T11:09:39Z" uid="1" user="OSMnx" version="1" changeset="1" lat="19.171417" lon="72.854135" /><node id="4364516955" timestamp="2026-03-12T11:09:39Z" uid="1" user="OSMnx" version="1" changeset="1" lat="19.17031" lon="72.848831" /><node id="4364543123" timestamp="2026-03-12T11:09:39Z" uid="1" user="OSMnx" version="1" changeset="1" lat="19.196243" lon="72.845192" /><node id="4701065203" timestamp="2026-03-12T11:09:39Z" uid="1" user="OSMnx" version="1" changeset="1" lat="19.182737" lon="72.839656" /><node id="4701215494" timestamp="2026-03-12T11:09:39Z" uid="1" user="OSMnx" version="1" changeset="1" lat="19.181659" lon="72.849378" /><node id="4701221325" timestamp="2026-03-12T11:09:39Z" uid="1" user="OSMnx" version="1" changeset="1" lat="19.181808" lon="72.851806" /><node id="4701224732" timestamp="2026-03-12T11:09:39Z" uid="1" user="OSMnx" version="1" changeset="1" lat="19.180189" lon="72.850992" /><node id="4709339871" timestamp="2026-03-12T11:09:39Z" uid="1" user="OSMnx" version="1" changeset="1" lat="19.187468" lon="72.852222" /><node id="4713182192" timestamp="2026-03-12T11:09:39Z" uid="1" user="OSMnx" version="1" changeset="1" lat="19.176341" lon="72.838698" /><node id="4713182197" timestamp="2026-03-12T11:09:39Z" uid="1" user="OSMnx" version="1" changeset="1" lat="19.176172" lon="72.838137" /><node id="4874168561" timestamp="2026-03-12T11:09:39Z" uid="1" user="OSMnx" version="1" changeset="1" lat="19.204079" lon="72.84207" /><node id="4874168565" timestamp="2026-03-12T11:09:39Z" uid="1" user="OSMnx" version="1" changeset="1" lat="19.203316" lon="72.842538" /><node id="5115140437" timestamp="2026-03-12T11:09:39Z" uid="1" user="OSMnx" version="1" changeset="1" lat="19.205824" lon="72.84092" /><node id="5728388152" timestamp="2026-03-12T11:09:39Z" uid="1" user="OSMnx" version="1" changeset="1" lat="19.183743" lon="72.819214" /><node id="5938773161" timestamp="2026-03-12T11:09:39Z" uid="1" user="OSMnx" version="1" changeset="1" lat="19.172695" lon="72.85357" /><node id="5938773162" timestamp="2026-03-12T11:09:39Z" uid="1" user="OSMnx" version="1" changeset="1" lat="19.172706" lon="72.85326" /><node id="5938773163" timestamp="2026-03-12T11:09:39Z" uid="1" user="OSMnx" version="1" changeset="1" lat="19.172795" lon="72.852144"><tag k="highway" v="traffic_signals" /></node><node id="5938773175" timestamp="2026-03-12T11:09:39Z" uid="1" user="OSMnx" version="1" changeset="1" lat="19.173651" lon="72.84518"><tag k="highway" v="traffic_signals" /></node><node id="5938773176" timestamp="2026-03-12T11:09:39Z" uid="1" user="OSMnx" version="1" changeset="1" lat="19.173646" lon="72.845065"><tag k="highway" v="traffic_signals" /></node><node id="5938773179" timestamp="2026-03-12T11:09:39Z" uid="1" user="OSMnx" version="1" changeset="1" lat="19.174295" lon="72.845189" /><node id="6117653724" timestamp="2026-03-12T11:09:39Z" uid="1" user="OSMnx" version="1" changeset="1" lat="19.17389" lon="72.83658"><tag k="highway" v="traffic_signals" /></node><node id="6117653725" timestamp="2026-03-12T11:09:39Z" uid="1" user="OSMnx" version="1" changeset="1" lat="19.173826" lon="72.836751"><tag k="highway" v="traffic_signals" /></node><node id="6117653732" timestamp="2026-03-12T11:09:39Z" uid="1" user="OSMnx" version="1" changeset="1" lat="19.174814" lon="72.833054" /><node id="6117653733" timestamp="2026-03-12T11:09:39Z" uid="1" user="OSMnx" version="1" changeset="1" lat="19.174924" lon="72.832451" /><node id="6134309487" timestamp="2026-03-12T11:09:39Z" uid="1" user="OSMnx" version="1" changeset="1" lat="19.20498" lon="72.82151" /><node id="6204119841" timestamp="2026-03-12T11:09:39Z" uid="1" user="OSMnx" version="1" changeset="1" lat="19.179724" lon="72.83648"><tag k="highway" v="traffic_signals" /></node><node id="6204119845" timestamp="2026-03-12T11:09:39Z" uid="1" user="OSMnx" version="1" changeset="1" lat="19.184164" lon="72.835736" /><node id="6204119849" timestamp="2026-03-12T11:09:39Z" uid="1" user="OSMnx" version="1" changeset="1" lat="19.201543" lon="72.833863" /><node id="6204119850" timestamp="2026-03-12T11:09:39Z" uid="1" user="OSMnx" version="1" changeset="1" lat="19.203188" lon="72.834022"><tag k="highway" v="traffic_signals" /></node><node id="6380204773" timestamp="2026-03-12T11:09:39Z" uid="1" user="OSMnx" version="1" changeset="1" lat="19.189446" lon="72.843314" /><node id="6380207079" timestamp="2026-03-12T11:09:39Z" uid="1" user="OSMnx" version="1" changeset="1" lat="19.173905" lon="72.852022" /><node id="6430899937" timestamp="2026-03-12T11:09:39Z" uid="1" user="OSMnx" version="1" changeset="1" lat="19.172908" lon="72.855296" /><node id="6430899938" timestamp="2026-03-12T11:09:39Z" uid="1" user="OSMnx" version="1" changeset="1" lat="19.172999" lon="72.855261" /><node id="6430906958" timestamp="2026-03-12T11:09:39Z" uid="1" user="OSMnx" version="1" changeset="1" lat="19.172686" lon="72.854067"><tag k="highway" v="traffic_signals" /></node><node id="6567640733" timestamp="2026-03-12T11:09:39Z" uid="1" user="OSMnx" version="1" changeset="1" lat="19.17965" lon="72.855073" /><node id="6567640738" timestamp="2026-03-12T11:09:39Z" uid="1" user="OSMnx" version="1" changeset="1" lat="19.179435" lon="72.8544" /><node id="6569121783" timestamp="2026-03-12T11:09:39Z" uid="1" user="OSMnx" version="1" changeset="1" lat="19.176566" lon="72.852672" /><node id="6569624891" timestamp="2026-03-12T11:09:39Z" uid="1" user="OSMnx" version="1" changeset="1" lat="19.180762" lon="72.855197" /><node id="6572227910" timestamp="2026-03-12T11:09:39Z" uid="1" user="OSMnx" version="1" changeset="1" lat="19.170692" lon="72.843651" /><node id="6572227912" timestamp="2026-03-12T11:09:39Z" uid="1" user="OSMnx" version="1" changeset="1" lat="19.170961" lon="72.843175" /><node id="6576040606" timestamp="2026-03-12T11:09:39Z" uid="1" user="OSMnx" version="1" changeset="1" lat="19.186292" lon="72.85329" /><node id="6580846288" timestamp="2026-03-12T11:09:39Z" uid="1" user="OSMnx" version="1" changeset="1" lat="19.182872" lon="72.8527" /><node id="6581122518" timestamp="2026-03-12T11:09:39Z" uid="1" user="OSMnx" version="1" changeset="1" lat="19.178652" lon="72.848488" /><node id="6581122521" timestamp="2026-03-12T11:09:39Z" uid="1" user="OSMnx" version="1" changeset="1" lat="19.178936" lon="72.847399" /><node id="6581247929" timestamp="2026-03-12T11:09:39Z" uid="1" user="OSMnx" version="1" changeset="1" lat="19.202948" lon="72.83027" /><node id="6581286704" timestamp="2026-03-12T11:09:39Z" uid="1" user="OSMnx" version="1" changeset="1" lat="19.199956" lon="72.83478" /><node id="6581286706" timestamp="2026-03-12T11:09:39Z" uid="1" user="OSMnx" version="1" changeset="1" lat="19.199564" lon="72.836059" /><node id="6581323584" timestamp="2026-03-12T11:09:39Z" uid="1" user="OSMnx" version="1" changeset="1" lat="19.186381" lon="72.848364" /><node id="6581357785" timestamp="2026-03-12T11:09:39Z" uid="1" user="OSMnx" version="1" changeset="1" lat="19.186006" lon="72.846768" /><node id="6608750674" timestamp="2026-03-12T11:09:39Z" uid="1" user="OSMnx" version="1" changeset="1" lat="19.205806" lon="72.834533" /><node id="6608770472" timestamp="2026-03-12T11:09:39Z" uid="1" user="OSMnx" version="1" changeset="1" lat="19.195797" lon="72.831255" /><node id="6618353269" timestamp="2026-03-12T11:09:39Z" uid="1" user="OSMnx" version="1" changeset="1" lat="19.192172" lon="72.820005" /><node id="6618353270" timestamp="2026-03-12T11:09:39Z" uid="1" user="OSMnx" version="1" changeset="1" lat="19.192094" lon="72.820557" /><node id="7127703728" timestamp="2026-03-12T11:09:39Z" uid="1" user="OSMnx" version="1" changeset="1" lat="19.203352" lon="72.83904" /><node id="7127703733" timestamp="2026-03-12T11:09:39Z" uid="1" user="OSMnx" version="1" changeset="1" lat="19.20249" lon="72.838725" /><node id="7241667052" timestamp="2026-03-12T11:09:39Z" uid="1" user="OSMnx" version="1" changeset="1" lat="19.170623" lon="72.82981" /><node id="7241667062" timestamp="2026-03-12T11:09:39Z" uid="1" user="OSMnx" version="1" changeset="1" lat="19.17062" lon="72.831623" /><node id="7241667064" timestamp="2026-03-12T11:09:39Z" uid="1" user="OSMnx" version="1" changeset="1" lat="19.170645" lon="72.835407"><tag k="highway" v="traffic_signals" /></node><node id="7241667066" timestamp="2026-03-12T11:09:39Z" uid="1" user="OSMnx" version="1" changeset="1" lat="19.17063" lon="72.835569"><tag k="highway" v="traffic_signals" /></node><node id="7241667069" timestamp="2026-03-12T11:09:39Z" uid="1" user="OSMnx" version="1" changeset="1" lat="19.17058" lon="72.829694" /><node id="7241667076" timestamp="2026-03-12T11:09:39Z" uid="1" user="OSMnx" version="1" changeset="1" lat="19.175076" lon="72.831479" /><node id="7241667082" timestamp="2026-03-12T11:09:39Z" uid="1" user="OSMnx" version="1" changeset="1" lat="19.174959" lon="72.831467" /><node id="7241667083" timestamp="2026-03-12T11:09:39Z" uid="1" user="OSMnx" version="1" changeset="1" lat="19.178502" lon="72.831304" /><node id="7241682806" timestamp="2026-03-12T11:09:39Z" uid="1" user="OSMnx" version="1" changeset="1" lat="19.179946" lon="72.830658" /><node id="7241682812" timestamp="2026-03-12T11:09:39Z" uid="1" user="OSMnx" version="1" changeset="1" lat="19.184262" lon="72.828455" /><node id="7345377659" timestamp="2026-03-12T11:09:39Z" uid="1" user="OSMnx" version="1" changeset="1" lat="19.199516" lon="72.828031"><tag k="highway" v="traffic_signals" /></node><node id="7345377678" timestamp="2026-03-12T11:09:39Z" uid="1" user="OSMnx" version="1" changeset="1" lat="19.203367" lon="72.82825" /><node id="7345377679" timestamp="2026-03-12T11:09:39Z" uid="1" user="OSMnx" version="1" changeset="1" lat="19.20076" lon="72.82811" /><node id="7345377680" timestamp="2026-03-12T11:09:39Z" uid="1" user="OSMnx" version="1" changeset="1" lat="19.19911" lon="72.828003" /><node id="7345377681" timestamp="2026-03-12T11:09:39Z" uid="1" user="OSMnx" version="1" changeset="1" lat="19.198932" lon="72.827994" /><node id="7345377682" timestamp="2026-03-12T11:09:39Z" uid="1" user="OSMnx" version="1" changeset="1" lat="19.198618" lon="72.827959" /><node id="7345377683" timestamp="2026-03-12T11:09:39Z" uid="1" user="OSMnx" version="1" changeset="1" lat="19.197456" lon="72.827772" /><node id="7345380788" timestamp="2026-03-12T11:09:39Z" uid="1" user="OSMnx" version="1" changeset="1" lat="19.199399" lon="72.828026" /><node id="7345380791" timestamp="2026-03-12T11:09:39Z" uid="1" user="OSMnx" version="1" changeset="1" lat="19.202503" lon="72.828085" /><node id="7345380794" timestamp="2026-03-12T11:09:39Z" uid="1" user="OSMnx" version="1" changeset="1" lat="19.203732" lon="72.828289"><tag k="highway" v="traffic_signals" /></node><node id="7345380796" timestamp="2026-03-12T11:09:39Z" uid="1" user="OSMnx" version="1" changeset="1" lat="19.204974" lon="72.828423" /><node id="7345380797" timestamp="2026-03-12T11:09:39Z" uid="1" user="OSMnx" version="1" changeset="1" lat="19.205144" lon="72.828443" /><node id="7345380801" timestamp="2026-03-12T11:09:39Z" uid="1" user="OSMnx" version="1" changeset="1" lat="19.196271" lon="72.82759"><tag k="highway" v="traffic_signals" /></node><node id="7353195308" timestamp="2026-03-12T11:09:39Z" uid="1" user="OSMnx" version="1" changeset="1" lat="19.200375" lon="72.819748" /><node id="7353935256" timestamp="2026-03-12T11:09:39Z" uid="1" user="OSMnx" version="1" changeset="1" lat="19.184357" lon="72.828431" /><node id="7353935260" timestamp="2026-03-12T11:09:39Z" uid="1" user="OSMnx" version="1" changeset="1" lat="19.1842" lon="72.834653" /><node id="7353935261" timestamp="2026-03-12T11:09:39Z" uid="1" user="OSMnx" version="1" changeset="1" lat="19.184101" lon="72.834658" /><node id="7353935262" timestamp="2026-03-12T11:09:39Z" uid="1" user="OSMnx" version="1" changeset="1" lat="19.184176" lon="72.833212" /><node id="7353935263" timestamp="2026-03-12T11:09:39Z" uid="1" user="OSMnx" version="1" changeset="1" lat="19.184086" lon="72.833213" /><node id="7353935269" timestamp="2026-03-12T11:09:39Z" uid="1" user="OSMnx" version="1" changeset="1" lat="19.184194" lon="72.832396" /><node id="7353935270" timestamp="2026-03-12T11:09:39Z" uid="1" user="OSMnx" version="1" changeset="1" lat="19.184162" lon="72.833889" /><node id="7353935271" timestamp="2026-03-12T11:09:39Z" uid="1" user="OSMnx" version="1" changeset="1" lat="19.184273" lon="72.835743" /><node id="7353935272" timestamp="2026-03-12T11:09:39Z" uid="1" user="OSMnx" version="1" changeset="1" lat="19.184302" lon="72.828367" /><node id="7358567244" timestamp="2026-03-12T11:09:39Z" uid="1" user="OSMnx" version="1" changeset="1" lat="19.181902" lon="72.853877" /><node id="7366099837" timestamp="2026-03-12T11:09:39Z" uid="1" user="OSMnx" version="1" changeset="1" lat="19.190294" lon="72.855506" /><node id="7370509470" timestamp="2026-03-12T11:09:39Z" uid="1" user="OSMnx" version="1" changeset="1" lat="19.198853" lon="72.85431" /><node id="7370832796" timestamp="2026-03-12T11:09:39Z" uid="1" user="OSMnx" version="1" changeset="1" lat="19.18989" lon="72.85379" /><node id="7371468310" timestamp="2026-03-12T11:09:39Z" uid="1" user="OSMnx" version="1" changeset="1" lat="19.18554" lon="72.855387" /><node id="7374089031" timestamp="2026-03-12T11:09:39Z" uid="1" user="OSMnx" version="1" changeset="1" lat="19.170986" lon="72.851956" /><node id="7374089032" timestamp="2026-03-12T11:09:39Z" uid="1" user="OSMnx" version="1" changeset="1" lat="19.176002" lon="72.841878" /><node id="7374089043" timestamp="2026-03-12T11:09:39Z" uid="1" user="OSMnx" version="1" changeset="1" lat="19.179937" lon="72.843835" /><node id="7374089044" timestamp="2026-03-12T11:09:39Z" uid="1" user="OSMnx" version="1" changeset="1" lat="19.182095" lon="72.844918" /><node id="7374089047" timestamp="2026-03-12T11:09:39Z" uid="1" user="OSMnx" version="1" changeset="1" lat="19.180694" lon="72.84781" /><node id="7374089048" timestamp="2026-03-12T11:09:39Z" uid="1" user="OSMnx" version="1" changeset="1" lat="19.180498" lon="72.837236" /><node id="7374108526" timestamp="2026-03-12T11:09:39Z" uid="1" user="OSMnx" version="1" changeset="1" lat="19.179802" lon="72.852622" /><node id="7374249371" timestamp="2026-03-12T11:09:39Z" uid="1" user="OSMnx" version="1" changeset="1" lat="19.182011" lon="72.845134" /><node id="7374413675" timestamp="2026-03-12T11:09:39Z" uid="1" user="OSMnx" version="1" changeset="1" lat="19.17395" lon="72.840822"><tag k="highway" v="traffic_signals" /></node><node id="7374550814" timestamp="2026-03-12T11:09:39Z" uid="1" user="OSMnx" version="1" changeset="1" lat="19.195977" lon="72.837211" /><node id="7374550820" timestamp="2026-03-12T11:09:39Z" uid="1" user="OSMnx" version="1" changeset="1" lat="19.191122" lon="72.846945"><tag k="highway" v="traffic_signals" /></node><node id="7374550836" timestamp="2026-03-12T11:09:39Z" uid="1" user="OSMnx" version="1" changeset="1" lat="19.195338" lon="72.837616" /><node id="7374550837" timestamp="2026-03-12T11:09:39Z" uid="1" user="OSMnx" version="1" changeset="1" lat="19.195483" lon="72.837641" /><node id="7374550838" timestamp="2026-03-12T11:09:39Z" uid="1" user="OSMnx" version="1" changeset="1" lat="19.195413" lon="72.837435" /><node id="7374550851" timestamp="2026-03-12T11:09:39Z" uid="1" user="OSMnx" version="1" changeset="1" lat="19.195349" lon="72.837465" /><node id="7374583160" timestamp="2026-03-12T11:09:39Z" uid="1" user="OSMnx" version="1" changeset="1" lat="19.170277" lon="72.845337" /><node id="7374583161" timestamp="2026-03-12T11:09:39Z" uid="1" user="OSMnx" version="1" changeset="1" lat="19.17028" lon="72.845414" /><node id="7375877015" timestamp="2026-03-12T11:09:39Z" uid="1" user="OSMnx" version="1" changeset="1" lat="19.198984" lon="72.850513" /><node id="7375877016" timestamp="2026-03-12T11:09:39Z" uid="1" user="OSMnx" version="1" changeset="1" lat="19.199913" lon="72.849793" /><node id="7375877018" timestamp="2026-03-12T11:09:39Z" uid="1" user="OSMnx" version="1" changeset="1" lat="19.199862" lon="72.85067" /><node id="7375877019" timestamp="2026-03-12T11:09:39Z" uid="1" user="OSMnx" version="1" changeset="1" lat="19.198775" lon="72.849647" /><node id="7375877021" timestamp="2026-03-12T11:09:39Z" uid="1" user="OSMnx" version="1" changeset="1" lat="19.198475" lon="72.850422" /><node id="7378436342" timestamp="2026-03-12T11:09:39Z" uid="1" user="OSMnx" version="1" changeset="1" lat="19.20411" lon="72.849692"><tag k="highway" v="traffic_signals" /></node><node id="7378436343" timestamp="2026-03-12T11:09:39Z" uid="1" user="OSMnx" version="1" changeset="1" lat="19.204071" lon="72.849599"><tag k="highway" v="traffic_signals" /></node><node id="7378436344" timestamp="2026-03-12T11:09:39Z" uid="1" user="OSMnx" version="1" changeset="1" lat="19.204134" lon="72.849611"><tag k="highway" v="traffic_signals" /></node><node id="7378436348" timestamp="2026-03-12T11:09:39Z" uid="1" user="OSMnx" version="1" changeset="1" lat="19.205673" lon="72.84191" /><node id="7378436366" timestamp="2026-03-12T11:09:39Z" uid="1" user="OSMnx" version="1" changeset="1" lat="19.205697" lon="72.838646" /><node id="7378436369" timestamp="2026-03-12T11:09:39Z" uid="1" user="OSMnx" version="1" changeset="1" lat="19.204907" lon="72.839403" /><node id="7378436375" timestamp="2026-03-12T11:09:39Z" uid="1" user="OSMnx" version="1" changeset="1" lat="19.205007" lon="72.841499" /><node id="7378436379" timestamp="2026-03-12T11:09:39Z" uid="1" user="OSMnx" version="1" changeset="1" lat="19.205646" lon="72.843613" /><node id="7378436381" timestamp="2026-03-12T11:09:39Z" uid="1" user="OSMnx" version="1" changeset="1" lat="19.205423" lon="72.845082" /><node id="7378436382" timestamp="2026-03-12T11:09:39Z" uid="1" user="OSMnx" version="1" changeset="1" lat="19.205344" lon="72.845486" /><node id="7378436383" timestamp="2026-03-12T11:09:39Z" uid="1" user="OSMnx" version="1" changeset="1" lat="19.205072" lon="72.846531" /><node id="7378448185" timestamp="2026-03-12T11:09:39Z" uid="1" user="OSMnx" version="1" changeset="1" lat="19.20439" lon="72.848604" /><node id="7378448223" timestamp="2026-03-12T11:09:39Z" uid="1" user="OSMnx" version="1" changeset="1" lat="19.205431" lon="72.84984" /><node id="7378977319" timestamp="2026-03-12T11:09:39Z" uid="1" user="OSMnx" version="1" changeset="1" lat="19.184044" lon="72.845177" /><node id="7378983357" timestamp="2026-03-12T11:09:39Z" uid="1" user="OSMnx" version="1" changeset="1" lat="19.205649" lon="72.841994" /><node id="7378983368" timestamp="2026-03-12T11:09:39Z" uid="1" user="OSMnx" version="1" changeset="1" lat="19.205068" lon="72.843533" /><node id="7379061327" timestamp="2026-03-12T11:09:39Z" uid="1" user="OSMnx" version="1" changeset="1" lat="19.198674" lon="72.851987" /><node id="7379061333" timestamp="2026-03-12T11:09:39Z" uid="1" user="OSMnx" version="1" changeset="1" lat="19.183987" lon="72.852944" /><node id="7379061338" timestamp="2026-03-12T11:09:39Z" uid="1" user="OSMnx" version="1" changeset="1" lat="19.182452" lon="72.850019" /><node id="7379061341" timestamp="2026-03-12T11:09:39Z" uid="1" user="OSMnx" version="1" changeset="1" lat="19.183264" lon="72.840176" /><node id="7379061342" timestamp="2026-03-12T11:09:39Z" uid="1" user="OSMnx" version="1" changeset="1" lat="19.183548" lon="72.840203" /><node id="7379061350" timestamp="2026-03-12T11:09:39Z" uid="1" user="OSMnx" version="1" changeset="1" lat="19.185229" lon="72.840788" /><node id="7379061351" timestamp="2026-03-12T11:09:39Z" uid="1" user="OSMnx" version="1" changeset="1" lat="19.185092" lon="72.841697" /><node id="7379604496" timestamp="2026-03-12T11:09:39Z" uid="1" user="OSMnx" version="1" changeset="1" lat="19.201224" lon="72.84126" /><node id="7379604497" timestamp="2026-03-12T11:09:39Z" uid="1" user="OSMnx" version="1" changeset="1" lat="19.200396" lon="72.841081" /><node id="7388110212" timestamp="2026-03-12T11:09:39Z" uid="1" user="OSMnx" version="1" changeset="1" lat="19.1957" lon="72.831144" /><node id="7388110215" timestamp="2026-03-12T11:09:39Z" uid="1" user="OSMnx" version="1" changeset="1" lat="19.1955" lon="72.83522" /><node id="7388110222" timestamp="2026-03-12T11:09:39Z" uid="1" user="OSMnx" version="1" changeset="1" lat="19.195603" lon="72.833833"><tag k="highway" v="traffic_signals" /></node><node id="7388110229" timestamp="2026-03-12T11:09:39Z" uid="1" user="OSMnx" version="1" changeset="1" lat="19.195614" lon="72.833621"><tag k="highway" v="traffic_signals" /></node><node id="7388110232" timestamp="2026-03-12T11:09:39Z" uid="1" user="OSMnx" version="1" changeset="1" lat="19.196176" lon="72.827594"><tag k="highway" v="traffic_signals" /></node><node id="7388110233" timestamp="2026-03-12T11:09:39Z" uid="1" user="OSMnx" version="1" changeset="1" lat="19.196004" lon="72.823045" /><node id="7388110234" timestamp="2026-03-12T11:09:39Z" uid="1" user="OSMnx" version="1" changeset="1" lat="19.196113" lon="72.823043" /><node id="7388110240" timestamp="2026-03-12T11:09:39Z" uid="1" user="OSMnx" version="1" changeset="1" lat="19.19634" lon="72.826247" /><node id="7388110243" timestamp="2026-03-12T11:09:39Z" uid="1" user="OSMnx" version="1" changeset="1" lat="19.196193" lon="72.827471"><tag k="highway" v="traffic_signals" /></node><node id="7388110246" timestamp="2026-03-12T11:09:39Z" uid="1" user="OSMnx" version="1" changeset="1" lat="19.195992" lon="72.822462" /><node id="7388123457" timestamp="2026-03-12T11:09:39Z" uid="1" user="OSMnx" version="1" changeset="1" lat="19.192446" lon="72.84251" /><node id="7388123459" timestamp="2026-03-12T11:09:39Z" uid="1" user="OSMnx" version="1" changeset="1" lat="19.193695" lon="72.839719" /><node id="7388123461" timestamp="2026-03-12T11:09:39Z" uid="1" user="OSMnx" version="1" changeset="1" lat="19.19348" lon="72.839943" /><node id="7388123464" timestamp="2026-03-12T11:09:39Z" uid="1" user="OSMnx" version="1" changeset="1" lat="19.192736" lon="72.841444"><tag k="highway" v="traffic_signals" /></node><node id="7388123466" timestamp="2026-03-12T11:09:39Z" uid="1" user="OSMnx" version="1" changeset="1" lat="19.19187" lon="72.844535" /><node id="7392412398" timestamp="2026-03-12T11:09:39Z" uid="1" user="OSMnx" version="1" changeset="1" lat="19.19492" lon="72.847225" /><node id="7392412399" timestamp="2026-03-12T11:09:39Z" uid="1" user="OSMnx" version="1" changeset="1" lat="19.194154" lon="72.847158" /><node id="7392412404" timestamp="2026-03-12T11:09:39Z" uid="1" user="OSMnx" version="1" changeset="1" lat="19.193375" lon="72.847129" /><node id="7392412406" timestamp="2026-03-12T11:09:39Z" uid="1" user="OSMnx" version="1" changeset="1" lat="19.195378" lon="72.847257" /><node id="7392412407" timestamp="2026-03-12T11:09:39Z" uid="1" user="OSMnx" version="1" changeset="1" lat="19.198587" lon="72.848267"><tag k="highway" v="traffic_signals" /></node><node id="7392412410" timestamp="2026-03-12T11:09:39Z" uid="1" user="OSMnx" version="1" changeset="1" lat="19.201092" lon="72.848999"><tag k="highway" v="traffic_signals" /></node><node id="7392412412" timestamp="2026-03-12T11:09:39Z" uid="1" user="OSMnx" version="1" changeset="1" lat="19.200763" lon="72.84893"><tag k="highway" v="traffic_signals" /></node><node id="7392412417" timestamp="2026-03-12T11:09:39Z" uid="1" user="OSMnx" version="1" changeset="1" lat="19.198254" lon="72.848175"><tag k="highway" v="traffic_signals" /></node><node id="7392412418" timestamp="2026-03-12T11:09:39Z" uid="1" user="OSMnx" version="1" changeset="1" lat="19.197886" lon="72.848106" /><node id="7392412419" timestamp="2026-03-12T11:09:39Z" uid="1" user="OSMnx" version="1" changeset="1" lat="19.197728" lon="72.848058" /><node id="7392412422" timestamp="2026-03-12T11:09:39Z" uid="1" user="OSMnx" version="1" changeset="1" lat="19.196508" lon="72.847591" /><node id="7392412426" timestamp="2026-03-12T11:09:39Z" uid="1" user="OSMnx" version="1" changeset="1" lat="19.192428" lon="72.847059" /><node id="7397336299" timestamp="2026-03-12T11:09:39Z" uid="1" user="OSMnx" version="1" changeset="1" lat="19.198751" lon="72.854299" /><node id="7397336317" timestamp="2026-03-12T11:09:39Z" uid="1" user="OSMnx" version="1" changeset="1" lat="19.198049" lon="72.85035" /><node id="7397336319" timestamp="2026-03-12T11:09:39Z" uid="1" user="OSMnx" version="1" changeset="1" lat="19.198135" lon="72.849367" /><node id="7397336333" timestamp="2026-03-12T11:09:39Z" uid="1" user="OSMnx" version="1" changeset="1" lat="19.198192" lon="72.848335"><tag k="highway" v="traffic_signals" /></node><node id="7397336334" timestamp="2026-03-12T11:09:39Z" uid="1" user="OSMnx" version="1" changeset="1" lat="19.198204" lon="72.848167"><tag k="highway" v="traffic_signals" /></node><node id="7397336335" timestamp="2026-03-12T11:09:39Z" uid="1" user="OSMnx" version="1" changeset="1" lat="19.198206" lon="72.848079"><tag k="highway" v="traffic_signals" /></node><node id="7398169348" timestamp="2026-03-12T11:09:39Z" uid="1" user="OSMnx" version="1" changeset="1" lat="19.174698" lon="72.845263" /><node id="7398169353" timestamp="2026-03-12T11:09:39Z" uid="1" user="OSMnx" version="1" changeset="1" lat="19.1814" lon="72.846994" /><node id="7398169355" timestamp="2026-03-12T11:09:39Z" uid="1" user="OSMnx" version="1" changeset="1" lat="19.189883" lon="72.846823" /><node id="7398169356" timestamp="2026-03-12T11:09:39Z" uid="1" user="OSMnx" version="1" changeset="1" lat="19.189502" lon="72.846716" /><node id="7398169358" timestamp="2026-03-12T11:09:39Z" uid="1" user="OSMnx" version="1" changeset="1" lat="19.189208" lon="72.846665" /><node id="7398169359" timestamp="2026-03-12T11:09:39Z" uid="1" user="OSMnx" version="1" changeset="1" lat="19.188845" lon="72.846659"><tag k="highway" v="traffic_signals" /></node><node id="7398169361" timestamp="2026-03-12T11:09:39Z" uid="1" user="OSMnx" version="1" changeset="1" lat="19.188594" lon="72.846675"><tag k="highway" v="traffic_signals" /></node><node id="7398169365" timestamp="2026-03-12T11:09:39Z" uid="1" user="OSMnx" version="1" changeset="1" lat="19.187256" lon="72.846654" /><node id="7398169370" timestamp="2026-03-12T11:09:39Z" uid="1" user="OSMnx" version="1" changeset="1" lat="19.184384" lon="72.846915" /><node id="7398169374" timestamp="2026-03-12T11:09:39Z" uid="1" user="OSMnx" version="1" changeset="1" lat="19.180715" lon="72.846984" /><node id="7398169375" timestamp="2026-03-12T11:09:39Z" uid="1" user="OSMnx" version="1" changeset="1" lat="19.180641" lon="72.84698" /><node id="7398169376" timestamp="2026-03-12T11:09:39Z" uid="1" user="OSMnx" version="1" changeset="1" lat="19.180384" lon="72.846974" /><node id="7398169377" timestamp="2026-03-12T11:09:39Z" uid="1" user="OSMnx" version="1" changeset="1" lat="19.180202" lon="72.846965" /><node id="7398169383" timestamp="2026-03-12T11:09:39Z" uid="1" user="OSMnx" version="1" changeset="1" lat="19.178107" lon="72.846456" /><node id="7398222686" timestamp="2026-03-12T11:09:39Z" uid="1" user="OSMnx" version="1" changeset="1" lat="19.175944" lon="72.845638" /><node id="7398222687" timestamp="2026-03-12T11:09:39Z" uid="1" user="OSMnx" version="1" changeset="1" lat="19.175844" lon="72.845605" /><node id="7398222690" timestamp="2026-03-12T11:09:39Z" uid="1" user="OSMnx" version="1" changeset="1" lat="19.191301" lon="72.846953"><tag k="highway" v="traffic_signals" /></node><node id="7398222695" timestamp="2026-03-12T11:09:39Z" uid="1" user="OSMnx" version="1" changeset="1" lat="19.190821" lon="72.846975" /><node id="7398222699" timestamp="2026-03-12T11:09:39Z" uid="1" user="OSMnx" version="1" changeset="1" lat="19.190029" lon="72.843004" /><node id="7398222703" timestamp="2026-03-12T11:09:39Z" uid="1" user="OSMnx" version="1" changeset="1" lat="19.191412" lon="72.847009"><tag k="highway" v="traffic_signals" /></node><node id="7398222708" timestamp="2026-03-12T11:09:39Z" uid="1" user="OSMnx" version="1" changeset="1" lat="19.191293" lon="72.847003"><tag k="highway" v="traffic_signals" /></node><node id="8606021913" timestamp="2026-03-12T11:09:39Z" uid="1" user="OSMnx" version="1" changeset="1" lat="19.194718" lon="72.838453" /><node id="8620104716" timestamp="2026-03-12T11:09:39Z" uid="1" user="OSMnx" version="1" changeset="1" lat="19.193755" lon="72.842328" /><node id="8620160617" timestamp="2026-03-12T11:09:39Z" uid="1" user="OSMnx" version="1" changeset="1" lat="19.193781" lon="72.843162" /><node id="8620160618" timestamp="2026-03-12T11:09:39Z" uid="1" user="OSMnx" version="1" changeset="1" lat="19.193772" lon="72.842864" /><node id="8620160619" timestamp="2026-03-12T11:09:39Z" uid="1" user="OSMnx" version="1" changeset="1" lat="19.193229" lon="72.842946" /><node id="8630706701" timestamp="2026-03-12T11:09:39Z" uid="1" user="OSMnx" version="1" changeset="1" lat="19.202024" lon="72.831724" /><node id="8630706705" timestamp="2026-03-12T11:09:39Z" uid="1" user="OSMnx" version="1" changeset="1" lat="19.201807" lon="72.832623" /><node id="8633801078" timestamp="2026-03-12T11:09:39Z" uid="1" user="OSMnx" version="1" changeset="1" lat="19.18266" lon="72.84827" /><node id="8666364686" timestamp="2026-03-12T11:09:39Z" uid="1" user="OSMnx" version="1" changeset="1" lat="19.205551" lon="72.838736" /><node id="8666393557" timestamp="2026-03-12T11:09:39Z" uid="1" user="OSMnx" version="1" changeset="1" lat="19.20546" lon="72.84867" /><node id="8682224711" timestamp="2026-03-12T11:09:39Z" uid="1" user="OSMnx" version="1" changeset="1" lat="19.187084" lon="72.845334" /><node id="8682265956" timestamp="2026-03-12T11:09:39Z" uid="1" user="OSMnx" version="1" changeset="1" lat="19.185931" lon="72.844221" /><node id="8711234596" timestamp="2026-03-12T11:09:39Z" uid="1" user="OSMnx" version="1" changeset="1" lat="19.19094" lon="72.84302" /><node id="8711234598" timestamp="2026-03-12T11:09:39Z" uid="1" user="OSMnx" version="1" changeset="1" lat="19.192277" lon="72.843083" /><node id="8711804107" timestamp="2026-03-12T11:09:39Z" uid="1" user="OSMnx" version="1" changeset="1" lat="19.184096" lon="72.851903" /><node id="8711804109" timestamp="2026-03-12T11:09:39Z" uid="1" user="OSMnx" version="1" changeset="1" lat="19.184468" lon="72.851737" /><node id="8909135902" timestamp="2026-03-12T11:09:39Z" uid="1" user="OSMnx" version="1" changeset="1" lat="19.202036" lon="72.821586" /><node id="8909135908" timestamp="2026-03-12T11:09:39Z" uid="1" user="OSMnx" version="1" changeset="1" lat="19.200407" lon="72.826231" /><node id="8909135910" timestamp="2026-03-12T11:09:39Z" uid="1" user="OSMnx" version="1" changeset="1" lat="19.19947" lon="72.827931" /><node id="9023192698" timestamp="2026-03-12T11:09:39Z" uid="1" user="OSMnx" version="1" changeset="1" lat="19.20179" lon="72.827576" /><node id="9179528261" timestamp="2026-03-12T11:09:39Z" uid="1" user="OSMnx" version="1" changeset="1" lat="19.201674" lon="72.837826" /><node id="9179528262" timestamp="2026-03-12T11:09:39Z" uid="1" user="OSMnx" version="1" changeset="1" lat="19.19043" lon="72.855605" /><node id="9179528279" timestamp="2026-03-12T11:09:39Z" uid="1" user="OSMnx" version="1" changeset="1" lat="19.187438" lon="72.824913" /><node id="9179528288" timestamp="2026-03-12T11:09:39Z" uid="1" user="OSMnx" version="1" changeset="1" lat="19.197448" lon="72.832403" /><node id="9179528290" timestamp="2026-03-12T11:09:39Z" uid="1" user="OSMnx" version="1" changeset="1" lat="19.197616" lon="72.833707" /><node id="9198559600" timestamp="2026-03-12T11:09:39Z" uid="1" user="OSMnx" version="1" changeset="1" lat="19.18203" lon="72.846978" /><node id="9198559601" timestamp="2026-03-12T11:09:39Z" uid="1" user="OSMnx" version="1" changeset="1" lat="19.182076" lon="72.848144" /><node id="9199168838" timestamp="2026-03-12T11:09:39Z" uid="1" user="OSMnx" version="1" changeset="1" lat="19.192311" lon="72.85309" /><node id="9199168839" timestamp="2026-03-12T11:09:39Z" uid="1" user="OSMnx" version="1" changeset="1" lat="19.197157" lon="72.852479" /><node id="9199168840" timestamp="2026-03-12T11:09:39Z" uid="1" user="OSMnx" version="1" changeset="1" lat="19.192273" lon="72.853615" /><node id="9199168841" timestamp="2026-03-12T11:09:39Z" uid="1" user="OSMnx" version="1" changeset="1" lat="19.198092" lon="72.85303" /><node id="9352512183" timestamp="2026-03-12T11:09:39Z" uid="1" user="OSMnx" version="1" changeset="1" lat="19.200967" lon="72.84047" /><node id="9352512184" timestamp="2026-03-12T11:09:39Z" uid="1" user="OSMnx" version="1" changeset="1" lat="19.200514" lon="72.840262" /><node id="9684318527" timestamp="2026-03-12T11:09:39Z" uid="1" user="OSMnx" version="1" changeset="1" lat="19.177557" lon="72.836845" /><node id="9684318528" timestamp="2026-03-12T11:09:39Z" uid="1" user="OSMnx" version="1" changeset="1" lat="19.177567" lon="72.837024" /><node id="9859727558" timestamp="2026-03-12T11:09:39Z" uid="1" user="OSMnx" version="1" changeset="1" lat="19.186749" lon="72.835873" /><node id="9861074902" timestamp="2026-03-12T11:09:39Z" uid="1" user="OSMnx" version="1" changeset="1" lat="19.184924" lon="72.85009" /><node id="9861074903" timestamp="2026-03-12T11:09:39Z" uid="1" user="OSMnx" version="1" changeset="1" lat="19.185343" lon="72.850127" /><node id="9861077433" timestamp="2026-03-12T11:09:39Z" uid="1" user="OSMnx" version="1" changeset="1" lat="19.184927" lon="72.850175" /><node id="9861077452" timestamp="2026-03-12T11:09:39Z" uid="1" user="OSMnx" version="1" changeset="1" lat="19.1799" lon="72.850092" /><node id="9861077454" timestamp="2026-03-12T11:09:39Z" uid="1" user="OSMnx" version="1" changeset="1" lat="19.181215" lon="72.849389" /><node id="9861077458" timestamp="2026-03-12T11:09:39Z" uid="1" user="OSMnx" version="1" changeset="1" lat="19.181212" lon="72.85002" /><node id="9861077459" timestamp="2026-03-12T11:09:39Z" uid="1" user="OSMnx" version="1" changeset="1" lat="19.181221" lon="72.85008" /><node id="9861077462" timestamp="2026-03-12T11:09:39Z" uid="1" user="OSMnx" version="1" changeset="1" lat="19.181141" lon="72.851472" /><node id="9861077499" timestamp="2026-03-12T11:09:39Z" uid="1" user="OSMnx" version="1" changeset="1" lat="19.176781" lon="72.854187" /><node id="9861077501" timestamp="2026-03-12T11:09:39Z" uid="1" user="OSMnx" version="1" changeset="1" lat="19.177023" lon="72.855108" /><node id="9861077502" timestamp="2026-03-12T11:09:39Z" uid="1" user="OSMnx" version="1" changeset="1" lat="19.176952" lon="72.855084" /><node id="9861077504" timestamp="2026-03-12T11:09:39Z" uid="1" user="OSMnx" version="1" changeset="1" lat="19.177495" lon="72.854713" /><node id="9861077505" timestamp="2026-03-12T11:09:39Z" uid="1" user="OSMnx" version="1" changeset="1" lat="19.176946" lon="72.854789" /><node id="9861077506" timestamp="2026-03-12T11:09:39Z" uid="1" user="OSMnx" version="1" changeset="1" lat="19.176868" lon="72.854803" /><node id="9871525070" timestamp="2026-03-12T11:09:39Z" uid="1" user="OSMnx" version="1" changeset="1" lat="19.199556" lon="72.84414" /><node id="9880278630" timestamp="2026-03-12T11:09:39Z" uid="1" user="OSMnx" version="1" changeset="1" lat="19.182687" lon="72.840749" /><node id="9882415117" timestamp="2026-03-12T11:09:39Z" uid="1" user="OSMnx" version="1" changeset="1" lat="19.200302" lon="72.841952" /><node id="9882415119" timestamp="2026-03-12T11:09:39Z" uid="1" user="OSMnx" version="1" changeset="1" lat="19.199828" lon="72.841921" /><node id="9882415120" timestamp="2026-03-12T11:09:39Z" uid="1" user="OSMnx" version="1" changeset="1" lat="19.200325" lon="72.841803" /><node id="9882627946" timestamp="2026-03-12T11:09:39Z" uid="1" user="OSMnx" version="1" changeset="1" lat="19.189013" lon="72.834312" /><node id="9882627947" timestamp="2026-03-12T11:09:39Z" uid="1" user="OSMnx" version="1" changeset="1" lat="19.187454" lon="72.834455" /><node id="9882627948" timestamp="2026-03-12T11:09:39Z" uid="1" user="OSMnx" version="1" changeset="1" lat="19.18819" lon="72.833745" /><node id="9882627949" timestamp="2026-03-12T11:09:39Z" uid="1" user="OSMnx" version="1" changeset="1" lat="19.188187" lon="72.834388" /><node id="9882627953" timestamp="2026-03-12T11:09:39Z" uid="1" user="OSMnx" version="1" changeset="1" lat="19.18793" lon="72.83563" /><node id="9882627954" timestamp="2026-03-12T11:09:39Z" uid="1" user="OSMnx" version="1" changeset="1" lat="19.18792" lon="72.834413" /><node id="9882627955" timestamp="2026-03-12T11:09:39Z" uid="1" user="OSMnx" version="1" changeset="1" lat="19.188183" lon="72.833976" /><node id="9882627959" timestamp="2026-03-12T11:09:39Z" uid="1" user="OSMnx" version="1" changeset="1" lat="19.187514" lon="72.83445" /><node id="9882627960" timestamp="2026-03-12T11:09:39Z" uid="1" user="OSMnx" version="1" changeset="1" lat="19.188368" lon="72.832624" /><node id="9887082723" timestamp="2026-03-12T11:09:39Z" uid="1" user="OSMnx" version="1" changeset="1" lat="19.196475" lon="72.818265" /><node id="9889482062" timestamp="2026-03-12T11:09:39Z" uid="1" user="OSMnx" version="1" changeset="1" lat="19.177927" lon="72.836959" /><node id="9889482063" timestamp="2026-03-12T11:09:39Z" uid="1" user="OSMnx" version="1" changeset="1" lat="19.178012" lon="72.837881" /><node id="9899655696" timestamp="2026-03-12T11:09:39Z" uid="1" user="OSMnx" version="1" changeset="1" lat="19.176959" lon="72.833935" /><node id="9988805559" timestamp="2026-03-12T11:09:39Z" uid="1" user="OSMnx" version="1" changeset="1" lat="19.201485" lon="72.838427" /><node id="10093838939" timestamp="2026-03-12T11:09:39Z" uid="1" user="OSMnx" version="1" changeset="1" lat="19.195946" lon="72.822144"><tag k="highway" v="traffic_signals" /></node><node id="10093838946" timestamp="2026-03-12T11:09:39Z" uid="1" user="OSMnx" version="1" changeset="1" lat="19.191316" lon="72.821913" /><node id="10093838947" timestamp="2026-03-12T11:09:39Z" uid="1" user="OSMnx" version="1" changeset="1" lat="19.191306" lon="72.821358" /><node id="10093838948" timestamp="2026-03-12T11:09:39Z" uid="1" user="OSMnx" version="1" changeset="1" lat="19.191325" lon="72.82057" /><node id="10093838950" timestamp="2026-03-12T11:09:39Z" uid="1" user="OSMnx" version="1" changeset="1" lat="19.190842" lon="72.820334" /><node id="10093838951" timestamp="2026-03-12T11:09:39Z" uid="1" user="OSMnx" version="1" changeset="1" lat="19.190446" lon="72.820209" /><node id="10093838952" timestamp="2026-03-12T11:09:39Z" uid="1" user="OSMnx" version="1" changeset="1" lat="19.189946" lon="72.820059" /><node id="10093838953" timestamp="2026-03-12T11:09:39Z" uid="1" user="OSMnx" version="1" changeset="1" lat="19.18957" lon="72.819934" /><node id="10093838954" timestamp="2026-03-12T11:09:39Z" uid="1" user="OSMnx" version="1" changeset="1" lat="19.188761" lon="72.819676" /><node id="10093838956" timestamp="2026-03-12T11:09:39Z" uid="1" user="OSMnx" version="1" changeset="1" lat="19.187403" lon="72.819279" /><node id="10093838960" timestamp="2026-03-12T11:09:39Z" uid="1" user="OSMnx" version="1" changeset="1" lat="19.185709" lon="72.819099" /><node id="10093838964" timestamp="2026-03-12T11:09:39Z" uid="1" user="OSMnx" version="1" changeset="1" lat="19.185354" lon="72.819531" /><node id="10093838968" timestamp="2026-03-12T11:09:39Z" uid="1" user="OSMnx" version="1" changeset="1" lat="19.183033" lon="72.819063" /><node id="10093838969" timestamp="2026-03-12T11:09:39Z" uid="1" user="OSMnx" version="1" changeset="1" lat="19.182094" lon="72.818865" /><node id="10093838970" timestamp="2026-03-12T11:09:39Z" uid="1" user="OSMnx" version="1" changeset="1" lat="19.193935" lon="72.822147" /><node id="10093838971" timestamp="2026-03-12T11:09:39Z" uid="1" user="OSMnx" version="1" changeset="1" lat="19.193041" lon="72.822102" /><node id="10108007321" timestamp="2026-03-12T11:09:39Z" uid="1" user="OSMnx" version="1" changeset="1" lat="19.190148" lon="72.820073" /><node id="10108007322" timestamp="2026-03-12T11:09:39Z" uid="1" user="OSMnx" version="1" changeset="1" lat="19.190197" lon="72.820135" /><node id="10110757864" timestamp="2026-03-12T11:09:39Z" uid="1" user="OSMnx" version="1" changeset="1" lat="19.205314" lon="72.8456" /><node id="10110757865" timestamp="2026-03-12T11:09:39Z" uid="1" user="OSMnx" version="1" changeset="1" lat="19.205243" lon="72.845607" /><node id="10110757866" timestamp="2026-03-12T11:09:39Z" uid="1" user="OSMnx" version="1" changeset="1" lat="19.203299" lon="72.845696" /><node id="10175245171" timestamp="2026-03-12T11:09:39Z" uid="1" user="OSMnx" version="1" changeset="1" lat="19.203485" lon="72.836475" /><node id="10214145718" timestamp="2026-03-12T11:09:39Z" uid="1" user="OSMnx" version="1" changeset="1" lat="19.189013" lon="72.819757" /><node id="10214145722" timestamp="2026-03-12T11:09:39Z" uid="1" user="OSMnx" version="1" changeset="1" lat="19.188934" lon="72.821848" /><node id="10214145724" timestamp="2026-03-12T11:09:39Z" uid="1" user="OSMnx" version="1" changeset="1" lat="19.189091" lon="72.822492" /><node id="10214145726" timestamp="2026-03-12T11:09:39Z" uid="1" user="OSMnx" version="1" changeset="1" lat="19.189284" lon="72.823077" /><node id="10214145727" timestamp="2026-03-12T11:09:39Z" uid="1" user="OSMnx" version="1" changeset="1" lat="19.189183" lon="72.82371" /><node id="10214145737" timestamp="2026-03-12T11:09:39Z" uid="1" user="OSMnx" version="1" changeset="1" lat="19.187986" lon="72.824918" /><node id="10216903202" timestamp="2026-03-12T11:09:39Z" uid="1" user="OSMnx" version="1" changeset="1" lat="19.198716" lon="72.854473" /><node id="10216903203" timestamp="2026-03-12T11:09:39Z" uid="1" user="OSMnx" version="1" changeset="1" lat="19.197922" lon="72.854536" /><node id="10230592051" timestamp="2026-03-12T11:09:39Z" uid="1" user="OSMnx" version="1" changeset="1" lat="19.188792" lon="72.847729" /><node id="10230592057" timestamp="2026-03-12T11:09:39Z" uid="1" user="OSMnx" version="1" changeset="1" lat="19.189117" lon="72.848498" /><node id="10242247027" timestamp="2026-03-12T11:09:39Z" uid="1" user="OSMnx" version="1" changeset="1" lat="19.1996" lon="72.833808" /><node id="10242247028" timestamp="2026-03-12T11:09:39Z" uid="1" user="OSMnx" version="1" changeset="1" lat="19.199662" lon="72.834037" /><node id="10242247031" timestamp="2026-03-12T11:09:39Z" uid="1" user="OSMnx" version="1" changeset="1" lat="19.20007" lon="72.834365" /><node id="10264514244" timestamp="2026-03-12T11:09:39Z" uid="1" user="OSMnx" version="1" changeset="1" lat="19.189876" lon="72.846763" /><node id="10277339572" timestamp="2026-03-12T11:09:39Z" uid="1" user="OSMnx" version="1" changeset="1" lat="19.204188" lon="72.8494" /><node id="10277339575" timestamp="2026-03-12T11:09:39Z" uid="1" user="OSMnx" version="1" changeset="1" lat="19.204285" lon="72.849637" /><node id="10277339576" timestamp="2026-03-12T11:09:39Z" uid="1" user="OSMnx" version="1" changeset="1" lat="19.204118" lon="72.849361" /><node id="10277339579" timestamp="2026-03-12T11:09:39Z" uid="1" user="OSMnx" version="1" changeset="1" lat="19.203856" lon="72.849573" /><node id="10277339582" timestamp="2026-03-12T11:09:39Z" uid="1" user="OSMnx" version="1" changeset="1" lat="19.203008" lon="72.849438" /><node id="10277477742" timestamp="2026-03-12T11:09:39Z" uid="1" user="OSMnx" version="1" changeset="1" lat="19.19122" lon="72.853925" /><node id="10277477743" timestamp="2026-03-12T11:09:39Z" uid="1" user="OSMnx" version="1" changeset="1" lat="19.191232" lon="72.853995" /><node id="10277477745" timestamp="2026-03-12T11:09:39Z" uid="1" user="OSMnx" version="1" changeset="1" lat="19.191295" lon="72.853927" /><node id="10277477764" timestamp="2026-03-12T11:09:39Z" uid="1" user="OSMnx" version="1" changeset="1" lat="19.19029" lon="72.852586" /><node id="10277477766" timestamp="2026-03-12T11:09:39Z" uid="1" user="OSMnx" version="1" changeset="1" lat="19.189835" lon="72.849994" /><node id="10277477773" timestamp="2026-03-12T11:09:39Z" uid="1" user="OSMnx" version="1" changeset="1" lat="19.191476" lon="72.854259" /><node id="10277477774" timestamp="2026-03-12T11:09:39Z" uid="1" user="OSMnx" version="1" changeset="1" lat="19.19141" lon="72.854295" /><node id="10277477775" timestamp="2026-03-12T11:09:39Z" uid="1" user="OSMnx" version="1" changeset="1" lat="19.19027" lon="72.852421" /><node id="10277477776" timestamp="2026-03-12T11:09:39Z" uid="1" user="OSMnx" version="1" changeset="1" lat="19.190196" lon="72.852453" /><node id="10277477777" timestamp="2026-03-12T11:09:39Z" uid="1" user="OSMnx" version="1" changeset="1" lat="19.189866" lon="72.851145" /><node id="10277477778" timestamp="2026-03-12T11:09:39Z" uid="1" user="OSMnx" version="1" changeset="1" lat="19.189791" lon="72.85114" /><node id="10277477780" timestamp="2026-03-12T11:09:39Z" uid="1" user="OSMnx" version="1" changeset="1" lat="19.184407" lon="72.850103" /><node id="10277477781" timestamp="2026-03-12T11:09:39Z" uid="1" user="OSMnx" version="1" changeset="1" lat="19.184408" lon="72.850197" /><node id="10277481677" timestamp="2026-03-12T11:09:39Z" uid="1" user="OSMnx" version="1" changeset="1" lat="19.199254" lon="72.821906" /><node id="10277481682" timestamp="2026-03-12T11:09:39Z" uid="1" user="OSMnx" version="1" changeset="1" lat="19.199652" lon="72.821827" /><node id="10277481693" timestamp="2026-03-12T11:09:39Z" uid="1" user="OSMnx" version="1" changeset="1" lat="19.196497" lon="72.82182" /><node id="10277481694" timestamp="2026-03-12T11:09:39Z" uid="1" user="OSMnx" version="1" changeset="1" lat="19.195924" lon="72.821878"><tag k="highway" v="traffic_signals" /></node><node id="10277481695" timestamp="2026-03-12T11:09:39Z" uid="1" user="OSMnx" version="1" changeset="1" lat="19.196487" lon="72.821734" /><node id="10277481696" timestamp="2026-03-12T11:09:39Z" uid="1" user="OSMnx" version="1" changeset="1" lat="19.196732" lon="72.821709" /><node id="10277481697" timestamp="2026-03-12T11:09:39Z" uid="1" user="OSMnx" version="1" changeset="1" lat="19.19674" lon="72.82179" /><node id="10277481698" timestamp="2026-03-12T11:09:39Z" uid="1" user="OSMnx" version="1" changeset="1" lat="19.197008" lon="72.821692" /><node id="10277481699" timestamp="2026-03-12T11:09:39Z" uid="1" user="OSMnx" version="1" changeset="1" lat="19.197007" lon="72.821767" /><node id="10277481700" timestamp="2026-03-12T11:09:39Z" uid="1" user="OSMnx" version="1" changeset="1" lat="19.199502" lon="72.821835" /><node id="10277481701" timestamp="2026-03-12T11:09:39Z" uid="1" user="OSMnx" version="1" changeset="1" lat="19.199532" lon="72.8219" /><node id="10277481703" timestamp="2026-03-12T11:09:39Z" uid="1" user="OSMnx" version="1" changeset="1" lat="19.199269" lon="72.821974" /><node id="10277511253" timestamp="2026-03-12T11:09:39Z" uid="1" user="OSMnx" version="1" changeset="1" lat="19.193521" lon="72.839613" /><node id="10277511258" timestamp="2026-03-12T11:09:39Z" uid="1" user="OSMnx" version="1" changeset="1" lat="19.187386" lon="72.838286" /><node id="10277511263" timestamp="2026-03-12T11:09:39Z" uid="1" user="OSMnx" version="1" changeset="1" lat="19.187342" lon="72.838432" /><node id="10277511269" timestamp="2026-03-12T11:09:39Z" uid="1" user="OSMnx" version="1" changeset="1" lat="19.187299" lon="72.83835" /><node id="10277511272" timestamp="2026-03-12T11:09:39Z" uid="1" user="OSMnx" version="1" changeset="1" lat="19.187432" lon="72.838324" /><node id="10277511278" timestamp="2026-03-12T11:09:39Z" uid="1" user="OSMnx" version="1" changeset="1" lat="19.187593" lon="72.838152" /><node id="10277511283" timestamp="2026-03-12T11:09:39Z" uid="1" user="OSMnx" version="1" changeset="1" lat="19.185511" lon="72.83815" /><node id="10277547712" timestamp="2026-03-12T11:09:39Z" uid="1" user="OSMnx" version="1" changeset="1" lat="19.181155" lon="72.833181" /><node id="10277547713" timestamp="2026-03-12T11:09:39Z" uid="1" user="OSMnx" version="1" changeset="1" lat="19.18107" lon="72.833223" /><node id="10277547716" timestamp="2026-03-12T11:09:39Z" uid="1" user="OSMnx" version="1" changeset="1" lat="19.174137" lon="72.836879"><tag k="highway" v="traffic_signals" /></node><node id="10277547720" timestamp="2026-03-12T11:09:39Z" uid="1" user="OSMnx" version="1" changeset="1" lat="19.17385" lon="72.837052" /><node id="10277547721" timestamp="2026-03-12T11:09:39Z" uid="1" user="OSMnx" version="1" changeset="1" lat="19.173993" lon="72.836302" /><node id="10277547725" timestamp="2026-03-12T11:09:39Z" uid="1" user="OSMnx" version="1" changeset="1" lat="19.17406" lon="72.836647" /><node id="10286959129" timestamp="2026-03-12T11:09:39Z" uid="1" user="OSMnx" version="1" changeset="1" lat="19.182067" lon="72.853934" /><node id="10286959136" timestamp="2026-03-12T11:09:39Z" uid="1" user="OSMnx" version="1" changeset="1" lat="19.182273" lon="72.855196" /><node id="10287015853" timestamp="2026-03-12T11:09:39Z" uid="1" user="OSMnx" version="1" changeset="1" lat="19.182685" lon="72.855132" /><node id="10292691352" timestamp="2026-03-12T11:09:39Z" uid="1" user="OSMnx" version="1" changeset="1" lat="19.197233" lon="72.819413" /><node id="10292691353" timestamp="2026-03-12T11:09:39Z" uid="1" user="OSMnx" version="1" changeset="1" lat="19.197475" lon="72.819462" /><node id="10308639424" timestamp="2026-03-12T11:09:39Z" uid="1" user="OSMnx" version="1" changeset="1" lat="19.177462" lon="72.835255" /><node id="10564266718" timestamp="2026-03-12T11:09:39Z" uid="1" user="OSMnx" version="1" changeset="1" lat="19.189122" lon="72.837867" /><node id="10564313449" timestamp="2026-03-12T11:09:39Z" uid="1" user="OSMnx" version="1" changeset="1" lat="19.180411" lon="72.831429" /><node id="10564313451" timestamp="2026-03-12T11:09:39Z" uid="1" user="OSMnx" version="1" changeset="1" lat="19.180024" lon="72.830626" /><node id="10564488590" timestamp="2026-03-12T11:09:39Z" uid="1" user="OSMnx" version="1" changeset="1" lat="19.202111" lon="72.821567" /><node id="10564488597" timestamp="2026-03-12T11:09:39Z" uid="1" user="OSMnx" version="1" changeset="1" lat="19.201904" lon="72.821488" /><node id="10564488598" timestamp="2026-03-12T11:09:39Z" uid="1" user="OSMnx" version="1" changeset="1" lat="19.201898" lon="72.821556" /><node id="10564488600" timestamp="2026-03-12T11:09:39Z" uid="1" user="OSMnx" version="1" changeset="1" lat="19.20127" lon="72.821484" /><node id="10564488601" timestamp="2026-03-12T11:09:39Z" uid="1" user="OSMnx" version="1" changeset="1" lat="19.202062" lon="72.822184" /><node id="10564712615" timestamp="2026-03-12T11:09:39Z" uid="1" user="OSMnx" version="1" changeset="1" lat="19.20238" lon="72.833923" /><node id="10567495925" timestamp="2026-03-12T11:09:39Z" uid="1" user="OSMnx" version="1" changeset="1" lat="19.190195" lon="72.843705" /><node id="10567495929" timestamp="2026-03-12T11:09:39Z" uid="1" user="OSMnx" version="1" changeset="1" lat="19.191156" lon="72.843867" /><node id="10570451670" timestamp="2026-03-12T11:09:39Z" uid="1" user="OSMnx" version="1" changeset="1" lat="19.198948" lon="72.833776" /><node id="10570451673" timestamp="2026-03-12T11:09:39Z" uid="1" user="OSMnx" version="1" changeset="1" lat="19.19884" lon="72.833351" /><node id="10570451680" timestamp="2026-03-12T11:09:39Z" uid="1" user="OSMnx" version="1" changeset="1" lat="19.198973" lon="72.83402" /><node id="10593931247" timestamp="2026-03-12T11:09:39Z" uid="1" user="OSMnx" version="1" changeset="1" lat="19.179895" lon="72.84962" /><node id="10593931248" timestamp="2026-03-12T11:09:39Z" uid="1" user="OSMnx" version="1" changeset="1" lat="19.179446" lon="72.849611" /><node id="10594122020" timestamp="2026-03-12T11:09:39Z" uid="1" user="OSMnx" version="1" changeset="1" lat="19.19489" lon="72.822138" /><node id="10594122023" timestamp="2026-03-12T11:09:39Z" uid="1" user="OSMnx" version="1" changeset="1" lat="19.194946" lon="72.820592" /><node id="10595441721" timestamp="2026-03-12T11:09:39Z" uid="1" user="OSMnx" version="1" changeset="1" lat="19.203667" lon="72.828188"><tag k="highway" v="traffic_signals" /></node><node id="10595441726" timestamp="2026-03-12T11:09:39Z" uid="1" user="OSMnx" version="1" changeset="1" lat="19.205011" lon="72.825227" /><node id="10595441729" timestamp="2026-03-12T11:09:39Z" uid="1" user="OSMnx" version="1" changeset="1" lat="19.20571" lon="72.82346" /><node id="10654020949" timestamp="2026-03-12T11:09:39Z" uid="1" user="OSMnx" version="1" changeset="1" lat="19.18043" lon="72.844405" /><node id="10654468804" timestamp="2026-03-12T11:09:39Z" uid="1" user="OSMnx" version="1" changeset="1" lat="19.171521" lon="72.853745" /><node id="10654529065" timestamp="2026-03-12T11:09:39Z" uid="1" user="OSMnx" version="1" changeset="1" lat="19.205261" lon="72.837886" /><node id="10654529068" timestamp="2026-03-12T11:09:39Z" uid="1" user="OSMnx" version="1" changeset="1" lat="19.203347" lon="72.837902" /><node id="10654529070" timestamp="2026-03-12T11:09:39Z" uid="1" user="OSMnx" version="1" changeset="1" lat="19.20312" lon="72.837848" /><node id="10657158659" timestamp="2026-03-12T11:09:39Z" uid="1" user="OSMnx" version="1" changeset="1" lat="19.174214" lon="72.847805" /><node id="10657158662" timestamp="2026-03-12T11:09:39Z" uid="1" user="OSMnx" version="1" changeset="1" lat="19.174598" lon="72.84826" /><node id="10660714665" timestamp="2026-03-12T11:09:39Z" uid="1" user="OSMnx" version="1" changeset="1" lat="19.188806" lon="72.839469" /><node id="10660714666" timestamp="2026-03-12T11:09:39Z" uid="1" user="OSMnx" version="1" changeset="1" lat="19.189243" lon="72.840757" /><node id="10687992548" timestamp="2026-03-12T11:09:39Z" uid="1" user="OSMnx" version="1" changeset="1" lat="19.191471" lon="72.84701" /><node id="10687992557" timestamp="2026-03-12T11:09:39Z" uid="1" user="OSMnx" version="1" changeset="1" lat="19.191782" lon="72.848088" /><node id="10687992558" timestamp="2026-03-12T11:09:39Z" uid="1" user="OSMnx" version="1" changeset="1" lat="19.191595" lon="72.847013" /><node id="10687992564" timestamp="2026-03-12T11:09:39Z" uid="1" user="OSMnx" version="1" changeset="1" lat="19.191695" lon="72.847703" /><node id="10696412669" timestamp="2026-03-12T11:09:39Z" uid="1" user="OSMnx" version="1" changeset="1" lat="19.190764" lon="72.833092" /><node id="10696412670" timestamp="2026-03-12T11:09:39Z" uid="1" user="OSMnx" version="1" changeset="1" lat="19.190216" lon="72.833075" /><node id="10725035157" timestamp="2026-03-12T11:09:39Z" uid="1" user="OSMnx" version="1" changeset="1" lat="19.188948" lon="72.821243" /><node id="10770482043" timestamp="2026-03-12T11:09:39Z" uid="1" user="OSMnx" version="1" changeset="1" lat="19.203655" lon="72.82828"><tag k="highway" v="traffic_signals" /></node><node id="10770482044" timestamp="2026-03-12T11:09:39Z" uid="1" user="OSMnx" version="1" changeset="1" lat="19.203692" lon="72.828319" /><node id="10845962342" timestamp="2026-03-12T11:09:39Z" uid="1" user="OSMnx" version="1" changeset="1" lat="19.170621" lon="72.831696" /><node id="10845962350" timestamp="2026-03-12T11:09:39Z" uid="1" user="OSMnx" version="1" changeset="1" lat="19.174738" lon="72.832388" /><node id="10877176506" timestamp="2026-03-12T11:09:39Z" uid="1" user="OSMnx" version="1" changeset="1" lat="19.196454" lon="72.818345" /><node id="10877176507" timestamp="2026-03-12T11:09:39Z" uid="1" user="OSMnx" version="1" changeset="1" lat="19.196407" lon="72.818247" /><node id="10879625871" timestamp="2026-03-12T11:09:39Z" uid="1" user="OSMnx" version="1" changeset="1" lat="19.205582" lon="72.823777" /><node id="10907548532" timestamp="2026-03-12T11:09:39Z" uid="1" user="OSMnx" version="1" changeset="1" lat="19.179451" lon="72.854488" /><node id="10910688653" timestamp="2026-03-12T11:09:39Z" uid="1" user="OSMnx" version="1" changeset="1" lat="19.17695" lon="72.83408" /><node id="10911219562" timestamp="2026-03-12T11:09:39Z" uid="1" user="OSMnx" version="1" changeset="1" lat="19.193961" lon="72.825995" /><node id="10920901005" timestamp="2026-03-12T11:09:39Z" uid="1" user="OSMnx" version="1" changeset="1" lat="19.197132" lon="72.844806" /><node id="10921201537" timestamp="2026-03-12T11:09:39Z" uid="1" user="OSMnx" version="1" changeset="1" lat="19.18408" lon="72.842262" /><node id="10921201541" timestamp="2026-03-12T11:09:39Z" uid="1" user="OSMnx" version="1" changeset="1" lat="19.184212" lon="72.842849" /><node id="10921238993" timestamp="2026-03-12T11:09:39Z" uid="1" user="OSMnx" version="1" changeset="1" lat="19.178964" lon="72.84309" /><node id="10925572671" timestamp="2026-03-12T11:09:39Z" uid="1" user="OSMnx" version="1" changeset="1" lat="19.191512" lon="72.854344" /><node id="10925572676" timestamp="2026-03-12T11:09:39Z" uid="1" user="OSMnx" version="1" changeset="1" lat="19.191582" lon="72.853988" /><node id="10925572677" timestamp="2026-03-12T11:09:39Z" uid="1" user="OSMnx" version="1" changeset="1" lat="19.191376" lon="72.854044" /><node id="10925572678" timestamp="2026-03-12T11:09:39Z" uid="1" user="OSMnx" version="1" changeset="1" lat="19.191572" lon="72.854038" /><node id="10936213033" timestamp="2026-03-12T11:09:39Z" uid="1" user="OSMnx" version="1" changeset="1" lat="19.187563" lon="72.851815" /><node id="10936287023" timestamp="2026-03-12T11:09:39Z" uid="1" user="OSMnx" version="1" changeset="1" lat="19.204244" lon="72.85129" /><node id="10936287024" timestamp="2026-03-12T11:09:39Z" uid="1" user="OSMnx" version="1" changeset="1" lat="19.204186" lon="72.851689" /><node id="10936299064" timestamp="2026-03-12T11:09:39Z" uid="1" user="OSMnx" version="1" changeset="1" lat="19.197997" lon="72.842435" /><node id="10936299065" timestamp="2026-03-12T11:09:39Z" uid="1" user="OSMnx" version="1" changeset="1" lat="19.198069" lon="72.843237" /><node id="10936299069" timestamp="2026-03-12T11:09:39Z" uid="1" user="OSMnx" version="1" changeset="1" lat="19.198204" lon="72.845127" /><node id="10936299074" timestamp="2026-03-12T11:09:39Z" uid="1" user="OSMnx" version="1" changeset="1" lat="19.197981" lon="72.840051" /><node id="10936299075" timestamp="2026-03-12T11:09:39Z" uid="1" user="OSMnx" version="1" changeset="1" lat="19.198048" lon="72.840044" /><node id="10936814953" timestamp="2026-03-12T11:09:39Z" uid="1" user="OSMnx" version="1" changeset="1" lat="19.185097" lon="72.845726" /><node id="10936814955" timestamp="2026-03-12T11:09:39Z" uid="1" user="OSMnx" version="1" changeset="1" lat="19.185239" lon="72.846729" /><node id="10938991536" timestamp="2026-03-12T11:09:39Z" uid="1" user="OSMnx" version="1" changeset="1" lat="19.185612" lon="72.85223" /><node id="10939568035" timestamp="2026-03-12T11:09:39Z" uid="1" user="OSMnx" version="1" changeset="1" lat="19.199522" lon="72.820368" /><node id="10941564481" timestamp="2026-03-12T11:09:39Z" uid="1" user="OSMnx" version="1" changeset="1" lat="19.195767" lon="72.832993" /><node id="10941564484" timestamp="2026-03-12T11:09:39Z" uid="1" user="OSMnx" version="1" changeset="1" lat="19.196586" lon="72.833215" /><node id="10942446272" timestamp="2026-03-12T11:09:39Z" uid="1" user="OSMnx" version="1" changeset="1" lat="19.203002" lon="72.825423" /><node id="10943480522" timestamp="2026-03-12T11:09:39Z" uid="1" user="OSMnx" version="1" changeset="1" lat="19.179976" lon="72.851874" /><node id="10945620725" timestamp="2026-03-12T11:09:39Z" uid="1" user="OSMnx" version="1" changeset="1" lat="19.195965" lon="72.836605" /><node id="10945626420" timestamp="2026-03-12T11:09:39Z" uid="1" user="OSMnx" version="1" changeset="1" lat="19.194071" lon="72.840752" /><node id="10945917086" timestamp="2026-03-12T11:09:39Z" uid="1" user="OSMnx" version="1" changeset="1" lat="19.199629" lon="72.821759" /><node id="11021412066" timestamp="2026-03-12T11:09:39Z" uid="1" user="OSMnx" version="1" changeset="1" lat="19.189429" lon="72.841083" /><node id="11021412068" timestamp="2026-03-12T11:09:39Z" uid="1" user="OSMnx" version="1" changeset="1" lat="19.189857" lon="72.841018" /><node id="11027755171" timestamp="2026-03-12T11:09:39Z" uid="1" user="OSMnx" version="1" changeset="1" lat="19.174648" lon="72.845251" /><node id="11027755175" timestamp="2026-03-12T11:09:39Z" uid="1" user="OSMnx" version="1" changeset="1" lat="19.174671" lon="72.845829" /><node id="11031724808" timestamp="2026-03-12T11:09:39Z" uid="1" user="OSMnx" version="1" changeset="1" lat="19.195205" lon="72.838689" /><node id="11031738360" timestamp="2026-03-12T11:09:39Z" uid="1" user="OSMnx" version="1" changeset="1" lat="19.19795" lon="72.838135" /><node id="11033702826" timestamp="2026-03-12T11:09:39Z" uid="1" user="OSMnx" version="1" changeset="1" lat="19.189492" lon="72.84408" /><node id="11033702827" timestamp="2026-03-12T11:09:39Z" uid="1" user="OSMnx" version="1" changeset="1" lat="19.188359" lon="72.844637" /><node id="11033740147" timestamp="2026-03-12T11:09:39Z" uid="1" user="OSMnx" version="1" changeset="1" lat="19.191656" lon="72.843007" /><node id="11033740148" timestamp="2026-03-12T11:09:39Z" uid="1" user="OSMnx" version="1" changeset="1" lat="19.191738" lon="72.842534" /><node id="11033744896" timestamp="2026-03-12T11:09:39Z" uid="1" user="OSMnx" version="1" changeset="1" lat="19.19049" lon="72.84145" /><node id="11033759814" timestamp="2026-03-12T11:09:39Z" uid="1" user="OSMnx" version="1" changeset="1" lat="19.193063" lon="72.839488" /><node id="11033759815" timestamp="2026-03-12T11:09:39Z" uid="1" user="OSMnx" version="1" changeset="1" lat="19.192887" lon="72.839344" /><node id="11033764727" timestamp="2026-03-12T11:09:39Z" uid="1" user="OSMnx" version="1" changeset="1" lat="19.188926" lon="72.843403" /><node id="11033764732" timestamp="2026-03-12T11:09:39Z" uid="1" user="OSMnx" version="1" changeset="1" lat="19.188394" lon="72.843058" /><node id="11033768734" timestamp="2026-03-12T11:09:39Z" uid="1" user="OSMnx" version="1" changeset="1" lat="19.189056" lon="72.84339" /><node id="11033768735" timestamp="2026-03-12T11:09:39Z" uid="1" user="OSMnx" version="1" changeset="1" lat="19.18912" lon="72.843811" /><node id="11033769577" timestamp="2026-03-12T11:09:39Z" uid="1" user="OSMnx" version="1" changeset="1" lat="19.192223" lon="72.85003" /><node id="11033769580" timestamp="2026-03-12T11:09:39Z" uid="1" user="OSMnx" version="1" changeset="1" lat="19.192433" lon="72.850586" /><node id="11033775005" timestamp="2026-03-12T11:09:39Z" uid="1" user="OSMnx" version="1" changeset="1" lat="19.191664" lon="72.849938" /><node id="11033775006" timestamp="2026-03-12T11:09:39Z" uid="1" user="OSMnx" version="1" changeset="1" lat="19.191637" lon="72.85061" /><node id="11033780584" timestamp="2026-03-12T11:09:39Z" uid="1" user="OSMnx" version="1" changeset="1" lat="19.19365" lon="72.847139" /><node id="11033780589" timestamp="2026-03-12T11:09:39Z" uid="1" user="OSMnx" version="1" changeset="1" lat="19.19372" lon="72.848259" /><node id="11033791714" timestamp="2026-03-12T11:09:39Z" uid="1" user="OSMnx" version="1" changeset="1" lat="19.197827" lon="72.846432" /><node id="11033902800" timestamp="2026-03-12T11:09:39Z" uid="1" user="OSMnx" version="1" changeset="1" lat="19.183627" lon="72.851045" /><node id="11033902801" timestamp="2026-03-12T11:09:39Z" uid="1" user="OSMnx" version="1" changeset="1" lat="19.182783" lon="72.850904" /><node id="11033905017" timestamp="2026-03-12T11:09:39Z" uid="1" user="OSMnx" version="1" changeset="1" lat="19.18442" lon="72.852746" /><node id="11033905018" timestamp="2026-03-12T11:09:39Z" uid="1" user="OSMnx" version="1" changeset="1" lat="19.184418" lon="72.852987" /><node id="11033905019" timestamp="2026-03-12T11:09:39Z" uid="1" user="OSMnx" version="1" changeset="1" lat="19.184331" lon="72.852972" /><node id="11033905021" timestamp="2026-03-12T11:09:39Z" uid="1" user="OSMnx" version="1" changeset="1" lat="19.184452" lon="72.85358" /><node id="11033905307" timestamp="2026-03-12T11:09:39Z" uid="1" user="OSMnx" version="1" changeset="1" lat="19.184535" lon="72.850909" /><node id="11033905308" timestamp="2026-03-12T11:09:39Z" uid="1" user="OSMnx" version="1" changeset="1" lat="19.184509" lon="72.85124" /><node id="11034079792" timestamp="2026-03-12T11:09:39Z" uid="1" user="OSMnx" version="1" changeset="1" lat="19.200942" lon="72.838545" /><node id="11037162121" timestamp="2026-03-12T11:09:39Z" uid="1" user="OSMnx" version="1" changeset="1" lat="19.195708" lon="72.834362" /><node id="11037162122" timestamp="2026-03-12T11:09:39Z" uid="1" user="OSMnx" version="1" changeset="1" lat="19.196192" lon="72.834354" /><node id="11038476814" timestamp="2026-03-12T11:09:39Z" uid="1" user="OSMnx" version="1" changeset="1" lat="19.201246" lon="72.8392" /><node id="11038476815" timestamp="2026-03-12T11:09:39Z" uid="1" user="OSMnx" version="1" changeset="1" lat="19.201076" lon="72.839138" /><node id="11038545598" timestamp="2026-03-12T11:09:39Z" uid="1" user="OSMnx" version="1" changeset="1" lat="19.187858" lon="72.850893" /><node id="11038545600" timestamp="2026-03-12T11:09:39Z" uid="1" user="OSMnx" version="1" changeset="1" lat="19.188045" lon="72.851845" /><node id="11038545601" timestamp="2026-03-12T11:09:39Z" uid="1" user="OSMnx" version="1" changeset="1" lat="19.188056" lon="72.852057" /><node id="11038545602" timestamp="2026-03-12T11:09:39Z" uid="1" user="OSMnx" version="1" changeset="1" lat="19.188248" lon="72.852722" /><node id="11038545603" timestamp="2026-03-12T11:09:39Z" uid="1" user="OSMnx" version="1" changeset="1" lat="19.188588" lon="72.853806" /><node id="11038557507" timestamp="2026-03-12T11:09:39Z" uid="1" user="OSMnx" version="1" changeset="1" lat="19.187975" lon="72.851277" /><node id="11038557509" timestamp="2026-03-12T11:09:39Z" uid="1" user="OSMnx" version="1" changeset="1" lat="19.18812" lon="72.85228" /><node id="11038557511" timestamp="2026-03-12T11:09:39Z" uid="1" user="OSMnx" version="1" changeset="1" lat="19.188597" lon="72.854394" /><node id="11038581979" timestamp="2026-03-12T11:09:39Z" uid="1" user="OSMnx" version="1" changeset="1" lat="19.192419" lon="72.85089" /><node id="11038581980" timestamp="2026-03-12T11:09:39Z" uid="1" user="OSMnx" version="1" changeset="1" lat="19.192663" lon="72.850905" /><node id="11038586860" timestamp="2026-03-12T11:09:39Z" uid="1" user="OSMnx" version="1" changeset="1" lat="19.188832" lon="72.851642" /><node id="11038636237" timestamp="2026-03-12T11:09:39Z" uid="1" user="OSMnx" version="1" changeset="1" lat="19.184326" lon="72.839" /><node id="11038636241" timestamp="2026-03-12T11:09:39Z" uid="1" user="OSMnx" version="1" changeset="1" lat="19.18355" lon="72.839439" /><node id="11041648590" timestamp="2026-03-12T11:09:39Z" uid="1" user="OSMnx" version="1" changeset="1" lat="19.17628" lon="72.851492" /><node id="11041648594" timestamp="2026-03-12T11:09:39Z" uid="1" user="OSMnx" version="1" changeset="1" lat="19.175718" lon="72.851461" /><node id="11041650636" timestamp="2026-03-12T11:09:39Z" uid="1" user="OSMnx" version="1" changeset="1" lat="19.173395" lon="72.854016" /><node id="11041650638" timestamp="2026-03-12T11:09:39Z" uid="1" user="OSMnx" version="1" changeset="1" lat="19.175172" lon="72.855548" /><node id="11041836293" timestamp="2026-03-12T11:09:39Z" uid="1" user="OSMnx" version="1" changeset="1" lat="19.183637" lon="72.839847" /><node id="11041907991" timestamp="2026-03-12T11:09:39Z" uid="1" user="OSMnx" version="1" changeset="1" lat="19.185054" lon="72.84917" /><node id="11047735340" timestamp="2026-03-12T11:09:39Z" uid="1" user="OSMnx" version="1" changeset="1" lat="19.177564" lon="72.841427" /><node id="11047776028" timestamp="2026-03-12T11:09:39Z" uid="1" user="OSMnx" version="1" changeset="1" lat="19.179216" lon="72.850144" /><node id="11047776029" timestamp="2026-03-12T11:09:39Z" uid="1" user="OSMnx" version="1" changeset="1" lat="19.179188" lon="72.849575" /><node id="11054349653" timestamp="2026-03-12T11:09:39Z" uid="1" user="OSMnx" version="1" changeset="1" lat="19.175417" lon="72.83888" /><node id="11054349654" timestamp="2026-03-12T11:09:39Z" uid="1" user="OSMnx" version="1" changeset="1" lat="19.175598" lon="72.839649" /><node id="11054390106" timestamp="2026-03-12T11:09:39Z" uid="1" user="OSMnx" version="1" changeset="1" lat="19.175894" lon="72.83879" /><node id="11054390107" timestamp="2026-03-12T11:09:39Z" uid="1" user="OSMnx" version="1" changeset="1" lat="19.175931" lon="72.839116" /><node id="11054457599" timestamp="2026-03-12T11:09:39Z" uid="1" user="OSMnx" version="1" changeset="1" lat="19.181592" lon="72.844775" /><node id="11056107601" timestamp="2026-03-12T11:09:39Z" uid="1" user="OSMnx" version="1" changeset="1" lat="19.192417" lon="72.851122" /><node id="11056107602" timestamp="2026-03-12T11:09:39Z" uid="1" user="OSMnx" version="1" changeset="1" lat="19.193858" lon="72.851204" /><node id="11056107603" timestamp="2026-03-12T11:09:39Z" uid="1" user="OSMnx" version="1" changeset="1" lat="19.193236" lon="72.850195" /><node id="11056107604" timestamp="2026-03-12T11:09:39Z" uid="1" user="OSMnx" version="1" changeset="1" lat="19.193168" lon="72.851165" /><node id="11056492658" timestamp="2026-03-12T11:09:39Z" uid="1" user="OSMnx" version="1" changeset="1" lat="19.199283" lon="72.84982" /><node id="11056582829" timestamp="2026-03-12T11:09:39Z" uid="1" user="OSMnx" version="1" changeset="1" lat="19.202503" lon="72.839695" /><node id="11056582830" timestamp="2026-03-12T11:09:39Z" uid="1" user="OSMnx" version="1" changeset="1" lat="19.202504" lon="72.84023" /><node id="11056582831" timestamp="2026-03-12T11:09:39Z" uid="1" user="OSMnx" version="1" changeset="1" lat="19.20258" lon="72.840409" /><node id="11056582832" timestamp="2026-03-12T11:09:39Z" uid="1" user="OSMnx" version="1" changeset="1" lat="19.202418" lon="72.840234" /><node id="11056582835" timestamp="2026-03-12T11:09:39Z" uid="1" user="OSMnx" version="1" changeset="1" lat="19.202694" lon="72.840305" /><node id="11057828331" timestamp="2026-03-12T11:09:39Z" uid="1" user="OSMnx" version="1" changeset="1" lat="19.204361" lon="72.820313" /><node id="11057828332" timestamp="2026-03-12T11:09:39Z" uid="1" user="OSMnx" version="1" changeset="1" lat="19.204345" lon="72.820506" /><node id="11057935964" timestamp="2026-03-12T11:09:39Z" uid="1" user="OSMnx" version="1" changeset="1" lat="19.180857" lon="72.85244" /><node id="11057935965" timestamp="2026-03-12T11:09:39Z" uid="1" user="OSMnx" version="1" changeset="1" lat="19.181208" lon="72.852486" /><node id="11061144493" timestamp="2026-03-12T11:09:39Z" uid="1" user="OSMnx" version="1" changeset="1" lat="19.197945" lon="72.818886" /><node id="11061148676" timestamp="2026-03-12T11:09:39Z" uid="1" user="OSMnx" version="1" changeset="1" lat="19.197167" lon="72.819852" /><node id="11061148677" timestamp="2026-03-12T11:09:39Z" uid="1" user="OSMnx" version="1" changeset="1" lat="19.19755" lon="72.819863" /><node id="11064522129" timestamp="2026-03-12T11:09:39Z" uid="1" user="OSMnx" version="1" changeset="1" lat="19.187292" lon="72.818123" /><node id="11064522130" timestamp="2026-03-12T11:09:39Z" uid="1" user="OSMnx" version="1" changeset="1" lat="19.187332" lon="72.818636" /><node id="11065301120" timestamp="2026-03-12T11:09:39Z" uid="1" user="OSMnx" version="1" changeset="1" lat="19.1975" lon="72.849503" /><node id="11068307921" timestamp="2026-03-12T11:09:39Z" uid="1" user="OSMnx" version="1" changeset="1" lat="19.170319" lon="72.848431" /><node id="11070528679" timestamp="2026-03-12T11:09:39Z" uid="1" user="OSMnx" version="1" changeset="1" lat="19.176087" lon="72.842881" /><node id="11070528680" timestamp="2026-03-12T11:09:39Z" uid="1" user="OSMnx" version="1" changeset="1" lat="19.175763" lon="72.842761" /><node id="11070528681" timestamp="2026-03-12T11:09:39Z" uid="1" user="OSMnx" version="1" changeset="1" lat="19.176094" lon="72.842855" /><node id="11070529429" timestamp="2026-03-12T11:09:39Z" uid="1" user="OSMnx" version="1" changeset="1" lat="19.194503" lon="72.839287" /><node id="11070540080" timestamp="2026-03-12T11:09:39Z" uid="1" user="OSMnx" version="1" changeset="1" lat="19.175347" lon="72.841651" /><node id="11070540081" timestamp="2026-03-12T11:09:39Z" uid="1" user="OSMnx" version="1" changeset="1" lat="19.175978" lon="72.841964" /><node id="11070540082" timestamp="2026-03-12T11:09:39Z" uid="1" user="OSMnx" version="1" changeset="1" lat="19.175323" lon="72.841723" /><node id="11070603556" timestamp="2026-03-12T11:09:39Z" uid="1" user="OSMnx" version="1" changeset="1" lat="19.175144" lon="72.843527" /><node id="11070603558" timestamp="2026-03-12T11:09:39Z" uid="1" user="OSMnx" version="1" changeset="1" lat="19.175041" lon="72.843758" /><node id="11070603559" timestamp="2026-03-12T11:09:39Z" uid="1" user="OSMnx" version="1" changeset="1" lat="19.175114" lon="72.843508" /><node id="11070771949" timestamp="2026-03-12T11:09:39Z" uid="1" user="OSMnx" version="1" changeset="1" lat="19.172063" lon="72.843814" /><node id="11070963699" timestamp="2026-03-12T11:09:39Z" uid="1" user="OSMnx" version="1" changeset="1" lat="19.192477" lon="72.818826" /><node id="11070963702" timestamp="2026-03-12T11:09:39Z" uid="1" user="OSMnx" version="1" changeset="1" lat="19.192976" lon="72.82139" /><node id="11073250121" timestamp="2026-03-12T11:09:39Z" uid="1" user="OSMnx" version="1" changeset="1" lat="19.170375" lon="72.848428" /><node id="11155598741" timestamp="2026-03-12T11:09:39Z" uid="1" user="OSMnx" version="1" changeset="1" lat="19.204069" lon="72.827215" /><node id="11185368409" timestamp="2026-03-12T11:09:39Z" uid="1" user="OSMnx" version="1" changeset="1" lat="19.203065" lon="72.827123" /><node id="11185368410" timestamp="2026-03-12T11:09:39Z" uid="1" user="OSMnx" version="1" changeset="1" lat="19.203186" lon="72.826906" /><node id="11185368411" timestamp="2026-03-12T11:09:39Z" uid="1" user="OSMnx" version="1" changeset="1" lat="19.203448" lon="72.826493" /><node id="11185368412" timestamp="2026-03-12T11:09:39Z" uid="1" user="OSMnx" version="1" changeset="1" lat="19.203597" lon="72.826301" /><node id="11217019848" timestamp="2026-03-12T11:09:39Z" uid="1" user="OSMnx" version="1" changeset="1" lat="19.177827" lon="72.848392" /><node id="11217019849" timestamp="2026-03-12T11:09:39Z" uid="1" user="OSMnx" version="1" changeset="1" lat="19.177114" lon="72.849195" /><node id="11243204115" timestamp="2026-03-12T11:09:39Z" uid="1" user="OSMnx" version="1" changeset="1" lat="19.190145" lon="72.829552" /><node id="11243204117" timestamp="2026-03-12T11:09:39Z" uid="1" user="OSMnx" version="1" changeset="1" lat="19.190176" lon="72.82911" /><node id="11243204118" timestamp="2026-03-12T11:09:39Z" uid="1" user="OSMnx" version="1" changeset="1" lat="19.190176" lon="72.829047" /><node id="11254799221" timestamp="2026-03-12T11:09:39Z" uid="1" user="OSMnx" version="1" changeset="1" lat="19.186073" lon="72.838321" /><node id="11254799222" timestamp="2026-03-12T11:09:39Z" uid="1" user="OSMnx" version="1" changeset="1" lat="19.186089" lon="72.838236" /><node id="11254799228" timestamp="2026-03-12T11:09:39Z" uid="1" user="OSMnx" version="1" changeset="1" lat="19.184231" lon="72.836931" /><node id="11430469526" timestamp="2026-03-12T11:09:39Z" uid="1" user="OSMnx" version="1" changeset="1" lat="19.17956" lon="72.854394" /><node id="11430469527" timestamp="2026-03-12T11:09:39Z" uid="1" user="OSMnx" version="1" changeset="1" lat="19.179562" lon="72.853832" /><node id="11765870677" timestamp="2026-03-12T11:09:39Z" uid="1" user="OSMnx" version="1" changeset="1" lat="19.203591" lon="72.842875" /><node id="11826800940" timestamp="2026-03-12T11:09:39Z" uid="1" user="OSMnx" version="1" changeset="1" lat="19.192123" lon="72.822047" /><node id="11826800941" timestamp="2026-03-12T11:09:39Z" uid="1" user="OSMnx" version="1" changeset="1" lat="19.191766" lon="72.821963" /><node id="11826800942" timestamp="2026-03-12T11:09:39Z" uid="1" user="OSMnx" version="1" changeset="1" lat="19.191765" lon="72.822025" /><node id="11826800943" timestamp="2026-03-12T11:09:39Z" uid="1" user="OSMnx" version="1" changeset="1" lat="19.188332" lon="72.819548" /><node id="11826800944" timestamp="2026-03-12T11:09:39Z" uid="1" user="OSMnx" version="1" changeset="1" lat="19.18332" lon="72.819125" /><node id="11886275213" timestamp="2026-03-12T11:09:39Z" uid="1" user="OSMnx" version="1" changeset="1" lat="19.20514" lon="72.849788" /><node id="11886275214" timestamp="2026-03-12T11:09:39Z" uid="1" user="OSMnx" version="1" changeset="1" lat="19.205184" lon="72.849329" /><node id="11893511746" timestamp="2026-03-12T11:09:39Z" uid="1" user="OSMnx" version="1" changeset="1" lat="19.203812" lon="72.842947" /><node id="11893511751" timestamp="2026-03-12T11:09:39Z" uid="1" user="OSMnx" version="1" changeset="1" lat="19.204053" lon="72.842766" /><node id="11991486843" timestamp="2026-03-12T11:09:39Z" uid="1" user="OSMnx" version="1" changeset="1" lat="19.173887" lon="72.836264" /><node id="12071262429" timestamp="2026-03-12T11:09:39Z" uid="1" user="OSMnx" version="1" changeset="1" lat="19.198211" lon="72.84644" /><node id="12071506763" timestamp="2026-03-12T11:09:39Z" uid="1" user="OSMnx" version="1" changeset="1" lat="19.178604" lon="72.852092" /><node id="12071506764" timestamp="2026-03-12T11:09:39Z" uid="1" user="OSMnx" version="1" changeset="1" lat="19.179475" lon="72.852484" /><node id="12071506765" timestamp="2026-03-12T11:09:39Z" uid="1" user="OSMnx" version="1" changeset="1" lat="19.179463" lon="72.852513" /><node id="12073413533" timestamp="2026-03-12T11:09:39Z" uid="1" user="OSMnx" version="1" changeset="1" lat="19.198209" lon="72.846014" /><node id="12075223032" timestamp="2026-03-12T11:09:39Z" uid="1" user="OSMnx" version="1" changeset="1" lat="19.190596" lon="72.842396" /><node id="12075229154" timestamp="2026-03-12T11:09:39Z" uid="1" user="OSMnx" version="1" changeset="1" lat="19.188415" lon="72.841027" /><node id="12075229155" timestamp="2026-03-12T11:09:39Z" uid="1" user="OSMnx" version="1" changeset="1" lat="19.187802" lon="72.840953" /><node id="12086530089" timestamp="2026-03-12T11:09:39Z" uid="1" user="OSMnx" version="1" changeset="1" lat="19.205276" lon="72.824537" /><node id="12099962147" timestamp="2026-03-12T11:09:39Z" uid="1" user="OSMnx" version="1" changeset="1" lat="19.188197" lon="72.835454" /><node id="12124288546" timestamp="2026-03-12T11:09:39Z" uid="1" user="OSMnx" version="1" changeset="1" lat="19.173898" lon="72.84727" /><node id="12124288562" timestamp="2026-03-12T11:09:39Z" uid="1" user="OSMnx" version="1" changeset="1" lat="19.174003" lon="72.842346" /><node id="12124288583" timestamp="2026-03-12T11:09:39Z" uid="1" user="OSMnx" version="1" changeset="1" lat="19.1738" lon="72.847284" /><node id="12211992324" timestamp="2026-03-12T11:09:39Z" uid="1" user="OSMnx" version="1" changeset="1" lat="19.186031" lon="72.844182" /><node id="12211992325" timestamp="2026-03-12T11:09:39Z" uid="1" user="OSMnx" version="1" changeset="1" lat="19.184906" lon="72.844306" /><node id="12249800606" timestamp="2026-03-12T11:09:39Z" uid="1" user="OSMnx" version="1" changeset="1" lat="19.170699" lon="72.854308" /><node id="12249800607" timestamp="2026-03-12T11:09:39Z" uid="1" user="OSMnx" version="1" changeset="1" lat="19.170974" lon="72.855069" /><node id="12249800608" timestamp="2026-03-12T11:09:39Z" uid="1" user="OSMnx" version="1" changeset="1" lat="19.170839" lon="72.854697" /><node id="12249800609" timestamp="2026-03-12T11:09:39Z" uid="1" user="OSMnx" version="1" changeset="1" lat="19.171252" lon="72.854582" /><node id="12296055884" timestamp="2026-03-12T11:09:39Z" uid="1" user="OSMnx" version="1" changeset="1" lat="19.174468" lon="72.853057" /><node id="12296083523" timestamp="2026-03-12T11:09:39Z" uid="1" user="OSMnx" version="1" changeset="1" lat="19.173448" lon="72.853013" /><node id="12299284372" timestamp="2026-03-12T11:09:39Z" uid="1" user="OSMnx" version="1" changeset="1" lat="19.185818" lon="72.838268" /><node id="12299284373" timestamp="2026-03-12T11:09:39Z" uid="1" user="OSMnx" version="1" changeset="1" lat="19.185839" lon="72.838176" /><node id="12301077678" timestamp="2026-03-12T11:09:39Z" uid="1" user="OSMnx" version="1" changeset="1" lat="19.170773" lon="72.83621" /><node id="12323257823" timestamp="2026-03-12T11:09:39Z" uid="1" user="OSMnx" version="1" changeset="1" lat="19.192021" lon="72.833666" /><node id="12330631588" timestamp="2026-03-12T11:09:39Z" uid="1" user="OSMnx" version="1" changeset="1" lat="19.18846" lon="72.825103" /><node id="12330631589" timestamp="2026-03-12T11:09:39Z" uid="1" user="OSMnx" version="1" changeset="1" lat="19.194451" lon="72.825856" /><node id="12330631591" timestamp="2026-03-12T11:09:39Z" uid="1" user="OSMnx" version="1" changeset="1" lat="19.196339" lon="72.826147" /><node id="12330631592" timestamp="2026-03-12T11:09:39Z" uid="1" user="OSMnx" version="1" changeset="1" lat="19.19644" lon="72.826138" /><node id="12330631596" timestamp="2026-03-12T11:09:39Z" uid="1" user="OSMnx" version="1" changeset="1" lat="19.190489" lon="72.825423" /><node id="12330673932" timestamp="2026-03-12T11:09:39Z" uid="1" user="OSMnx" version="1" changeset="1" lat="19.190889" lon="72.825448" /><node id="12330673933" timestamp="2026-03-12T11:09:39Z" uid="1" user="OSMnx" version="1" changeset="1" lat="19.190881" lon="72.82559" /><node id="12330703644" timestamp="2026-03-12T11:09:39Z" uid="1" user="OSMnx" version="1" changeset="1" lat="19.194641" lon="72.825887" /><node id="12330703645" timestamp="2026-03-12T11:09:39Z" uid="1" user="OSMnx" version="1" changeset="1" lat="19.194619" lon="72.826004" /><node id="12330703646" timestamp="2026-03-12T11:09:39Z" uid="1" user="OSMnx" version="1" changeset="1" lat="19.194963" lon="72.825939" /><node id="12330703647" timestamp="2026-03-12T11:09:39Z" uid="1" user="OSMnx" version="1" changeset="1" lat="19.194944" lon="72.82606" /><node id="12330720009" timestamp="2026-03-12T11:09:39Z" uid="1" user="OSMnx" version="1" changeset="1" lat="19.192874" lon="72.825652" /><node id="12353311379" timestamp="2026-03-12T11:09:39Z" uid="1" user="OSMnx" version="1" changeset="1" lat="19.179225" lon="72.850203" /><node id="12381780507" timestamp="2026-03-12T11:09:39Z" uid="1" user="OSMnx" version="1" changeset="1" lat="19.188461" lon="72.850966" /><node id="12408665370" timestamp="2026-03-12T11:09:39Z" uid="1" user="OSMnx" version="1" changeset="1" lat="19.181668" lon="72.836118"><tag k="highway" v="traffic_signals" /></node><node id="12408665371" timestamp="2026-03-12T11:09:39Z" uid="1" user="OSMnx" version="1" changeset="1" lat="19.181594" lon="72.835507" /><node id="12408665372" timestamp="2026-03-12T11:09:39Z" uid="1" user="OSMnx" version="1" changeset="1" lat="19.181647" lon="72.835905" /><node id="12409040681" timestamp="2026-03-12T11:09:39Z" uid="1" user="OSMnx" version="1" changeset="1" lat="19.1843" lon="72.842131" /><node id="12435004791" timestamp="2026-03-12T11:09:39Z" uid="1" user="OSMnx" version="1" changeset="1" lat="19.196869" lon="72.833875" /><node id="12435004792" timestamp="2026-03-12T11:09:39Z" uid="1" user="OSMnx" version="1" changeset="1" lat="19.196862" lon="72.833976" /><node id="12435013204" timestamp="2026-03-12T11:09:39Z" uid="1" user="OSMnx" version="1" changeset="1" lat="19.196255" lon="72.833823" /><node id="12435013205" timestamp="2026-03-12T11:09:39Z" uid="1" user="OSMnx" version="1" changeset="1" lat="19.196248" lon="72.833927" /><node id="12455575051" timestamp="2026-03-12T11:09:39Z" uid="1" user="OSMnx" version="1" changeset="1" lat="19.19844" lon="72.818284" /><node id="12458645341" timestamp="2026-03-12T11:09:39Z" uid="1" user="OSMnx" version="1" changeset="1" lat="19.183828" lon="72.839068" /><node id="12873001089" timestamp="2026-03-12T11:09:39Z" uid="1" user="OSMnx" version="1" changeset="1" lat="19.197975" lon="72.841708" /><node id="13037031254" timestamp="2026-03-12T11:09:39Z" uid="1" user="OSMnx" version="1" changeset="1" lat="19.19511" lon="72.840803" /><node id="13037031255" timestamp="2026-03-12T11:09:39Z" uid="1" user="OSMnx" version="1" changeset="1" lat="19.194566" lon="72.839521" /><node id="13037031263" timestamp="2026-03-12T11:09:39Z" uid="1" user="OSMnx" version="1" changeset="1" lat="19.195235" lon="72.84017" /><node id="13037031266" timestamp="2026-03-12T11:09:39Z" uid="1" user="OSMnx" version="1" changeset="1" lat="19.195284" lon="72.840721" /><node id="13037031267" timestamp="2026-03-12T11:09:39Z" uid="1" user="OSMnx" version="1" changeset="1" lat="19.194917" lon="72.840292" /><node id="13279030993" timestamp="2026-03-12T11:09:39Z" uid="1" user="OSMnx" version="1" changeset="1" lat="19.173434" lon="72.840829" /><node id="13279121403" timestamp="2026-03-12T11:09:39Z" uid="1" user="OSMnx" version="1" changeset="1" lat="19.170127" lon="72.841494" /><node id="13279121404" timestamp="2026-03-12T11:09:39Z" uid="1" user="OSMnx" version="1" changeset="1" lat="19.170066" lon="72.841467" /><node id="13279121405" timestamp="2026-03-12T11:09:39Z" uid="1" user="OSMnx" version="1" changeset="1" lat="19.172926" lon="72.840844" /><node id="13279121406" timestamp="2026-03-12T11:09:39Z" uid="1" user="OSMnx" version="1" changeset="1" lat="19.172934" lon="72.840941" /><node id="13298813735" timestamp="2026-03-12T11:09:39Z" uid="1" user="OSMnx" version="1" changeset="1" lat="19.198562" lon="72.854486" /><node id="13298813736" timestamp="2026-03-12T11:09:39Z" uid="1" user="OSMnx" version="1" changeset="1" lat="19.19848" lon="72.853991" /><node id="13327911427" timestamp="2026-03-12T11:09:39Z" uid="1" user="OSMnx" version="1" changeset="1" lat="19.191068" lon="72.837398" /><node id="13335369195" timestamp="2026-03-12T11:09:39Z" uid="1" user="OSMnx" version="1" changeset="1" lat="19.190365" lon="72.844179" /><node id="13335369196" timestamp="2026-03-12T11:09:39Z" uid="1" user="OSMnx" version="1" changeset="1" lat="19.18992" lon="72.844404" /><node id="13335414942" timestamp="2026-03-12T11:09:39Z" uid="1" user="OSMnx" version="1" changeset="1" lat="19.189524" lon="72.842599" /><node id="13335414943" timestamp="2026-03-12T11:09:39Z" uid="1" user="OSMnx" version="1" changeset="1" lat="19.190576" lon="72.842904" /><node id="13345667313" timestamp="2026-03-12T11:09:39Z" uid="1" user="OSMnx" version="1" changeset="1" lat="19.192528" lon="72.8378" /><node id="13352597190" timestamp="2026-03-12T11:09:39Z" uid="1" user="OSMnx" version="1" changeset="1" lat="19.186881" lon="72.846688" /><node id="13361372177" timestamp="2026-03-12T11:09:39Z" uid="1" user="OSMnx" version="1" changeset="1" lat="19.188521" lon="72.83694" /><node id="13361372178" timestamp="2026-03-12T11:09:39Z" uid="1" user="OSMnx" version="1" changeset="1" lat="19.188461" lon="72.836406" /><node id="13366777569" timestamp="2026-03-12T11:09:39Z" uid="1" user="OSMnx" version="1" changeset="1" lat="19.186518" lon="72.84671" /><node id="13366777570" timestamp="2026-03-12T11:09:39Z" uid="1" user="OSMnx" version="1" changeset="1" lat="19.186576" lon="72.847907" /><node id="13382767043" timestamp="2026-03-12T11:09:39Z" uid="1" user="OSMnx" version="1" changeset="1" lat="19.184985" lon="72.846746" /><node id="13382767044" timestamp="2026-03-12T11:09:39Z" uid="1" user="OSMnx" version="1" changeset="1" lat="19.184957" lon="72.846286" /><node id="13382789420" timestamp="2026-03-12T11:09:39Z" uid="1" user="OSMnx" version="1" changeset="1" lat="19.186075" lon="72.846656" /><node id="13382789424" timestamp="2026-03-12T11:09:39Z" uid="1" user="OSMnx" version="1" changeset="1" lat="19.185768" lon="72.84575" /><node id="13382837194" timestamp="2026-03-12T11:09:39Z" uid="1" user="OSMnx" version="1" changeset="1" lat="19.192121" lon="72.836871" /><node id="13382849643" timestamp="2026-03-12T11:09:39Z" uid="1" user="OSMnx" version="1" changeset="1" lat="19.189823" lon="72.845014" /><node id="13382939447" timestamp="2026-03-12T11:09:39Z" uid="1" user="OSMnx" version="1" changeset="1" lat="19.184479" lon="72.845956" /><node id="13382939452" timestamp="2026-03-12T11:09:39Z" uid="1" user="OSMnx" version="1" changeset="1" lat="19.184618" lon="72.846381" /><node id="13382974525" timestamp="2026-03-12T11:09:39Z" uid="1" user="OSMnx" version="1" changeset="1" lat="19.189049" lon="72.836352" /><node id="13409912186" timestamp="2026-03-12T11:09:39Z" uid="1" user="OSMnx" version="1" changeset="1" lat="19.178363" lon="72.843372" /><node id="13428815703" timestamp="2026-03-12T11:09:39Z" uid="1" user="OSMnx" version="1" changeset="1" lat="19.195776" lon="72.847243" /><node id="13428815705" timestamp="2026-03-12T11:09:39Z" uid="1" user="OSMnx" version="1" changeset="1" lat="19.195791" lon="72.84718" /><node id="13437737155" timestamp="2026-03-12T11:09:39Z" uid="1" user="OSMnx" version="1" changeset="1" lat="19.180389" lon="72.838078" /><node id="13441764119" timestamp="2026-03-12T11:09:39Z" uid="1" user="OSMnx" version="1" changeset="1" lat="19.187561" lon="72.824916" /><node id="13441764123" timestamp="2026-03-12T11:09:39Z" uid="1" user="OSMnx" version="1" changeset="1" lat="19.1882" lon="72.82506" /><node id="13441764124" timestamp="2026-03-12T11:09:39Z" uid="1" user="OSMnx" version="1" changeset="1" lat="19.188226" lon="72.824947" /><node id="13572591173" timestamp="2026-03-12T11:09:39Z" uid="1" user="OSMnx" version="1" changeset="1" lat="19.198817" lon="72.833769" /><node id="13572591174" timestamp="2026-03-12T11:09:39Z" uid="1" user="OSMnx" version="1" changeset="1" lat="19.198812" lon="72.834015" /><node id="13597681621" timestamp="2026-03-12T11:09:39Z" uid="1" user="OSMnx" version="1" changeset="1" lat="19.199459" lon="72.828029" /><way id="0" timestamp="2026-03-12T11:09:39Z" uid="1" user="OSMnx" version="1" changeset="1"><nd ref="245678339" /><nd ref="7241667069" /><tag k="highway" v="tertiary" /><tag k="name" v="Jai Chand Lal Karwa Marg" /><tag k="oneway" v="no" /></way><way id="1" timestamp="2026-03-12T11:09:39Z" uid="1" user="OSMnx" version="1" changeset="1"><nd ref="245678357" /><nd ref="769036599" /><tag k="highway" v="tertiary" /><tag k="name" v="Vasari Hl Road" /><tag k="oneway" v="no" /></way><way id="2" timestamp="2026-03-12T11:09:39Z" uid="1" user="OSMnx" version="1" changeset="1"><nd ref="245678357" /><nd ref="7241667066" /><tag k="highway" v="primary" /><tag k="name" v="Chinchowali Bandar Link Road" /><tag k="oneway" v="no" /></way><way id="3" timestamp="2026-03-12T11:09:39Z" uid="1" user="OSMnx" version="1" changeset="1"><nd ref="245678362" /><nd ref="13279121403" /><tag k="highway" v="tertiary" /><tag k="oneway" v="no" /></way><way id="4" timestamp="2026-03-12T11:09:39Z" uid="1" user="OSMnx" version="1" changeset="1"><nd ref="245678362" /><nd ref="13279121405" /><tag k="highway" v="tertiary" /><tag k="oneway" v="no" /></way><way id="5" timestamp="2026-03-12T11:09:39Z" uid="1" user="OSMnx" version="1" changeset="1"><nd ref="245678558" /><nd ref="3878492911" /><tag k="highway" v="secondary" /><tag k="name" v="Goregaon Mulund Link Road" /><tag k="oneway" v="no" /></way><way id="6" timestamp="2026-03-12T11:09:39Z" uid="1" user="OSMnx" version="1" changeset="1"><nd ref="245678558" /><nd ref="245678357" /><tag k="highway" v="primary" /><tag k="name" v="Link Road" /><tag k="oneway" v="no" /></way><way id="7" timestamp="2026-03-12T11:09:39Z" uid="1" user="OSMnx" version="1" changeset="1"><nd ref="245678572" /><nd ref="245678584" /><tag k="highway" v="secondary" /><tag k="name" v="Goregaon Mulund Link Road" /><tag k="oneway" v="no" /></way><way id="8" timestamp="2026-03-12T11:09:39Z" uid="1" user="OSMnx" version="1" changeset="1"><nd ref="245678584" /><nd ref="245678558" /><tag k="highway" v="secondary" /><tag k="name" v="Goregaon Mulund Link Road" /><tag k="oneway" v="no" /></way><way id="9" timestamp="2026-03-12T11:09:39Z" uid="1" user="OSMnx" version="1" changeset="1"><nd ref="245678732" /><nd ref="1185812968" /><tag k="highway" v="tertiary" /><tag k="name" v="Sundar Nagar Road" /><tag k="oneway" v="no" /></way><way id="10" timestamp="2026-03-12T11:09:39Z" uid="1" user="OSMnx" version="1" changeset="1"><nd ref="245678732" /><nd ref="10277547716" /><tag k="highway" v="primary" /><tag k="name" v="Link Road" /><tag k="oneway" v="no" /></way><way id="11" timestamp="2026-03-12T11:09:39Z" uid="1" user="OSMnx" version="1" changeset="1"><nd ref="245678918" /><nd ref="6204119841" /><tag k="highway" v="secondary" /><tag k="lanes" v="2" /><tag k="name" v="Chincholi Bunder Road" /><tag k="oneway" v="no" /></way><way id="12" timestamp="2026-03-12T11:09:39Z" uid="1" user="OSMnx" version="1" changeset="1"><nd ref="245678918" /><nd ref="9889482062" /><tag k="highway" v="primary" /><tag k="name" v="Link Road" /><tag k="oneway" v="no" /></way><way id="13" timestamp="2026-03-12T11:09:39Z" uid="1" user="OSMnx" version="1" changeset="1"><nd ref="245679398" /><nd ref="1632712320" /><tag k="highway" v="tertiary" /><tag k="oneway" v="no" /></way><way id="14" timestamp="2026-03-12T11:09:39Z" uid="1" user="OSMnx" version="1" changeset="1"><nd ref="245679398" /><nd ref="1361563721" /><tag k="highway" v="tertiary" /><tag k="name" v="Daftary Road" /><tag k="oneway" v="no" /></way><way id="15" timestamp="2026-03-12T11:09:39Z" uid="1" user="OSMnx" version="1" changeset="1"><nd ref="245679398" /><nd ref="1632712260" /><tag k="highway" v="residential" /><tag k="name" v="Daftary Road" /><tag k="oneway" v="no" /></way><way id="16" timestamp="2026-03-12T11:09:39Z" uid="1" user="OSMnx" version="1" changeset="1"><nd ref="245679422" /><nd ref="11038557509" /><tag k="highway" v="residential" /><tag k="oneway" v="no" /></way><way id="17" timestamp="2026-03-12T11:09:39Z" uid="1" user="OSMnx" version="1" changeset="1"><nd ref="245679422" /><nd ref="3795055149" /><tag k="highway" v="residential" /><tag k="name" v="Khandwala Road" /><tag k="oneway" v="no" /></way><way id="18" timestamp="2026-03-12T11:09:39Z" uid="1" user="OSMnx" version="1" changeset="1"><nd ref="245679422" /><nd ref="1361598564" /><tag k="highway" v="tertiary" /><tag k="name" v="Daftary Road" /><tag k="oneway" v="no" /></way><way id="19" timestamp="2026-03-12T11:09:39Z" uid="1" user="OSMnx" version="1" changeset="1"><nd ref="245679479" /><nd ref="3794262396" /><tag k="highway" v="secondary" /><tag k="oneway" v="no" /></way><way id="20" timestamp="2026-03-12T11:09:39Z" uid="1" user="OSMnx" version="1" changeset="1"><nd ref="245679479" /><nd ref="9859727558" /><tag k="highway" v="primary" /><tag k="name" v="Link Road" /><tag k="oneway" v="no" /></way><way id="21" timestamp="2026-03-12T11:09:39Z" uid="1" user="OSMnx" version="1" changeset="1"><nd ref="245679479" /><nd ref="13382974525" /><tag k="highway" v="secondary" /><tag k="name" v="Kachipada Ramchandra Lane" /><tag k="oneway" v="no" /></way><way id="22" timestamp="2026-03-12T11:09:39Z" uid="1" user="OSMnx" version="1" changeset="1"><nd ref="245679851" /><nd ref="2222707687" /><tag k="highway" v="primary" /><tag k="name" v="Link Road" /><tag k="oneway" v="no" /></way><way id="23" timestamp="2026-03-12T11:09:39Z" uid="1" user="OSMnx" version="1" changeset="1"><nd ref="245679851" /><nd ref="2222707735" /><tag k="highway" v="residential" /><tag k="name" v="Sundar Lane" /><tag k="oneway" v="no" /></way><way id="24" timestamp="2026-03-12T11:09:39Z" uid="1" user="OSMnx" version="1" changeset="1"><nd ref="245679943" /><nd ref="11037162121" /><tag k="highway" v="secondary" /><tag k="name" v="Fr. Justin D'Souza Road" /><tag k="oneway" v="no" /></way><way id="25" timestamp="2026-03-12T11:09:39Z" uid="1" user="OSMnx" version="1" changeset="1"><nd ref="245679943" /><nd ref="7388110222" /><tag k="highway" v="primary" /><tag k="name" v="Link Road" /><tag k="oneway" v="no" /></way><way id="26" timestamp="2026-03-12T11:09:39Z" uid="1" user="OSMnx" version="1" changeset="1"><nd ref="245679988" /><nd ref="2224504049" /><tag k="highway" v="secondary" /><tag k="oneway" v="no" /></way><way id="27" timestamp="2026-03-12T11:09:39Z" uid="1" user="OSMnx" version="1" changeset="1"><nd ref="245679988" /><nd ref="7345380801" /><tag k="highway" v="secondary" /><tag k="name" v="Malad Marve Road" /><tag k="oneway" v="no" /></way><way id="28" timestamp="2026-03-12T11:09:39Z" uid="1" user="OSMnx" version="1" changeset="1"><nd ref="245680447" /><nd ref="245680456" /><tag k="highway" v="tertiary" /><tag k="name" v="Shantilal Modi Road" /><tag k="oneway" v="no" /></way><way id="29" timestamp="2026-03-12T11:09:39Z" uid="1" user="OSMnx" version="1" changeset="1"><nd ref="245680447" /><nd ref="1188787691" /><tag k="highway" v="residential" /><tag k="name" v="B Padia Road" /><tag k="oneway" v="no" /></way><way id="30" timestamp="2026-03-12T11:09:39Z" uid="1" user="OSMnx" version="1" changeset="1"><nd ref="245680456" /><nd ref="245680554" /><tag k="highway" v="residential" /><tag k="name" v="Subhash Lane" /><tag k="oneway" v="no" /></way><way id="31" timestamp="2026-03-12T11:09:39Z" uid="1" user="OSMnx" version="1" changeset="1"><nd ref="245680537" /><nd ref="1633547687" /><tag k="highway" v="residential" /><tag k="name" v="L Narayan Lane" /><tag k="oneway" v="no" /></way><way id="32" timestamp="2026-03-12T11:09:39Z" uid="1" user="OSMnx" version="1" changeset="1"><nd ref="245680554" /><nd ref="3795056528" /><tag k="highway" v="tertiary" /><tag k="name" v="Mathurdas Road" /><tag k="oneway" v="no" /></way><way id="33" timestamp="2026-03-12T11:09:39Z" uid="1" user="OSMnx" version="1" changeset="1"><nd ref="245680611" /><nd ref="245680623" /><tag k="highway" v="residential" /><tag k="name" v="Mahatma Gandhi Cross Road No 1" /><tag k="oneway" v="no" /></way><way id="34" timestamp="2026-03-12T11:09:39Z" uid="1" user="OSMnx" version="1" changeset="1"><nd ref="245680611" /><nd ref="1188783120" /><tag k="highway" v="residential" /><tag k="name" v="Kaviyatri Meena Suthar Marg" /><tag k="oneway" v="no" /></way><way id="35" timestamp="2026-03-12T11:09:39Z" uid="1" user="OSMnx" version="1" changeset="1"><nd ref="245680612" /><nd ref="7378448185" /><tag k="highway" v="residential" /><tag k="name" v="L Narayan Lane" /><tag k="oneway" v="no" /></way><way id="36" timestamp="2026-03-12T11:09:39Z" uid="1" user="OSMnx" version="1" changeset="1"><nd ref="245680612" /><nd ref="1353481298" /><tag k="highway" v="secondary" /><tag k="name" v="Mahatma Gandhi Road" /><tag k="oneway" v="no" /></way><way id="37" timestamp="2026-03-12T11:09:39Z" uid="1" user="OSMnx" version="1" changeset="1"><nd ref="245680623" /><nd ref="245680677" /><tag k="highway" v="residential" /><tag k="name" v="Mahatma Gandhi Cross Road No 1" /><tag k="oneway" v="no" /></way><way id="38" timestamp="2026-03-12T11:09:39Z" uid="1" user="OSMnx" version="1" changeset="1"><nd ref="245680648" /><nd ref="4357098658" /><tag k="highway" v="secondary" /><tag k="name" v="Mahatma Gandhi Road" /><tag k="oneway" v="no" /></way><way id="39" timestamp="2026-03-12T11:09:39Z" uid="1" user="OSMnx" version="1" changeset="1"><nd ref="245680677" /><nd ref="7378436382" /><tag k="highway" v="residential" /><tag k="name" v="Mahatma Gandhi Cross Road No 1" /><tag k="oneway" v="no" /></way><way id="40" timestamp="2026-03-12T11:09:39Z" uid="1" user="OSMnx" version="1" changeset="1"><nd ref="245680677" /><nd ref="2222708796" /><tag k="highway" v="secondary" /><tag k="name" v="Mahatma Gandhi Road" /><tag k="oneway" v="no" /></way><way id="41" timestamp="2026-03-12T11:09:39Z" uid="1" user="OSMnx" version="1" changeset="1"><nd ref="245680708" /><nd ref="7378436379" /><tag k="highway" v="residential" /><tag k="lanes" v="2" /><tag k="name" v="MG Road No 4" /><tag k="oneway" v="no" /></way><way id="42" timestamp="2026-03-12T11:09:39Z" uid="1" user="OSMnx" version="1" changeset="1"><nd ref="245680708" /><nd ref="7378983368" /><tag k="highway" v="residential" /><tag k="lanes" v="2" /><tag k="name" v="Mahatma Gandhi cross road no. 3" /><tag k="oneway" v="no" /></way><way id="43" timestamp="2026-03-12T11:09:39Z" uid="1" user="OSMnx" version="1" changeset="1"><nd ref="245680708" /><nd ref="7378983357" /><tag k="highway" v="secondary" /><tag k="name" v="Mahatma Gandhi Road" /><tag k="oneway" v="no" /></way><way id="44" timestamp="2026-03-12T11:09:39Z" uid="1" user="OSMnx" version="1" changeset="1"><nd ref="619185664" /><nd ref="6430906958" /><tag k="highway" v="tertiary" /><tag k="oneway" v="no" /></way><way id="45" timestamp="2026-03-12T11:09:39Z" uid="1" user="OSMnx" version="1" changeset="1"><nd ref="619185664" /><nd ref="769028538" /><tag k="highway" v="secondary" /><tag k="name" v="Goregaon Mulund Link Road" /><tag k="oneway" v="no" /></way><way id="46" timestamp="2026-03-12T11:09:39Z" uid="1" user="OSMnx" version="1" changeset="1"><nd ref="619185674" /><nd ref="5938773176" /><tag k="highway" v="primary" /><tag k="name" v="Swami Vivekanand Road" /><tag k="oneway" v="no" /></way><way id="47" timestamp="2026-03-12T11:09:39Z" uid="1" user="OSMnx" version="1" changeset="1"><nd ref="619185674" /><nd ref="1194136043" /><tag k="highway" v="secondary" /><tag k="name" v="Goregaon Mulund Link Road" /><tag k="oneway" v="no" /></way><way id="48" timestamp="2026-03-12T11:09:39Z" uid="1" user="OSMnx" version="1" changeset="1"><nd ref="627835035" /><nd ref="7398222703" /><tag k="highway" v="secondary" /><tag k="name" v="Chunilal Giridharlal Road" /><tag k="oneway" v="no" /></way><way id="49" timestamp="2026-03-12T11:09:39Z" uid="1" user="OSMnx" version="1" changeset="1"><nd ref="627835035" /><nd ref="1347702305" /><tag k="highway" v="primary" /><tag k="name" v="Swami Vivekanand Road" /><tag k="oneway" v="no" /></way><way id="50" timestamp="2026-03-12T11:09:39Z" uid="1" user="OSMnx" version="1" changeset="1"><nd ref="627835036" /><nd ref="13428815703" /><tag k="highway" v="primary" /><tag k="name" v="Swami Vivekanand Road" /><tag k="oneway" v="no" /></way><way id="51" timestamp="2026-03-12T11:09:39Z" uid="1" user="OSMnx" version="1" changeset="1"><nd ref="627835036" /><nd ref="1346768887" /><tag k="highway" v="residential" /><tag k="name" v="Goraswadi Raod" /><tag k="oneway" v="no" /></way><way id="52" timestamp="2026-03-12T11:09:39Z" uid="1" user="OSMnx" version="1" changeset="1"><nd ref="627835037" /><nd ref="7392412417" /><tag k="highway" v="secondary" /><tag k="name" v="M B Desai Road" /><tag k="oneway" v="no" /></way><way id="53" timestamp="2026-03-12T11:09:39Z" uid="1" user="OSMnx" version="1" changeset="1"><nd ref="627835037" /><nd ref="1346745536" /><tag k="highway" v="primary" /><tag k="name" v="Swami Vivekanand Road" /><tag k="oneway" v="no" /></way><way id="54" timestamp="2026-03-12T11:09:39Z" uid="1" user="OSMnx" version="1" changeset="1"><nd ref="627835038" /><nd ref="10277339579" /><tag k="highway" v="primary" /><tag k="name" v="Swami Vivekanand Road" /><tag k="oneway" v="no" /></way><way id="55" timestamp="2026-03-12T11:09:39Z" uid="1" user="OSMnx" version="1" changeset="1"><nd ref="627835038" /><nd ref="1633547687" /><tag k="highway" v="tertiary" /><tag k="name" v="Mathurdas Road" /><tag k="oneway" v="no" /></way><way id="56" timestamp="2026-03-12T11:09:39Z" uid="1" user="OSMnx" version="1" changeset="1"><nd ref="627835045" /><nd ref="7398169383" /><tag k="highway" v="residential" /><tag k="lanes" v="2" /><tag k="name" v="Chinchawali Bunder Road" /><tag k="oneway" v="no" /></way><way id="57" timestamp="2026-03-12T11:09:39Z" uid="1" user="OSMnx" version="1" changeset="1"><nd ref="627835045" /><nd ref="3742367725" /><tag k="highway" v="primary" /><tag k="name" v="Swami Vivekanand Road" /><tag k="oneway" v="no" /></way><way id="58" timestamp="2026-03-12T11:09:39Z" uid="1" user="OSMnx" version="1" changeset="1"><nd ref="627835045" /><nd ref="10921238993" /><tag k="highway" v="secondary" /><tag k="lanes" v="2" /><tag k="name" v="Chincholi Bunder Road" /><tag k="oneway" v="no" /></way><way id="59" timestamp="2026-03-12T11:09:39Z" uid="1" user="OSMnx" version="1" changeset="1"><nd ref="627835047" /><nd ref="7398169353" /><tag k="highway" v="residential" /><tag k="name" v="Dadi Sheth Road" /><tag k="oneway" v="no" /></way><way id="60" timestamp="2026-03-12T11:09:39Z" uid="1" user="OSMnx" version="1" changeset="1"><nd ref="627835047" /><nd ref="1185856112" /><tag k="highway" v="primary" /><tag k="name" v="Swami Vivekanand Road" /><tag k="oneway" v="no" /></way><way id="61" timestamp="2026-03-12T11:09:39Z" uid="1" user="OSMnx" version="1" changeset="1"><nd ref="627835052" /><nd ref="7398222686" /><tag k="highway" v="tertiary" /><tag k="name" v="Sundar Nagar Road" /><tag k="oneway" v="no" /></way><way id="62" timestamp="2026-03-12T11:09:39Z" uid="1" user="OSMnx" version="1" changeset="1"><nd ref="627835052" /><nd ref="627835045" /><tag k="highway" v="primary" /><tag k="name" v="Swami Vivekanand Road" /><tag k="oneway" v="no" /></way><way id="63" timestamp="2026-03-12T11:09:39Z" uid="1" user="OSMnx" version="1" changeset="1"><nd ref="627835805" /><nd ref="10277511253" /><tag k="highway" v="secondary" /><tag k="name" v="Chunilal Giridharlal Road" /><tag k="oneway" v="no" /></way><way id="64" timestamp="2026-03-12T11:09:39Z" uid="1" user="OSMnx" version="1" changeset="1"><nd ref="627835805" /><nd ref="7388123461" /><tag k="highway" v="secondary_link" /><tag k="oneway" v="no" /></way><way id="65" timestamp="2026-03-12T11:09:39Z" uid="1" user="OSMnx" version="1" changeset="1"><nd ref="627835897" /><nd ref="7388123459" /><tag k="highway" v="secondary" /><tag k="name" v="J Dsuoza Road" /><tag k="oneway" v="no" /></way><way id="66" timestamp="2026-03-12T11:09:39Z" uid="1" user="OSMnx" version="1" changeset="1"><nd ref="627835897" /><nd ref="1343017943" /><tag k="highway" v="secondary_link" /><tag k="oneway" v="no" /></way><way id="67" timestamp="2026-03-12T11:09:39Z" uid="1" user="OSMnx" version="1" changeset="1"><nd ref="627835899" /><nd ref="11070529429" /><tag k="highway" v="secondary" /><tag k="name" v="J Dsuoza Road" /><tag k="oneway" v="no" /></way><way id="68" timestamp="2026-03-12T11:09:39Z" uid="1" user="OSMnx" version="1" changeset="1"><nd ref="627835901" /><nd ref="7374550814" /><tag k="highway" v="residential" /><tag k="oneway" v="no" /></way><way id="69" timestamp="2026-03-12T11:09:39Z" uid="1" user="OSMnx" version="1" changeset="1"><nd ref="627835901" /><nd ref="7374550837" /><tag k="highway" v="secondary" /><tag k="name" v="J Dsuoza Road" /><tag k="oneway" v="no" /></way><way id="70" timestamp="2026-03-12T11:09:39Z" uid="1" user="OSMnx" version="1" changeset="1"><nd ref="627836085" /><nd ref="8620104716" /><tag k="highway" v="residential" /><tag k="name" v="Adarsha Dughdalaya Road" /><tag k="oneway" v="no" /></way><way id="71" timestamp="2026-03-12T11:09:39Z" uid="1" user="OSMnx" version="1" changeset="1"><nd ref="627836085" /><nd ref="1343009456" /><tag k="highway" v="secondary" /><tag k="name" v="Chunilal Giridharlal Road" /><tag k="oneway" v="no" /></way><way id="72" timestamp="2026-03-12T11:09:39Z" uid="1" user="OSMnx" version="1" changeset="1"><nd ref="627837248" /><nd ref="1188811567" /><tag k="highway" v="residential" /><tag k="oneway" v="no" /></way><way id="73" timestamp="2026-03-12T11:09:39Z" uid="1" user="OSMnx" version="1" changeset="1"><nd ref="627837248" /><nd ref="627837253" /><tag k="highway" v="secondary" /><tag k="name" v="Rajguru Flyover" /><tag k="oneway" v="no" /></way><way id="74" timestamp="2026-03-12T11:09:39Z" uid="1" user="OSMnx" version="1" changeset="1"><nd ref="627837253" /><nd ref="7370509470" /><tag k="highway" v="secondary" /><tag k="name" v="M B Desai Road" /><tag k="oneway" v="no" /></way><way id="75" timestamp="2026-03-12T11:09:39Z" uid="1" user="OSMnx" version="1" changeset="1"><nd ref="627837253" /><nd ref="7379061327" /><tag k="highway" v="residential" /><tag k="oneway" v="no" /></way><way id="76" timestamp="2026-03-12T11:09:39Z" uid="1" user="OSMnx" version="1" changeset="1"><nd ref="627838051" /><nd ref="7378436343" /><tag k="highway" v="secondary" /><tag k="name" v="Mahatma Gandhi Road" /><tag k="oneway" v="no" /></way><way id="77" timestamp="2026-03-12T11:09:39Z" uid="1" user="OSMnx" version="1" changeset="1"><nd ref="627838051" /><nd ref="10277339582" /><tag k="highway" v="primary" /><tag k="name" v="Swami Vivekanand Road" /><tag k="oneway" v="no" /></way><way id="78" timestamp="2026-03-12T11:09:39Z" uid="1" user="OSMnx" version="1" changeset="1"><nd ref="627838144" /><nd ref="7127703728" /><tag k="highway" v="tertiary" /><tag k="name" v="Mathurdas Road" /><tag k="oneway" v="no" /></way><way id="79" timestamp="2026-03-12T11:09:39Z" uid="1" user="OSMnx" version="1" changeset="1"><nd ref="627838144" /><nd ref="245680648" /><tag k="highway" v="residential" /><tag k="name" v="Irani Wadi Road" /><tag k="oneway" v="no" /></way><way id="80" timestamp="2026-03-12T11:09:39Z" uid="1" user="OSMnx" version="1" changeset="1"><nd ref="629022090" /><nd ref="2222708366" /><tag k="highway" v="primary" /><tag k="lanes" v="2" /><tag k="name" v="Link Road" /><tag k="oneway" v="no" /></way><way id="81" timestamp="2026-03-12T11:09:39Z" uid="1" user="OSMnx" version="1" changeset="1"><nd ref="769028312" /><nd ref="6117653733" /><tag k="highway" v="tertiary" /><tag k="oneway" v="no" /></way><way id="82" timestamp="2026-03-12T11:09:39Z" uid="1" user="OSMnx" version="1" changeset="1"><nd ref="769028312" /><nd ref="7241667082" /><tag k="highway" v="tertiary" /><tag k="oneway" v="no" /></way><way id="83" timestamp="2026-03-12T11:09:39Z" uid="1" user="OSMnx" version="1" changeset="1"><nd ref="769028538" /><nd ref="5938773163" /><tag k="highway" v="residential" /><tag k="lanes" v="2" /><tag k="name" v="Pandurang Wadi Road : 4" /><tag k="oneway" v="no" /></way><way id="84" timestamp="2026-03-12T11:09:39Z" uid="1" user="OSMnx" version="1" changeset="1"><nd ref="769028538" /><nd ref="12124288583" /><tag k="highway" v="secondary" /><tag k="name" v="['Veer Savarkar Flyover', 'Goregaon Mulund Link Road']" /><tag k="oneway" v="no" /></way><way id="85" timestamp="2026-03-12T11:09:39Z" uid="1" user="OSMnx" version="1" changeset="1"><nd ref="769036599" /><nd ref="4347106977" /><tag k="highway" v="tertiary" /><tag k="name" v="Vasari Hl Road" /><tag k="oneway" v="no" /></way><way id="86" timestamp="2026-03-12T11:09:39Z" uid="1" user="OSMnx" version="1" changeset="1"><nd ref="769037775" /><nd ref="3878492908" /><tag k="highway" v="tertiary" /><tag k="name" v="Jai Chand Lal Karwa Marg" /><tag k="oneway" v="no" /></way><way id="87" timestamp="2026-03-12T11:09:39Z" uid="1" user="OSMnx" version="1" changeset="1"><nd ref="985121103" /><nd ref="619185664" /><tag k="highway" v="tertiary" /><tag k="oneway" v="no" /></way><way id="88" timestamp="2026-03-12T11:09:39Z" uid="1" user="OSMnx" version="1" changeset="1"><nd ref="985121103" /><nd ref="10654468804" /><tag k="highway" v="residential" /><tag k="oneway" v="no" /></way><way id="89" timestamp="2026-03-12T11:09:39Z" uid="1" user="OSMnx" version="1" changeset="1"><nd ref="985167408" /><nd ref="1145116876" /><tag k="highway" v="residential" /><tag k="lanes" v="2" /><tag k="name" v="Road No.6" /><tag k="oneway" v="no" /></way><way id="90" timestamp="2026-03-12T11:09:39Z" uid="1" user="OSMnx" version="1" changeset="1"><nd ref="985167408" /><nd ref="1145116887" /><tag k="highway" v="tertiary" /><tag k="lanes" v="2" /><tag k="name" v="Madhukar Digambar Deshpande Marg" /><tag k="oneway" v="no" /></way><way id="91" timestamp="2026-03-12T11:09:39Z" uid="1" user="OSMnx" version="1" changeset="1"><nd ref="1140441919" /><nd ref="1140441944" /><tag k="highway" v="residential" /><tag k="lanes" v="2" /><tag k="name" v="Pandurang Wadi Road : 4" /><tag k="oneway" v="no" /></way><way id="92" timestamp="2026-03-12T11:09:39Z" uid="1" user="OSMnx" version="1" changeset="1"><nd ref="1140441919" /><nd ref="1199590306" /><tag k="highway" v="residential" /><tag k="oneway" v="no" /></way><way id="93" timestamp="2026-03-12T11:09:39Z" uid="1" user="OSMnx" version="1" changeset="1"><nd ref="1140441939" /><nd ref="1199590304" /><tag k="highway" v="tertiary" /><tag k="lanes" v="2" /><tag k="name" v="Madhukar Digambar Deshpande Marg" /><tag k="oneway" v="no" /></way><way id="94" timestamp="2026-03-12T11:09:39Z" uid="1" user="OSMnx" version="1" changeset="1"><nd ref="1140441939" /><nd ref="1140441919" /><tag k="highway" v="residential" /><tag k="lanes" v="2" /><tag k="name" v="Pandurang Wadi Road : 4" /><tag k="oneway" v="no" /></way><way id="95" timestamp="2026-03-12T11:09:39Z" uid="1" user="OSMnx" version="1" changeset="1"><nd ref="1140441944" /><nd ref="1145116885" /><tag k="highway" v="residential" /><tag k="lanes" v="2" /><tag k="oneway" v="no" /></way><way id="96" timestamp="2026-03-12T11:09:39Z" uid="1" user="OSMnx" version="1" changeset="1"><nd ref="1140441944" /><nd ref="769028538" /><tag k="highway" v="residential" /><tag k="lanes" v="2" /><tag k="name" v="Pandurang Wadi Road : 4" /><tag k="oneway" v="no" /></way><way id="97" timestamp="2026-03-12T11:09:39Z" uid="1" user="OSMnx" version="1" changeset="1"><nd ref="1145116885" /><nd ref="1145116876" /><tag k="highway" v="residential" /><tag k="lanes" v="2" /><tag k="oneway" v="no" /></way><way id="98" timestamp="2026-03-12T11:09:39Z" uid="1" user="OSMnx" version="1" changeset="1"><nd ref="1145116887" /><nd ref="1145116885" /><tag k="highway" v="residential" /><tag k="lanes" v="2" /><tag k="name" v="RoadNo.5" /><tag k="oneway" v="no" /></way><way id="99" timestamp="2026-03-12T11:09:39Z" uid="1" user="OSMnx" version="1" changeset="1"><nd ref="1145116887" /><nd ref="1140441939" /><tag k="highway" v="tertiary" /><tag k="lanes" v="2" /><tag k="name" v="Madhukar Digambar Deshpande Marg" /><tag k="oneway" v="no" /></way><way id="100" timestamp="2026-03-12T11:09:39Z" uid="1" user="OSMnx" version="1" changeset="1"><nd ref="1156346003" /><nd ref="1361605354" /><tag k="highway" v="tertiary" /><tag k="name" v="Rani Sati Marg" /><tag k="oneway" v="no" /></way><way id="101" timestamp="2026-03-12T11:09:39Z" uid="1" user="OSMnx" version="1" changeset="1"><nd ref="1166282326" /><nd ref="1166282329" /><tag k="highway" v="tertiary" /><tag k="lanes" v="2" /><tag k="name" v="Chinchwali Road" /><tag k="oneway" v="no" /></way><way id="102" timestamp="2026-03-12T11:09:39Z" uid="1" user="OSMnx" version="1" changeset="1"><nd ref="1166282326" /><nd ref="2233650834" /><tag k="highway" v="tertiary" /><tag k="lanes" v="2" /><tag k="name" v="Madhukar Digambar Deshpande Marg" /><tag k="oneway" v="no" /></way><way id="103" timestamp="2026-03-12T11:09:39Z" uid="1" user="OSMnx" version="1" changeset="1"><nd ref="1166282329" /><nd ref="1201341729" /><tag k="highway" v="tertiary" /><tag k="lanes" v="2" /><tag k="name" v="Chinchwali Road" /><tag k="oneway" v="no" /></way><way id="104" timestamp="2026-03-12T11:09:39Z" uid="1" user="OSMnx" version="1" changeset="1"><nd ref="1166282330" /><nd ref="2233650784" /><tag k="highway" v="residential" /><tag k="lanes" v="2" /><tag k="oneway" v="no" /></way><way id="105" timestamp="2026-03-12T11:09:39Z" uid="1" user="OSMnx" version="1" changeset="1"><nd ref="1166282330" /><nd ref="11041648590" /><tag k="highway" v="tertiary" /><tag k="lanes" v="2" /><tag k="name" v="Chinchwali Road" /><tag k="oneway" v="no" /></way><way id="106" timestamp="2026-03-12T11:09:39Z" uid="1" user="OSMnx" version="1" changeset="1"><nd ref="1178819502" /><nd ref="12296055884" /><tag k="highway" v="residential" /><tag k="lanes" v="2" /><tag k="oneway" v="no" /></way><way id="107" timestamp="2026-03-12T11:09:39Z" uid="1" user="OSMnx" version="1" changeset="1"><nd ref="1178819502" /><nd ref="6569121783" /><tag k="highway" v="tertiary" /><tag k="lanes" v="2" /><tag k="name" v="Chinchwali Road" /><tag k="oneway" v="no" /></way><way id="108" timestamp="2026-03-12T11:09:39Z" uid="1" user="OSMnx" version="1" changeset="1"><nd ref="1185674157" /><nd ref="1185674183" /><tag k="highway" v="tertiary" /><tag k="oneway" v="no" /></way><way id="109" timestamp="2026-03-12T11:09:39Z" uid="1" user="OSMnx" version="1" changeset="1"><nd ref="1185674179" /><nd ref="7241682806" /><tag k="highway" v="tertiary" /><tag k="oneway" v="no" /></way><way id="110" timestamp="2026-03-12T11:09:39Z" uid="1" user="OSMnx" version="1" changeset="1"><nd ref="1185674183" /><nd ref="10564313451" /><tag k="highway" v="tertiary" /><tag k="oneway" v="no" /></way><way id="111" timestamp="2026-03-12T11:09:39Z" uid="1" user="OSMnx" version="1" changeset="1"><nd ref="1185674183" /><nd ref="7353935272" /><tag k="highway" v="tertiary" /><tag k="oneway" v="no" /></way><way id="112" timestamp="2026-03-12T11:09:39Z" uid="1" user="OSMnx" version="1" changeset="1"><nd ref="1185812965" /><nd ref="1185812968" /><tag k="highway" v="residential" /><tag k="lanes" v="2" /><tag k="name" v="Madhur Society Road" /><tag k="oneway" v="no" /></way><way id="113" timestamp="2026-03-12T11:09:39Z" uid="1" user="OSMnx" version="1" changeset="1"><nd ref="1185812968" /><nd ref="4713182192" /><tag k="highway" v="residential" /><tag k="lanes" v="2" /><tag k="name" v="Madhur Society Road" /><tag k="oneway" v="no" /></way><way id="114" timestamp="2026-03-12T11:09:39Z" uid="1" user="OSMnx" version="1" changeset="1"><nd ref="1185812968" /><nd ref="2233651026" /><tag k="highway" v="tertiary" /><tag k="name" v="Sundar Nagar Road" /><tag k="oneway" v="no" /></way><way id="115" timestamp="2026-03-12T11:09:39Z" uid="1" user="OSMnx" version="1" changeset="1"><nd ref="1185812972" /><nd ref="4347060266" /><tag k="highway" v="secondary" /><tag k="lanes" v="2" /><tag k="name" v="Chincholi Bunder Road" /><tag k="oneway" v="no" /></way><way id="116" timestamp="2026-03-12T11:09:39Z" uid="1" user="OSMnx" version="1" changeset="1"><nd ref="1185812972" /><nd ref="1185812965" /><tag k="highway" v="residential" /><tag k="lanes" v="2" /><tag k="name" v="Madhur Society Road" /><tag k="oneway" v="no" /></way><way id="117" timestamp="2026-03-12T11:09:39Z" uid="1" user="OSMnx" version="1" changeset="1"><nd ref="1185813565" /><nd ref="1185818981" /><tag k="highway" v="tertiary" /><tag k="lanes" v="2" /><tag k="name" v="Chincholi Bunder Road" /><tag k="oneway" v="no" /></way><way id="118" timestamp="2026-03-12T11:09:39Z" uid="1" user="OSMnx" version="1" changeset="1"><nd ref="1185815163" /><nd ref="4347108651" /><tag k="highway" v="secondary" /><tag k="lanes" v="2" /><tag k="name" v="Chincholi Bunder Road" /><tag k="oneway" v="no" /></way><way id="119" timestamp="2026-03-12T11:09:39Z" uid="1" user="OSMnx" version="1" changeset="1"><nd ref="1185815163" /><nd ref="1646685592" /><tag k="highway" v="tertiary" /><tag k="lanes" v="2" /><tag k="name" v="Nanabhai Bhuleshwar Marg" /><tag k="oneway" v="no" /></way><way id="120" timestamp="2026-03-12T11:09:39Z" uid="1" user="OSMnx" version="1" changeset="1"><nd ref="1185818942" /><nd ref="6117653732" /><tag k="highway" v="residential" /><tag k="oneway" v="no" /></way><way id="121" timestamp="2026-03-12T11:09:39Z" uid="1" user="OSMnx" version="1" changeset="1"><nd ref="1185818942" /><nd ref="9899655696" /><tag k="highway" v="tertiary" /><tag k="lanes" v="2" /><tag k="name" v="Chincholi Bunder Road" /><tag k="oneway" v="no" /></way><way id="122" timestamp="2026-03-12T11:09:39Z" uid="1" user="OSMnx" version="1" changeset="1"><nd ref="1185818981" /><nd ref="7241667083" /><tag k="highway" v="tertiary" /><tag k="lanes" v="2" /><tag k="name" v="Chincholi Bunder Road" /><tag k="oneway" v="no" /></way><way id="123" timestamp="2026-03-12T11:09:39Z" uid="1" user="OSMnx" version="1" changeset="1"><nd ref="1185821557" /><nd ref="2233651633" /><tag k="highway" v="residential" /><tag k="name" v="Port Avenue" /><tag k="oneway" v="no" /></way><way id="124" timestamp="2026-03-12T11:09:39Z" uid="1" user="OSMnx" version="1" changeset="1"><nd ref="1185821557" /><nd ref="1185812972" /><tag k="highway" v="secondary" /><tag k="lanes" v="2" /><tag k="name" v="Chincholi Bunder Road" /><tag k="oneway" v="no" /></way><way id="125" timestamp="2026-03-12T11:09:39Z" uid="1" user="OSMnx" version="1" changeset="1"><nd ref="1185839766" /><nd ref="4347108602" /><tag k="highway" v="residential" /><tag k="lanes" v="2" /><tag k="name" v="Chinchawali Bunder Road" /><tag k="oneway" v="no" /></way><way id="126" timestamp="2026-03-12T11:09:39Z" uid="1" user="OSMnx" version="1" changeset="1"><nd ref="1185839766" /><nd ref="2233651022" /><tag k="highway" v="residential" /><tag k="lanes" v="2" /><tag k="oneway" v="no" /></way><way id="127" timestamp="2026-03-12T11:09:39Z" uid="1" user="OSMnx" version="1" changeset="1"><nd ref="1185842054" /><nd ref="4347108606" /><tag k="highway" v="residential" /><tag k="oneway" v="no" /></way><way id="128" timestamp="2026-03-12T11:09:39Z" uid="1" user="OSMnx" version="1" changeset="1"><nd ref="1185842054" /><nd ref="4347108610" /><tag k="highway" v="residential" /><tag k="name" v="Dadi Sheth Road" /><tag k="oneway" v="no" /></way><way id="129" timestamp="2026-03-12T11:09:39Z" uid="1" user="OSMnx" version="1" changeset="1"><nd ref="1185842058" /><nd ref="2233651960" /><tag k="highway" v="tertiary" /><tag k="lanes" v="2" /><tag k="name" v="Nanabhai Bhuleshwar Marg" /><tag k="oneway" v="no" /></way><way id="130" timestamp="2026-03-12T11:09:39Z" uid="1" user="OSMnx" version="1" changeset="1"><nd ref="1185842058" /><nd ref="1185842062" /><tag k="highway" v="residential" /><tag k="oneway" v="no" /></way><way id="131" timestamp="2026-03-12T11:09:39Z" uid="1" user="OSMnx" version="1" changeset="1"><nd ref="1185842062" /><nd ref="1185842054" /><tag k="highway" v="residential" /><tag k="oneway" v="no" /></way><way id="132" timestamp="2026-03-12T11:09:39Z" uid="1" user="OSMnx" version="1" changeset="1"><nd ref="1185842062" /><nd ref="4352414445" /><tag k="highway" v="residential" /><tag k="oneway" v="no" /></way><way id="133" timestamp="2026-03-12T11:09:39Z" uid="1" user="OSMnx" version="1" changeset="1"><nd ref="1185856092" /><nd ref="1185856091" /><tag k="highway" v="residential" /><tag k="name" v="Rani Sati Marg" /><tag k="oneway" v="no" /></way><way id="134" timestamp="2026-03-12T11:09:39Z" uid="1" user="OSMnx" version="1" changeset="1"><nd ref="1185856096" /><nd ref="8633801078" /><tag k="highway" v="residential" /><tag k="oneway" v="no" /></way><way id="135" timestamp="2026-03-12T11:09:39Z" uid="1" user="OSMnx" version="1" changeset="1"><nd ref="1185856096" /><nd ref="6581323584" /><tag k="highway" v="residential" /><tag k="name" v="Kasturba Road" /><tag k="oneway" v="no" /></way><way id="136" timestamp="2026-03-12T11:09:39Z" uid="1" user="OSMnx" version="1" changeset="1"><nd ref="1185856112" /><nd ref="7398169370" /><tag k="highway" v="residential" /><tag k="oneway" v="no" /></way><way id="137" timestamp="2026-03-12T11:09:39Z" uid="1" user="OSMnx" version="1" changeset="1"><nd ref="1185856112" /><nd ref="13382767043" /><tag k="highway" v="primary" /><tag k="name" v="Swami Vivekanand Road" /><tag k="oneway" v="no" /></way><way id="138" timestamp="2026-03-12T11:09:39Z" uid="1" user="OSMnx" version="1" changeset="1"><nd ref="1185856112" /><nd ref="1343000434" /><tag k="highway" v="residential" /><tag k="oneway" v="no" /></way><way id="139" timestamp="2026-03-12T11:09:39Z" uid="1" user="OSMnx" version="1" changeset="1"><nd ref="1185859880" /><nd ref="10264514244" /><tag k="highway" v="secondary" /><tag k="oneway" v="no" /></way><way id="140" timestamp="2026-03-12T11:09:39Z" uid="1" user="OSMnx" version="1" changeset="1"><nd ref="1185859880" /><nd ref="7374550820" /><tag k="highway" v="primary" /><tag k="name" v="Swami Vivekanand Road" /><tag k="oneway" v="no" /></way><way id="141" timestamp="2026-03-12T11:09:39Z" uid="1" user="OSMnx" version="1" changeset="1"><nd ref="1185859882" /><nd ref="1343009451" /><tag k="highway" v="primary" /><tag k="name" v="Swami Vivekanand Road" /><tag k="oneway" v="no" /></way><way id="142" timestamp="2026-03-12T11:09:39Z" uid="1" user="OSMnx" version="1" changeset="1"><nd ref="1185859883" /><nd ref="7398169361" /><tag k="highway" v="secondary" /><tag k="oneway" v="no" /></way><way id="143" timestamp="2026-03-12T11:09:39Z" uid="1" user="OSMnx" version="1" changeset="1"><nd ref="1186870804" /><nd ref="1936499778" /><tag k="highway" v="residential" /><tag k="oneway" v="no" /></way><way id="144" timestamp="2026-03-12T11:09:39Z" uid="1" user="OSMnx" version="1" changeset="1"><nd ref="1186870804" /><nd ref="2233650692" /><tag k="highway" v="primary" /><tag k="name" v="Swami Vivekanand Road" /><tag k="oneway" v="no" /></way><way id="145" timestamp="2026-03-12T11:09:39Z" uid="1" user="OSMnx" version="1" changeset="1"><nd ref="1186872620" /><nd ref="1936499776" /><tag k="highway" v="residential" /><tag k="name" v="Galwadi Road" /><tag k="oneway" v="no" /></way><way id="146" timestamp="2026-03-12T11:09:39Z" uid="1" user="OSMnx" version="1" changeset="1"><nd ref="1186872620" /><nd ref="1186870804" /><tag k="highway" v="primary" /><tag k="name" v="Swami Vivekanand Road" /><tag k="oneway" v="no" /></way><way id="147" timestamp="2026-03-12T11:09:39Z" uid="1" user="OSMnx" version="1" changeset="1"><nd ref="1186891007" /><nd ref="7241667076" /><tag k="highway" v="tertiary" /><tag k="oneway" v="no" /></way><way id="148" timestamp="2026-03-12T11:09:39Z" uid="1" user="OSMnx" version="1" changeset="1"><nd ref="1186891007" /><nd ref="1185674157" /><tag k="highway" v="tertiary" /><tag k="oneway" v="no" /></way><way id="149" timestamp="2026-03-12T11:09:39Z" uid="1" user="OSMnx" version="1" changeset="1"><nd ref="1186902062" /><nd ref="7398169365" /><tag k="highway" v="residential" /><tag k="oneway" v="no" /></way><way id="150" timestamp="2026-03-12T11:09:39Z" uid="1" user="OSMnx" version="1" changeset="1"><nd ref="1186902062" /><nd ref="1185859882" /><tag k="highway" v="primary" /><tag k="name" v="Swami Vivekanand Road" /><tag k="oneway" v="no" /></way><way id="151" timestamp="2026-03-12T11:09:39Z" uid="1" user="OSMnx" version="1" changeset="1"><nd ref="1186902064" /><nd ref="1185859883" /><tag k="highway" v="residential" /><tag k="oneway" v="no" /></way><way id="152" timestamp="2026-03-12T11:09:39Z" uid="1" user="OSMnx" version="1" changeset="1"><nd ref="1186902566" /><nd ref="1361561210" /><tag k="highway" v="secondary" /><tag k="name" v="Malad Underpass" /><tag k="oneway" v="no" /></way><way id="153" timestamp="2026-03-12T11:09:39Z" uid="1" user="OSMnx" version="1" changeset="1"><nd ref="1186902566" /><nd ref="1186902567" /><tag k="highway" v="secondary" /><tag k="oneway" v="no" /></way><way id="154" timestamp="2026-03-12T11:09:39Z" uid="1" user="OSMnx" version="1" changeset="1"><nd ref="1186902567" /><nd ref="10230592051" /><tag k="highway" v="secondary" /><tag k="oneway" v="no" /></way><way id="155" timestamp="2026-03-12T11:09:39Z" uid="1" user="OSMnx" version="1" changeset="1"><nd ref="1186904904" /><nd ref="1188816007" /><tag k="highway" v="tertiary" /><tag k="oneway" v="no" /></way><way id="156" timestamp="2026-03-12T11:09:39Z" uid="1" user="OSMnx" version="1" changeset="1"><nd ref="1186904904" /><nd ref="3796394579" /><tag k="highway" v="tertiary" /><tag k="name" v="Bajaj Marg" /><tag k="oneway" v="no" /></way><way id="157" timestamp="2026-03-12T11:09:39Z" uid="1" user="OSMnx" version="1" changeset="1"><nd ref="1186904906" /><nd ref="1186904911" /><tag k="highway" v="tertiary" /><tag k="name" v="Bajaj Cross Road" /><tag k="oneway" v="no" /></way><way id="158" timestamp="2026-03-12T11:09:39Z" uid="1" user="OSMnx" version="1" changeset="1"><nd ref="1186904906" /><nd ref="1188816007" /><tag k="highway" v="residential" /><tag k="oneway" v="no" /></way><way id="159" timestamp="2026-03-12T11:09:39Z" uid="1" user="OSMnx" version="1" changeset="1"><nd ref="1186904908" /><nd ref="1186904906" /><tag k="highway" v="tertiary" /><tag k="name" v="Bajaj Cross Road" /><tag k="oneway" v="no" /></way><way id="160" timestamp="2026-03-12T11:09:39Z" uid="1" user="OSMnx" version="1" changeset="1"><nd ref="1186904908" /><nd ref="7378436342" /><tag k="highway" v="primary" /><tag k="name" v="Swami Vivekanand Road" /><tag k="oneway" v="no" /></way><way id="161" timestamp="2026-03-12T11:09:39Z" uid="1" user="OSMnx" version="1" changeset="1"><nd ref="1186904911" /><nd ref="10936287023" /><tag k="highway" v="tertiary" /><tag k="name" v="Bajaj Marg" /><tag k="oneway" v="no" /></way><way id="162" timestamp="2026-03-12T11:09:39Z" uid="1" user="OSMnx" version="1" changeset="1"><nd ref="1188667751" /><nd ref="3796394579" /><tag k="highway" v="tertiary" /><tag k="name" v="Mathurdas Road" /><tag k="oneway" v="no" /></way><way id="163" timestamp="2026-03-12T11:09:39Z" uid="1" user="OSMnx" version="1" changeset="1"><nd ref="1188783120" /><nd ref="7378983368" /><tag k="highway" v="residential" /><tag k="lanes" v="2" /><tag k="name" v="Mahatma Gandhi cross road no. 3" /><tag k="oneway" v="no" /></way><way id="164" timestamp="2026-03-12T11:09:39Z" uid="1" user="OSMnx" version="1" changeset="1"><nd ref="1188784397" /><nd ref="1188784758" /><tag k="highway" v="tertiary" /><tag k="name" v="Shantilal Modi Road" /><tag k="oneway" v="no" /></way><way id="165" timestamp="2026-03-12T11:09:39Z" uid="1" user="OSMnx" version="1" changeset="1"><nd ref="1188784397" /><nd ref="245680648" /><tag k="highway" v="secondary" /><tag k="name" v="Mahatma Gandhi Road" /><tag k="oneway" v="no" /></way><way id="166" timestamp="2026-03-12T11:09:39Z" uid="1" user="OSMnx" version="1" changeset="1"><nd ref="1188784757" /><nd ref="4874168565" /><tag k="highway" v="tertiary" /><tag k="name" v="Mathurdas Road" /><tag k="oneway" v="no" /></way><way id="167" timestamp="2026-03-12T11:09:39Z" uid="1" user="OSMnx" version="1" changeset="1"><nd ref="1188784758" /><nd ref="627838144" /><tag k="highway" v="tertiary" /><tag k="name" v="Mathurdas Road" /><tag k="oneway" v="no" /></way><way id="168" timestamp="2026-03-12T11:09:39Z" uid="1" user="OSMnx" version="1" changeset="1"><nd ref="1188784758" /><nd ref="1346758766" /><tag k="highway" v="tertiary" /><tag k="name" v="Shantilal Modi Road" /><tag k="oneway" v="no" /></way><way id="169" timestamp="2026-03-12T11:09:39Z" uid="1" user="OSMnx" version="1" changeset="1"><nd ref="1188785704" /><nd ref="1188787691" /><tag k="highway" v="tertiary" /><tag k="name" v="Mathurdas Road" /><tag k="oneway" v="no" /></way><way id="170" timestamp="2026-03-12T11:09:39Z" uid="1" user="OSMnx" version="1" changeset="1"><nd ref="1188785704" /><nd ref="245680623" /><tag k="highway" v="residential" /><tag k="oneway" v="no" /></way><way id="171" timestamp="2026-03-12T11:09:39Z" uid="1" user="OSMnx" version="1" changeset="1"><nd ref="1188787689" /><nd ref="10110757866" /><tag k="highway" v="tertiary" /><tag k="name" v="Mathurdas Road" /><tag k="oneway" v="no" /></way><way id="172" timestamp="2026-03-12T11:09:39Z" uid="1" user="OSMnx" version="1" changeset="1"><nd ref="1188787689" /><nd ref="1188787690" /><tag k="highway" v="residential" /><tag k="oneway" v="no" /></way><way id="173" timestamp="2026-03-12T11:09:39Z" uid="1" user="OSMnx" version="1" changeset="1"><nd ref="1188787690" /><nd ref="245680447" /><tag k="highway" v="tertiary" /><tag k="name" v="Shantilal Modi Road" /><tag k="oneway" v="no" /></way><way id="174" timestamp="2026-03-12T11:09:39Z" uid="1" user="OSMnx" version="1" changeset="1"><nd ref="1188787691" /><nd ref="245680554" /><tag k="highway" v="tertiary" /><tag k="name" v="Mathurdas Road" /><tag k="oneway" v="no" /></way><way id="175" timestamp="2026-03-12T11:09:39Z" uid="1" user="OSMnx" version="1" changeset="1"><nd ref="1188811567" /><nd ref="7397336317" /><tag k="highway" v="residential" /><tag k="name" v="Tikamdas Road" /><tag k="oneway" v="no" /></way><way id="176" timestamp="2026-03-12T11:09:39Z" uid="1" user="OSMnx" version="1" changeset="1"><nd ref="1188812108" /><nd ref="7375877018" /><tag k="highway" v="residential" /><tag k="name" v="Tikamdas Road" /><tag k="oneway" v="no" /></way><way id="177" timestamp="2026-03-12T11:09:39Z" uid="1" user="OSMnx" version="1" changeset="1"><nd ref="1188812108" /><nd ref="7392412410" /><tag k="highway" v="residential" /><tag k="name" v="Adukia Road" /><tag k="oneway" v="no" /></way><way id="178" timestamp="2026-03-12T11:09:39Z" uid="1" user="OSMnx" version="1" changeset="1"><nd ref="1188812112" /><nd ref="1346745532" /><tag k="highway" v="primary" /><tag k="name" v="Swami Vivekanand Road" /><tag k="oneway" v="no" /></way><way id="179" timestamp="2026-03-12T11:09:39Z" uid="1" user="OSMnx" version="1" changeset="1"><nd ref="1188816005" /><nd ref="1188667751" /><tag k="highway" v="tertiary" /><tag k="name" v="Mathurdas Road" /><tag k="oneway" v="no" /></way><way id="180" timestamp="2026-03-12T11:09:39Z" uid="1" user="OSMnx" version="1" changeset="1"><nd ref="1188816007" /><nd ref="1188816010" /><tag k="highway" v="tertiary" /><tag k="oneway" v="no" /></way><way id="181" timestamp="2026-03-12T11:09:39Z" uid="1" user="OSMnx" version="1" changeset="1"><nd ref="1188816007" /><nd ref="1188667751" /><tag k="highway" v="residential" /><tag k="oneway" v="no" /></way><way id="182" timestamp="2026-03-12T11:09:39Z" uid="1" user="OSMnx" version="1" changeset="1"><nd ref="1188816010" /><nd ref="1188816005" /><tag k="highway" v="residential" /><tag k="oneway" v="no" /></way><way id="183" timestamp="2026-03-12T11:09:39Z" uid="1" user="OSMnx" version="1" changeset="1"><nd ref="1188816010" /><nd ref="627838051" /><tag k="highway" v="tertiary" /><tag k="oneway" v="no" /></way><way id="184" timestamp="2026-03-12T11:09:39Z" uid="1" user="OSMnx" version="1" changeset="1"><nd ref="1189168883" /><nd ref="2233651028" /><tag k="highway" v="tertiary" /><tag k="name" v="Sundar Nagar Road" /><tag k="oneway" v="no" /></way><way id="185" timestamp="2026-03-12T11:09:39Z" uid="1" user="OSMnx" version="1" changeset="1"><nd ref="1189168883" /><nd ref="7374089032" /><tag k="highway" v="tertiary" /><tag k="lanes" v="2" /><tag k="name" v="Nanabhai Bhuleshwar Marg" /><tag k="oneway" v="no" /></way><way id="186" timestamp="2026-03-12T11:09:39Z" uid="1" user="OSMnx" version="1" changeset="1"><nd ref="1194060858" /><nd ref="7241667062" /><tag k="highway" v="tertiary" /><tag k="oneway" v="no" /></way><way id="187" timestamp="2026-03-12T11:09:39Z" uid="1" user="OSMnx" version="1" changeset="1"><nd ref="1194060858" /><nd ref="10845962350" /><tag k="highway" v="tertiary" /><tag k="name" v="Chincholi Bunder Road" /><tag k="oneway" v="no" /></way><way id="188" timestamp="2026-03-12T11:09:39Z" uid="1" user="OSMnx" version="1" changeset="1"><nd ref="1194135953" /><nd ref="1936499784" /><tag k="highway" v="secondary" /><tag k="name" v="Goregaon Mulund Link Road" /><tag k="oneway" v="no" /></way><way id="189" timestamp="2026-03-12T11:09:39Z" uid="1" user="OSMnx" version="1" changeset="1"><nd ref="1194135953" /><nd ref="1936499780" /><tag k="highway" v="secondary_link" /><tag k="oneway" v="no" /></way><way id="190" timestamp="2026-03-12T11:09:39Z" uid="1" user="OSMnx" version="1" changeset="1"><nd ref="1194136009" /><nd ref="2233650806" /><tag k="highway" v="primary" /><tag k="name" v="Swami Vivekanand Road" /><tag k="oneway" v="no" /></way><way id="191" timestamp="2026-03-12T11:09:39Z" uid="1" user="OSMnx" version="1" changeset="1"><nd ref="1194136040" /><nd ref="5938773176" /><tag k="highway" v="secondary" /><tag k="name" v="Goregaon Mulund Link Road" /><tag k="oneway" v="no" /></way><way id="192" timestamp="2026-03-12T11:09:39Z" uid="1" user="OSMnx" version="1" changeset="1"><nd ref="1194136040" /><nd ref="1194136009" /><tag k="highway" v="secondary_link" /><tag k="oneway" v="no" /></way><way id="193" timestamp="2026-03-12T11:09:39Z" uid="1" user="OSMnx" version="1" changeset="1"><nd ref="1194136043" /><nd ref="245678572" /><tag k="highway" v="secondary" /><tag k="name" v="Goregaon Mulund Link Road" /><tag k="oneway" v="no" /></way><way id="194" timestamp="2026-03-12T11:09:39Z" uid="1" user="OSMnx" version="1" changeset="1"><nd ref="1195179689" /><nd ref="7353935270" /><tag k="highway" v="tertiary_link" /><tag k="oneway" v="no" /></way><way id="195" timestamp="2026-03-12T11:09:39Z" uid="1" user="OSMnx" version="1" changeset="1"><nd ref="1195179689" /><nd ref="7353935263" /><tag k="highway" v="tertiary" /><tag k="oneway" v="no" /></way><way id="196" timestamp="2026-03-12T11:09:39Z" uid="1" user="OSMnx" version="1" changeset="1"><nd ref="1195179701" /><nd ref="10564313449" /><tag k="highway" v="tertiary" /><tag k="oneway" v="no" /></way><way id="197" timestamp="2026-03-12T11:09:39Z" uid="1" user="OSMnx" version="1" changeset="1"><nd ref="1195179701" /><nd ref="7241682812" /><tag k="highway" v="tertiary" /><tag k="oneway" v="no" /></way><way id="198" timestamp="2026-03-12T11:09:39Z" uid="1" user="OSMnx" version="1" changeset="1"><nd ref="1195179702" /><nd ref="4347108653" /><tag k="highway" v="residential" /><tag k="oneway" v="no" /></way><way id="199" timestamp="2026-03-12T11:09:39Z" uid="1" user="OSMnx" version="1" changeset="1"><nd ref="1195179702" /><nd ref="6204119845" /><tag k="highway" v="tertiary" /><tag k="oneway" v="no" /></way><way id="200" timestamp="2026-03-12T11:09:39Z" uid="1" user="OSMnx" version="1" changeset="1"><nd ref="1195179702" /><nd ref="12408665370" /><tag k="highway" v="primary" /><tag k="name" v="Link Road" /><tag k="oneway" v="no" /></way><way id="201" timestamp="2026-03-12T11:09:39Z" uid="1" user="OSMnx" version="1" changeset="1"><nd ref="1195181434" /><nd ref="7353935269" /><tag k="highway" v="residential" /><tag k="oneway" v="no" /></way><way id="202" timestamp="2026-03-12T11:09:39Z" uid="1" user="OSMnx" version="1" changeset="1"><nd ref="1199590304" /><nd ref="1199590306" /><tag k="highway" v="residential" /><tag k="name" v="Road No.3" /><tag k="oneway" v="no" /></way><way id="203" timestamp="2026-03-12T11:09:39Z" uid="1" user="OSMnx" version="1" changeset="1"><nd ref="1199590304" /><nd ref="1199597086" /><tag k="highway" v="tertiary" /><tag k="lanes" v="2" /><tag k="name" v="Madhukar Digambar Deshpande Marg" /><tag k="oneway" v="no" /></way><way id="204" timestamp="2026-03-12T11:09:39Z" uid="1" user="OSMnx" version="1" changeset="1"><nd ref="1199590305" /><nd ref="7374089031" /><tag k="highway" v="residential" /><tag k="oneway" v="no" /></way><way id="205" timestamp="2026-03-12T11:09:39Z" uid="1" user="OSMnx" version="1" changeset="1"><nd ref="1199590306" /><nd ref="1199590307" /><tag k="highway" v="residential" /><tag k="name" v="Road No.3" /><tag k="oneway" v="no" /></way><way id="206" timestamp="2026-03-12T11:09:39Z" uid="1" user="OSMnx" version="1" changeset="1"><nd ref="1199590307" /><nd ref="1199590305" /><tag k="highway" v="residential" /><tag k="name" v="Road No.3" /><tag k="oneway" v="no" /></way><way id="207" timestamp="2026-03-12T11:09:39Z" uid="1" user="OSMnx" version="1" changeset="1"><nd ref="1199597086" /><nd ref="1199597101" /><tag k="highway" v="residential" /><tag k="name" v="Road No.2" /><tag k="oneway" v="no" /></way><way id="208" timestamp="2026-03-12T11:09:39Z" uid="1" user="OSMnx" version="1" changeset="1"><nd ref="1199597086" /><nd ref="1199597103" /><tag k="highway" v="tertiary" /><tag k="lanes" v="2" /><tag k="name" v="Madhukar Digambar Deshpande Marg" /><tag k="oneway" v="no" /></way><way id="209" timestamp="2026-03-12T11:09:39Z" uid="1" user="OSMnx" version="1" changeset="1"><nd ref="1199597101" /><nd ref="1199590307" /><tag k="highway" v="residential" /><tag k="oneway" v="no" /></way><way id="210" timestamp="2026-03-12T11:09:39Z" uid="1" user="OSMnx" version="1" changeset="1"><nd ref="1199597101" /><nd ref="1199590305" /><tag k="highway" v="residential" /><tag k="name" v="Road No.2" /><tag k="oneway" v="no" /></way><way id="211" timestamp="2026-03-12T11:09:39Z" uid="1" user="OSMnx" version="1" changeset="1"><nd ref="1199597103" /><nd ref="1199597101" /><tag k="highway" v="residential" /><tag k="name" v="Road No.1" /><tag k="oneway" v="no" /></way><way id="212" timestamp="2026-03-12T11:09:39Z" uid="1" user="OSMnx" version="1" changeset="1"><nd ref="1201341729" /><nd ref="2233651133" /><tag k="highway" v="tertiary" /><tag k="name" v="Nevetia Road,Haji Bapu Road" /><tag k="oneway" v="no" /></way><way id="213" timestamp="2026-03-12T11:09:39Z" uid="1" user="OSMnx" version="1" changeset="1"><nd ref="1201341729" /><nd ref="1166282330" /><tag k="highway" v="tertiary" /><tag k="lanes" v="2" /><tag k="name" v="Chinchwali Road" /><tag k="oneway" v="no" /></way><way id="214" timestamp="2026-03-12T11:09:39Z" uid="1" user="OSMnx" version="1" changeset="1"><nd ref="1201343306" /><nd ref="9861077452" /><tag k="highway" v="residential" /><tag k="oneway" v="no" /></way><way id="215" timestamp="2026-03-12T11:09:39Z" uid="1" user="OSMnx" version="1" changeset="1"><nd ref="1201343306" /><nd ref="12353311379" /><tag k="highway" v="tertiary" /><tag k="name" v="Haji Bapu Road" /><tag k="oneway" v="no" /></way><way id="216" timestamp="2026-03-12T11:09:39Z" uid="1" user="OSMnx" version="1" changeset="1"><nd ref="1201343306" /><nd ref="4701224732" /><tag k="highway" v="residential" /><tag k="oneway" v="no" /></way><way id="217" timestamp="2026-03-12T11:09:39Z" uid="1" user="OSMnx" version="1" changeset="1"><nd ref="1201343937" /><nd ref="1185856092" /><tag k="highway" v="tertiary" /><tag k="name" v="Rani Sati Marg" /><tag k="oneway" v="no" /></way><way id="218" timestamp="2026-03-12T11:09:39Z" uid="1" user="OSMnx" version="1" changeset="1"><nd ref="1201343937" /><nd ref="2233652193" /><tag k="highway" v="tertiary" /><tag k="name" v="Poddar Road" /><tag k="oneway" v="no" /></way><way id="219" timestamp="2026-03-12T11:09:39Z" uid="1" user="OSMnx" version="1" changeset="1"><nd ref="1201343937" /><nd ref="7379061338" /><tag k="highway" v="tertiary" /><tag k="name" v="Nevetia Road,Haji Bapu Road" /><tag k="oneway" v="no" /></way><way id="220" timestamp="2026-03-12T11:09:39Z" uid="1" user="OSMnx" version="1" changeset="1"><nd ref="1342988725" /><nd ref="1342988741" /><tag k="highway" v="residential" /><tag k="name" v="Bhandarwada Marg" /><tag k="oneway" v="no" /></way><way id="221" timestamp="2026-03-12T11:09:39Z" uid="1" user="OSMnx" version="1" changeset="1"><nd ref="1342988725" /><nd ref="2233651704" /><tag k="highway" v="residential" /><tag k="oneway" v="no" /></way><way id="222" timestamp="2026-03-12T11:09:39Z" uid="1" user="OSMnx" version="1" changeset="1"><nd ref="1342988741" /><nd ref="1342993949" /><tag k="highway" v="tertiary" /><tag k="oneway" v="no" /></way><way id="223" timestamp="2026-03-12T11:09:39Z" uid="1" user="OSMnx" version="1" changeset="1"><nd ref="1342988741" /><nd ref="12408665370" /><tag k="highway" v="tertiary" /><tag k="name" v="Pannalal Ghosh Road" /><tag k="oneway" v="no" /></way><way id="224" timestamp="2026-03-12T11:09:39Z" uid="1" user="OSMnx" version="1" changeset="1"><nd ref="1342993941" /><nd ref="7379061341" /><tag k="highway" v="tertiary" /><tag k="oneway" v="no" /></way><way id="225" timestamp="2026-03-12T11:09:39Z" uid="1" user="OSMnx" version="1" changeset="1"><nd ref="1342993941" /><nd ref="4701065203" /><tag k="highway" v="residential" /><tag k="oneway" v="no" /></way><way id="226" timestamp="2026-03-12T11:09:39Z" uid="1" user="OSMnx" version="1" changeset="1"><nd ref="1342993946" /><nd ref="4352414455" /><tag k="highway" v="tertiary" /><tag k="oneway" v="no" /></way><way id="227" timestamp="2026-03-12T11:09:39Z" uid="1" user="OSMnx" version="1" changeset="1"><nd ref="1342993949" /><nd ref="1342993941" /><tag k="highway" v="tertiary" /><tag k="oneway" v="no" /></way><way id="228" timestamp="2026-03-12T11:09:39Z" uid="1" user="OSMnx" version="1" changeset="1"><nd ref="1342994767" /><nd ref="1342994773" /><tag k="highway" v="tertiary" /><tag k="lanes" v="2" /><tag k="name" v="Nanabhai Bhuleshwar Marg" /><tag k="oneway" v="no" /></way><way id="229" timestamp="2026-03-12T11:09:39Z" uid="1" user="OSMnx" version="1" changeset="1"><nd ref="1342994772" /><nd ref="1342994776" /><tag k="highway" v="residential" /><tag k="oneway" v="no" /></way><way id="230" timestamp="2026-03-12T11:09:39Z" uid="1" user="OSMnx" version="1" changeset="1"><nd ref="1342994773" /><nd ref="1185842058" /><tag k="highway" v="tertiary" /><tag k="lanes" v="2" /><tag k="name" v="Nanabhai Bhuleshwar Marg" /><tag k="oneway" v="no" /></way><way id="231" timestamp="2026-03-12T11:09:39Z" uid="1" user="OSMnx" version="1" changeset="1"><nd ref="1342994775" /><nd ref="1342994772" /><tag k="highway" v="residential" /><tag k="oneway" v="no" /></way><way id="232" timestamp="2026-03-12T11:09:39Z" uid="1" user="OSMnx" version="1" changeset="1"><nd ref="1342994776" /><nd ref="1342994773" /><tag k="highway" v="residential" /><tag k="oneway" v="no" /></way><way id="233" timestamp="2026-03-12T11:09:39Z" uid="1" user="OSMnx" version="1" changeset="1"><nd ref="1342994776" /><nd ref="4347108606" /><tag k="highway" v="residential" /><tag k="oneway" v="no" /></way><way id="234" timestamp="2026-03-12T11:09:39Z" uid="1" user="OSMnx" version="1" changeset="1"><nd ref="1342997702" /><nd ref="1342997704" /><tag k="highway" v="residential" /><tag k="oneway" v="no" /></way><way id="235" timestamp="2026-03-12T11:09:39Z" uid="1" user="OSMnx" version="1" changeset="1"><nd ref="1342997702" /><nd ref="1342994775" /><tag k="highway" v="residential" /><tag k="oneway" v="no" /></way><way id="236" timestamp="2026-03-12T11:09:39Z" uid="1" user="OSMnx" version="1" changeset="1"><nd ref="1342997702" /><nd ref="7378977319" /><tag k="highway" v="residential" /><tag k="oneway" v="no" /></way><way id="237" timestamp="2026-03-12T11:09:39Z" uid="1" user="OSMnx" version="1" changeset="1"><nd ref="1342999444" /><nd ref="3742366178" /><tag k="highway" v="residential" /><tag k="name" v="Kishan Zakerai Road" /><tag k="oneway" v="no" /></way><way id="238" timestamp="2026-03-12T11:09:39Z" uid="1" user="OSMnx" version="1" changeset="1"><nd ref="1342999452" /><nd ref="1343025623" /><tag k="highway" v="tertiary" /><tag k="lanes" v="2" /><tag k="name" v="Nanabhai Bhuleshwar Marg" /><tag k="oneway" v="no" /></way><way id="239" timestamp="2026-03-12T11:09:39Z" uid="1" user="OSMnx" version="1" changeset="1"><nd ref="1342999452" /><nd ref="1343026952" /><tag k="highway" v="tertiary" /><tag k="lanes" v="2" /><tag k="name" v="Nanabhai Bhuleshwar Marg" /><tag k="oneway" v="no" /></way><way id="240" timestamp="2026-03-12T11:09:39Z" uid="1" user="OSMnx" version="1" changeset="1"><nd ref="1342999712" /><nd ref="13382939447" /><tag k="highway" v="residential" /><tag k="oneway" v="no" /></way><way id="241" timestamp="2026-03-12T11:09:39Z" uid="1" user="OSMnx" version="1" changeset="1"><nd ref="1342999712" /><nd ref="7378977319" /><tag k="highway" v="residential" /><tag k="oneway" v="no" /></way><way id="242" timestamp="2026-03-12T11:09:39Z" uid="1" user="OSMnx" version="1" changeset="1"><nd ref="1342999715" /><nd ref="1342999444" /><tag k="highway" v="residential" /><tag k="name" v="Kishan Zakerai Road" /><tag k="oneway" v="no" /></way><way id="243" timestamp="2026-03-12T11:09:39Z" uid="1" user="OSMnx" version="1" changeset="1"><nd ref="1342999715" /><nd ref="1342999712" /><tag k="highway" v="residential" /><tag k="oneway" v="no" /></way><way id="244" timestamp="2026-03-12T11:09:39Z" uid="1" user="OSMnx" version="1" changeset="1"><nd ref="1343000027" /><nd ref="13352597190" /><tag k="highway" v="residential" /><tag k="oneway" v="no" /></way><way id="245" timestamp="2026-03-12T11:09:39Z" uid="1" user="OSMnx" version="1" changeset="1"><nd ref="1343000027" /><nd ref="1342999715" /><tag k="highway" v="residential" /><tag k="name" v="Kishan Zakerai Road" /><tag k="oneway" v="no" /></way><way id="246" timestamp="2026-03-12T11:09:39Z" uid="1" user="OSMnx" version="1" changeset="1"><nd ref="1343000027" /><nd ref="1186902062" /><tag k="highway" v="primary" /><tag k="name" v="Swami Vivekanand Road" /><tag k="oneway" v="no" /></way><way id="247" timestamp="2026-03-12T11:09:39Z" uid="1" user="OSMnx" version="1" changeset="1"><nd ref="1343000434" /><nd ref="1343000662" /><tag k="highway" v="residential" /><tag k="oneway" v="no" /></way><way id="248" timestamp="2026-03-12T11:09:39Z" uid="1" user="OSMnx" version="1" changeset="1"><nd ref="1343000662" /><nd ref="7374249371" /><tag k="highway" v="residential" /><tag k="oneway" v="no" /></way><way id="249" timestamp="2026-03-12T11:09:39Z" uid="1" user="OSMnx" version="1" changeset="1"><nd ref="1343001850" /><nd ref="11254799228" /><tag k="highway" v="living_street" /><tag k="oneway" v="no" /></way><way id="250" timestamp="2026-03-12T11:09:39Z" uid="1" user="OSMnx" version="1" changeset="1"><nd ref="1343001850" /><nd ref="1342988741" /><tag k="highway" v="tertiary" /><tag k="oneway" v="no" /></way><way id="251" timestamp="2026-03-12T11:09:39Z" uid="1" user="OSMnx" version="1" changeset="1"><nd ref="1343001855" /><nd ref="1343001850" /><tag k="highway" v="tertiary" /><tag k="oneway" v="no" /></way><way id="252" timestamp="2026-03-12T11:09:39Z" uid="1" user="OSMnx" version="1" changeset="1"><nd ref="1343002718" /><nd ref="10564266718" /><tag k="highway" v="tertiary" /><tag k="oneway" v="no" /></way><way id="253" timestamp="2026-03-12T11:09:39Z" uid="1" user="OSMnx" version="1" changeset="1"><nd ref="1343002718" /><nd ref="3794262397" /><tag k="highway" v="secondary" /><tag k="name" v="Kachipada Ramchandra Lane" /><tag k="oneway" v="no" /></way><way id="254" timestamp="2026-03-12T11:09:39Z" uid="1" user="OSMnx" version="1" changeset="1"><nd ref="1343002718" /><nd ref="3794262418" /><tag k="highway" v="tertiary" /><tag k="name" v="D Monte Lane" /><tag k="oneway" v="no" /></way><way id="255" timestamp="2026-03-12T11:09:39Z" uid="1" user="OSMnx" version="1" changeset="1"><nd ref="1343002720" /><nd ref="10277511269" /><tag k="highway" v="tertiary" /><tag k="oneway" v="no" /></way><way id="256" timestamp="2026-03-12T11:09:39Z" uid="1" user="OSMnx" version="1" changeset="1"><nd ref="1343002720" /><nd ref="11254799221" /><tag k="highway" v="tertiary" /><tag k="oneway" v="no" /></way><way id="257" timestamp="2026-03-12T11:09:39Z" uid="1" user="OSMnx" version="1" changeset="1"><nd ref="1343002726" /><nd ref="10277511278" /><tag k="highway" v="residential" /><tag k="oneway" v="no" /></way><way id="258" timestamp="2026-03-12T11:09:39Z" uid="1" user="OSMnx" version="1" changeset="1"><nd ref="1343002726" /><nd ref="10277511272" /><tag k="highway" v="tertiary" /><tag k="oneway" v="no" /></way><way id="259" timestamp="2026-03-12T11:09:39Z" uid="1" user="OSMnx" version="1" changeset="1"><nd ref="1343005081" /><nd ref="2222707517" /><tag k="highway" v="residential" /><tag k="oneway" v="no" /></way><way id="260" timestamp="2026-03-12T11:09:39Z" uid="1" user="OSMnx" version="1" changeset="1"><nd ref="1343005456" /><nd ref="13345667313" /><tag k="highway" v="residential" /><tag k="oneway" v="no" /></way><way id="261" timestamp="2026-03-12T11:09:39Z" uid="1" user="OSMnx" version="1" changeset="1"><nd ref="1343005456" /><nd ref="2224023685" /><tag k="highway" v="tertiary" /><tag k="name" v="D Monte Lane" /><tag k="oneway" v="no" /></way><way id="262" timestamp="2026-03-12T11:09:39Z" uid="1" user="OSMnx" version="1" changeset="1"><nd ref="1343006720" /><nd ref="1343017244" /><tag k="highway" v="residential" /><tag k="name" v="Sundar Lane" /><tag k="oneway" v="no" /></way><way id="263" timestamp="2026-03-12T11:09:39Z" uid="1" user="OSMnx" version="1" changeset="1"><nd ref="1343008504" /><nd ref="10567495925" /><tag k="highway" v="secondary" /><tag k="name" v="Kachipada Ramchandra Lane" /><tag k="oneway" v="no" /></way><way id="264" timestamp="2026-03-12T11:09:39Z" uid="1" user="OSMnx" version="1" changeset="1"><nd ref="1343008504" /><nd ref="3795055152" /><tag k="highway" v="residential" /><tag k="oneway" v="no" /></way><way id="265" timestamp="2026-03-12T11:09:39Z" uid="1" user="OSMnx" version="1" changeset="1"><nd ref="1343009437" /><nd ref="3795055109" /><tag k="highway" v="tertiary" /><tag k="name" v="Mamledar wadi Road" /><tag k="oneway" v="no" /></way><way id="266" timestamp="2026-03-12T11:09:39Z" uid="1" user="OSMnx" version="1" changeset="1"><nd ref="1343009437" /><nd ref="4352428933" /><tag k="highway" v="residential" /><tag k="oneway" v="no" /></way><way id="267" timestamp="2026-03-12T11:09:39Z" uid="1" user="OSMnx" version="1" changeset="1"><nd ref="1343009445" /><nd ref="3633836137" /><tag k="highway" v="secondary" /><tag k="name" v="Kachipada Ramchandra Lane" /><tag k="oneway" v="no" /></way><way id="268" timestamp="2026-03-12T11:09:39Z" uid="1" user="OSMnx" version="1" changeset="1"><nd ref="1343009445" /><nd ref="4352428938" /><tag k="highway" v="tertiary" /><tag k="name" v="Bhailal Jhaveri Patel Road" /><tag k="oneway" v="no" /></way><way id="269" timestamp="2026-03-12T11:09:39Z" uid="1" user="OSMnx" version="1" changeset="1"><nd ref="1343009451" /><nd ref="3795055145" /><tag k="highway" v="primary" /><tag k="name" v="Swami Vivekanand Road" /><tag k="oneway" v="no" /></way><way id="270" timestamp="2026-03-12T11:09:39Z" uid="1" user="OSMnx" version="1" changeset="1"><nd ref="1343009451" /><nd ref="1347496099" /><tag k="highway" v="tertiary" /><tag k="name" v="Mamledar wadi Road" /><tag k="oneway" v="no" /></way><way id="271" timestamp="2026-03-12T11:09:39Z" uid="1" user="OSMnx" version="1" changeset="1"><nd ref="1343009456" /><nd ref="7388123457" /><tag k="highway" v="tertiary" /><tag k="name" v="Bhailal Jhaveri Patel Road" /><tag k="oneway" v="no" /></way><way id="272" timestamp="2026-03-12T11:09:39Z" uid="1" user="OSMnx" version="1" changeset="1"><nd ref="1343009456" /><nd ref="3795056245" /><tag k="highway" v="secondary" /><tag k="name" v="Chunilal Giridharlal Road" /><tag k="oneway" v="no" /></way><way id="273" timestamp="2026-03-12T11:09:39Z" uid="1" user="OSMnx" version="1" changeset="1"><nd ref="1343015873" /><nd ref="1343009437" /><tag k="highway" v="tertiary" /><tag k="name" v="Mamledar wadi Road" /><tag k="oneway" v="no" /></way><way id="274" timestamp="2026-03-12T11:09:39Z" uid="1" user="OSMnx" version="1" changeset="1"><nd ref="1343017244" /><nd ref="8606021913" /><tag k="highway" v="secondary" /><tag k="name" v="Chunilal Giridharlal Road" /><tag k="oneway" v="no" /></way><way id="275" timestamp="2026-03-12T11:09:39Z" uid="1" user="OSMnx" version="1" changeset="1"><nd ref="1343017943" /><nd ref="2958524971" /><tag k="highway" v="secondary" /><tag k="name" v="Chunilal Giridharlal Road" /><tag k="oneway" v="no" /></way><way id="276" timestamp="2026-03-12T11:09:39Z" uid="1" user="OSMnx" version="1" changeset="1"><nd ref="1343022197" /><nd ref="1343022204" /><tag k="highway" v="tertiary" /><tag k="name" v="Mamledar wadi Road" /><tag k="oneway" v="no" /></way><way id="277" timestamp="2026-03-12T11:09:39Z" uid="1" user="OSMnx" version="1" changeset="1"><nd ref="1343022197" /><nd ref="1343023224" /><tag k="highway" v="residential" /><tag k="name" v="Cross Road Number 4" /><tag k="oneway" v="no" /></way><way id="278" timestamp="2026-03-12T11:09:39Z" uid="1" user="OSMnx" version="1" changeset="1"><nd ref="1343022204" /><nd ref="10277511263" /><tag k="highway" v="tertiary" /><tag k="name" v="Mamledar wadi Road" /><tag k="oneway" v="no" /></way><way id="279" timestamp="2026-03-12T11:09:39Z" uid="1" user="OSMnx" version="1" changeset="1"><nd ref="1343022204" /><nd ref="1343022202" /><tag k="highway" v="residential" /><tag k="oneway" v="no" /></way><way id="280" timestamp="2026-03-12T11:09:39Z" uid="1" user="OSMnx" version="1" changeset="1"><nd ref="1343023211" /><nd ref="1343023219" /><tag k="highway" v="residential" /><tag k="oneway" v="no" /></way><way id="281" timestamp="2026-03-12T11:09:39Z" uid="1" user="OSMnx" version="1" changeset="1"><nd ref="1343023211" /><nd ref="1343025620" /><tag k="highway" v="residential" /><tag k="oneway" v="no" /></way><way id="282" timestamp="2026-03-12T11:09:39Z" uid="1" user="OSMnx" version="1" changeset="1"><nd ref="1343023214" /><nd ref="1343025621" /><tag k="highway" v="residential" /><tag k="name" v="Cross Road Number 4" /><tag k="oneway" v="no" /></way><way id="283" timestamp="2026-03-12T11:09:39Z" uid="1" user="OSMnx" version="1" changeset="1"><nd ref="1343023216" /><nd ref="1343023222" /><tag k="highway" v="tertiary" /><tag k="name" v="Mamledar wadi Road" /><tag k="oneway" v="no" /></way><way id="284" timestamp="2026-03-12T11:09:39Z" uid="1" user="OSMnx" version="1" changeset="1"><nd ref="1343023216" /><nd ref="1343023219" /><tag k="highway" v="residential" /><tag k="oneway" v="no" /></way><way id="285" timestamp="2026-03-12T11:09:39Z" uid="1" user="OSMnx" version="1" changeset="1"><nd ref="1343023218" /><nd ref="4352428934" /><tag k="highway" v="residential" /><tag k="oneway" v="no" /></way><way id="286" timestamp="2026-03-12T11:09:39Z" uid="1" user="OSMnx" version="1" changeset="1"><nd ref="1343023218" /><nd ref="1343023214" /><tag k="highway" v="residential" /><tag k="oneway" v="no" /></way><way id="287" timestamp="2026-03-12T11:09:39Z" uid="1" user="OSMnx" version="1" changeset="1"><nd ref="1343023219" /><nd ref="1343023226" /><tag k="highway" v="residential" /><tag k="oneway" v="no" /></way><way id="288" timestamp="2026-03-12T11:09:39Z" uid="1" user="OSMnx" version="1" changeset="1"><nd ref="1343023222" /><nd ref="1343022197" /><tag k="highway" v="tertiary" /><tag k="name" v="Mamledar wadi Road" /><tag k="oneway" v="no" /></way><way id="289" timestamp="2026-03-12T11:09:39Z" uid="1" user="OSMnx" version="1" changeset="1"><nd ref="1343023222" /><nd ref="1343023226" /><tag k="highway" v="residential" /><tag k="oneway" v="no" /></way><way id="290" timestamp="2026-03-12T11:09:39Z" uid="1" user="OSMnx" version="1" changeset="1"><nd ref="1343023224" /><nd ref="1343023214" /><tag k="highway" v="residential" /><tag k="name" v="Cross Road Number 4" /><tag k="oneway" v="no" /></way><way id="291" timestamp="2026-03-12T11:09:39Z" uid="1" user="OSMnx" version="1" changeset="1"><nd ref="1343023226" /><nd ref="1343023224" /><tag k="highway" v="residential" /><tag k="oneway" v="no" /></way><way id="292" timestamp="2026-03-12T11:09:39Z" uid="1" user="OSMnx" version="1" changeset="1"><nd ref="1343025620" /><nd ref="1343023218" /><tag k="highway" v="residential" /><tag k="oneway" v="no" /></way><way id="293" timestamp="2026-03-12T11:09:39Z" uid="1" user="OSMnx" version="1" changeset="1"><nd ref="1343025621" /><nd ref="11038636237" /><tag k="highway" v="residential" /><tag k="name" v="Cross Road Number 4" /><tag k="oneway" v="no" /></way><way id="294" timestamp="2026-03-12T11:09:39Z" uid="1" user="OSMnx" version="1" changeset="1"><nd ref="1343025622" /><nd ref="1343025621" /><tag k="highway" v="residential" /><tag k="oneway" v="no" /></way><way id="295" timestamp="2026-03-12T11:09:39Z" uid="1" user="OSMnx" version="1" changeset="1"><nd ref="1343025623" /><nd ref="1343023218" /><tag k="highway" v="residential" /><tag k="oneway" v="no" /></way><way id="296" timestamp="2026-03-12T11:09:39Z" uid="1" user="OSMnx" version="1" changeset="1"><nd ref="1343025623" /><nd ref="1343025627" /><tag k="highway" v="tertiary" /><tag k="lanes" v="2" /><tag k="name" v="Nanabhai Bhuleshwar Marg" /><tag k="oneway" v="no" /></way><way id="297" timestamp="2026-03-12T11:09:39Z" uid="1" user="OSMnx" version="1" changeset="1"><nd ref="1343025627" /><nd ref="1343025620" /><tag k="highway" v="residential" /><tag k="oneway" v="no" /></way><way id="298" timestamp="2026-03-12T11:09:39Z" uid="1" user="OSMnx" version="1" changeset="1"><nd ref="1343025627" /><nd ref="1347493801" /><tag k="highway" v="tertiary" /><tag k="lanes" v="2" /><tag k="name" v="Nanabhai Bhuleshwar Marg" /><tag k="oneway" v="no" /></way><way id="299" timestamp="2026-03-12T11:09:39Z" uid="1" user="OSMnx" version="1" changeset="1"><nd ref="1343026949" /><nd ref="1343026951" /><tag k="highway" v="residential" /><tag k="oneway" v="no" /></way><way id="300" timestamp="2026-03-12T11:09:39Z" uid="1" user="OSMnx" version="1" changeset="1"><nd ref="1343026949" /><nd ref="1342997704" /><tag k="highway" v="residential" /><tag k="oneway" v="no" /></way><way id="301" timestamp="2026-03-12T11:09:39Z" uid="1" user="OSMnx" version="1" changeset="1"><nd ref="1343026949" /><nd ref="1342994775" /><tag k="highway" v="residential" /><tag k="oneway" v="no" /></way><way id="302" timestamp="2026-03-12T11:09:39Z" uid="1" user="OSMnx" version="1" changeset="1"><nd ref="1343026951" /><nd ref="1342994767" /><tag k="highway" v="residential" /><tag k="oneway" v="no" /></way><way id="303" timestamp="2026-03-12T11:09:39Z" uid="1" user="OSMnx" version="1" changeset="1"><nd ref="1343026951" /><nd ref="1342994772" /><tag k="highway" v="living_street" /><tag k="oneway" v="no" /></way><way id="304" timestamp="2026-03-12T11:09:39Z" uid="1" user="OSMnx" version="1" changeset="1"><nd ref="1343026952" /><nd ref="12409040681" /><tag k="highway" v="residential" /><tag k="oneway" v="no" /></way><way id="305" timestamp="2026-03-12T11:09:39Z" uid="1" user="OSMnx" version="1" changeset="1"><nd ref="1343026952" /><nd ref="10921201537" /><tag k="highway" v="tertiary" /><tag k="lanes" v="2" /><tag k="name" v="Nanabhai Bhuleshwar Marg" /><tag k="oneway" v="no" /></way><way id="306" timestamp="2026-03-12T11:09:39Z" uid="1" user="OSMnx" version="1" changeset="1"><nd ref="1343026952" /><nd ref="3742366176" /><tag k="highway" v="residential" /><tag k="oneway" v="no" /></way><way id="307" timestamp="2026-03-12T11:09:39Z" uid="1" user="OSMnx" version="1" changeset="1"><nd ref="1346745532" /><nd ref="627835038" /><tag k="highway" v="primary" /><tag k="name" v="Swami Vivekanand Road" /><tag k="oneway" v="no" /></way><way id="308" timestamp="2026-03-12T11:09:39Z" uid="1" user="OSMnx" version="1" changeset="1"><nd ref="1346745534" /><nd ref="1188787689" /><tag k="highway" v="tertiary" /><tag k="name" v="Mathurdas Road" /><tag k="oneway" v="no" /></way><way id="309" timestamp="2026-03-12T11:09:39Z" uid="1" user="OSMnx" version="1" changeset="1"><nd ref="1346745536" /><nd ref="3795056480" /><tag k="highway" v="primary" /><tag k="name" v="Swami Vivekanand Road" /><tag k="oneway" v="no" /></way><way id="310" timestamp="2026-03-12T11:09:39Z" uid="1" user="OSMnx" version="1" changeset="1"><nd ref="1346745537" /><nd ref="1188787690" /><tag k="highway" v="residential" /><tag k="name" v="SVP Road" /><tag k="oneway" v="no" /></way><way id="311" timestamp="2026-03-12T11:09:39Z" uid="1" user="OSMnx" version="1" changeset="1"><nd ref="1346745537" /><nd ref="2222708189" /><tag k="highway" v="residential" /><tag k="lanes" v="1" /><tag k="maxspeed" v="20" /><tag k="name" v="Ram Gully" /><tag k="oneway" v="no" /></way><way id="312" timestamp="2026-03-12T11:09:39Z" uid="1" user="OSMnx" version="1" changeset="1"><nd ref="1346745537" /><nd ref="245680447" /><tag k="highway" v="residential" /><tag k="oneway" v="no" /></way><way id="313" timestamp="2026-03-12T11:09:39Z" uid="1" user="OSMnx" version="1" changeset="1"><nd ref="1346745538" /><nd ref="1346745534" /><tag k="highway" v="residential" /><tag k="oneway" v="no" /></way><way id="314" timestamp="2026-03-12T11:09:39Z" uid="1" user="OSMnx" version="1" changeset="1"><nd ref="1346745538" /><nd ref="1346745532" /><tag k="highway" v="residential" /><tag k="name" v="Parekh Gully" /><tag k="oneway" v="no" /></way><way id="315" timestamp="2026-03-12T11:09:39Z" uid="1" user="OSMnx" version="1" changeset="1"><nd ref="1346745549" /><nd ref="1346745538" /><tag k="highway" v="residential" /><tag k="oneway" v="no" /></way><way id="316" timestamp="2026-03-12T11:09:39Z" uid="1" user="OSMnx" version="1" changeset="1"><nd ref="1346745549" /><nd ref="1188787690" /><tag k="highway" v="tertiary" /><tag k="name" v="Shantilal Modi Road" /><tag k="oneway" v="no" /></way><way id="317" timestamp="2026-03-12T11:09:39Z" uid="1" user="OSMnx" version="1" changeset="1"><nd ref="1346752878" /><nd ref="1346758766" /><tag k="highway" v="residential" /><tag k="name" v="Hemu Colony Road" /><tag k="oneway" v="no" /></way><way id="318" timestamp="2026-03-12T11:09:39Z" uid="1" user="OSMnx" version="1" changeset="1"><nd ref="1346752878" /><nd ref="1346752883" /><tag k="highway" v="residential" /><tag k="name" v="Hemu Colony Road" /><tag k="oneway" v="no" /></way><way id="319" timestamp="2026-03-12T11:09:39Z" uid="1" user="OSMnx" version="1" changeset="1"><nd ref="1346752882" /><nd ref="1346752878" /><tag k="highway" v="residential" /><tag k="name" v="Hemu Colony Road" /><tag k="oneway" v="no" /></way><way id="320" timestamp="2026-03-12T11:09:39Z" uid="1" user="OSMnx" version="1" changeset="1"><nd ref="1346752882" /><nd ref="9882415117" /><tag k="highway" v="residential" /><tag k="name" v="Irani Wadi Road" /><tag k="oneway" v="no" /></way><way id="321" timestamp="2026-03-12T11:09:39Z" uid="1" user="OSMnx" version="1" changeset="1"><nd ref="1346752883" /><nd ref="11056582829" /><tag k="highway" v="residential" /><tag k="name" v="Hemu Colony Road" /><tag k="oneway" v="no" /></way><way id="322" timestamp="2026-03-12T11:09:39Z" uid="1" user="OSMnx" version="1" changeset="1"><nd ref="1346752883" /><nd ref="11038476814" /><tag k="highway" v="residential" /><tag k="oneway" v="no" /></way><way id="323" timestamp="2026-03-12T11:09:39Z" uid="1" user="OSMnx" version="1" changeset="1"><nd ref="1346752893" /><nd ref="3794269476" /><tag k="highway" v="residential" /><tag k="oneway" v="no" /></way><way id="324" timestamp="2026-03-12T11:09:39Z" uid="1" user="OSMnx" version="1" changeset="1"><nd ref="1346752893" /><nd ref="9179528261" /><tag k="highway" v="residential" /><tag k="oneway" v="no" /></way><way id="325" timestamp="2026-03-12T11:09:39Z" uid="1" user="OSMnx" version="1" changeset="1"><nd ref="1346752901" /><nd ref="3795056494" /><tag k="highway" v="tertiary" /><tag k="name" v="Shantilal Modi Road" /><tag k="oneway" v="no" /></way><way id="326" timestamp="2026-03-12T11:09:39Z" uid="1" user="OSMnx" version="1" changeset="1"><nd ref="1346752901" /><nd ref="1346752903" /><tag k="highway" v="residential" /><tag k="name" v="Shantilal Modi Road" /><tag k="oneway" v="no" /></way><way id="327" timestamp="2026-03-12T11:09:39Z" uid="1" user="OSMnx" version="1" changeset="1"><nd ref="1346752903" /><nd ref="245680456" /><tag k="highway" v="residential" /><tag k="name" v="Irani Wadi Road" /><tag k="oneway" v="no" /></way><way id="328" timestamp="2026-03-12T11:09:39Z" uid="1" user="OSMnx" version="1" changeset="1"><nd ref="1346755810" /><nd ref="10242247028" /><tag k="highway" v="primary" /><tag k="lanes" v="2" /><tag k="name" v="Link Road" /><tag k="oneway" v="no" /></way><way id="329" timestamp="2026-03-12T11:09:39Z" uid="1" user="OSMnx" version="1" changeset="1"><nd ref="1346755810" /><nd ref="3794269479" /><tag k="highway" v="residential" /><tag k="oneway" v="no" /></way><way id="330" timestamp="2026-03-12T11:09:39Z" uid="1" user="OSMnx" version="1" changeset="1"><nd ref="1346756566" /><nd ref="2222707946" /><tag k="highway" v="residential" /><tag k="oneway" v="no" /></way><way id="331" timestamp="2026-03-12T11:09:39Z" uid="1" user="OSMnx" version="1" changeset="1"><nd ref="1346756566" /><nd ref="3794269337" /><tag k="highway" v="residential" /><tag k="oneway" v="no" /></way><way id="332" timestamp="2026-03-12T11:09:39Z" uid="1" user="OSMnx" version="1" changeset="1"><nd ref="1346756569" /><nd ref="3794269327" /><tag k="highway" v="tertiary" /><tag k="oneway" v="no" /></way><way id="333" timestamp="2026-03-12T11:09:39Z" uid="1" user="OSMnx" version="1" changeset="1"><nd ref="1346756569" /><nd ref="3795056351" /><tag k="highway" v="tertiary" /><tag k="name" v="Shankar Lane" /><tag k="oneway" v="no" /></way><way id="334" timestamp="2026-03-12T11:09:39Z" uid="1" user="OSMnx" version="1" changeset="1"><nd ref="1346756574" /><nd ref="3794269350" /><tag k="highway" v="residential" /><tag k="oneway" v="no" /></way><way id="335" timestamp="2026-03-12T11:09:39Z" uid="1" user="OSMnx" version="1" changeset="1"><nd ref="1346758766" /><nd ref="1346752901" /><tag k="highway" v="tertiary" /><tag k="name" v="Shantilal Modi Road" /><tag k="oneway" v="no" /></way><way id="336" timestamp="2026-03-12T11:09:39Z" uid="1" user="OSMnx" version="1" changeset="1"><nd ref="1346758766" /><nd ref="1188784757" /><tag k="highway" v="residential" /><tag k="name" v="Hemu Colony Road" /><tag k="oneway" v="no" /></way><way id="337" timestamp="2026-03-12T11:09:39Z" uid="1" user="OSMnx" version="1" changeset="1"><nd ref="1346765695" /><nd ref="3795056317" /><tag k="highway" v="residential" /><tag k="oneway" v="no" /></way><way id="338" timestamp="2026-03-12T11:09:39Z" uid="1" user="OSMnx" version="1" changeset="1"><nd ref="1346765695" /><nd ref="3795056306" /><tag k="highway" v="residential" /><tag k="name" v="Dominic Lane" /><tag k="oneway" v="no" /></way><way id="339" timestamp="2026-03-12T11:09:39Z" uid="1" user="OSMnx" version="1" changeset="1"><nd ref="1346765701" /><nd ref="1346765707" /><tag k="highway" v="tertiary" /><tag k="oneway" v="no" /></way><way id="340" timestamp="2026-03-12T11:09:39Z" uid="1" user="OSMnx" version="1" changeset="1"><nd ref="1346765701" /><nd ref="3795056334" /><tag k="highway" v="residential" /><tag k="name" v="Dominic Colony Road Number 3" /><tag k="oneway" v="no" /></way><way id="341" timestamp="2026-03-12T11:09:39Z" uid="1" user="OSMnx" version="1" changeset="1"><nd ref="1346765704" /><nd ref="627835899" /><tag k="highway" v="tertiary" /><tag k="oneway" v="no" /></way><way id="342" timestamp="2026-03-12T11:09:39Z" uid="1" user="OSMnx" version="1" changeset="1"><nd ref="1346765707" /><nd ref="3795056313" /><tag k="highway" v="residential" /><tag k="name" v="Dominic Lane" /><tag k="oneway" v="no" /></way><way id="343" timestamp="2026-03-12T11:09:39Z" uid="1" user="OSMnx" version="1" changeset="1"><nd ref="1346765707" /><nd ref="1346765704" /><tag k="highway" v="tertiary" /><tag k="oneway" v="no" /></way><way id="344" timestamp="2026-03-12T11:09:39Z" uid="1" user="OSMnx" version="1" changeset="1"><nd ref="1346768882" /><nd ref="3633836180" /><tag k="highway" v="residential" /><tag k="oneway" v="no" /></way><way id="345" timestamp="2026-03-12T11:09:39Z" uid="1" user="OSMnx" version="1" changeset="1"><nd ref="1346768882" /><nd ref="4352428939" /><tag k="highway" v="residential" /><tag k="oneway" v="no" /></way><way id="346" timestamp="2026-03-12T11:09:39Z" uid="1" user="OSMnx" version="1" changeset="1"><nd ref="1346768887" /><nd ref="3795056277" /><tag k="highway" v="residential" /><tag k="oneway" v="no" /></way><way id="347" timestamp="2026-03-12T11:09:39Z" uid="1" user="OSMnx" version="1" changeset="1"><nd ref="1346768892" /><nd ref="3795056299" /><tag k="highway" v="residential" /><tag k="name" v="Adarsha Dughdalaya Road" /><tag k="oneway" v="no" /></way><way id="348" timestamp="2026-03-12T11:09:39Z" uid="1" user="OSMnx" version="1" changeset="1"><nd ref="1346768892" /><nd ref="1346768898" /><tag k="highway" v="residential" /><tag k="oneway" v="no" /></way><way id="349" timestamp="2026-03-12T11:09:39Z" uid="1" user="OSMnx" version="1" changeset="1"><nd ref="1346768898" /><nd ref="1346768882" /><tag k="highway" v="residential" /><tag k="oneway" v="no" /></way><way id="350" timestamp="2026-03-12T11:09:39Z" uid="1" user="OSMnx" version="1" changeset="1"><nd ref="1347492257" /><nd ref="3795055102" /><tag k="highway" v="residential" /><tag k="oneway" v="no" /></way><way id="351" timestamp="2026-03-12T11:09:39Z" uid="1" user="OSMnx" version="1" changeset="1"><nd ref="1347492257" /><nd ref="1343015873" /><tag k="highway" v="tertiary" /><tag k="name" v="Mamledar wadi Road" /><tag k="oneway" v="no" /></way><way id="352" timestamp="2026-03-12T11:09:39Z" uid="1" user="OSMnx" version="1" changeset="1"><nd ref="1347492259" /><nd ref="1342999715" /><tag k="highway" v="residential" /><tag k="oneway" v="no" /></way><way id="353" timestamp="2026-03-12T11:09:39Z" uid="1" user="OSMnx" version="1" changeset="1"><nd ref="1347492259" /><nd ref="8682265956" /><tag k="highway" v="residential" /><tag k="oneway" v="no" /></way><way id="354" timestamp="2026-03-12T11:09:39Z" uid="1" user="OSMnx" version="1" changeset="1"><nd ref="1347492266" /><nd ref="4352428915" /><tag k="highway" v="residential" /><tag k="oneway" v="no" /></way><way id="355" timestamp="2026-03-12T11:09:39Z" uid="1" user="OSMnx" version="1" changeset="1"><nd ref="1347492266" /><nd ref="1347493801" /><tag k="highway" v="residential" /><tag k="oneway" v="no" /></way><way id="356" timestamp="2026-03-12T11:09:39Z" uid="1" user="OSMnx" version="1" changeset="1"><nd ref="1347492270" /><nd ref="1343025627" /><tag k="highway" v="residential" /><tag k="oneway" v="no" /></way><way id="357" timestamp="2026-03-12T11:09:39Z" uid="1" user="OSMnx" version="1" changeset="1"><nd ref="1347492270" /><nd ref="4352428913" /><tag k="highway" v="residential" /><tag k="oneway" v="no" /></way><way id="358" timestamp="2026-03-12T11:09:39Z" uid="1" user="OSMnx" version="1" changeset="1"><nd ref="1347493801" /><nd ref="3795055104" /><tag k="highway" v="tertiary" /><tag k="lanes" v="2" /><tag k="name" v="Nanabhai Bhuleshwar Marg" /><tag k="oneway" v="no" /></way><way id="359" timestamp="2026-03-12T11:09:39Z" uid="1" user="OSMnx" version="1" changeset="1"><nd ref="1347493802" /><nd ref="3742366179" /><tag k="highway" v="residential" /><tag k="oneway" v="no" /></way><way id="360" timestamp="2026-03-12T11:09:39Z" uid="1" user="OSMnx" version="1" changeset="1"><nd ref="1347493802" /><nd ref="1342999452" /><tag k="highway" v="residential" /><tag k="oneway" v="no" /></way><way id="361" timestamp="2026-03-12T11:09:39Z" uid="1" user="OSMnx" version="1" changeset="1"><nd ref="1347496099" /><nd ref="3795055131" /><tag k="highway" v="tertiary" /><tag k="name" v="Mamledar wadi Road" /><tag k="oneway" v="no" /></way><way id="362" timestamp="2026-03-12T11:09:39Z" uid="1" user="OSMnx" version="1" changeset="1"><nd ref="1347696144" /><nd ref="7392412404" /><tag k="highway" v="residential" /><tag k="name" v="Narsinh Lane" /><tag k="oneway" v="no" /></way><way id="363" timestamp="2026-03-12T11:09:39Z" uid="1" user="OSMnx" version="1" changeset="1"><nd ref="1347696144" /><nd ref="627835036" /><tag k="highway" v="primary" /><tag k="name" v="Swami Vivekanand Road" /><tag k="oneway" v="no" /></way><way id="364" timestamp="2026-03-12T11:09:39Z" uid="1" user="OSMnx" version="1" changeset="1"><nd ref="1347702298" /><nd ref="2224023675" /><tag k="highway" v="residential" /><tag k="oneway" v="no" /></way><way id="365" timestamp="2026-03-12T11:09:39Z" uid="1" user="OSMnx" version="1" changeset="1"><nd ref="1347702298" /><nd ref="1347702323" /><tag k="highway" v="residential" /><tag k="oneway" v="no" /></way><way id="366" timestamp="2026-03-12T11:09:39Z" uid="1" user="OSMnx" version="1" changeset="1"><nd ref="1347702299" /><nd ref="1347702298" /><tag k="highway" v="residential" /><tag k="oneway" v="no" /></way><way id="367" timestamp="2026-03-12T11:09:39Z" uid="1" user="OSMnx" version="1" changeset="1"><nd ref="1347702299" /><nd ref="1347702302" /><tag k="highway" v="residential" /><tag k="oneway" v="no" /></way><way id="368" timestamp="2026-03-12T11:09:39Z" uid="1" user="OSMnx" version="1" changeset="1"><nd ref="1347702302" /><nd ref="1347702319" /><tag k="highway" v="residential" /><tag k="oneway" v="no" /></way><way id="369" timestamp="2026-03-12T11:09:39Z" uid="1" user="OSMnx" version="1" changeset="1"><nd ref="1347702305" /><nd ref="7392412426" /><tag k="highway" v="residential" /><tag k="oneway" v="no" /></way><way id="370" timestamp="2026-03-12T11:09:39Z" uid="1" user="OSMnx" version="1" changeset="1"><nd ref="1347702305" /><nd ref="1347696144" /><tag k="highway" v="primary" /><tag k="name" v="Swami Vivekanand Road" /><tag k="oneway" v="no" /></way><way id="371" timestamp="2026-03-12T11:09:39Z" uid="1" user="OSMnx" version="1" changeset="1"><nd ref="1347702307" /><nd ref="1347702302" /><tag k="highway" v="residential" /><tag k="oneway" v="no" /></way><way id="372" timestamp="2026-03-12T11:09:39Z" uid="1" user="OSMnx" version="1" changeset="1"><nd ref="1347702316" /><nd ref="1347702299" /><tag k="highway" v="residential" /><tag k="oneway" v="no" /></way><way id="373" timestamp="2026-03-12T11:09:39Z" uid="1" user="OSMnx" version="1" changeset="1"><nd ref="1347702319" /><nd ref="2224023692" /><tag k="highway" v="residential" /><tag k="oneway" v="no" /></way><way id="374" timestamp="2026-03-12T11:09:39Z" uid="1" user="OSMnx" version="1" changeset="1"><nd ref="1347702320" /><nd ref="1347702322" /><tag k="highway" v="residential" /><tag k="oneway" v="no" /></way><way id="375" timestamp="2026-03-12T11:09:39Z" uid="1" user="OSMnx" version="1" changeset="1"><nd ref="1347702322" /><nd ref="1347702299" /><tag k="highway" v="residential" /><tag k="oneway" v="no" /></way><way id="376" timestamp="2026-03-12T11:09:39Z" uid="1" user="OSMnx" version="1" changeset="1"><nd ref="1347702322" /><nd ref="1347702307" /><tag k="highway" v="residential" /><tag k="oneway" v="no" /></way><way id="377" timestamp="2026-03-12T11:09:39Z" uid="1" user="OSMnx" version="1" changeset="1"><nd ref="1347702325" /><nd ref="2224023705" /><tag k="highway" v="residential" /><tag k="oneway" v="no" /></way><way id="378" timestamp="2026-03-12T11:09:39Z" uid="1" user="OSMnx" version="1" changeset="1"><nd ref="1351183145" /><nd ref="1646861054" /><tag k="highway" v="secondary" /><tag k="name" v="Malad Marve Road" /><tag k="oneway" v="no" /></way><way id="379" timestamp="2026-03-12T11:09:39Z" uid="1" user="OSMnx" version="1" changeset="1"><nd ref="1351183149" /><nd ref="1351183145" /><tag k="highway" v="secondary" /><tag k="name" v="Malad Marve Road" /><tag k="oneway" v="no" /></way><way id="380" timestamp="2026-03-12T11:09:39Z" uid="1" user="OSMnx" version="1" changeset="1"><nd ref="1351183149" /><nd ref="10277481695" /><tag k="highway" v="secondary" /><tag k="oneway" v="no" /></way><way id="381" timestamp="2026-03-12T11:09:39Z" uid="1" user="OSMnx" version="1" changeset="1"><nd ref="1351183157" /><nd ref="10277481677" /><tag k="highway" v="secondary" /><tag k="oneway" v="no" /></way><way id="382" timestamp="2026-03-12T11:09:39Z" uid="1" user="OSMnx" version="1" changeset="1"><nd ref="1351195022" /><nd ref="1351183145" /><tag k="highway" v="tertiary" /><tag k="name" v="Jankalyan Road" /><tag k="oneway" v="no" /></way><way id="383" timestamp="2026-03-12T11:09:39Z" uid="1" user="OSMnx" version="1" changeset="1"><nd ref="1353481298" /><nd ref="7378436383" /><tag k="highway" v="residential" /><tag k="name" v="M. G. Road #1" /><tag k="oneway" v="no" /></way><way id="384" timestamp="2026-03-12T11:09:39Z" uid="1" user="OSMnx" version="1" changeset="1"><nd ref="1353481298" /><nd ref="10110757865" /><tag k="highway" v="secondary" /><tag k="name" v="Mahatma Gandhi Road" /><tag k="oneway" v="no" /></way><way id="385" timestamp="2026-03-12T11:09:39Z" uid="1" user="OSMnx" version="1" changeset="1"><nd ref="1361559723" /><nd ref="1361559729" /><tag k="highway" v="residential" /><tag k="oneway" v="no" /></way><way id="386" timestamp="2026-03-12T11:09:39Z" uid="1" user="OSMnx" version="1" changeset="1"><nd ref="1361559726" /><nd ref="2224023707" /><tag k="highway" v="residential" /><tag k="oneway" v="no" /></way><way id="387" timestamp="2026-03-12T11:09:39Z" uid="1" user="OSMnx" version="1" changeset="1"><nd ref="1361559726" /><nd ref="2224023698" /><tag k="highway" v="residential" /><tag k="oneway" v="no" /></way><way id="388" timestamp="2026-03-12T11:09:39Z" uid="1" user="OSMnx" version="1" changeset="1"><nd ref="1361559729" /><nd ref="1361559726" /><tag k="highway" v="residential" /><tag k="oneway" v="no" /></way><way id="389" timestamp="2026-03-12T11:09:39Z" uid="1" user="OSMnx" version="1" changeset="1"><nd ref="1361561210" /><nd ref="1632712320" /><tag k="highway" v="secondary" /><tag k="name" v="Datta Mandir Road" /><tag k="oneway" v="no" /></way><way id="390" timestamp="2026-03-12T11:09:39Z" uid="1" user="OSMnx" version="1" changeset="1"><nd ref="1361563109" /><nd ref="10277477766" /><tag k="highway" v="secondary" /><tag k="name" v="Datta Mandir Road" /><tag k="oneway" v="no" /></way><way id="391" timestamp="2026-03-12T11:09:39Z" uid="1" user="OSMnx" version="1" changeset="1"><nd ref="1361563109" /><nd ref="10277477777" /><tag k="highway" v="secondary" /><tag k="name" v="Datta Mandir Road" /><tag k="oneway" v="no" /></way><way id="392" timestamp="2026-03-12T11:09:39Z" uid="1" user="OSMnx" version="1" changeset="1"><nd ref="1361563721" /><nd ref="1361584404" /><tag k="highway" v="tertiary" /><tag k="name" v="Daftary Road" /><tag k="oneway" v="no" /></way><way id="393" timestamp="2026-03-12T11:09:39Z" uid="1" user="OSMnx" version="1" changeset="1"><nd ref="1361564502" /><nd ref="10277477764" /><tag k="highway" v="secondary" /><tag k="name" v="Datta Mandir Road" /><tag k="oneway" v="no" /></way><way id="394" timestamp="2026-03-12T11:09:39Z" uid="1" user="OSMnx" version="1" changeset="1"><nd ref="1361564545" /><nd ref="1361564502" /><tag k="highway" v="secondary" /><tag k="name" v="Datta Mandir Road" /><tag k="oneway" v="no" /></way><way id="395" timestamp="2026-03-12T11:09:39Z" uid="1" user="OSMnx" version="1" changeset="1"><nd ref="1361576643" /><nd ref="2222707507" /><tag k="highway" v="residential" /><tag k="oneway" v="no" /></way><way id="396" timestamp="2026-03-12T11:09:39Z" uid="1" user="OSMnx" version="1" changeset="1"><nd ref="1361576643" /><nd ref="11038557511" /><tag k="highway" v="tertiary" /><tag k="oneway" v="no" /></way><way id="397" timestamp="2026-03-12T11:09:39Z" uid="1" user="OSMnx" version="1" changeset="1"><nd ref="1361584396" /><nd ref="10936213033" /><tag k="highway" v="residential" /><tag k="oneway" v="no" /></way><way id="398" timestamp="2026-03-12T11:09:39Z" uid="1" user="OSMnx" version="1" changeset="1"><nd ref="1361584404" /><nd ref="2222707456" /><tag k="highway" v="residential" /><tag k="oneway" v="no" /></way><way id="399" timestamp="2026-03-12T11:09:39Z" uid="1" user="OSMnx" version="1" changeset="1"><nd ref="1361584404" /><nd ref="2222707446" /><tag k="highway" v="tertiary" /><tag k="name" v="Daftary Road" /><tag k="oneway" v="no" /></way><way id="400" timestamp="2026-03-12T11:09:39Z" uid="1" user="OSMnx" version="1" changeset="1"><nd ref="1361589361" /><nd ref="1361593640" /><tag k="highway" v="tertiary" /><tag k="name" v="Poddar Road" /><tag k="oneway" v="no" /></way><way id="401" timestamp="2026-03-12T11:09:39Z" uid="1" user="OSMnx" version="1" changeset="1"><nd ref="1361589371" /><nd ref="1361589394" /><tag k="highway" v="tertiary" /><tag k="name" v="Poddar Road" /><tag k="oneway" v="no" /></way><way id="402" timestamp="2026-03-12T11:09:39Z" uid="1" user="OSMnx" version="1" changeset="1"><nd ref="1361589371" /><nd ref="1361563721" /><tag k="highway" v="tertiary" /><tag k="name" v="Poddar Road" /><tag k="oneway" v="no" /></way><way id="403" timestamp="2026-03-12T11:09:39Z" uid="1" user="OSMnx" version="1" changeset="1"><nd ref="1361589380" /><nd ref="11038545602" /><tag k="highway" v="living_street" /><tag k="name" v="Subhash lane" /><tag k="oneway" v="no" /></way><way id="404" timestamp="2026-03-12T11:09:39Z" uid="1" user="OSMnx" version="1" changeset="1"><nd ref="1361589380" /><nd ref="4709339871" /><tag k="highway" v="residential" /><tag k="oneway" v="no" /></way><way id="405" timestamp="2026-03-12T11:09:39Z" uid="1" user="OSMnx" version="1" changeset="1"><nd ref="1361589381" /><nd ref="1361584396" /><tag k="highway" v="residential" /><tag k="oneway" v="no" /></way><way id="406" timestamp="2026-03-12T11:09:39Z" uid="1" user="OSMnx" version="1" changeset="1"><nd ref="1361589381" /><nd ref="10938991536" /><tag k="highway" v="tertiary" /><tag k="name" v="Poddar Road" /><tag k="oneway" v="no" /></way><way id="407" timestamp="2026-03-12T11:09:39Z" uid="1" user="OSMnx" version="1" changeset="1"><nd ref="1361589384" /><nd ref="1361589380" /><tag k="highway" v="living_street" /><tag k="name" v="Subhash lane" /><tag k="oneway" v="no" /></way><way id="408" timestamp="2026-03-12T11:09:39Z" uid="1" user="OSMnx" version="1" changeset="1"><nd ref="1361589384" /><nd ref="6576040606" /><tag k="highway" v="residential" /><tag k="oneway" v="no" /></way><way id="409" timestamp="2026-03-12T11:09:39Z" uid="1" user="OSMnx" version="1" changeset="1"><nd ref="1361589384" /><nd ref="1361589361" /><tag k="highway" v="residential" /><tag k="oneway" v="no" /></way><way id="410" timestamp="2026-03-12T11:09:39Z" uid="1" user="OSMnx" version="1" changeset="1"><nd ref="1361589394" /><nd ref="11033905308" /><tag k="highway" v="residential" /><tag k="oneway" v="no" /></way><way id="411" timestamp="2026-03-12T11:09:39Z" uid="1" user="OSMnx" version="1" changeset="1"><nd ref="1361589394" /><nd ref="1361589381" /><tag k="highway" v="tertiary" /><tag k="name" v="Poddar Road" /><tag k="oneway" v="no" /></way><way id="412" timestamp="2026-03-12T11:09:39Z" uid="1" user="OSMnx" version="1" changeset="1"><nd ref="1361590912" /><nd ref="245679422" /><tag k="highway" v="tertiary" /><tag k="name" v="Daftary Road" /><tag k="oneway" v="no" /></way><way id="413" timestamp="2026-03-12T11:09:39Z" uid="1" user="OSMnx" version="1" changeset="1"><nd ref="1361593631" /><nd ref="2800372253" /><tag k="highway" v="tertiary" /><tag k="name" v="Poddar Road" /><tag k="oneway" v="no" /></way><way id="414" timestamp="2026-03-12T11:09:39Z" uid="1" user="OSMnx" version="1" changeset="1"><nd ref="1361593631" /><nd ref="7371468310" /><tag k="highway" v="residential" /><tag k="oneway" v="no" /></way><way id="415" timestamp="2026-03-12T11:09:39Z" uid="1" user="OSMnx" version="1" changeset="1"><nd ref="1361593640" /><nd ref="1361593631" /><tag k="highway" v="tertiary" /><tag k="name" v="Poddar Road" /><tag k="oneway" v="no" /></way><way id="416" timestamp="2026-03-12T11:09:39Z" uid="1" user="OSMnx" version="1" changeset="1"><nd ref="1361593640" /><nd ref="11033905018" /><tag k="highway" v="residential" /><tag k="name" v="Kedarmal Road" /><tag k="oneway" v="no" /></way><way id="417" timestamp="2026-03-12T11:09:39Z" uid="1" user="OSMnx" version="1" changeset="1"><nd ref="1361593640" /><nd ref="6576040606" /><tag k="highway" v="residential" /><tag k="oneway" v="no" /></way><way id="418" timestamp="2026-03-12T11:09:39Z" uid="1" user="OSMnx" version="1" changeset="1"><nd ref="1361598558" /><nd ref="1361598558" /><tag k="highway" v="residential" /><tag k="name" v="Shivaji road" /><tag k="oneway" v="no" /></way><way id="419" timestamp="2026-03-12T11:09:39Z" uid="1" user="OSMnx" version="1" changeset="1"><nd ref="1361598564" /><nd ref="11038545603" /><tag k="highway" v="residential" /><tag k="name" v="Shivaji road" /><tag k="oneway" v="no" /></way><way id="420" timestamp="2026-03-12T11:09:39Z" uid="1" user="OSMnx" version="1" changeset="1"><nd ref="1361598564" /><nd ref="3795055134" /><tag k="highway" v="tertiary" /><tag k="name" v="Daftary Road" /><tag k="oneway" v="no" /></way><way id="421" timestamp="2026-03-12T11:09:39Z" uid="1" user="OSMnx" version="1" changeset="1"><nd ref="1361605351" /><nd ref="11033902800" /><tag k="highway" v="tertiary" /><tag k="name" v="Rani Sati Marg" /><tag k="oneway" v="no" /></way><way id="422" timestamp="2026-03-12T11:09:39Z" uid="1" user="OSMnx" version="1" changeset="1"><nd ref="1361605354" /><nd ref="2233652157" /><tag k="highway" v="tertiary" /><tag k="name" v="Rani Sati Marg" /><tag k="oneway" v="no" /></way><way id="423" timestamp="2026-03-12T11:09:39Z" uid="1" user="OSMnx" version="1" changeset="1"><nd ref="1365236406" /><nd ref="11057935964" /><tag k="highway" v="residential" /><tag k="name" v="Jitendra Rd" /><tag k="oneway" v="no" /></way><way id="424" timestamp="2026-03-12T11:09:39Z" uid="1" user="OSMnx" version="1" changeset="1"><nd ref="1365236406" /><nd ref="9861077462" /><tag k="highway" v="residential" /><tag k="oneway" v="no" /></way><way id="425" timestamp="2026-03-12T11:09:39Z" uid="1" user="OSMnx" version="1" changeset="1"><nd ref="1365236408" /><nd ref="1365236424" /><tag k="highway" v="tertiary" /><tag k="name" v="Haji Bapu Patel Road" /><tag k="oneway" v="no" /></way><way id="426" timestamp="2026-03-12T11:09:39Z" uid="1" user="OSMnx" version="1" changeset="1"><nd ref="1365236409" /><nd ref="1365236418" /><tag k="highway" v="residential" /><tag k="name" v="Jitendra Rd" /><tag k="oneway" v="no" /></way><way id="427" timestamp="2026-03-12T11:09:39Z" uid="1" user="OSMnx" version="1" changeset="1"><nd ref="1365236409" /><nd ref="9861077458" /><tag k="highway" v="tertiary" /><tag k="name" v="Haji Bapu Road" /><tag k="oneway" v="no" /></way><way id="428" timestamp="2026-03-12T11:09:39Z" uid="1" user="OSMnx" version="1" changeset="1"><nd ref="1365236412" /><nd ref="2233651692" /><tag k="highway" v="residential" /><tag k="name" v="Haji Bapu Patel Road" /><tag k="oneway" v="no" /></way><way id="429" timestamp="2026-03-12T11:09:39Z" uid="1" user="OSMnx" version="1" changeset="1"><nd ref="1365236414" /><nd ref="1156346003" /><tag k="highway" v="tertiary" /><tag k="name" v="Haji Bapu Patel Road" /><tag k="oneway" v="no" /></way><way id="430" timestamp="2026-03-12T11:09:39Z" uid="1" user="OSMnx" version="1" changeset="1"><nd ref="1365236414" /><nd ref="10287015853" /><tag k="highway" v="residential" /><tag k="oneway" v="no" /></way><way id="431" timestamp="2026-03-12T11:09:39Z" uid="1" user="OSMnx" version="1" changeset="1"><nd ref="1365236418" /><nd ref="2233651697" /><tag k="highway" v="residential" /><tag k="name" v="Jitendra Rd" /><tag k="oneway" v="no" /></way><way id="432" timestamp="2026-03-12T11:09:39Z" uid="1" user="OSMnx" version="1" changeset="1"><nd ref="1365236418" /><nd ref="1201343306" /><tag k="highway" v="tertiary" /><tag k="name" v="Haji Bapu Road" /><tag k="oneway" v="no" /></way><way id="433" timestamp="2026-03-12T11:09:39Z" uid="1" user="OSMnx" version="1" changeset="1"><nd ref="1365236424" /><nd ref="1365236414" /><tag k="highway" v="tertiary" /><tag k="name" v="Haji Bapu Patel Road" /><tag k="oneway" v="no" /></way><way id="434" timestamp="2026-03-12T11:09:39Z" uid="1" user="OSMnx" version="1" changeset="1"><nd ref="1365236424" /><nd ref="10286959129" /><tag k="highway" v="residential" /><tag k="oneway" v="no" /></way><way id="435" timestamp="2026-03-12T11:09:39Z" uid="1" user="OSMnx" version="1" changeset="1"><nd ref="1375170621" /><nd ref="2233651912" /><tag k="highway" v="tertiary" /><tag k="oneway" v="no" /></way><way id="436" timestamp="2026-03-12T11:09:39Z" uid="1" user="OSMnx" version="1" changeset="1"><nd ref="1375170621" /><nd ref="10093838969" /><tag k="highway" v="tertiary" /><tag k="oneway" v="no" /></way><way id="437" timestamp="2026-03-12T11:09:39Z" uid="1" user="OSMnx" version="1" changeset="1"><nd ref="1375170677" /><nd ref="10093838946" /><tag k="highway" v="living_street" /><tag k="oneway" v="no" /></way><way id="438" timestamp="2026-03-12T11:09:39Z" uid="1" user="OSMnx" version="1" changeset="1"><nd ref="1375170677" /><nd ref="11826800941" /><tag k="highway" v="tertiary" /><tag k="oneway" v="no" /></way><way id="439" timestamp="2026-03-12T11:09:39Z" uid="1" user="OSMnx" version="1" changeset="1"><nd ref="1375170678" /><nd ref="1646859174" /><tag k="highway" v="tertiary" /><tag k="oneway" v="no" /></way><way id="440" timestamp="2026-03-12T11:09:39Z" uid="1" user="OSMnx" version="1" changeset="1"><nd ref="1375170678" /><nd ref="6618353270" /><tag k="highway" v="residential" /><tag k="oneway" v="no" /></way><way id="441" timestamp="2026-03-12T11:09:39Z" uid="1" user="OSMnx" version="1" changeset="1"><nd ref="1375170686" /><nd ref="10277481694" /><tag k="highway" v="secondary" /><tag k="name" v="Malad Marve Road" /><tag k="oneway" v="no" /></way><way id="442" timestamp="2026-03-12T11:09:39Z" uid="1" user="OSMnx" version="1" changeset="1"><nd ref="1632712247" /><nd ref="3795055133" /><tag k="highway" v="residential" /><tag k="oneway" v="no" /></way><way id="443" timestamp="2026-03-12T11:09:39Z" uid="1" user="OSMnx" version="1" changeset="1"><nd ref="1632712247" /><nd ref="1186902064" /><tag k="highway" v="residential" /><tag k="oneway" v="no" /></way><way id="444" timestamp="2026-03-12T11:09:39Z" uid="1" user="OSMnx" version="1" changeset="1"><nd ref="1632712320" /><nd ref="1186902567" /><tag k="highway" v="secondary" /><tag k="name" v="Malad Underpass" /><tag k="oneway" v="no" /></way><way id="445" timestamp="2026-03-12T11:09:39Z" uid="1" user="OSMnx" version="1" changeset="1"><nd ref="1633547687" /><nd ref="245680612" /><tag k="highway" v="residential" /><tag k="name" v="L Narayan Lane" /><tag k="oneway" v="no" /></way><way id="446" timestamp="2026-03-12T11:09:39Z" uid="1" user="OSMnx" version="1" changeset="1"><nd ref="1633547687" /><nd ref="1346745534" /><tag k="highway" v="tertiary" /><tag k="name" v="Mathurdas Road" /><tag k="oneway" v="no" /></way><way id="447" timestamp="2026-03-12T11:09:39Z" uid="1" user="OSMnx" version="1" changeset="1"><nd ref="1634012673" /><nd ref="2233651213" /><tag k="highway" v="residential" /><tag k="name" v="Haji Bapu Patel Road" /><tag k="oneway" v="no" /></way><way id="448" timestamp="2026-03-12T11:09:39Z" uid="1" user="OSMnx" version="1" changeset="1"><nd ref="1634012673" /><nd ref="11047776028" /><tag k="highway" v="tertiary" /><tag k="name" v="Haji Bapu Road" /><tag k="oneway" v="no" /></way><way id="449" timestamp="2026-03-12T11:09:39Z" uid="1" user="OSMnx" version="1" changeset="1"><nd ref="1634012676" /><nd ref="12071506763" /><tag k="highway" v="residential" /><tag k="oneway" v="no" /></way><way id="450" timestamp="2026-03-12T11:09:39Z" uid="1" user="OSMnx" version="1" changeset="1"><nd ref="1634012676" /><nd ref="12071506764" /><tag k="highway" v="residential" /><tag k="name" v="Haji Bapu Patel Road" /><tag k="oneway" v="no" /></way><way id="451" timestamp="2026-03-12T11:09:39Z" uid="1" user="OSMnx" version="1" changeset="1"><nd ref="1646685592" /><nd ref="1189168883" /><tag k="highway" v="tertiary" /><tag k="lanes" v="2" /><tag k="name" v="Nanabhai Bhuleshwar Marg" /><tag k="oneway" v="no" /></way><way id="452" timestamp="2026-03-12T11:09:39Z" uid="1" user="OSMnx" version="1" changeset="1"><nd ref="1646685592" /><nd ref="11047735340" /><tag k="highway" v="residential" /><tag k="oneway" v="no" /></way><way id="453" timestamp="2026-03-12T11:09:39Z" uid="1" user="OSMnx" version="1" changeset="1"><nd ref="1646685595" /><nd ref="7345377659" /><tag k="highway" v="secondary" /><tag k="name" v="Bhoomi Park Road" /><tag k="oneway" v="no" /></way><way id="454" timestamp="2026-03-12T11:09:39Z" uid="1" user="OSMnx" version="1" changeset="1"><nd ref="1646685595" /><nd ref="2222708292" /><tag k="highway" v="secondary" /><tag k="oneway" v="no" /></way><way id="455" timestamp="2026-03-12T11:09:39Z" uid="1" user="OSMnx" version="1" changeset="1"><nd ref="1646685599" /><nd ref="629022090" /><tag k="highway" v="primary" /><tag k="lanes" v="2" /><tag k="name" v="Link Road" /><tag k="oneway" v="no" /></way><way id="456" timestamp="2026-03-12T11:09:39Z" uid="1" user="OSMnx" version="1" changeset="1"><nd ref="1646685601" /><nd ref="2221979473" /><tag k="highway" v="secondary" /><tag k="oneway" v="no" /></way><way id="457" timestamp="2026-03-12T11:09:39Z" uid="1" user="OSMnx" version="1" changeset="1"><nd ref="1646685601" /><nd ref="7345380794" /><tag k="highway" v="tertiary" /><tag k="oneway" v="no" /></way><way id="458" timestamp="2026-03-12T11:09:39Z" uid="1" user="OSMnx" version="1" changeset="1"><nd ref="1646854022" /><nd ref="2216231852" /><tag k="highway" v="residential" /><tag k="oneway" v="no" /></way><way id="459" timestamp="2026-03-12T11:09:39Z" uid="1" user="OSMnx" version="1" changeset="1"><nd ref="1646854024" /><nd ref="10939568035" /><tag k="highway" v="tertiary" /><tag k="oneway" v="no" /></way><way id="460" timestamp="2026-03-12T11:09:39Z" uid="1" user="OSMnx" version="1" changeset="1"><nd ref="1646854024" /><nd ref="10564488597" /><tag k="highway" v="secondary" /><tag k="oneway" v="no" /></way><way id="461" timestamp="2026-03-12T11:09:39Z" uid="1" user="OSMnx" version="1" changeset="1"><nd ref="1646859018" /><nd ref="4278338506" /><tag k="highway" v="residential" /><tag k="oneway" v="no" /></way><way id="462" timestamp="2026-03-12T11:09:39Z" uid="1" user="OSMnx" version="1" changeset="1"><nd ref="1646859019" /><nd ref="1646859018" /><tag k="highway" v="residential" /><tag k="oneway" v="no" /></way><way id="463" timestamp="2026-03-12T11:09:39Z" uid="1" user="OSMnx" version="1" changeset="1"><nd ref="1646859020" /><nd ref="1646859019" /><tag k="highway" v="residential" /><tag k="oneway" v="no" /></way><way id="464" timestamp="2026-03-12T11:09:39Z" uid="1" user="OSMnx" version="1" changeset="1"><nd ref="1646859020" /><nd ref="1646859029" /><tag k="highway" v="living_street" /><tag k="oneway" v="no" /></way><way id="465" timestamp="2026-03-12T11:09:39Z" uid="1" user="OSMnx" version="1" changeset="1"><nd ref="1646859021" /><nd ref="1646859020" /><tag k="highway" v="residential" /><tag k="oneway" v="no" /></way><way id="466" timestamp="2026-03-12T11:09:39Z" uid="1" user="OSMnx" version="1" changeset="1"><nd ref="1646859022" /><nd ref="1646859021" /><tag k="highway" v="residential" /><tag k="oneway" v="no" /></way><way id="467" timestamp="2026-03-12T11:09:39Z" uid="1" user="OSMnx" version="1" changeset="1"><nd ref="1646859023" /><nd ref="1646859022" /><tag k="highway" v="residential" /><tag k="oneway" v="no" /></way><way id="468" timestamp="2026-03-12T11:09:39Z" uid="1" user="OSMnx" version="1" changeset="1"><nd ref="1646859023" /><nd ref="1646859033" /><tag k="highway" v="living_street" /><tag k="oneway" v="no" /></way><way id="469" timestamp="2026-03-12T11:09:39Z" uid="1" user="OSMnx" version="1" changeset="1"><nd ref="1646859024" /><nd ref="1646859023" /><tag k="highway" v="residential" /><tag k="oneway" v="no" /></way><way id="470" timestamp="2026-03-12T11:09:39Z" uid="1" user="OSMnx" version="1" changeset="1"><nd ref="1646859025" /><nd ref="1646859035" /><tag k="highway" v="living_street" /><tag k="oneway" v="no" /></way><way id="471" timestamp="2026-03-12T11:09:39Z" uid="1" user="OSMnx" version="1" changeset="1"><nd ref="1646859025" /><nd ref="1646859024" /><tag k="highway" v="residential" /><tag k="oneway" v="no" /></way><way id="472" timestamp="2026-03-12T11:09:39Z" uid="1" user="OSMnx" version="1" changeset="1"><nd ref="1646859026" /><nd ref="1646859025" /><tag k="highway" v="residential" /><tag k="oneway" v="no" /></way><way id="473" timestamp="2026-03-12T11:09:39Z" uid="1" user="OSMnx" version="1" changeset="1"><nd ref="1646859026" /><nd ref="1646859036" /><tag k="highway" v="living_street" /><tag k="oneway" v="no" /></way><way id="474" timestamp="2026-03-12T11:09:39Z" uid="1" user="OSMnx" version="1" changeset="1"><nd ref="1646859027" /><nd ref="5728388152" /><tag k="highway" v="residential" /><tag k="oneway" v="no" /></way><way id="475" timestamp="2026-03-12T11:09:39Z" uid="1" user="OSMnx" version="1" changeset="1"><nd ref="1646859027" /><nd ref="2216231390" /><tag k="highway" v="tertiary" /><tag k="oneway" v="no" /></way><way id="476" timestamp="2026-03-12T11:09:39Z" uid="1" user="OSMnx" version="1" changeset="1"><nd ref="1646859028" /><nd ref="1646859019" /><tag k="highway" v="living_street" /><tag k="oneway" v="no" /></way><way id="477" timestamp="2026-03-12T11:09:39Z" uid="1" user="OSMnx" version="1" changeset="1"><nd ref="1646859028" /><nd ref="1646859029" /><tag k="highway" v="living_street" /><tag k="oneway" v="no" /></way><way id="478" timestamp="2026-03-12T11:09:39Z" uid="1" user="OSMnx" version="1" changeset="1"><nd ref="1646859029" /><nd ref="1646859041" /><tag k="highway" v="living_street" /><tag k="oneway" v="no" /></way><way id="479" timestamp="2026-03-12T11:09:39Z" uid="1" user="OSMnx" version="1" changeset="1"><nd ref="1646859029" /><nd ref="1646859031" /><tag k="highway" v="living_street" /><tag k="oneway" v="no" /></way><way id="480" timestamp="2026-03-12T11:09:39Z" uid="1" user="OSMnx" version="1" changeset="1"><nd ref="1646859031" /><nd ref="1646859021" /><tag k="highway" v="living_street" /><tag k="oneway" v="no" /></way><way id="481" timestamp="2026-03-12T11:09:39Z" uid="1" user="OSMnx" version="1" changeset="1"><nd ref="1646859031" /><nd ref="1646859032" /><tag k="highway" v="living_street" /><tag k="oneway" v="no" /></way><way id="482" timestamp="2026-03-12T11:09:39Z" uid="1" user="OSMnx" version="1" changeset="1"><nd ref="1646859032" /><nd ref="1646859022" /><tag k="highway" v="living_street" /><tag k="oneway" v="no" /></way><way id="483" timestamp="2026-03-12T11:09:39Z" uid="1" user="OSMnx" version="1" changeset="1"><nd ref="1646859032" /><nd ref="1646859033" /><tag k="highway" v="living_street" /><tag k="oneway" v="no" /></way><way id="484" timestamp="2026-03-12T11:09:39Z" uid="1" user="OSMnx" version="1" changeset="1"><nd ref="1646859033" /><nd ref="1646859044" /><tag k="highway" v="living_street" /><tag k="oneway" v="no" /></way><way id="485" timestamp="2026-03-12T11:09:39Z" uid="1" user="OSMnx" version="1" changeset="1"><nd ref="1646859033" /><nd ref="1646859034" /><tag k="highway" v="living_street" /><tag k="oneway" v="no" /></way><way id="486" timestamp="2026-03-12T11:09:39Z" uid="1" user="OSMnx" version="1" changeset="1"><nd ref="1646859034" /><nd ref="1646859024" /><tag k="highway" v="living_street" /><tag k="oneway" v="no" /></way><way id="487" timestamp="2026-03-12T11:09:39Z" uid="1" user="OSMnx" version="1" changeset="1"><nd ref="1646859034" /><nd ref="1646859035" /><tag k="highway" v="living_street" /><tag k="oneway" v="no" /></way><way id="488" timestamp="2026-03-12T11:09:39Z" uid="1" user="OSMnx" version="1" changeset="1"><nd ref="1646859035" /><nd ref="1646859046" /><tag k="highway" v="living_street" /><tag k="oneway" v="no" /></way><way id="489" timestamp="2026-03-12T11:09:39Z" uid="1" user="OSMnx" version="1" changeset="1"><nd ref="1646859035" /><nd ref="1646859036" /><tag k="highway" v="living_street" /><tag k="oneway" v="no" /></way><way id="490" timestamp="2026-03-12T11:09:39Z" uid="1" user="OSMnx" version="1" changeset="1"><nd ref="1646859036" /><nd ref="1646859047" /><tag k="highway" v="living_street" /><tag k="oneway" v="no" /></way><way id="491" timestamp="2026-03-12T11:09:39Z" uid="1" user="OSMnx" version="1" changeset="1"><nd ref="1646859038" /><nd ref="1646859018" /><tag k="highway" v="residential" /><tag k="oneway" v="no" /></way><way id="492" timestamp="2026-03-12T11:09:39Z" uid="1" user="OSMnx" version="1" changeset="1"><nd ref="1646859040" /><nd ref="1646859028" /><tag k="highway" v="living_street" /><tag k="oneway" v="no" /></way><way id="493" timestamp="2026-03-12T11:09:39Z" uid="1" user="OSMnx" version="1" changeset="1"><nd ref="1646859040" /><nd ref="1646859038" /><tag k="highway" v="living_street" /><tag k="oneway" v="no" /></way><way id="494" timestamp="2026-03-12T11:09:39Z" uid="1" user="OSMnx" version="1" changeset="1"><nd ref="1646859041" /><nd ref="1646859052" /><tag k="highway" v="living_street" /><tag k="oneway" v="no" /></way><way id="495" timestamp="2026-03-12T11:09:39Z" uid="1" user="OSMnx" version="1" changeset="1"><nd ref="1646859041" /><nd ref="1646859040" /><tag k="highway" v="living_street" /><tag k="oneway" v="no" /></way><way id="496" timestamp="2026-03-12T11:09:39Z" uid="1" user="OSMnx" version="1" changeset="1"><nd ref="1646859042" /><nd ref="1646859031" /><tag k="highway" v="living_street" /><tag k="oneway" v="no" /></way><way id="497" timestamp="2026-03-12T11:09:39Z" uid="1" user="OSMnx" version="1" changeset="1"><nd ref="1646859042" /><nd ref="1646859041" /><tag k="highway" v="living_street" /><tag k="oneway" v="no" /></way><way id="498" timestamp="2026-03-12T11:09:39Z" uid="1" user="OSMnx" version="1" changeset="1"><nd ref="1646859043" /><nd ref="1646859032" /><tag k="highway" v="living_street" /><tag k="oneway" v="no" /></way><way id="499" timestamp="2026-03-12T11:09:39Z" uid="1" user="OSMnx" version="1" changeset="1"><nd ref="1646859043" /><nd ref="1646859042" /><tag k="highway" v="living_street" /><tag k="oneway" v="no" /></way><way id="500" timestamp="2026-03-12T11:09:39Z" uid="1" user="OSMnx" version="1" changeset="1"><nd ref="1646859044" /><nd ref="1646859055" /><tag k="highway" v="living_street" /><tag k="oneway" v="no" /></way><way id="501" timestamp="2026-03-12T11:09:39Z" uid="1" user="OSMnx" version="1" changeset="1"><nd ref="1646859044" /><nd ref="1646859043" /><tag k="highway" v="living_street" /><tag k="oneway" v="no" /></way><way id="502" timestamp="2026-03-12T11:09:39Z" uid="1" user="OSMnx" version="1" changeset="1"><nd ref="1646859045" /><nd ref="1646859034" /><tag k="highway" v="living_street" /><tag k="oneway" v="no" /></way><way id="503" timestamp="2026-03-12T11:09:39Z" uid="1" user="OSMnx" version="1" changeset="1"><nd ref="1646859045" /><nd ref="1646859044" /><tag k="highway" v="living_street" /><tag k="oneway" v="no" /></way><way id="504" timestamp="2026-03-12T11:09:39Z" uid="1" user="OSMnx" version="1" changeset="1"><nd ref="1646859046" /><nd ref="1646859057" /><tag k="highway" v="living_street" /><tag k="oneway" v="no" /></way><way id="505" timestamp="2026-03-12T11:09:39Z" uid="1" user="OSMnx" version="1" changeset="1"><nd ref="1646859046" /><nd ref="1646859045" /><tag k="highway" v="living_street" /><tag k="oneway" v="no" /></way><way id="506" timestamp="2026-03-12T11:09:39Z" uid="1" user="OSMnx" version="1" changeset="1"><nd ref="1646859047" /><nd ref="1646859058" /><tag k="highway" v="living_street" /><tag k="oneway" v="no" /></way><way id="507" timestamp="2026-03-12T11:09:39Z" uid="1" user="OSMnx" version="1" changeset="1"><nd ref="1646859047" /><nd ref="1646859046" /><tag k="highway" v="living_street" /><tag k="oneway" v="no" /></way><way id="508" timestamp="2026-03-12T11:09:39Z" uid="1" user="OSMnx" version="1" changeset="1"><nd ref="1646859050" /><nd ref="1646859051" /><tag k="highway" v="living_street" /><tag k="oneway" v="no" /></way><way id="509" timestamp="2026-03-12T11:09:39Z" uid="1" user="OSMnx" version="1" changeset="1"><nd ref="1646859050" /><nd ref="1646859038" /><tag k="highway" v="residential" /><tag k="oneway" v="no" /></way><way id="510" timestamp="2026-03-12T11:09:39Z" uid="1" user="OSMnx" version="1" changeset="1"><nd ref="1646859051" /><nd ref="1646859040" /><tag k="highway" v="living_street" /><tag k="oneway" v="no" /></way><way id="511" timestamp="2026-03-12T11:09:39Z" uid="1" user="OSMnx" version="1" changeset="1"><nd ref="1646859051" /><nd ref="1646859052" /><tag k="highway" v="living_street" /><tag k="oneway" v="no" /></way><way id="512" timestamp="2026-03-12T11:09:39Z" uid="1" user="OSMnx" version="1" changeset="1"><nd ref="1646859052" /><nd ref="1646859068" /><tag k="highway" v="living_street" /><tag k="oneway" v="no" /></way><way id="513" timestamp="2026-03-12T11:09:39Z" uid="1" user="OSMnx" version="1" changeset="1"><nd ref="1646859052" /><nd ref="1646859053" /><tag k="highway" v="living_street" /><tag k="oneway" v="no" /></way><way id="514" timestamp="2026-03-12T11:09:39Z" uid="1" user="OSMnx" version="1" changeset="1"><nd ref="1646859053" /><nd ref="1646859042" /><tag k="highway" v="living_street" /><tag k="oneway" v="no" /></way><way id="515" timestamp="2026-03-12T11:09:39Z" uid="1" user="OSMnx" version="1" changeset="1"><nd ref="1646859053" /><nd ref="1646859054" /><tag k="highway" v="living_street" /><tag k="oneway" v="no" /></way><way id="516" timestamp="2026-03-12T11:09:39Z" uid="1" user="OSMnx" version="1" changeset="1"><nd ref="1646859054" /><nd ref="1646859043" /><tag k="highway" v="living_street" /><tag k="oneway" v="no" /></way><way id="517" timestamp="2026-03-12T11:09:39Z" uid="1" user="OSMnx" version="1" changeset="1"><nd ref="1646859054" /><nd ref="1646859055" /><tag k="highway" v="living_street" /><tag k="oneway" v="no" /></way><way id="518" timestamp="2026-03-12T11:09:39Z" uid="1" user="OSMnx" version="1" changeset="1"><nd ref="1646859055" /><nd ref="1646859074" /><tag k="highway" v="living_street" /><tag k="oneway" v="no" /></way><way id="519" timestamp="2026-03-12T11:09:39Z" uid="1" user="OSMnx" version="1" changeset="1"><nd ref="1646859055" /><nd ref="1646859056" /><tag k="highway" v="living_street" /><tag k="oneway" v="no" /></way><way id="520" timestamp="2026-03-12T11:09:39Z" uid="1" user="OSMnx" version="1" changeset="1"><nd ref="1646859056" /><nd ref="1646859045" /><tag k="highway" v="living_street" /><tag k="oneway" v="no" /></way><way id="521" timestamp="2026-03-12T11:09:39Z" uid="1" user="OSMnx" version="1" changeset="1"><nd ref="1646859056" /><nd ref="1646859057" /><tag k="highway" v="living_street" /><tag k="oneway" v="no" /></way><way id="522" timestamp="2026-03-12T11:09:39Z" uid="1" user="OSMnx" version="1" changeset="1"><nd ref="1646859057" /><nd ref="1646859077" /><tag k="highway" v="living_street" /><tag k="oneway" v="no" /></way><way id="523" timestamp="2026-03-12T11:09:39Z" uid="1" user="OSMnx" version="1" changeset="1"><nd ref="1646859057" /><nd ref="1646859058" /><tag k="highway" v="living_street" /><tag k="oneway" v="no" /></way><way id="524" timestamp="2026-03-12T11:09:39Z" uid="1" user="OSMnx" version="1" changeset="1"><nd ref="1646859058" /><nd ref="1646859078" /><tag k="highway" v="living_street" /><tag k="oneway" v="no" /></way><way id="525" timestamp="2026-03-12T11:09:39Z" uid="1" user="OSMnx" version="1" changeset="1"><nd ref="1646859058" /><nd ref="10093838964" /><tag k="highway" v="living_street" /><tag k="oneway" v="no" /></way><way id="526" timestamp="2026-03-12T11:09:39Z" uid="1" user="OSMnx" version="1" changeset="1"><nd ref="1646859064" /><nd ref="2216231488" /><tag k="highway" v="tertiary" /><tag k="oneway" v="no" /></way><way id="527" timestamp="2026-03-12T11:09:39Z" uid="1" user="OSMnx" version="1" changeset="1"><nd ref="1646859065" /><nd ref="1646859050" /><tag k="highway" v="residential" /><tag k="oneway" v="no" /></way><way id="528" timestamp="2026-03-12T11:09:39Z" uid="1" user="OSMnx" version="1" changeset="1"><nd ref="1646859067" /><nd ref="1646859051" /><tag k="highway" v="living_street" /><tag k="oneway" v="no" /></way><way id="529" timestamp="2026-03-12T11:09:39Z" uid="1" user="OSMnx" version="1" changeset="1"><nd ref="1646859067" /><nd ref="1646859065" /><tag k="highway" v="living_street" /><tag k="oneway" v="no" /></way><way id="530" timestamp="2026-03-12T11:09:39Z" uid="1" user="OSMnx" version="1" changeset="1"><nd ref="1646859068" /><nd ref="1646859086" /><tag k="highway" v="living_street" /><tag k="oneway" v="no" /></way><way id="531" timestamp="2026-03-12T11:09:39Z" uid="1" user="OSMnx" version="1" changeset="1"><nd ref="1646859068" /><nd ref="1646859067" /><tag k="highway" v="living_street" /><tag k="oneway" v="no" /></way><way id="532" timestamp="2026-03-12T11:09:39Z" uid="1" user="OSMnx" version="1" changeset="1"><nd ref="1646859069" /><nd ref="1646859053" /><tag k="highway" v="living_street" /><tag k="oneway" v="no" /></way><way id="533" timestamp="2026-03-12T11:09:39Z" uid="1" user="OSMnx" version="1" changeset="1"><nd ref="1646859069" /><nd ref="1646859068" /><tag k="highway" v="living_street" /><tag k="oneway" v="no" /></way><way id="534" timestamp="2026-03-12T11:09:39Z" uid="1" user="OSMnx" version="1" changeset="1"><nd ref="1646859070" /><nd ref="1646859054" /><tag k="highway" v="living_street" /><tag k="oneway" v="no" /></way><way id="535" timestamp="2026-03-12T11:09:39Z" uid="1" user="OSMnx" version="1" changeset="1"><nd ref="1646859070" /><nd ref="1646859069" /><tag k="highway" v="living_street" /><tag k="oneway" v="no" /></way><way id="536" timestamp="2026-03-12T11:09:39Z" uid="1" user="OSMnx" version="1" changeset="1"><nd ref="1646859074" /><nd ref="1646859090" /><tag k="highway" v="living_street" /><tag k="oneway" v="no" /></way><way id="537" timestamp="2026-03-12T11:09:39Z" uid="1" user="OSMnx" version="1" changeset="1"><nd ref="1646859074" /><nd ref="1646859070" /><tag k="highway" v="living_street" /><tag k="oneway" v="no" /></way><way id="538" timestamp="2026-03-12T11:09:39Z" uid="1" user="OSMnx" version="1" changeset="1"><nd ref="1646859076" /><nd ref="1646859056" /><tag k="highway" v="living_street" /><tag k="oneway" v="no" /></way><way id="539" timestamp="2026-03-12T11:09:39Z" uid="1" user="OSMnx" version="1" changeset="1"><nd ref="1646859076" /><nd ref="1646859074" /><tag k="highway" v="living_street" /><tag k="oneway" v="no" /></way><way id="540" timestamp="2026-03-12T11:09:39Z" uid="1" user="OSMnx" version="1" changeset="1"><nd ref="1646859077" /><nd ref="1646859093" /><tag k="highway" v="living_street" /><tag k="oneway" v="no" /></way><way id="541" timestamp="2026-03-12T11:09:39Z" uid="1" user="OSMnx" version="1" changeset="1"><nd ref="1646859077" /><nd ref="1646859076" /><tag k="highway" v="living_street" /><tag k="oneway" v="no" /></way><way id="542" timestamp="2026-03-12T11:09:39Z" uid="1" user="OSMnx" version="1" changeset="1"><nd ref="1646859078" /><nd ref="1646859094" /><tag k="highway" v="living_street" /><tag k="oneway" v="no" /></way><way id="543" timestamp="2026-03-12T11:09:39Z" uid="1" user="OSMnx" version="1" changeset="1"><nd ref="1646859078" /><nd ref="1646859077" /><tag k="highway" v="living_street" /><tag k="oneway" v="no" /></way><way id="544" timestamp="2026-03-12T11:09:39Z" uid="1" user="OSMnx" version="1" changeset="1"><nd ref="1646859079" /><nd ref="1646859064" /><tag k="highway" v="residential" /><tag k="oneway" v="no" /></way><way id="545" timestamp="2026-03-12T11:09:39Z" uid="1" user="OSMnx" version="1" changeset="1"><nd ref="1646859079" /><nd ref="2216231451" /><tag k="highway" v="residential" /><tag k="oneway" v="no" /></way><way id="546" timestamp="2026-03-12T11:09:39Z" uid="1" user="OSMnx" version="1" changeset="1"><nd ref="1646859085" /><nd ref="1646859067" /><tag k="highway" v="living_street" /><tag k="oneway" v="no" /></way><way id="547" timestamp="2026-03-12T11:09:39Z" uid="1" user="OSMnx" version="1" changeset="1"><nd ref="1646859085" /><nd ref="1646859086" /><tag k="highway" v="living_street" /><tag k="oneway" v="no" /></way><way id="548" timestamp="2026-03-12T11:09:39Z" uid="1" user="OSMnx" version="1" changeset="1"><nd ref="1646859086" /><nd ref="1646859099" /><tag k="highway" v="living_street" /><tag k="oneway" v="no" /></way><way id="549" timestamp="2026-03-12T11:09:39Z" uid="1" user="OSMnx" version="1" changeset="1"><nd ref="1646859086" /><nd ref="1646859087" /><tag k="highway" v="living_street" /><tag k="oneway" v="no" /></way><way id="550" timestamp="2026-03-12T11:09:39Z" uid="1" user="OSMnx" version="1" changeset="1"><nd ref="1646859087" /><nd ref="1646859069" /><tag k="highway" v="living_street" /><tag k="oneway" v="no" /></way><way id="551" timestamp="2026-03-12T11:09:39Z" uid="1" user="OSMnx" version="1" changeset="1"><nd ref="1646859087" /><nd ref="1646859088" /><tag k="highway" v="living_street" /><tag k="oneway" v="no" /></way><way id="552" timestamp="2026-03-12T11:09:39Z" uid="1" user="OSMnx" version="1" changeset="1"><nd ref="1646859088" /><nd ref="1646859070" /><tag k="highway" v="living_street" /><tag k="oneway" v="no" /></way><way id="553" timestamp="2026-03-12T11:09:39Z" uid="1" user="OSMnx" version="1" changeset="1"><nd ref="1646859088" /><nd ref="1646859090" /><tag k="highway" v="living_street" /><tag k="oneway" v="no" /></way><way id="554" timestamp="2026-03-12T11:09:39Z" uid="1" user="OSMnx" version="1" changeset="1"><nd ref="1646859090" /><nd ref="1646859103" /><tag k="highway" v="living_street" /><tag k="oneway" v="no" /></way><way id="555" timestamp="2026-03-12T11:09:39Z" uid="1" user="OSMnx" version="1" changeset="1"><nd ref="1646859090" /><nd ref="1646859092" /><tag k="highway" v="living_street" /><tag k="oneway" v="no" /></way><way id="556" timestamp="2026-03-12T11:09:39Z" uid="1" user="OSMnx" version="1" changeset="1"><nd ref="1646859092" /><nd ref="1646859076" /><tag k="highway" v="living_street" /><tag k="oneway" v="no" /></way><way id="557" timestamp="2026-03-12T11:09:39Z" uid="1" user="OSMnx" version="1" changeset="1"><nd ref="1646859092" /><nd ref="1646859093" /><tag k="highway" v="living_street" /><tag k="oneway" v="no" /></way><way id="558" timestamp="2026-03-12T11:09:39Z" uid="1" user="OSMnx" version="1" changeset="1"><nd ref="1646859093" /><nd ref="1646859105" /><tag k="highway" v="living_street" /><tag k="oneway" v="no" /></way><way id="559" timestamp="2026-03-12T11:09:39Z" uid="1" user="OSMnx" version="1" changeset="1"><nd ref="1646859093" /><nd ref="1646859094" /><tag k="highway" v="living_street" /><tag k="oneway" v="no" /></way><way id="560" timestamp="2026-03-12T11:09:39Z" uid="1" user="OSMnx" version="1" changeset="1"><nd ref="1646859094" /><nd ref="1646859106" /><tag k="highway" v="living_street" /><tag k="oneway" v="no" /></way><way id="561" timestamp="2026-03-12T11:09:39Z" uid="1" user="OSMnx" version="1" changeset="1"><nd ref="1646859097" /><nd ref="1646859065" /><tag k="highway" v="residential" /><tag k="oneway" v="no" /></way><way id="562" timestamp="2026-03-12T11:09:39Z" uid="1" user="OSMnx" version="1" changeset="1"><nd ref="1646859098" /><nd ref="1646859085" /><tag k="highway" v="living_street" /><tag k="oneway" v="no" /></way><way id="563" timestamp="2026-03-12T11:09:39Z" uid="1" user="OSMnx" version="1" changeset="1"><nd ref="1646859098" /><nd ref="1646859097" /><tag k="highway" v="living_street" /><tag k="oneway" v="no" /></way><way id="564" timestamp="2026-03-12T11:09:39Z" uid="1" user="OSMnx" version="1" changeset="1"><nd ref="1646859099" /><nd ref="1646859112" /><tag k="highway" v="living_street" /><tag k="oneway" v="no" /></way><way id="565" timestamp="2026-03-12T11:09:39Z" uid="1" user="OSMnx" version="1" changeset="1"><nd ref="1646859099" /><nd ref="1646859098" /><tag k="highway" v="living_street" /><tag k="oneway" v="no" /></way><way id="566" timestamp="2026-03-12T11:09:39Z" uid="1" user="OSMnx" version="1" changeset="1"><nd ref="1646859100" /><nd ref="1646859087" /><tag k="highway" v="living_street" /><tag k="oneway" v="no" /></way><way id="567" timestamp="2026-03-12T11:09:39Z" uid="1" user="OSMnx" version="1" changeset="1"><nd ref="1646859100" /><nd ref="1646859099" /><tag k="highway" v="living_street" /><tag k="oneway" v="no" /></way><way id="568" timestamp="2026-03-12T11:09:39Z" uid="1" user="OSMnx" version="1" changeset="1"><nd ref="1646859102" /><nd ref="1646859088" /><tag k="highway" v="living_street" /><tag k="oneway" v="no" /></way><way id="569" timestamp="2026-03-12T11:09:39Z" uid="1" user="OSMnx" version="1" changeset="1"><nd ref="1646859102" /><nd ref="1646859100" /><tag k="highway" v="living_street" /><tag k="oneway" v="no" /></way><way id="570" timestamp="2026-03-12T11:09:39Z" uid="1" user="OSMnx" version="1" changeset="1"><nd ref="1646859103" /><nd ref="1646859115" /><tag k="highway" v="living_street" /><tag k="oneway" v="no" /></way><way id="571" timestamp="2026-03-12T11:09:39Z" uid="1" user="OSMnx" version="1" changeset="1"><nd ref="1646859103" /><nd ref="1646859102" /><tag k="highway" v="living_street" /><tag k="oneway" v="no" /></way><way id="572" timestamp="2026-03-12T11:09:39Z" uid="1" user="OSMnx" version="1" changeset="1"><nd ref="1646859104" /><nd ref="1646859092" /><tag k="highway" v="living_street" /><tag k="oneway" v="no" /></way><way id="573" timestamp="2026-03-12T11:09:39Z" uid="1" user="OSMnx" version="1" changeset="1"><nd ref="1646859104" /><nd ref="1646859103" /><tag k="highway" v="living_street" /><tag k="oneway" v="no" /></way><way id="574" timestamp="2026-03-12T11:09:39Z" uid="1" user="OSMnx" version="1" changeset="1"><nd ref="1646859105" /><nd ref="1646859118" /><tag k="highway" v="living_street" /><tag k="oneway" v="no" /></way><way id="575" timestamp="2026-03-12T11:09:39Z" uid="1" user="OSMnx" version="1" changeset="1"><nd ref="1646859105" /><nd ref="1646859104" /><tag k="highway" v="living_street" /><tag k="oneway" v="no" /></way><way id="576" timestamp="2026-03-12T11:09:39Z" uid="1" user="OSMnx" version="1" changeset="1"><nd ref="1646859106" /><nd ref="2216231478" /><tag k="highway" v="living_street" /><tag k="oneway" v="no" /></way><way id="577" timestamp="2026-03-12T11:09:39Z" uid="1" user="OSMnx" version="1" changeset="1"><nd ref="1646859106" /><nd ref="1646859105" /><tag k="highway" v="living_street" /><tag k="oneway" v="no" /></way><way id="578" timestamp="2026-03-12T11:09:39Z" uid="1" user="OSMnx" version="1" changeset="1"><nd ref="1646859111" /><nd ref="1646859098" /><tag k="highway" v="living_street" /><tag k="oneway" v="no" /></way><way id="579" timestamp="2026-03-12T11:09:39Z" uid="1" user="OSMnx" version="1" changeset="1"><nd ref="1646859111" /><nd ref="1646859112" /><tag k="highway" v="living_street" /><tag k="oneway" v="no" /></way><way id="580" timestamp="2026-03-12T11:09:39Z" uid="1" user="OSMnx" version="1" changeset="1"><nd ref="1646859112" /><nd ref="1646859124" /><tag k="highway" v="living_street" /><tag k="oneway" v="no" /></way><way id="581" timestamp="2026-03-12T11:09:39Z" uid="1" user="OSMnx" version="1" changeset="1"><nd ref="1646859112" /><nd ref="1646859113" /><tag k="highway" v="living_street" /><tag k="oneway" v="no" /></way><way id="582" timestamp="2026-03-12T11:09:39Z" uid="1" user="OSMnx" version="1" changeset="1"><nd ref="1646859113" /><nd ref="1646859100" /><tag k="highway" v="living_street" /><tag k="oneway" v="no" /></way><way id="583" timestamp="2026-03-12T11:09:39Z" uid="1" user="OSMnx" version="1" changeset="1"><nd ref="1646859113" /><nd ref="1646859114" /><tag k="highway" v="living_street" /><tag k="oneway" v="no" /></way><way id="584" timestamp="2026-03-12T11:09:39Z" uid="1" user="OSMnx" version="1" changeset="1"><nd ref="1646859114" /><nd ref="1646859102" /><tag k="highway" v="living_street" /><tag k="oneway" v="no" /></way><way id="585" timestamp="2026-03-12T11:09:39Z" uid="1" user="OSMnx" version="1" changeset="1"><nd ref="1646859114" /><nd ref="1646859115" /><tag k="highway" v="living_street" /><tag k="oneway" v="no" /></way><way id="586" timestamp="2026-03-12T11:09:39Z" uid="1" user="OSMnx" version="1" changeset="1"><nd ref="1646859115" /><nd ref="1646859127" /><tag k="highway" v="living_street" /><tag k="oneway" v="no" /></way><way id="587" timestamp="2026-03-12T11:09:39Z" uid="1" user="OSMnx" version="1" changeset="1"><nd ref="1646859115" /><nd ref="1646859117" /><tag k="highway" v="living_street" /><tag k="oneway" v="no" /></way><way id="588" timestamp="2026-03-12T11:09:39Z" uid="1" user="OSMnx" version="1" changeset="1"><nd ref="1646859117" /><nd ref="1646859104" /><tag k="highway" v="living_street" /><tag k="oneway" v="no" /></way><way id="589" timestamp="2026-03-12T11:09:39Z" uid="1" user="OSMnx" version="1" changeset="1"><nd ref="1646859117" /><nd ref="1646859118" /><tag k="highway" v="living_street" /><tag k="oneway" v="no" /></way><way id="590" timestamp="2026-03-12T11:09:39Z" uid="1" user="OSMnx" version="1" changeset="1"><nd ref="1646859118" /><nd ref="1646859129" /><tag k="highway" v="living_street" /><tag k="oneway" v="no" /></way><way id="591" timestamp="2026-03-12T11:09:39Z" uid="1" user="OSMnx" version="1" changeset="1"><nd ref="1646859118" /><nd ref="1646859119" /><tag k="highway" v="living_street" /><tag k="oneway" v="no" /></way><way id="592" timestamp="2026-03-12T11:09:39Z" uid="1" user="OSMnx" version="1" changeset="1"><nd ref="1646859119" /><nd ref="1646859130" /><tag k="highway" v="living_street" /><tag k="oneway" v="no" /></way><way id="593" timestamp="2026-03-12T11:09:39Z" uid="1" user="OSMnx" version="1" changeset="1"><nd ref="1646859123" /><nd ref="1646859111" /><tag k="highway" v="living_street" /><tag k="oneway" v="no" /></way><way id="594" timestamp="2026-03-12T11:09:39Z" uid="1" user="OSMnx" version="1" changeset="1"><nd ref="1646859124" /><nd ref="1646859135" /><tag k="highway" v="living_street" /><tag k="oneway" v="no" /></way><way id="595" timestamp="2026-03-12T11:09:39Z" uid="1" user="OSMnx" version="1" changeset="1"><nd ref="1646859124" /><nd ref="1646859123" /><tag k="highway" v="living_street" /><tag k="oneway" v="no" /></way><way id="596" timestamp="2026-03-12T11:09:39Z" uid="1" user="OSMnx" version="1" changeset="1"><nd ref="1646859125" /><nd ref="1646859113" /><tag k="highway" v="living_street" /><tag k="oneway" v="no" /></way><way id="597" timestamp="2026-03-12T11:09:39Z" uid="1" user="OSMnx" version="1" changeset="1"><nd ref="1646859125" /><nd ref="1646859124" /><tag k="highway" v="living_street" /><tag k="oneway" v="no" /></way><way id="598" timestamp="2026-03-12T11:09:39Z" uid="1" user="OSMnx" version="1" changeset="1"><nd ref="1646859126" /><nd ref="1646859114" /><tag k="highway" v="living_street" /><tag k="oneway" v="no" /></way><way id="599" timestamp="2026-03-12T11:09:39Z" uid="1" user="OSMnx" version="1" changeset="1"><nd ref="1646859126" /><nd ref="1646859125" /><tag k="highway" v="living_street" /><tag k="oneway" v="no" /></way><way id="600" timestamp="2026-03-12T11:09:39Z" uid="1" user="OSMnx" version="1" changeset="1"><nd ref="1646859127" /><nd ref="1646859138" /><tag k="highway" v="living_street" /><tag k="oneway" v="no" /></way><way id="601" timestamp="2026-03-12T11:09:39Z" uid="1" user="OSMnx" version="1" changeset="1"><nd ref="1646859127" /><nd ref="1646859126" /><tag k="highway" v="living_street" /><tag k="oneway" v="no" /></way><way id="602" timestamp="2026-03-12T11:09:39Z" uid="1" user="OSMnx" version="1" changeset="1"><nd ref="1646859128" /><nd ref="1646859117" /><tag k="highway" v="living_street" /><tag k="oneway" v="no" /></way><way id="603" timestamp="2026-03-12T11:09:39Z" uid="1" user="OSMnx" version="1" changeset="1"><nd ref="1646859128" /><nd ref="1646859127" /><tag k="highway" v="living_street" /><tag k="oneway" v="no" /></way><way id="604" timestamp="2026-03-12T11:09:39Z" uid="1" user="OSMnx" version="1" changeset="1"><nd ref="1646859129" /><nd ref="1646859140" /><tag k="highway" v="living_street" /><tag k="oneway" v="no" /></way><way id="605" timestamp="2026-03-12T11:09:39Z" uid="1" user="OSMnx" version="1" changeset="1"><nd ref="1646859129" /><nd ref="1646859128" /><tag k="highway" v="living_street" /><tag k="oneway" v="no" /></way><way id="606" timestamp="2026-03-12T11:09:39Z" uid="1" user="OSMnx" version="1" changeset="1"><nd ref="1646859130" /><nd ref="1646859141" /><tag k="highway" v="living_street" /><tag k="oneway" v="no" /></way><way id="607" timestamp="2026-03-12T11:09:39Z" uid="1" user="OSMnx" version="1" changeset="1"><nd ref="1646859130" /><nd ref="1646859129" /><tag k="highway" v="living_street" /><tag k="oneway" v="no" /></way><way id="608" timestamp="2026-03-12T11:09:39Z" uid="1" user="OSMnx" version="1" changeset="1"><nd ref="1646859131" /><nd ref="1646859123" /><tag k="highway" v="living_street" /><tag k="oneway" v="no" /></way><way id="609" timestamp="2026-03-12T11:09:39Z" uid="1" user="OSMnx" version="1" changeset="1"><nd ref="1646859133" /><nd ref="12330631596" /><tag k="highway" v="residential" /><tag k="oneway" v="no" /></way><way id="610" timestamp="2026-03-12T11:09:39Z" uid="1" user="OSMnx" version="1" changeset="1"><nd ref="1646859135" /><nd ref="1646859134" /><tag k="highway" v="residential" /><tag k="oneway" v="no" /></way><way id="611" timestamp="2026-03-12T11:09:39Z" uid="1" user="OSMnx" version="1" changeset="1"><nd ref="1646859135" /><nd ref="10214145727" /><tag k="highway" v="living_street" /><tag k="oneway" v="no" /></way><way id="612" timestamp="2026-03-12T11:09:39Z" uid="1" user="OSMnx" version="1" changeset="1"><nd ref="1646859136" /><nd ref="1646859125" /><tag k="highway" v="living_street" /><tag k="oneway" v="no" /></way><way id="613" timestamp="2026-03-12T11:09:39Z" uid="1" user="OSMnx" version="1" changeset="1"><nd ref="1646859136" /><nd ref="1646859135" /><tag k="highway" v="residential" /><tag k="oneway" v="no" /></way><way id="614" timestamp="2026-03-12T11:09:39Z" uid="1" user="OSMnx" version="1" changeset="1"><nd ref="1646859137" /><nd ref="1646859126" /><tag k="highway" v="living_street" /><tag k="oneway" v="no" /></way><way id="615" timestamp="2026-03-12T11:09:39Z" uid="1" user="OSMnx" version="1" changeset="1"><nd ref="1646859137" /><nd ref="1646859136" /><tag k="highway" v="residential" /><tag k="oneway" v="no" /></way><way id="616" timestamp="2026-03-12T11:09:39Z" uid="1" user="OSMnx" version="1" changeset="1"><nd ref="1646859138" /><nd ref="1646859137" /><tag k="highway" v="residential" /><tag k="oneway" v="no" /></way><way id="617" timestamp="2026-03-12T11:09:39Z" uid="1" user="OSMnx" version="1" changeset="1"><nd ref="1646859138" /><nd ref="10214145722" /><tag k="highway" v="['living_street', 'residential']" /><tag k="oneway" v="no" /></way><way id="618" timestamp="2026-03-12T11:09:39Z" uid="1" user="OSMnx" version="1" changeset="1"><nd ref="1646859139" /><nd ref="1646859128" /><tag k="highway" v="living_street" /><tag k="oneway" v="no" /></way><way id="619" timestamp="2026-03-12T11:09:39Z" uid="1" user="OSMnx" version="1" changeset="1"><nd ref="1646859139" /><nd ref="1646859138" /><tag k="highway" v="residential" /><tag k="oneway" v="no" /></way><way id="620" timestamp="2026-03-12T11:09:39Z" uid="1" user="OSMnx" version="1" changeset="1"><nd ref="1646859140" /><nd ref="1646859139" /><tag k="highway" v="residential" /><tag k="oneway" v="no" /></way><way id="621" timestamp="2026-03-12T11:09:39Z" uid="1" user="OSMnx" version="1" changeset="1"><nd ref="1646859141" /><nd ref="1646859140" /><tag k="highway" v="residential" /><tag k="oneway" v="no" /></way><way id="622" timestamp="2026-03-12T11:09:39Z" uid="1" user="OSMnx" version="1" changeset="1"><nd ref="1646859142" /><nd ref="10093838954" /><tag k="highway" v="residential" /><tag k="oneway" v="no" /></way><way id="623" timestamp="2026-03-12T11:09:39Z" uid="1" user="OSMnx" version="1" changeset="1"><nd ref="1646859142" /><nd ref="2216231567" /><tag k="highway" v="tertiary" /><tag k="oneway" v="no" /></way><way id="624" timestamp="2026-03-12T11:09:39Z" uid="1" user="OSMnx" version="1" changeset="1"><nd ref="1646859145" /><nd ref="1646859147" /><tag k="highway" v="living_street" /><tag k="oneway" v="no" /></way><way id="625" timestamp="2026-03-12T11:09:39Z" uid="1" user="OSMnx" version="1" changeset="1"><nd ref="1646859145" /><nd ref="10214145737" /><tag k="highway" v="residential" /><tag k="oneway" v="no" /></way><way id="626" timestamp="2026-03-12T11:09:39Z" uid="1" user="OSMnx" version="1" changeset="1"><nd ref="1646859146" /><nd ref="1646859133" /><tag k="highway" v="living_street" /><tag k="oneway" v="no" /></way><way id="627" timestamp="2026-03-12T11:09:39Z" uid="1" user="OSMnx" version="1" changeset="1"><nd ref="1646859147" /><nd ref="1646859154" /><tag k="highway" v="living_street" /><tag k="oneway" v="no" /></way><way id="628" timestamp="2026-03-12T11:09:39Z" uid="1" user="OSMnx" version="1" changeset="1"><nd ref="1646859147" /><nd ref="1646859146" /><tag k="highway" v="living_street" /><tag k="oneway" v="no" /></way><way id="629" timestamp="2026-03-12T11:09:39Z" uid="1" user="OSMnx" version="1" changeset="1"><nd ref="1646859148" /><nd ref="1646859147" /><tag k="highway" v="living_street" /><tag k="oneway" v="no" /></way><way id="630" timestamp="2026-03-12T11:09:39Z" uid="1" user="OSMnx" version="1" changeset="1"><nd ref="1646859148" /><nd ref="1646859155" /><tag k="highway" v="living_street" /><tag k="oneway" v="no" /></way><way id="631" timestamp="2026-03-12T11:09:39Z" uid="1" user="OSMnx" version="1" changeset="1"><nd ref="1646859149" /><nd ref="1646859148" /><tag k="highway" v="living_street" /><tag k="oneway" v="no" /></way><way id="632" timestamp="2026-03-12T11:09:39Z" uid="1" user="OSMnx" version="1" changeset="1"><nd ref="1646859149" /><nd ref="10214145726" /><tag k="highway" v="living_street" /><tag k="oneway" v="no" /></way><way id="633" timestamp="2026-03-12T11:09:39Z" uid="1" user="OSMnx" version="1" changeset="1"><nd ref="1646859150" /><nd ref="1646859149" /><tag k="highway" v="living_street" /><tag k="oneway" v="no" /></way><way id="634" timestamp="2026-03-12T11:09:39Z" uid="1" user="OSMnx" version="1" changeset="1"><nd ref="1646859150" /><nd ref="10214145724" /><tag k="highway" v="living_street" /><tag k="oneway" v="no" /></way><way id="635" timestamp="2026-03-12T11:09:39Z" uid="1" user="OSMnx" version="1" changeset="1"><nd ref="1646859151" /><nd ref="1646859150" /><tag k="highway" v="living_street" /><tag k="oneway" v="no" /></way><way id="636" timestamp="2026-03-12T11:09:39Z" uid="1" user="OSMnx" version="1" changeset="1"><nd ref="1646859151" /><nd ref="1646859158" /><tag k="highway" v="living_street" /><tag k="oneway" v="no" /></way><way id="637" timestamp="2026-03-12T11:09:39Z" uid="1" user="OSMnx" version="1" changeset="1"><nd ref="1646859152" /><nd ref="1646859151" /><tag k="highway" v="living_street" /><tag k="oneway" v="no" /></way><way id="638" timestamp="2026-03-12T11:09:39Z" uid="1" user="OSMnx" version="1" changeset="1"><nd ref="1646859152" /><nd ref="10725035157" /><tag k="highway" v="living_street" /><tag k="oneway" v="no" /></way><way id="639" timestamp="2026-03-12T11:09:39Z" uid="1" user="OSMnx" version="1" changeset="1"><nd ref="1646859153" /><nd ref="1646859146" /><tag k="highway" v="living_street" /><tag k="oneway" v="no" /></way><way id="640" timestamp="2026-03-12T11:09:39Z" uid="1" user="OSMnx" version="1" changeset="1"><nd ref="1646859153" /><nd ref="1646859154" /><tag k="highway" v="living_street" /><tag k="oneway" v="no" /></way><way id="641" timestamp="2026-03-12T11:09:39Z" uid="1" user="OSMnx" version="1" changeset="1"><nd ref="1646859154" /><nd ref="1646859163" /><tag k="highway" v="living_street" /><tag k="oneway" v="no" /></way><way id="642" timestamp="2026-03-12T11:09:39Z" uid="1" user="OSMnx" version="1" changeset="1"><nd ref="1646859154" /><nd ref="1646859155" /><tag k="highway" v="living_street" /><tag k="oneway" v="no" /></way><way id="643" timestamp="2026-03-12T11:09:39Z" uid="1" user="OSMnx" version="1" changeset="1"><nd ref="1646859155" /><nd ref="1646859156" /><tag k="highway" v="living_street" /><tag k="oneway" v="no" /></way><way id="644" timestamp="2026-03-12T11:09:39Z" uid="1" user="OSMnx" version="1" changeset="1"><nd ref="1646859155" /><nd ref="1646859164" /><tag k="highway" v="living_street" /><tag k="oneway" v="no" /></way><way id="645" timestamp="2026-03-12T11:09:39Z" uid="1" user="OSMnx" version="1" changeset="1"><nd ref="1646859156" /><nd ref="1646859157" /><tag k="highway" v="living_street" /><tag k="oneway" v="no" /></way><way id="646" timestamp="2026-03-12T11:09:39Z" uid="1" user="OSMnx" version="1" changeset="1"><nd ref="1646859156" /><nd ref="1646859149" /><tag k="highway" v="living_street" /><tag k="oneway" v="no" /></way><way id="647" timestamp="2026-03-12T11:09:39Z" uid="1" user="OSMnx" version="1" changeset="1"><nd ref="1646859157" /><nd ref="1646859158" /><tag k="highway" v="living_street" /><tag k="oneway" v="no" /></way><way id="648" timestamp="2026-03-12T11:09:39Z" uid="1" user="OSMnx" version="1" changeset="1"><nd ref="1646859157" /><nd ref="1646859150" /><tag k="highway" v="living_street" /><tag k="oneway" v="no" /></way><way id="649" timestamp="2026-03-12T11:09:39Z" uid="1" user="OSMnx" version="1" changeset="1"><nd ref="1646859158" /><nd ref="1646859159" /><tag k="highway" v="living_street" /><tag k="oneway" v="no" /></way><way id="650" timestamp="2026-03-12T11:09:39Z" uid="1" user="OSMnx" version="1" changeset="1"><nd ref="1646859158" /><nd ref="1646859167" /><tag k="highway" v="living_street" /><tag k="oneway" v="no" /></way><way id="651" timestamp="2026-03-12T11:09:39Z" uid="1" user="OSMnx" version="1" changeset="1"><nd ref="1646859159" /><nd ref="1646859152" /><tag k="highway" v="living_street" /><tag k="oneway" v="no" /></way><way id="652" timestamp="2026-03-12T11:09:39Z" uid="1" user="OSMnx" version="1" changeset="1"><nd ref="1646859161" /><nd ref="12330631596" /><tag k="highway" v="living_street" /><tag k="oneway" v="no" /></way><way id="653" timestamp="2026-03-12T11:09:39Z" uid="1" user="OSMnx" version="1" changeset="1"><nd ref="1646859161" /><nd ref="12330631588" /><tag k="highway" v="residential" /><tag k="oneway" v="no" /></way><way id="654" timestamp="2026-03-12T11:09:39Z" uid="1" user="OSMnx" version="1" changeset="1"><nd ref="1646859161" /><nd ref="11243204118" /><tag k="highway" v="residential" /><tag k="oneway" v="no" /></way><way id="655" timestamp="2026-03-12T11:09:39Z" uid="1" user="OSMnx" version="1" changeset="1"><nd ref="1646859162" /><nd ref="1646859153" /><tag k="highway" v="living_street" /><tag k="oneway" v="no" /></way><way id="656" timestamp="2026-03-12T11:09:39Z" uid="1" user="OSMnx" version="1" changeset="1"><nd ref="1646859162" /><nd ref="1646859163" /><tag k="highway" v="living_street" /><tag k="oneway" v="no" /></way><way id="657" timestamp="2026-03-12T11:09:39Z" uid="1" user="OSMnx" version="1" changeset="1"><nd ref="1646859163" /><nd ref="1646859164" /><tag k="highway" v="living_street" /><tag k="oneway" v="no" /></way><way id="658" timestamp="2026-03-12T11:09:39Z" uid="1" user="OSMnx" version="1" changeset="1"><nd ref="1646859164" /><nd ref="1646859165" /><tag k="highway" v="living_street" /><tag k="oneway" v="no" /></way><way id="659" timestamp="2026-03-12T11:09:39Z" uid="1" user="OSMnx" version="1" changeset="1"><nd ref="1646859164" /><nd ref="1646859169" /><tag k="highway" v="living_street" /><tag k="oneway" v="no" /></way><way id="660" timestamp="2026-03-12T11:09:39Z" uid="1" user="OSMnx" version="1" changeset="1"><nd ref="1646859165" /><nd ref="1646859166" /><tag k="highway" v="living_street" /><tag k="oneway" v="no" /></way><way id="661" timestamp="2026-03-12T11:09:39Z" uid="1" user="OSMnx" version="1" changeset="1"><nd ref="1646859165" /><nd ref="1646859156" /><tag k="highway" v="living_street" /><tag k="oneway" v="no" /></way><way id="662" timestamp="2026-03-12T11:09:39Z" uid="1" user="OSMnx" version="1" changeset="1"><nd ref="1646859166" /><nd ref="1646859167" /><tag k="highway" v="living_street" /><tag k="oneway" v="no" /></way><way id="663" timestamp="2026-03-12T11:09:39Z" uid="1" user="OSMnx" version="1" changeset="1"><nd ref="1646859166" /><nd ref="1646859157" /><tag k="highway" v="living_street" /><tag k="oneway" v="no" /></way><way id="664" timestamp="2026-03-12T11:09:39Z" uid="1" user="OSMnx" version="1" changeset="1"><nd ref="1646859167" /><nd ref="1646859168" /><tag k="highway" v="living_street" /><tag k="oneway" v="no" /></way><way id="665" timestamp="2026-03-12T11:09:39Z" uid="1" user="OSMnx" version="1" changeset="1"><nd ref="1646859167" /><nd ref="1646859173" /><tag k="highway" v="living_street" /><tag k="oneway" v="no" /></way><way id="666" timestamp="2026-03-12T11:09:39Z" uid="1" user="OSMnx" version="1" changeset="1"><nd ref="1646859168" /><nd ref="1646859159" /><tag k="highway" v="living_street" /><tag k="oneway" v="no" /></way><way id="667" timestamp="2026-03-12T11:09:39Z" uid="1" user="OSMnx" version="1" changeset="1"><nd ref="1646859172" /><nd ref="1646859166" /><tag k="highway" v="living_street" /><tag k="oneway" v="no" /></way><way id="668" timestamp="2026-03-12T11:09:39Z" uid="1" user="OSMnx" version="1" changeset="1"><nd ref="1646859172" /><nd ref="1646859165" /><tag k="highway" v="living_street" /><tag k="oneway" v="no" /></way><way id="669" timestamp="2026-03-12T11:09:39Z" uid="1" user="OSMnx" version="1" changeset="1"><nd ref="1646859173" /><nd ref="1646859172" /><tag k="highway" v="living_street" /><tag k="oneway" v="no" /></way><way id="670" timestamp="2026-03-12T11:09:39Z" uid="1" user="OSMnx" version="1" changeset="1"><nd ref="1646859174" /><nd ref="1375170677" /><tag k="highway" v="tertiary" /><tag k="oneway" v="no" /></way><way id="671" timestamp="2026-03-12T11:09:39Z" uid="1" user="OSMnx" version="1" changeset="1"><nd ref="1646859174" /><nd ref="10093838947" /><tag k="highway" v="living_street" /><tag k="oneway" v="no" /></way><way id="672" timestamp="2026-03-12T11:09:39Z" uid="1" user="OSMnx" version="1" changeset="1"><nd ref="1646859177" /><nd ref="12330673933" /><tag k="highway" v="residential" /><tag k="oneway" v="no" /></way><way id="673" timestamp="2026-03-12T11:09:39Z" uid="1" user="OSMnx" version="1" changeset="1"><nd ref="1646859182" /><nd ref="3794269301" /><tag k="highway" v="residential" /><tag k="oneway" v="no" /></way><way id="674" timestamp="2026-03-12T11:09:39Z" uid="1" user="OSMnx" version="1" changeset="1"><nd ref="1646859182" /><nd ref="12330631589" /><tag k="highway" v="residential" /><tag k="oneway" v="no" /></way><way id="675" timestamp="2026-03-12T11:09:39Z" uid="1" user="OSMnx" version="1" changeset="1"><nd ref="1646859183" /><nd ref="7388110240" /><tag k="highway" v="residential" /><tag k="oneway" v="no" /></way><way id="676" timestamp="2026-03-12T11:09:39Z" uid="1" user="OSMnx" version="1" changeset="1"><nd ref="1646859183" /><nd ref="245679988" /><tag k="highway" v="secondary" /><tag k="name" v="Malad Marve Road" /><tag k="oneway" v="no" /></way><way id="677" timestamp="2026-03-12T11:09:39Z" uid="1" user="OSMnx" version="1" changeset="1"><nd ref="1646861044" /><nd ref="2216843251" /><tag k="highway" v="residential" /><tag k="oneway" v="no" /></way><way id="678" timestamp="2026-03-12T11:09:39Z" uid="1" user="OSMnx" version="1" changeset="1"><nd ref="1646861044" /><nd ref="2216231733" /><tag k="highway" v="residential" /><tag k="oneway" v="no" /></way><way id="679" timestamp="2026-03-12T11:09:39Z" uid="1" user="OSMnx" version="1" changeset="1"><nd ref="1646861052" /><nd ref="2216231789" /><tag k="highway" v="residential" /><tag k="oneway" v="no" /></way><way id="680" timestamp="2026-03-12T11:09:39Z" uid="1" user="OSMnx" version="1" changeset="1"><nd ref="1646861052" /><nd ref="11070963699" /><tag k="highway" v="residential" /><tag k="oneway" v="no" /></way><way id="681" timestamp="2026-03-12T11:09:39Z" uid="1" user="OSMnx" version="1" changeset="1"><nd ref="1646861054" /><nd ref="4306257804" /><tag k="highway" v="secondary" /><tag k="name" v="Malad Marve Road" /><tag k="oneway" v="no" /></way><way id="682" timestamp="2026-03-12T11:09:39Z" uid="1" user="OSMnx" version="1" changeset="1"><nd ref="1913057624" /><nd ref="1186872620" /><tag k="highway" v="primary" /><tag k="name" v="Swami Vivekanand Road" /><tag k="oneway" v="no" /></way><way id="683" timestamp="2026-03-12T11:09:39Z" uid="1" user="OSMnx" version="1" changeset="1"><nd ref="1913057624" /><nd ref="6572227912" /><tag k="highway" v="residential" /><tag k="oneway" v="no" /></way><way id="684" timestamp="2026-03-12T11:09:39Z" uid="1" user="OSMnx" version="1" changeset="1"><nd ref="1936499776" /><nd ref="1186872622" /><tag k="highway" v="residential" /><tag k="name" v="Galwadi Road" /><tag k="oneway" v="no" /></way><way id="685" timestamp="2026-03-12T11:09:39Z" uid="1" user="OSMnx" version="1" changeset="1"><nd ref="1936499776" /><nd ref="7374583161" /><tag k="highway" v="primary" /><tag k="name" v="Swami Vivekanand Road" /><tag k="oneway" v="no" /></way><way id="686" timestamp="2026-03-12T11:09:39Z" uid="1" user="OSMnx" version="1" changeset="1"><nd ref="1936499778" /><nd ref="1936499776" /><tag k="highway" v="primary" /><tag k="name" v="Swami Vivekanand Road" /><tag k="oneway" v="no" /></way><way id="687" timestamp="2026-03-12T11:09:39Z" uid="1" user="OSMnx" version="1" changeset="1"><nd ref="1936499778" /><nd ref="10657158659" /><tag k="highway" v="residential" /><tag k="oneway" v="no" /></way><way id="688" timestamp="2026-03-12T11:09:39Z" uid="1" user="OSMnx" version="1" changeset="1"><nd ref="1936499780" /><nd ref="1936499778" /><tag k="highway" v="primary" /><tag k="name" v="Swami Vivekanand Road" /><tag k="oneway" v="no" /></way><way id="689" timestamp="2026-03-12T11:09:39Z" uid="1" user="OSMnx" version="1" changeset="1"><nd ref="1936499782" /><nd ref="619185674" /><tag k="highway" v="primary" /><tag k="name" v="Swami Vivekanand Road" /><tag k="oneway" v="no" /></way><way id="690" timestamp="2026-03-12T11:09:39Z" uid="1" user="OSMnx" version="1" changeset="1"><nd ref="1936499782" /><nd ref="1194136043" /><tag k="highway" v="secondary_link" /><tag k="oneway" v="no" /></way><way id="691" timestamp="2026-03-12T11:09:39Z" uid="1" user="OSMnx" version="1" changeset="1"><nd ref="1936499784" /><nd ref="619185674" /><tag k="highway" v="secondary" /><tag k="name" v="Goregaon Mulund Link Road" /><tag k="oneway" v="no" /></way><way id="692" timestamp="2026-03-12T11:09:39Z" uid="1" user="OSMnx" version="1" changeset="1"><nd ref="1936499784" /><nd ref="1936499780" /><tag k="highway" v="primary" /><tag k="name" v="Swami Vivekanand Road" /><tag k="oneway" v="no" /></way><way id="693" timestamp="2026-03-12T11:09:39Z" uid="1" user="OSMnx" version="1" changeset="1"><nd ref="2126259682" /><nd ref="11243204115" /><tag k="highway" v="residential" /><tag k="oneway" v="no" /></way><way id="694" timestamp="2026-03-12T11:09:39Z" uid="1" user="OSMnx" version="1" changeset="1"><nd ref="2216231365" /><nd ref="2216231376" /><tag k="highway" v="tertiary" /><tag k="oneway" v="no" /></way><way id="695" timestamp="2026-03-12T11:09:39Z" uid="1" user="OSMnx" version="1" changeset="1"><nd ref="2216231374" /><nd ref="2216231365" /><tag k="highway" v="living_street" /><tag k="oneway" v="no" /></way><way id="696" timestamp="2026-03-12T11:09:39Z" uid="1" user="OSMnx" version="1" changeset="1"><nd ref="2216231376" /><nd ref="2216231377" /><tag k="highway" v="residential" /><tag k="oneway" v="no" /></way><way id="697" timestamp="2026-03-12T11:09:39Z" uid="1" user="OSMnx" version="1" changeset="1"><nd ref="2216231376" /><nd ref="1646859027" /><tag k="highway" v="tertiary" /><tag k="oneway" v="no" /></way><way id="698" timestamp="2026-03-12T11:09:39Z" uid="1" user="OSMnx" version="1" changeset="1"><nd ref="2216231377" /><nd ref="2216231378" /><tag k="highway" v="residential" /><tag k="oneway" v="no" /></way><way id="699" timestamp="2026-03-12T11:09:39Z" uid="1" user="OSMnx" version="1" changeset="1"><nd ref="2216231378" /><nd ref="2216231381" /><tag k="highway" v="residential" /><tag k="oneway" v="no" /></way><way id="700" timestamp="2026-03-12T11:09:39Z" uid="1" user="OSMnx" version="1" changeset="1"><nd ref="2216231378" /><nd ref="2216231400" /><tag k="highway" v="living_street" /><tag k="oneway" v="no" /></way><way id="701" timestamp="2026-03-12T11:09:39Z" uid="1" user="OSMnx" version="1" changeset="1"><nd ref="2216231381" /><nd ref="2216231383" /><tag k="highway" v="residential" /><tag k="oneway" v="no" /></way><way id="702" timestamp="2026-03-12T11:09:39Z" uid="1" user="OSMnx" version="1" changeset="1"><nd ref="2216231381" /><nd ref="2216231374" /><tag k="highway" v="living_street" /><tag k="oneway" v="no" /></way><way id="703" timestamp="2026-03-12T11:09:39Z" uid="1" user="OSMnx" version="1" changeset="1"><nd ref="2216231383" /><nd ref="2216231403" /><tag k="highway" v="living_street" /><tag k="oneway" v="no" /></way><way id="704" timestamp="2026-03-12T11:09:39Z" uid="1" user="OSMnx" version="1" changeset="1"><nd ref="2216231390" /><nd ref="2216231407" /><tag k="highway" v="tertiary" /><tag k="oneway" v="no" /></way><way id="705" timestamp="2026-03-12T11:09:39Z" uid="1" user="OSMnx" version="1" changeset="1"><nd ref="2216231394" /><nd ref="2216231377" /><tag k="highway" v="living_street" /><tag k="oneway" v="no" /></way><way id="706" timestamp="2026-03-12T11:09:39Z" uid="1" user="OSMnx" version="1" changeset="1"><nd ref="2216231394" /><nd ref="2216231390" /><tag k="highway" v="living_street" /><tag k="oneway" v="no" /></way><way id="707" timestamp="2026-03-12T11:09:39Z" uid="1" user="OSMnx" version="1" changeset="1"><nd ref="2216231400" /><nd ref="2216231394" /><tag k="highway" v="living_street" /><tag k="oneway" v="no" /></way><way id="708" timestamp="2026-03-12T11:09:39Z" uid="1" user="OSMnx" version="1" changeset="1"><nd ref="2216231400" /><nd ref="2216231410" /><tag k="highway" v="living_street" /><tag k="oneway" v="no" /></way><way id="709" timestamp="2026-03-12T11:09:39Z" uid="1" user="OSMnx" version="1" changeset="1"><nd ref="2216231402" /><nd ref="2216231400" /><tag k="highway" v="living_street" /><tag k="oneway" v="no" /></way><way id="710" timestamp="2026-03-12T11:09:39Z" uid="1" user="OSMnx" version="1" changeset="1"><nd ref="2216231402" /><nd ref="2216231381" /><tag k="highway" v="living_street" /><tag k="oneway" v="no" /></way><way id="711" timestamp="2026-03-12T11:09:39Z" uid="1" user="OSMnx" version="1" changeset="1"><nd ref="2216231403" /><nd ref="2216231414" /><tag k="highway" v="living_street" /><tag k="oneway" v="no" /></way><way id="712" timestamp="2026-03-12T11:09:39Z" uid="1" user="OSMnx" version="1" changeset="1"><nd ref="2216231403" /><nd ref="2216231402" /><tag k="highway" v="living_street" /><tag k="oneway" v="no" /></way><way id="713" timestamp="2026-03-12T11:09:39Z" uid="1" user="OSMnx" version="1" changeset="1"><nd ref="2216231407" /><nd ref="2216231418" /><tag k="highway" v="tertiary" /><tag k="oneway" v="no" /></way><way id="714" timestamp="2026-03-12T11:09:39Z" uid="1" user="OSMnx" version="1" changeset="1"><nd ref="2216231408" /><nd ref="2216231407" /><tag k="highway" v="living_street" /><tag k="oneway" v="no" /></way><way id="715" timestamp="2026-03-12T11:09:39Z" uid="1" user="OSMnx" version="1" changeset="1"><nd ref="2216231408" /><nd ref="2216231394" /><tag k="highway" v="living_street" /><tag k="oneway" v="no" /></way><way id="716" timestamp="2026-03-12T11:09:39Z" uid="1" user="OSMnx" version="1" changeset="1"><nd ref="2216231410" /><nd ref="2216231408" /><tag k="highway" v="living_street" /><tag k="oneway" v="no" /></way><way id="717" timestamp="2026-03-12T11:09:39Z" uid="1" user="OSMnx" version="1" changeset="1"><nd ref="2216231410" /><nd ref="2216231424" /><tag k="highway" v="living_street" /><tag k="oneway" v="no" /></way><way id="718" timestamp="2026-03-12T11:09:39Z" uid="1" user="OSMnx" version="1" changeset="1"><nd ref="2216231413" /><nd ref="2216231410" /><tag k="highway" v="living_street" /><tag k="oneway" v="no" /></way><way id="719" timestamp="2026-03-12T11:09:39Z" uid="1" user="OSMnx" version="1" changeset="1"><nd ref="2216231413" /><nd ref="2216231402" /><tag k="highway" v="living_street" /><tag k="oneway" v="no" /></way><way id="720" timestamp="2026-03-12T11:09:39Z" uid="1" user="OSMnx" version="1" changeset="1"><nd ref="2216231414" /><nd ref="2216231429" /><tag k="highway" v="living_street" /><tag k="oneway" v="no" /></way><way id="721" timestamp="2026-03-12T11:09:39Z" uid="1" user="OSMnx" version="1" changeset="1"><nd ref="2216231414" /><nd ref="2216231413" /><tag k="highway" v="living_street" /><tag k="oneway" v="no" /></way><way id="722" timestamp="2026-03-12T11:09:39Z" uid="1" user="OSMnx" version="1" changeset="1"><nd ref="2216231415" /><nd ref="2216231414" /><tag k="highway" v="living_street" /><tag k="oneway" v="no" /></way><way id="723" timestamp="2026-03-12T11:09:39Z" uid="1" user="OSMnx" version="1" changeset="1"><nd ref="2216231418" /><nd ref="2216231421" /><tag k="highway" v="living_street" /><tag k="oneway" v="no" /></way><way id="724" timestamp="2026-03-12T11:09:39Z" uid="1" user="OSMnx" version="1" changeset="1"><nd ref="2216231418" /><nd ref="2216231433" /><tag k="highway" v="tertiary" /><tag k="oneway" v="no" /></way><way id="725" timestamp="2026-03-12T11:09:39Z" uid="1" user="OSMnx" version="1" changeset="1"><nd ref="2216231421" /><nd ref="2216231408" /><tag k="highway" v="living_street" /><tag k="oneway" v="no" /></way><way id="726" timestamp="2026-03-12T11:09:39Z" uid="1" user="OSMnx" version="1" changeset="1"><nd ref="2216231421" /><nd ref="2216231424" /><tag k="highway" v="living_street" /><tag k="oneway" v="no" /></way><way id="727" timestamp="2026-03-12T11:09:39Z" uid="1" user="OSMnx" version="1" changeset="1"><nd ref="2216231424" /><nd ref="2216231426" /><tag k="highway" v="living_street" /><tag k="oneway" v="no" /></way><way id="728" timestamp="2026-03-12T11:09:39Z" uid="1" user="OSMnx" version="1" changeset="1"><nd ref="2216231424" /><nd ref="2216231437" /><tag k="highway" v="living_street" /><tag k="oneway" v="no" /></way><way id="729" timestamp="2026-03-12T11:09:39Z" uid="1" user="OSMnx" version="1" changeset="1"><nd ref="2216231426" /><nd ref="2216231429" /><tag k="highway" v="living_street" /><tag k="oneway" v="no" /></way><way id="730" timestamp="2026-03-12T11:09:39Z" uid="1" user="OSMnx" version="1" changeset="1"><nd ref="2216231426" /><nd ref="2216231413" /><tag k="highway" v="living_street" /><tag k="oneway" v="no" /></way><way id="731" timestamp="2026-03-12T11:09:39Z" uid="1" user="OSMnx" version="1" changeset="1"><nd ref="2216231429" /><nd ref="2216231441" /><tag k="highway" v="living_street" /><tag k="oneway" v="no" /></way><way id="732" timestamp="2026-03-12T11:09:39Z" uid="1" user="OSMnx" version="1" changeset="1"><nd ref="2216231429" /><nd ref="2216231430" /><tag k="highway" v="living_street" /><tag k="oneway" v="no" /></way><way id="733" timestamp="2026-03-12T11:09:39Z" uid="1" user="OSMnx" version="1" changeset="1"><nd ref="2216231430" /><nd ref="2216231415" /><tag k="highway" v="living_street" /><tag k="oneway" v="no" /></way><way id="734" timestamp="2026-03-12T11:09:39Z" uid="1" user="OSMnx" version="1" changeset="1"><nd ref="2216231433" /><nd ref="2440670607" /><tag k="highway" v="tertiary" /><tag k="oneway" v="no" /></way><way id="735" timestamp="2026-03-12T11:09:39Z" uid="1" user="OSMnx" version="1" changeset="1"><nd ref="2216231435" /><nd ref="2216231421" /><tag k="highway" v="living_street" /><tag k="oneway" v="no" /></way><way id="736" timestamp="2026-03-12T11:09:39Z" uid="1" user="OSMnx" version="1" changeset="1"><nd ref="2216231435" /><nd ref="2216231433" /><tag k="highway" v="living_street" /><tag k="oneway" v="no" /></way><way id="737" timestamp="2026-03-12T11:09:39Z" uid="1" user="OSMnx" version="1" changeset="1"><nd ref="2216231437" /><nd ref="2216231446" /><tag k="highway" v="living_street" /><tag k="oneway" v="no" /></way><way id="738" timestamp="2026-03-12T11:09:39Z" uid="1" user="OSMnx" version="1" changeset="1"><nd ref="2216231437" /><nd ref="2216231435" /><tag k="highway" v="living_street" /><tag k="oneway" v="no" /></way><way id="739" timestamp="2026-03-12T11:09:39Z" uid="1" user="OSMnx" version="1" changeset="1"><nd ref="2216231439" /><nd ref="2216231437" /><tag k="highway" v="living_street" /><tag k="oneway" v="no" /></way><way id="740" timestamp="2026-03-12T11:09:39Z" uid="1" user="OSMnx" version="1" changeset="1"><nd ref="2216231439" /><nd ref="2216231426" /><tag k="highway" v="living_street" /><tag k="oneway" v="no" /></way><way id="741" timestamp="2026-03-12T11:09:39Z" uid="1" user="OSMnx" version="1" changeset="1"><nd ref="2216231441" /><nd ref="2216231444" /><tag k="highway" v="living_street" /><tag k="oneway" v="no" /></way><way id="742" timestamp="2026-03-12T11:09:39Z" uid="1" user="OSMnx" version="1" changeset="1"><nd ref="2216231441" /><nd ref="2216231439" /><tag k="highway" v="living_street" /><tag k="oneway" v="no" /></way><way id="743" timestamp="2026-03-12T11:09:39Z" uid="1" user="OSMnx" version="1" changeset="1"><nd ref="2216231442" /><nd ref="2216231430" /><tag k="highway" v="living_street" /><tag k="oneway" v="no" /></way><way id="744" timestamp="2026-03-12T11:09:39Z" uid="1" user="OSMnx" version="1" changeset="1"><nd ref="2216231444" /><nd ref="2216231442" /><tag k="highway" v="living_street" /><tag k="oneway" v="no" /></way><way id="745" timestamp="2026-03-12T11:09:39Z" uid="1" user="OSMnx" version="1" changeset="1"><nd ref="2216231444" /><nd ref="1646859079" /><tag k="highway" v="residential" /><tag k="oneway" v="no" /></way><way id="746" timestamp="2026-03-12T11:09:39Z" uid="1" user="OSMnx" version="1" changeset="1"><nd ref="2216231445" /><nd ref="2216231446" /><tag k="highway" v="tertiary" /><tag k="oneway" v="no" /></way><way id="747" timestamp="2026-03-12T11:09:39Z" uid="1" user="OSMnx" version="1" changeset="1"><nd ref="2216231446" /><nd ref="1646859064" /><tag k="highway" v="tertiary" /><tag k="oneway" v="no" /></way><way id="748" timestamp="2026-03-12T11:09:39Z" uid="1" user="OSMnx" version="1" changeset="1"><nd ref="2216231478" /><nd ref="1646859119" /><tag k="highway" v="living_street" /><tag k="oneway" v="no" /></way><way id="749" timestamp="2026-03-12T11:09:39Z" uid="1" user="OSMnx" version="1" changeset="1"><nd ref="2216231482" /><nd ref="2216231478" /><tag k="highway" v="residential" /><tag k="oneway" v="no" /></way><way id="750" timestamp="2026-03-12T11:09:39Z" uid="1" user="OSMnx" version="1" changeset="1"><nd ref="2216231482" /><nd ref="10093838960" /><tag k="highway" v="residential" /><tag k="oneway" v="no" /></way><way id="751" timestamp="2026-03-12T11:09:39Z" uid="1" user="OSMnx" version="1" changeset="1"><nd ref="2216231488" /><nd ref="10093838956" /><tag k="highway" v="residential" /><tag k="oneway" v="no" /></way><way id="752" timestamp="2026-03-12T11:09:39Z" uid="1" user="OSMnx" version="1" changeset="1"><nd ref="2216231488" /><nd ref="2216231535" /><tag k="highway" v="tertiary" /><tag k="oneway" v="no" /></way><way id="753" timestamp="2026-03-12T11:09:39Z" uid="1" user="OSMnx" version="1" changeset="1"><nd ref="2216231535" /><nd ref="1646859142" /><tag k="highway" v="tertiary" /><tag k="oneway" v="no" /></way><way id="754" timestamp="2026-03-12T11:09:39Z" uid="1" user="OSMnx" version="1" changeset="1"><nd ref="2216231535" /><nd ref="2216231540" /><tag k="highway" v="residential" /><tag k="oneway" v="no" /></way><way id="755" timestamp="2026-03-12T11:09:39Z" uid="1" user="OSMnx" version="1" changeset="1"><nd ref="2216231536" /><nd ref="11064522129" /><tag k="highway" v="residential" /><tag k="oneway" v="no" /></way><way id="756" timestamp="2026-03-12T11:09:39Z" uid="1" user="OSMnx" version="1" changeset="1"><nd ref="2216231540" /><nd ref="2216231451" /><tag k="highway" v="living_street" /><tag k="oneway" v="no" /></way><way id="757" timestamp="2026-03-12T11:09:39Z" uid="1" user="OSMnx" version="1" changeset="1"><nd ref="2216231540" /><nd ref="2216231536" /><tag k="highway" v="residential" /><tag k="oneway" v="no" /></way><way id="758" timestamp="2026-03-12T11:09:39Z" uid="1" user="OSMnx" version="1" changeset="1"><nd ref="2216231567" /><nd ref="2216231593" /><tag k="highway" v="tertiary" /><tag k="oneway" v="no" /></way><way id="759" timestamp="2026-03-12T11:09:39Z" uid="1" user="OSMnx" version="1" changeset="1"><nd ref="2216231567" /><nd ref="2216231601" /><tag k="highway" v="residential" /><tag k="oneway" v="no" /></way><way id="760" timestamp="2026-03-12T11:09:39Z" uid="1" user="OSMnx" version="1" changeset="1"><nd ref="2216231585" /><nd ref="2216231577" /><tag k="highway" v="residential" /><tag k="oneway" v="no" /></way><way id="761" timestamp="2026-03-12T11:09:39Z" uid="1" user="OSMnx" version="1" changeset="1"><nd ref="2216231585" /><nd ref="10093838953" /><tag k="highway" v="residential" /><tag k="oneway" v="no" /></way><way id="762" timestamp="2026-03-12T11:09:39Z" uid="1" user="OSMnx" version="1" changeset="1"><nd ref="2216231593" /><nd ref="3794262399" /><tag k="highway" v="tertiary" /><tag k="oneway" v="no" /></way><way id="763" timestamp="2026-03-12T11:09:39Z" uid="1" user="OSMnx" version="1" changeset="1"><nd ref="2216231595" /><nd ref="10093838952" /><tag k="highway" v="residential" /><tag k="oneway" v="no" /></way><way id="764" timestamp="2026-03-12T11:09:39Z" uid="1" user="OSMnx" version="1" changeset="1"><nd ref="2216231595" /><nd ref="2216231585" /><tag k="highway" v="residential" /><tag k="oneway" v="no" /></way><way id="765" timestamp="2026-03-12T11:09:39Z" uid="1" user="OSMnx" version="1" changeset="1"><nd ref="2216231601" /><nd ref="3794262423" /><tag k="highway" v="residential" /><tag k="oneway" v="no" /></way><way id="766" timestamp="2026-03-12T11:09:39Z" uid="1" user="OSMnx" version="1" changeset="1"><nd ref="2216231607" /><nd ref="1646859159" /><tag k="highway" v="residential" /><tag k="oneway" v="no" /></way><way id="767" timestamp="2026-03-12T11:09:39Z" uid="1" user="OSMnx" version="1" changeset="1"><nd ref="2216231607" /><nd ref="2216231595" /><tag k="highway" v="residential" /><tag k="oneway" v="no" /></way><way id="768" timestamp="2026-03-12T11:09:39Z" uid="1" user="OSMnx" version="1" changeset="1"><nd ref="2216231619" /><nd ref="1646859168" /><tag k="highway" v="living_street" /><tag k="oneway" v="no" /></way><way id="769" timestamp="2026-03-12T11:09:39Z" uid="1" user="OSMnx" version="1" changeset="1"><nd ref="2216231733" /><nd ref="1646861052" /><tag k="highway" v="residential" /><tag k="oneway" v="no" /></way><way id="770" timestamp="2026-03-12T11:09:39Z" uid="1" user="OSMnx" version="1" changeset="1"><nd ref="2216231755" /><nd ref="1646861052" /><tag k="highway" v="residential" /><tag k="oneway" v="no" /></way><way id="771" timestamp="2026-03-12T11:09:39Z" uid="1" user="OSMnx" version="1" changeset="1"><nd ref="2216231768" /><nd ref="2216231755" /><tag k="highway" v="residential" /><tag k="oneway" v="no" /></way><way id="772" timestamp="2026-03-12T11:09:39Z" uid="1" user="OSMnx" version="1" changeset="1"><nd ref="2216231768" /><nd ref="3794269283" /><tag k="highway" v="residential" /><tag k="oneway" v="no" /></way><way id="773" timestamp="2026-03-12T11:09:39Z" uid="1" user="OSMnx" version="1" changeset="1"><nd ref="2216231789" /><nd ref="2216231804" /><tag k="highway" v="residential" /><tag k="oneway" v="no" /></way><way id="774" timestamp="2026-03-12T11:09:39Z" uid="1" user="OSMnx" version="1" changeset="1"><nd ref="2216231789" /><nd ref="2216231793" /><tag k="highway" v="residential" /><tag k="oneway" v="no" /></way><way id="775" timestamp="2026-03-12T11:09:39Z" uid="1" user="OSMnx" version="1" changeset="1"><nd ref="2216231793" /><nd ref="2216231803" /><tag k="highway" v="residential" /><tag k="oneway" v="no" /></way><way id="776" timestamp="2026-03-12T11:09:39Z" uid="1" user="OSMnx" version="1" changeset="1"><nd ref="2216231793" /><nd ref="3794269289" /><tag k="highway" v="residential" /><tag k="oneway" v="no" /></way><way id="777" timestamp="2026-03-12T11:09:39Z" uid="1" user="OSMnx" version="1" changeset="1"><nd ref="2216231803" /><nd ref="2216231807" /><tag k="highway" v="residential" /><tag k="oneway" v="no" /></way><way id="778" timestamp="2026-03-12T11:09:39Z" uid="1" user="OSMnx" version="1" changeset="1"><nd ref="2216231803" /><nd ref="3794269317" /><tag k="highway" v="residential" /><tag k="oneway" v="no" /></way><way id="779" timestamp="2026-03-12T11:09:39Z" uid="1" user="OSMnx" version="1" changeset="1"><nd ref="2216231804" /><nd ref="2216231733" /><tag k="highway" v="residential" /><tag k="oneway" v="no" /></way><way id="780" timestamp="2026-03-12T11:09:39Z" uid="1" user="OSMnx" version="1" changeset="1"><nd ref="2216231804" /><nd ref="1646861054" /><tag k="highway" v="residential" /><tag k="oneway" v="no" /></way><way id="781" timestamp="2026-03-12T11:09:39Z" uid="1" user="OSMnx" version="1" changeset="1"><nd ref="2216231826" /><nd ref="10877176507" /><tag k="highway" v="secondary" /><tag k="name" v="Malad Marve Road" /><tag k="oneway" v="no" /></way><way id="782" timestamp="2026-03-12T11:09:39Z" uid="1" user="OSMnx" version="1" changeset="1"><nd ref="2216231826" /><nd ref="10877176506" /><tag k="highway" v="residential" /><tag k="oneway" v="no" /></way><way id="783" timestamp="2026-03-12T11:09:39Z" uid="1" user="OSMnx" version="1" changeset="1"><nd ref="2216231828" /><nd ref="10292691352" /><tag k="highway" v="residential" /><tag k="oneway" v="no" /></way><way id="784" timestamp="2026-03-12T11:09:39Z" uid="1" user="OSMnx" version="1" changeset="1"><nd ref="2216231830" /><nd ref="2216231850" /><tag k="highway" v="residential" /><tag k="lanes" v="1" /><tag k="maxspeed" v="60" /><tag k="name" v="Jankata Nagar Road" /><tag k="oneway" v="no" /></way><way id="785" timestamp="2026-03-12T11:09:39Z" uid="1" user="OSMnx" version="1" changeset="1"><nd ref="2216231830" /><nd ref="2216231834" /><tag k="highway" v="residential" /><tag k="oneway" v="no" /></way><way id="786" timestamp="2026-03-12T11:09:39Z" uid="1" user="OSMnx" version="1" changeset="1"><nd ref="2216231833" /><nd ref="11061144493" /><tag k="highway" v="residential" /><tag k="oneway" v="no" /></way><way id="787" timestamp="2026-03-12T11:09:39Z" uid="1" user="OSMnx" version="1" changeset="1"><nd ref="2216231834" /><nd ref="2216231833" /><tag k="highway" v="residential" /><tag k="oneway" v="no" /></way><way id="788" timestamp="2026-03-12T11:09:39Z" uid="1" user="OSMnx" version="1" changeset="1"><nd ref="2216231834" /><nd ref="12455575051" /><tag k="highway" v="residential" /><tag k="oneway" v="no" /></way><way id="789" timestamp="2026-03-12T11:09:39Z" uid="1" user="OSMnx" version="1" changeset="1"><nd ref="2216231852" /><nd ref="2216231830" /><tag k="highway" v="residential" /><tag k="oneway" v="no" /></way><way id="790" timestamp="2026-03-12T11:09:39Z" uid="1" user="OSMnx" version="1" changeset="1"><nd ref="2216231855" /><nd ref="2216231852" /><tag k="highway" v="residential" /><tag k="oneway" v="no" /></way><way id="791" timestamp="2026-03-12T11:09:39Z" uid="1" user="OSMnx" version="1" changeset="1"><nd ref="2216231855" /><nd ref="7353195308" /><tag k="highway" v="residential" /><tag k="oneway" v="no" /></way><way id="792" timestamp="2026-03-12T11:09:39Z" uid="1" user="OSMnx" version="1" changeset="1"><nd ref="2216231876" /><nd ref="11057828331" /><tag k="highway" v="residential" /><tag k="oneway" v="no" /></way><way id="793" timestamp="2026-03-12T11:09:39Z" uid="1" user="OSMnx" version="1" changeset="1"><nd ref="2216843218" /><nd ref="3794262424" /><tag k="highway" v="tertiary" /><tag k="oneway" v="no" /></way><way id="794" timestamp="2026-03-12T11:09:39Z" uid="1" user="OSMnx" version="1" changeset="1"><nd ref="2216843251" /><nd ref="3794262424" /><tag k="highway" v="residential" /><tag k="oneway" v="no" /></way><way id="795" timestamp="2026-03-12T11:09:39Z" uid="1" user="OSMnx" version="1" changeset="1"><nd ref="2216843251" /><nd ref="2216843218" /><tag k="highway" v="residential" /><tag k="oneway" v="no" /></way><way id="796" timestamp="2026-03-12T11:09:39Z" uid="1" user="OSMnx" version="1" changeset="1"><nd ref="2221979473" /><nd ref="2222708784" /><tag k="highway" v="secondary" /><tag k="oneway" v="no" /></way><way id="797" timestamp="2026-03-12T11:09:39Z" uid="1" user="OSMnx" version="1" changeset="1"><nd ref="2221979473" /><nd ref="7345380796" /><tag k="highway" v="unclassified" /><tag k="oneway" v="no" /></way><way id="798" timestamp="2026-03-12T11:09:39Z" uid="1" user="OSMnx" version="1" changeset="1"><nd ref="2221979479" /><nd ref="2222186387" /><tag k="highway" v="tertiary" /><tag k="name" v="Ambedkar Road" /><tag k="oneway" v="no" /></way><way id="799" timestamp="2026-03-12T11:09:39Z" uid="1" user="OSMnx" version="1" changeset="1"><nd ref="2221979479" /><nd ref="12086530089" /><tag k="highway" v="residential" /><tag k="oneway" v="no" /></way><way id="800" timestamp="2026-03-12T11:09:39Z" uid="1" user="OSMnx" version="1" changeset="1"><nd ref="2221979479" /><nd ref="11155598741" /><tag k="highway" v="residential" /><tag k="oneway" v="no" /></way><way id="801" timestamp="2026-03-12T11:09:39Z" uid="1" user="OSMnx" version="1" changeset="1"><nd ref="2221979483" /><nd ref="2221979479" /><tag k="highway" v="tertiary" /><tag k="name" v="Ambedkar Road" /><tag k="oneway" v="no" /></way><way id="802" timestamp="2026-03-12T11:09:39Z" uid="1" user="OSMnx" version="1" changeset="1"><nd ref="2221979483" /><nd ref="10879625871" /><tag k="highway" v="residential" /><tag k="oneway" v="no" /></way><way id="803" timestamp="2026-03-12T11:09:39Z" uid="1" user="OSMnx" version="1" changeset="1"><nd ref="2222186277" /><nd ref="8909135908" /><tag k="highway" v="residential" /><tag k="oneway" v="no" /></way><way id="804" timestamp="2026-03-12T11:09:39Z" uid="1" user="OSMnx" version="1" changeset="1"><nd ref="2222186277" /><nd ref="1646685595" /><tag k="highway" v="secondary" /><tag k="name" v="Bhoomi Park Road" /><tag k="oneway" v="no" /></way><way id="805" timestamp="2026-03-12T11:09:39Z" uid="1" user="OSMnx" version="1" changeset="1"><nd ref="2222186277" /><nd ref="2222186280" /><tag k="highway" v="residential" /><tag k="oneway" v="no" /></way><way id="806" timestamp="2026-03-12T11:09:39Z" uid="1" user="OSMnx" version="1" changeset="1"><nd ref="2222186280" /><nd ref="2222186292" /><tag k="highway" v="residential" /><tag k="oneway" v="no" /></way><way id="807" timestamp="2026-03-12T11:09:39Z" uid="1" user="OSMnx" version="1" changeset="1"><nd ref="2222186280" /><nd ref="3794269469" /><tag k="highway" v="residential" /><tag k="oneway" v="no" /></way><way id="808" timestamp="2026-03-12T11:09:39Z" uid="1" user="OSMnx" version="1" changeset="1"><nd ref="2222186282" /><nd ref="2222186277" /><tag k="highway" v="secondary" /><tag k="name" v="Bhoomi Park Road" /><tag k="oneway" v="no" /></way><way id="809" timestamp="2026-03-12T11:09:39Z" uid="1" user="OSMnx" version="1" changeset="1"><nd ref="2222186290" /><nd ref="2222186282" /><tag k="highway" v="residential" /><tag k="oneway" v="no" /></way><way id="810" timestamp="2026-03-12T11:09:39Z" uid="1" user="OSMnx" version="1" changeset="1"><nd ref="2222186290" /><nd ref="2222186295" /><tag k="highway" v="residential" /><tag k="oneway" v="no" /></way><way id="811" timestamp="2026-03-12T11:09:39Z" uid="1" user="OSMnx" version="1" changeset="1"><nd ref="2222186291" /><nd ref="2222186301" /><tag k="highway" v="residential" /><tag k="oneway" v="no" /></way><way id="812" timestamp="2026-03-12T11:09:39Z" uid="1" user="OSMnx" version="1" changeset="1"><nd ref="2222186292" /><nd ref="2222186320" /><tag k="highway" v="residential" /><tag k="oneway" v="no" /></way><way id="813" timestamp="2026-03-12T11:09:39Z" uid="1" user="OSMnx" version="1" changeset="1"><nd ref="2222186293" /><nd ref="2222186282" /><tag k="highway" v="secondary" /><tag k="name" v="Bhoomi Park Road" /><tag k="oneway" v="no" /></way><way id="814" timestamp="2026-03-12T11:09:39Z" uid="1" user="OSMnx" version="1" changeset="1"><nd ref="2222186293" /><nd ref="2222186302" /><tag k="highway" v="residential" /><tag k="oneway" v="no" /></way><way id="815" timestamp="2026-03-12T11:09:39Z" uid="1" user="OSMnx" version="1" changeset="1"><nd ref="2222186295" /><nd ref="2222186310" /><tag k="highway" v="residential" /><tag k="oneway" v="no" /></way><way id="816" timestamp="2026-03-12T11:09:39Z" uid="1" user="OSMnx" version="1" changeset="1"><nd ref="2222186295" /><nd ref="2222186302" /><tag k="highway" v="residential" /><tag k="oneway" v="no" /></way><way id="817" timestamp="2026-03-12T11:09:39Z" uid="1" user="OSMnx" version="1" changeset="1"><nd ref="2222186297" /><nd ref="2222186290" /><tag k="highway" v="residential" /><tag k="oneway" v="no" /></way><way id="818" timestamp="2026-03-12T11:09:39Z" uid="1" user="OSMnx" version="1" changeset="1"><nd ref="2222186297" /><nd ref="2222186291" /><tag k="highway" v="residential" /><tag k="oneway" v="no" /></way><way id="819" timestamp="2026-03-12T11:09:39Z" uid="1" user="OSMnx" version="1" changeset="1"><nd ref="2222186301" /><nd ref="2222186320" /><tag k="highway" v="residential" /><tag k="oneway" v="no" /></way><way id="820" timestamp="2026-03-12T11:09:39Z" uid="1" user="OSMnx" version="1" changeset="1"><nd ref="2222186301" /><nd ref="2222186292" /><tag k="highway" v="residential" /><tag k="oneway" v="no" /></way><way id="821" timestamp="2026-03-12T11:09:39Z" uid="1" user="OSMnx" version="1" changeset="1"><nd ref="2222186302" /><nd ref="2222186322" /><tag k="highway" v="residential" /><tag k="oneway" v="no" /></way><way id="822" timestamp="2026-03-12T11:09:39Z" uid="1" user="OSMnx" version="1" changeset="1"><nd ref="2222186302" /><nd ref="2974468253" /><tag k="highway" v="residential" /><tag k="oneway" v="no" /></way><way id="823" timestamp="2026-03-12T11:09:39Z" uid="1" user="OSMnx" version="1" changeset="1"><nd ref="2222186310" /><nd ref="2222186326" /><tag k="highway" v="residential" /><tag k="oneway" v="no" /></way><way id="824" timestamp="2026-03-12T11:09:39Z" uid="1" user="OSMnx" version="1" changeset="1"><nd ref="2222186310" /><nd ref="2222186297" /><tag k="highway" v="residential" /><tag k="oneway" v="no" /></way><way id="825" timestamp="2026-03-12T11:09:39Z" uid="1" user="OSMnx" version="1" changeset="1"><nd ref="2222186312" /><nd ref="2222186293" /><tag k="highway" v="secondary" /><tag k="name" v="Bhoomi Park Road" /><tag k="oneway" v="no" /></way><way id="826" timestamp="2026-03-12T11:09:39Z" uid="1" user="OSMnx" version="1" changeset="1"><nd ref="2222186312" /><nd ref="4347139401" /><tag k="highway" v="residential" /><tag k="oneway" v="no" /></way><way id="827" timestamp="2026-03-12T11:09:39Z" uid="1" user="OSMnx" version="1" changeset="1"><nd ref="2222186314" /><nd ref="2222186297" /><tag k="highway" v="residential" /><tag k="oneway" v="no" /></way><way id="828" timestamp="2026-03-12T11:09:39Z" uid="1" user="OSMnx" version="1" changeset="1"><nd ref="2222186314" /><nd ref="2222186301" /><tag k="highway" v="residential" /><tag k="oneway" v="no" /></way><way id="829" timestamp="2026-03-12T11:09:39Z" uid="1" user="OSMnx" version="1" changeset="1"><nd ref="2222186318" /><nd ref="2222186312" /><tag k="highway" v="secondary" /><tag k="name" v="Bhoomi Park Road" /><tag k="oneway" v="no" /></way><way id="830" timestamp="2026-03-12T11:09:39Z" uid="1" user="OSMnx" version="1" changeset="1"><nd ref="2222186318" /><nd ref="2222186400" /><tag k="highway" v="residential" /><tag k="oneway" v="no" /></way><way id="831" timestamp="2026-03-12T11:09:39Z" uid="1" user="OSMnx" version="1" changeset="1"><nd ref="2222186320" /><nd ref="2222186328" /><tag k="highway" v="residential" /><tag k="oneway" v="no" /></way><way id="832" timestamp="2026-03-12T11:09:39Z" uid="1" user="OSMnx" version="1" changeset="1"><nd ref="2222186322" /><nd ref="2974468253" /><tag k="highway" v="residential" /><tag k="oneway" v="no" /></way><way id="833" timestamp="2026-03-12T11:09:39Z" uid="1" user="OSMnx" version="1" changeset="1"><nd ref="2222186322" /><nd ref="2222186310" /><tag k="highway" v="residential" /><tag k="oneway" v="no" /></way><way id="834" timestamp="2026-03-12T11:09:39Z" uid="1" user="OSMnx" version="1" changeset="1"><nd ref="2222186326" /><nd ref="2222186340" /><tag k="highway" v="residential" /><tag k="oneway" v="no" /></way><way id="835" timestamp="2026-03-12T11:09:39Z" uid="1" user="OSMnx" version="1" changeset="1"><nd ref="2222186326" /><nd ref="2222186314" /><tag k="highway" v="residential" /><tag k="oneway" v="no" /></way><way id="836" timestamp="2026-03-12T11:09:39Z" uid="1" user="OSMnx" version="1" changeset="1"><nd ref="2222186328" /><nd ref="2222186340" /><tag k="highway" v="residential" /><tag k="oneway" v="no" /></way><way id="837" timestamp="2026-03-12T11:09:39Z" uid="1" user="OSMnx" version="1" changeset="1"><nd ref="2222186328" /><nd ref="2222186314" /><tag k="highway" v="residential" /><tag k="oneway" v="no" /></way><way id="838" timestamp="2026-03-12T11:09:39Z" uid="1" user="OSMnx" version="1" changeset="1"><nd ref="2222186332" /><nd ref="2222186326" /><tag k="highway" v="residential" /><tag k="oneway" v="no" /></way><way id="839" timestamp="2026-03-12T11:09:39Z" uid="1" user="OSMnx" version="1" changeset="1"><nd ref="2222186332" /><nd ref="2222186336" /><tag k="highway" v="residential" /><tag k="oneway" v="no" /></way><way id="840" timestamp="2026-03-12T11:09:39Z" uid="1" user="OSMnx" version="1" changeset="1"><nd ref="2222186333" /><nd ref="7345380791" /><tag k="highway" v="residential" /><tag k="oneway" v="no" /></way><way id="841" timestamp="2026-03-12T11:09:39Z" uid="1" user="OSMnx" version="1" changeset="1"><nd ref="2222186333" /><nd ref="2222708538" /><tag k="highway" v="secondary" /><tag k="oneway" v="no" /></way><way id="842" timestamp="2026-03-12T11:09:39Z" uid="1" user="OSMnx" version="1" changeset="1"><nd ref="2222186336" /><nd ref="2222186351" /><tag k="highway" v="residential" /><tag k="oneway" v="no" /></way><way id="843" timestamp="2026-03-12T11:09:39Z" uid="1" user="OSMnx" version="1" changeset="1"><nd ref="2222186338" /><nd ref="2222186333" /><tag k="highway" v="residential" /><tag k="oneway" v="no" /></way><way id="844" timestamp="2026-03-12T11:09:39Z" uid="1" user="OSMnx" version="1" changeset="1"><nd ref="2222186338" /><nd ref="2222708448" /><tag k="highway" v="residential" /><tag k="oneway" v="no" /></way><way id="845" timestamp="2026-03-12T11:09:39Z" uid="1" user="OSMnx" version="1" changeset="1"><nd ref="2222186340" /><nd ref="2222186351" /><tag k="highway" v="residential" /><tag k="oneway" v="no" /></way><way id="846" timestamp="2026-03-12T11:09:39Z" uid="1" user="OSMnx" version="1" changeset="1"><nd ref="2222186341" /><nd ref="10564488590" /><tag k="highway" v="residential" /><tag k="oneway" v="no" /></way><way id="847" timestamp="2026-03-12T11:09:39Z" uid="1" user="OSMnx" version="1" changeset="1"><nd ref="2222186351" /><nd ref="2222186336" /><tag k="highway" v="residential" /><tag k="oneway" v="no" /></way><way id="848" timestamp="2026-03-12T11:09:39Z" uid="1" user="OSMnx" version="1" changeset="1"><nd ref="2222186352" /><nd ref="2222708490" /><tag k="highway" v="residential" /><tag k="oneway" v="no" /></way><way id="849" timestamp="2026-03-12T11:09:39Z" uid="1" user="OSMnx" version="1" changeset="1"><nd ref="2222186352" /><nd ref="2222186338" /><tag k="highway" v="residential" /><tag k="oneway" v="no" /></way><way id="850" timestamp="2026-03-12T11:09:39Z" uid="1" user="OSMnx" version="1" changeset="1"><nd ref="2222186358" /><nd ref="2222708565" /><tag k="highway" v="residential" /><tag k="oneway" v="no" /></way><way id="851" timestamp="2026-03-12T11:09:39Z" uid="1" user="OSMnx" version="1" changeset="1"><nd ref="2222186358" /><nd ref="2222186367" /><tag k="highway" v="residential" /><tag k="oneway" v="no" /></way><way id="852" timestamp="2026-03-12T11:09:39Z" uid="1" user="OSMnx" version="1" changeset="1"><nd ref="2222186359" /><nd ref="2222708559" /><tag k="highway" v="residential" /><tag k="oneway" v="no" /></way><way id="853" timestamp="2026-03-12T11:09:39Z" uid="1" user="OSMnx" version="1" changeset="1"><nd ref="2222186359" /><nd ref="2222708572" /><tag k="highway" v="residential" /><tag k="oneway" v="no" /></way><way id="854" timestamp="2026-03-12T11:09:39Z" uid="1" user="OSMnx" version="1" changeset="1"><nd ref="2222186369" /><nd ref="2222186385" /><tag k="highway" v="residential" /><tag k="oneway" v="no" /></way><way id="855" timestamp="2026-03-12T11:09:39Z" uid="1" user="OSMnx" version="1" changeset="1"><nd ref="2222186375" /><nd ref="2222186385" /><tag k="highway" v="residential" /><tag k="oneway" v="no" /></way><way id="856" timestamp="2026-03-12T11:09:39Z" uid="1" user="OSMnx" version="1" changeset="1"><nd ref="2222186385" /><nd ref="10595441726" /><tag k="highway" v="residential" /><tag k="oneway" v="no" /></way><way id="857" timestamp="2026-03-12T11:09:39Z" uid="1" user="OSMnx" version="1" changeset="1"><nd ref="2222186387" /><nd ref="11155598741" /><tag k="highway" v="tertiary" /><tag k="name" v="Ambedkar Road" /><tag k="oneway" v="no" /></way><way id="858" timestamp="2026-03-12T11:09:39Z" uid="1" user="OSMnx" version="1" changeset="1"><nd ref="2222186400" /><nd ref="10595441729" /><tag k="highway" v="residential" /><tag k="oneway" v="no" /></way><way id="859" timestamp="2026-03-12T11:09:39Z" uid="1" user="OSMnx" version="1" changeset="1"><nd ref="2222707446" /><nd ref="11038557507" /><tag k="highway" v="residential" /><tag k="oneway" v="no" /></way><way id="860" timestamp="2026-03-12T11:09:39Z" uid="1" user="OSMnx" version="1" changeset="1"><nd ref="2222707446" /><nd ref="1361590912" /><tag k="highway" v="tertiary" /><tag k="name" v="Daftary Road" /><tag k="oneway" v="no" /></way><way id="861" timestamp="2026-03-12T11:09:39Z" uid="1" user="OSMnx" version="1" changeset="1"><nd ref="2222707454" /><nd ref="2222707446" /><tag k="highway" v="residential" /><tag k="oneway" v="no" /></way><way id="862" timestamp="2026-03-12T11:09:39Z" uid="1" user="OSMnx" version="1" changeset="1"><nd ref="2222707454" /><nd ref="11038586860" /><tag k="highway" v="residential" /><tag k="oneway" v="no" /></way><way id="863" timestamp="2026-03-12T11:09:39Z" uid="1" user="OSMnx" version="1" changeset="1"><nd ref="2222707456" /><nd ref="12381780507" /><tag k="highway" v="residential" /><tag k="oneway" v="no" /></way><way id="864" timestamp="2026-03-12T11:09:39Z" uid="1" user="OSMnx" version="1" changeset="1"><nd ref="2222707456" /><nd ref="2800383863" /><tag k="highway" v="residential" /><tag k="oneway" v="no" /></way><way id="865" timestamp="2026-03-12T11:09:39Z" uid="1" user="OSMnx" version="1" changeset="1"><nd ref="2222707479" /><nd ref="9882627946" /><tag k="highway" v="residential" /><tag k="name" v="Ramchandra Extension Lane" /><tag k="oneway" v="no" /></way><way id="866" timestamp="2026-03-12T11:09:39Z" uid="1" user="OSMnx" version="1" changeset="1"><nd ref="2222707479" /><nd ref="9882627960" /><tag k="highway" v="residential" /><tag k="oneway" v="no" /></way><way id="867" timestamp="2026-03-12T11:09:39Z" uid="1" user="OSMnx" version="1" changeset="1"><nd ref="2222707507" /><nd ref="7366099837" /><tag k="highway" v="residential" /><tag k="oneway" v="no" /></way><way id="868" timestamp="2026-03-12T11:09:39Z" uid="1" user="OSMnx" version="1" changeset="1"><nd ref="2222707517" /><nd ref="2222707552" /><tag k="highway" v="residential" /><tag k="oneway" v="no" /></way><way id="869" timestamp="2026-03-12T11:09:39Z" uid="1" user="OSMnx" version="1" changeset="1"><nd ref="2222707550" /><nd ref="2222707517" /><tag k="highway" v="residential" /><tag k="oneway" v="no" /></way><way id="870" timestamp="2026-03-12T11:09:39Z" uid="1" user="OSMnx" version="1" changeset="1"><nd ref="2222707552" /><nd ref="2222707550" /><tag k="highway" v="residential" /><tag k="oneway" v="no" /></way><way id="871" timestamp="2026-03-12T11:09:39Z" uid="1" user="OSMnx" version="1" changeset="1"><nd ref="2222707554" /><nd ref="10696412669" /><tag k="highway" v="residential" /><tag k="name" v="Evershine Nagar Road" /><tag k="oneway" v="no" /></way><way id="872" timestamp="2026-03-12T11:09:39Z" uid="1" user="OSMnx" version="1" changeset="1"><nd ref="2222707554" /><nd ref="2222707641" /><tag k="highway" v="residential" /><tag k="oneway" v="no" /></way><way id="873" timestamp="2026-03-12T11:09:39Z" uid="1" user="OSMnx" version="1" changeset="1"><nd ref="2222707556" /><nd ref="2222707554" /><tag k="highway" v="residential" /><tag k="name" v="Evershine Nagar Road" /><tag k="oneway" v="no" /></way><way id="874" timestamp="2026-03-12T11:09:39Z" uid="1" user="OSMnx" version="1" changeset="1"><nd ref="2222707641" /><nd ref="2222707655" /><tag k="highway" v="residential" /><tag k="oneway" v="no" /></way><way id="875" timestamp="2026-03-12T11:09:39Z" uid="1" user="OSMnx" version="1" changeset="1"><nd ref="2222707655" /><nd ref="3794269279" /><tag k="highway" v="residential" /><tag k="oneway" v="no" /></way><way id="876" timestamp="2026-03-12T11:09:39Z" uid="1" user="OSMnx" version="1" changeset="1"><nd ref="2222707655" /><nd ref="2953739961" /><tag k="highway" v="residential" /><tag k="oneway" v="no" /></way><way id="877" timestamp="2026-03-12T11:09:39Z" uid="1" user="OSMnx" version="1" changeset="1"><nd ref="2222707687" /><nd ref="245679479" /><tag k="highway" v="primary" /><tag k="name" v="Link Road" /><tag k="oneway" v="no" /></way><way id="878" timestamp="2026-03-12T11:09:39Z" uid="1" user="OSMnx" version="1" changeset="1"><nd ref="2222707735" /><nd ref="2958524973" /><tag k="highway" v="residential" /><tag k="name" v="Sundar Lane" /><tag k="oneway" v="no" /></way><way id="879" timestamp="2026-03-12T11:09:39Z" uid="1" user="OSMnx" version="1" changeset="1"><nd ref="2222707840" /><nd ref="7388110215" /><tag k="highway" v="residential" /><tag k="oneway" v="no" /></way><way id="880" timestamp="2026-03-12T11:09:39Z" uid="1" user="OSMnx" version="1" changeset="1"><nd ref="2222707840" /><nd ref="7374550838" /><tag k="highway" v="secondary" /><tag k="name" v="Fr. Justin D'Souza Road" /><tag k="oneway" v="no" /></way><way id="881" timestamp="2026-03-12T11:09:39Z" uid="1" user="OSMnx" version="1" changeset="1"><nd ref="2222707859" /><nd ref="2222707866" /><tag k="highway" v="residential" /><tag k="oneway" v="no" /></way><way id="882" timestamp="2026-03-12T11:09:39Z" uid="1" user="OSMnx" version="1" changeset="1"><nd ref="2222707859" /><nd ref="3794269329" /><tag k="highway" v="residential" /><tag k="oneway" v="no" /></way><way id="883" timestamp="2026-03-12T11:09:39Z" uid="1" user="OSMnx" version="1" changeset="1"><nd ref="2222707866" /><nd ref="2222707840" /><tag k="highway" v="residential" /><tag k="oneway" v="no" /></way><way id="884" timestamp="2026-03-12T11:09:39Z" uid="1" user="OSMnx" version="1" changeset="1"><nd ref="2222707866" /><nd ref="2222707900" /><tag k="highway" v="residential" /><tag k="oneway" v="no" /></way><way id="885" timestamp="2026-03-12T11:09:39Z" uid="1" user="OSMnx" version="1" changeset="1"><nd ref="2222707932" /><nd ref="2222707961" /><tag k="highway" v="residential" /><tag k="oneway" v="no" /></way><way id="886" timestamp="2026-03-12T11:09:39Z" uid="1" user="OSMnx" version="1" changeset="1"><nd ref="2222707937" /><nd ref="2222707948" /><tag k="highway" v="residential" /><tag k="oneway" v="no" /></way><way id="887" timestamp="2026-03-12T11:09:39Z" uid="1" user="OSMnx" version="1" changeset="1"><nd ref="2222707937" /><nd ref="4347108678" /><tag k="highway" v="residential" /><tag k="oneway" v="no" /></way><way id="888" timestamp="2026-03-12T11:09:39Z" uid="1" user="OSMnx" version="1" changeset="1"><nd ref="2222707946" /><nd ref="1346756569" /><tag k="highway" v="residential" /><tag k="oneway" v="no" /></way><way id="889" timestamp="2026-03-12T11:09:39Z" uid="1" user="OSMnx" version="1" changeset="1"><nd ref="2222707946" /><nd ref="11031738360" /><tag k="highway" v="residential" /><tag k="oneway" v="no" /></way><way id="890" timestamp="2026-03-12T11:09:39Z" uid="1" user="OSMnx" version="1" changeset="1"><nd ref="2222707948" /><nd ref="2222707917" /><tag k="highway" v="residential" /><tag k="oneway" v="no" /></way><way id="891" timestamp="2026-03-12T11:09:39Z" uid="1" user="OSMnx" version="1" changeset="1"><nd ref="2222707948" /><nd ref="2222707961" /><tag k="highway" v="residential" /><tag k="oneway" v="no" /></way><way id="892" timestamp="2026-03-12T11:09:39Z" uid="1" user="OSMnx" version="1" changeset="1"><nd ref="2222707952" /><nd ref="2222708058" /><tag k="highway" v="residential" /><tag k="oneway" v="no" /></way><way id="893" timestamp="2026-03-12T11:09:39Z" uid="1" user="OSMnx" version="1" changeset="1"><nd ref="2222707952" /><nd ref="2222707954" /><tag k="highway" v="tertiary" /><tag k="name" v="Shankar Lane" /><tag k="oneway" v="no" /></way><way id="894" timestamp="2026-03-12T11:09:39Z" uid="1" user="OSMnx" version="1" changeset="1"><nd ref="2222707954" /><nd ref="4352428946" /><tag k="highway" v="tertiary" /><tag k="name" v="Shankar Lane" /><tag k="oneway" v="no" /></way><way id="895" timestamp="2026-03-12T11:09:39Z" uid="1" user="OSMnx" version="1" changeset="1"><nd ref="2222707954" /><nd ref="2222708058" /><tag k="highway" v="residential" /><tag k="oneway" v="no" /></way><way id="896" timestamp="2026-03-12T11:09:39Z" uid="1" user="OSMnx" version="1" changeset="1"><nd ref="2222707961" /><nd ref="2222708015" /><tag k="highway" v="residential" /><tag k="oneway" v="no" /></way><way id="897" timestamp="2026-03-12T11:09:39Z" uid="1" user="OSMnx" version="1" changeset="1"><nd ref="2222707965" /><nd ref="9871525070" /><tag k="highway" v="residential" /><tag k="oneway" v="no" /></way><way id="898" timestamp="2026-03-12T11:09:39Z" uid="1" user="OSMnx" version="1" changeset="1"><nd ref="2222707965" /><nd ref="2222707974" /><tag k="highway" v="tertiary" /><tag k="lanes" v="2" /><tag k="maxspeed" v="30" /><tag k="name" v="Shankar Lane" /><tag k="oneway" v="no" /></way><way id="899" timestamp="2026-03-12T11:09:39Z" uid="1" user="OSMnx" version="1" changeset="1"><nd ref="2222707974" /><nd ref="12073413533" /><tag k="highway" v="residential" /><tag k="oneway" v="no" /></way><way id="900" timestamp="2026-03-12T11:09:39Z" uid="1" user="OSMnx" version="1" changeset="1"><nd ref="2222707974" /><nd ref="1346745537" /><tag k="highway" v="residential" /><tag k="name" v="SVP Road" /><tag k="oneway" v="no" /></way><way id="901" timestamp="2026-03-12T11:09:39Z" uid="1" user="OSMnx" version="1" changeset="1"><nd ref="2222707974" /><nd ref="627835037" /><tag k="highway" v="tertiary" /><tag k="name" v="Shankar Lane" /><tag k="oneway" v="no" /></way><way id="902" timestamp="2026-03-12T11:09:39Z" uid="1" user="OSMnx" version="1" changeset="1"><nd ref="2222707983" /><nd ref="2222707978" /><tag k="highway" v="residential" /><tag k="oneway" v="no" /></way><way id="903" timestamp="2026-03-12T11:09:39Z" uid="1" user="OSMnx" version="1" changeset="1"><nd ref="2222707983" /><nd ref="2222707948" /><tag k="highway" v="residential" /><tag k="oneway" v="no" /></way><way id="904" timestamp="2026-03-12T11:09:39Z" uid="1" user="OSMnx" version="1" changeset="1"><nd ref="2222707999" /><nd ref="2222708003" /><tag k="highway" v="residential" /><tag k="oneway" v="no" /></way><way id="905" timestamp="2026-03-12T11:09:39Z" uid="1" user="OSMnx" version="1" changeset="1"><nd ref="2222707999" /><nd ref="2222707937" /><tag k="highway" v="residential" /><tag k="oneway" v="no" /></way><way id="906" timestamp="2026-03-12T11:09:39Z" uid="1" user="OSMnx" version="1" changeset="1"><nd ref="2222708003" /><nd ref="2222707983" /><tag k="highway" v="residential" /><tag k="oneway" v="no" /></way><way id="907" timestamp="2026-03-12T11:09:39Z" uid="1" user="OSMnx" version="1" changeset="1"><nd ref="2222708003" /><nd ref="2222708015" /><tag k="highway" v="residential" /><tag k="oneway" v="no" /></way><way id="908" timestamp="2026-03-12T11:09:39Z" uid="1" user="OSMnx" version="1" changeset="1"><nd ref="2222708015" /><nd ref="7345377682" /><tag k="highway" v="residential" /><tag k="oneway" v="no" /></way><way id="909" timestamp="2026-03-12T11:09:39Z" uid="1" user="OSMnx" version="1" changeset="1"><nd ref="2222708037" /><nd ref="7345377681" /><tag k="highway" v="residential" /><tag k="oneway" v="no" /></way><way id="910" timestamp="2026-03-12T11:09:39Z" uid="1" user="OSMnx" version="1" changeset="1"><nd ref="2222708037" /><nd ref="2222707999" /><tag k="highway" v="residential" /><tag k="oneway" v="no" /></way><way id="911" timestamp="2026-03-12T11:09:39Z" uid="1" user="OSMnx" version="1" changeset="1"><nd ref="2222708043" /><nd ref="2222708018" /><tag k="highway" v="residential" /><tag k="oneway" v="no" /></way><way id="912" timestamp="2026-03-12T11:09:39Z" uid="1" user="OSMnx" version="1" changeset="1"><nd ref="2222708043" /><nd ref="2222708126" /><tag k="highway" v="residential" /><tag k="oneway" v="no" /></way><way id="913" timestamp="2026-03-12T11:09:39Z" uid="1" user="OSMnx" version="1" changeset="1"><nd ref="2222708054" /><nd ref="7345377680" /><tag k="highway" v="residential" /><tag k="oneway" v="no" /></way><way id="914" timestamp="2026-03-12T11:09:39Z" uid="1" user="OSMnx" version="1" changeset="1"><nd ref="2222708054" /><nd ref="2222708037" /><tag k="highway" v="residential" /><tag k="oneway" v="no" /></way><way id="915" timestamp="2026-03-12T11:09:39Z" uid="1" user="OSMnx" version="1" changeset="1"><nd ref="2222708058" /><nd ref="2222708156" /><tag k="highway" v="residential" /><tag k="oneway" v="no" /></way><way id="916" timestamp="2026-03-12T11:09:39Z" uid="1" user="OSMnx" version="1" changeset="1"><nd ref="2222708094" /><nd ref="10242247027" /><tag k="highway" v="residential" /><tag k="oneway" v="no" /></way><way id="917" timestamp="2026-03-12T11:09:39Z" uid="1" user="OSMnx" version="1" changeset="1"><nd ref="2222708110" /><nd ref="4347108676" /><tag k="highway" v="residential" /><tag k="oneway" v="no" /></way><way id="918" timestamp="2026-03-12T11:09:39Z" uid="1" user="OSMnx" version="1" changeset="1"><nd ref="2222708110" /><nd ref="2222708094" /><tag k="highway" v="residential" /><tag k="oneway" v="no" /></way><way id="919" timestamp="2026-03-12T11:09:39Z" uid="1" user="OSMnx" version="1" changeset="1"><nd ref="2222708126" /><nd ref="6581286706" /><tag k="highway" v="residential" /><tag k="oneway" v="no" /></way><way id="920" timestamp="2026-03-12T11:09:39Z" uid="1" user="OSMnx" version="1" changeset="1"><nd ref="2222708126" /><nd ref="2222708090" /><tag k="highway" v="residential" /><tag k="oneway" v="no" /></way><way id="921" timestamp="2026-03-12T11:09:39Z" uid="1" user="OSMnx" version="1" changeset="1"><nd ref="2222708131" /><nd ref="7345377659" /><tag k="highway" v="residential" /><tag k="oneway" v="no" /></way><way id="922" timestamp="2026-03-12T11:09:39Z" uid="1" user="OSMnx" version="1" changeset="1"><nd ref="2222708189" /><nd ref="1346745536" /><tag k="highway" v="residential" /><tag k="oneway" v="no" /></way><way id="923" timestamp="2026-03-12T11:09:39Z" uid="1" user="OSMnx" version="1" changeset="1"><nd ref="2222708189" /><nd ref="2222708326" /><tag k="highway" v="residential" /><tag k="oneway" v="no" /></way><way id="924" timestamp="2026-03-12T11:09:39Z" uid="1" user="OSMnx" version="1" changeset="1"><nd ref="2222708194" /><nd ref="2222708090" /><tag k="highway" v="residential" /><tag k="oneway" v="no" /></way><way id="925" timestamp="2026-03-12T11:09:39Z" uid="1" user="OSMnx" version="1" changeset="1"><nd ref="2222708198" /><nd ref="2222708194" /><tag k="highway" v="residential" /><tag k="oneway" v="no" /></way><way id="926" timestamp="2026-03-12T11:09:39Z" uid="1" user="OSMnx" version="1" changeset="1"><nd ref="2222708198" /><nd ref="3794269355" /><tag k="highway" v="residential" /><tag k="oneway" v="no" /></way><way id="927" timestamp="2026-03-12T11:09:39Z" uid="1" user="OSMnx" version="1" changeset="1"><nd ref="2222708207" /><nd ref="2222708094" /><tag k="highway" v="residential" /><tag k="oneway" v="no" /></way><way id="928" timestamp="2026-03-12T11:09:39Z" uid="1" user="OSMnx" version="1" changeset="1"><nd ref="2222708207" /><nd ref="2222708300" /><tag k="highway" v="residential" /><tag k="oneway" v="no" /></way><way id="929" timestamp="2026-03-12T11:09:39Z" uid="1" user="OSMnx" version="1" changeset="1"><nd ref="2222708245" /><nd ref="2222708252" /><tag k="highway" v="residential" /><tag k="oneway" v="no" /></way><way id="930" timestamp="2026-03-12T11:09:39Z" uid="1" user="OSMnx" version="1" changeset="1"><nd ref="2222708245" /><nd ref="2222708207" /><tag k="highway" v="residential" /><tag k="oneway" v="no" /></way><way id="931" timestamp="2026-03-12T11:09:39Z" uid="1" user="OSMnx" version="1" changeset="1"><nd ref="2222708250" /><nd ref="2222708194" /><tag k="highway" v="residential" /><tag k="oneway" v="no" /></way><way id="932" timestamp="2026-03-12T11:09:39Z" uid="1" user="OSMnx" version="1" changeset="1"><nd ref="2222708250" /><nd ref="3794269478" /><tag k="highway" v="residential" /><tag k="oneway" v="no" /></way><way id="933" timestamp="2026-03-12T11:09:39Z" uid="1" user="OSMnx" version="1" changeset="1"><nd ref="2222708252" /><nd ref="2222708247" /><tag k="highway" v="residential" /><tag k="oneway" v="no" /></way><way id="934" timestamp="2026-03-12T11:09:39Z" uid="1" user="OSMnx" version="1" changeset="1"><nd ref="2222708262" /><nd ref="2222708110" /><tag k="highway" v="residential" /><tag k="oneway" v="no" /></way><way id="935" timestamp="2026-03-12T11:09:39Z" uid="1" user="OSMnx" version="1" changeset="1"><nd ref="2222708263" /><nd ref="2222708262" /><tag k="highway" v="residential" /><tag k="oneway" v="no" /></way><way id="936" timestamp="2026-03-12T11:09:39Z" uid="1" user="OSMnx" version="1" changeset="1"><nd ref="2222708263" /><nd ref="7345377679" /><tag k="highway" v="residential" /><tag k="oneway" v="no" /></way><way id="937" timestamp="2026-03-12T11:09:39Z" uid="1" user="OSMnx" version="1" changeset="1"><nd ref="2222708292" /><nd ref="2222708367" /><tag k="highway" v="secondary" /><tag k="oneway" v="no" /></way><way id="938" timestamp="2026-03-12T11:09:39Z" uid="1" user="OSMnx" version="1" changeset="1"><nd ref="2222708300" /><nd ref="2222708318" /><tag k="highway" v="residential" /><tag k="oneway" v="no" /></way><way id="939" timestamp="2026-03-12T11:09:39Z" uid="1" user="OSMnx" version="1" changeset="1"><nd ref="2222708308" /><nd ref="2222708300" /><tag k="highway" v="residential" /><tag k="oneway" v="no" /></way><way id="940" timestamp="2026-03-12T11:09:39Z" uid="1" user="OSMnx" version="1" changeset="1"><nd ref="2222708318" /><nd ref="2222708262" /><tag k="highway" v="residential" /><tag k="oneway" v="no" /></way><way id="941" timestamp="2026-03-12T11:09:39Z" uid="1" user="OSMnx" version="1" changeset="1"><nd ref="2222708318" /><nd ref="6581247929" /><tag k="highway" v="residential" /><tag k="oneway" v="no" /></way><way id="942" timestamp="2026-03-12T11:09:39Z" uid="1" user="OSMnx" version="1" changeset="1"><nd ref="2222708324" /><nd ref="2222708308" /><tag k="highway" v="residential" /><tag k="oneway" v="no" /></way><way id="943" timestamp="2026-03-12T11:09:39Z" uid="1" user="OSMnx" version="1" changeset="1"><nd ref="2222708324" /><nd ref="2222708245" /><tag k="highway" v="residential" /><tag k="oneway" v="no" /></way><way id="944" timestamp="2026-03-12T11:09:39Z" uid="1" user="OSMnx" version="1" changeset="1"><nd ref="2222708326" /><nd ref="1346745549" /><tag k="highway" v="tertiary" /><tag k="name" v="Shantilal Modi Road" /><tag k="oneway" v="no" /></way><way id="945" timestamp="2026-03-12T11:09:39Z" uid="1" user="OSMnx" version="1" changeset="1"><nd ref="2222708331" /><nd ref="2222708324" /><tag k="highway" v="residential" /><tag k="oneway" v="no" /></way><way id="946" timestamp="2026-03-12T11:09:39Z" uid="1" user="OSMnx" version="1" changeset="1"><nd ref="2222708331" /><nd ref="8630706701" /><tag k="highway" v="residential" /><tag k="oneway" v="no" /></way><way id="947" timestamp="2026-03-12T11:09:39Z" uid="1" user="OSMnx" version="1" changeset="1"><nd ref="2222708341" /><nd ref="2222708300" /><tag k="highway" v="residential" /><tag k="oneway" v="no" /></way><way id="948" timestamp="2026-03-12T11:09:39Z" uid="1" user="OSMnx" version="1" changeset="1"><nd ref="2222708363" /><nd ref="2222708308" /><tag k="highway" v="residential" /><tag k="oneway" v="no" /></way><way id="949" timestamp="2026-03-12T11:09:39Z" uid="1" user="OSMnx" version="1" changeset="1"><nd ref="2222708363" /><nd ref="2222708341" /><tag k="highway" v="residential" /><tag k="oneway" v="no" /></way><way id="950" timestamp="2026-03-12T11:09:39Z" uid="1" user="OSMnx" version="1" changeset="1"><nd ref="2222708366" /><nd ref="6204119849" /><tag k="highway" v="residential" /><tag k="oneway" v="no" /></way><way id="951" timestamp="2026-03-12T11:09:39Z" uid="1" user="OSMnx" version="1" changeset="1"><nd ref="2222708366" /><nd ref="1346755810" /><tag k="highway" v="primary" /><tag k="lanes" v="2" /><tag k="name" v="Link Road" /><tag k="oneway" v="no" /></way><way id="952" timestamp="2026-03-12T11:09:39Z" uid="1" user="OSMnx" version="1" changeset="1"><nd ref="2222708367" /><nd ref="2222186333" /><tag k="highway" v="secondary" /><tag k="oneway" v="no" /></way><way id="953" timestamp="2026-03-12T11:09:39Z" uid="1" user="OSMnx" version="1" changeset="1"><nd ref="2222708367" /><nd ref="2222708372" /><tag k="highway" v="residential" /><tag k="oneway" v="no" /></way><way id="954" timestamp="2026-03-12T11:09:39Z" uid="1" user="OSMnx" version="1" changeset="1"><nd ref="2222708372" /><nd ref="2222708374" /><tag k="highway" v="residential" /><tag k="oneway" v="no" /></way><way id="955" timestamp="2026-03-12T11:09:39Z" uid="1" user="OSMnx" version="1" changeset="1"><nd ref="2222708372" /><nd ref="7345377679" /><tag k="highway" v="secondary" /><tag k="oneway" v="no" /></way><way id="956" timestamp="2026-03-12T11:09:39Z" uid="1" user="OSMnx" version="1" changeset="1"><nd ref="2222708374" /><nd ref="2222708263" /><tag k="highway" v="residential" /><tag k="oneway" v="no" /></way><way id="957" timestamp="2026-03-12T11:09:39Z" uid="1" user="OSMnx" version="1" changeset="1"><nd ref="2222708407" /><nd ref="9023192698" /><tag k="highway" v="residential" /><tag k="oneway" v="no" /></way><way id="958" timestamp="2026-03-12T11:09:39Z" uid="1" user="OSMnx" version="1" changeset="1"><nd ref="2222708407" /><nd ref="2222708455" /><tag k="highway" v="residential" /><tag k="oneway" v="no" /></way><way id="959" timestamp="2026-03-12T11:09:39Z" uid="1" user="OSMnx" version="1" changeset="1"><nd ref="2222708422" /><nd ref="2222708407" /><tag k="highway" v="residential" /><tag k="oneway" v="no" /></way><way id="960" timestamp="2026-03-12T11:09:39Z" uid="1" user="OSMnx" version="1" changeset="1"><nd ref="2222708422" /><nd ref="2222708455" /><tag k="highway" v="residential" /><tag k="oneway" v="no" /></way><way id="961" timestamp="2026-03-12T11:09:39Z" uid="1" user="OSMnx" version="1" changeset="1"><nd ref="2222708446" /><nd ref="2222708463" /><tag k="highway" v="residential" /><tag k="oneway" v="no" /></way><way id="962" timestamp="2026-03-12T11:09:39Z" uid="1" user="OSMnx" version="1" changeset="1"><nd ref="2222708448" /><nd ref="2222708422" /><tag k="highway" v="residential" /><tag k="oneway" v="no" /></way><way id="963" timestamp="2026-03-12T11:09:39Z" uid="1" user="OSMnx" version="1" changeset="1"><nd ref="2222708455" /><nd ref="2222708448" /><tag k="highway" v="residential" /><tag k="oneway" v="no" /></way><way id="964" timestamp="2026-03-12T11:09:39Z" uid="1" user="OSMnx" version="1" changeset="1"><nd ref="2222708457" /><nd ref="10564712615" /><tag k="highway" v="residential" /><tag k="oneway" v="no" /></way><way id="965" timestamp="2026-03-12T11:09:39Z" uid="1" user="OSMnx" version="1" changeset="1"><nd ref="2222708457" /><nd ref="4347108675" /><tag k="highway" v="residential" /><tag k="oneway" v="no" /></way><way id="966" timestamp="2026-03-12T11:09:39Z" uid="1" user="OSMnx" version="1" changeset="1"><nd ref="2222708462" /><nd ref="2222708478" /><tag k="highway" v="residential" /><tag k="oneway" v="no" /></way><way id="967" timestamp="2026-03-12T11:09:39Z" uid="1" user="OSMnx" version="1" changeset="1"><nd ref="2222708463" /><nd ref="2222708483" /><tag k="highway" v="residential" /><tag k="oneway" v="no" /></way><way id="968" timestamp="2026-03-12T11:09:39Z" uid="1" user="OSMnx" version="1" changeset="1"><nd ref="2222708465" /><nd ref="2222708544" /><tag k="highway" v="residential" /><tag k="oneway" v="no" /></way><way id="969" timestamp="2026-03-12T11:09:39Z" uid="1" user="OSMnx" version="1" changeset="1"><nd ref="2222708465" /><nd ref="2222708475" /><tag k="highway" v="residential" /><tag k="oneway" v="no" /></way><way id="970" timestamp="2026-03-12T11:09:39Z" uid="1" user="OSMnx" version="1" changeset="1"><nd ref="2222708467" /><nd ref="2222708465" /><tag k="highway" v="residential" /><tag k="oneway" v="no" /></way><way id="971" timestamp="2026-03-12T11:09:39Z" uid="1" user="OSMnx" version="1" changeset="1"><nd ref="2222708467" /><nd ref="2222708363" /><tag k="highway" v="residential" /><tag k="oneway" v="no" /></way><way id="972" timestamp="2026-03-12T11:09:39Z" uid="1" user="OSMnx" version="1" changeset="1"><nd ref="2222708473" /><nd ref="2222708490" /><tag k="highway" v="residential" /><tag k="oneway" v="no" /></way><way id="973" timestamp="2026-03-12T11:09:39Z" uid="1" user="OSMnx" version="1" changeset="1"><nd ref="2222708475" /><nd ref="2222708457" /><tag k="highway" v="residential" /><tag k="oneway" v="no" /></way><way id="974" timestamp="2026-03-12T11:09:39Z" uid="1" user="OSMnx" version="1" changeset="1"><nd ref="2222708475" /><nd ref="3794269511" /><tag k="highway" v="residential" /><tag k="oneway" v="no" /></way><way id="975" timestamp="2026-03-12T11:09:39Z" uid="1" user="OSMnx" version="1" changeset="1"><nd ref="2222708478" /><nd ref="2222708463" /><tag k="highway" v="residential" /><tag k="oneway" v="no" /></way><way id="976" timestamp="2026-03-12T11:09:39Z" uid="1" user="OSMnx" version="1" changeset="1"><nd ref="2222708478" /><nd ref="2222708495" /><tag k="highway" v="residential" /><tag k="oneway" v="no" /></way><way id="977" timestamp="2026-03-12T11:09:39Z" uid="1" user="OSMnx" version="1" changeset="1"><nd ref="2222708485" /><nd ref="2222708467" /><tag k="highway" v="residential" /><tag k="oneway" v="no" /></way><way id="978" timestamp="2026-03-12T11:09:39Z" uid="1" user="OSMnx" version="1" changeset="1"><nd ref="2222708485" /><nd ref="6581247929" /><tag k="highway" v="residential" /><tag k="oneway" v="no" /></way><way id="979" timestamp="2026-03-12T11:09:39Z" uid="1" user="OSMnx" version="1" changeset="1"><nd ref="2222708490" /><nd ref="2222708478" /><tag k="highway" v="residential" /><tag k="oneway" v="no" /></way><way id="980" timestamp="2026-03-12T11:09:39Z" uid="1" user="OSMnx" version="1" changeset="1"><nd ref="2222708490" /><nd ref="2222708505" /><tag k="highway" v="residential" /><tag k="oneway" v="no" /></way><way id="981" timestamp="2026-03-12T11:09:39Z" uid="1" user="OSMnx" version="1" changeset="1"><nd ref="2222708504" /><nd ref="2222708521" /><tag k="highway" v="residential" /><tag k="oneway" v="no" /></way><way id="982" timestamp="2026-03-12T11:09:39Z" uid="1" user="OSMnx" version="1" changeset="1"><nd ref="2222708504" /><nd ref="2222708488" /><tag k="highway" v="residential" /><tag k="oneway" v="no" /></way><way id="983" timestamp="2026-03-12T11:09:39Z" uid="1" user="OSMnx" version="1" changeset="1"><nd ref="2222708507" /><nd ref="7345377678" /><tag k="highway" v="residential" /><tag k="oneway" v="no" /></way><way id="984" timestamp="2026-03-12T11:09:39Z" uid="1" user="OSMnx" version="1" changeset="1"><nd ref="2222708507" /><nd ref="2222708374" /><tag k="highway" v="residential" /><tag k="oneway" v="no" /></way><way id="985" timestamp="2026-03-12T11:09:39Z" uid="1" user="OSMnx" version="1" changeset="1"><nd ref="2222708511" /><nd ref="2222186352" /><tag k="highway" v="residential" /><tag k="oneway" v="no" /></way><way id="986" timestamp="2026-03-12T11:09:39Z" uid="1" user="OSMnx" version="1" changeset="1"><nd ref="2222708521" /><nd ref="2222708543" /><tag k="highway" v="residential" /><tag k="oneway" v="no" /></way><way id="987" timestamp="2026-03-12T11:09:39Z" uid="1" user="OSMnx" version="1" changeset="1"><nd ref="2222708521" /><nd ref="2222708498" /><tag k="highway" v="residential" /><tag k="oneway" v="no" /></way><way id="988" timestamp="2026-03-12T11:09:39Z" uid="1" user="OSMnx" version="1" changeset="1"><nd ref="2222708530" /><nd ref="2222708504" /><tag k="highway" v="residential" /><tag k="oneway" v="no" /></way><way id="989" timestamp="2026-03-12T11:09:39Z" uid="1" user="OSMnx" version="1" changeset="1"><nd ref="2222708531" /><nd ref="3794269511" /><tag k="highway" v="tertiary" /><tag k="oneway" v="no" /></way><way id="990" timestamp="2026-03-12T11:09:39Z" uid="1" user="OSMnx" version="1" changeset="1"><nd ref="2222708534" /><nd ref="2744937782" /><tag k="highway" v="tertiary" /><tag k="oneway" v="no" /></way><way id="991" timestamp="2026-03-12T11:09:39Z" uid="1" user="OSMnx" version="1" changeset="1"><nd ref="2222708534" /><nd ref="3794269512" /><tag k="highway" v="tertiary" /><tag k="name" v="Mathurdas Road" /><tag k="oneway" v="no" /></way><way id="992" timestamp="2026-03-12T11:09:39Z" uid="1" user="OSMnx" version="1" changeset="1"><nd ref="2222708537" /><nd ref="2222708531" /><tag k="highway" v="tertiary" /><tag k="oneway" v="no" /></way><way id="993" timestamp="2026-03-12T11:09:39Z" uid="1" user="OSMnx" version="1" changeset="1"><nd ref="2222708538" /><nd ref="10595441721" /><tag k="highway" v="secondary" /><tag k="oneway" v="no" /></way><way id="994" timestamp="2026-03-12T11:09:39Z" uid="1" user="OSMnx" version="1" changeset="1"><nd ref="2222708539" /><nd ref="11185368410" /><tag k="highway" v="residential" /><tag k="oneway" v="no" /></way><way id="995" timestamp="2026-03-12T11:09:39Z" uid="1" user="OSMnx" version="1" changeset="1"><nd ref="2222708539" /><nd ref="11185368409" /><tag k="highway" v="residential" /><tag k="oneway" v="no" /></way><way id="996" timestamp="2026-03-12T11:09:39Z" uid="1" user="OSMnx" version="1" changeset="1"><nd ref="2222708543" /><nd ref="2222186359" /><tag k="highway" v="residential" /><tag k="oneway" v="no" /></way><way id="997" timestamp="2026-03-12T11:09:39Z" uid="1" user="OSMnx" version="1" changeset="1"><nd ref="2222708543" /><nd ref="2222708512" /><tag k="highway" v="residential" /><tag k="oneway" v="no" /></way><way id="998" timestamp="2026-03-12T11:09:39Z" uid="1" user="OSMnx" version="1" changeset="1"><nd ref="2222708544" /><nd ref="2222708537" /><tag k="highway" v="tertiary" /><tag k="oneway" v="no" /></way><way id="999" timestamp="2026-03-12T11:09:39Z" uid="1" user="OSMnx" version="1" changeset="1"><nd ref="2222708549" /><nd ref="2222708544" /><tag k="highway" v="tertiary" /><tag k="oneway" v="no" /></way><way id="1000" timestamp="2026-03-12T11:09:39Z" uid="1" user="OSMnx" version="1" changeset="1"><nd ref="2222708550" /><nd ref="2222708521" /><tag k="highway" v="residential" /><tag k="oneway" v="no" /></way><way id="1001" timestamp="2026-03-12T11:09:39Z" uid="1" user="OSMnx" version="1" changeset="1"><nd ref="2222708554" /><nd ref="2222708485" /><tag k="highway" v="residential" /><tag k="oneway" v="no" /></way><way id="1002" timestamp="2026-03-12T11:09:39Z" uid="1" user="OSMnx" version="1" changeset="1"><nd ref="2222708554" /><nd ref="2222708549" /><tag k="highway" v="tertiary" /><tag k="oneway" v="no" /></way><way id="1003" timestamp="2026-03-12T11:09:39Z" uid="1" user="OSMnx" version="1" changeset="1"><nd ref="2222708555" /><nd ref="2222708539" /><tag k="highway" v="residential" /><tag k="oneway" v="no" /></way><way id="1004" timestamp="2026-03-12T11:09:39Z" uid="1" user="OSMnx" version="1" changeset="1"><nd ref="2222708555" /><nd ref="2222708511" /><tag k="highway" v="residential" /><tag k="oneway" v="no" /></way><way id="1005" timestamp="2026-03-12T11:09:39Z" uid="1" user="OSMnx" version="1" changeset="1"><nd ref="2222708559" /><nd ref="2222708511" /><tag k="highway" v="residential" /><tag k="oneway" v="no" /></way><way id="1006" timestamp="2026-03-12T11:09:39Z" uid="1" user="OSMnx" version="1" changeset="1"><nd ref="2222708565" /><nd ref="2222708541" /><tag k="highway" v="residential" /><tag k="oneway" v="no" /></way><way id="1007" timestamp="2026-03-12T11:09:39Z" uid="1" user="OSMnx" version="1" changeset="1"><nd ref="2222708565" /><nd ref="2222708577" /><tag k="highway" v="residential" /><tag k="oneway" v="no" /></way><way id="1008" timestamp="2026-03-12T11:09:39Z" uid="1" user="OSMnx" version="1" changeset="1"><nd ref="2222708566" /><nd ref="2222708543" /><tag k="highway" v="residential" /><tag k="oneway" v="no" /></way><way id="1009" timestamp="2026-03-12T11:09:39Z" uid="1" user="OSMnx" version="1" changeset="1"><nd ref="2222708568" /><nd ref="2222708555" /><tag k="highway" v="residential" /><tag k="oneway" v="no" /></way><way id="1010" timestamp="2026-03-12T11:09:39Z" uid="1" user="OSMnx" version="1" changeset="1"><nd ref="2222708568" /><nd ref="11185368411" /><tag k="highway" v="residential" /><tag k="oneway" v="no" /></way><way id="1011" timestamp="2026-03-12T11:09:39Z" uid="1" user="OSMnx" version="1" changeset="1"><nd ref="2222708572" /><nd ref="2222708578" /><tag k="highway" v="residential" /><tag k="oneway" v="no" /></way><way id="1012" timestamp="2026-03-12T11:09:39Z" uid="1" user="OSMnx" version="1" changeset="1"><nd ref="2222708576" /><nd ref="11185368412" /><tag k="highway" v="residential" /><tag k="oneway" v="no" /></way><way id="1013" timestamp="2026-03-12T11:09:39Z" uid="1" user="OSMnx" version="1" changeset="1"><nd ref="2222708576" /><nd ref="2222708568" /><tag k="highway" v="residential" /><tag k="oneway" v="no" /></way><way id="1014" timestamp="2026-03-12T11:09:39Z" uid="1" user="OSMnx" version="1" changeset="1"><nd ref="2222708577" /><nd ref="2222708563" /><tag k="highway" v="residential" /><tag k="oneway" v="no" /></way><way id="1015" timestamp="2026-03-12T11:09:39Z" uid="1" user="OSMnx" version="1" changeset="1"><nd ref="2222708577" /><nd ref="2222708612" /><tag k="highway" v="residential" /><tag k="oneway" v="no" /></way><way id="1016" timestamp="2026-03-12T11:09:39Z" uid="1" user="OSMnx" version="1" changeset="1"><nd ref="2222708578" /><nd ref="2222708599" /><tag k="highway" v="residential" /><tag k="oneway" v="no" /></way><way id="1017" timestamp="2026-03-12T11:09:39Z" uid="1" user="OSMnx" version="1" changeset="1"><nd ref="2222708578" /><nd ref="2222708642" /><tag k="highway" v="residential" /><tag k="oneway" v="no" /></way><way id="1018" timestamp="2026-03-12T11:09:39Z" uid="1" user="OSMnx" version="1" changeset="1"><nd ref="2222708587" /><nd ref="2222708549" /><tag k="highway" v="residential" /><tag k="oneway" v="no" /></way><way id="1019" timestamp="2026-03-12T11:09:39Z" uid="1" user="OSMnx" version="1" changeset="1"><nd ref="2222708587" /><nd ref="2222708616" /><tag k="highway" v="residential" /><tag k="oneway" v="no" /></way><way id="1020" timestamp="2026-03-12T11:09:39Z" uid="1" user="OSMnx" version="1" changeset="1"><nd ref="2222708594" /><nd ref="2222708576" /><tag k="highway" v="residential" /><tag k="oneway" v="no" /></way><way id="1021" timestamp="2026-03-12T11:09:39Z" uid="1" user="OSMnx" version="1" changeset="1"><nd ref="2222708594" /><nd ref="2222708559" /><tag k="highway" v="residential" /><tag k="oneway" v="no" /></way><way id="1022" timestamp="2026-03-12T11:09:39Z" uid="1" user="OSMnx" version="1" changeset="1"><nd ref="2222708599" /><nd ref="2222186369" /><tag k="highway" v="residential" /><tag k="oneway" v="no" /></way><way id="1023" timestamp="2026-03-12T11:09:39Z" uid="1" user="OSMnx" version="1" changeset="1"><nd ref="2222708599" /><nd ref="2222708642" /><tag k="highway" v="residential" /><tag k="oneway" v="no" /></way><way id="1024" timestamp="2026-03-12T11:09:39Z" uid="1" user="OSMnx" version="1" changeset="1"><nd ref="2222708612" /><nd ref="2222708573" /><tag k="highway" v="residential" /><tag k="oneway" v="no" /></way><way id="1025" timestamp="2026-03-12T11:09:39Z" uid="1" user="OSMnx" version="1" changeset="1"><nd ref="2222708612" /><nd ref="2222186369" /><tag k="highway" v="residential" /><tag k="oneway" v="no" /></way><way id="1026" timestamp="2026-03-12T11:09:39Z" uid="1" user="OSMnx" version="1" changeset="1"><nd ref="2222708616" /><nd ref="2222708646" /><tag k="highway" v="residential" /><tag k="oneway" v="no" /></way><way id="1027" timestamp="2026-03-12T11:09:39Z" uid="1" user="OSMnx" version="1" changeset="1"><nd ref="2222708616" /><nd ref="2222708537" /><tag k="highway" v="residential" /><tag k="oneway" v="no" /></way><way id="1028" timestamp="2026-03-12T11:09:39Z" uid="1" user="OSMnx" version="1" changeset="1"><nd ref="2222708620" /><nd ref="2222708594" /><tag k="highway" v="residential" /><tag k="oneway" v="no" /></way><way id="1029" timestamp="2026-03-12T11:09:39Z" uid="1" user="OSMnx" version="1" changeset="1"><nd ref="2222708620" /><nd ref="2222708572" /><tag k="highway" v="residential" /><tag k="oneway" v="no" /></way><way id="1030" timestamp="2026-03-12T11:09:39Z" uid="1" user="OSMnx" version="1" changeset="1"><nd ref="2222708642" /><nd ref="2222708620" /><tag k="highway" v="residential" /><tag k="oneway" v="no" /></way><way id="1031" timestamp="2026-03-12T11:09:39Z" uid="1" user="OSMnx" version="1" changeset="1"><nd ref="2222708646" /><nd ref="2222708648" /><tag k="highway" v="residential" /><tag k="oneway" v="no" /></way><way id="1032" timestamp="2026-03-12T11:09:39Z" uid="1" user="OSMnx" version="1" changeset="1"><nd ref="2222708648" /><nd ref="2222708655" /><tag k="highway" v="residential" /><tag k="oneway" v="no" /></way><way id="1033" timestamp="2026-03-12T11:09:39Z" uid="1" user="OSMnx" version="1" changeset="1"><nd ref="2222708655" /><nd ref="2222708783" /><tag k="highway" v="residential" /><tag k="oneway" v="no" /></way><way id="1034" timestamp="2026-03-12T11:09:39Z" uid="1" user="OSMnx" version="1" changeset="1"><nd ref="2222708655" /><nd ref="2222708531" /><tag k="highway" v="residential" /><tag k="oneway" v="no" /></way><way id="1035" timestamp="2026-03-12T11:09:39Z" uid="1" user="OSMnx" version="1" changeset="1"><nd ref="2222708716" /><nd ref="3794269513" /><tag k="highway" v="residential" /><tag k="oneway" v="no" /></way><way id="1036" timestamp="2026-03-12T11:09:39Z" uid="1" user="OSMnx" version="1" changeset="1"><nd ref="2222708716" /><nd ref="2222708587" /><tag k="highway" v="residential" /><tag k="oneway" v="no" /></way><way id="1037" timestamp="2026-03-12T11:09:39Z" uid="1" user="OSMnx" version="1" changeset="1"><nd ref="2222708741" /><nd ref="2222708788" /><tag k="highway" v="residential" /><tag k="oneway" v="no" /></way><way id="1038" timestamp="2026-03-12T11:09:39Z" uid="1" user="OSMnx" version="1" changeset="1"><nd ref="2222708741" /><nd ref="2222708655" /><tag k="highway" v="residential" /><tag k="oneway" v="no" /></way><way id="1039" timestamp="2026-03-12T11:09:39Z" uid="1" user="OSMnx" version="1" changeset="1"><nd ref="2222708768" /><nd ref="7345380797" /><tag k="highway" v="residential" /><tag k="oneway" v="no" /></way><way id="1040" timestamp="2026-03-12T11:09:39Z" uid="1" user="OSMnx" version="1" changeset="1"><nd ref="2222708768" /><nd ref="2222708716" /><tag k="highway" v="residential" /><tag k="oneway" v="no" /></way><way id="1041" timestamp="2026-03-12T11:09:39Z" uid="1" user="OSMnx" version="1" changeset="1"><nd ref="2222708770" /><nd ref="2222708768" /><tag k="highway" v="residential" /><tag k="oneway" v="no" /></way><way id="1042" timestamp="2026-03-12T11:09:39Z" uid="1" user="OSMnx" version="1" changeset="1"><nd ref="2222708772" /><nd ref="2222708840" /><tag k="highway" v="residential" /><tag k="oneway" v="no" /></way><way id="1043" timestamp="2026-03-12T11:09:39Z" uid="1" user="OSMnx" version="1" changeset="1"><nd ref="2222708772" /><nd ref="2222708770" /><tag k="highway" v="residential" /><tag k="oneway" v="no" /></way><way id="1044" timestamp="2026-03-12T11:09:39Z" uid="1" user="OSMnx" version="1" changeset="1"><nd ref="2222708781" /><nd ref="2222708772" /><tag k="highway" v="residential" /><tag k="oneway" v="no" /></way><way id="1045" timestamp="2026-03-12T11:09:39Z" uid="1" user="OSMnx" version="1" changeset="1"><nd ref="2222708781" /><nd ref="2222708646" /><tag k="highway" v="residential" /><tag k="oneway" v="no" /></way><way id="1046" timestamp="2026-03-12T11:09:39Z" uid="1" user="OSMnx" version="1" changeset="1"><nd ref="2222708783" /><nd ref="2222708786" /><tag k="highway" v="residential" /><tag k="oneway" v="no" /></way><way id="1047" timestamp="2026-03-12T11:09:39Z" uid="1" user="OSMnx" version="1" changeset="1"><nd ref="2222708785" /><nd ref="2222708781" /><tag k="highway" v="residential" /><tag k="oneway" v="no" /></way><way id="1048" timestamp="2026-03-12T11:09:39Z" uid="1" user="OSMnx" version="1" changeset="1"><nd ref="2222708785" /><nd ref="2222708648" /><tag k="highway" v="residential" /><tag k="oneway" v="no" /></way><way id="1049" timestamp="2026-03-12T11:09:39Z" uid="1" user="OSMnx" version="1" changeset="1"><nd ref="2222708786" /><nd ref="2222708788" /><tag k="highway" v="residential" /><tag k="oneway" v="no" /></way><way id="1050" timestamp="2026-03-12T11:09:39Z" uid="1" user="OSMnx" version="1" changeset="1"><nd ref="2222708788" /><nd ref="2222708785" /><tag k="highway" v="residential" /><tag k="oneway" v="no" /></way><way id="1051" timestamp="2026-03-12T11:09:39Z" uid="1" user="OSMnx" version="1" changeset="1"><nd ref="2222708790" /><nd ref="10654529065" /><tag k="highway" v="residential" /><tag k="oneway" v="no" /></way><way id="1052" timestamp="2026-03-12T11:09:39Z" uid="1" user="OSMnx" version="1" changeset="1"><nd ref="2222708796" /><nd ref="7378436381" /><tag k="highway" v="residential" /><tag k="oneway" v="no" /></way><way id="1053" timestamp="2026-03-12T11:09:39Z" uid="1" user="OSMnx" version="1" changeset="1"><nd ref="2222708796" /><nd ref="245680708" /><tag k="highway" v="secondary" /><tag k="name" v="Mahatma Gandhi Road" /><tag k="oneway" v="no" /></way><way id="1054" timestamp="2026-03-12T11:09:39Z" uid="1" user="OSMnx" version="1" changeset="1"><nd ref="2222708816" /><nd ref="2222708812" /><tag k="highway" v="residential" /><tag k="oneway" v="no" /></way><way id="1055" timestamp="2026-03-12T11:09:39Z" uid="1" user="OSMnx" version="1" changeset="1"><nd ref="2222708816" /><nd ref="2222708786" /><tag k="highway" v="residential" /><tag k="oneway" v="no" /></way><way id="1056" timestamp="2026-03-12T11:09:39Z" uid="1" user="OSMnx" version="1" changeset="1"><nd ref="2222708823" /><nd ref="2222708816" /><tag k="highway" v="residential" /><tag k="oneway" v="no" /></way><way id="1057" timestamp="2026-03-12T11:09:39Z" uid="1" user="OSMnx" version="1" changeset="1"><nd ref="2222708823" /><nd ref="2222708817" /><tag k="highway" v="residential" /><tag k="oneway" v="no" /></way><way id="1058" timestamp="2026-03-12T11:09:39Z" uid="1" user="OSMnx" version="1" changeset="1"><nd ref="2222708826" /><nd ref="7378436366" /><tag k="highway" v="residential" /><tag k="oneway" v="no" /></way><way id="1059" timestamp="2026-03-12T11:09:39Z" uid="1" user="OSMnx" version="1" changeset="1"><nd ref="2222708840" /><nd ref="2222708841" /><tag k="highway" v="residential" /><tag k="oneway" v="no" /></way><way id="1060" timestamp="2026-03-12T11:09:39Z" uid="1" user="OSMnx" version="1" changeset="1"><nd ref="2222708840" /><nd ref="2222708842" /><tag k="highway" v="residential" /><tag k="oneway" v="no" /></way><way id="1061" timestamp="2026-03-12T11:09:39Z" uid="1" user="OSMnx" version="1" changeset="1"><nd ref="2222708841" /><nd ref="2222708770" /><tag k="highway" v="residential" /><tag k="oneway" v="no" /></way><way id="1062" timestamp="2026-03-12T11:09:39Z" uid="1" user="OSMnx" version="1" changeset="1"><nd ref="2222708842" /><nd ref="2222708846" /><tag k="highway" v="residential" /><tag k="oneway" v="no" /></way><way id="1063" timestamp="2026-03-12T11:09:39Z" uid="1" user="OSMnx" version="1" changeset="1"><nd ref="2222708846" /><nd ref="2222708823" /><tag k="highway" v="residential" /><tag k="oneway" v="no" /></way><way id="1064" timestamp="2026-03-12T11:09:39Z" uid="1" user="OSMnx" version="1" changeset="1"><nd ref="2224023630" /><nd ref="2224023638" /><tag k="highway" v="residential" /><tag k="oneway" v="no" /></way><way id="1065" timestamp="2026-03-12T11:09:39Z" uid="1" user="OSMnx" version="1" changeset="1"><nd ref="2224023630" /><nd ref="2224023628" /><tag k="highway" v="residential" /><tag k="oneway" v="no" /></way><way id="1066" timestamp="2026-03-12T11:09:39Z" uid="1" user="OSMnx" version="1" changeset="1"><nd ref="2224023638" /><nd ref="3795056240" /><tag k="highway" v="residential" /><tag k="oneway" v="no" /></way><way id="1067" timestamp="2026-03-12T11:09:39Z" uid="1" user="OSMnx" version="1" changeset="1"><nd ref="2224023638" /><nd ref="3795056240" /><tag k="highway" v="residential" /><tag k="oneway" v="no" /></way><way id="1068" timestamp="2026-03-12T11:09:39Z" uid="1" user="OSMnx" version="1" changeset="1"><nd ref="2224023665" /><nd ref="2224023668" /><tag k="highway" v="residential" /><tag k="oneway" v="no" /></way><way id="1069" timestamp="2026-03-12T11:09:39Z" uid="1" user="OSMnx" version="1" changeset="1"><nd ref="2224023665" /><nd ref="2224023694" /><tag k="highway" v="tertiary" /><tag k="oneway" v="no" /></way><way id="1070" timestamp="2026-03-12T11:09:39Z" uid="1" user="OSMnx" version="1" changeset="1"><nd ref="2224023668" /><nd ref="11070963702" /><tag k="highway" v="residential" /><tag k="oneway" v="no" /></way><way id="1071" timestamp="2026-03-12T11:09:39Z" uid="1" user="OSMnx" version="1" changeset="1"><nd ref="2224023674" /><nd ref="2224023661" /><tag k="highway" v="residential" /><tag k="oneway" v="no" /></way><way id="1072" timestamp="2026-03-12T11:09:39Z" uid="1" user="OSMnx" version="1" changeset="1"><nd ref="2224023675" /><nd ref="1347702319" /><tag k="highway" v="residential" /><tag k="oneway" v="no" /></way><way id="1073" timestamp="2026-03-12T11:09:39Z" uid="1" user="OSMnx" version="1" changeset="1"><nd ref="2224023675" /><nd ref="2224023674" /><tag k="highway" v="residential" /><tag k="oneway" v="no" /></way><way id="1074" timestamp="2026-03-12T11:09:39Z" uid="1" user="OSMnx" version="1" changeset="1"><nd ref="2224023685" /><nd ref="1343006720" /><tag k="highway" v="tertiary" /><tag k="name" v="D Monte Lane" /><tag k="oneway" v="no" /></way><way id="1075" timestamp="2026-03-12T11:09:39Z" uid="1" user="OSMnx" version="1" changeset="1"><nd ref="2224023685" /><nd ref="2224023700" /><tag k="highway" v="residential" /><tag k="oneway" v="no" /></way><way id="1076" timestamp="2026-03-12T11:09:39Z" uid="1" user="OSMnx" version="1" changeset="1"><nd ref="2224023685" /><nd ref="3794269263" /><tag k="highway" v="residential" /><tag k="oneway" v="no" /></way><way id="1077" timestamp="2026-03-12T11:09:39Z" uid="1" user="OSMnx" version="1" changeset="1"><nd ref="2224023690" /><nd ref="2224023674" /><tag k="highway" v="residential" /><tag k="oneway" v="no" /></way><way id="1078" timestamp="2026-03-12T11:09:39Z" uid="1" user="OSMnx" version="1" changeset="1"><nd ref="2224023692" /><nd ref="1347702325" /><tag k="highway" v="residential" /><tag k="oneway" v="no" /></way><way id="1079" timestamp="2026-03-12T11:09:39Z" uid="1" user="OSMnx" version="1" changeset="1"><nd ref="2224023692" /><nd ref="2224023690" /><tag k="highway" v="residential" /><tag k="oneway" v="no" /></way><way id="1080" timestamp="2026-03-12T11:09:39Z" uid="1" user="OSMnx" version="1" changeset="1"><nd ref="2224023694" /><nd ref="2224023708" /><tag k="highway" v="tertiary" /><tag k="oneway" v="no" /></way><way id="1081" timestamp="2026-03-12T11:09:39Z" uid="1" user="OSMnx" version="1" changeset="1"><nd ref="2224023694" /><nd ref="10093838971" /><tag k="highway" v="residential" /><tag k="oneway" v="no" /></way><way id="1082" timestamp="2026-03-12T11:09:39Z" uid="1" user="OSMnx" version="1" changeset="1"><nd ref="2224023694" /><nd ref="2224023709" /><tag k="highway" v="residential" /><tag k="oneway" v="no" /></way><way id="1083" timestamp="2026-03-12T11:09:39Z" uid="1" user="OSMnx" version="1" changeset="1"><nd ref="2224023698" /><nd ref="2224023690" /><tag k="highway" v="residential" /><tag k="oneway" v="no" /></way><way id="1084" timestamp="2026-03-12T11:09:39Z" uid="1" user="OSMnx" version="1" changeset="1"><nd ref="2224023698" /><nd ref="2224023707" /><tag k="highway" v="residential" /><tag k="oneway" v="no" /></way><way id="1085" timestamp="2026-03-12T11:09:39Z" uid="1" user="OSMnx" version="1" changeset="1"><nd ref="2224023700" /><nd ref="2224023636" /><tag k="highway" v="residential" /><tag k="oneway" v="no" /></way><way id="1086" timestamp="2026-03-12T11:09:39Z" uid="1" user="OSMnx" version="1" changeset="1"><nd ref="2224023700" /><nd ref="2958524972" /><tag k="highway" v="residential" /><tag k="oneway" v="no" /></way><way id="1087" timestamp="2026-03-12T11:09:39Z" uid="1" user="OSMnx" version="1" changeset="1"><nd ref="2224023705" /><nd ref="1347702302" /><tag k="highway" v="residential" /><tag k="oneway" v="no" /></way><way id="1088" timestamp="2026-03-12T11:09:39Z" uid="1" user="OSMnx" version="1" changeset="1"><nd ref="2224023705" /><nd ref="1347702307" /><tag k="highway" v="residential" /><tag k="oneway" v="no" /></way><way id="1089" timestamp="2026-03-12T11:09:39Z" uid="1" user="OSMnx" version="1" changeset="1"><nd ref="2224023707" /><nd ref="1347702325" /><tag k="highway" v="residential" /><tag k="oneway" v="no" /></way><way id="1090" timestamp="2026-03-12T11:09:39Z" uid="1" user="OSMnx" version="1" changeset="1"><nd ref="2224023708" /><nd ref="10093838970" /><tag k="highway" v="residential" /><tag k="oneway" v="no" /></way><way id="1091" timestamp="2026-03-12T11:09:39Z" uid="1" user="OSMnx" version="1" changeset="1"><nd ref="2224023708" /><nd ref="10594122020" /><tag k="highway" v="tertiary" /><tag k="oneway" v="no" /></way><way id="1092" timestamp="2026-03-12T11:09:39Z" uid="1" user="OSMnx" version="1" changeset="1"><nd ref="2224023709" /><nd ref="2224023708" /><tag k="highway" v="residential" /><tag k="oneway" v="no" /></way><way id="1093" timestamp="2026-03-12T11:09:39Z" uid="1" user="OSMnx" version="1" changeset="1"><nd ref="2224023709" /><nd ref="2224023710" /><tag k="highway" v="residential" /><tag k="oneway" v="no" /></way><way id="1094" timestamp="2026-03-12T11:09:39Z" uid="1" user="OSMnx" version="1" changeset="1"><nd ref="2224023716" /><nd ref="10594122023" /><tag k="highway" v="residential" /><tag k="oneway" v="no" /></way><way id="1095" timestamp="2026-03-12T11:09:39Z" uid="1" user="OSMnx" version="1" changeset="1"><nd ref="2224023716" /><nd ref="2224023709" /><tag k="highway" v="residential" /><tag k="oneway" v="no" /></way><way id="1096" timestamp="2026-03-12T11:09:39Z" uid="1" user="OSMnx" version="1" changeset="1"><nd ref="2224023731" /><nd ref="1351195022" /><tag k="highway" v="tertiary" /><tag k="name" v="Jankalyan Road" /><tag k="oneway" v="no" /></way><way id="1097" timestamp="2026-03-12T11:09:39Z" uid="1" user="OSMnx" version="1" changeset="1"><nd ref="2224023731" /><nd ref="1351183157" /><tag k="highway" v="tertiary" /><tag k="oneway" v="no" /></way><way id="1098" timestamp="2026-03-12T11:09:39Z" uid="1" user="OSMnx" version="1" changeset="1"><nd ref="2224023754" /><nd ref="629022090" /><tag k="highway" v="residential" /><tag k="oneway" v="no" /></way><way id="1099" timestamp="2026-03-12T11:09:39Z" uid="1" user="OSMnx" version="1" changeset="1"><nd ref="2224504041" /><nd ref="2224504049" /><tag k="highway" v="residential" /><tag k="name" v="Atharva Back Rd" /><tag k="oneway" v="no" /></way><way id="1100" timestamp="2026-03-12T11:09:39Z" uid="1" user="OSMnx" version="1" changeset="1"><nd ref="2224504049" /><nd ref="7345377683" /><tag k="highway" v="residential" /><tag k="name" v="Atharva Back Rd" /><tag k="oneway" v="no" /></way><way id="1101" timestamp="2026-03-12T11:09:39Z" uid="1" user="OSMnx" version="1" changeset="1"><nd ref="2224504049" /><nd ref="8909135910" /><tag k="highway" v="secondary" /><tag k="oneway" v="no" /></way><way id="1102" timestamp="2026-03-12T11:09:39Z" uid="1" user="OSMnx" version="1" changeset="1"><nd ref="2233650681" /><nd ref="6430899938" /><tag k="highway" v="secondary" /><tag k="name" v="Goregaon Mulund Link Road" /><tag k="oneway" v="no" /></way><way id="1103" timestamp="2026-03-12T11:09:39Z" uid="1" user="OSMnx" version="1" changeset="1"><nd ref="2233650692" /><nd ref="2233650694" /><tag k="highway" v="residential" /><tag k="oneway" v="no" /></way><way id="1104" timestamp="2026-03-12T11:09:39Z" uid="1" user="OSMnx" version="1" changeset="1"><nd ref="2233650692" /><nd ref="1936499782" /><tag k="highway" v="primary" /><tag k="name" v="Swami Vivekanand Road" /><tag k="oneway" v="no" /></way><way id="1105" timestamp="2026-03-12T11:09:39Z" uid="1" user="OSMnx" version="1" changeset="1"><nd ref="2233650694" /><nd ref="2233650675" /><tag k="highway" v="residential" /><tag k="oneway" v="no" /></way><way id="1106" timestamp="2026-03-12T11:09:39Z" uid="1" user="OSMnx" version="1" changeset="1"><nd ref="2233650742" /><nd ref="2233650808" /><tag k="highway" v="residential" /><tag k="lanes" v="2" /><tag k="name" v="Madhukar Digambar Deshpande Marg" /><tag k="oneway" v="no" /></way><way id="1107" timestamp="2026-03-12T11:09:39Z" uid="1" user="OSMnx" version="1" changeset="1"><nd ref="2233650742" /><nd ref="6380207079" /><tag k="highway" v="residential" /><tag k="oneway" v="no" /></way><way id="1108" timestamp="2026-03-12T11:09:39Z" uid="1" user="OSMnx" version="1" changeset="1"><nd ref="2233650742" /><nd ref="5938773163" /><tag k="highway" v="secondary" /><tag k="name" v="Goregaon Mulund Link Road" /><tag k="oneway" v="no" /></way><way id="1109" timestamp="2026-03-12T11:09:39Z" uid="1" user="OSMnx" version="1" changeset="1"><nd ref="2233650754" /><nd ref="2233650782" /><tag k="highway" v="residential" /><tag k="name" v="S.V.Road" /><tag k="oneway" v="no" /></way><way id="1110" timestamp="2026-03-12T11:09:39Z" uid="1" user="OSMnx" version="1" changeset="1"><nd ref="2233650754" /><nd ref="5938773161" /><tag k="highway" v="residential" /><tag k="oneway" v="no" /></way><way id="1111" timestamp="2026-03-12T11:09:39Z" uid="1" user="OSMnx" version="1" changeset="1"><nd ref="2233650784" /><nd ref="9861077502" /><tag k="highway" v="residential" /><tag k="lanes" v="2" /><tag k="name" v="Swatantriya Sainik Late Shri Chiranjilal Murarka Marg" /><tag k="oneway" v="no" /></way><way id="1112" timestamp="2026-03-12T11:09:39Z" uid="1" user="OSMnx" version="1" changeset="1"><nd ref="2233650796" /><nd ref="985167408" /><tag k="highway" v="tertiary" /><tag k="lanes" v="2" /><tag k="name" v="Madhukar Digambar Deshpande Marg" /><tag k="oneway" v="no" /></way><way id="1113" timestamp="2026-03-12T11:09:39Z" uid="1" user="OSMnx" version="1" changeset="1"><nd ref="2233650796" /><nd ref="2233650808" /><tag k="highway" v="residential" /><tag k="oneway" v="no" /></way><way id="1114" timestamp="2026-03-12T11:09:39Z" uid="1" user="OSMnx" version="1" changeset="1"><nd ref="2233650806" /><nd ref="7398169348" /><tag k="highway" v="residential" /><tag k="oneway" v="no" /></way><way id="1115" timestamp="2026-03-12T11:09:39Z" uid="1" user="OSMnx" version="1" changeset="1"><nd ref="2233650806" /><nd ref="627835052" /><tag k="highway" v="primary" /><tag k="name" v="Swami Vivekanand Road" /><tag k="oneway" v="no" /></way><way id="1116" timestamp="2026-03-12T11:09:39Z" uid="1" user="OSMnx" version="1" changeset="1"><nd ref="2233650808" /><nd ref="2233650857" /><tag k="highway" v="residential" /><tag k="lanes" v="2" /><tag k="name" v="Madhukar Digambar Deshpande Marg" /><tag k="oneway" v="no" /></way><way id="1117" timestamp="2026-03-12T11:09:39Z" uid="1" user="OSMnx" version="1" changeset="1"><nd ref="2233650822" /><nd ref="11070603556" /><tag k="highway" v="residential" /><tag k="oneway" v="no" /></way><way id="1118" timestamp="2026-03-12T11:09:39Z" uid="1" user="OSMnx" version="1" changeset="1"><nd ref="2233650822" /><nd ref="11070603558" /><tag k="highway" v="residential" /><tag k="oneway" v="no" /></way><way id="1119" timestamp="2026-03-12T11:09:39Z" uid="1" user="OSMnx" version="1" changeset="1"><nd ref="2233650822" /><nd ref="2233650806" /><tag k="highway" v="residential" /><tag k="oneway" v="no" /></way><way id="1120" timestamp="2026-03-12T11:09:39Z" uid="1" user="OSMnx" version="1" changeset="1"><nd ref="2233650834" /><nd ref="2233650796" /><tag k="highway" v="tertiary" /><tag k="lanes" v="2" /><tag k="name" v="Madhukar Digambar Deshpande Marg" /><tag k="oneway" v="no" /></way><way id="1121" timestamp="2026-03-12T11:09:39Z" uid="1" user="OSMnx" version="1" changeset="1"><nd ref="2233650834" /><nd ref="2233650857" /><tag k="highway" v="residential" /><tag k="oneway" v="no" /></way><way id="1122" timestamp="2026-03-12T11:09:39Z" uid="1" user="OSMnx" version="1" changeset="1"><nd ref="2233650839" /><nd ref="2233650804" /><tag k="highway" v="residential" /><tag k="oneway" v="no" /></way><way id="1123" timestamp="2026-03-12T11:09:39Z" uid="1" user="OSMnx" version="1" changeset="1"><nd ref="2233650857" /><nd ref="1166282326" /><tag k="highway" v="residential" /><tag k="lanes" v="2" /><tag k="name" v="Madhukar Digambar Deshpande Marg" /><tag k="oneway" v="no" /></way><way id="1124" timestamp="2026-03-12T11:09:39Z" uid="1" user="OSMnx" version="1" changeset="1"><nd ref="2233650890" /><nd ref="2233650839" /><tag k="highway" v="residential" /><tag k="oneway" v="no" /></way><way id="1125" timestamp="2026-03-12T11:09:39Z" uid="1" user="OSMnx" version="1" changeset="1"><nd ref="2233650892" /><nd ref="7398222687" /><tag k="highway" v="residential" /><tag k="oneway" v="no" /></way><way id="1126" timestamp="2026-03-12T11:09:39Z" uid="1" user="OSMnx" version="1" changeset="1"><nd ref="2233650892" /><nd ref="2233650826" /><tag k="highway" v="residential" /><tag k="lanes" v="2" /><tag k="oneway" v="no" /></way><way id="1127" timestamp="2026-03-12T11:09:39Z" uid="1" user="OSMnx" version="1" changeset="1"><nd ref="2233650954" /><nd ref="4347060260" /><tag k="highway" v="residential" /><tag k="lanes" v="2" /><tag k="name" v="Mozammel ohab Haque Road" /><tag k="oneway" v="no" /></way><way id="1128" timestamp="2026-03-12T11:09:39Z" uid="1" user="OSMnx" version="1" changeset="1"><nd ref="2233650986" /><nd ref="2233651022" /><tag k="highway" v="residential" /><tag k="name" v="Pawan baug road" /><tag k="oneway" v="no" /></way><way id="1129" timestamp="2026-03-12T11:09:39Z" uid="1" user="OSMnx" version="1" changeset="1"><nd ref="2233651002" /><nd ref="627835052" /><tag k="highway" v="tertiary" /><tag k="name" v="Sundar Nagar Road" /><tag k="oneway" v="no" /></way><way id="1130" timestamp="2026-03-12T11:09:39Z" uid="1" user="OSMnx" version="1" changeset="1"><nd ref="2233651002" /><nd ref="2233650822" /><tag k="highway" v="residential" /><tag k="oneway" v="no" /></way><way id="1131" timestamp="2026-03-12T11:09:39Z" uid="1" user="OSMnx" version="1" changeset="1"><nd ref="2233651012" /><nd ref="6569121783" /><tag k="highway" v="tertiary" /><tag k="oneway" v="no" /></way><way id="1132" timestamp="2026-03-12T11:09:39Z" uid="1" user="OSMnx" version="1" changeset="1"><nd ref="2233651022" /><nd ref="2233650892" /><tag k="highway" v="residential" /><tag k="lanes" v="2" /><tag k="oneway" v="no" /></way><way id="1133" timestamp="2026-03-12T11:09:39Z" uid="1" user="OSMnx" version="1" changeset="1"><nd ref="2233651026" /><nd ref="1189168883" /><tag k="highway" v="tertiary" /><tag k="name" v="Sundar Nagar Road" /><tag k="oneway" v="no" /></way><way id="1134" timestamp="2026-03-12T11:09:39Z" uid="1" user="OSMnx" version="1" changeset="1"><nd ref="2233651026" /><nd ref="2233651339" /><tag k="highway" v="residential" /><tag k="oneway" v="no" /></way><way id="1135" timestamp="2026-03-12T11:09:39Z" uid="1" user="OSMnx" version="1" changeset="1"><nd ref="2233651028" /><nd ref="11070528679" /><tag k="highway" v="residential" /><tag k="oneway" v="no" /></way><way id="1136" timestamp="2026-03-12T11:09:39Z" uid="1" user="OSMnx" version="1" changeset="1"><nd ref="2233651028" /><nd ref="2233651002" /><tag k="highway" v="tertiary" /><tag k="name" v="Sundar Nagar Road" /><tag k="oneway" v="no" /></way><way id="1137" timestamp="2026-03-12T11:09:39Z" uid="1" user="OSMnx" version="1" changeset="1"><nd ref="2233651074" /><nd ref="2233651147" /><tag k="highway" v="residential" /><tag k="oneway" v="no" /></way><way id="1138" timestamp="2026-03-12T11:09:39Z" uid="1" user="OSMnx" version="1" changeset="1"><nd ref="2233651102" /><nd ref="1185812965" /><tag k="highway" v="residential" /><tag k="oneway" v="no" /></way><way id="1139" timestamp="2026-03-12T11:09:39Z" uid="1" user="OSMnx" version="1" changeset="1"><nd ref="2233651133" /><nd ref="1634012673" /><tag k="highway" v="tertiary" /><tag k="name" v="Nevetia Road,Haji Bapu Road" /><tag k="oneway" v="no" /></way><way id="1140" timestamp="2026-03-12T11:09:39Z" uid="1" user="OSMnx" version="1" changeset="1"><nd ref="2233651133" /><nd ref="2233651147" /><tag k="highway" v="residential" /><tag k="oneway" v="no" /></way><way id="1141" timestamp="2026-03-12T11:09:39Z" uid="1" user="OSMnx" version="1" changeset="1"><nd ref="2233651143" /><nd ref="6567640738" /><tag k="highway" v="tertiary" /><tag k="lanes" v="2" /><tag k="name" v="L Raheja Marg" /><tag k="oneway" v="no" /></way><way id="1142" timestamp="2026-03-12T11:09:39Z" uid="1" user="OSMnx" version="1" changeset="1"><nd ref="2233651147" /><nd ref="2233651213" /><tag k="highway" v="residential" /><tag k="oneway" v="no" /></way><way id="1143" timestamp="2026-03-12T11:09:39Z" uid="1" user="OSMnx" version="1" changeset="1"><nd ref="2233651183" /><nd ref="1634012673" /><tag k="highway" v="residential" /><tag k="name" v="Haji Bapu Patel Road" /><tag k="oneway" v="no" /></way><way id="1144" timestamp="2026-03-12T11:09:39Z" uid="1" user="OSMnx" version="1" changeset="1"><nd ref="2233651213" /><nd ref="1634012676" /><tag k="highway" v="residential" /><tag k="name" v="Haji Bapu Patel Road" /><tag k="oneway" v="no" /></way><way id="1145" timestamp="2026-03-12T11:09:39Z" uid="1" user="OSMnx" version="1" changeset="1"><nd ref="2233651339" /><nd ref="1185821557" /><tag k="highway" v="secondary" /><tag k="lanes" v="2" /><tag k="name" v="Chincholi Bunder Road" /><tag k="oneway" v="no" /></way><way id="1146" timestamp="2026-03-12T11:09:39Z" uid="1" user="OSMnx" version="1" changeset="1"><nd ref="2233651462" /><nd ref="245678918" /><tag k="highway" v="secondary" /><tag k="lanes" v="2" /><tag k="name" v="Chincholi Bunder Road" /><tag k="oneway" v="no" /></way><way id="1147" timestamp="2026-03-12T11:09:39Z" uid="1" user="OSMnx" version="1" changeset="1"><nd ref="2233651462" /><nd ref="7374089048" /><tag k="highway" v="residential" /><tag k="oneway" v="no" /></way><way id="1148" timestamp="2026-03-12T11:09:39Z" uid="1" user="OSMnx" version="1" changeset="1"><nd ref="2233651552" /><nd ref="2233651674" /><tag k="highway" v="tertiary" /><tag k="lanes" v="2" /><tag k="name" v="L Raheja Marg" /><tag k="oneway" v="no" /></way><way id="1149" timestamp="2026-03-12T11:09:39Z" uid="1" user="OSMnx" version="1" changeset="1"><nd ref="2233651552" /><nd ref="6567640733" /><tag k="highway" v="residential" /><tag k="oneway" v="no" /></way><way id="1150" timestamp="2026-03-12T11:09:39Z" uid="1" user="OSMnx" version="1" changeset="1"><nd ref="2233651629" /><nd ref="2233651633" /><tag k="highway" v="residential" /><tag k="oneway" v="no" /></way><way id="1151" timestamp="2026-03-12T11:09:39Z" uid="1" user="OSMnx" version="1" changeset="1"><nd ref="2233651633" /><nd ref="2233651707" /><tag k="highway" v="residential" /><tag k="oneway" v="no" /></way><way id="1152" timestamp="2026-03-12T11:09:39Z" uid="1" user="OSMnx" version="1" changeset="1"><nd ref="2233651633" /><nd ref="2233651736" /><tag k="highway" v="residential" /><tag k="name" v="Port Avenue" /><tag k="oneway" v="no" /></way><way id="1153" timestamp="2026-03-12T11:09:39Z" uid="1" user="OSMnx" version="1" changeset="1"><nd ref="2233651644" /><nd ref="1365236412" /><tag k="highway" v="residential" /><tag k="name" v="Haji Bapu Patel Road" /><tag k="oneway" v="no" /></way><way id="1154" timestamp="2026-03-12T11:09:39Z" uid="1" user="OSMnx" version="1" changeset="1"><nd ref="2233651674" /><nd ref="7358567244" /><tag k="highway" v="tertiary" /><tag k="lanes" v="2" /><tag k="name" v="L Raheja Marg" /><tag k="oneway" v="no" /></way><way id="1155" timestamp="2026-03-12T11:09:39Z" uid="1" user="OSMnx" version="1" changeset="1"><nd ref="2233651674" /><nd ref="6569624891" /><tag k="highway" v="residential" /><tag k="name" v="Road Number 1" /><tag k="oneway" v="no" /></way><way id="1156" timestamp="2026-03-12T11:09:39Z" uid="1" user="OSMnx" version="1" changeset="1"><nd ref="2233651692" /><nd ref="1365236408" /><tag k="highway" v="residential" /><tag k="name" v="Haji Bapu Patel Road" /><tag k="oneway" v="no" /></way><way id="1157" timestamp="2026-03-12T11:09:39Z" uid="1" user="OSMnx" version="1" changeset="1"><nd ref="2233651692" /><nd ref="2233651833" /><tag k="highway" v="residential" /><tag k="oneway" v="no" /></way><way id="1158" timestamp="2026-03-12T11:09:39Z" uid="1" user="OSMnx" version="1" changeset="1"><nd ref="2233651697" /><nd ref="1365236406" /><tag k="highway" v="residential" /><tag k="name" v="Jitendra Rd" /><tag k="oneway" v="no" /></way><way id="1159" timestamp="2026-03-12T11:09:39Z" uid="1" user="OSMnx" version="1" changeset="1"><nd ref="2233651697" /><nd ref="2233651644" /><tag k="highway" v="residential" /><tag k="name" v="TD Vora Marg" /><tag k="oneway" v="no" /></way><way id="1160" timestamp="2026-03-12T11:09:39Z" uid="1" user="OSMnx" version="1" changeset="1"><nd ref="2233651707" /><nd ref="4347108648" /><tag k="highway" v="residential" /><tag k="oneway" v="no" /></way><way id="1161" timestamp="2026-03-12T11:09:39Z" uid="1" user="OSMnx" version="1" changeset="1"><nd ref="2233651707" /><nd ref="4347108643" /><tag k="highway" v="residential" /><tag k="oneway" v="no" /></way><way id="1162" timestamp="2026-03-12T11:09:39Z" uid="1" user="OSMnx" version="1" changeset="1"><nd ref="2233651736" /><nd ref="1342988725" /><tag k="highway" v="residential" /><tag k="name" v="Bhandarwada Marg" /><tag k="oneway" v="no" /></way><way id="1163" timestamp="2026-03-12T11:09:39Z" uid="1" user="OSMnx" version="1" changeset="1"><nd ref="2233651833" /><nd ref="1365236408" /><tag k="highway" v="residential" /><tag k="oneway" v="no" /></way><way id="1164" timestamp="2026-03-12T11:09:39Z" uid="1" user="OSMnx" version="1" changeset="1"><nd ref="2233651833" /><nd ref="6580846288" /><tag k="highway" v="residential" /><tag k="oneway" v="no" /></way><way id="1165" timestamp="2026-03-12T11:09:39Z" uid="1" user="OSMnx" version="1" changeset="1"><nd ref="2233651912" /><nd ref="2233652005" /><tag k="highway" v="tertiary" /><tag k="oneway" v="no" /></way><way id="1166" timestamp="2026-03-12T11:09:39Z" uid="1" user="OSMnx" version="1" changeset="1"><nd ref="2233651960" /><nd ref="4352414449" /><tag k="highway" v="tertiary" /><tag k="lanes" v="2" /><tag k="name" v="Nanabhai Bhuleshwar Marg" /><tag k="oneway" v="no" /></way><way id="1167" timestamp="2026-03-12T11:09:39Z" uid="1" user="OSMnx" version="1" changeset="1"><nd ref="2233651960" /><nd ref="9880278630" /><tag k="highway" v="residential" /><tag k="oneway" v="no" /></way><way id="1168" timestamp="2026-03-12T11:09:39Z" uid="1" user="OSMnx" version="1" changeset="1"><nd ref="2233652005" /><nd ref="2216231365" /><tag k="highway" v="tertiary" /><tag k="oneway" v="no" /></way><way id="1169" timestamp="2026-03-12T11:09:39Z" uid="1" user="OSMnx" version="1" changeset="1"><nd ref="2233652059" /><nd ref="1365236424" /><tag k="highway" v="residential" /><tag k="oneway" v="no" /></way><way id="1170" timestamp="2026-03-12T11:09:39Z" uid="1" user="OSMnx" version="1" changeset="1"><nd ref="2233652059" /><nd ref="6580846288" /><tag k="highway" v="residential" /><tag k="oneway" v="no" /></way><way id="1171" timestamp="2026-03-12T11:09:39Z" uid="1" user="OSMnx" version="1" changeset="1"><nd ref="2233652097" /><nd ref="2233652059" /><tag k="highway" v="residential" /><tag k="oneway" v="no" /></way><way id="1172" timestamp="2026-03-12T11:09:39Z" uid="1" user="OSMnx" version="1" changeset="1"><nd ref="2233652157" /><nd ref="1361605351" /><tag k="highway" v="tertiary" /><tag k="name" v="Rani Sati Marg" /><tag k="oneway" v="no" /></way><way id="1173" timestamp="2026-03-12T11:09:39Z" uid="1" user="OSMnx" version="1" changeset="1"><nd ref="2233652157" /><nd ref="2233652097" /><tag k="highway" v="residential" /><tag k="oneway" v="no" /></way><way id="1174" timestamp="2026-03-12T11:09:39Z" uid="1" user="OSMnx" version="1" changeset="1"><nd ref="2233652157" /><nd ref="8711804107" /><tag k="highway" v="residential" /><tag k="oneway" v="no" /></way><way id="1175" timestamp="2026-03-12T11:09:39Z" uid="1" user="OSMnx" version="1" changeset="1"><nd ref="2233652193" /><nd ref="10277477780" /><tag k="highway" v="tertiary" /><tag k="name" v="Poddar Road" /><tag k="oneway" v="no" /></way><way id="1176" timestamp="2026-03-12T11:09:39Z" uid="1" user="OSMnx" version="1" changeset="1"><nd ref="2233652241" /><nd ref="2233652193" /><tag k="highway" v="residential" /><tag k="oneway" v="no" /></way><way id="1177" timestamp="2026-03-12T11:09:39Z" uid="1" user="OSMnx" version="1" changeset="1"><nd ref="2233652241" /><nd ref="11041907991" /><tag k="highway" v="residential" /><tag k="oneway" v="no" /></way><way id="1178" timestamp="2026-03-12T11:09:39Z" uid="1" user="OSMnx" version="1" changeset="1"><nd ref="2440670607" /><nd ref="2216231445" /><tag k="highway" v="tertiary" /><tag k="oneway" v="no" /></way><way id="1179" timestamp="2026-03-12T11:09:39Z" uid="1" user="OSMnx" version="1" changeset="1"><nd ref="2720460580" /><nd ref="2222707479" /><tag k="highway" v="residential" /><tag k="name" v="Ramchandra Extension Lane" /><tag k="oneway" v="no" /></way><way id="1180" timestamp="2026-03-12T11:09:39Z" uid="1" user="OSMnx" version="1" changeset="1"><nd ref="2720460580" /><nd ref="2222707556" /><tag k="highway" v="residential" /><tag k="oneway" v="no" /></way><way id="1181" timestamp="2026-03-12T11:09:39Z" uid="1" user="OSMnx" version="1" changeset="1"><nd ref="2744937782" /><nd ref="2222708790" /><tag k="highway" v="tertiary" /><tag k="oneway" v="no" /></way><way id="1182" timestamp="2026-03-12T11:09:39Z" uid="1" user="OSMnx" version="1" changeset="1"><nd ref="2800372253" /><nd ref="1361576643" /><tag k="highway" v="tertiary" /><tag k="name" v="Poddar Road" /><tag k="oneway" v="no" /></way><way id="1183" timestamp="2026-03-12T11:09:39Z" uid="1" user="OSMnx" version="1" changeset="1"><nd ref="2953739961" /><nd ref="4347108668" /><tag k="highway" v="residential" /><tag k="oneway" v="no" /></way><way id="1184" timestamp="2026-03-12T11:09:39Z" uid="1" user="OSMnx" version="1" changeset="1"><nd ref="2953739961" /><nd ref="2953739962" /><tag k="highway" v="residential" /><tag k="oneway" v="no" /></way><way id="1185" timestamp="2026-03-12T11:09:39Z" uid="1" user="OSMnx" version="1" changeset="1"><nd ref="2953739962" /><nd ref="2953739965" /><tag k="highway" v="residential" /><tag k="oneway" v="no" /></way><way id="1186" timestamp="2026-03-12T11:09:39Z" uid="1" user="OSMnx" version="1" changeset="1"><nd ref="2953739962" /><nd ref="2222707653" /><tag k="highway" v="residential" /><tag k="oneway" v="no" /></way><way id="1187" timestamp="2026-03-12T11:09:39Z" uid="1" user="OSMnx" version="1" changeset="1"><nd ref="2953739965" /><nd ref="2222707653" /><tag k="highway" v="residential" /><tag k="oneway" v="no" /></way><way id="1188" timestamp="2026-03-12T11:09:39Z" uid="1" user="OSMnx" version="1" changeset="1"><nd ref="2953739965" /><nd ref="2222707641" /><tag k="highway" v="residential" /><tag k="oneway" v="no" /></way><way id="1189" timestamp="2026-03-12T11:09:39Z" uid="1" user="OSMnx" version="1" changeset="1"><nd ref="2958524964" /><nd ref="11033759814" /><tag k="highway" v="residential" /><tag k="oneway" v="no" /></way><way id="1190" timestamp="2026-03-12T11:09:39Z" uid="1" user="OSMnx" version="1" changeset="1"><nd ref="2958524971" /><nd ref="2958524972" /><tag k="highway" v="secondary" /><tag k="name" v="Chunilal Giridharlal Road" /><tag k="oneway" v="no" /></way><way id="1191" timestamp="2026-03-12T11:09:39Z" uid="1" user="OSMnx" version="1" changeset="1"><nd ref="2958524972" /><nd ref="1343017244" /><tag k="highway" v="secondary" /><tag k="name" v="Chunilal Giridharlal Road" /><tag k="oneway" v="no" /></way><way id="1192" timestamp="2026-03-12T11:09:39Z" uid="1" user="OSMnx" version="1" changeset="1"><nd ref="2958524973" /><nd ref="1343006720" /><tag k="highway" v="residential" /><tag k="name" v="Sundar Lane" /><tag k="oneway" v="no" /></way><way id="1193" timestamp="2026-03-12T11:09:39Z" uid="1" user="OSMnx" version="1" changeset="1"><nd ref="2958524995" /><nd ref="2222707735" /><tag k="highway" v="unclassified" /><tag k="oneway" v="no" /></way><way id="1194" timestamp="2026-03-12T11:09:39Z" uid="1" user="OSMnx" version="1" changeset="1"><nd ref="2958524995" /><nd ref="2958524973" /><tag k="highway" v="residential" /><tag k="oneway" v="no" /></way><way id="1195" timestamp="2026-03-12T11:09:39Z" uid="1" user="OSMnx" version="1" changeset="1"><nd ref="2958525029" /><nd ref="2222707840" /><tag k="highway" v="secondary" /><tag k="name" v="Fr. Justin D'Souza Road" /><tag k="oneway" v="no" /></way><way id="1196" timestamp="2026-03-12T11:09:39Z" uid="1" user="OSMnx" version="1" changeset="1"><nd ref="2958527341" /><nd ref="2222707866" /><tag k="highway" v="residential" /><tag k="oneway" v="no" /></way><way id="1197" timestamp="2026-03-12T11:09:39Z" uid="1" user="OSMnx" version="1" changeset="1"><nd ref="2974468253" /><nd ref="2222186332" /><tag k="highway" v="residential" /><tag k="oneway" v="no" /></way><way id="1198" timestamp="2026-03-12T11:09:39Z" uid="1" user="OSMnx" version="1" changeset="1"><nd ref="3105782021" /><nd ref="1156346003" /><tag k="highway" v="tertiary" /><tag k="name" v="Rani Sati Marg" /><tag k="oneway" v="no" /></way><way id="1199" timestamp="2026-03-12T11:09:39Z" uid="1" user="OSMnx" version="1" changeset="1"><nd ref="3105782021" /><nd ref="2233651831" /><tag k="highway" v="residential" /><tag k="oneway" v="no" /></way><way id="1200" timestamp="2026-03-12T11:09:39Z" uid="1" user="OSMnx" version="1" changeset="1"><nd ref="3633836002" /><nd ref="1343025622" /><tag k="highway" v="residential" /><tag k="oneway" v="no" /></way><way id="1201" timestamp="2026-03-12T11:09:39Z" uid="1" user="OSMnx" version="1" changeset="1"><nd ref="3633836002" /><nd ref="4352414456" /><tag k="highway" v="residential" /><tag k="oneway" v="no" /></way><way id="1202" timestamp="2026-03-12T11:09:39Z" uid="1" user="OSMnx" version="1" changeset="1"><nd ref="3633836137" /><nd ref="7398222699" /><tag k="highway" v="secondary" /><tag k="name" v="Kachipada Ramchandra Lane" /><tag k="oneway" v="no" /></way><way id="1203" timestamp="2026-03-12T11:09:39Z" uid="1" user="OSMnx" version="1" changeset="1"><nd ref="3633836137" /><nd ref="13335414942" /><tag k="highway" v="residential" /><tag k="oneway" v="no" /></way><way id="1204" timestamp="2026-03-12T11:09:39Z" uid="1" user="OSMnx" version="1" changeset="1"><nd ref="3633836180" /><nd ref="1346768887" /><tag k="highway" v="residential" /><tag k="oneway" v="no" /></way><way id="1205" timestamp="2026-03-12T11:09:39Z" uid="1" user="OSMnx" version="1" changeset="1"><nd ref="3742366176" /><nd ref="10921201541" /><tag k="highway" v="residential" /><tag k="oneway" v="no" /></way><way id="1206" timestamp="2026-03-12T11:09:39Z" uid="1" user="OSMnx" version="1" changeset="1"><nd ref="3742366178" /><nd ref="1342999712" /><tag k="highway" v="residential" /><tag k="oneway" v="no" /></way><way id="1207" timestamp="2026-03-12T11:09:39Z" uid="1" user="OSMnx" version="1" changeset="1"><nd ref="3742366178" /><nd ref="1342997704" /><tag k="highway" v="residential" /><tag k="name" v="Kishan Zakerai Road" /><tag k="oneway" v="no" /></way><way id="1208" timestamp="2026-03-12T11:09:39Z" uid="1" user="OSMnx" version="1" changeset="1"><nd ref="3742366179" /><nd ref="3742366176" /><tag k="highway" v="residential" /><tag k="oneway" v="no" /></way><way id="1209" timestamp="2026-03-12T11:09:39Z" uid="1" user="OSMnx" version="1" changeset="1"><nd ref="3742366179" /><nd ref="12211992325" /><tag k="highway" v="residential" /><tag k="oneway" v="no" /></way><way id="1210" timestamp="2026-03-12T11:09:39Z" uid="1" user="OSMnx" version="1" changeset="1"><nd ref="3742367725" /><nd ref="4352414419" /><tag k="highway" v="primary" /><tag k="name" v="Swami Vivekanand Road" /><tag k="oneway" v="no" /></way><way id="1211" timestamp="2026-03-12T11:09:39Z" uid="1" user="OSMnx" version="1" changeset="1"><nd ref="3742367727" /><nd ref="3742367725" /><tag k="highway" v="residential" /><tag k="oneway" v="no" /></way><way id="1212" timestamp="2026-03-12T11:09:39Z" uid="1" user="OSMnx" version="1" changeset="1"><nd ref="3794262396" /><nd ref="1343005081" /><tag k="highway" v="residential" /><tag k="oneway" v="no" /></way><way id="1213" timestamp="2026-03-12T11:09:39Z" uid="1" user="OSMnx" version="1" changeset="1"><nd ref="3794262396" /><nd ref="3794269279" /><tag k="highway" v="primary" /><tag k="lanes" v="2" /><tag k="name" v="Link Road" /><tag k="oneway" v="no" /></way><way id="1214" timestamp="2026-03-12T11:09:39Z" uid="1" user="OSMnx" version="1" changeset="1"><nd ref="3794262397" /><nd ref="3794262394" /><tag k="highway" v="residential" /><tag k="oneway" v="no" /></way><way id="1215" timestamp="2026-03-12T11:09:39Z" uid="1" user="OSMnx" version="1" changeset="1"><nd ref="3794262397" /><nd ref="11021412068" /><tag k="highway" v="secondary" /><tag k="name" v="Kachipada Ramchandra Lane" /><tag k="oneway" v="no" /></way><way id="1216" timestamp="2026-03-12T11:09:39Z" uid="1" user="OSMnx" version="1" changeset="1"><nd ref="3794262399" /><nd ref="10108007321" /><tag k="highway" v="tertiary" /><tag k="oneway" v="no" /></way><way id="1217" timestamp="2026-03-12T11:09:39Z" uid="1" user="OSMnx" version="1" changeset="1"><nd ref="3794262399" /><nd ref="2216231601" /><tag k="highway" v="residential" /><tag k="oneway" v="no" /></way><way id="1218" timestamp="2026-03-12T11:09:39Z" uid="1" user="OSMnx" version="1" changeset="1"><nd ref="3794262418" /><nd ref="3794262450" /><tag k="highway" v="tertiary" /><tag k="name" v="D Monte Lane" /><tag k="oneway" v="no" /></way><way id="1219" timestamp="2026-03-12T11:09:39Z" uid="1" user="OSMnx" version="1" changeset="1"><nd ref="3794262423" /><nd ref="3794262446" /><tag k="highway" v="residential" /><tag k="oneway" v="no" /></way><way id="1220" timestamp="2026-03-12T11:09:39Z" uid="1" user="OSMnx" version="1" changeset="1"><nd ref="3794262424" /><nd ref="1375170678" /><tag k="highway" v="tertiary" /><tag k="oneway" v="no" /></way><way id="1221" timestamp="2026-03-12T11:09:39Z" uid="1" user="OSMnx" version="1" changeset="1"><nd ref="3794262446" /><nd ref="1646861044" /><tag k="highway" v="residential" /><tag k="oneway" v="no" /></way><way id="1222" timestamp="2026-03-12T11:09:39Z" uid="1" user="OSMnx" version="1" changeset="1"><nd ref="3794262450" /><nd ref="1343005456" /><tag k="highway" v="tertiary" /><tag k="name" v="D Monte Lane" /><tag k="oneway" v="no" /></way><way id="1223" timestamp="2026-03-12T11:09:39Z" uid="1" user="OSMnx" version="1" changeset="1"><nd ref="3794262450" /><nd ref="13382837194" /><tag k="highway" v="unclassified" /><tag k="oneway" v="no" /></way><way id="1224" timestamp="2026-03-12T11:09:39Z" uid="1" user="OSMnx" version="1" changeset="1"><nd ref="3794269276" /><nd ref="2958524972" /><tag k="highway" v="residential" /><tag k="oneway" v="no" /></way><way id="1225" timestamp="2026-03-12T11:09:39Z" uid="1" user="OSMnx" version="1" changeset="1"><nd ref="3794269279" /><nd ref="2222707687" /><tag k="highway" v="residential" /><tag k="oneway" v="no" /></way><way id="1226" timestamp="2026-03-12T11:09:39Z" uid="1" user="OSMnx" version="1" changeset="1"><nd ref="3794269279" /><nd ref="7388110229" /><tag k="highway" v="primary" /><tag k="lanes" v="2" /><tag k="name" v="Link Road" /><tag k="oneway" v="no" /></way><way id="1227" timestamp="2026-03-12T11:09:39Z" uid="1" user="OSMnx" version="1" changeset="1"><nd ref="3794269289" /><nd ref="2216231768" /><tag k="highway" v="residential" /><tag k="oneway" v="no" /></way><way id="1228" timestamp="2026-03-12T11:09:39Z" uid="1" user="OSMnx" version="1" changeset="1"><nd ref="3794269289" /><nd ref="3794269297" /><tag k="highway" v="residential" /><tag k="oneway" v="no" /></way><way id="1229" timestamp="2026-03-12T11:09:39Z" uid="1" user="OSMnx" version="1" changeset="1"><nd ref="3794269297" /><nd ref="3794269295" /><tag k="highway" v="residential" /><tag k="oneway" v="no" /></way><way id="1230" timestamp="2026-03-12T11:09:39Z" uid="1" user="OSMnx" version="1" changeset="1"><nd ref="3794269301" /><nd ref="10911219562" /><tag k="highway" v="residential" /><tag k="oneway" v="no" /></way><way id="1231" timestamp="2026-03-12T11:09:39Z" uid="1" user="OSMnx" version="1" changeset="1"><nd ref="3794269301" /><nd ref="1646859177" /><tag k="highway" v="residential" /><tag k="oneway" v="no" /></way><way id="1232" timestamp="2026-03-12T11:09:39Z" uid="1" user="OSMnx" version="1" changeset="1"><nd ref="3794269317" /><nd ref="2216231826" /><tag k="highway" v="residential" /><tag k="oneway" v="no" /></way><way id="1233" timestamp="2026-03-12T11:09:39Z" uid="1" user="OSMnx" version="1" changeset="1"><nd ref="3794269318" /><nd ref="245679943" /><tag k="highway" v="secondary" /><tag k="name" v="Malad Marve Road" /><tag k="oneway" v="no" /></way><way id="1234" timestamp="2026-03-12T11:09:39Z" uid="1" user="OSMnx" version="1" changeset="1"><nd ref="3794269318" /><nd ref="9179528290" /><tag k="highway" v="primary" /><tag k="lanes" v="2" /><tag k="name" v="Link Road" /><tag k="oneway" v="no" /></way><way id="1235" timestamp="2026-03-12T11:09:39Z" uid="1" user="OSMnx" version="1" changeset="1"><nd ref="3794269327" /><nd ref="3794269328" /><tag k="highway" v="residential" /><tag k="oneway" v="no" /></way><way id="1236" timestamp="2026-03-12T11:09:39Z" uid="1" user="OSMnx" version="1" changeset="1"><nd ref="3794269327" /><nd ref="1346765701" /><tag k="highway" v="tertiary" /><tag k="oneway" v="no" /></way><way id="1237" timestamp="2026-03-12T11:09:39Z" uid="1" user="OSMnx" version="1" changeset="1"><nd ref="3794269339" /><nd ref="3794269346" /><tag k="highway" v="residential" /><tag k="oneway" v="no" /></way><way id="1238" timestamp="2026-03-12T11:09:39Z" uid="1" user="OSMnx" version="1" changeset="1"><nd ref="3794269339" /><nd ref="12435004791" /><tag k="highway" v="primary" /><tag k="name" v="Link Road" /><tag k="oneway" v="no" /></way><way id="1239" timestamp="2026-03-12T11:09:39Z" uid="1" user="OSMnx" version="1" changeset="1"><nd ref="3794269346" /><nd ref="6581286704" /><tag k="highway" v="residential" /><tag k="oneway" v="no" /></way><way id="1240" timestamp="2026-03-12T11:09:39Z" uid="1" user="OSMnx" version="1" changeset="1"><nd ref="3794269346" /><nd ref="10570451680" /><tag k="highway" v="residential" /><tag k="oneway" v="no" /></way><way id="1241" timestamp="2026-03-12T11:09:39Z" uid="1" user="OSMnx" version="1" changeset="1"><nd ref="3794269350" /><nd ref="1346756566" /><tag k="highway" v="residential" /><tag k="oneway" v="no" /></way><way id="1242" timestamp="2026-03-12T11:09:39Z" uid="1" user="OSMnx" version="1" changeset="1"><nd ref="3794269350" /><nd ref="2222708250" /><tag k="highway" v="residential" /><tag k="oneway" v="no" /></way><way id="1243" timestamp="2026-03-12T11:09:39Z" uid="1" user="OSMnx" version="1" changeset="1"><nd ref="3794269355" /><nd ref="2222708250" /><tag k="highway" v="residential" /><tag k="oneway" v="no" /></way><way id="1244" timestamp="2026-03-12T11:09:39Z" uid="1" user="OSMnx" version="1" changeset="1"><nd ref="3794269469" /><nd ref="2222186290" /><tag k="highway" v="residential" /><tag k="oneway" v="no" /></way><way id="1245" timestamp="2026-03-12T11:09:39Z" uid="1" user="OSMnx" version="1" changeset="1"><nd ref="3794269469" /><nd ref="2222186291" /><tag k="highway" v="residential" /><tag k="oneway" v="no" /></way><way id="1246" timestamp="2026-03-12T11:09:39Z" uid="1" user="OSMnx" version="1" changeset="1"><nd ref="3794269474" /><nd ref="2222708331" /><tag k="highway" v="residential" /><tag k="oneway" v="no" /></way><way id="1247" timestamp="2026-03-12T11:09:39Z" uid="1" user="OSMnx" version="1" changeset="1"><nd ref="3794269474" /><nd ref="2222708252" /><tag k="highway" v="residential" /><tag k="oneway" v="no" /></way><way id="1248" timestamp="2026-03-12T11:09:39Z" uid="1" user="OSMnx" version="1" changeset="1"><nd ref="3794269476" /><nd ref="11034079792" /><tag k="highway" v="residential" /><tag k="oneway" v="no" /></way><way id="1249" timestamp="2026-03-12T11:09:39Z" uid="1" user="OSMnx" version="1" changeset="1"><nd ref="3794269476" /><nd ref="11034079792" /><tag k="highway" v="residential" /><tag k="name" v="Irani Wadi Road" /><tag k="oneway" v="no" /></way><way id="1250" timestamp="2026-03-12T11:09:39Z" uid="1" user="OSMnx" version="1" changeset="1"><nd ref="3794269478" /><nd ref="1346752893" /><tag k="highway" v="residential" /><tag k="oneway" v="no" /></way><way id="1251" timestamp="2026-03-12T11:09:39Z" uid="1" user="OSMnx" version="1" changeset="1"><nd ref="3794269479" /><nd ref="3794269478" /><tag k="highway" v="residential" /><tag k="oneway" v="no" /></way><way id="1252" timestamp="2026-03-12T11:09:39Z" uid="1" user="OSMnx" version="1" changeset="1"><nd ref="3794269479" /><nd ref="3794269491" /><tag k="highway" v="living_street" /><tag k="oneway" v="no" /></way><way id="1253" timestamp="2026-03-12T11:09:39Z" uid="1" user="OSMnx" version="1" changeset="1"><nd ref="3794269491" /><nd ref="10654529070" /><tag k="highway" v="residential" /><tag k="oneway" v="no" /></way><way id="1254" timestamp="2026-03-12T11:09:39Z" uid="1" user="OSMnx" version="1" changeset="1"><nd ref="3794269505" /><nd ref="2222708341" /><tag k="highway" v="residential" /><tag k="oneway" v="no" /></way><way id="1255" timestamp="2026-03-12T11:09:39Z" uid="1" user="OSMnx" version="1" changeset="1"><nd ref="3794269511" /><nd ref="6204119850" /><tag k="highway" v="tertiary" /><tag k="oneway" v="no" /></way><way id="1256" timestamp="2026-03-12T11:09:39Z" uid="1" user="OSMnx" version="1" changeset="1"><nd ref="3794269512" /><nd ref="3794269491" /><tag k="highway" v="residential" /><tag k="oneway" v="no" /></way><way id="1257" timestamp="2026-03-12T11:09:39Z" uid="1" user="OSMnx" version="1" changeset="1"><nd ref="3794269512" /><nd ref="10175245171" /><tag k="highway" v="tertiary" /><tag k="name" v="Mathurdas Road" /><tag k="oneway" v="no" /></way><way id="1258" timestamp="2026-03-12T11:09:39Z" uid="1" user="OSMnx" version="1" changeset="1"><nd ref="3795055100" /><nd ref="12211992324" /><tag k="highway" v="residential" /><tag k="oneway" v="no" /></way><way id="1259" timestamp="2026-03-12T11:09:39Z" uid="1" user="OSMnx" version="1" changeset="1"><nd ref="3795055102" /><nd ref="4352428931" /><tag k="highway" v="residential" /><tag k="oneway" v="no" /></way><way id="1260" timestamp="2026-03-12T11:09:39Z" uid="1" user="OSMnx" version="1" changeset="1"><nd ref="3795055104" /><nd ref="1343015873" /><tag k="highway" v="tertiary" /><tag k="lanes" v="2" /><tag k="name" v="Nanabhai Bhuleshwar Marg" /><tag k="oneway" v="no" /></way><way id="1261" timestamp="2026-03-12T11:09:39Z" uid="1" user="OSMnx" version="1" changeset="1"><nd ref="3795055104" /><nd ref="3795055102" /><tag k="highway" v="residential" /><tag k="oneway" v="no" /></way><way id="1262" timestamp="2026-03-12T11:09:39Z" uid="1" user="OSMnx" version="1" changeset="1"><nd ref="3795055109" /><nd ref="1343023216" /><tag k="highway" v="tertiary" /><tag k="name" v="Mamledar wadi Road" /><tag k="oneway" v="no" /></way><way id="1263" timestamp="2026-03-12T11:09:39Z" uid="1" user="OSMnx" version="1" changeset="1"><nd ref="3795055109" /><nd ref="3795055099" /><tag k="highway" v="residential" /><tag k="oneway" v="no" /></way><way id="1264" timestamp="2026-03-12T11:09:39Z" uid="1" user="OSMnx" version="1" changeset="1"><nd ref="3795055125" /><nd ref="1347492257" /><tag k="highway" v="tertiary" /><tag k="name" v="Mamledar wadi Road" /><tag k="oneway" v="no" /></way><way id="1265" timestamp="2026-03-12T11:09:39Z" uid="1" user="OSMnx" version="1" changeset="1"><nd ref="3795055125" /><nd ref="3795055100" /><tag k="highway" v="residential" /><tag k="name" v="Mamlatdar Wadi Exit road" /><tag k="oneway" v="no" /></way><way id="1266" timestamp="2026-03-12T11:09:39Z" uid="1" user="OSMnx" version="1" changeset="1"><nd ref="3795055128" /><nd ref="3795055137" /><tag k="highway" v="residential" /><tag k="oneway" v="no" /></way><way id="1267" timestamp="2026-03-12T11:09:39Z" uid="1" user="OSMnx" version="1" changeset="1"><nd ref="3795055128" /><nd ref="3795055125" /><tag k="highway" v="tertiary" /><tag k="name" v="Mamledar wadi Road" /><tag k="oneway" v="no" /></way><way id="1268" timestamp="2026-03-12T11:09:39Z" uid="1" user="OSMnx" version="1" changeset="1"><nd ref="3795055131" /><nd ref="11033702827" /><tag k="highway" v="tertiary" /><tag k="name" v="Mamledar wadi Road" /><tag k="oneway" v="no" /></way><way id="1269" timestamp="2026-03-12T11:09:39Z" uid="1" user="OSMnx" version="1" changeset="1"><nd ref="3795055131" /><nd ref="3795055107" /><tag k="highway" v="residential" /><tag k="oneway" v="no" /></way><way id="1270" timestamp="2026-03-12T11:09:39Z" uid="1" user="OSMnx" version="1" changeset="1"><nd ref="3795055133" /><nd ref="10230592057" /><tag k="highway" v="residential" /><tag k="oneway" v="no" /></way><way id="1271" timestamp="2026-03-12T11:09:39Z" uid="1" user="OSMnx" version="1" changeset="1"><nd ref="3795055134" /><nd ref="3795055151" /><tag k="highway" v="residential" /><tag k="oneway" v="no" /></way><way id="1272" timestamp="2026-03-12T11:09:39Z" uid="1" user="OSMnx" version="1" changeset="1"><nd ref="3795055134" /><nd ref="11038557511" /><tag k="highway" v="residential" /><tag k="oneway" v="no" /></way><way id="1273" timestamp="2026-03-12T11:09:39Z" uid="1" user="OSMnx" version="1" changeset="1"><nd ref="3795055134" /><nd ref="1361576643" /><tag k="highway" v="tertiary" /><tag k="name" v="Daftary Road" /><tag k="oneway" v="no" /></way><way id="1274" timestamp="2026-03-12T11:09:39Z" uid="1" user="OSMnx" version="1" changeset="1"><nd ref="3795055136" /><nd ref="1185859883" /><tag k="highway" v="secondary" /><tag k="oneway" v="no" /></way><way id="1275" timestamp="2026-03-12T11:09:39Z" uid="1" user="OSMnx" version="1" changeset="1"><nd ref="3795055145" /><nd ref="7398169358" /><tag k="highway" v="residential" /><tag k="oneway" v="no" /></way><way id="1276" timestamp="2026-03-12T11:09:39Z" uid="1" user="OSMnx" version="1" changeset="1"><nd ref="3795055145" /><nd ref="3795055154" /><tag k="highway" v="primary" /><tag k="name" v="Swami Vivekanand Road" /><tag k="oneway" v="no" /></way><way id="1277" timestamp="2026-03-12T11:09:39Z" uid="1" user="OSMnx" version="1" changeset="1"><nd ref="3795055149" /><nd ref="3795055147" /><tag k="highway" v="residential" /><tag k="oneway" v="no" /></way><way id="1278" timestamp="2026-03-12T11:09:39Z" uid="1" user="OSMnx" version="1" changeset="1"><nd ref="3795055149" /><nd ref="1361564502" /><tag k="highway" v="residential" /><tag k="name" v="Khandwala Road" /><tag k="oneway" v="no" /></way><way id="1279" timestamp="2026-03-12T11:09:39Z" uid="1" user="OSMnx" version="1" changeset="1"><nd ref="3795055154" /><nd ref="1185859880" /><tag k="highway" v="primary" /><tag k="name" v="Swami Vivekanand Road" /><tag k="oneway" v="no" /></way><way id="1280" timestamp="2026-03-12T11:09:39Z" uid="1" user="OSMnx" version="1" changeset="1"><nd ref="3795055154" /><nd ref="3795056161" /><tag k="highway" v="residential" /><tag k="oneway" v="no" /></way><way id="1281" timestamp="2026-03-12T11:09:39Z" uid="1" user="OSMnx" version="1" changeset="1"><nd ref="3795056169" /><nd ref="11033744896" /><tag k="highway" v="residential" /><tag k="oneway" v="no" /></way><way id="1282" timestamp="2026-03-12T11:09:39Z" uid="1" user="OSMnx" version="1" changeset="1"><nd ref="3795056169" /><nd ref="1343009445" /><tag k="highway" v="secondary" /><tag k="name" v="Kachipada Ramchandra Lane" /><tag k="oneway" v="no" /></way><way id="1283" timestamp="2026-03-12T11:09:39Z" uid="1" user="OSMnx" version="1" changeset="1"><nd ref="3795056169" /><nd ref="3795055142" /><tag k="highway" v="residential" /><tag k="oneway" v="no" /></way><way id="1284" timestamp="2026-03-12T11:09:39Z" uid="1" user="OSMnx" version="1" changeset="1"><nd ref="3795056191" /><nd ref="3795056191" /><tag k="highway" v="residential" /><tag k="lanes" v="1" /><tag k="maxspeed" v="30" /><tag k="name" v="bhurabhai hall lane" /><tag k="oneway" v="no" /></way><way id="1285" timestamp="2026-03-12T11:09:39Z" uid="1" user="OSMnx" version="1" changeset="1"><nd ref="3795056196" /><nd ref="1343009445" /><tag k="highway" v="tertiary" /><tag k="name" v="Bhailal Jhaveri Patel Road" /><tag k="oneway" v="no" /></way><way id="1286" timestamp="2026-03-12T11:09:39Z" uid="1" user="OSMnx" version="1" changeset="1"><nd ref="3795056196" /><nd ref="12075223032" /><tag k="highway" v="residential" /><tag k="oneway" v="no" /></way><way id="1287" timestamp="2026-03-12T11:09:39Z" uid="1" user="OSMnx" version="1" changeset="1"><nd ref="3795056196" /><nd ref="11033744896" /><tag k="highway" v="residential" /><tag k="oneway" v="no" /></way><way id="1288" timestamp="2026-03-12T11:09:39Z" uid="1" user="OSMnx" version="1" changeset="1"><nd ref="3795056204" /><nd ref="2224023630" /><tag k="highway" v="residential" /><tag k="oneway" v="no" /></way><way id="1289" timestamp="2026-03-12T11:09:39Z" uid="1" user="OSMnx" version="1" changeset="1"><nd ref="3795056204" /><nd ref="3795056228" /><tag k="highway" v="residential" /><tag k="oneway" v="no" /></way><way id="1290" timestamp="2026-03-12T11:09:39Z" uid="1" user="OSMnx" version="1" changeset="1"><nd ref="3795056211" /><nd ref="7374550820" /><tag k="highway" v="secondary" /><tag k="name" v="Kachipada Ramchandra Lane" /><tag k="oneway" v="no" /></way><way id="1291" timestamp="2026-03-12T11:09:39Z" uid="1" user="OSMnx" version="1" changeset="1"><nd ref="3795056211" /><nd ref="3795056176" /><tag k="highway" v="residential" /><tag k="oneway" v="no" /></way><way id="1292" timestamp="2026-03-12T11:09:39Z" uid="1" user="OSMnx" version="1" changeset="1"><nd ref="3795056228" /><nd ref="2224023638" /><tag k="highway" v="residential" /><tag k="oneway" v="no" /></way><way id="1293" timestamp="2026-03-12T11:09:39Z" uid="1" user="OSMnx" version="1" changeset="1"><nd ref="3795056240" /><nd ref="10687992557" /><tag k="highway" v="residential" /><tag k="oneway" v="no" /></way><way id="1294" timestamp="2026-03-12T11:09:39Z" uid="1" user="OSMnx" version="1" changeset="1"><nd ref="3795056245" /><nd ref="627835035" /><tag k="highway" v="secondary" /><tag k="name" v="Chunilal Giridharlal Road" /><tag k="oneway" v="no" /></way><way id="1295" timestamp="2026-03-12T11:09:39Z" uid="1" user="OSMnx" version="1" changeset="1"><nd ref="3795056252" /><nd ref="11033769577" /><tag k="highway" v="residential" /><tag k="oneway" v="no" /></way><way id="1296" timestamp="2026-03-12T11:09:39Z" uid="1" user="OSMnx" version="1" changeset="1"><nd ref="3795056252" /><nd ref="11033769580" /><tag k="highway" v="residential" /><tag k="oneway" v="no" /></way><way id="1297" timestamp="2026-03-12T11:09:39Z" uid="1" user="OSMnx" version="1" changeset="1"><nd ref="3795056259" /><nd ref="627836085" /><tag k="highway" v="secondary" /><tag k="name" v="Chunilal Giridharlal Road" /><tag k="oneway" v="no" /></way><way id="1298" timestamp="2026-03-12T11:09:39Z" uid="1" user="OSMnx" version="1" changeset="1"><nd ref="3795056259" /><nd ref="10945626420" /><tag k="highway" v="residential" /><tag k="oneway" v="no" /></way><way id="1299" timestamp="2026-03-12T11:09:39Z" uid="1" user="OSMnx" version="1" changeset="1"><nd ref="3795056270" /><nd ref="11056107603" /><tag k="highway" v="residential" /><tag k="oneway" v="no" /></way><way id="1300" timestamp="2026-03-12T11:09:39Z" uid="1" user="OSMnx" version="1" changeset="1"><nd ref="3795056277" /><nd ref="1347696144" /><tag k="highway" v="residential" /><tag k="name" v="Narsinh Lane" /><tag k="oneway" v="no" /></way><way id="1301" timestamp="2026-03-12T11:09:39Z" uid="1" user="OSMnx" version="1" changeset="1"><nd ref="3795056277" /><nd ref="3795056271" /><tag k="highway" v="residential" /><tag k="oneway" v="no" /></way><way id="1302" timestamp="2026-03-12T11:09:39Z" uid="1" user="OSMnx" version="1" changeset="1"><nd ref="3795056285" /><nd ref="3795056310" /><tag k="highway" v="residential" /><tag k="name" v="Lane Number 1" /><tag k="oneway" v="no" /></way><way id="1303" timestamp="2026-03-12T11:09:39Z" uid="1" user="OSMnx" version="1" changeset="1"><nd ref="3795056299" /><nd ref="1346768898" /><tag k="highway" v="residential" /><tag k="oneway" v="no" /></way><way id="1304" timestamp="2026-03-12T11:09:39Z" uid="1" user="OSMnx" version="1" changeset="1"><nd ref="3795056299" /><nd ref="3795056310" /><tag k="highway" v="residential" /><tag k="name" v="Adarsha Dughdalaya Road" /><tag k="oneway" v="no" /></way><way id="1305" timestamp="2026-03-12T11:09:39Z" uid="1" user="OSMnx" version="1" changeset="1"><nd ref="3795056306" /><nd ref="1346765704" /><tag k="highway" v="residential" /><tag k="name" v="Dominic Lane" /><tag k="oneway" v="no" /></way><way id="1306" timestamp="2026-03-12T11:09:39Z" uid="1" user="OSMnx" version="1" changeset="1"><nd ref="3795056310" /><nd ref="10936299064" /><tag k="highway" v="residential" /><tag k="lanes" v="2" /><tag k="name" v="Adarsha Dughdalaya Road" /><tag k="oneway" v="no" /></way><way id="1307" timestamp="2026-03-12T11:09:39Z" uid="1" user="OSMnx" version="1" changeset="1"><nd ref="3795056313" /><nd ref="1346765695" /><tag k="highway" v="residential" /><tag k="name" v="Dominic Lane" /><tag k="oneway" v="no" /></way><way id="1308" timestamp="2026-03-12T11:09:39Z" uid="1" user="OSMnx" version="1" changeset="1"><nd ref="3795056313" /><nd ref="3795056306" /><tag k="highway" v="residential" /><tag k="oneway" v="no" /></way><way id="1309" timestamp="2026-03-12T11:09:39Z" uid="1" user="OSMnx" version="1" changeset="1"><nd ref="3795056319" /><nd ref="1361559723" /><tag k="highway" v="residential" /><tag k="oneway" v="no" /></way><way id="1310" timestamp="2026-03-12T11:09:39Z" uid="1" user="OSMnx" version="1" changeset="1"><nd ref="3795056319" /><nd ref="3795056323" /><tag k="highway" v="residential" /><tag k="oneway" v="no" /></way><way id="1311" timestamp="2026-03-12T11:09:39Z" uid="1" user="OSMnx" version="1" changeset="1"><nd ref="3795056346" /><nd ref="7392412419" /><tag k="highway" v="residential" /><tag k="oneway" v="no" /></way><way id="1312" timestamp="2026-03-12T11:09:39Z" uid="1" user="OSMnx" version="1" changeset="1"><nd ref="3795056346" /><nd ref="7397336335" /><tag k="highway" v="primary" /><tag k="name" v="Swami Vivekanand Road" /><tag k="oneway" v="no" /></way><way id="1313" timestamp="2026-03-12T11:09:39Z" uid="1" user="OSMnx" version="1" changeset="1"><nd ref="3795056351" /><nd ref="10936299075" /><tag k="highway" v="tertiary" /><tag k="name" v="Shankar Lane" /><tag k="oneway" v="no" /></way><way id="1314" timestamp="2026-03-12T11:09:39Z" uid="1" user="OSMnx" version="1" changeset="1"><nd ref="3795056480" /><nd ref="1188812112" /><tag k="highway" v="primary" /><tag k="name" v="Swami Vivekanand Road" /><tag k="oneway" v="no" /></way><way id="1315" timestamp="2026-03-12T11:09:39Z" uid="1" user="OSMnx" version="1" changeset="1"><nd ref="3795056480" /><nd ref="2222708326" /><tag k="highway" v="tertiary" /><tag k="name" v="Shantilal Modi Road" /><tag k="oneway" v="no" /></way><way id="1316" timestamp="2026-03-12T11:09:39Z" uid="1" user="OSMnx" version="1" changeset="1"><nd ref="3795056494" /><nd ref="245680456" /><tag k="highway" v="tertiary" /><tag k="name" v="Shantilal Modi Road" /><tag k="oneway" v="no" /></way><way id="1317" timestamp="2026-03-12T11:09:39Z" uid="1" user="OSMnx" version="1" changeset="1"><nd ref="3795056528" /><nd ref="1188784757" /><tag k="highway" v="tertiary" /><tag k="name" v="Mathurdas Road" /><tag k="oneway" v="no" /></way><way id="1318" timestamp="2026-03-12T11:09:39Z" uid="1" user="OSMnx" version="1" changeset="1"><nd ref="3795056528" /><nd ref="3795056494" /><tag k="highway" v="residential" /><tag k="oneway" v="no" /></way><way id="1319" timestamp="2026-03-12T11:09:39Z" uid="1" user="OSMnx" version="1" changeset="1"><nd ref="3795056555" /><nd ref="8666393557" /><tag k="highway" v="residential" /><tag k="oneway" v="no" /></way><way id="1320" timestamp="2026-03-12T11:09:39Z" uid="1" user="OSMnx" version="1" changeset="1"><nd ref="3796394579" /><nd ref="1188812108" /><tag k="highway" v="residential" /><tag k="name" v="Tikamdas Road" /><tag k="oneway" v="no" /></way><way id="1321" timestamp="2026-03-12T11:09:39Z" uid="1" user="OSMnx" version="1" changeset="1"><nd ref="3878492908" /><nd ref="7241667064" /><tag k="highway" v="primary" /><tag k="lanes" v="2" /><tag k="name" v="Goregaon Link Road" /><tag k="oneway" v="no" /></way><way id="1322" timestamp="2026-03-12T11:09:39Z" uid="1" user="OSMnx" version="1" changeset="1"><nd ref="3878492908" /><nd ref="245678339" /><tag k="highway" v="tertiary" /><tag k="name" v="Jai Chand Lal Karwa Marg" /><tag k="oneway" v="no" /></way><way id="1323" timestamp="2026-03-12T11:09:39Z" uid="1" user="OSMnx" version="1" changeset="1"><nd ref="3878492911" /><nd ref="11991486843" /><tag k="highway" v="tertiary" /><tag k="oneway" v="no" /></way><way id="1324" timestamp="2026-03-12T11:09:39Z" uid="1" user="OSMnx" version="1" changeset="1"><nd ref="3878492911" /><nd ref="6117653724" /><tag k="highway" v="primary" /><tag k="lanes" v="2" /><tag k="name" v="Goregaon Link Road" /><tag k="oneway" v="no" /></way><way id="1325" timestamp="2026-03-12T11:09:39Z" uid="1" user="OSMnx" version="1" changeset="1"><nd ref="4306257804" /><nd ref="2216231826" /><tag k="highway" v="secondary" /><tag k="name" v="Malad Marve Road" /><tag k="oneway" v="no" /></way><way id="1326" timestamp="2026-03-12T11:09:39Z" uid="1" user="OSMnx" version="1" changeset="1"><nd ref="4347060260" /><nd ref="1185813565" /><tag k="highway" v="residential" /><tag k="lanes" v="2" /><tag k="name" v="Mozammel ohab Haque Road" /><tag k="oneway" v="no" /></way><way id="1327" timestamp="2026-03-12T11:09:39Z" uid="1" user="OSMnx" version="1" changeset="1"><nd ref="4347060265" /><nd ref="2233651629" /><tag k="highway" v="residential" /><tag k="oneway" v="no" /></way><way id="1328" timestamp="2026-03-12T11:09:39Z" uid="1" user="OSMnx" version="1" changeset="1"><nd ref="4347060266" /><nd ref="2233651462" /><tag k="highway" v="secondary" /><tag k="lanes" v="2" /><tag k="name" v="Chincholi Bunder Road" /><tag k="oneway" v="no" /></way><way id="1329" timestamp="2026-03-12T11:09:39Z" uid="1" user="OSMnx" version="1" changeset="1"><nd ref="4347106977" /><nd ref="245678362" /><tag k="highway" v="tertiary" /><tag k="name" v="Vasari Hl Road" /><tag k="oneway" v="no" /></way><way id="1330" timestamp="2026-03-12T11:09:39Z" uid="1" user="OSMnx" version="1" changeset="1"><nd ref="4347108598" /><nd ref="6581122518" /><tag k="highway" v="residential" /><tag k="oneway" v="no" /></way><way id="1331" timestamp="2026-03-12T11:09:39Z" uid="1" user="OSMnx" version="1" changeset="1"><nd ref="4347108602" /><nd ref="11217019848" /><tag k="highway" v="residential" /><tag k="lanes" v="2" /><tag k="name" v="Chinchawali Bunder Road" /><tag k="oneway" v="no" /></way><way id="1332" timestamp="2026-03-12T11:09:39Z" uid="1" user="OSMnx" version="1" changeset="1"><nd ref="4347108606" /><nd ref="4347108609" /><tag k="highway" v="residential" /><tag k="oneway" v="no" /></way><way id="1333" timestamp="2026-03-12T11:09:39Z" uid="1" user="OSMnx" version="1" changeset="1"><nd ref="4347108606" /><nd ref="1342997702" /><tag k="highway" v="residential" /><tag k="oneway" v="no" /></way><way id="1334" timestamp="2026-03-12T11:09:39Z" uid="1" user="OSMnx" version="1" changeset="1"><nd ref="4347108609" /><nd ref="1343000662" /><tag k="highway" v="residential" /><tag k="oneway" v="no" /></way><way id="1335" timestamp="2026-03-12T11:09:39Z" uid="1" user="OSMnx" version="1" changeset="1"><nd ref="4347108610" /><nd ref="7374089044" /><tag k="highway" v="residential" /><tag k="name" v="Dadi Sheth Road" /><tag k="oneway" v="no" /></way><way id="1336" timestamp="2026-03-12T11:09:39Z" uid="1" user="OSMnx" version="1" changeset="1"><nd ref="4347108610" /><nd ref="4347108609" /><tag k="highway" v="residential" /><tag k="name" v="Brahman Sabha" /><tag k="oneway" v="no" /></way><way id="1337" timestamp="2026-03-12T11:09:39Z" uid="1" user="OSMnx" version="1" changeset="1"><nd ref="4347108630" /><nd ref="4347108639" /><tag k="highway" v="residential" /><tag k="oneway" v="no" /></way><way id="1338" timestamp="2026-03-12T11:09:39Z" uid="1" user="OSMnx" version="1" changeset="1"><nd ref="4347108639" /><nd ref="1185815163" /><tag k="highway" v="tertiary" /><tag k="lanes" v="2" /><tag k="name" v="Nanabhai Bhuleshwar Marg" /><tag k="oneway" v="no" /></way><way id="1339" timestamp="2026-03-12T11:09:39Z" uid="1" user="OSMnx" version="1" changeset="1"><nd ref="4347108640" /><nd ref="4347108639" /><tag k="highway" v="tertiary" /><tag k="lanes" v="2" /><tag k="name" v="Nanabhai Bhuleshwar Marg" /><tag k="oneway" v="no" /></way><way id="1340" timestamp="2026-03-12T11:09:39Z" uid="1" user="OSMnx" version="1" changeset="1"><nd ref="4347108640" /><nd ref="4347108643" /><tag k="highway" v="residential" /><tag k="oneway" v="no" /></way><way id="1341" timestamp="2026-03-12T11:09:39Z" uid="1" user="OSMnx" version="1" changeset="1"><nd ref="4347108648" /><nd ref="4347108640" /><tag k="highway" v="tertiary" /><tag k="lanes" v="2" /><tag k="name" v="Nanabhai Bhuleshwar Marg" /><tag k="oneway" v="no" /></way><way id="1342" timestamp="2026-03-12T11:09:39Z" uid="1" user="OSMnx" version="1" changeset="1"><nd ref="4347108649" /><nd ref="4347108651" /><tag k="highway" v="residential" /><tag k="oneway" v="no" /></way><way id="1343" timestamp="2026-03-12T11:09:39Z" uid="1" user="OSMnx" version="1" changeset="1"><nd ref="4347108651" /><nd ref="2233651339" /><tag k="highway" v="secondary" /><tag k="lanes" v="2" /><tag k="name" v="Chincholi Bunder Road" /><tag k="oneway" v="no" /></way><way id="1344" timestamp="2026-03-12T11:09:39Z" uid="1" user="OSMnx" version="1" changeset="1"><nd ref="4347108668" /><nd ref="12323257823" /><tag k="highway" v="residential" /><tag k="oneway" v="no" /></way><way id="1345" timestamp="2026-03-12T11:09:39Z" uid="1" user="OSMnx" version="1" changeset="1"><nd ref="4347108668" /><nd ref="2222707552" /><tag k="highway" v="residential" /><tag k="oneway" v="no" /></way><way id="1346" timestamp="2026-03-12T11:09:39Z" uid="1" user="OSMnx" version="1" changeset="1"><nd ref="4347108676" /><nd ref="2222708054" /><tag k="highway" v="residential" /><tag k="oneway" v="no" /></way><way id="1347" timestamp="2026-03-12T11:09:39Z" uid="1" user="OSMnx" version="1" changeset="1"><nd ref="4347108676" /><nd ref="7345380788" /><tag k="highway" v="residential" /><tag k="oneway" v="no" /></way><way id="1348" timestamp="2026-03-12T11:09:39Z" uid="1" user="OSMnx" version="1" changeset="1"><nd ref="4347139397" /><nd ref="2222186400" /><tag k="highway" v="residential" /><tag k="oneway" v="no" /></way><way id="1349" timestamp="2026-03-12T11:09:39Z" uid="1" user="OSMnx" version="1" changeset="1"><nd ref="4347139397" /><nd ref="4347139399" /><tag k="highway" v="residential" /><tag k="oneway" v="no" /></way><way id="1350" timestamp="2026-03-12T11:09:39Z" uid="1" user="OSMnx" version="1" changeset="1"><nd ref="4352414419" /><nd ref="4352414426" /><tag k="highway" v="residential" /><tag k="oneway" v="no" /></way><way id="1351" timestamp="2026-03-12T11:09:39Z" uid="1" user="OSMnx" version="1" changeset="1"><nd ref="4352414419" /><nd ref="4352414427" /><tag k="highway" v="primary" /><tag k="name" v="Swami Vivekanand Road" /><tag k="oneway" v="no" /></way><way id="1352" timestamp="2026-03-12T11:09:39Z" uid="1" user="OSMnx" version="1" changeset="1"><nd ref="4352414421" /><nd ref="10654020949" /><tag k="highway" v="residential" /><tag k="oneway" v="no" /></way><way id="1353" timestamp="2026-03-12T11:09:39Z" uid="1" user="OSMnx" version="1" changeset="1"><nd ref="4352414421" /><nd ref="4352414426" /><tag k="highway" v="residential" /><tag k="oneway" v="no" /></way><way id="1354" timestamp="2026-03-12T11:09:39Z" uid="1" user="OSMnx" version="1" changeset="1"><nd ref="4352414426" /><nd ref="4352414421" /><tag k="highway" v="residential" /><tag k="oneway" v="no" /></way><way id="1355" timestamp="2026-03-12T11:09:39Z" uid="1" user="OSMnx" version="1" changeset="1"><nd ref="4352414427" /><nd ref="4352414428" /><tag k="highway" v="residential" /><tag k="oneway" v="no" /></way><way id="1356" timestamp="2026-03-12T11:09:39Z" uid="1" user="OSMnx" version="1" changeset="1"><nd ref="4352414427" /><nd ref="627835047" /><tag k="highway" v="primary" /><tag k="name" v="Swami Vivekanand Road" /><tag k="oneway" v="no" /></way><way id="1357" timestamp="2026-03-12T11:09:39Z" uid="1" user="OSMnx" version="1" changeset="1"><nd ref="4352414428" /><nd ref="4352414439" /><tag k="highway" v="residential" /><tag k="oneway" v="no" /></way><way id="1358" timestamp="2026-03-12T11:09:39Z" uid="1" user="OSMnx" version="1" changeset="1"><nd ref="4352414435" /><nd ref="627835047" /><tag k="highway" v="residential" /><tag k="name" v="Dadi Sheth Road" /><tag k="oneway" v="no" /></way><way id="1359" timestamp="2026-03-12T11:09:39Z" uid="1" user="OSMnx" version="1" changeset="1"><nd ref="4352414435" /><nd ref="4352414439" /><tag k="highway" v="residential" /><tag k="oneway" v="no" /></way><way id="1360" timestamp="2026-03-12T11:09:39Z" uid="1" user="OSMnx" version="1" changeset="1"><nd ref="4352414439" /><nd ref="4352414428" /><tag k="highway" v="residential" /><tag k="oneway" v="no" /></way><way id="1361" timestamp="2026-03-12T11:09:39Z" uid="1" user="OSMnx" version="1" changeset="1"><nd ref="4352414440" /><nd ref="4352414445" /><tag k="highway" v="residential" /><tag k="oneway" v="no" /></way><way id="1362" timestamp="2026-03-12T11:09:39Z" uid="1" user="OSMnx" version="1" changeset="1"><nd ref="4352414445" /><nd ref="4347108630" /><tag k="highway" v="residential" /><tag k="oneway" v="no" /></way><way id="1363" timestamp="2026-03-12T11:09:39Z" uid="1" user="OSMnx" version="1" changeset="1"><nd ref="4352414447" /><nd ref="4352414449" /><tag k="highway" v="residential" /><tag k="oneway" v="no" /></way><way id="1364" timestamp="2026-03-12T11:09:39Z" uid="1" user="OSMnx" version="1" changeset="1"><nd ref="4352414449" /><nd ref="4347108648" /><tag k="highway" v="tertiary" /><tag k="lanes" v="2" /><tag k="name" v="Nanabhai Bhuleshwar Marg" /><tag k="oneway" v="no" /></way><way id="1365" timestamp="2026-03-12T11:09:39Z" uid="1" user="OSMnx" version="1" changeset="1"><nd ref="4352414455" /><nd ref="4352414461" /><tag k="highway" v="tertiary" /><tag k="oneway" v="no" /></way><way id="1366" timestamp="2026-03-12T11:09:39Z" uid="1" user="OSMnx" version="1" changeset="1"><nd ref="4352414456" /><nd ref="4352414455" /><tag k="highway" v="residential" /><tag k="oneway" v="no" /></way><way id="1367" timestamp="2026-03-12T11:09:39Z" uid="1" user="OSMnx" version="1" changeset="1"><nd ref="4352414456" /><nd ref="4352414461" /><tag k="highway" v="residential" /><tag k="oneway" v="no" /></way><way id="1368" timestamp="2026-03-12T11:09:39Z" uid="1" user="OSMnx" version="1" changeset="1"><nd ref="4352414461" /><nd ref="1342994773" /><tag k="highway" v="tertiary" /><tag k="oneway" v="no" /></way><way id="1369" timestamp="2026-03-12T11:09:39Z" uid="1" user="OSMnx" version="1" changeset="1"><nd ref="4352414462" /><nd ref="1343022202" /><tag k="highway" v="residential" /><tag k="oneway" v="no" /></way><way id="1370" timestamp="2026-03-12T11:09:39Z" uid="1" user="OSMnx" version="1" changeset="1"><nd ref="4352414465" /><nd ref="4352414466" /><tag k="highway" v="living_street" /><tag k="oneway" v="no" /></way><way id="1371" timestamp="2026-03-12T11:09:39Z" uid="1" user="OSMnx" version="1" changeset="1"><nd ref="4352414466" /><nd ref="1343001855" /><tag k="highway" v="living_street" /><tag k="oneway" v="no" /></way><way id="1372" timestamp="2026-03-12T11:09:39Z" uid="1" user="OSMnx" version="1" changeset="1"><nd ref="4352414469" /><nd ref="4352414466" /><tag k="highway" v="living_street" /><tag k="oneway" v="no" /></way><way id="1373" timestamp="2026-03-12T11:09:39Z" uid="1" user="OSMnx" version="1" changeset="1"><nd ref="4352428913" /><nd ref="4352428914" /><tag k="highway" v="residential" /><tag k="oneway" v="no" /></way><way id="1374" timestamp="2026-03-12T11:09:39Z" uid="1" user="OSMnx" version="1" changeset="1"><nd ref="4352428913" /><nd ref="1347493802" /><tag k="highway" v="residential" /><tag k="oneway" v="no" /></way><way id="1375" timestamp="2026-03-12T11:09:39Z" uid="1" user="OSMnx" version="1" changeset="1"><nd ref="4352428915" /><nd ref="1347492270" /><tag k="highway" v="residential" /><tag k="oneway" v="no" /></way><way id="1376" timestamp="2026-03-12T11:09:39Z" uid="1" user="OSMnx" version="1" changeset="1"><nd ref="4352428915" /><nd ref="3795055100" /><tag k="highway" v="residential" /><tag k="oneway" v="no" /></way><way id="1377" timestamp="2026-03-12T11:09:39Z" uid="1" user="OSMnx" version="1" changeset="1"><nd ref="4352428923" /><nd ref="3795055128" /><tag k="highway" v="tertiary" /><tag k="name" v="Mamledar wadi Road" /><tag k="oneway" v="no" /></way><way id="1378" timestamp="2026-03-12T11:09:39Z" uid="1" user="OSMnx" version="1" changeset="1"><nd ref="4352428923" /><nd ref="4352428930" /><tag k="highway" v="residential" /><tag k="oneway" v="no" /></way><way id="1379" timestamp="2026-03-12T11:09:39Z" uid="1" user="OSMnx" version="1" changeset="1"><nd ref="4352428931" /><nd ref="1347492266" /><tag k="highway" v="residential" /><tag k="oneway" v="no" /></way><way id="1380" timestamp="2026-03-12T11:09:39Z" uid="1" user="OSMnx" version="1" changeset="1"><nd ref="4352428931" /><nd ref="4352428932" /><tag k="highway" v="residential" /><tag k="oneway" v="no" /></way><way id="1381" timestamp="2026-03-12T11:09:39Z" uid="1" user="OSMnx" version="1" changeset="1"><nd ref="4352428933" /><nd ref="1347493801" /><tag k="highway" v="residential" /><tag k="oneway" v="no" /></way><way id="1382" timestamp="2026-03-12T11:09:39Z" uid="1" user="OSMnx" version="1" changeset="1"><nd ref="4352428933" /><nd ref="1343023211" /><tag k="highway" v="residential" /><tag k="oneway" v="no" /></way><way id="1383" timestamp="2026-03-12T11:09:39Z" uid="1" user="OSMnx" version="1" changeset="1"><nd ref="4352428934" /><nd ref="1342999452" /><tag k="highway" v="residential" /><tag k="oneway" v="no" /></way><way id="1384" timestamp="2026-03-12T11:09:39Z" uid="1" user="OSMnx" version="1" changeset="1"><nd ref="4352428934" /><nd ref="7379061351" /><tag k="highway" v="residential" /><tag k="oneway" v="no" /></way><way id="1385" timestamp="2026-03-12T11:09:39Z" uid="1" user="OSMnx" version="1" changeset="1"><nd ref="4352428936" /><nd ref="12075229154" /><tag k="highway" v="residential" /><tag k="oneway" v="no" /></way><way id="1386" timestamp="2026-03-12T11:09:39Z" uid="1" user="OSMnx" version="1" changeset="1"><nd ref="4352428936" /><nd ref="10660714666" /><tag k="highway" v="residential" /><tag k="oneway" v="no" /></way><way id="1387" timestamp="2026-03-12T11:09:39Z" uid="1" user="OSMnx" version="1" changeset="1"><nd ref="4352428938" /><nd ref="1343009437" /><tag k="highway" v="tertiary" /><tag k="name" v="Bhailal Jhaveri Patel Road" /><tag k="oneway" v="no" /></way><way id="1388" timestamp="2026-03-12T11:09:39Z" uid="1" user="OSMnx" version="1" changeset="1"><nd ref="4352428946" /><nd ref="2222707965" /><tag k="highway" v="tertiary" /><tag k="lanes" v="2" /><tag k="maxspeed" v="30" /><tag k="name" v="Shankar Lane" /><tag k="oneway" v="no" /></way><way id="1389" timestamp="2026-03-12T11:09:39Z" uid="1" user="OSMnx" version="1" changeset="1"><nd ref="4352428949" /><nd ref="10920901005" /><tag k="highway" v="residential" /><tag k="oneway" v="no" /></way><way id="1390" timestamp="2026-03-12T11:09:39Z" uid="1" user="OSMnx" version="1" changeset="1"><nd ref="4352428949" /><nd ref="4352428951" /><tag k="highway" v="residential" /><tag k="oneway" v="no" /></way><way id="1391" timestamp="2026-03-12T11:09:39Z" uid="1" user="OSMnx" version="1" changeset="1"><nd ref="4357098658" /><nd ref="4357098659" /><tag k="highway" v="residential" /><tag k="oneway" v="no" /></way><way id="1392" timestamp="2026-03-12T11:09:39Z" uid="1" user="OSMnx" version="1" changeset="1"><nd ref="4357098658" /><nd ref="2222708826" /><tag k="highway" v="secondary" /><tag k="name" v="Mahatma Gandhi Road" /><tag k="oneway" v="no" /></way><way id="1393" timestamp="2026-03-12T11:09:39Z" uid="1" user="OSMnx" version="1" changeset="1"><nd ref="4364487964" /><nd ref="985121103" /><tag k="highway" v="tertiary" /><tag k="oneway" v="no" /></way><way id="1394" timestamp="2026-03-12T11:09:39Z" uid="1" user="OSMnx" version="1" changeset="1"><nd ref="4364543123" /><nd ref="3633836180" /><tag k="highway" v="residential" /><tag k="oneway" v="no" /></way><way id="1395" timestamp="2026-03-12T11:09:39Z" uid="1" user="OSMnx" version="1" changeset="1"><nd ref="4713182192" /><nd ref="11054390106" /><tag k="highway" v="residential" /><tag k="lanes" v="2" /><tag k="name" v="Madhur Society Road" /><tag k="oneway" v="no" /></way><way id="1396" timestamp="2026-03-12T11:09:39Z" uid="1" user="OSMnx" version="1" changeset="1"><nd ref="4713182197" /><nd ref="4713182192" /><tag k="highway" v="residential" /><tag k="oneway" v="no" /></way><way id="1397" timestamp="2026-03-12T11:09:39Z" uid="1" user="OSMnx" version="1" changeset="1"><nd ref="4874168561" /><nd ref="4874168565" /><tag k="highway" v="residential" /><tag k="oneway" v="no" /></way><way id="1398" timestamp="2026-03-12T11:09:39Z" uid="1" user="OSMnx" version="1" changeset="1"><nd ref="4874168565" /><nd ref="1188784758" /><tag k="highway" v="tertiary" /><tag k="name" v="Mathurdas Road" /><tag k="oneway" v="no" /></way><way id="1399" timestamp="2026-03-12T11:09:39Z" uid="1" user="OSMnx" version="1" changeset="1"><nd ref="5728388152" /><nd ref="1646859026" /><tag k="highway" v="residential" /><tag k="oneway" v="no" /></way><way id="1400" timestamp="2026-03-12T11:09:39Z" uid="1" user="OSMnx" version="1" changeset="1"><nd ref="5728388152" /><nd ref="11826800944" /><tag k="highway" v="tertiary" /><tag k="oneway" v="no" /></way><way id="1401" timestamp="2026-03-12T11:09:39Z" uid="1" user="OSMnx" version="1" changeset="1"><nd ref="5938773161" /><nd ref="6430906958" /><tag k="highway" v="secondary" /><tag k="name" v="Goregaon Mulund Link Road" /><tag k="oneway" v="no" /></way><way id="1402" timestamp="2026-03-12T11:09:39Z" uid="1" user="OSMnx" version="1" changeset="1"><nd ref="5938773162" /><nd ref="5938773161" /><tag k="highway" v="secondary" /><tag k="name" v="Goregaon Mulund Link Road" /><tag k="oneway" v="no" /></way><way id="1403" timestamp="2026-03-12T11:09:39Z" uid="1" user="OSMnx" version="1" changeset="1"><nd ref="5938773162" /><nd ref="11041650636" /><tag k="highway" v="residential" /><tag k="name" v="S.V.Road" /><tag k="oneway" v="no" /></way><way id="1404" timestamp="2026-03-12T11:09:39Z" uid="1" user="OSMnx" version="1" changeset="1"><nd ref="5938773163" /><nd ref="5938773162" /><tag k="highway" v="secondary" /><tag k="name" v="Goregaon Mulund Link Road" /><tag k="oneway" v="no" /></way><way id="1405" timestamp="2026-03-12T11:09:39Z" uid="1" user="OSMnx" version="1" changeset="1"><nd ref="5938773175" /><nd ref="1936499784" /><tag k="highway" v="primary" /><tag k="name" v="Swami Vivekanand Road" /><tag k="oneway" v="no" /></way><way id="1406" timestamp="2026-03-12T11:09:39Z" uid="1" user="OSMnx" version="1" changeset="1"><nd ref="5938773175" /><nd ref="12124288546" /><tag k="highway" v="secondary" /><tag k="name" v="Goregaon Mulund Link Road" /><tag k="oneway" v="no" /></way><way id="1407" timestamp="2026-03-12T11:09:39Z" uid="1" user="OSMnx" version="1" changeset="1"><nd ref="5938773176" /><nd ref="1194136009" /><tag k="highway" v="primary" /><tag k="name" v="Swami Vivekanand Road" /><tag k="oneway" v="no" /></way><way id="1408" timestamp="2026-03-12T11:09:39Z" uid="1" user="OSMnx" version="1" changeset="1"><nd ref="5938773176" /><nd ref="5938773175" /><tag k="highway" v="secondary" /><tag k="name" v="Goregaon Mulund Link Road" /><tag k="oneway" v="no" /></way><way id="1409" timestamp="2026-03-12T11:09:39Z" uid="1" user="OSMnx" version="1" changeset="1"><nd ref="5938773179" /><nd ref="3633829106" /><tag k="highway" v="residential" /><tag k="oneway" v="no" /></way><way id="1410" timestamp="2026-03-12T11:09:39Z" uid="1" user="OSMnx" version="1" changeset="1"><nd ref="5938773179" /><nd ref="5938773175" /><tag k="highway" v="primary" /><tag k="name" v="Swami Vivekanand Road" /><tag k="oneway" v="no" /></way><way id="1411" timestamp="2026-03-12T11:09:39Z" uid="1" user="OSMnx" version="1" changeset="1"><nd ref="6117653724" /><nd ref="6117653725" /><tag k="highway" v="secondary" /><tag k="oneway" v="no" /></way><way id="1412" timestamp="2026-03-12T11:09:39Z" uid="1" user="OSMnx" version="1" changeset="1"><nd ref="6117653724" /><nd ref="10277547725" /><tag k="highway" v="primary" /><tag k="lanes" v="2" /><tag k="name" v="Link Road" /><tag k="oneway" v="no" /></way><way id="1413" timestamp="2026-03-12T11:09:39Z" uid="1" user="OSMnx" version="1" changeset="1"><nd ref="6117653725" /><nd ref="10277547720" /><tag k="highway" v="secondary" /><tag k="name" v="Goregaon Mulund Link Road" /><tag k="oneway" v="no" /></way><way id="1414" timestamp="2026-03-12T11:09:39Z" uid="1" user="OSMnx" version="1" changeset="1"><nd ref="6117653725" /><nd ref="245678558" /><tag k="highway" v="primary" /><tag k="name" v="Link Road" /><tag k="oneway" v="no" /></way><way id="1415" timestamp="2026-03-12T11:09:39Z" uid="1" user="OSMnx" version="1" changeset="1"><nd ref="6117653732" /><nd ref="10277547721" /><tag k="highway" v="tertiary" /><tag k="oneway" v="no" /></way><way id="1416" timestamp="2026-03-12T11:09:39Z" uid="1" user="OSMnx" version="1" changeset="1"><nd ref="6117653733" /><nd ref="6117653732" /><tag k="highway" v="tertiary" /><tag k="oneway" v="no" /></way><way id="1417" timestamp="2026-03-12T11:09:39Z" uid="1" user="OSMnx" version="1" changeset="1"><nd ref="6117653733" /><nd ref="1185818942" /><tag k="highway" v="tertiary" /><tag k="lanes" v="2" /><tag k="name" v="Chincholi Bunder Road" /><tag k="oneway" v="no" /></way><way id="1418" timestamp="2026-03-12T11:09:39Z" uid="1" user="OSMnx" version="1" changeset="1"><nd ref="6134309487" /><nd ref="4347139397" /><tag k="highway" v="residential" /><tag k="oneway" v="no" /></way><way id="1419" timestamp="2026-03-12T11:09:39Z" uid="1" user="OSMnx" version="1" changeset="1"><nd ref="6134309487" /><nd ref="2222186341" /><tag k="highway" v="residential" /><tag k="oneway" v="no" /></way><way id="1420" timestamp="2026-03-12T11:09:39Z" uid="1" user="OSMnx" version="1" changeset="1"><nd ref="6204119841" /><nd ref="1185813565" /><tag k="highway" v="tertiary" /><tag k="lanes" v="2" /><tag k="name" v="Chincholi Bunder Road" /><tag k="oneway" v="no" /></way><way id="1421" timestamp="2026-03-12T11:09:39Z" uid="1" user="OSMnx" version="1" changeset="1"><nd ref="6204119841" /><nd ref="12408665372" /><tag k="highway" v="primary" /><tag k="lanes" v="2" /><tag k="name" v="Goregaon Link Road" /><tag k="oneway" v="no" /></way><way id="1422" timestamp="2026-03-12T11:09:39Z" uid="1" user="OSMnx" version="1" changeset="1"><nd ref="6204119845" /><nd ref="7353935271" /><tag k="highway" v="primary" /><tag k="lanes" v="2" /><tag k="name" v="Link Road" /><tag k="oneway" v="no" /></way><way id="1423" timestamp="2026-03-12T11:09:39Z" uid="1" user="OSMnx" version="1" changeset="1"><nd ref="6204119845" /><nd ref="7353935261" /><tag k="highway" v="tertiary" /><tag k="oneway" v="no" /></way><way id="1424" timestamp="2026-03-12T11:09:39Z" uid="1" user="OSMnx" version="1" changeset="1"><nd ref="6204119849" /><nd ref="10564712615" /><tag k="highway" v="primary" /><tag k="lanes" v="2" /><tag k="name" v="Link Road" /><tag k="oneway" v="no" /></way><way id="1425" timestamp="2026-03-12T11:09:39Z" uid="1" user="OSMnx" version="1" changeset="1"><nd ref="6204119849" /><nd ref="3794269474" /><tag k="highway" v="residential" /><tag k="oneway" v="no" /></way><way id="1426" timestamp="2026-03-12T11:09:39Z" uid="1" user="OSMnx" version="1" changeset="1"><nd ref="6204119850" /><nd ref="1646685599" /><tag k="highway" v="tertiary" /><tag k="oneway" v="no" /></way><way id="1427" timestamp="2026-03-12T11:09:39Z" uid="1" user="OSMnx" version="1" changeset="1"><nd ref="6204119850" /><nd ref="6608750674" /><tag k="highway" v="primary" /><tag k="lanes" v="2" /><tag k="name" v="Link Road" /><tag k="oneway" v="no" /></way><way id="1428" timestamp="2026-03-12T11:09:39Z" uid="1" user="OSMnx" version="1" changeset="1"><nd ref="6380204773" /><nd ref="11033768734" /><tag k="highway" v="residential" /><tag k="oneway" v="no" /></way><way id="1429" timestamp="2026-03-12T11:09:39Z" uid="1" user="OSMnx" version="1" changeset="1"><nd ref="6380207079" /><nd ref="2233650784" /><tag k="highway" v="residential" /><tag k="oneway" v="no" /></way><way id="1430" timestamp="2026-03-12T11:09:39Z" uid="1" user="OSMnx" version="1" changeset="1"><nd ref="6380207079" /><nd ref="12296083523" /><tag k="highway" v="residential" /><tag k="oneway" v="no" /></way><way id="1431" timestamp="2026-03-12T11:09:39Z" uid="1" user="OSMnx" version="1" changeset="1"><nd ref="6430899937" /><nd ref="619185664" /><tag k="highway" v="secondary" /><tag k="name" v="Goregaon Mulund Link Road" /><tag k="oneway" v="no" /></way><way id="1432" timestamp="2026-03-12T11:09:39Z" uid="1" user="OSMnx" version="1" changeset="1"><nd ref="6430899938" /><nd ref="6430899937" /><tag k="highway" v="secondary_link" /><tag k="oneway" v="no" /></way><way id="1433" timestamp="2026-03-12T11:09:39Z" uid="1" user="OSMnx" version="1" changeset="1"><nd ref="6430906958" /><nd ref="2233650681" /><tag k="highway" v="secondary" /><tag k="name" v="Goregaon Mulund Link Road" /><tag k="oneway" v="no" /></way><way id="1434" timestamp="2026-03-12T11:09:39Z" uid="1" user="OSMnx" version="1" changeset="1"><nd ref="6567640738" /><nd ref="11430469526" /><tag k="highway" v="tertiary" /><tag k="lanes" v="2" /><tag k="name" v="L Raheja Marg" /><tag k="oneway" v="no" /></way><way id="1435" timestamp="2026-03-12T11:09:39Z" uid="1" user="OSMnx" version="1" changeset="1"><nd ref="6567640738" /><nd ref="10907548532" /><tag k="highway" v="residential" /><tag k="oneway" v="no" /></way><way id="1436" timestamp="2026-03-12T11:09:39Z" uid="1" user="OSMnx" version="1" changeset="1"><nd ref="6569121783" /><nd ref="9861077499" /><tag k="highway" v="tertiary" /><tag k="oneway" v="no" /></way><way id="1437" timestamp="2026-03-12T11:09:39Z" uid="1" user="OSMnx" version="1" changeset="1"><nd ref="6572227912" /><nd ref="6572227910" /><tag k="highway" v="residential" /><tag k="oneway" v="no" /></way><way id="1438" timestamp="2026-03-12T11:09:39Z" uid="1" user="OSMnx" version="1" changeset="1"><nd ref="6580846288" /><nd ref="2233652097" /><tag k="highway" v="residential" /><tag k="oneway" v="no" /></way><way id="1439" timestamp="2026-03-12T11:09:39Z" uid="1" user="OSMnx" version="1" changeset="1"><nd ref="6581122518" /><nd ref="4347108602" /><tag k="highway" v="residential" /><tag k="oneway" v="no" /></way><way id="1440" timestamp="2026-03-12T11:09:39Z" uid="1" user="OSMnx" version="1" changeset="1"><nd ref="6581122521" /><nd ref="6581122518" /><tag k="highway" v="residential" /><tag k="oneway" v="no" /></way><way id="1441" timestamp="2026-03-12T11:09:39Z" uid="1" user="OSMnx" version="1" changeset="1"><nd ref="6581247929" /><nd ref="2222708507" /><tag k="highway" v="residential" /><tag k="oneway" v="no" /></way><way id="1442" timestamp="2026-03-12T11:09:39Z" uid="1" user="OSMnx" version="1" changeset="1"><nd ref="6581286706" /><nd ref="2222708198" /><tag k="highway" v="residential" /><tag k="oneway" v="no" /></way><way id="1443" timestamp="2026-03-12T11:09:39Z" uid="1" user="OSMnx" version="1" changeset="1"><nd ref="6581286706" /><nd ref="3794269355" /><tag k="highway" v="residential" /><tag k="oneway" v="no" /></way><way id="1444" timestamp="2026-03-12T11:09:39Z" uid="1" user="OSMnx" version="1" changeset="1"><nd ref="6581323584" /><nd ref="1632712247" /><tag k="highway" v="residential" /><tag k="name" v="Kasturba Road" /><tag k="oneway" v="no" /></way><way id="1445" timestamp="2026-03-12T11:09:39Z" uid="1" user="OSMnx" version="1" changeset="1"><nd ref="6581357785" /><nd ref="7398169370" /><tag k="highway" v="primary" /><tag k="name" v="Swami Vivekanand Road" /><tag k="oneway" v="no" /></way><way id="1446" timestamp="2026-03-12T11:09:39Z" uid="1" user="OSMnx" version="1" changeset="1"><nd ref="6581357785" /><nd ref="6581323584" /><tag k="highway" v="residential" /><tag k="oneway" v="no" /></way><way id="1447" timestamp="2026-03-12T11:09:39Z" uid="1" user="OSMnx" version="1" changeset="1"><nd ref="6608770472" /><nd ref="10941564481" /><tag k="highway" v="secondary" /><tag k="name" v="Malad Marve Road" /><tag k="oneway" v="no" /></way><way id="1448" timestamp="2026-03-12T11:09:39Z" uid="1" user="OSMnx" version="1" changeset="1"><nd ref="6608770472" /><nd ref="2958525029" /><tag k="highway" v="secondary_link" /><tag k="oneway" v="no" /></way><way id="1449" timestamp="2026-03-12T11:09:39Z" uid="1" user="OSMnx" version="1" changeset="1"><nd ref="6618353270" /><nd ref="6618353269" /><tag k="highway" v="residential" /><tag k="oneway" v="no" /></way><way id="1450" timestamp="2026-03-12T11:09:39Z" uid="1" user="OSMnx" version="1" changeset="1"><nd ref="6618353270" /><nd ref="2224023668" /><tag k="highway" v="residential" /><tag k="oneway" v="no" /></way><way id="1451" timestamp="2026-03-12T11:09:39Z" uid="1" user="OSMnx" version="1" changeset="1"><nd ref="7127703728" /><nd ref="10654529068" /><tag k="highway" v="tertiary" /><tag k="name" v="Mathurdas Road" /><tag k="oneway" v="no" /></way><way id="1452" timestamp="2026-03-12T11:09:39Z" uid="1" user="OSMnx" version="1" changeset="1"><nd ref="7127703728" /><nd ref="7127703733" /><tag k="highway" v="residential" /><tag k="oneway" v="no" /></way><way id="1453" timestamp="2026-03-12T11:09:39Z" uid="1" user="OSMnx" version="1" changeset="1"><nd ref="7241667052" /><nd ref="7241667062" /><tag k="highway" v="tertiary" /><tag k="name" v="Jai Chand Lal Karwa Marg" /><tag k="oneway" v="no" /></way><way id="1454" timestamp="2026-03-12T11:09:39Z" uid="1" user="OSMnx" version="1" changeset="1"><nd ref="7241667062" /><nd ref="245678339" /><tag k="highway" v="tertiary" /><tag k="oneway" v="no" /></way><way id="1455" timestamp="2026-03-12T11:09:39Z" uid="1" user="OSMnx" version="1" changeset="1"><nd ref="7241667062" /><nd ref="10845962342" /><tag k="highway" v="tertiary" /><tag k="name" v="Jai Chand Lal Karwa Marg" /><tag k="oneway" v="no" /></way><way id="1456" timestamp="2026-03-12T11:09:39Z" uid="1" user="OSMnx" version="1" changeset="1"><nd ref="7241667064" /><nd ref="7241667066" /><tag k="highway" v="tertiary" /><tag k="name" v="Jai Chand Lal Karwa Marg" /><tag k="oneway" v="no" /></way><way id="1457" timestamp="2026-03-12T11:09:39Z" uid="1" user="OSMnx" version="1" changeset="1"><nd ref="7241667064" /><nd ref="3878492911" /><tag k="highway" v="primary" /><tag k="lanes" v="2" /><tag k="name" v="['Link Road', 'Goregaon Link Road']" /><tag k="oneway" v="no" /></way><way id="1458" timestamp="2026-03-12T11:09:39Z" uid="1" user="OSMnx" version="1" changeset="1"><nd ref="7241667066" /><nd ref="769037775" /><tag k="highway" v="primary" /><tag k="name" v="Chinchowali Bandar Link Road" /><tag k="oneway" v="no" /></way><way id="1459" timestamp="2026-03-12T11:09:39Z" uid="1" user="OSMnx" version="1" changeset="1"><nd ref="7241667069" /><nd ref="7241667052" /><tag k="highway" v="tertiary" /><tag k="oneway" v="no" /></way><way id="1460" timestamp="2026-03-12T11:09:39Z" uid="1" user="OSMnx" version="1" changeset="1"><nd ref="7241667069" /><nd ref="1186891007" /><tag k="highway" v="tertiary" /><tag k="name" v="Jai Chand Lal Karwa Marg" /><tag k="oneway" v="no" /></way><way id="1461" timestamp="2026-03-12T11:09:39Z" uid="1" user="OSMnx" version="1" changeset="1"><nd ref="7241667076" /><nd ref="6117653733" /><tag k="highway" v="tertiary" /><tag k="oneway" v="no" /></way><way id="1462" timestamp="2026-03-12T11:09:39Z" uid="1" user="OSMnx" version="1" changeset="1"><nd ref="7241667076" /><nd ref="7241667082" /><tag k="highway" v="tertiary" /><tag k="oneway" v="no" /></way><way id="1463" timestamp="2026-03-12T11:09:39Z" uid="1" user="OSMnx" version="1" changeset="1"><nd ref="7241667082" /><nd ref="1186891007" /><tag k="highway" v="tertiary" /><tag k="oneway" v="no" /></way><way id="1464" timestamp="2026-03-12T11:09:39Z" uid="1" user="OSMnx" version="1" changeset="1"><nd ref="7241667082" /><nd ref="7241667052" /><tag k="highway" v="tertiary" /><tag k="name" v="Jai Chand Lal Karwa Marg" /><tag k="oneway" v="no" /></way><way id="1465" timestamp="2026-03-12T11:09:39Z" uid="1" user="OSMnx" version="1" changeset="1"><nd ref="7241667083" /><nd ref="1185674157" /><tag k="highway" v="tertiary" /><tag k="lanes" v="2" /><tag k="name" v="Chincholi Bunder Road" /><tag k="oneway" v="no" /></way><way id="1466" timestamp="2026-03-12T11:09:39Z" uid="1" user="OSMnx" version="1" changeset="1"><nd ref="7241667083" /><nd ref="7241667076" /><tag k="highway" v="tertiary" /><tag k="oneway" v="no" /></way><way id="1467" timestamp="2026-03-12T11:09:39Z" uid="1" user="OSMnx" version="1" changeset="1"><nd ref="7241682806" /><nd ref="1185674183" /><tag k="highway" v="tertiary" /><tag k="oneway" v="no" /></way><way id="1468" timestamp="2026-03-12T11:09:39Z" uid="1" user="OSMnx" version="1" changeset="1"><nd ref="7241682806" /><nd ref="7241667083" /><tag k="highway" v="tertiary" /><tag k="oneway" v="no" /></way><way id="1469" timestamp="2026-03-12T11:09:39Z" uid="1" user="OSMnx" version="1" changeset="1"><nd ref="7241682812" /><nd ref="7353935272" /><tag k="highway" v="tertiary" /><tag k="oneway" v="no" /></way><way id="1470" timestamp="2026-03-12T11:09:39Z" uid="1" user="OSMnx" version="1" changeset="1"><nd ref="7241682812" /><nd ref="10564313451" /><tag k="highway" v="tertiary" /><tag k="oneway" v="no" /></way><way id="1471" timestamp="2026-03-12T11:09:39Z" uid="1" user="OSMnx" version="1" changeset="1"><nd ref="7345377659" /><nd ref="13597681621" /><tag k="highway" v="secondary" /><tag k="oneway" v="no" /></way><way id="1472" timestamp="2026-03-12T11:09:39Z" uid="1" user="OSMnx" version="1" changeset="1"><nd ref="7345377678" /><nd ref="2222708538" /><tag k="highway" v="residential" /><tag k="oneway" v="no" /></way><way id="1473" timestamp="2026-03-12T11:09:39Z" uid="1" user="OSMnx" version="1" changeset="1"><nd ref="7345377678" /><nd ref="7345380791" /><tag k="highway" v="secondary" /><tag k="oneway" v="no" /></way><way id="1474" timestamp="2026-03-12T11:09:39Z" uid="1" user="OSMnx" version="1" changeset="1"><nd ref="7345377679" /><nd ref="2222708292" /><tag k="highway" v="residential" /><tag k="oneway" v="no" /></way><way id="1475" timestamp="2026-03-12T11:09:39Z" uid="1" user="OSMnx" version="1" changeset="1"><nd ref="7345377679" /><nd ref="7345377659" /><tag k="highway" v="secondary" /><tag k="oneway" v="no" /></way><way id="1476" timestamp="2026-03-12T11:09:39Z" uid="1" user="OSMnx" version="1" changeset="1"><nd ref="7345377680" /><nd ref="7345377681" /><tag k="highway" v="secondary" /><tag k="oneway" v="no" /></way><way id="1477" timestamp="2026-03-12T11:09:39Z" uid="1" user="OSMnx" version="1" changeset="1"><nd ref="7345377681" /><nd ref="7345377682" /><tag k="highway" v="secondary" /><tag k="oneway" v="no" /></way><way id="1478" timestamp="2026-03-12T11:09:39Z" uid="1" user="OSMnx" version="1" changeset="1"><nd ref="7345377682" /><nd ref="7345377683" /><tag k="highway" v="secondary" /><tag k="oneway" v="no" /></way><way id="1479" timestamp="2026-03-12T11:09:39Z" uid="1" user="OSMnx" version="1" changeset="1"><nd ref="7345377683" /><nd ref="7345380801" /><tag k="highway" v="secondary" /><tag k="oneway" v="no" /></way><way id="1480" timestamp="2026-03-12T11:09:39Z" uid="1" user="OSMnx" version="1" changeset="1"><nd ref="7345380788" /><nd ref="7345377680" /><tag k="highway" v="secondary" /><tag k="oneway" v="no" /></way><way id="1481" timestamp="2026-03-12T11:09:39Z" uid="1" user="OSMnx" version="1" changeset="1"><nd ref="7345380791" /><nd ref="2222708372" /><tag k="highway" v="secondary" /><tag k="oneway" v="no" /></way><way id="1482" timestamp="2026-03-12T11:09:39Z" uid="1" user="OSMnx" version="1" changeset="1"><nd ref="7345380794" /><nd ref="10770482043" /><tag k="highway" v="secondary" /><tag k="oneway" v="no" /></way><way id="1483" timestamp="2026-03-12T11:09:39Z" uid="1" user="OSMnx" version="1" changeset="1"><nd ref="7345380794" /><nd ref="10770482044" /><tag k="highway" v="tertiary" /><tag k="oneway" v="no" /></way><way id="1484" timestamp="2026-03-12T11:09:39Z" uid="1" user="OSMnx" version="1" changeset="1"><nd ref="7345380796" /><nd ref="7345380794" /><tag k="highway" v="secondary" /><tag k="oneway" v="no" /></way><way id="1485" timestamp="2026-03-12T11:09:39Z" uid="1" user="OSMnx" version="1" changeset="1"><nd ref="7345380797" /><nd ref="2222708784" /><tag k="highway" v="residential" /><tag k="oneway" v="no" /></way><way id="1486" timestamp="2026-03-12T11:09:39Z" uid="1" user="OSMnx" version="1" changeset="1"><nd ref="7345380797" /><nd ref="7345380796" /><tag k="highway" v="secondary" /><tag k="oneway" v="no" /></way><way id="1487" timestamp="2026-03-12T11:09:39Z" uid="1" user="OSMnx" version="1" changeset="1"><nd ref="7345380801" /><nd ref="7388110232" /><tag k="highway" v="secondary" /><tag k="oneway" v="no" /></way><way id="1488" timestamp="2026-03-12T11:09:39Z" uid="1" user="OSMnx" version="1" changeset="1"><nd ref="7345380801" /><nd ref="6608770472" /><tag k="highway" v="secondary" /><tag k="name" v="Malad Marve Road" /><tag k="oneway" v="no" /></way><way id="1489" timestamp="2026-03-12T11:09:39Z" uid="1" user="OSMnx" version="1" changeset="1"><nd ref="7353935256" /><nd ref="7241682812" /><tag k="highway" v="tertiary" /><tag k="oneway" v="no" /></way><way id="1490" timestamp="2026-03-12T11:09:39Z" uid="1" user="OSMnx" version="1" changeset="1"><nd ref="7353935256" /><nd ref="7353935269" /><tag k="highway" v="tertiary" /><tag k="oneway" v="no" /></way><way id="1491" timestamp="2026-03-12T11:09:39Z" uid="1" user="OSMnx" version="1" changeset="1"><nd ref="7353935260" /><nd ref="7353935271" /><tag k="highway" v="tertiary" /><tag k="oneway" v="no" /></way><way id="1492" timestamp="2026-03-12T11:09:39Z" uid="1" user="OSMnx" version="1" changeset="1"><nd ref="7353935261" /><nd ref="7353935260" /><tag k="highway" v="tertiary_link" /><tag k="oneway" v="no" /></way><way id="1493" timestamp="2026-03-12T11:09:39Z" uid="1" user="OSMnx" version="1" changeset="1"><nd ref="7353935261" /><nd ref="1195179689" /><tag k="highway" v="tertiary" /><tag k="oneway" v="no" /></way><way id="1494" timestamp="2026-03-12T11:09:39Z" uid="1" user="OSMnx" version="1" changeset="1"><nd ref="7353935262" /><nd ref="7353935263" /><tag k="highway" v="tertiary_link" /><tag k="oneway" v="no" /></way><way id="1495" timestamp="2026-03-12T11:09:39Z" uid="1" user="OSMnx" version="1" changeset="1"><nd ref="7353935262" /><nd ref="7353935270" /><tag k="highway" v="tertiary" /><tag k="oneway" v="no" /></way><way id="1496" timestamp="2026-03-12T11:09:39Z" uid="1" user="OSMnx" version="1" changeset="1"><nd ref="7353935263" /><nd ref="1195179701" /><tag k="highway" v="tertiary" /><tag k="oneway" v="no" /></way><way id="1497" timestamp="2026-03-12T11:09:39Z" uid="1" user="OSMnx" version="1" changeset="1"><nd ref="7353935269" /><nd ref="1195179701" /><tag k="highway" v="tertiary" /><tag k="oneway" v="no" /></way><way id="1498" timestamp="2026-03-12T11:09:39Z" uid="1" user="OSMnx" version="1" changeset="1"><nd ref="7353935269" /><nd ref="7353935262" /><tag k="highway" v="tertiary" /><tag k="oneway" v="no" /></way><way id="1499" timestamp="2026-03-12T11:09:39Z" uid="1" user="OSMnx" version="1" changeset="1"><nd ref="7353935270" /><nd ref="7353935260" /><tag k="highway" v="tertiary" /><tag k="oneway" v="no" /></way><way id="1500" timestamp="2026-03-12T11:09:39Z" uid="1" user="OSMnx" version="1" changeset="1"><nd ref="7353935271" /><nd ref="1195179702" /><tag k="highway" v="tertiary" /><tag k="oneway" v="no" /></way><way id="1501" timestamp="2026-03-12T11:09:39Z" uid="1" user="OSMnx" version="1" changeset="1"><nd ref="7353935271" /><nd ref="9882627953" /><tag k="highway" v="primary" /><tag k="lanes" v="2" /><tag k="name" v="Link Road" /><tag k="oneway" v="no" /></way><way id="1502" timestamp="2026-03-12T11:09:39Z" uid="1" user="OSMnx" version="1" changeset="1"><nd ref="7353935272" /><nd ref="7353935256" /><tag k="highway" v="tertiary" /><tag k="oneway" v="no" /></way><way id="1503" timestamp="2026-03-12T11:09:39Z" uid="1" user="OSMnx" version="1" changeset="1"><nd ref="7353935272" /><nd ref="7353935256" /><tag k="highway" v="tertiary" /><tag k="oneway" v="no" /></way><way id="1504" timestamp="2026-03-12T11:09:39Z" uid="1" user="OSMnx" version="1" changeset="1"><nd ref="7358567244" /><nd ref="1365236408" /><tag k="highway" v="tertiary" /><tag k="lanes" v="2" /><tag k="name" v="L Raheja Marg" /><tag k="oneway" v="no" /></way><way id="1505" timestamp="2026-03-12T11:09:39Z" uid="1" user="OSMnx" version="1" changeset="1"><nd ref="7366099837" /><nd ref="9179528262" /><tag k="highway" v="residential" /><tag k="oneway" v="no" /></way><way id="1506" timestamp="2026-03-12T11:09:39Z" uid="1" user="OSMnx" version="1" changeset="1"><nd ref="7370832796" /><nd ref="1361564545" /><tag k="highway" v="residential" /><tag k="oneway" v="no" /></way><way id="1507" timestamp="2026-03-12T11:09:39Z" uid="1" user="OSMnx" version="1" changeset="1"><nd ref="7374089032" /><nd ref="11070540081" /><tag k="highway" v="residential" /><tag k="oneway" v="no" /></way><way id="1508" timestamp="2026-03-12T11:09:39Z" uid="1" user="OSMnx" version="1" changeset="1"><nd ref="7374089032" /><nd ref="11070540080" /><tag k="highway" v="tertiary" /><tag k="lanes" v="2" /><tag k="name" v="Nanabhai Bhuleshwar Marg" /><tag k="oneway" v="no" /></way><way id="1509" timestamp="2026-03-12T11:09:39Z" uid="1" user="OSMnx" version="1" changeset="1"><nd ref="7374089043" /><nd ref="4347108630" /><tag k="highway" v="residential" /><tag k="oneway" v="no" /></way><way id="1510" timestamp="2026-03-12T11:09:39Z" uid="1" user="OSMnx" version="1" changeset="1"><nd ref="7374089044" /><nd ref="7374249371" /><tag k="highway" v="residential" /><tag k="name" v="Dadi Sheth Road" /><tag k="oneway" v="no" /></way><way id="1511" timestamp="2026-03-12T11:09:39Z" uid="1" user="OSMnx" version="1" changeset="1"><nd ref="7374089048" /><nd ref="2233651704" /><tag k="highway" v="residential" /><tag k="oneway" v="no" /></way><way id="1512" timestamp="2026-03-12T11:09:39Z" uid="1" user="OSMnx" version="1" changeset="1"><nd ref="7374089048" /><nd ref="2233651629" /><tag k="highway" v="residential" /><tag k="oneway" v="no" /></way><way id="1513" timestamp="2026-03-12T11:09:39Z" uid="1" user="OSMnx" version="1" changeset="1"><nd ref="7374108526" /><nd ref="2233651644" /><tag k="highway" v="residential" /><tag k="name" v="Haji Bapu Patel Road" /><tag k="oneway" v="no" /></way><way id="1514" timestamp="2026-03-12T11:09:39Z" uid="1" user="OSMnx" version="1" changeset="1"><nd ref="7374108526" /><nd ref="10943480522" /><tag k="highway" v="residential" /><tag k="oneway" v="no" /></way><way id="1515" timestamp="2026-03-12T11:09:39Z" uid="1" user="OSMnx" version="1" changeset="1"><nd ref="7374249371" /><nd ref="4352414435" /><tag k="highway" v="residential" /><tag k="name" v="Dadi Sheth Road" /><tag k="oneway" v="no" /></way><way id="1516" timestamp="2026-03-12T11:09:39Z" uid="1" user="OSMnx" version="1" changeset="1"><nd ref="7374413675" /><nd ref="12124288562" /><tag k="highway" v="secondary" /><tag k="name" v="Goregaon Mulund Link Road" /><tag k="oneway" v="no" /></way><way id="1517" timestamp="2026-03-12T11:09:39Z" uid="1" user="OSMnx" version="1" changeset="1"><nd ref="7374413675" /><nd ref="245678584" /><tag k="highway" v="tertiary" /><tag k="lanes" v="2" /><tag k="name" v="Nanabhai Bhuleshwar Marg" /><tag k="oneway" v="no" /></way><way id="1518" timestamp="2026-03-12T11:09:39Z" uid="1" user="OSMnx" version="1" changeset="1"><nd ref="7374550814" /><nd ref="2222708043" /><tag k="highway" v="residential" /><tag k="oneway" v="no" /></way><way id="1519" timestamp="2026-03-12T11:09:39Z" uid="1" user="OSMnx" version="1" changeset="1"><nd ref="7374550820" /><nd ref="7398222690" /><tag k="highway" v="primary" /><tag k="name" v="Swami Vivekanand Road" /><tag k="oneway" v="no" /></way><way id="1520" timestamp="2026-03-12T11:09:39Z" uid="1" user="OSMnx" version="1" changeset="1"><nd ref="7374550836" /><nd ref="7374550851" /><tag k="highway" v="secondary" /><tag k="name" v="J Dsuoza Road" /><tag k="oneway" v="no" /></way><way id="1521" timestamp="2026-03-12T11:09:39Z" uid="1" user="OSMnx" version="1" changeset="1"><nd ref="7374550837" /><nd ref="627835899" /><tag k="highway" v="secondary" /><tag k="name" v="J Dsuoza Road" /><tag k="oneway" v="no" /></way><way id="1522" timestamp="2026-03-12T11:09:39Z" uid="1" user="OSMnx" version="1" changeset="1"><nd ref="7374550837" /><nd ref="7374550836" /><tag k="highway" v="secondary" /><tag k="name" v="J Dsuoza Road" /><tag k="oneway" v="no" /></way><way id="1523" timestamp="2026-03-12T11:09:39Z" uid="1" user="OSMnx" version="1" changeset="1"><nd ref="7374550838" /><nd ref="627835901" /><tag k="highway" v="secondary" /><tag k="name" v="J Dsuoza Road" /><tag k="oneway" v="no" /></way><way id="1524" timestamp="2026-03-12T11:09:39Z" uid="1" user="OSMnx" version="1" changeset="1"><nd ref="7374550851" /><nd ref="7388110215" /><tag k="highway" v="secondary" /><tag k="name" v="Fr. Justin D'Souza Road" /><tag k="oneway" v="no" /></way><way id="1525" timestamp="2026-03-12T11:09:39Z" uid="1" user="OSMnx" version="1" changeset="1"><nd ref="7374550851" /><nd ref="7374550838" /><tag k="highway" v="secondary" /><tag k="name" v="J Dsuoza Road" /><tag k="oneway" v="no" /></way><way id="1526" timestamp="2026-03-12T11:09:39Z" uid="1" user="OSMnx" version="1" changeset="1"><nd ref="7374583160" /><nd ref="7374583161" /><tag k="highway" v="residential" /><tag k="oneway" v="no" /></way><way id="1527" timestamp="2026-03-12T11:09:39Z" uid="1" user="OSMnx" version="1" changeset="1"><nd ref="7374583160" /><nd ref="1913057624" /><tag k="highway" v="primary" /><tag k="name" v="Swami Vivekanand Road" /><tag k="oneway" v="no" /></way><way id="1528" timestamp="2026-03-12T11:09:39Z" uid="1" user="OSMnx" version="1" changeset="1"><nd ref="7374583161" /><nd ref="11068307921" /><tag k="highway" v="residential" /><tag k="oneway" v="no" /></way><way id="1529" timestamp="2026-03-12T11:09:39Z" uid="1" user="OSMnx" version="1" changeset="1"><nd ref="7375877015" /><nd ref="7375877021" /><tag k="highway" v="residential" /><tag k="name" v="Tikamdas Road" /><tag k="oneway" v="no" /></way><way id="1530" timestamp="2026-03-12T11:09:39Z" uid="1" user="OSMnx" version="1" changeset="1"><nd ref="7375877016" /><nd ref="7375877018" /><tag k="highway" v="residential" /><tag k="oneway" v="no" /></way><way id="1531" timestamp="2026-03-12T11:09:39Z" uid="1" user="OSMnx" version="1" changeset="1"><nd ref="7375877018" /><nd ref="7375877015" /><tag k="highway" v="residential" /><tag k="name" v="Tikamdas Road" /><tag k="oneway" v="no" /></way><way id="1532" timestamp="2026-03-12T11:09:39Z" uid="1" user="OSMnx" version="1" changeset="1"><nd ref="7375877019" /><nd ref="7375877021" /><tag k="highway" v="living_street" /><tag k="oneway" v="no" /></way><way id="1533" timestamp="2026-03-12T11:09:39Z" uid="1" user="OSMnx" version="1" changeset="1"><nd ref="7375877021" /><nd ref="1188811567" /><tag k="highway" v="residential" /><tag k="name" v="Tikamdas Road" /><tag k="oneway" v="no" /></way><way id="1534" timestamp="2026-03-12T11:09:39Z" uid="1" user="OSMnx" version="1" changeset="1"><nd ref="7378436342" /><nd ref="627838051" /><tag k="highway" v="primary" /><tag k="name" v="Swami Vivekanand Road" /><tag k="oneway" v="no" /></way><way id="1535" timestamp="2026-03-12T11:09:39Z" uid="1" user="OSMnx" version="1" changeset="1"><nd ref="7378436343" /><nd ref="10277339576" /><tag k="highway" v="secondary" /><tag k="name" v="Mahatma Gandhi Road" /><tag k="oneway" v="no" /></way><way id="1536" timestamp="2026-03-12T11:09:39Z" uid="1" user="OSMnx" version="1" changeset="1"><nd ref="7378436343" /><nd ref="7378436344" /><tag k="highway" v="primary" /><tag k="name" v="Swami Vivekanand Road" /><tag k="oneway" v="no" /></way><way id="1537" timestamp="2026-03-12T11:09:39Z" uid="1" user="OSMnx" version="1" changeset="1"><nd ref="7378436344" /><nd ref="7378436342" /><tag k="highway" v="secondary" /><tag k="name" v="Mahatma Gandhi Road" /><tag k="oneway" v="no" /></way><way id="1538" timestamp="2026-03-12T11:09:39Z" uid="1" user="OSMnx" version="1" changeset="1"><nd ref="7378436344" /><nd ref="10277339575" /><tag k="highway" v="primary" /><tag k="name" v="Swami Vivekanand Road" /><tag k="oneway" v="no" /></way><way id="1539" timestamp="2026-03-12T11:09:39Z" uid="1" user="OSMnx" version="1" changeset="1"><nd ref="7378436348" /><nd ref="5115140437" /><tag k="highway" v="tertiary" /><tag k="name" v="Gaothan Market Road" /><tag k="oneway" v="no" /></way><way id="1540" timestamp="2026-03-12T11:09:39Z" uid="1" user="OSMnx" version="1" changeset="1"><nd ref="7378436348" /><nd ref="7378436379" /><tag k="highway" v="secondary" /><tag k="name" v="Mahatma Gandhi Road" /><tag k="oneway" v="no" /></way><way id="1541" timestamp="2026-03-12T11:09:39Z" uid="1" user="OSMnx" version="1" changeset="1"><nd ref="7378436366" /><nd ref="8666364686" /><tag k="highway" v="secondary" /><tag k="name" v="Mahatma Gandhi Road" /><tag k="oneway" v="no" /></way><way id="1542" timestamp="2026-03-12T11:09:39Z" uid="1" user="OSMnx" version="1" changeset="1"><nd ref="7378436369" /><nd ref="4357098658" /><tag k="highway" v="residential" /><tag k="oneway" v="no" /></way><way id="1543" timestamp="2026-03-12T11:09:39Z" uid="1" user="OSMnx" version="1" changeset="1"><nd ref="7378436369" /><nd ref="7378436375" /><tag k="highway" v="secondary" /><tag k="name" v="Mahatma Gandhi Road" /><tag k="oneway" v="no" /></way><way id="1544" timestamp="2026-03-12T11:09:39Z" uid="1" user="OSMnx" version="1" changeset="1"><nd ref="7378436375" /><nd ref="1188784397" /><tag k="highway" v="tertiary" /><tag k="name" v="Shantilal Modi Road" /><tag k="oneway" v="no" /></way><way id="1545" timestamp="2026-03-12T11:09:39Z" uid="1" user="OSMnx" version="1" changeset="1"><nd ref="7378436375" /><nd ref="7378436348" /><tag k="highway" v="secondary" /><tag k="name" v="Mahatma Gandhi Road" /><tag k="oneway" v="no" /></way><way id="1546" timestamp="2026-03-12T11:09:39Z" uid="1" user="OSMnx" version="1" changeset="1"><nd ref="7378436379" /><nd ref="7378436381" /><tag k="highway" v="secondary" /><tag k="name" v="Mahatma Gandhi Road" /><tag k="oneway" v="no" /></way><way id="1547" timestamp="2026-03-12T11:09:39Z" uid="1" user="OSMnx" version="1" changeset="1"><nd ref="7378436381" /><nd ref="7378436382" /><tag k="highway" v="secondary" /><tag k="name" v="Mahatma Gandhi Road" /><tag k="oneway" v="no" /></way><way id="1548" timestamp="2026-03-12T11:09:39Z" uid="1" user="OSMnx" version="1" changeset="1"><nd ref="7378436382" /><nd ref="10110757864" /><tag k="highway" v="secondary" /><tag k="name" v="Mahatma Gandhi Road" /><tag k="oneway" v="no" /></way><way id="1549" timestamp="2026-03-12T11:09:39Z" uid="1" user="OSMnx" version="1" changeset="1"><nd ref="7378436383" /><nd ref="3795056555" /><tag k="highway" v="residential" /><tag k="name" v="M. G. Road #1" /><tag k="oneway" v="no" /></way><way id="1550" timestamp="2026-03-12T11:09:39Z" uid="1" user="OSMnx" version="1" changeset="1"><nd ref="7378436383" /><nd ref="7378448185" /><tag k="highway" v="secondary" /><tag k="name" v="Mahatma Gandhi Road" /><tag k="oneway" v="no" /></way><way id="1551" timestamp="2026-03-12T11:09:39Z" uid="1" user="OSMnx" version="1" changeset="1"><nd ref="7378448185" /><nd ref="10277339572" /><tag k="highway" v="secondary" /><tag k="name" v="Mahatma Gandhi Road" /><tag k="oneway" v="no" /></way><way id="1552" timestamp="2026-03-12T11:09:39Z" uid="1" user="OSMnx" version="1" changeset="1"><nd ref="7378448223" /><nd ref="1186904908" /><tag k="highway" v="tertiary" /><tag k="name" v="Bajaj Cross Road" /><tag k="oneway" v="no" /></way><way id="1553" timestamp="2026-03-12T11:09:39Z" uid="1" user="OSMnx" version="1" changeset="1"><nd ref="7378977319" /><nd ref="1343000662" /><tag k="highway" v="residential" /><tag k="oneway" v="no" /></way><way id="1554" timestamp="2026-03-12T11:09:39Z" uid="1" user="OSMnx" version="1" changeset="1"><nd ref="7378983357" /><nd ref="7378436348" /><tag k="highway" v="tertiary" /><tag k="name" v="Gaothan Market Road" /><tag k="oneway" v="no" /></way><way id="1555" timestamp="2026-03-12T11:09:39Z" uid="1" user="OSMnx" version="1" changeset="1"><nd ref="7378983357" /><nd ref="1188784397" /><tag k="highway" v="secondary" /><tag k="name" v="Mahatma Gandhi Road" /><tag k="oneway" v="no" /></way><way id="1556" timestamp="2026-03-12T11:09:39Z" uid="1" user="OSMnx" version="1" changeset="1"><nd ref="7379061333" /><nd ref="1361605354" /><tag k="highway" v="residential" /><tag k="name" v="Kedarmal Road" /><tag k="oneway" v="no" /></way><way id="1557" timestamp="2026-03-12T11:09:39Z" uid="1" user="OSMnx" version="1" changeset="1"><nd ref="7379061338" /><nd ref="1185856092" /><tag k="highway" v="tertiary" /><tag k="oneway" v="no" /></way><way id="1558" timestamp="2026-03-12T11:09:39Z" uid="1" user="OSMnx" version="1" changeset="1"><nd ref="7379061338" /><nd ref="9861077459" /><tag k="highway" v="tertiary" /><tag k="name" v="Haji Bapu Road" /><tag k="oneway" v="no" /></way><way id="1559" timestamp="2026-03-12T11:09:39Z" uid="1" user="OSMnx" version="1" changeset="1"><nd ref="7379061341" /><nd ref="1342993946" /><tag k="highway" v="tertiary" /><tag k="oneway" v="no" /></way><way id="1560" timestamp="2026-03-12T11:09:39Z" uid="1" user="OSMnx" version="1" changeset="1"><nd ref="7379061341" /><nd ref="7379061342" /><tag k="highway" v="residential" /><tag k="oneway" v="no" /></way><way id="1561" timestamp="2026-03-12T11:09:39Z" uid="1" user="OSMnx" version="1" changeset="1"><nd ref="7379061342" /><nd ref="1343025622" /><tag k="highway" v="residential" /><tag k="oneway" v="no" /></way><way id="1562" timestamp="2026-03-12T11:09:39Z" uid="1" user="OSMnx" version="1" changeset="1"><nd ref="7379061350" /><nd ref="7379061351" /><tag k="highway" v="residential" /><tag k="oneway" v="no" /></way><way id="1563" timestamp="2026-03-12T11:09:39Z" uid="1" user="OSMnx" version="1" changeset="1"><nd ref="7379061351" /><nd ref="3633836002" /><tag k="highway" v="residential" /><tag k="oneway" v="no" /></way><way id="1564" timestamp="2026-03-12T11:09:39Z" uid="1" user="OSMnx" version="1" changeset="1"><nd ref="7379604496" /><nd ref="7379604497" /><tag k="highway" v="residential" /><tag k="name" v="Hemu Colony Road" /><tag k="oneway" v="no" /></way><way id="1565" timestamp="2026-03-12T11:09:39Z" uid="1" user="OSMnx" version="1" changeset="1"><nd ref="7379604497" /><nd ref="9882415120" /><tag k="highway" v="residential" /><tag k="name" v="Irani Wadi Road" /><tag k="oneway" v="no" /></way><way id="1566" timestamp="2026-03-12T11:09:39Z" uid="1" user="OSMnx" version="1" changeset="1"><nd ref="7388110212" /><nd ref="2222707556" /><tag k="highway" v="residential" /><tag k="oneway" v="no" /></way><way id="1567" timestamp="2026-03-12T11:09:39Z" uid="1" user="OSMnx" version="1" changeset="1"><nd ref="7388110212" /><nd ref="7388110232" /><tag k="highway" v="secondary" /><tag k="name" v="Malad Marve Road" /><tag k="oneway" v="no" /></way><way id="1568" timestamp="2026-03-12T11:09:39Z" uid="1" user="OSMnx" version="1" changeset="1"><nd ref="7388110215" /><nd ref="7388110222" /><tag k="highway" v="secondary" /><tag k="name" v="Fr. Justin D'Souza Road" /><tag k="oneway" v="no" /></way><way id="1569" timestamp="2026-03-12T11:09:39Z" uid="1" user="OSMnx" version="1" changeset="1"><nd ref="7388110215" /><nd ref="2958524995" /><tag k="highway" v="residential" /><tag k="oneway" v="no" /></way><way id="1570" timestamp="2026-03-12T11:09:39Z" uid="1" user="OSMnx" version="1" changeset="1"><nd ref="7388110222" /><nd ref="7388110229" /><tag k="highway" v="secondary" /><tag k="name" v="Malad Marve Road" /><tag k="oneway" v="no" /></way><way id="1571" timestamp="2026-03-12T11:09:39Z" uid="1" user="OSMnx" version="1" changeset="1"><nd ref="7388110222" /><nd ref="245679851" /><tag k="highway" v="primary" /><tag k="name" v="Link Road" /><tag k="oneway" v="no" /></way><way id="1572" timestamp="2026-03-12T11:09:39Z" uid="1" user="OSMnx" version="1" changeset="1"><nd ref="7388110229" /><nd ref="3794269318" /><tag k="highway" v="primary" /><tag k="lanes" v="2" /><tag k="name" v="Goregaon Link Road" /><tag k="oneway" v="no" /></way><way id="1573" timestamp="2026-03-12T11:09:39Z" uid="1" user="OSMnx" version="1" changeset="1"><nd ref="7388110229" /><nd ref="7388110212" /><tag k="highway" v="secondary" /><tag k="name" v="Malad Marve Road" /><tag k="oneway" v="no" /></way><way id="1574" timestamp="2026-03-12T11:09:39Z" uid="1" user="OSMnx" version="1" changeset="1"><nd ref="7388110232" /><nd ref="7388110243" /><tag k="highway" v="secondary" /><tag k="name" v="Malad Marve Road" /><tag k="oneway" v="no" /></way><way id="1575" timestamp="2026-03-12T11:09:39Z" uid="1" user="OSMnx" version="1" changeset="1"><nd ref="7388110233" /><nd ref="7388110246" /><tag k="highway" v="secondary" /><tag k="name" v="Malad Marve Road" /><tag k="oneway" v="no" /></way><way id="1576" timestamp="2026-03-12T11:09:39Z" uid="1" user="OSMnx" version="1" changeset="1"><nd ref="7388110234" /><nd ref="7388110233" /><tag k="highway" v="secondary_link" /><tag k="oneway" v="no" /></way><way id="1577" timestamp="2026-03-12T11:09:39Z" uid="1" user="OSMnx" version="1" changeset="1"><nd ref="7388110234" /><nd ref="12330631592" /><tag k="highway" v="secondary" /><tag k="name" v="Malad Marve Road" /><tag k="oneway" v="no" /></way><way id="1578" timestamp="2026-03-12T11:09:39Z" uid="1" user="OSMnx" version="1" changeset="1"><nd ref="7388110240" /><nd ref="12330631591" /><tag k="highway" v="secondary" /><tag k="name" v="Malad Marve Road" /><tag k="oneway" v="no" /></way><way id="1579" timestamp="2026-03-12T11:09:39Z" uid="1" user="OSMnx" version="1" changeset="1"><nd ref="7388110240" /><nd ref="12330703647" /><tag k="highway" v="residential" /><tag k="oneway" v="no" /></way><way id="1580" timestamp="2026-03-12T11:09:39Z" uid="1" user="OSMnx" version="1" changeset="1"><nd ref="7388110243" /><nd ref="245679988" /><tag k="highway" v="secondary" /><tag k="oneway" v="no" /></way><way id="1581" timestamp="2026-03-12T11:09:39Z" uid="1" user="OSMnx" version="1" changeset="1"><nd ref="7388110243" /><nd ref="7388110240" /><tag k="highway" v="secondary" /><tag k="name" v="Malad Marve Road" /><tag k="oneway" v="no" /></way><way id="1582" timestamp="2026-03-12T11:09:39Z" uid="1" user="OSMnx" version="1" changeset="1"><nd ref="7388110246" /><nd ref="10093838939" /><tag k="highway" v="secondary" /><tag k="name" v="Malad Marve Road" /><tag k="oneway" v="no" /></way><way id="1583" timestamp="2026-03-12T11:09:39Z" uid="1" user="OSMnx" version="1" changeset="1"><nd ref="7388110246" /><nd ref="7388110234" /><tag k="highway" v="secondary" /><tag k="name" v="Malad Marve Road" /><tag k="oneway" v="no" /></way><way id="1584" timestamp="2026-03-12T11:09:39Z" uid="1" user="OSMnx" version="1" changeset="1"><nd ref="7388123457" /><nd ref="7388123464" /><tag k="highway" v="secondary" /><tag k="name" v="Chunilal Giridharlal Road" /><tag k="oneway" v="no" /></way><way id="1585" timestamp="2026-03-12T11:09:39Z" uid="1" user="OSMnx" version="1" changeset="1"><nd ref="7388123457" /><nd ref="3795056196" /><tag k="highway" v="tertiary" /><tag k="name" v="Bhailal Jhaveri Patel Road" /><tag k="oneway" v="no" /></way><way id="1586" timestamp="2026-03-12T11:09:39Z" uid="1" user="OSMnx" version="1" changeset="1"><nd ref="7388123459" /><nd ref="7388123461" /><tag k="highway" v="secondary" /><tag k="name" v="J Dsuoza Road" /><tag k="oneway" v="no" /></way><way id="1587" timestamp="2026-03-12T11:09:39Z" uid="1" user="OSMnx" version="1" changeset="1"><nd ref="7388123459" /><nd ref="10277511253" /><tag k="highway" v="secondary_link" /><tag k="oneway" v="no" /></way><way id="1588" timestamp="2026-03-12T11:09:39Z" uid="1" user="OSMnx" version="1" changeset="1"><nd ref="7388123461" /><nd ref="3795056259" /><tag k="highway" v="secondary" /><tag k="name" v="Chunilal Giridharlal Road" /><tag k="oneway" v="no" /></way><way id="1589" timestamp="2026-03-12T11:09:39Z" uid="1" user="OSMnx" version="1" changeset="1"><nd ref="7388123464" /><nd ref="627836085" /><tag k="highway" v="residential" /><tag k="name" v="Adarsha Dughdalaya Road" /><tag k="oneway" v="no" /></way><way id="1590" timestamp="2026-03-12T11:09:39Z" uid="1" user="OSMnx" version="1" changeset="1"><nd ref="7388123464" /><nd ref="627835805" /><tag k="highway" v="secondary" /><tag k="name" v="Chunilal Giridharlal Road" /><tag k="oneway" v="no" /></way><way id="1591" timestamp="2026-03-12T11:09:39Z" uid="1" user="OSMnx" version="1" changeset="1"><nd ref="7388123466" /><nd ref="8711234598" /><tag k="highway" v="secondary" /><tag k="name" v="Chunilal Giridharlal Road" /><tag k="oneway" v="no" /></way><way id="1592" timestamp="2026-03-12T11:09:39Z" uid="1" user="OSMnx" version="1" changeset="1"><nd ref="7388123466" /><nd ref="3795056245" /><tag k="highway" v="residential" /><tag k="oneway" v="no" /></way><way id="1593" timestamp="2026-03-12T11:09:39Z" uid="1" user="OSMnx" version="1" changeset="1"><nd ref="7392412398" /><nd ref="1361559723" /><tag k="highway" v="residential" /><tag k="oneway" v="no" /></way><way id="1594" timestamp="2026-03-12T11:09:39Z" uid="1" user="OSMnx" version="1" changeset="1"><nd ref="7392412398" /><nd ref="7392412399" /><tag k="highway" v="primary" /><tag k="name" v="Swami Vivekanand Road" /><tag k="oneway" v="no" /></way><way id="1595" timestamp="2026-03-12T11:09:39Z" uid="1" user="OSMnx" version="1" changeset="1"><nd ref="7392412399" /><nd ref="11033780584" /><tag k="highway" v="primary" /><tag k="name" v="Swami Vivekanand Road" /><tag k="oneway" v="no" /></way><way id="1596" timestamp="2026-03-12T11:09:39Z" uid="1" user="OSMnx" version="1" changeset="1"><nd ref="7392412399" /><nd ref="2224023711" /><tag k="highway" v="residential" /><tag k="oneway" v="no" /></way><way id="1597" timestamp="2026-03-12T11:09:39Z" uid="1" user="OSMnx" version="1" changeset="1"><nd ref="7392412404" /><nd ref="7392412426" /><tag k="highway" v="primary" /><tag k="name" v="Swami Vivekanand Road" /><tag k="oneway" v="no" /></way><way id="1598" timestamp="2026-03-12T11:09:39Z" uid="1" user="OSMnx" version="1" changeset="1"><nd ref="7392412406" /><nd ref="627835036" /><tag k="highway" v="residential" /><tag k="name" v="Goraswadi Raod" /><tag k="oneway" v="no" /></way><way id="1599" timestamp="2026-03-12T11:09:39Z" uid="1" user="OSMnx" version="1" changeset="1"><nd ref="7392412406" /><nd ref="7392412398" /><tag k="highway" v="primary" /><tag k="name" v="Swami Vivekanand Road" /><tag k="oneway" v="no" /></way><way id="1600" timestamp="2026-03-12T11:09:39Z" uid="1" user="OSMnx" version="1" changeset="1"><nd ref="7392412407" /><nd ref="7392412417" /><tag k="highway" v="primary" /><tag k="name" v="Swami Vivekanand Road" /><tag k="oneway" v="no" /></way><way id="1601" timestamp="2026-03-12T11:09:39Z" uid="1" user="OSMnx" version="1" changeset="1"><nd ref="7392412407" /><nd ref="627837248" /><tag k="highway" v="secondary_link" /><tag k="oneway" v="no" /></way><way id="1602" timestamp="2026-03-12T11:09:39Z" uid="1" user="OSMnx" version="1" changeset="1"><nd ref="7392412410" /><nd ref="1188812112" /><tag k="highway" v="residential" /><tag k="name" v="Adukia Road" /><tag k="oneway" v="no" /></way><way id="1603" timestamp="2026-03-12T11:09:39Z" uid="1" user="OSMnx" version="1" changeset="1"><nd ref="7392412410" /><nd ref="7392412412" /><tag k="highway" v="primary" /><tag k="name" v="Swami Vivekanand Road" /><tag k="oneway" v="no" /></way><way id="1604" timestamp="2026-03-12T11:09:39Z" uid="1" user="OSMnx" version="1" changeset="1"><nd ref="7392412412" /><nd ref="3795056480" /><tag k="highway" v="tertiary_link" /><tag k="name" v="Shantilal Modi Road" /><tag k="oneway" v="no" /></way><way id="1605" timestamp="2026-03-12T11:09:39Z" uid="1" user="OSMnx" version="1" changeset="1"><nd ref="7392412412" /><nd ref="7392412407" /><tag k="highway" v="primary" /><tag k="name" v="Swami Vivekanand Road" /><tag k="oneway" v="no" /></way><way id="1606" timestamp="2026-03-12T11:09:39Z" uid="1" user="OSMnx" version="1" changeset="1"><nd ref="7392412417" /><nd ref="627837248" /><tag k="highway" v="secondary" /><tag k="name" v="M B Desai Road" /><tag k="oneway" v="no" /></way><way id="1607" timestamp="2026-03-12T11:09:39Z" uid="1" user="OSMnx" version="1" changeset="1"><nd ref="7392412417" /><nd ref="7397336334" /><tag k="highway" v="primary" /><tag k="name" v="Swami Vivekanand Road" /><tag k="oneway" v="no" /></way><way id="1608" timestamp="2026-03-12T11:09:39Z" uid="1" user="OSMnx" version="1" changeset="1"><nd ref="7392412418" /><nd ref="7392412419" /><tag k="highway" v="primary" /><tag k="name" v="Swami Vivekanand Road" /><tag k="oneway" v="no" /></way><way id="1609" timestamp="2026-03-12T11:09:39Z" uid="1" user="OSMnx" version="1" changeset="1"><nd ref="7392412419" /><nd ref="3795056319" /><tag k="highway" v="residential" /><tag k="oneway" v="no" /></way><way id="1610" timestamp="2026-03-12T11:09:39Z" uid="1" user="OSMnx" version="1" changeset="1"><nd ref="7392412419" /><nd ref="7392412422" /><tag k="highway" v="primary" /><tag k="name" v="Swami Vivekanand Road" /><tag k="oneway" v="no" /></way><way id="1611" timestamp="2026-03-12T11:09:39Z" uid="1" user="OSMnx" version="1" changeset="1"><nd ref="7392412422" /><nd ref="3795056319" /><tag k="highway" v="residential" /><tag k="oneway" v="no" /></way><way id="1612" timestamp="2026-03-12T11:09:39Z" uid="1" user="OSMnx" version="1" changeset="1"><nd ref="7392412422" /><nd ref="7392412406" /><tag k="highway" v="primary" /><tag k="name" v="Swami Vivekanand Road" /><tag k="oneway" v="no" /></way><way id="1613" timestamp="2026-03-12T11:09:39Z" uid="1" user="OSMnx" version="1" changeset="1"><nd ref="7392412426" /><nd ref="1347702322" /><tag k="highway" v="residential" /><tag k="oneway" v="no" /></way><way id="1614" timestamp="2026-03-12T11:09:39Z" uid="1" user="OSMnx" version="1" changeset="1"><nd ref="7392412426" /><nd ref="10687992558" /><tag k="highway" v="primary" /><tag k="name" v="Swami Vivekanand Road" /><tag k="oneway" v="no" /></way><way id="1615" timestamp="2026-03-12T11:09:39Z" uid="1" user="OSMnx" version="1" changeset="1"><nd ref="7397336299" /><nd ref="7370509470" /><tag k="highway" v="residential" /><tag k="oneway" v="no" /></way><way id="1616" timestamp="2026-03-12T11:09:39Z" uid="1" user="OSMnx" version="1" changeset="1"><nd ref="7397336299" /><nd ref="7397336333" /><tag k="highway" v="secondary" /><tag k="name" v="['M B Desai Road', 'Rajguru Flyover']" /><tag k="oneway" v="no" /></way><way id="1617" timestamp="2026-03-12T11:09:39Z" uid="1" user="OSMnx" version="1" changeset="1"><nd ref="7397336317" /><nd ref="1361559729" /><tag k="highway" v="residential" /><tag k="name" v="Tikamdas Road" /><tag k="oneway" v="no" /></way><way id="1618" timestamp="2026-03-12T11:09:39Z" uid="1" user="OSMnx" version="1" changeset="1"><nd ref="7397336317" /><nd ref="7397336319" /><tag k="highway" v="residential" /><tag k="oneway" v="no" /></way><way id="1619" timestamp="2026-03-12T11:09:39Z" uid="1" user="OSMnx" version="1" changeset="1"><nd ref="7397336319" /><nd ref="7397336333" /><tag k="highway" v="residential" /><tag k="oneway" v="no" /></way><way id="1620" timestamp="2026-03-12T11:09:39Z" uid="1" user="OSMnx" version="1" changeset="1"><nd ref="7397336319" /><nd ref="11065301120" /><tag k="highway" v="residential" /><tag k="oneway" v="no" /></way><way id="1621" timestamp="2026-03-12T11:09:39Z" uid="1" user="OSMnx" version="1" changeset="1"><nd ref="7397336333" /><nd ref="7397336334" /><tag k="highway" v="secondary" /><tag k="name" v="M B Desai Road" /><tag k="oneway" v="no" /></way><way id="1622" timestamp="2026-03-12T11:09:39Z" uid="1" user="OSMnx" version="1" changeset="1"><nd ref="7397336333" /><nd ref="7392412418" /><tag k="highway" v="secondary_link" /><tag k="oneway" v="no" /></way><way id="1623" timestamp="2026-03-12T11:09:39Z" uid="1" user="OSMnx" version="1" changeset="1"><nd ref="7397336334" /><nd ref="7397336335" /><tag k="highway" v="secondary" /><tag k="name" v="M B Desai Road" /><tag k="oneway" v="no" /></way><way id="1624" timestamp="2026-03-12T11:09:39Z" uid="1" user="OSMnx" version="1" changeset="1"><nd ref="7397336334" /><nd ref="7392412418" /><tag k="highway" v="primary" /><tag k="name" v="Swami Vivekanand Road" /><tag k="oneway" v="no" /></way><way id="1625" timestamp="2026-03-12T11:09:39Z" uid="1" user="OSMnx" version="1" changeset="1"><nd ref="7397336335" /><nd ref="627835037" /><tag k="highway" v="primary" /><tag k="name" v="Swami Vivekanand Road" /><tag k="oneway" v="no" /></way><way id="1626" timestamp="2026-03-12T11:09:39Z" uid="1" user="OSMnx" version="1" changeset="1"><nd ref="7397336335" /><nd ref="12071262429" /><tag k="highway" v="tertiary" /><tag k="name" v="Shankar Lane" /><tag k="oneway" v="no" /></way><way id="1627" timestamp="2026-03-12T11:09:39Z" uid="1" user="OSMnx" version="1" changeset="1"><nd ref="7398169348" /><nd ref="11027755171" /><tag k="highway" v="primary" /><tag k="name" v="Swami Vivekanand Road" /><tag k="oneway" v="no" /></way><way id="1628" timestamp="2026-03-12T11:09:39Z" uid="1" user="OSMnx" version="1" changeset="1"><nd ref="7398169353" /><nd ref="7398169374" /><tag k="highway" v="primary" /><tag k="name" v="Swami Vivekanand Road" /><tag k="oneway" v="no" /></way><way id="1629" timestamp="2026-03-12T11:09:39Z" uid="1" user="OSMnx" version="1" changeset="1"><nd ref="7398169355" /><nd ref="1186902566" /><tag k="highway" v="secondary" /><tag k="oneway" v="no" /></way><way id="1630" timestamp="2026-03-12T11:09:39Z" uid="1" user="OSMnx" version="1" changeset="1"><nd ref="7398169356" /><nd ref="3795055154" /><tag k="highway" v="residential" /><tag k="oneway" v="no" /></way><way id="1631" timestamp="2026-03-12T11:09:39Z" uid="1" user="OSMnx" version="1" changeset="1"><nd ref="7398169356" /><nd ref="7398169358" /><tag k="highway" v="primary" /><tag k="name" v="Swami Vivekanand Road" /><tag k="oneway" v="no" /></way><way id="1632" timestamp="2026-03-12T11:09:39Z" uid="1" user="OSMnx" version="1" changeset="1"><nd ref="7398169358" /><nd ref="7398169359" /><tag k="highway" v="primary" /><tag k="name" v="Swami Vivekanand Road" /><tag k="oneway" v="no" /></way><way id="1633" timestamp="2026-03-12T11:09:39Z" uid="1" user="OSMnx" version="1" changeset="1"><nd ref="7398169358" /><nd ref="3795055136" /><tag k="highway" v="residential" /><tag k="oneway" v="no" /></way><way id="1634" timestamp="2026-03-12T11:09:39Z" uid="1" user="OSMnx" version="1" changeset="1"><nd ref="7398169359" /><nd ref="1343009451" /><tag k="highway" v="tertiary" /><tag k="name" v="Mamledar wadi Road" /><tag k="oneway" v="no" /></way><way id="1635" timestamp="2026-03-12T11:09:39Z" uid="1" user="OSMnx" version="1" changeset="1"><nd ref="7398169359" /><nd ref="7398169361" /><tag k="highway" v="primary" /><tag k="name" v="Swami Vivekanand Road" /><tag k="oneway" v="no" /></way><way id="1636" timestamp="2026-03-12T11:09:39Z" uid="1" user="OSMnx" version="1" changeset="1"><nd ref="7398169361" /><nd ref="1185859882" /><tag k="highway" v="secondary" /><tag k="oneway" v="no" /></way><way id="1637" timestamp="2026-03-12T11:09:39Z" uid="1" user="OSMnx" version="1" changeset="1"><nd ref="7398169361" /><nd ref="7398169365" /><tag k="highway" v="primary" /><tag k="name" v="Swami Vivekanand Road" /><tag k="oneway" v="no" /></way><way id="1638" timestamp="2026-03-12T11:09:39Z" uid="1" user="OSMnx" version="1" changeset="1"><nd ref="7398169365" /><nd ref="1186902064" /><tag k="highway" v="residential" /><tag k="oneway" v="no" /></way><way id="1639" timestamp="2026-03-12T11:09:39Z" uid="1" user="OSMnx" version="1" changeset="1"><nd ref="7398169365" /><nd ref="13352597190" /><tag k="highway" v="primary" /><tag k="name" v="Swami Vivekanand Road" /><tag k="oneway" v="no" /></way><way id="1640" timestamp="2026-03-12T11:09:39Z" uid="1" user="OSMnx" version="1" changeset="1"><nd ref="7398169370" /><nd ref="1185856096" /><tag k="highway" v="residential" /><tag k="name" v="Kasturba Road" /><tag k="oneway" v="no" /></way><way id="1641" timestamp="2026-03-12T11:09:39Z" uid="1" user="OSMnx" version="1" changeset="1"><nd ref="7398169370" /><nd ref="9198559600" /><tag k="highway" v="primary" /><tag k="name" v="Swami Vivekanand Road" /><tag k="oneway" v="no" /></way><way id="1642" timestamp="2026-03-12T11:09:39Z" uid="1" user="OSMnx" version="1" changeset="1"><nd ref="7398169374" /><nd ref="7398169375" /><tag k="highway" v="primary" /><tag k="name" v="Swami Vivekanand Road" /><tag k="oneway" v="no" /></way><way id="1643" timestamp="2026-03-12T11:09:39Z" uid="1" user="OSMnx" version="1" changeset="1"><nd ref="7398169374" /><nd ref="7374089047" /><tag k="highway" v="residential" /><tag k="oneway" v="no" /></way><way id="1644" timestamp="2026-03-12T11:09:39Z" uid="1" user="OSMnx" version="1" changeset="1"><nd ref="7398169375" /><nd ref="4352414427" /><tag k="highway" v="residential" /><tag k="oneway" v="no" /></way><way id="1645" timestamp="2026-03-12T11:09:39Z" uid="1" user="OSMnx" version="1" changeset="1"><nd ref="7398169375" /><nd ref="7398169376" /><tag k="highway" v="primary" /><tag k="name" v="Swami Vivekanand Road" /><tag k="oneway" v="no" /></way><way id="1646" timestamp="2026-03-12T11:09:39Z" uid="1" user="OSMnx" version="1" changeset="1"><nd ref="7398169376" /><nd ref="7398169377" /><tag k="highway" v="primary" /><tag k="name" v="Swami Vivekanand Road" /><tag k="oneway" v="no" /></way><way id="1647" timestamp="2026-03-12T11:09:39Z" uid="1" user="OSMnx" version="1" changeset="1"><nd ref="7398169376" /><nd ref="4347108605" /><tag k="highway" v="residential" /><tag k="oneway" v="no" /></way><way id="1648" timestamp="2026-03-12T11:09:39Z" uid="1" user="OSMnx" version="1" changeset="1"><nd ref="7398169377" /><nd ref="4352414419" /><tag k="highway" v="residential" /><tag k="oneway" v="no" /></way><way id="1649" timestamp="2026-03-12T11:09:39Z" uid="1" user="OSMnx" version="1" changeset="1"><nd ref="7398169377" /><nd ref="7398169383" /><tag k="highway" v="primary" /><tag k="name" v="Swami Vivekanand Road" /><tag k="oneway" v="no" /></way><way id="1650" timestamp="2026-03-12T11:09:39Z" uid="1" user="OSMnx" version="1" changeset="1"><nd ref="7398169383" /><nd ref="1185839766" /><tag k="highway" v="residential" /><tag k="lanes" v="2" /><tag k="name" v="Chinchawali Bunder Road" /><tag k="oneway" v="no" /></way><way id="1651" timestamp="2026-03-12T11:09:39Z" uid="1" user="OSMnx" version="1" changeset="1"><nd ref="7398169383" /><nd ref="7398222686" /><tag k="highway" v="primary" /><tag k="name" v="Swami Vivekanand Road" /><tag k="oneway" v="no" /></way><way id="1652" timestamp="2026-03-12T11:09:39Z" uid="1" user="OSMnx" version="1" changeset="1"><nd ref="7398222686" /><nd ref="7398222687" /><tag k="highway" v="primary" /><tag k="name" v="Swami Vivekanand Road" /><tag k="oneway" v="no" /></way><way id="1653" timestamp="2026-03-12T11:09:39Z" uid="1" user="OSMnx" version="1" changeset="1"><nd ref="7398222687" /><nd ref="7398169348" /><tag k="highway" v="primary" /><tag k="name" v="Swami Vivekanand Road" /><tag k="oneway" v="no" /></way><way id="1654" timestamp="2026-03-12T11:09:39Z" uid="1" user="OSMnx" version="1" changeset="1"><nd ref="7398222690" /><nd ref="627835035" /><tag k="highway" v="primary" /><tag k="name" v="Swami Vivekanand Road" /><tag k="oneway" v="no" /></way><way id="1655" timestamp="2026-03-12T11:09:39Z" uid="1" user="OSMnx" version="1" changeset="1"><nd ref="7398222690" /><nd ref="7388123466" /><tag k="highway" v="secondary" /><tag k="name" v="Chunilal Giridharlal Road" /><tag k="oneway" v="no" /></way><way id="1656" timestamp="2026-03-12T11:09:39Z" uid="1" user="OSMnx" version="1" changeset="1"><nd ref="7398222695" /><nd ref="3795056204" /><tag k="highway" v="residential" /><tag k="oneway" v="no" /></way><way id="1657" timestamp="2026-03-12T11:09:39Z" uid="1" user="OSMnx" version="1" changeset="1"><nd ref="7398222695" /><nd ref="7398169355" /><tag k="highway" v="secondary" /><tag k="name" v="Swami Vivekanand Road" /><tag k="oneway" v="no" /></way><way id="1658" timestamp="2026-03-12T11:09:39Z" uid="1" user="OSMnx" version="1" changeset="1"><nd ref="7398222695" /><nd ref="10264514244" /><tag k="highway" v="primary" /><tag k="name" v="Swami Vivekanand Road" /><tag k="oneway" v="no" /></way><way id="1659" timestamp="2026-03-12T11:09:39Z" uid="1" user="OSMnx" version="1" changeset="1"><nd ref="7398222699" /><nd ref="1343008504" /><tag k="highway" v="secondary" /><tag k="name" v="Kachipada Ramchandra Lane" /><tag k="oneway" v="no" /></way><way id="1660" timestamp="2026-03-12T11:09:39Z" uid="1" user="OSMnx" version="1" changeset="1"><nd ref="7398222699" /><nd ref="13335414943" /><tag k="highway" v="residential" /><tag k="oneway" v="no" /></way><way id="1661" timestamp="2026-03-12T11:09:39Z" uid="1" user="OSMnx" version="1" changeset="1"><nd ref="7398222703" /><nd ref="7398222708" /><tag k="highway" v="primary" /><tag k="name" v="Swami Vivekanand Road" /><tag k="oneway" v="no" /></way><way id="1662" timestamp="2026-03-12T11:09:39Z" uid="1" user="OSMnx" version="1" changeset="1"><nd ref="7398222708" /><nd ref="7398222690" /><tag k="highway" v="secondary" /><tag k="name" v="Chunilal Giridharlal Road" /><tag k="oneway" v="no" /></way><way id="1663" timestamp="2026-03-12T11:09:39Z" uid="1" user="OSMnx" version="1" changeset="1"><nd ref="7398222708" /><nd ref="7398222695" /><tag k="highway" v="primary" /><tag k="name" v="Swami Vivekanand Road" /><tag k="oneway" v="no" /></way><way id="1664" timestamp="2026-03-12T11:09:39Z" uid="1" user="OSMnx" version="1" changeset="1"><nd ref="8606021913" /><nd ref="7374550836" /><tag k="highway" v="secondary" /><tag k="name" v="Chunilal Giridharlal Road" /><tag k="oneway" v="no" /></way><way id="1665" timestamp="2026-03-12T11:09:39Z" uid="1" user="OSMnx" version="1" changeset="1"><nd ref="8620104716" /><nd ref="8620160618" /><tag k="highway" v="residential" /><tag k="oneway" v="no" /></way><way id="1666" timestamp="2026-03-12T11:09:39Z" uid="1" user="OSMnx" version="1" changeset="1"><nd ref="8620104716" /><nd ref="1346768892" /><tag k="highway" v="residential" /><tag k="name" v="Adarsha Dughdalaya Road" /><tag k="oneway" v="no" /></way><way id="1667" timestamp="2026-03-12T11:09:39Z" uid="1" user="OSMnx" version="1" changeset="1"><nd ref="8620160618" /><nd ref="8620160617" /><tag k="highway" v="residential" /><tag k="oneway" v="no" /></way><way id="1668" timestamp="2026-03-12T11:09:39Z" uid="1" user="OSMnx" version="1" changeset="1"><nd ref="8620160618" /><nd ref="8620160619" /><tag k="highway" v="residential" /><tag k="oneway" v="no" /></way><way id="1669" timestamp="2026-03-12T11:09:39Z" uid="1" user="OSMnx" version="1" changeset="1"><nd ref="8630706701" /><nd ref="2222708465" /><tag k="highway" v="residential" /><tag k="oneway" v="no" /></way><way id="1670" timestamp="2026-03-12T11:09:39Z" uid="1" user="OSMnx" version="1" changeset="1"><nd ref="8630706701" /><nd ref="8630706705" /><tag k="highway" v="residential" /><tag k="oneway" v="no" /></way><way id="1671" timestamp="2026-03-12T11:09:39Z" uid="1" user="OSMnx" version="1" changeset="1"><nd ref="8666364686" /><nd ref="7378436369" /><tag k="highway" v="secondary" /><tag k="name" v="Mahatma Gandhi Road" /><tag k="oneway" v="no" /></way><way id="1672" timestamp="2026-03-12T11:09:39Z" uid="1" user="OSMnx" version="1" changeset="1"><nd ref="8682224711" /><nd ref="1347496099" /><tag k="highway" v="residential" /><tag k="oneway" v="no" /></way><way id="1673" timestamp="2026-03-12T11:09:39Z" uid="1" user="OSMnx" version="1" changeset="1"><nd ref="8682265956" /><nd ref="12211992325" /><tag k="highway" v="residential" /><tag k="oneway" v="no" /></way><way id="1674" timestamp="2026-03-12T11:09:39Z" uid="1" user="OSMnx" version="1" changeset="1"><nd ref="8711234596" /><nd ref="11033740147" /><tag k="highway" v="residential" /><tag k="oneway" v="no" /></way><way id="1675" timestamp="2026-03-12T11:09:39Z" uid="1" user="OSMnx" version="1" changeset="1"><nd ref="8711234598" /><nd ref="7388123457" /><tag k="highway" v="secondary" /><tag k="name" v="Chunilal Giridharlal Road" /><tag k="oneway" v="no" /></way><way id="1676" timestamp="2026-03-12T11:09:39Z" uid="1" user="OSMnx" version="1" changeset="1"><nd ref="8711804107" /><nd ref="7379061333" /><tag k="highway" v="residential" /><tag k="oneway" v="no" /></way><way id="1677" timestamp="2026-03-12T11:09:39Z" uid="1" user="OSMnx" version="1" changeset="1"><nd ref="8711804107" /><nd ref="8711804109" /><tag k="highway" v="residential" /><tag k="oneway" v="no" /></way><way id="1678" timestamp="2026-03-12T11:09:39Z" uid="1" user="OSMnx" version="1" changeset="1"><nd ref="8909135902" /><nd ref="10564488598" /><tag k="highway" v="secondary" /><tag k="name" v="Bhoomi Park Road" /><tag k="oneway" v="no" /></way><way id="1679" timestamp="2026-03-12T11:09:39Z" uid="1" user="OSMnx" version="1" changeset="1"><nd ref="8909135908" /><nd ref="10564488601" /><tag k="highway" v="secondary" /><tag k="name" v="Bhoomi Park Road" /><tag k="oneway" v="no" /></way><way id="1680" timestamp="2026-03-12T11:09:39Z" uid="1" user="OSMnx" version="1" changeset="1"><nd ref="8909135910" /><nd ref="1646685595" /><tag k="highway" v="secondary" /><tag k="oneway" v="no" /></way><way id="1681" timestamp="2026-03-12T11:09:39Z" uid="1" user="OSMnx" version="1" changeset="1"><nd ref="8909135910" /><nd ref="8909135908" /><tag k="highway" v="secondary" /><tag k="name" v="Bhoomi Park Road" /><tag k="oneway" v="no" /></way><way id="1682" timestamp="2026-03-12T11:09:39Z" uid="1" user="OSMnx" version="1" changeset="1"><nd ref="9179528279" /><nd ref="1646859097" /><tag k="highway" v="residential" /><tag k="oneway" v="no" /></way><way id="1683" timestamp="2026-03-12T11:09:39Z" uid="1" user="OSMnx" version="1" changeset="1"><nd ref="9179528279" /><nd ref="1646859111" /><tag k="highway" v="living_street" /><tag k="oneway" v="no" /></way><way id="1684" timestamp="2026-03-12T11:09:39Z" uid="1" user="OSMnx" version="1" changeset="1"><nd ref="9179528288" /><nd ref="9179528290" /><tag k="highway" v="residential" /><tag k="oneway" v="no" /></way><way id="1685" timestamp="2026-03-12T11:09:39Z" uid="1" user="OSMnx" version="1" changeset="1"><nd ref="9179528290" /><nd ref="13572591173" /><tag k="highway" v="primary" /><tag k="lanes" v="2" /><tag k="name" v="Link Road" /><tag k="oneway" v="no" /></way><way id="1686" timestamp="2026-03-12T11:09:39Z" uid="1" user="OSMnx" version="1" changeset="1"><nd ref="9198559600" /><nd ref="9198559601" /><tag k="highway" v="residential" /><tag k="oneway" v="no" /></way><way id="1687" timestamp="2026-03-12T11:09:39Z" uid="1" user="OSMnx" version="1" changeset="1"><nd ref="9198559600" /><nd ref="7398169353" /><tag k="highway" v="primary" /><tag k="name" v="Swami Vivekanand Road" /><tag k="oneway" v="no" /></way><way id="1688" timestamp="2026-03-12T11:09:39Z" uid="1" user="OSMnx" version="1" changeset="1"><nd ref="9199168838" /><nd ref="9199168839" /><tag k="highway" v="residential" /><tag k="oneway" v="no" /></way><way id="1689" timestamp="2026-03-12T11:09:39Z" uid="1" user="OSMnx" version="1" changeset="1"><nd ref="9199168838" /><nd ref="9199168840" /><tag k="highway" v="residential" /><tag k="oneway" v="no" /></way><way id="1690" timestamp="2026-03-12T11:09:39Z" uid="1" user="OSMnx" version="1" changeset="1"><nd ref="9199168840" /><nd ref="3795056247" /><tag k="highway" v="residential" /><tag k="oneway" v="no" /></way><way id="1691" timestamp="2026-03-12T11:09:39Z" uid="1" user="OSMnx" version="1" changeset="1"><nd ref="9199168840" /><nd ref="9199168841" /><tag k="highway" v="residential" /><tag k="oneway" v="no" /></way><way id="1692" timestamp="2026-03-12T11:09:39Z" uid="1" user="OSMnx" version="1" changeset="1"><nd ref="9352512183" /><nd ref="9352512184" /><tag k="highway" v="residential" /><tag k="lanes" v="3" /><tag k="maxspeed" v="50" /><tag k="name" v="Hemu Colony Road" /><tag k="oneway" v="no" /></way><way id="1693" timestamp="2026-03-12T11:09:39Z" uid="1" user="OSMnx" version="1" changeset="1"><nd ref="9352512184" /><nd ref="7379604497" /><tag k="highway" v="residential" /><tag k="name" v="Irani Wadi Road" /><tag k="oneway" v="no" /></way><way id="1694" timestamp="2026-03-12T11:09:39Z" uid="1" user="OSMnx" version="1" changeset="1"><nd ref="9684318527" /><nd ref="9684318528" /><tag k="highway" v="primary_link" /><tag k="oneway" v="no" /></way><way id="1695" timestamp="2026-03-12T11:09:39Z" uid="1" user="OSMnx" version="1" changeset="1"><nd ref="9684318527" /><nd ref="6204119841" /><tag k="highway" v="primary" /><tag k="lanes" v="2" /><tag k="name" v="Link Road" /><tag k="oneway" v="no" /></way><way id="1696" timestamp="2026-03-12T11:09:39Z" uid="1" user="OSMnx" version="1" changeset="1"><nd ref="9684318528" /><nd ref="245678732" /><tag k="highway" v="primary" /><tag k="name" v="Link Road" /><tag k="oneway" v="no" /></way><way id="1697" timestamp="2026-03-12T11:09:39Z" uid="1" user="OSMnx" version="1" changeset="1"><nd ref="9859727558" /><nd ref="1195179702" /><tag k="highway" v="primary" /><tag k="name" v="Link Road" /><tag k="oneway" v="no" /></way><way id="1698" timestamp="2026-03-12T11:09:39Z" uid="1" user="OSMnx" version="1" changeset="1"><nd ref="9861074902" /><nd ref="9861074903" /><tag k="highway" v="tertiary" /><tag k="oneway" v="no" /></way><way id="1699" timestamp="2026-03-12T11:09:39Z" uid="1" user="OSMnx" version="1" changeset="1"><nd ref="9861074903" /><nd ref="1361589371" /><tag k="highway" v="tertiary" /><tag k="name" v="Poddar Road" /><tag k="oneway" v="no" /></way><way id="1700" timestamp="2026-03-12T11:09:39Z" uid="1" user="OSMnx" version="1" changeset="1"><nd ref="9861074903" /><nd ref="9861077433" /><tag k="highway" v="tertiary" /><tag k="oneway" v="no" /></way><way id="1701" timestamp="2026-03-12T11:09:39Z" uid="1" user="OSMnx" version="1" changeset="1"><nd ref="9861077433" /><nd ref="10277477781" /><tag k="highway" v="tertiary" /><tag k="oneway" v="no" /></way><way id="1702" timestamp="2026-03-12T11:09:39Z" uid="1" user="OSMnx" version="1" changeset="1"><nd ref="9861077433" /><nd ref="9861074902" /><tag k="highway" v="tertiary" /><tag k="oneway" v="no" /></way><way id="1703" timestamp="2026-03-12T11:09:39Z" uid="1" user="OSMnx" version="1" changeset="1"><nd ref="9861077452" /><nd ref="10593931247" /><tag k="highway" v="residential" /><tag k="oneway" v="no" /></way><way id="1704" timestamp="2026-03-12T11:09:39Z" uid="1" user="OSMnx" version="1" changeset="1"><nd ref="9861077452" /><nd ref="1365236409" /><tag k="highway" v="tertiary" /><tag k="name" v="Haji Bapu Road" /><tag k="oneway" v="no" /></way><way id="1705" timestamp="2026-03-12T11:09:39Z" uid="1" user="OSMnx" version="1" changeset="1"><nd ref="9861077454" /><nd ref="4701215494" /><tag k="highway" v="residential" /><tag k="oneway" v="no" /></way><way id="1706" timestamp="2026-03-12T11:09:39Z" uid="1" user="OSMnx" version="1" changeset="1"><nd ref="9861077454" /><nd ref="9861077458" /><tag k="highway" v="residential" /><tag k="oneway" v="no" /></way><way id="1707" timestamp="2026-03-12T11:09:39Z" uid="1" user="OSMnx" version="1" changeset="1"><nd ref="9861077458" /><nd ref="9861077459" /><tag k="highway" v="residential" /><tag k="oneway" v="no" /></way><way id="1708" timestamp="2026-03-12T11:09:39Z" uid="1" user="OSMnx" version="1" changeset="1"><nd ref="9861077458" /><nd ref="7379061338" /><tag k="highway" v="tertiary" /><tag k="name" v="Haji Bapu Road" /><tag k="oneway" v="no" /></way><way id="1709" timestamp="2026-03-12T11:09:39Z" uid="1" user="OSMnx" version="1" changeset="1"><nd ref="9861077459" /><nd ref="1365236418" /><tag k="highway" v="tertiary" /><tag k="name" v="Haji Bapu Road" /><tag k="oneway" v="no" /></way><way id="1710" timestamp="2026-03-12T11:09:39Z" uid="1" user="OSMnx" version="1" changeset="1"><nd ref="9861077459" /><nd ref="9861077462" /><tag k="highway" v="residential" /><tag k="oneway" v="no" /></way><way id="1711" timestamp="2026-03-12T11:09:39Z" uid="1" user="OSMnx" version="1" changeset="1"><nd ref="9861077462" /><nd ref="4701221325" /><tag k="highway" v="residential" /><tag k="oneway" v="no" /></way><way id="1712" timestamp="2026-03-12T11:09:39Z" uid="1" user="OSMnx" version="1" changeset="1"><nd ref="9861077499" /><nd ref="9861077505" /><tag k="highway" v="tertiary" /><tag k="oneway" v="no" /></way><way id="1713" timestamp="2026-03-12T11:09:39Z" uid="1" user="OSMnx" version="1" changeset="1"><nd ref="9861077499" /><nd ref="2233651012" /><tag k="highway" v="residential" /><tag k="oneway" v="no" /></way><way id="1714" timestamp="2026-03-12T11:09:39Z" uid="1" user="OSMnx" version="1" changeset="1"><nd ref="9861077502" /><nd ref="9861077501" /><tag k="highway" v="residential" /><tag k="lanes" v="2" /><tag k="name" v="Swatantriya Sainik Late Shri Chiranjilal Murarka Marg" /><tag k="oneway" v="no" /></way><way id="1715" timestamp="2026-03-12T11:09:39Z" uid="1" user="OSMnx" version="1" changeset="1"><nd ref="9861077502" /><nd ref="9861077506" /><tag k="highway" v="tertiary" /><tag k="oneway" v="no" /></way><way id="1716" timestamp="2026-03-12T11:09:39Z" uid="1" user="OSMnx" version="1" changeset="1"><nd ref="9861077504" /><nd ref="9861077505" /><tag k="highway" v="residential" /><tag k="oneway" v="no" /></way><way id="1717" timestamp="2026-03-12T11:09:39Z" uid="1" user="OSMnx" version="1" changeset="1"><nd ref="9861077505" /><nd ref="9861077501" /><tag k="highway" v="tertiary" /><tag k="oneway" v="no" /></way><way id="1718" timestamp="2026-03-12T11:09:39Z" uid="1" user="OSMnx" version="1" changeset="1"><nd ref="9861077505" /><nd ref="9861077506" /><tag k="highway" v="residential" /><tag k="oneway" v="no" /></way><way id="1719" timestamp="2026-03-12T11:09:39Z" uid="1" user="OSMnx" version="1" changeset="1"><nd ref="9861077506" /><nd ref="2233651012" /><tag k="highway" v="tertiary" /><tag k="oneway" v="no" /></way><way id="1720" timestamp="2026-03-12T11:09:39Z" uid="1" user="OSMnx" version="1" changeset="1"><nd ref="9880278630" /><nd ref="2233651736" /><tag k="highway" v="residential" /><tag k="oneway" v="no" /></way><way id="1721" timestamp="2026-03-12T11:09:39Z" uid="1" user="OSMnx" version="1" changeset="1"><nd ref="9880278630" /><nd ref="1342993946" /><tag k="highway" v="residential" /><tag k="oneway" v="no" /></way><way id="1722" timestamp="2026-03-12T11:09:39Z" uid="1" user="OSMnx" version="1" changeset="1"><nd ref="9882415117" /><nd ref="1346752903" /><tag k="highway" v="residential" /><tag k="name" v="Irani Wadi Road" /><tag k="oneway" v="no" /></way><way id="1723" timestamp="2026-03-12T11:09:39Z" uid="1" user="OSMnx" version="1" changeset="1"><nd ref="9882415117" /><nd ref="9882415119" /><tag k="highway" v="residential" /><tag k="oneway" v="no" /></way><way id="1724" timestamp="2026-03-12T11:09:39Z" uid="1" user="OSMnx" version="1" changeset="1"><nd ref="9882415120" /><nd ref="1346752882" /><tag k="highway" v="residential" /><tag k="name" v="Irani Wadi Road" /><tag k="oneway" v="no" /></way><way id="1725" timestamp="2026-03-12T11:09:39Z" uid="1" user="OSMnx" version="1" changeset="1"><nd ref="9882415120" /><nd ref="2222708156" /><tag k="highway" v="residential" /><tag k="oneway" v="no" /></way><way id="1726" timestamp="2026-03-12T11:09:39Z" uid="1" user="OSMnx" version="1" changeset="1"><nd ref="9882627946" /><nd ref="1343005081" /><tag k="highway" v="residential" /><tag k="name" v="Ramchandra Extension Lane" /><tag k="oneway" v="no" /></way><way id="1727" timestamp="2026-03-12T11:09:39Z" uid="1" user="OSMnx" version="1" changeset="1"><nd ref="9882627946" /><nd ref="9882627949" /><tag k="highway" v="residential" /><tag k="oneway" v="no" /></way><way id="1728" timestamp="2026-03-12T11:09:39Z" uid="1" user="OSMnx" version="1" changeset="1"><nd ref="9882627948" /><nd ref="9882627955" /><tag k="highway" v="residential" /><tag k="oneway" v="no" /></way><way id="1729" timestamp="2026-03-12T11:09:39Z" uid="1" user="OSMnx" version="1" changeset="1"><nd ref="9882627949" /><nd ref="9882627954" /><tag k="highway" v="residential" /><tag k="oneway" v="no" /></way><way id="1730" timestamp="2026-03-12T11:09:39Z" uid="1" user="OSMnx" version="1" changeset="1"><nd ref="9882627949" /><nd ref="12099962147" /><tag k="highway" v="residential" /><tag k="oneway" v="no" /></way><way id="1731" timestamp="2026-03-12T11:09:39Z" uid="1" user="OSMnx" version="1" changeset="1"><nd ref="9882627953" /><nd ref="9882627954" /><tag k="highway" v="residential" /><tag k="oneway" v="no" /></way><way id="1732" timestamp="2026-03-12T11:09:39Z" uid="1" user="OSMnx" version="1" changeset="1"><nd ref="9882627953" /><nd ref="3794262396" /><tag k="highway" v="primary" /><tag k="lanes" v="2" /><tag k="name" v="Link Road" /><tag k="oneway" v="no" /></way><way id="1733" timestamp="2026-03-12T11:09:39Z" uid="1" user="OSMnx" version="1" changeset="1"><nd ref="9882627954" /><nd ref="9882627959" /><tag k="highway" v="residential" /><tag k="oneway" v="no" /></way><way id="1734" timestamp="2026-03-12T11:09:39Z" uid="1" user="OSMnx" version="1" changeset="1"><nd ref="9882627955" /><nd ref="9882627949" /><tag k="highway" v="residential" /><tag k="oneway" v="no" /></way><way id="1735" timestamp="2026-03-12T11:09:39Z" uid="1" user="OSMnx" version="1" changeset="1"><nd ref="9882627955" /><nd ref="9882627959" /><tag k="highway" v="residential" /><tag k="oneway" v="no" /></way><way id="1736" timestamp="2026-03-12T11:09:39Z" uid="1" user="OSMnx" version="1" changeset="1"><nd ref="9882627959" /><nd ref="9882627947" /><tag k="highway" v="residential" /><tag k="oneway" v="no" /></way><way id="1737" timestamp="2026-03-12T11:09:39Z" uid="1" user="OSMnx" version="1" changeset="1"><nd ref="9882627960" /><nd ref="3794262391" /><tag k="highway" v="residential" /><tag k="oneway" v="no" /></way><way id="1738" timestamp="2026-03-12T11:09:39Z" uid="1" user="OSMnx" version="1" changeset="1"><nd ref="9882627960" /><nd ref="3794262391" /><tag k="highway" v="residential" /><tag k="oneway" v="no" /></way><way id="1739" timestamp="2026-03-12T11:09:39Z" uid="1" user="OSMnx" version="1" changeset="1"><nd ref="9887082723" /><nd ref="10877176506" /><tag k="highway" v="secondary" /><tag k="name" v="Marve Road" /><tag k="oneway" v="no" /></way><way id="1740" timestamp="2026-03-12T11:09:39Z" uid="1" user="OSMnx" version="1" changeset="1"><nd ref="9889482062" /><nd ref="9684318528" /><tag k="highway" v="primary" /><tag k="name" v="Link Road" /><tag k="oneway" v="no" /></way><way id="1741" timestamp="2026-03-12T11:09:39Z" uid="1" user="OSMnx" version="1" changeset="1"><nd ref="9889482062" /><nd ref="9889482063" /><tag k="highway" v="residential" /><tag k="oneway" v="no" /></way><way id="1742" timestamp="2026-03-12T11:09:39Z" uid="1" user="OSMnx" version="1" changeset="1"><nd ref="9899655696" /><nd ref="10910688653" /><tag k="highway" v="residential" /><tag k="oneway" v="no" /></way><way id="1743" timestamp="2026-03-12T11:09:39Z" uid="1" user="OSMnx" version="1" changeset="1"><nd ref="9899655696" /><nd ref="1185818981" /><tag k="highway" v="tertiary" /><tag k="lanes" v="2" /><tag k="name" v="Chincholi Bunder Road" /><tag k="oneway" v="no" /></way><way id="1744" timestamp="2026-03-12T11:09:39Z" uid="1" user="OSMnx" version="1" changeset="1"><nd ref="10093838939" /><nd ref="1375170686" /><tag k="highway" v="secondary" /><tag k="name" v="Malad Marve Road" /><tag k="oneway" v="no" /></way><way id="1745" timestamp="2026-03-12T11:09:39Z" uid="1" user="OSMnx" version="1" changeset="1"><nd ref="10093838939" /><nd ref="10093838970" /><tag k="highway" v="tertiary" /><tag k="oneway" v="no" /></way><way id="1746" timestamp="2026-03-12T11:09:39Z" uid="1" user="OSMnx" version="1" changeset="1"><nd ref="10093838946" /><nd ref="1646859173" /><tag k="highway" v="living_street" /><tag k="oneway" v="no" /></way><way id="1747" timestamp="2026-03-12T11:09:39Z" uid="1" user="OSMnx" version="1" changeset="1"><nd ref="10093838946" /><nd ref="10093838947" /><tag k="highway" v="tertiary" /><tag k="oneway" v="no" /></way><way id="1748" timestamp="2026-03-12T11:09:39Z" uid="1" user="OSMnx" version="1" changeset="1"><nd ref="10093838947" /><nd ref="2216231619" /><tag k="highway" v="living_street" /><tag k="oneway" v="no" /></way><way id="1749" timestamp="2026-03-12T11:09:39Z" uid="1" user="OSMnx" version="1" changeset="1"><nd ref="10093838947" /><nd ref="10093838948" /><tag k="highway" v="tertiary" /><tag k="oneway" v="no" /></way><way id="1750" timestamp="2026-03-12T11:09:39Z" uid="1" user="OSMnx" version="1" changeset="1"><nd ref="10093838948" /><nd ref="1375170678" /><tag k="highway" v="residential" /><tag k="oneway" v="no" /></way><way id="1751" timestamp="2026-03-12T11:09:39Z" uid="1" user="OSMnx" version="1" changeset="1"><nd ref="10093838948" /><nd ref="10093838950" /><tag k="highway" v="tertiary" /><tag k="oneway" v="no" /></way><way id="1752" timestamp="2026-03-12T11:09:39Z" uid="1" user="OSMnx" version="1" changeset="1"><nd ref="10093838950" /><nd ref="2216231619" /><tag k="highway" v="residential" /><tag k="oneway" v="no" /></way><way id="1753" timestamp="2026-03-12T11:09:39Z" uid="1" user="OSMnx" version="1" changeset="1"><nd ref="10093838950" /><nd ref="10093838951" /><tag k="highway" v="tertiary" /><tag k="oneway" v="no" /></way><way id="1754" timestamp="2026-03-12T11:09:39Z" uid="1" user="OSMnx" version="1" changeset="1"><nd ref="10093838951" /><nd ref="10108007322" /><tag k="highway" v="tertiary" /><tag k="oneway" v="no" /></way><way id="1755" timestamp="2026-03-12T11:09:39Z" uid="1" user="OSMnx" version="1" changeset="1"><nd ref="10093838951" /><nd ref="2216231607" /><tag k="highway" v="residential" /><tag k="oneway" v="no" /></way><way id="1756" timestamp="2026-03-12T11:09:39Z" uid="1" user="OSMnx" version="1" changeset="1"><nd ref="10093838952" /><nd ref="10093838953" /><tag k="highway" v="tertiary" /><tag k="oneway" v="no" /></way><way id="1757" timestamp="2026-03-12T11:09:39Z" uid="1" user="OSMnx" version="1" changeset="1"><nd ref="10093838953" /><nd ref="2216231593" /><tag k="highway" v="residential" /><tag k="oneway" v="no" /></way><way id="1758" timestamp="2026-03-12T11:09:39Z" uid="1" user="OSMnx" version="1" changeset="1"><nd ref="10093838953" /><nd ref="10214145718" /><tag k="highway" v="tertiary" /><tag k="oneway" v="no" /></way><way id="1759" timestamp="2026-03-12T11:09:39Z" uid="1" user="OSMnx" version="1" changeset="1"><nd ref="10093838954" /><nd ref="1646859141" /><tag k="highway" v="residential" /><tag k="oneway" v="no" /></way><way id="1760" timestamp="2026-03-12T11:09:39Z" uid="1" user="OSMnx" version="1" changeset="1"><nd ref="10093838954" /><nd ref="11826800943" /><tag k="highway" v="tertiary" /><tag k="oneway" v="no" /></way><way id="1761" timestamp="2026-03-12T11:09:39Z" uid="1" user="OSMnx" version="1" changeset="1"><nd ref="10093838956" /><nd ref="2216231482" /><tag k="highway" v="residential" /><tag k="oneway" v="no" /></way><way id="1762" timestamp="2026-03-12T11:09:39Z" uid="1" user="OSMnx" version="1" changeset="1"><nd ref="10093838956" /><nd ref="10093838960" /><tag k="highway" v="tertiary" /><tag k="oneway" v="no" /></way><way id="1763" timestamp="2026-03-12T11:09:39Z" uid="1" user="OSMnx" version="1" changeset="1"><nd ref="10093838960" /><nd ref="2216231445" /><tag k="highway" v="residential" /><tag k="oneway" v="no" /></way><way id="1764" timestamp="2026-03-12T11:09:39Z" uid="1" user="OSMnx" version="1" changeset="1"><nd ref="10093838960" /><nd ref="10093838964" /><tag k="highway" v="tertiary" /><tag k="oneway" v="no" /></way><way id="1765" timestamp="2026-03-12T11:09:39Z" uid="1" user="OSMnx" version="1" changeset="1"><nd ref="10093838964" /><nd ref="2440670607" /><tag k="highway" v="living_street" /><tag k="oneway" v="no" /></way><way id="1766" timestamp="2026-03-12T11:09:39Z" uid="1" user="OSMnx" version="1" changeset="1"><nd ref="10093838964" /><nd ref="5728388152" /><tag k="highway" v="tertiary" /><tag k="oneway" v="no" /></way><way id="1767" timestamp="2026-03-12T11:09:39Z" uid="1" user="OSMnx" version="1" changeset="1"><nd ref="10093838968" /><nd ref="2216231365" /><tag k="highway" v="residential" /><tag k="oneway" v="no" /></way><way id="1768" timestamp="2026-03-12T11:09:39Z" uid="1" user="OSMnx" version="1" changeset="1"><nd ref="10093838968" /><nd ref="10093838969" /><tag k="highway" v="tertiary" /><tag k="oneway" v="no" /></way><way id="1769" timestamp="2026-03-12T11:09:39Z" uid="1" user="OSMnx" version="1" changeset="1"><nd ref="10093838969" /><nd ref="2233651802" /><tag k="highway" v="residential" /><tag k="oneway" v="no" /></way><way id="1770" timestamp="2026-03-12T11:09:39Z" uid="1" user="OSMnx" version="1" changeset="1"><nd ref="10093838970" /><nd ref="10093838971" /><tag k="highway" v="tertiary" /><tag k="oneway" v="no" /></way><way id="1771" timestamp="2026-03-12T11:09:39Z" uid="1" user="OSMnx" version="1" changeset="1"><nd ref="10093838971" /><nd ref="11826800940" /><tag k="highway" v="tertiary" /><tag k="oneway" v="no" /></way><way id="1772" timestamp="2026-03-12T11:09:39Z" uid="1" user="OSMnx" version="1" changeset="1"><nd ref="10108007321" /><nd ref="10108007322" /><tag k="highway" v="tertiary_link" /><tag k="oneway" v="no" /></way><way id="1773" timestamp="2026-03-12T11:09:39Z" uid="1" user="OSMnx" version="1" changeset="1"><nd ref="10108007321" /><nd ref="2216843218" /><tag k="highway" v="tertiary" /><tag k="oneway" v="no" /></way><way id="1774" timestamp="2026-03-12T11:09:39Z" uid="1" user="OSMnx" version="1" changeset="1"><nd ref="10108007322" /><nd ref="10093838952" /><tag k="highway" v="tertiary" /><tag k="oneway" v="no" /></way><way id="1775" timestamp="2026-03-12T11:09:39Z" uid="1" user="OSMnx" version="1" changeset="1"><nd ref="10110757864" /><nd ref="10110757865" /><tag k="highway" v="residential" /><tag k="oneway" v="no" /></way><way id="1776" timestamp="2026-03-12T11:09:39Z" uid="1" user="OSMnx" version="1" changeset="1"><nd ref="10110757864" /><nd ref="7378436383" /><tag k="highway" v="secondary" /><tag k="name" v="Mahatma Gandhi Road" /><tag k="oneway" v="no" /></way><way id="1777" timestamp="2026-03-12T11:09:39Z" uid="1" user="OSMnx" version="1" changeset="1"><nd ref="10110757865" /><nd ref="245680677" /><tag k="highway" v="secondary" /><tag k="name" v="Mahatma Gandhi Road" /><tag k="oneway" v="no" /></way><way id="1778" timestamp="2026-03-12T11:09:39Z" uid="1" user="OSMnx" version="1" changeset="1"><nd ref="10110757865" /><nd ref="10110757866" /><tag k="highway" v="residential" /><tag k="oneway" v="no" /></way><way id="1779" timestamp="2026-03-12T11:09:39Z" uid="1" user="OSMnx" version="1" changeset="1"><nd ref="10110757866" /><nd ref="1188785704" /><tag k="highway" v="tertiary" /><tag k="name" v="Mathurdas Road" /><tag k="oneway" v="no" /></way><way id="1780" timestamp="2026-03-12T11:09:39Z" uid="1" user="OSMnx" version="1" changeset="1"><nd ref="10175245171" /><nd ref="2224023754" /><tag k="highway" v="residential" /><tag k="oneway" v="no" /></way><way id="1781" timestamp="2026-03-12T11:09:39Z" uid="1" user="OSMnx" version="1" changeset="1"><nd ref="10175245171" /><nd ref="2744937782" /><tag k="highway" v="tertiary" /><tag k="name" v="Mathurdas Road" /><tag k="oneway" v="no" /></way><way id="1782" timestamp="2026-03-12T11:09:39Z" uid="1" user="OSMnx" version="1" changeset="1"><nd ref="10214145718" /><nd ref="10093838954" /><tag k="highway" v="tertiary" /><tag k="oneway" v="no" /></way><way id="1783" timestamp="2026-03-12T11:09:39Z" uid="1" user="OSMnx" version="1" changeset="1"><nd ref="10214145718" /><nd ref="10725035157" /><tag k="highway" v="residential" /><tag k="oneway" v="no" /></way><way id="1784" timestamp="2026-03-12T11:09:39Z" uid="1" user="OSMnx" version="1" changeset="1"><nd ref="10214145722" /><nd ref="1646859151" /><tag k="highway" v="living_street" /><tag k="oneway" v="no" /></way><way id="1785" timestamp="2026-03-12T11:09:39Z" uid="1" user="OSMnx" version="1" changeset="1"><nd ref="10214145722" /><nd ref="10214145724" /><tag k="highway" v="residential" /><tag k="oneway" v="no" /></way><way id="1786" timestamp="2026-03-12T11:09:39Z" uid="1" user="OSMnx" version="1" changeset="1"><nd ref="10214145724" /><nd ref="1646859137" /><tag k="highway" v="living_street" /><tag k="oneway" v="no" /></way><way id="1787" timestamp="2026-03-12T11:09:39Z" uid="1" user="OSMnx" version="1" changeset="1"><nd ref="10214145724" /><nd ref="10214145726" /><tag k="highway" v="residential" /><tag k="oneway" v="no" /></way><way id="1788" timestamp="2026-03-12T11:09:39Z" uid="1" user="OSMnx" version="1" changeset="1"><nd ref="10214145726" /><nd ref="10214145727" /><tag k="highway" v="residential" /><tag k="oneway" v="no" /></way><way id="1789" timestamp="2026-03-12T11:09:39Z" uid="1" user="OSMnx" version="1" changeset="1"><nd ref="10214145726" /><nd ref="1646859136" /><tag k="highway" v="['living_street', 'residential']" /><tag k="oneway" v="no" /></way><way id="1790" timestamp="2026-03-12T11:09:39Z" uid="1" user="OSMnx" version="1" changeset="1"><nd ref="10214145727" /><nd ref="1646859148" /><tag k="highway" v="living_street" /><tag k="oneway" v="no" /></way><way id="1791" timestamp="2026-03-12T11:09:39Z" uid="1" user="OSMnx" version="1" changeset="1"><nd ref="10214145727" /><nd ref="1646859145" /><tag k="highway" v="residential" /><tag k="oneway" v="no" /></way><way id="1792" timestamp="2026-03-12T11:09:39Z" uid="1" user="OSMnx" version="1" changeset="1"><nd ref="10214145737" /><nd ref="13441764124" /><tag k="highway" v="residential" /><tag k="oneway" v="no" /></way><way id="1793" timestamp="2026-03-12T11:09:39Z" uid="1" user="OSMnx" version="1" changeset="1"><nd ref="10216903202" /><nd ref="7397336299" /><tag k="highway" v="secondary" /><tag k="name" v="M B Desai Road" /><tag k="oneway" v="no" /></way><way id="1794" timestamp="2026-03-12T11:09:39Z" uid="1" user="OSMnx" version="1" changeset="1"><nd ref="10216903202" /><nd ref="13298813735" /><tag k="highway" v="residential" /><tag k="oneway" v="no" /></way><way id="1795" timestamp="2026-03-12T11:09:39Z" uid="1" user="OSMnx" version="1" changeset="1"><nd ref="10230592051" /><nd ref="3795055133" /><tag k="highway" v="residential" /><tag k="oneway" v="no" /></way><way id="1796" timestamp="2026-03-12T11:09:39Z" uid="1" user="OSMnx" version="1" changeset="1"><nd ref="10230592051" /><nd ref="3795055136" /><tag k="highway" v="secondary" /><tag k="oneway" v="no" /></way><way id="1797" timestamp="2026-03-12T11:09:39Z" uid="1" user="OSMnx" version="1" changeset="1"><nd ref="10242247027" /><nd ref="10242247028" /><tag k="highway" v="residential" /><tag k="oneway" v="no" /></way><way id="1798" timestamp="2026-03-12T11:09:39Z" uid="1" user="OSMnx" version="1" changeset="1"><nd ref="10242247027" /><nd ref="6204119849" /><tag k="highway" v="primary" /><tag k="lanes" v="2" /><tag k="name" v="Link Road" /><tag k="oneway" v="no" /></way><way id="1799" timestamp="2026-03-12T11:09:39Z" uid="1" user="OSMnx" version="1" changeset="1"><nd ref="10242247028" /><nd ref="10242247031" /><tag k="highway" v="residential" /><tag k="oneway" v="no" /></way><way id="1800" timestamp="2026-03-12T11:09:39Z" uid="1" user="OSMnx" version="1" changeset="1"><nd ref="10242247028" /><nd ref="10570451680" /><tag k="highway" v="primary" /><tag k="lanes" v="2" /><tag k="name" v="Link Road" /><tag k="oneway" v="no" /></way><way id="1801" timestamp="2026-03-12T11:09:39Z" uid="1" user="OSMnx" version="1" changeset="1"><nd ref="10264514244" /><nd ref="7398169356" /><tag k="highway" v="primary" /><tag k="name" v="Swami Vivekanand Road" /><tag k="oneway" v="no" /></way><way id="1802" timestamp="2026-03-12T11:09:39Z" uid="1" user="OSMnx" version="1" changeset="1"><nd ref="10264514244" /><nd ref="7398169355" /><tag k="highway" v="secondary" /><tag k="oneway" v="no" /></way><way id="1803" timestamp="2026-03-12T11:09:39Z" uid="1" user="OSMnx" version="1" changeset="1"><nd ref="10277339572" /><nd ref="10277339575" /><tag k="highway" v="secondary_link" /><tag k="oneway" v="no" /></way><way id="1804" timestamp="2026-03-12T11:09:39Z" uid="1" user="OSMnx" version="1" changeset="1"><nd ref="10277339572" /><nd ref="7378436344" /><tag k="highway" v="secondary" /><tag k="name" v="Mahatma Gandhi Road" /><tag k="oneway" v="no" /></way><way id="1805" timestamp="2026-03-12T11:09:39Z" uid="1" user="OSMnx" version="1" changeset="1"><nd ref="10277339575" /><nd ref="11886275213" /><tag k="highway" v="primary" /><tag k="name" v="Swami Vivekanand Road" /><tag k="oneway" v="no" /></way><way id="1806" timestamp="2026-03-12T11:09:39Z" uid="1" user="OSMnx" version="1" changeset="1"><nd ref="10277339576" /><nd ref="245680612" /><tag k="highway" v="secondary" /><tag k="name" v="Mahatma Gandhi Road" /><tag k="oneway" v="no" /></way><way id="1807" timestamp="2026-03-12T11:09:39Z" uid="1" user="OSMnx" version="1" changeset="1"><nd ref="10277339579" /><nd ref="7378436343" /><tag k="highway" v="primary" /><tag k="name" v="Swami Vivekanand Road" /><tag k="oneway" v="no" /></way><way id="1808" timestamp="2026-03-12T11:09:39Z" uid="1" user="OSMnx" version="1" changeset="1"><nd ref="10277339579" /><nd ref="10277339576" /><tag k="highway" v="secondary_link" /><tag k="oneway" v="no" /></way><way id="1809" timestamp="2026-03-12T11:09:39Z" uid="1" user="OSMnx" version="1" changeset="1"><nd ref="10277339582" /><nd ref="627835038" /><tag k="highway" v="tertiary" /><tag k="name" v="Mathurdas Road" /><tag k="oneway" v="no" /></way><way id="1810" timestamp="2026-03-12T11:09:39Z" uid="1" user="OSMnx" version="1" changeset="1"><nd ref="10277339582" /><nd ref="7392412410" /><tag k="highway" v="primary" /><tag k="name" v="Swami Vivekanand Road" /><tag k="oneway" v="no" /></way><way id="1811" timestamp="2026-03-12T11:09:39Z" uid="1" user="OSMnx" version="1" changeset="1"><nd ref="10277339582" /><nd ref="1188816005" /><tag k="highway" v="tertiary" /><tag k="name" v="Mathurdas Road" /><tag k="oneway" v="no" /></way><way id="1812" timestamp="2026-03-12T11:09:39Z" uid="1" user="OSMnx" version="1" changeset="1"><nd ref="10277477742" /><nd ref="10277477745" /><tag k="highway" v="secondary" /><tag k="name" v="Datta Mandir Road" /><tag k="oneway" v="no" /></way><way id="1813" timestamp="2026-03-12T11:09:39Z" uid="1" user="OSMnx" version="1" changeset="1"><nd ref="10277477742" /><nd ref="1361564545" /><tag k="highway" v="secondary" /><tag k="name" v="Datta Mandir Road" /><tag k="oneway" v="no" /></way><way id="1814" timestamp="2026-03-12T11:09:39Z" uid="1" user="OSMnx" version="1" changeset="1"><nd ref="10277477743" /><nd ref="10277477742" /><tag k="highway" v="secondary" /><tag k="name" v="Datta Mandir Road" /><tag k="oneway" v="no" /></way><way id="1815" timestamp="2026-03-12T11:09:39Z" uid="1" user="OSMnx" version="1" changeset="1"><nd ref="10277477745" /><nd ref="10925572677" /><tag k="highway" v="secondary" /><tag k="name" v="Datta Mandir Road" /><tag k="oneway" v="no" /></way><way id="1816" timestamp="2026-03-12T11:09:39Z" uid="1" user="OSMnx" version="1" changeset="1"><nd ref="10277477745" /><nd ref="10277477743" /><tag k="highway" v="secondary" /><tag k="oneway" v="no" /></way><way id="1817" timestamp="2026-03-12T11:09:39Z" uid="1" user="OSMnx" version="1" changeset="1"><nd ref="10277477764" /><nd ref="10277477776" /><tag k="highway" v="secondary" /><tag k="name" v="Datta Mandir Road" /><tag k="oneway" v="no" /></way><way id="1818" timestamp="2026-03-12T11:09:39Z" uid="1" user="OSMnx" version="1" changeset="1"><nd ref="10277477766" /><nd ref="1361561210" /><tag k="highway" v="secondary" /><tag k="name" v="Datta Mandir Road" /><tag k="oneway" v="no" /></way><way id="1819" timestamp="2026-03-12T11:09:39Z" uid="1" user="OSMnx" version="1" changeset="1"><nd ref="10277477773" /><nd ref="10277477774" /><tag k="highway" v="secondary" /><tag k="oneway" v="no" /></way><way id="1820" timestamp="2026-03-12T11:09:39Z" uid="1" user="OSMnx" version="1" changeset="1"><nd ref="10277477773" /><nd ref="10925572671" /><tag k="highway" v="secondary" /><tag k="name" v="Datta Mandir Road" /><tag k="oneway" v="no" /></way><way id="1821" timestamp="2026-03-12T11:09:39Z" uid="1" user="OSMnx" version="1" changeset="1"><nd ref="10277477774" /><nd ref="10277477743" /><tag k="highway" v="secondary" /><tag k="name" v="Datta Mandir Road" /><tag k="oneway" v="no" /></way><way id="1822" timestamp="2026-03-12T11:09:39Z" uid="1" user="OSMnx" version="1" changeset="1"><nd ref="10277477775" /><nd ref="10277477776" /><tag k="highway" v="secondary" /><tag k="oneway" v="no" /></way><way id="1823" timestamp="2026-03-12T11:09:39Z" uid="1" user="OSMnx" version="1" changeset="1"><nd ref="10277477775" /><nd ref="10277477764" /><tag k="highway" v="secondary" /><tag k="name" v="Datta Mandir Road" /><tag k="oneway" v="no" /></way><way id="1824" timestamp="2026-03-12T11:09:39Z" uid="1" user="OSMnx" version="1" changeset="1"><nd ref="10277477776" /><nd ref="10277477778" /><tag k="highway" v="secondary" /><tag k="name" v="Datta Mandir Road" /><tag k="oneway" v="no" /></way><way id="1825" timestamp="2026-03-12T11:09:39Z" uid="1" user="OSMnx" version="1" changeset="1"><nd ref="10277477777" /><nd ref="10277477778" /><tag k="highway" v="secondary" /><tag k="oneway" v="no" /></way><way id="1826" timestamp="2026-03-12T11:09:39Z" uid="1" user="OSMnx" version="1" changeset="1"><nd ref="10277477777" /><nd ref="10277477775" /><tag k="highway" v="secondary" /><tag k="name" v="Datta Mandir Road" /><tag k="oneway" v="no" /></way><way id="1827" timestamp="2026-03-12T11:09:39Z" uid="1" user="OSMnx" version="1" changeset="1"><nd ref="10277477778" /><nd ref="10277477766" /><tag k="highway" v="secondary" /><tag k="name" v="Datta Mandir Road" /><tag k="oneway" v="no" /></way><way id="1828" timestamp="2026-03-12T11:09:39Z" uid="1" user="OSMnx" version="1" changeset="1"><nd ref="10277477780" /><nd ref="9861074902" /><tag k="highway" v="tertiary" /><tag k="name" v="Poddar Road" /><tag k="oneway" v="no" /></way><way id="1829" timestamp="2026-03-12T11:09:39Z" uid="1" user="OSMnx" version="1" changeset="1"><nd ref="10277477780" /><nd ref="10277477781" /><tag k="highway" v="tertiary" /><tag k="oneway" v="no" /></way><way id="1830" timestamp="2026-03-12T11:09:39Z" uid="1" user="OSMnx" version="1" changeset="1"><nd ref="10277477781" /><nd ref="2233652193" /><tag k="highway" v="tertiary" /><tag k="oneway" v="no" /></way><way id="1831" timestamp="2026-03-12T11:09:39Z" uid="1" user="OSMnx" version="1" changeset="1"><nd ref="10277481677" /><nd ref="10277481703" /><tag k="highway" v="residential" /><tag k="oneway" v="no" /></way><way id="1832" timestamp="2026-03-12T11:09:39Z" uid="1" user="OSMnx" version="1" changeset="1"><nd ref="10277481677" /><nd ref="10277481700" /><tag k="highway" v="secondary" /><tag k="oneway" v="no" /></way><way id="1833" timestamp="2026-03-12T11:09:39Z" uid="1" user="OSMnx" version="1" changeset="1"><nd ref="10277481682" /><nd ref="10277481701" /><tag k="highway" v="secondary" /><tag k="oneway" v="no" /></way><way id="1834" timestamp="2026-03-12T11:09:39Z" uid="1" user="OSMnx" version="1" changeset="1"><nd ref="10277481693" /><nd ref="10277481694" /><tag k="highway" v="secondary" /><tag k="oneway" v="no" /></way><way id="1835" timestamp="2026-03-12T11:09:39Z" uid="1" user="OSMnx" version="1" changeset="1"><nd ref="10277481694" /><nd ref="1351183149" /><tag k="highway" v="secondary" /><tag k="name" v="Malad Marve Road" /><tag k="oneway" v="no" /></way><way id="1836" timestamp="2026-03-12T11:09:39Z" uid="1" user="OSMnx" version="1" changeset="1"><nd ref="10277481695" /><nd ref="10277481693" /><tag k="highway" v="secondary" /><tag k="oneway" v="no" /></way><way id="1837" timestamp="2026-03-12T11:09:39Z" uid="1" user="OSMnx" version="1" changeset="1"><nd ref="10277481695" /><nd ref="10277481696" /><tag k="highway" v="secondary" /><tag k="oneway" v="no" /></way><way id="1838" timestamp="2026-03-12T11:09:39Z" uid="1" user="OSMnx" version="1" changeset="1"><nd ref="10277481696" /><nd ref="10277481697" /><tag k="highway" v="secondary" /><tag k="oneway" v="no" /></way><way id="1839" timestamp="2026-03-12T11:09:39Z" uid="1" user="OSMnx" version="1" changeset="1"><nd ref="10277481696" /><nd ref="10277481698" /><tag k="highway" v="secondary" /><tag k="oneway" v="no" /></way><way id="1840" timestamp="2026-03-12T11:09:39Z" uid="1" user="OSMnx" version="1" changeset="1"><nd ref="10277481697" /><nd ref="10277481693" /><tag k="highway" v="secondary" /><tag k="oneway" v="no" /></way><way id="1841" timestamp="2026-03-12T11:09:39Z" uid="1" user="OSMnx" version="1" changeset="1"><nd ref="10277481698" /><nd ref="10277481699" /><tag k="highway" v="secondary" /><tag k="oneway" v="no" /></way><way id="1842" timestamp="2026-03-12T11:09:39Z" uid="1" user="OSMnx" version="1" changeset="1"><nd ref="10277481698" /><nd ref="1351183157" /><tag k="highway" v="secondary" /><tag k="oneway" v="no" /></way><way id="1843" timestamp="2026-03-12T11:09:39Z" uid="1" user="OSMnx" version="1" changeset="1"><nd ref="10277481699" /><nd ref="10277481697" /><tag k="highway" v="secondary" /><tag k="oneway" v="no" /></way><way id="1844" timestamp="2026-03-12T11:09:39Z" uid="1" user="OSMnx" version="1" changeset="1"><nd ref="10277481700" /><nd ref="10277481701" /><tag k="highway" v="secondary_link" /><tag k="oneway" v="no" /></way><way id="1845" timestamp="2026-03-12T11:09:39Z" uid="1" user="OSMnx" version="1" changeset="1"><nd ref="10277481700" /><nd ref="10945917086" /><tag k="highway" v="secondary" /><tag k="oneway" v="no" /></way><way id="1846" timestamp="2026-03-12T11:09:39Z" uid="1" user="OSMnx" version="1" changeset="1"><nd ref="10277481701" /><nd ref="10277481703" /><tag k="highway" v="secondary" /><tag k="oneway" v="no" /></way><way id="1847" timestamp="2026-03-12T11:09:39Z" uid="1" user="OSMnx" version="1" changeset="1"><nd ref="10277481703" /><nd ref="10277481699" /><tag k="highway" v="secondary" /><tag k="oneway" v="no" /></way><way id="1848" timestamp="2026-03-12T11:09:39Z" uid="1" user="OSMnx" version="1" changeset="1"><nd ref="10277511253" /><nd ref="1343017943" /><tag k="highway" v="secondary" /><tag k="name" v="Chunilal Giridharlal Road" /><tag k="oneway" v="no" /></way><way id="1849" timestamp="2026-03-12T11:09:39Z" uid="1" user="OSMnx" version="1" changeset="1"><nd ref="10277511258" /><nd ref="10277511278" /><tag k="highway" v="tertiary" /><tag k="oneway" v="no" /></way><way id="1850" timestamp="2026-03-12T11:09:39Z" uid="1" user="OSMnx" version="1" changeset="1"><nd ref="10277511258" /><nd ref="10277511272" /><tag k="highway" v="tertiary" /><tag k="oneway" v="no" /></way><way id="1851" timestamp="2026-03-12T11:09:39Z" uid="1" user="OSMnx" version="1" changeset="1"><nd ref="10277511263" /><nd ref="10277511269" /><tag k="highway" v="tertiary" /><tag k="oneway" v="no" /></way><way id="1852" timestamp="2026-03-12T11:09:39Z" uid="1" user="OSMnx" version="1" changeset="1"><nd ref="10277511269" /><nd ref="10277511258" /><tag k="highway" v="tertiary" /><tag k="oneway" v="no" /></way><way id="1853" timestamp="2026-03-12T11:09:39Z" uid="1" user="OSMnx" version="1" changeset="1"><nd ref="10277511272" /><nd ref="10277511263" /><tag k="highway" v="tertiary" /><tag k="oneway" v="no" /></way><way id="1854" timestamp="2026-03-12T11:09:39Z" uid="1" user="OSMnx" version="1" changeset="1"><nd ref="10277511278" /><nd ref="9859727558" /><tag k="highway" v="residential" /><tag k="oneway" v="no" /></way><way id="1855" timestamp="2026-03-12T11:09:39Z" uid="1" user="OSMnx" version="1" changeset="1"><nd ref="10277511278" /><nd ref="10564266718" /><tag k="highway" v="tertiary" /><tag k="oneway" v="no" /></way><way id="1856" timestamp="2026-03-12T11:09:39Z" uid="1" user="OSMnx" version="1" changeset="1"><nd ref="10277511283" /><nd ref="1343001855" /><tag k="highway" v="tertiary" /><tag k="oneway" v="no" /></way><way id="1857" timestamp="2026-03-12T11:09:39Z" uid="1" user="OSMnx" version="1" changeset="1"><nd ref="10277511283" /><nd ref="12299284373" /><tag k="highway" v="tertiary" /><tag k="oneway" v="no" /></way><way id="1858" timestamp="2026-03-12T11:09:39Z" uid="1" user="OSMnx" version="1" changeset="1"><nd ref="10277547712" /><nd ref="10277547713" /><tag k="highway" v="tertiary_link" /><tag k="oneway" v="no" /></way><way id="1859" timestamp="2026-03-12T11:09:39Z" uid="1" user="OSMnx" version="1" changeset="1"><nd ref="10277547712" /><nd ref="12408665371" /><tag k="highway" v="tertiary" /><tag k="oneway" v="no" /></way><way id="1860" timestamp="2026-03-12T11:09:39Z" uid="1" user="OSMnx" version="1" changeset="1"><nd ref="10277547713" /><nd ref="1185674179" /><tag k="highway" v="tertiary" /><tag k="oneway" v="no" /></way><way id="1861" timestamp="2026-03-12T11:09:39Z" uid="1" user="OSMnx" version="1" changeset="1"><nd ref="10277547716" /><nd ref="6117653725" /><tag k="highway" v="primary" /><tag k="name" v="Link Road" /><tag k="oneway" v="no" /></way><way id="1862" timestamp="2026-03-12T11:09:39Z" uid="1" user="OSMnx" version="1" changeset="1"><nd ref="10277547716" /><nd ref="10277547720" /><tag k="highway" v="primary_link" /><tag k="oneway" v="no" /></way><way id="1863" timestamp="2026-03-12T11:09:39Z" uid="1" user="OSMnx" version="1" changeset="1"><nd ref="10277547720" /><nd ref="7374413675" /><tag k="highway" v="secondary" /><tag k="name" v="Goregaon Mulund Link Road" /><tag k="oneway" v="no" /></way><way id="1864" timestamp="2026-03-12T11:09:39Z" uid="1" user="OSMnx" version="1" changeset="1"><nd ref="10277547721" /><nd ref="6117653724" /><tag k="highway" v="tertiary" /><tag k="oneway" v="no" /></way><way id="1865" timestamp="2026-03-12T11:09:39Z" uid="1" user="OSMnx" version="1" changeset="1"><nd ref="10277547721" /><nd ref="11991486843" /><tag k="highway" v="tertiary_link" /><tag k="oneway" v="no" /></way><way id="1866" timestamp="2026-03-12T11:09:39Z" uid="1" user="OSMnx" version="1" changeset="1"><nd ref="10277547721" /><nd ref="10277547725" /><tag k="highway" v="primary_link" /><tag k="oneway" v="no" /></way><way id="1867" timestamp="2026-03-12T11:09:39Z" uid="1" user="OSMnx" version="1" changeset="1"><nd ref="10277547725" /><nd ref="9684318527" /><tag k="highway" v="primary" /><tag k="lanes" v="2" /><tag k="name" v="Link Road" /><tag k="oneway" v="no" /></way><way id="1868" timestamp="2026-03-12T11:09:39Z" uid="1" user="OSMnx" version="1" changeset="1"><nd ref="10286959129" /><nd ref="7358567244" /><tag k="highway" v="residential" /><tag k="oneway" v="no" /></way><way id="1869" timestamp="2026-03-12T11:09:39Z" uid="1" user="OSMnx" version="1" changeset="1"><nd ref="10286959129" /><nd ref="10286959136" /><tag k="highway" v="residential" /><tag k="oneway" v="no" /></way><way id="1870" timestamp="2026-03-12T11:09:39Z" uid="1" user="OSMnx" version="1" changeset="1"><nd ref="10292691352" /><nd ref="10292691353" /><tag k="highway" v="residential" /><tag k="oneway" v="no" /></way><way id="1871" timestamp="2026-03-12T11:09:39Z" uid="1" user="OSMnx" version="1" changeset="1"><nd ref="10292691352" /><nd ref="11061148676" /><tag k="highway" v="residential" /><tag k="oneway" v="no" /></way><way id="1872" timestamp="2026-03-12T11:09:39Z" uid="1" user="OSMnx" version="1" changeset="1"><nd ref="10308639424" /><nd ref="4347060260" /><tag k="highway" v="residential" /><tag k="oneway" v="no" /></way><way id="1873" timestamp="2026-03-12T11:09:39Z" uid="1" user="OSMnx" version="1" changeset="1"><nd ref="10564266718" /><nd ref="1343002726" /><tag k="highway" v="tertiary" /><tag k="oneway" v="no" /></way><way id="1874" timestamp="2026-03-12T11:09:39Z" uid="1" user="OSMnx" version="1" changeset="1"><nd ref="10564313449" /><nd ref="1185674179" /><tag k="highway" v="tertiary" /><tag k="oneway" v="no" /></way><way id="1875" timestamp="2026-03-12T11:09:39Z" uid="1" user="OSMnx" version="1" changeset="1"><nd ref="10564313449" /><nd ref="10277547712" /><tag k="highway" v="tertiary" /><tag k="oneway" v="no" /></way><way id="1876" timestamp="2026-03-12T11:09:39Z" uid="1" user="OSMnx" version="1" changeset="1"><nd ref="10564313451" /><nd ref="7241682806" /><tag k="highway" v="tertiary" /><tag k="oneway" v="no" /></way><way id="1877" timestamp="2026-03-12T11:09:39Z" uid="1" user="OSMnx" version="1" changeset="1"><nd ref="10564313451" /><nd ref="10564313449" /><tag k="highway" v="tertiary" /><tag k="oneway" v="no" /></way><way id="1878" timestamp="2026-03-12T11:09:39Z" uid="1" user="OSMnx" version="1" changeset="1"><nd ref="10564488590" /><nd ref="8909135902" /><tag k="highway" v="residential" /><tag k="oneway" v="no" /></way><way id="1879" timestamp="2026-03-12T11:09:39Z" uid="1" user="OSMnx" version="1" changeset="1"><nd ref="10564488590" /><nd ref="2222186318" /><tag k="highway" v="secondary" /><tag k="name" v="Bhoomi Park Road" /><tag k="oneway" v="no" /></way><way id="1880" timestamp="2026-03-12T11:09:39Z" uid="1" user="OSMnx" version="1" changeset="1"><nd ref="10564488597" /><nd ref="10564488598" /><tag k="highway" v="residential" /><tag k="oneway" v="no" /></way><way id="1881" timestamp="2026-03-12T11:09:39Z" uid="1" user="OSMnx" version="1" changeset="1"><nd ref="10564488597" /><nd ref="10564488590" /><tag k="highway" v="secondary" /><tag k="name" v="Bhoomi Park Road" /><tag k="oneway" v="no" /></way><way id="1882" timestamp="2026-03-12T11:09:39Z" uid="1" user="OSMnx" version="1" changeset="1"><nd ref="10564488598" /><nd ref="10564488600" /><tag k="highway" v="secondary" /><tag k="oneway" v="no" /></way><way id="1883" timestamp="2026-03-12T11:09:39Z" uid="1" user="OSMnx" version="1" changeset="1"><nd ref="10564488600" /><nd ref="1646854024" /><tag k="highway" v="tertiary" /><tag k="oneway" v="no" /></way><way id="1884" timestamp="2026-03-12T11:09:39Z" uid="1" user="OSMnx" version="1" changeset="1"><nd ref="10564488600" /><nd ref="10277481682" /><tag k="highway" v="secondary" /><tag k="oneway" v="no" /></way><way id="1885" timestamp="2026-03-12T11:09:39Z" uid="1" user="OSMnx" version="1" changeset="1"><nd ref="10564488601" /><nd ref="2222186318" /><tag k="highway" v="residential" /><tag k="oneway" v="no" /></way><way id="1886" timestamp="2026-03-12T11:09:39Z" uid="1" user="OSMnx" version="1" changeset="1"><nd ref="10564488601" /><nd ref="8909135902" /><tag k="highway" v="secondary" /><tag k="name" v="Bhoomi Park Road" /><tag k="oneway" v="no" /></way><way id="1887" timestamp="2026-03-12T11:09:39Z" uid="1" user="OSMnx" version="1" changeset="1"><nd ref="10564712615" /><nd ref="6204119850" /><tag k="highway" v="primary" /><tag k="lanes" v="2" /><tag k="name" v="Link Road" /><tag k="oneway" v="no" /></way><way id="1888" timestamp="2026-03-12T11:09:39Z" uid="1" user="OSMnx" version="1" changeset="1"><nd ref="10567495925" /><nd ref="13335369195" /><tag k="highway" v="secondary" /><tag k="name" v="Kachipada Ramchandra Lane" /><tag k="oneway" v="no" /></way><way id="1889" timestamp="2026-03-12T11:09:39Z" uid="1" user="OSMnx" version="1" changeset="1"><nd ref="10567495925" /><nd ref="10567495929" /><tag k="highway" v="residential" /><tag k="oneway" v="no" /></way><way id="1890" timestamp="2026-03-12T11:09:39Z" uid="1" user="OSMnx" version="1" changeset="1"><nd ref="10570451670" /><nd ref="10570451673" /><tag k="highway" v="residential" /><tag k="oneway" v="no" /></way><way id="1891" timestamp="2026-03-12T11:09:39Z" uid="1" user="OSMnx" version="1" changeset="1"><nd ref="10570451670" /><nd ref="10242247027" /><tag k="highway" v="primary" /><tag k="lanes" v="2" /><tag k="name" v="Link Road" /><tag k="oneway" v="no" /></way><way id="1892" timestamp="2026-03-12T11:09:39Z" uid="1" user="OSMnx" version="1" changeset="1"><nd ref="10570451680" /><nd ref="13572591174" /><tag k="highway" v="primary" /><tag k="name" v="Link Road" /><tag k="oneway" v="no" /></way><way id="1893" timestamp="2026-03-12T11:09:39Z" uid="1" user="OSMnx" version="1" changeset="1"><nd ref="10593931247" /><nd ref="10593931248" /><tag k="highway" v="residential" /><tag k="maxspeed" v="10" /><tag k="oneway" v="no" /></way><way id="1894" timestamp="2026-03-12T11:09:39Z" uid="1" user="OSMnx" version="1" changeset="1"><nd ref="10593931247" /><nd ref="9861077454" /><tag k="highway" v="residential" /><tag k="oneway" v="no" /></way><way id="1895" timestamp="2026-03-12T11:09:39Z" uid="1" user="OSMnx" version="1" changeset="1"><nd ref="10594122020" /><nd ref="1375170686" /><tag k="highway" v="tertiary" /><tag k="oneway" v="no" /></way><way id="1896" timestamp="2026-03-12T11:09:39Z" uid="1" user="OSMnx" version="1" changeset="1"><nd ref="10594122020" /><nd ref="2224023716" /><tag k="highway" v="residential" /><tag k="oneway" v="no" /></way><way id="1897" timestamp="2026-03-12T11:09:39Z" uid="1" user="OSMnx" version="1" changeset="1"><nd ref="10595441721" /><nd ref="1646685601" /><tag k="highway" v="secondary" /><tag k="oneway" v="no" /></way><way id="1898" timestamp="2026-03-12T11:09:39Z" uid="1" user="OSMnx" version="1" changeset="1"><nd ref="10595441721" /><nd ref="10595441726" /><tag k="highway" v="tertiary" /><tag k="name" v="Ambedkar Road" /><tag k="oneway" v="no" /></way><way id="1899" timestamp="2026-03-12T11:09:39Z" uid="1" user="OSMnx" version="1" changeset="1"><nd ref="10595441726" /><nd ref="2222186387" /><tag k="highway" v="residential" /><tag k="oneway" v="no" /></way><way id="1900" timestamp="2026-03-12T11:09:39Z" uid="1" user="OSMnx" version="1" changeset="1"><nd ref="10595441726" /><nd ref="12086530089" /><tag k="highway" v="tertiary" /><tag k="name" v="Ambedkar Road" /><tag k="oneway" v="no" /></way><way id="1901" timestamp="2026-03-12T11:09:39Z" uid="1" user="OSMnx" version="1" changeset="1"><nd ref="10654529065" /><nd ref="2222708826" /><tag k="highway" v="residential" /><tag k="oneway" v="no" /></way><way id="1902" timestamp="2026-03-12T11:09:39Z" uid="1" user="OSMnx" version="1" changeset="1"><nd ref="10654529065" /><nd ref="10654529068" /><tag k="highway" v="tertiary" /><tag k="oneway" v="no" /></way><way id="1903" timestamp="2026-03-12T11:09:39Z" uid="1" user="OSMnx" version="1" changeset="1"><nd ref="10654529068" /><nd ref="2222708534" /><tag k="highway" v="tertiary" /><tag k="name" v="Mathurdas Extension Road" /><tag k="oneway" v="no" /></way><way id="1904" timestamp="2026-03-12T11:09:39Z" uid="1" user="OSMnx" version="1" changeset="1"><nd ref="10654529068" /><nd ref="10654529070" /><tag k="highway" v="residential" /><tag k="oneway" v="no" /></way><way id="1905" timestamp="2026-03-12T11:09:39Z" uid="1" user="OSMnx" version="1" changeset="1"><nd ref="10654529070" /><nd ref="2222708534" /><tag k="highway" v="residential" /><tag k="oneway" v="no" /></way><way id="1906" timestamp="2026-03-12T11:09:39Z" uid="1" user="OSMnx" version="1" changeset="1"><nd ref="10657158659" /><nd ref="2233650812" /><tag k="highway" v="residential" /><tag k="oneway" v="no" /></way><way id="1907" timestamp="2026-03-12T11:09:39Z" uid="1" user="OSMnx" version="1" changeset="1"><nd ref="10657158659" /><nd ref="10657158662" /><tag k="highway" v="residential" /><tag k="oneway" v="no" /></way><way id="1908" timestamp="2026-03-12T11:09:39Z" uid="1" user="OSMnx" version="1" changeset="1"><nd ref="10660714665" /><nd ref="4352428936" /><tag k="highway" v="residential" /><tag k="oneway" v="no" /></way><way id="1909" timestamp="2026-03-12T11:09:39Z" uid="1" user="OSMnx" version="1" changeset="1"><nd ref="10687992548" /><nd ref="7398222703" /><tag k="highway" v="primary" /><tag k="name" v="Swami Vivekanand Road" /><tag k="oneway" v="no" /></way><way id="1910" timestamp="2026-03-12T11:09:39Z" uid="1" user="OSMnx" version="1" changeset="1"><nd ref="10687992548" /><nd ref="10687992564" /><tag k="highway" v="residential" /><tag k="oneway" v="no" /></way><way id="1911" timestamp="2026-03-12T11:09:39Z" uid="1" user="OSMnx" version="1" changeset="1"><nd ref="10687992557" /><nd ref="3795056228" /><tag k="highway" v="residential" /><tag k="oneway" v="no" /></way><way id="1912" timestamp="2026-03-12T11:09:39Z" uid="1" user="OSMnx" version="1" changeset="1"><nd ref="10687992558" /><nd ref="10687992548" /><tag k="highway" v="primary" /><tag k="name" v="Swami Vivekanand Road" /><tag k="oneway" v="no" /></way><way id="1913" timestamp="2026-03-12T11:09:39Z" uid="1" user="OSMnx" version="1" changeset="1"><nd ref="10687992558" /><nd ref="10687992564" /><tag k="highway" v="residential" /><tag k="oneway" v="no" /></way><way id="1914" timestamp="2026-03-12T11:09:39Z" uid="1" user="OSMnx" version="1" changeset="1"><nd ref="10687992564" /><nd ref="10687992557" /><tag k="highway" v="residential" /><tag k="oneway" v="no" /></way><way id="1915" timestamp="2026-03-12T11:09:39Z" uid="1" user="OSMnx" version="1" changeset="1"><nd ref="10696412669" /><nd ref="2222707550" /><tag k="highway" v="residential" /><tag k="name" v="Evershine Nagar Road" /><tag k="oneway" v="no" /></way><way id="1916" timestamp="2026-03-12T11:09:39Z" uid="1" user="OSMnx" version="1" changeset="1"><nd ref="10696412669" /><nd ref="10696412670" /><tag k="highway" v="residential" /><tag k="oneway" v="no" /></way><way id="1917" timestamp="2026-03-12T11:09:39Z" uid="1" user="OSMnx" version="1" changeset="1"><nd ref="10725035157" /><nd ref="1646859139" /><tag k="highway" v="living_street" /><tag k="oneway" v="no" /></way><way id="1918" timestamp="2026-03-12T11:09:39Z" uid="1" user="OSMnx" version="1" changeset="1"><nd ref="10725035157" /><nd ref="10214145722" /><tag k="highway" v="residential" /><tag k="oneway" v="no" /></way><way id="1919" timestamp="2026-03-12T11:09:39Z" uid="1" user="OSMnx" version="1" changeset="1"><nd ref="10770482043" /><nd ref="10595441721" /><tag k="highway" v="tertiary" /><tag k="oneway" v="no" /></way><way id="1920" timestamp="2026-03-12T11:09:39Z" uid="1" user="OSMnx" version="1" changeset="1"><nd ref="10770482043" /><nd ref="7345377678" /><tag k="highway" v="secondary" /><tag k="oneway" v="no" /></way><way id="1921" timestamp="2026-03-12T11:09:39Z" uid="1" user="OSMnx" version="1" changeset="1"><nd ref="10770482044" /><nd ref="2222708554" /><tag k="highway" v="tertiary" /><tag k="oneway" v="no" /></way><way id="1922" timestamp="2026-03-12T11:09:39Z" uid="1" user="OSMnx" version="1" changeset="1"><nd ref="10770482044" /><nd ref="10770482043" /><tag k="highway" v="tertiary" /><tag k="oneway" v="no" /></way><way id="1923" timestamp="2026-03-12T11:09:39Z" uid="1" user="OSMnx" version="1" changeset="1"><nd ref="10845962342" /><nd ref="245678339" /><tag k="highway" v="tertiary" /><tag k="name" v="Chinchowali Bandar Road" /><tag k="oneway" v="no" /></way><way id="1924" timestamp="2026-03-12T11:09:39Z" uid="1" user="OSMnx" version="1" changeset="1"><nd ref="10845962342" /><nd ref="7241667064" /><tag k="highway" v="tertiary" /><tag k="name" v="Jai Chand Lal Karwa Marg" /><tag k="oneway" v="no" /></way><way id="1925" timestamp="2026-03-12T11:09:39Z" uid="1" user="OSMnx" version="1" changeset="1"><nd ref="10845962350" /><nd ref="769028312" /><tag k="highway" v="tertiary" /><tag k="name" v="Chinchowali Bandar Road" /><tag k="oneway" v="no" /></way><way id="1926" timestamp="2026-03-12T11:09:39Z" uid="1" user="OSMnx" version="1" changeset="1"><nd ref="10845962350" /><nd ref="10845962342" /><tag k="highway" v="tertiary" /><tag k="name" v="['Chincholi Bunder Road', 'Chinchowali Bandar Road']" /><tag k="oneway" v="no" /></way><way id="1927" timestamp="2026-03-12T11:09:39Z" uid="1" user="OSMnx" version="1" changeset="1"><nd ref="10877176506" /><nd ref="4306257804" /><tag k="highway" v="secondary" /><tag k="name" v="Marve Road" /><tag k="oneway" v="no" /></way><way id="1928" timestamp="2026-03-12T11:09:39Z" uid="1" user="OSMnx" version="1" changeset="1"><nd ref="10877176507" /><nd ref="9887082723" /><tag k="highway" v="residential" /><tag k="oneway" v="no" /></way><way id="1929" timestamp="2026-03-12T11:09:39Z" uid="1" user="OSMnx" version="1" changeset="1"><nd ref="10879625871" /><nd ref="10595441729" /><tag k="highway" v="tertiary" /><tag k="oneway" v="no" /></way><way id="1930" timestamp="2026-03-12T11:09:39Z" uid="1" user="OSMnx" version="1" changeset="1"><nd ref="10921201537" /><nd ref="1342994767" /><tag k="highway" v="tertiary" /><tag k="lanes" v="2" /><tag k="name" v="Nanabhai Bhuleshwar Marg" /><tag k="oneway" v="no" /></way><way id="1931" timestamp="2026-03-12T11:09:39Z" uid="1" user="OSMnx" version="1" changeset="1"><nd ref="10921201537" /><nd ref="10921201541" /><tag k="highway" v="residential" /><tag k="oneway" v="no" /></way><way id="1932" timestamp="2026-03-12T11:09:39Z" uid="1" user="OSMnx" version="1" changeset="1"><nd ref="10921201541" /><nd ref="1343026949" /><tag k="highway" v="residential" /><tag k="oneway" v="no" /></way><way id="1933" timestamp="2026-03-12T11:09:39Z" uid="1" user="OSMnx" version="1" changeset="1"><nd ref="10921238993" /><nd ref="13409912186" /><tag k="highway" v="residential" /><tag k="oneway" v="no" /></way><way id="1934" timestamp="2026-03-12T11:09:39Z" uid="1" user="OSMnx" version="1" changeset="1"><nd ref="10921238993" /><nd ref="1185815163" /><tag k="highway" v="secondary" /><tag k="lanes" v="2" /><tag k="name" v="Chincholi Bunder Road" /><tag k="oneway" v="no" /></way><way id="1935" timestamp="2026-03-12T11:09:39Z" uid="1" user="OSMnx" version="1" changeset="1"><nd ref="10925572671" /><nd ref="10925572678" /><tag k="highway" v="residential" /><tag k="oneway" v="no" /></way><way id="1936" timestamp="2026-03-12T11:09:39Z" uid="1" user="OSMnx" version="1" changeset="1"><nd ref="10925572677" /><nd ref="10925572678" /><tag k="highway" v="residential" /><tag k="oneway" v="no" /></way><way id="1937" timestamp="2026-03-12T11:09:39Z" uid="1" user="OSMnx" version="1" changeset="1"><nd ref="10925572677" /><nd ref="10277477773" /><tag k="highway" v="secondary" /><tag k="name" v="Datta Mandir Road" /><tag k="oneway" v="no" /></way><way id="1938" timestamp="2026-03-12T11:09:39Z" uid="1" user="OSMnx" version="1" changeset="1"><nd ref="10925572678" /><nd ref="10925572676" /><tag k="highway" v="residential" /><tag k="oneway" v="no" /></way><way id="1939" timestamp="2026-03-12T11:09:39Z" uid="1" user="OSMnx" version="1" changeset="1"><nd ref="10936213033" /><nd ref="11038545600" /><tag k="highway" v="residential" /><tag k="oneway" v="no" /></way><way id="1940" timestamp="2026-03-12T11:09:39Z" uid="1" user="OSMnx" version="1" changeset="1"><nd ref="10936287023" /><nd ref="1186904904" /><tag k="highway" v="tertiary" /><tag k="name" v="Bajaj Marg" /><tag k="oneway" v="no" /></way><way id="1941" timestamp="2026-03-12T11:09:39Z" uid="1" user="OSMnx" version="1" changeset="1"><nd ref="10936287023" /><nd ref="10936287024" /><tag k="highway" v="residential" /><tag k="oneway" v="no" /></way><way id="1942" timestamp="2026-03-12T11:09:39Z" uid="1" user="OSMnx" version="1" changeset="1"><nd ref="10936299064" /><nd ref="2222707954" /><tag k="highway" v="residential" /><tag k="lanes" v="2" /><tag k="name" v="Adarsha Dughdalaya Road" /><tag k="oneway" v="no" /></way><way id="1943" timestamp="2026-03-12T11:09:39Z" uid="1" user="OSMnx" version="1" changeset="1"><nd ref="10936299064" /><nd ref="12873001089" /><tag k="highway" v="tertiary" /><tag k="name" v="Shankar Lane" /><tag k="oneway" v="no" /></way><way id="1944" timestamp="2026-03-12T11:09:39Z" uid="1" user="OSMnx" version="1" changeset="1"><nd ref="10936299065" /><nd ref="10936299064" /><tag k="highway" v="tertiary" /><tag k="name" v="Shankar Lane" /><tag k="oneway" v="no" /></way><way id="1945" timestamp="2026-03-12T11:09:39Z" uid="1" user="OSMnx" version="1" changeset="1"><nd ref="10936299065" /><nd ref="4352428946" /><tag k="highway" v="residential" /><tag k="oneway" v="no" /></way><way id="1946" timestamp="2026-03-12T11:09:39Z" uid="1" user="OSMnx" version="1" changeset="1"><nd ref="10936299069" /><nd ref="4352428949" /><tag k="highway" v="residential" /><tag k="oneway" v="no" /></way><way id="1947" timestamp="2026-03-12T11:09:39Z" uid="1" user="OSMnx" version="1" changeset="1"><nd ref="10936299069" /><nd ref="10936299065" /><tag k="highway" v="tertiary" /><tag k="name" v="Shankar Lane" /><tag k="oneway" v="no" /></way><way id="1948" timestamp="2026-03-12T11:09:39Z" uid="1" user="OSMnx" version="1" changeset="1"><nd ref="10936299074" /><nd ref="10936299075" /><tag k="highway" v="residential" /><tag k="oneway" v="no" /></way><way id="1949" timestamp="2026-03-12T11:09:39Z" uid="1" user="OSMnx" version="1" changeset="1"><nd ref="10936299074" /><nd ref="3795056351" /><tag k="highway" v="tertiary" /><tag k="name" v="Shankar Lane" /><tag k="oneway" v="no" /></way><way id="1950" timestamp="2026-03-12T11:09:39Z" uid="1" user="OSMnx" version="1" changeset="1"><nd ref="10936299075" /><nd ref="2222707952" /><tag k="highway" v="tertiary" /><tag k="name" v="Shankar Lane" /><tag k="oneway" v="no" /></way><way id="1951" timestamp="2026-03-12T11:09:39Z" uid="1" user="OSMnx" version="1" changeset="1"><nd ref="10936299075" /><nd ref="3795056472" /><tag k="highway" v="residential" /><tag k="oneway" v="no" /></way><way id="1952" timestamp="2026-03-12T11:09:39Z" uid="1" user="OSMnx" version="1" changeset="1"><nd ref="10936814953" /><nd ref="10936814955" /><tag k="highway" v="residential" /><tag k="oneway" v="no" /></way><way id="1953" timestamp="2026-03-12T11:09:39Z" uid="1" user="OSMnx" version="1" changeset="1"><nd ref="10936814955" /><nd ref="13382789420" /><tag k="highway" v="primary" /><tag k="name" v="Swami Vivekanand Road" /><tag k="oneway" v="no" /></way><way id="1954" timestamp="2026-03-12T11:09:39Z" uid="1" user="OSMnx" version="1" changeset="1"><nd ref="10938991536" /><nd ref="1361589361" /><tag k="highway" v="tertiary" /><tag k="name" v="Poddar Road" /><tag k="oneway" v="no" /></way><way id="1955" timestamp="2026-03-12T11:09:39Z" uid="1" user="OSMnx" version="1" changeset="1"><nd ref="10938991536" /><nd ref="1361589384" /><tag k="highway" v="residential" /><tag k="oneway" v="no" /></way><way id="1956" timestamp="2026-03-12T11:09:39Z" uid="1" user="OSMnx" version="1" changeset="1"><nd ref="10939568035" /><nd ref="2216231855" /><tag k="highway" v="residential" /><tag k="oneway" v="no" /></way><way id="1957" timestamp="2026-03-12T11:09:39Z" uid="1" user="OSMnx" version="1" changeset="1"><nd ref="10939568035" /><nd ref="2224023731" /><tag k="highway" v="tertiary" /><tag k="oneway" v="no" /></way><way id="1958" timestamp="2026-03-12T11:09:39Z" uid="1" user="OSMnx" version="1" changeset="1"><nd ref="10941564481" /><nd ref="3794269318" /><tag k="highway" v="secondary" /><tag k="name" v="Malad Marve Road" /><tag k="oneway" v="no" /></way><way id="1959" timestamp="2026-03-12T11:09:39Z" uid="1" user="OSMnx" version="1" changeset="1"><nd ref="10941564481" /><nd ref="10941564484" /><tag k="highway" v="residential" /><tag k="oneway" v="no" /></way><way id="1960" timestamp="2026-03-12T11:09:39Z" uid="1" user="OSMnx" version="1" changeset="1"><nd ref="10942446272" /><nd ref="2222708504" /><tag k="highway" v="residential" /><tag k="oneway" v="no" /></way><way id="1961" timestamp="2026-03-12T11:09:39Z" uid="1" user="OSMnx" version="1" changeset="1"><nd ref="10945620725" /><nd ref="7374550814" /><tag k="highway" v="residential" /><tag k="oneway" v="no" /></way><way id="1962" timestamp="2026-03-12T11:09:39Z" uid="1" user="OSMnx" version="1" changeset="1"><nd ref="10945917086" /><nd ref="10277481682" /><tag k="highway" v="residential" /><tag k="oneway" v="no" /></way><way id="1963" timestamp="2026-03-12T11:09:39Z" uid="1" user="OSMnx" version="1" changeset="1"><nd ref="10945917086" /><nd ref="1646854024" /><tag k="highway" v="secondary" /><tag k="oneway" v="no" /></way><way id="1964" timestamp="2026-03-12T11:09:39Z" uid="1" user="OSMnx" version="1" changeset="1"><nd ref="11021412066" /><nd ref="11021412068" /><tag k="highway" v="residential" /><tag k="oneway" v="no" /></way><way id="1965" timestamp="2026-03-12T11:09:39Z" uid="1" user="OSMnx" version="1" changeset="1"><nd ref="11021412068" /><nd ref="3795056169" /><tag k="highway" v="secondary" /><tag k="name" v="Kachipada Ramchandra Lane" /><tag k="oneway" v="no" /></way><way id="1966" timestamp="2026-03-12T11:09:39Z" uid="1" user="OSMnx" version="1" changeset="1"><nd ref="11027755171" /><nd ref="11027755175" /><tag k="highway" v="residential" /><tag k="oneway" v="no" /></way><way id="1967" timestamp="2026-03-12T11:09:39Z" uid="1" user="OSMnx" version="1" changeset="1"><nd ref="11027755171" /><nd ref="5938773179" /><tag k="highway" v="primary" /><tag k="name" v="Swami Vivekanand Road" /><tag k="oneway" v="no" /></way><way id="1968" timestamp="2026-03-12T11:09:39Z" uid="1" user="OSMnx" version="1" changeset="1"><nd ref="11031724808" /><nd ref="8606021913" /><tag k="highway" v="residential" /><tag k="oneway" v="no" /></way><way id="1969" timestamp="2026-03-12T11:09:39Z" uid="1" user="OSMnx" version="1" changeset="1"><nd ref="11033702827" /><nd ref="11033702826" /><tag k="highway" v="residential" /><tag k="oneway" v="no" /></way><way id="1970" timestamp="2026-03-12T11:09:39Z" uid="1" user="OSMnx" version="1" changeset="1"><nd ref="11033702827" /><nd ref="4352428923" /><tag k="highway" v="tertiary" /><tag k="name" v="Mamledar wadi Road" /><tag k="oneway" v="no" /></way><way id="1971" timestamp="2026-03-12T11:09:39Z" uid="1" user="OSMnx" version="1" changeset="1"><nd ref="11033740147" /><nd ref="8711234598" /><tag k="highway" v="residential" /><tag k="oneway" v="no" /></way><way id="1972" timestamp="2026-03-12T11:09:39Z" uid="1" user="OSMnx" version="1" changeset="1"><nd ref="11033740147" /><nd ref="11033740148" /><tag k="highway" v="residential" /><tag k="oneway" v="no" /></way><way id="1973" timestamp="2026-03-12T11:09:39Z" uid="1" user="OSMnx" version="1" changeset="1"><nd ref="11033744896" /><nd ref="3795056191" /><tag k="highway" v="residential" /><tag k="oneway" v="no" /></way><way id="1974" timestamp="2026-03-12T11:09:39Z" uid="1" user="OSMnx" version="1" changeset="1"><nd ref="11033759814" /><nd ref="11033759815" /><tag k="highway" v="residential" /><tag k="oneway" v="no" /></way><way id="1975" timestamp="2026-03-12T11:09:39Z" uid="1" user="OSMnx" version="1" changeset="1"><nd ref="11033759814" /><nd ref="2958524971" /><tag k="highway" v="residential" /><tag k="oneway" v="no" /></way><way id="1976" timestamp="2026-03-12T11:09:39Z" uid="1" user="OSMnx" version="1" changeset="1"><nd ref="11033764727" /><nd ref="11033764732" /><tag k="highway" v="residential" /><tag k="oneway" v="no" /></way><way id="1977" timestamp="2026-03-12T11:09:39Z" uid="1" user="OSMnx" version="1" changeset="1"><nd ref="11033764727" /><nd ref="3795055125" /><tag k="highway" v="residential" /><tag k="oneway" v="no" /></way><way id="1978" timestamp="2026-03-12T11:09:39Z" uid="1" user="OSMnx" version="1" changeset="1"><nd ref="11033764732" /><nd ref="11033764732" /><tag k="highway" v="residential" /><tag k="oneway" v="no" /></way><way id="1979" timestamp="2026-03-12T11:09:39Z" uid="1" user="OSMnx" version="1" changeset="1"><nd ref="11033768734" /><nd ref="11033764727" /><tag k="highway" v="residential" /><tag k="oneway" v="no" /></way><way id="1980" timestamp="2026-03-12T11:09:39Z" uid="1" user="OSMnx" version="1" changeset="1"><nd ref="11033768734" /><nd ref="11033768735" /><tag k="highway" v="residential" /><tag k="oneway" v="no" /></way><way id="1981" timestamp="2026-03-12T11:09:39Z" uid="1" user="OSMnx" version="1" changeset="1"><nd ref="11033769577" /><nd ref="11033775005" /><tag k="highway" v="residential" /><tag k="oneway" v="no" /></way><way id="1982" timestamp="2026-03-12T11:09:39Z" uid="1" user="OSMnx" version="1" changeset="1"><nd ref="11033769577" /><nd ref="11033769580" /><tag k="highway" v="residential" /><tag k="oneway" v="no" /></way><way id="1983" timestamp="2026-03-12T11:09:39Z" uid="1" user="OSMnx" version="1" changeset="1"><nd ref="11033769580" /><nd ref="11038581979" /><tag k="highway" v="residential" /><tag k="oneway" v="no" /></way><way id="1984" timestamp="2026-03-12T11:09:39Z" uid="1" user="OSMnx" version="1" changeset="1"><nd ref="11033775005" /><nd ref="11033775006" /><tag k="highway" v="residential" /><tag k="oneway" v="no" /></way><way id="1985" timestamp="2026-03-12T11:09:39Z" uid="1" user="OSMnx" version="1" changeset="1"><nd ref="11033775005" /><nd ref="1361563109" /><tag k="highway" v="residential" /><tag k="oneway" v="no" /></way><way id="1986" timestamp="2026-03-12T11:09:39Z" uid="1" user="OSMnx" version="1" changeset="1"><nd ref="11033780584" /><nd ref="11033780589" /><tag k="highway" v="residential" /><tag k="oneway" v="no" /></way><way id="1987" timestamp="2026-03-12T11:09:39Z" uid="1" user="OSMnx" version="1" changeset="1"><nd ref="11033780584" /><nd ref="7392412404" /><tag k="highway" v="primary" /><tag k="name" v="Swami Vivekanand Road" /><tag k="oneway" v="no" /></way><way id="1988" timestamp="2026-03-12T11:09:39Z" uid="1" user="OSMnx" version="1" changeset="1"><nd ref="11033902800" /><nd ref="11033902801" /><tag k="highway" v="residential" /><tag k="oneway" v="no" /></way><way id="1989" timestamp="2026-03-12T11:09:39Z" uid="1" user="OSMnx" version="1" changeset="1"><nd ref="11033902800" /><nd ref="1201343937" /><tag k="highway" v="tertiary" /><tag k="name" v="Rani Sati Marg" /><tag k="oneway" v="no" /></way><way id="1990" timestamp="2026-03-12T11:09:39Z" uid="1" user="OSMnx" version="1" changeset="1"><nd ref="11033905017" /><nd ref="11033905018" /><tag k="highway" v="residential" /><tag k="oneway" v="no" /></way><way id="1991" timestamp="2026-03-12T11:09:39Z" uid="1" user="OSMnx" version="1" changeset="1"><nd ref="11033905018" /><nd ref="11033905019" /><tag k="highway" v="residential" /><tag k="name" v="Kedarmal Road" /><tag k="oneway" v="no" /></way><way id="1992" timestamp="2026-03-12T11:09:39Z" uid="1" user="OSMnx" version="1" changeset="1"><nd ref="11033905019" /><nd ref="7379061333" /><tag k="highway" v="residential" /><tag k="name" v="Kedarmal Road" /><tag k="oneway" v="no" /></way><way id="1993" timestamp="2026-03-12T11:09:39Z" uid="1" user="OSMnx" version="1" changeset="1"><nd ref="11033905019" /><nd ref="11033905021" /><tag k="highway" v="residential" /><tag k="oneway" v="no" /></way><way id="1994" timestamp="2026-03-12T11:09:39Z" uid="1" user="OSMnx" version="1" changeset="1"><nd ref="11033905307" /><nd ref="11033905308" /><tag k="highway" v="residential" /><tag k="oneway" v="no" /></way><way id="1995" timestamp="2026-03-12T11:09:39Z" uid="1" user="OSMnx" version="1" changeset="1"><nd ref="11033905308" /><nd ref="1361605351" /><tag k="highway" v="residential" /><tag k="oneway" v="no" /></way><way id="1996" timestamp="2026-03-12T11:09:39Z" uid="1" user="OSMnx" version="1" changeset="1"><nd ref="11034079792" /><nd ref="9352512184" /><tag k="highway" v="residential" /><tag k="name" v="Irani Wadi Road" /><tag k="oneway" v="no" /></way><way id="1997" timestamp="2026-03-12T11:09:39Z" uid="1" user="OSMnx" version="1" changeset="1"><nd ref="11037162121" /><nd ref="2958525029" /><tag k="highway" v="secondary" /><tag k="name" v="Fr. Justin D'Souza Road" /><tag k="oneway" v="no" /></way><way id="1998" timestamp="2026-03-12T11:09:39Z" uid="1" user="OSMnx" version="1" changeset="1"><nd ref="11037162121" /><nd ref="11037162122" /><tag k="highway" v="residential" /><tag k="oneway" v="no" /></way><way id="1999" timestamp="2026-03-12T11:09:39Z" uid="1" user="OSMnx" version="1" changeset="1"><nd ref="11038476814" /><nd ref="11038476815" /><tag k="highway" v="residential" /><tag k="oneway" v="no" /></way><way id="2000" timestamp="2026-03-12T11:09:39Z" uid="1" user="OSMnx" version="1" changeset="1"><nd ref="11038476814" /><nd ref="9988805559" /><tag k="highway" v="residential" /><tag k="oneway" v="no" /></way><way id="2001" timestamp="2026-03-12T11:09:39Z" uid="1" user="OSMnx" version="1" changeset="1"><nd ref="11038545598" /><nd ref="1361584396" /><tag k="highway" v="residential" /><tag k="oneway" v="no" /></way><way id="2002" timestamp="2026-03-12T11:09:39Z" uid="1" user="OSMnx" version="1" changeset="1"><nd ref="11038545598" /><nd ref="1361563721" /><tag k="highway" v="tertiary" /><tag k="oneway" v="no" /></way><way id="2003" timestamp="2026-03-12T11:09:39Z" uid="1" user="OSMnx" version="1" changeset="1"><nd ref="11038545600" /><nd ref="1361590912" /><tag k="highway" v="residential" /><tag k="oneway" v="no" /></way><way id="2004" timestamp="2026-03-12T11:09:39Z" uid="1" user="OSMnx" version="1" changeset="1"><nd ref="11038545600" /><nd ref="11038557507" /><tag k="highway" v="tertiary" /><tag k="oneway" v="no" /></way><way id="2005" timestamp="2026-03-12T11:09:39Z" uid="1" user="OSMnx" version="1" changeset="1"><nd ref="11038545601" /><nd ref="11038545600" /><tag k="highway" v="tertiary" /><tag k="oneway" v="no" /></way><way id="2006" timestamp="2026-03-12T11:09:39Z" uid="1" user="OSMnx" version="1" changeset="1"><nd ref="11038545601" /><nd ref="10936213033" /><tag k="highway" v="living_street" /><tag k="oneway" v="no" /></way><way id="2007" timestamp="2026-03-12T11:09:39Z" uid="1" user="OSMnx" version="1" changeset="1"><nd ref="11038545602" /><nd ref="11038557509" /><tag k="highway" v="tertiary" /><tag k="oneway" v="no" /></way><way id="2008" timestamp="2026-03-12T11:09:39Z" uid="1" user="OSMnx" version="1" changeset="1"><nd ref="11038545603" /><nd ref="1361598558" /><tag k="highway" v="residential" /><tag k="name" v="Shivaji road" /><tag k="oneway" v="no" /></way><way id="2009" timestamp="2026-03-12T11:09:39Z" uid="1" user="OSMnx" version="1" changeset="1"><nd ref="11038545603" /><nd ref="11038545602" /><tag k="highway" v="tertiary" /><tag k="oneway" v="no" /></way><way id="2010" timestamp="2026-03-12T11:09:39Z" uid="1" user="OSMnx" version="1" changeset="1"><nd ref="11038557507" /><nd ref="11038545598" /><tag k="highway" v="tertiary" /><tag k="oneway" v="no" /></way><way id="2011" timestamp="2026-03-12T11:09:39Z" uid="1" user="OSMnx" version="1" changeset="1"><nd ref="11038557509" /><nd ref="11038545601" /><tag k="highway" v="tertiary" /><tag k="oneway" v="no" /></way><way id="2012" timestamp="2026-03-12T11:09:39Z" uid="1" user="OSMnx" version="1" changeset="1"><nd ref="11038557511" /><nd ref="11038545603" /><tag k="highway" v="tertiary" /><tag k="oneway" v="no" /></way><way id="2013" timestamp="2026-03-12T11:09:39Z" uid="1" user="OSMnx" version="1" changeset="1"><nd ref="11038581979" /><nd ref="11056107601" /><tag k="highway" v="residential" /><tag k="oneway" v="no" /></way><way id="2014" timestamp="2026-03-12T11:09:39Z" uid="1" user="OSMnx" version="1" changeset="1"><nd ref="11038581979" /><nd ref="11038581980" /><tag k="highway" v="residential" /><tag k="oneway" v="no" /></way><way id="2015" timestamp="2026-03-12T11:09:39Z" uid="1" user="OSMnx" version="1" changeset="1"><nd ref="11038636237" /><nd ref="1343001850" /><tag k="highway" v="residential" /><tag k="name" v="Cross Road Number 4" /><tag k="oneway" v="no" /></way><way id="2016" timestamp="2026-03-12T11:09:39Z" uid="1" user="OSMnx" version="1" changeset="1"><nd ref="11038636237" /><nd ref="12458645341" /><tag k="highway" v="residential" /><tag k="oneway" v="no" /></way><way id="2017" timestamp="2026-03-12T11:09:39Z" uid="1" user="OSMnx" version="1" changeset="1"><nd ref="11038636241" /><nd ref="1342993949" /><tag k="highway" v="residential" /><tag k="oneway" v="no" /></way><way id="2018" timestamp="2026-03-12T11:09:39Z" uid="1" user="OSMnx" version="1" changeset="1"><nd ref="11041648590" /><nd ref="1178819502" /><tag k="highway" v="tertiary" /><tag k="lanes" v="2" /><tag k="name" v="Chinchwali Road" /><tag k="oneway" v="no" /></way><way id="2019" timestamp="2026-03-12T11:09:39Z" uid="1" user="OSMnx" version="1" changeset="1"><nd ref="11041648590" /><nd ref="11041648594" /><tag k="highway" v="residential" /><tag k="oneway" v="no" /></way><way id="2020" timestamp="2026-03-12T11:09:39Z" uid="1" user="OSMnx" version="1" changeset="1"><nd ref="11041650636" /><nd ref="2233650754" /><tag k="highway" v="residential" /><tag k="name" v="S.V.Road" /><tag k="oneway" v="no" /></way><way id="2021" timestamp="2026-03-12T11:09:39Z" uid="1" user="OSMnx" version="1" changeset="1"><nd ref="11041650636" /><nd ref="11041650638" /><tag k="highway" v="residential" /><tag k="oneway" v="no" /></way><way id="2022" timestamp="2026-03-12T11:09:39Z" uid="1" user="OSMnx" version="1" changeset="1"><nd ref="11041836293" /><nd ref="7379061342" /><tag k="highway" v="residential" /><tag k="oneway" v="no" /></way><way id="2023" timestamp="2026-03-12T11:09:39Z" uid="1" user="OSMnx" version="1" changeset="1"><nd ref="11047776028" /><nd ref="12353311379" /><tag k="highway" v="residential" /><tag k="oneway" v="no" /></way><way id="2024" timestamp="2026-03-12T11:09:39Z" uid="1" user="OSMnx" version="1" changeset="1"><nd ref="11047776028" /><nd ref="9861077452" /><tag k="highway" v="tertiary" /><tag k="name" v="Haji Bapu Road" /><tag k="oneway" v="no" /></way><way id="2025" timestamp="2026-03-12T11:09:39Z" uid="1" user="OSMnx" version="1" changeset="1"><nd ref="11047776028" /><nd ref="11047776029" /><tag k="highway" v="residential" /><tag k="oneway" v="no" /></way><way id="2026" timestamp="2026-03-12T11:09:39Z" uid="1" user="OSMnx" version="1" changeset="1"><nd ref="11054349653" /><nd ref="11054349654" /><tag k="highway" v="residential" /><tag k="oneway" v="no" /></way><way id="2027" timestamp="2026-03-12T11:09:39Z" uid="1" user="OSMnx" version="1" changeset="1"><nd ref="11054349653" /><nd ref="3633829109" /><tag k="highway" v="residential" /><tag k="lanes" v="2" /><tag k="name" v="Madhur Society Road" /><tag k="oneway" v="no" /></way><way id="2028" timestamp="2026-03-12T11:09:39Z" uid="1" user="OSMnx" version="1" changeset="1"><nd ref="11054390106" /><nd ref="11054390107" /><tag k="highway" v="residential" /><tag k="oneway" v="no" /></way><way id="2029" timestamp="2026-03-12T11:09:39Z" uid="1" user="OSMnx" version="1" changeset="1"><nd ref="11054390106" /><nd ref="11054349653" /><tag k="highway" v="residential" /><tag k="lanes" v="2" /><tag k="name" v="Madhur Society Road" /><tag k="oneway" v="no" /></way><way id="2030" timestamp="2026-03-12T11:09:39Z" uid="1" user="OSMnx" version="1" changeset="1"><nd ref="11054457599" /><nd ref="7374089044" /><tag k="highway" v="residential" /><tag k="oneway" v="no" /></way><way id="2031" timestamp="2026-03-12T11:09:39Z" uid="1" user="OSMnx" version="1" changeset="1"><nd ref="11056107601" /><nd ref="11056107604" /><tag k="highway" v="residential" /><tag k="oneway" v="no" /></way><way id="2032" timestamp="2026-03-12T11:09:39Z" uid="1" user="OSMnx" version="1" changeset="1"><nd ref="11056107601" /><nd ref="9199168838" /><tag k="highway" v="residential" /><tag k="oneway" v="no" /></way><way id="2033" timestamp="2026-03-12T11:09:39Z" uid="1" user="OSMnx" version="1" changeset="1"><nd ref="11056107603" /><nd ref="11056107604" /><tag k="highway" v="residential" /><tag k="oneway" v="no" /></way><way id="2034" timestamp="2026-03-12T11:09:39Z" uid="1" user="OSMnx" version="1" changeset="1"><nd ref="11056107603" /><nd ref="3795056252" /><tag k="highway" v="residential" /><tag k="oneway" v="no" /></way><way id="2035" timestamp="2026-03-12T11:09:39Z" uid="1" user="OSMnx" version="1" changeset="1"><nd ref="11056107604" /><nd ref="11056107602" /><tag k="highway" v="residential" /><tag k="oneway" v="no" /></way><way id="2036" timestamp="2026-03-12T11:09:39Z" uid="1" user="OSMnx" version="1" changeset="1"><nd ref="11056492658" /><nd ref="7375877015" /><tag k="highway" v="residential" /><tag k="oneway" v="no" /></way><way id="2037" timestamp="2026-03-12T11:09:39Z" uid="1" user="OSMnx" version="1" changeset="1"><nd ref="11056582829" /><nd ref="627838144" /><tag k="highway" v="residential" /><tag k="name" v="Hemu Colony Road" /><tag k="oneway" v="no" /></way><way id="2038" timestamp="2026-03-12T11:09:39Z" uid="1" user="OSMnx" version="1" changeset="1"><nd ref="11056582829" /><nd ref="11056582830" /><tag k="highway" v="residential" /><tag k="oneway" v="no" /></way><way id="2039" timestamp="2026-03-12T11:09:39Z" uid="1" user="OSMnx" version="1" changeset="1"><nd ref="11056582830" /><nd ref="11056582831" /><tag k="highway" v="residential" /><tag k="oneway" v="no" /></way><way id="2040" timestamp="2026-03-12T11:09:39Z" uid="1" user="OSMnx" version="1" changeset="1"><nd ref="11056582830" /><nd ref="11056582835" /><tag k="highway" v="residential" /><tag k="oneway" v="no" /></way><way id="2041" timestamp="2026-03-12T11:09:39Z" uid="1" user="OSMnx" version="1" changeset="1"><nd ref="11056582832" /><nd ref="11056582830" /><tag k="highway" v="residential" /><tag k="oneway" v="no" /></way><way id="2042" timestamp="2026-03-12T11:09:39Z" uid="1" user="OSMnx" version="1" changeset="1"><nd ref="11057828331" /><nd ref="11057828332" /><tag k="highway" v="residential" /><tag k="oneway" v="no" /></way><way id="2043" timestamp="2026-03-12T11:09:39Z" uid="1" user="OSMnx" version="1" changeset="1"><nd ref="11057828331" /><nd ref="2222186341" /><tag k="highway" v="residential" /><tag k="oneway" v="no" /></way><way id="2044" timestamp="2026-03-12T11:09:39Z" uid="1" user="OSMnx" version="1" changeset="1"><nd ref="11057935964" /><nd ref="11057935965" /><tag k="highway" v="residential" /><tag k="oneway" v="no" /></way><way id="2045" timestamp="2026-03-12T11:09:39Z" uid="1" user="OSMnx" version="1" changeset="1"><nd ref="11057935964" /><nd ref="1365236412" /><tag k="highway" v="residential" /><tag k="name" v="Jitendra Rd" /><tag k="oneway" v="no" /></way><way id="2046" timestamp="2026-03-12T11:09:39Z" uid="1" user="OSMnx" version="1" changeset="1"><nd ref="11061148676" /><nd ref="11061148677" /><tag k="highway" v="residential" /><tag k="oneway" v="no" /></way><way id="2047" timestamp="2026-03-12T11:09:39Z" uid="1" user="OSMnx" version="1" changeset="1"><nd ref="11061148676" /><nd ref="1351195022" /><tag k="highway" v="residential" /><tag k="oneway" v="no" /></way><way id="2048" timestamp="2026-03-12T11:09:39Z" uid="1" user="OSMnx" version="1" changeset="1"><nd ref="11064522129" /><nd ref="2216231468" /><tag k="highway" v="residential" /><tag k="oneway" v="no" /></way><way id="2049" timestamp="2026-03-12T11:09:39Z" uid="1" user="OSMnx" version="1" changeset="1"><nd ref="11064522129" /><nd ref="11064522130" /><tag k="highway" v="residential" /><tag k="oneway" v="no" /></way><way id="2050" timestamp="2026-03-12T11:09:39Z" uid="1" user="OSMnx" version="1" changeset="1"><nd ref="11068307921" /><nd ref="4364516955" /><tag k="highway" v="residential" /><tag k="oneway" v="no" /></way><way id="2051" timestamp="2026-03-12T11:09:39Z" uid="1" user="OSMnx" version="1" changeset="1"><nd ref="11068307921" /><nd ref="11073250121" /><tag k="highway" v="residential" /><tag k="oneway" v="no" /></way><way id="2052" timestamp="2026-03-12T11:09:39Z" uid="1" user="OSMnx" version="1" changeset="1"><nd ref="11070528679" /><nd ref="2233650890" /><tag k="highway" v="residential" /><tag k="oneway" v="no" /></way><way id="2053" timestamp="2026-03-12T11:09:39Z" uid="1" user="OSMnx" version="1" changeset="1"><nd ref="11070528679" /><nd ref="11070528681" /><tag k="highway" v="residential" /><tag k="oneway" v="no" /></way><way id="2054" timestamp="2026-03-12T11:09:39Z" uid="1" user="OSMnx" version="1" changeset="1"><nd ref="11070528680" /><nd ref="2233650890" /><tag k="highway" v="residential" /><tag k="oneway" v="no" /></way><way id="2055" timestamp="2026-03-12T11:09:39Z" uid="1" user="OSMnx" version="1" changeset="1"><nd ref="11070529429" /><nd ref="627835897" /><tag k="highway" v="secondary" /><tag k="name" v="J Dsuoza Road" /><tag k="oneway" v="no" /></way><way id="2056" timestamp="2026-03-12T11:09:39Z" uid="1" user="OSMnx" version="1" changeset="1"><nd ref="11070529429" /><nd ref="13037031255" /><tag k="highway" v="residential" /><tag k="oneway" v="no" /></way><way id="2057" timestamp="2026-03-12T11:09:39Z" uid="1" user="OSMnx" version="1" changeset="1"><nd ref="11070540080" /><nd ref="7374413675" /><tag k="highway" v="tertiary" /><tag k="lanes" v="2" /><tag k="name" v="Nanabhai Bhuleshwar Marg" /><tag k="oneway" v="no" /></way><way id="2058" timestamp="2026-03-12T11:09:39Z" uid="1" user="OSMnx" version="1" changeset="1"><nd ref="11070540082" /><nd ref="11070540080" /><tag k="highway" v="residential" /><tag k="oneway" v="no" /></way><way id="2059" timestamp="2026-03-12T11:09:39Z" uid="1" user="OSMnx" version="1" changeset="1"><nd ref="11070603556" /><nd ref="2233650839" /><tag k="highway" v="residential" /><tag k="oneway" v="no" /></way><way id="2060" timestamp="2026-03-12T11:09:39Z" uid="1" user="OSMnx" version="1" changeset="1"><nd ref="11070603559" /><nd ref="11070603556" /><tag k="highway" v="residential" /><tag k="oneway" v="no" /></way><way id="2061" timestamp="2026-03-12T11:09:39Z" uid="1" user="OSMnx" version="1" changeset="1"><nd ref="11070771949" /><nd ref="2233650694" /><tag k="highway" v="residential" /><tag k="oneway" v="no" /></way><way id="2062" timestamp="2026-03-12T11:09:39Z" uid="1" user="OSMnx" version="1" changeset="1"><nd ref="11155598741" /><nd ref="1646685601" /><tag k="highway" v="tertiary" /><tag k="name" v="Ambedkar Road" /><tag k="oneway" v="no" /></way><way id="2063" timestamp="2026-03-12T11:09:39Z" uid="1" user="OSMnx" version="1" changeset="1"><nd ref="11217019849" /><nd ref="1166282329" /><tag k="highway" v="residential" /><tag k="oneway" v="no" /></way><way id="2064" timestamp="2026-03-12T11:09:39Z" uid="1" user="OSMnx" version="1" changeset="1"><nd ref="11243204115" /><nd ref="2720460580" /><tag k="highway" v="residential" /><tag k="oneway" v="no" /></way><way id="2065" timestamp="2026-03-12T11:09:39Z" uid="1" user="OSMnx" version="1" changeset="1"><nd ref="11243204118" /><nd ref="11243204117" /><tag k="highway" v="residential" /><tag k="oneway" v="no" /></way><way id="2066" timestamp="2026-03-12T11:09:39Z" uid="1" user="OSMnx" version="1" changeset="1"><nd ref="11243204118" /><nd ref="11243204115" /><tag k="highway" v="residential" /><tag k="oneway" v="no" /></way><way id="2067" timestamp="2026-03-12T11:09:39Z" uid="1" user="OSMnx" version="1" changeset="1"><nd ref="11254799221" /><nd ref="12299284372" /><tag k="highway" v="tertiary" /><tag k="oneway" v="no" /></way><way id="2068" timestamp="2026-03-12T11:09:39Z" uid="1" user="OSMnx" version="1" changeset="1"><nd ref="11254799221" /><nd ref="11254799222" /><tag k="highway" v="residential" /><tag k="oneway" v="no" /></way><way id="2069" timestamp="2026-03-12T11:09:39Z" uid="1" user="OSMnx" version="1" changeset="1"><nd ref="11254799222" /><nd ref="1343002720" /><tag k="highway" v="tertiary" /><tag k="oneway" v="no" /></way><way id="2070" timestamp="2026-03-12T11:09:39Z" uid="1" user="OSMnx" version="1" changeset="1"><nd ref="11430469526" /><nd ref="11430469527" /><tag k="highway" v="residential" /><tag k="oneway" v="no" /></way><way id="2071" timestamp="2026-03-12T11:09:39Z" uid="1" user="OSMnx" version="1" changeset="1"><nd ref="11430469526" /><nd ref="2233651552" /><tag k="highway" v="tertiary" /><tag k="lanes" v="2" /><tag k="name" v="L Raheja Marg" /><tag k="oneway" v="no" /></way><way id="2072" timestamp="2026-03-12T11:09:39Z" uid="1" user="OSMnx" version="1" changeset="1"><nd ref="11765870677" /><nd ref="11893511746" /><tag k="highway" v="residential" /><tag k="oneway" v="no" /></way><way id="2073" timestamp="2026-03-12T11:09:39Z" uid="1" user="OSMnx" version="1" changeset="1"><nd ref="11826800940" /><nd ref="2224023665" /><tag k="highway" v="residential" /><tag k="oneway" v="no" /></way><way id="2074" timestamp="2026-03-12T11:09:39Z" uid="1" user="OSMnx" version="1" changeset="1"><nd ref="11826800940" /><nd ref="11826800942" /><tag k="highway" v="tertiary" /><tag k="oneway" v="no" /></way><way id="2075" timestamp="2026-03-12T11:09:39Z" uid="1" user="OSMnx" version="1" changeset="1"><nd ref="11826800941" /><nd ref="2224023665" /><tag k="highway" v="tertiary" /><tag k="oneway" v="no" /></way><way id="2076" timestamp="2026-03-12T11:09:39Z" uid="1" user="OSMnx" version="1" changeset="1"><nd ref="11826800941" /><nd ref="11826800942" /><tag k="highway" v="tertiary_link" /><tag k="oneway" v="no" /></way><way id="2077" timestamp="2026-03-12T11:09:39Z" uid="1" user="OSMnx" version="1" changeset="1"><nd ref="11826800942" /><nd ref="10093838946" /><tag k="highway" v="tertiary" /><tag k="oneway" v="no" /></way><way id="2078" timestamp="2026-03-12T11:09:39Z" uid="1" user="OSMnx" version="1" changeset="1"><nd ref="11826800943" /><nd ref="2216231535" /><tag k="highway" v="residential" /><tag k="oneway" v="no" /></way><way id="2079" timestamp="2026-03-12T11:09:39Z" uid="1" user="OSMnx" version="1" changeset="1"><nd ref="11826800943" /><nd ref="10093838956" /><tag k="highway" v="tertiary" /><tag k="oneway" v="no" /></way><way id="2080" timestamp="2026-03-12T11:09:39Z" uid="1" user="OSMnx" version="1" changeset="1"><nd ref="11826800944" /><nd ref="2216231376" /><tag k="highway" v="residential" /><tag k="oneway" v="no" /></way><way id="2081" timestamp="2026-03-12T11:09:39Z" uid="1" user="OSMnx" version="1" changeset="1"><nd ref="11826800944" /><nd ref="10093838968" /><tag k="highway" v="tertiary" /><tag k="oneway" v="no" /></way><way id="2082" timestamp="2026-03-12T11:09:39Z" uid="1" user="OSMnx" version="1" changeset="1"><nd ref="11886275213" /><nd ref="7378448223" /><tag k="highway" v="primary" /><tag k="name" v="Swami Vivekanand Road" /><tag k="oneway" v="no" /></way><way id="2083" timestamp="2026-03-12T11:09:39Z" uid="1" user="OSMnx" version="1" changeset="1"><nd ref="11886275213" /><nd ref="11886275214" /><tag k="highway" v="residential" /><tag k="oneway" v="no" /></way><way id="2084" timestamp="2026-03-12T11:09:39Z" uid="1" user="OSMnx" version="1" changeset="1"><nd ref="11893511746" /><nd ref="1188783120" /><tag k="highway" v="residential" /><tag k="oneway" v="no" /></way><way id="2085" timestamp="2026-03-12T11:09:39Z" uid="1" user="OSMnx" version="1" changeset="1"><nd ref="11893511746" /><nd ref="11893511751" /><tag k="highway" v="residential" /><tag k="oneway" v="no" /></way><way id="2086" timestamp="2026-03-12T11:09:39Z" uid="1" user="OSMnx" version="1" changeset="1"><nd ref="11893511751" /><nd ref="11893511751" /><tag k="highway" v="residential" /><tag k="oneway" v="no" /></way><way id="2087" timestamp="2026-03-12T11:09:39Z" uid="1" user="OSMnx" version="1" changeset="1"><nd ref="11991486843" /><nd ref="769028312" /><tag k="highway" v="tertiary" /><tag k="oneway" v="no" /></way><way id="2088" timestamp="2026-03-12T11:09:39Z" uid="1" user="OSMnx" version="1" changeset="1"><nd ref="12071262429" /><nd ref="12073413533" /><tag k="highway" v="tertiary" /><tag k="name" v="Shankar Lane" /><tag k="oneway" v="no" /></way><way id="2089" timestamp="2026-03-12T11:09:39Z" uid="1" user="OSMnx" version="1" changeset="1"><nd ref="12071262429" /><nd ref="11033791714" /><tag k="highway" v="residential" /><tag k="oneway" v="no" /></way><way id="2090" timestamp="2026-03-12T11:09:39Z" uid="1" user="OSMnx" version="1" changeset="1"><nd ref="12071506764" /><nd ref="7374108526" /><tag k="highway" v="residential" /><tag k="name" v="Haji Bapu Patel Road" /><tag k="oneway" v="no" /></way><way id="2091" timestamp="2026-03-12T11:09:39Z" uid="1" user="OSMnx" version="1" changeset="1"><nd ref="12071506764" /><nd ref="12071506765" /><tag k="highway" v="residential" /><tag k="name" v="Mahindra Nagar Road Number 2" /><tag k="oneway" v="no" /></way><way id="2092" timestamp="2026-03-12T11:09:39Z" uid="1" user="OSMnx" version="1" changeset="1"><nd ref="12073413533" /><nd ref="10936299069" /><tag k="highway" v="tertiary" /><tag k="name" v="Shankar Lane" /><tag k="oneway" v="no" /></way><way id="2093" timestamp="2026-03-12T11:09:39Z" uid="1" user="OSMnx" version="1" changeset="1"><nd ref="12075229154" /><nd ref="12075229155" /><tag k="highway" v="residential" /><tag k="oneway" v="no" /></way><way id="2094" timestamp="2026-03-12T11:09:39Z" uid="1" user="OSMnx" version="1" changeset="1"><nd ref="12075229154" /><nd ref="4352428938" /><tag k="highway" v="residential" /><tag k="oneway" v="no" /></way><way id="2095" timestamp="2026-03-12T11:09:39Z" uid="1" user="OSMnx" version="1" changeset="1"><nd ref="12086530089" /><nd ref="10879625871" /><tag k="highway" v="tertiary" /><tag k="name" v="Ambedkar Road" /><tag k="oneway" v="no" /></way><way id="2096" timestamp="2026-03-12T11:09:39Z" uid="1" user="OSMnx" version="1" changeset="1"><nd ref="12124288546" /><nd ref="2233650742" /><tag k="highway" v="secondary" /><tag k="name" v="['Veer Savarkar Flyover', 'Goregaon Mulund Link Road']" /><tag k="oneway" v="no" /></way><way id="2097" timestamp="2026-03-12T11:09:39Z" uid="1" user="OSMnx" version="1" changeset="1"><nd ref="12124288562" /><nd ref="12124288546" /><tag k="highway" v="secondary" /><tag k="name" v="Veer Savarkar Flyover" /><tag k="oneway" v="no" /></way><way id="2098" timestamp="2026-03-12T11:09:39Z" uid="1" user="OSMnx" version="1" changeset="1"><nd ref="12124288562" /><nd ref="1194136040" /><tag k="highway" v="secondary" /><tag k="name" v="Goregaon Mulund Link Road" /><tag k="oneway" v="no" /></way><way id="2099" timestamp="2026-03-12T11:09:39Z" uid="1" user="OSMnx" version="1" changeset="1"><nd ref="12124288583" /><nd ref="1194135953" /><tag k="highway" v="secondary" /><tag k="name" v="Goregaon Mulund Link Road" /><tag k="oneway" v="no" /></way><way id="2100" timestamp="2026-03-12T11:09:39Z" uid="1" user="OSMnx" version="1" changeset="1"><nd ref="12124288583" /><nd ref="245678572" /><tag k="highway" v="secondary" /><tag k="name" v="Veer Savarkar Flyover" /><tag k="oneway" v="no" /></way><way id="2101" timestamp="2026-03-12T11:09:39Z" uid="1" user="OSMnx" version="1" changeset="1"><nd ref="12211992324" /><nd ref="8682265956" /><tag k="highway" v="residential" /><tag k="oneway" v="no" /></way><way id="2102" timestamp="2026-03-12T11:09:39Z" uid="1" user="OSMnx" version="1" changeset="1"><nd ref="12211992324" /><nd ref="1347492270" /><tag k="highway" v="residential" /><tag k="oneway" v="no" /></way><way id="2103" timestamp="2026-03-12T11:09:39Z" uid="1" user="OSMnx" version="1" changeset="1"><nd ref="12211992325" /><nd ref="1342999444" /><tag k="highway" v="residential" /><tag k="oneway" v="no" /></way><way id="2104" timestamp="2026-03-12T11:09:39Z" uid="1" user="OSMnx" version="1" changeset="1"><nd ref="12249800606" /><nd ref="12249800608" /><tag k="highway" v="residential" /><tag k="oneway" v="no" /></way><way id="2105" timestamp="2026-03-12T11:09:39Z" uid="1" user="OSMnx" version="1" changeset="1"><nd ref="12249800606" /><nd ref="4364487964" /><tag k="highway" v="tertiary" /><tag k="oneway" v="no" /></way><way id="2106" timestamp="2026-03-12T11:09:39Z" uid="1" user="OSMnx" version="1" changeset="1"><nd ref="12249800608" /><nd ref="12249800607" /><tag k="highway" v="residential" /><tag k="oneway" v="no" /></way><way id="2107" timestamp="2026-03-12T11:09:39Z" uid="1" user="OSMnx" version="1" changeset="1"><nd ref="12249800608" /><nd ref="12249800609" /><tag k="highway" v="residential" /><tag k="oneway" v="no" /></way><way id="2108" timestamp="2026-03-12T11:09:39Z" uid="1" user="OSMnx" version="1" changeset="1"><nd ref="12299284372" /><nd ref="12299284373" /><tag k="highway" v="residential" /><tag k="oneway" v="no" /></way><way id="2109" timestamp="2026-03-12T11:09:39Z" uid="1" user="OSMnx" version="1" changeset="1"><nd ref="12299284372" /><nd ref="10277511283" /><tag k="highway" v="tertiary" /><tag k="oneway" v="no" /></way><way id="2110" timestamp="2026-03-12T11:09:39Z" uid="1" user="OSMnx" version="1" changeset="1"><nd ref="12299284373" /><nd ref="11254799222" /><tag k="highway" v="tertiary" /><tag k="oneway" v="no" /></way><way id="2111" timestamp="2026-03-12T11:09:39Z" uid="1" user="OSMnx" version="1" changeset="1"><nd ref="12301077678" /><nd ref="769036599" /><tag k="highway" v="residential" /><tag k="oneway" v="no" /></way><way id="2112" timestamp="2026-03-12T11:09:39Z" uid="1" user="OSMnx" version="1" changeset="1"><nd ref="12330631588" /><nd ref="13441764123" /><tag k="highway" v="residential" /><tag k="oneway" v="no" /></way><way id="2113" timestamp="2026-03-12T11:09:39Z" uid="1" user="OSMnx" version="1" changeset="1"><nd ref="12330631588" /><nd ref="1646859133" /><tag k="highway" v="residential" /><tag k="oneway" v="no" /></way><way id="2114" timestamp="2026-03-12T11:09:39Z" uid="1" user="OSMnx" version="1" changeset="1"><nd ref="12330631589" /><nd ref="12330703644" /><tag k="highway" v="residential" /><tag k="oneway" v="no" /></way><way id="2115" timestamp="2026-03-12T11:09:39Z" uid="1" user="OSMnx" version="1" changeset="1"><nd ref="12330631591" /><nd ref="12330631592" /><tag k="highway" v="residential" /><tag k="oneway" v="no" /></way><way id="2116" timestamp="2026-03-12T11:09:39Z" uid="1" user="OSMnx" version="1" changeset="1"><nd ref="12330631591" /><nd ref="7388110233" /><tag k="highway" v="secondary" /><tag k="name" v="Malad Marve Road" /><tag k="oneway" v="no" /></way><way id="2117" timestamp="2026-03-12T11:09:39Z" uid="1" user="OSMnx" version="1" changeset="1"><nd ref="12330631592" /><nd ref="1646859183" /><tag k="highway" v="secondary" /><tag k="name" v="Malad Marve Road" /><tag k="oneway" v="no" /></way><way id="2118" timestamp="2026-03-12T11:09:39Z" uid="1" user="OSMnx" version="1" changeset="1"><nd ref="12330631596" /><nd ref="1646859162" /><tag k="highway" v="living_street" /><tag k="oneway" v="no" /></way><way id="2119" timestamp="2026-03-12T11:09:39Z" uid="1" user="OSMnx" version="1" changeset="1"><nd ref="12330631596" /><nd ref="12330673932" /><tag k="highway" v="residential" /><tag k="oneway" v="no" /></way><way id="2120" timestamp="2026-03-12T11:09:39Z" uid="1" user="OSMnx" version="1" changeset="1"><nd ref="12330673932" /><nd ref="12330673933" /><tag k="highway" v="residential" /><tag k="oneway" v="no" /></way><way id="2121" timestamp="2026-03-12T11:09:39Z" uid="1" user="OSMnx" version="1" changeset="1"><nd ref="12330673932" /><nd ref="12330720009" /><tag k="highway" v="residential" /><tag k="oneway" v="no" /></way><way id="2122" timestamp="2026-03-12T11:09:39Z" uid="1" user="OSMnx" version="1" changeset="1"><nd ref="12330673933" /><nd ref="1646859161" /><tag k="highway" v="residential" /><tag k="oneway" v="no" /></way><way id="2123" timestamp="2026-03-12T11:09:39Z" uid="1" user="OSMnx" version="1" changeset="1"><nd ref="12330703644" /><nd ref="12330703646" /><tag k="highway" v="residential" /><tag k="oneway" v="no" /></way><way id="2124" timestamp="2026-03-12T11:09:39Z" uid="1" user="OSMnx" version="1" changeset="1"><nd ref="12330703644" /><nd ref="12330703645" /><tag k="highway" v="residential" /><tag k="oneway" v="no" /></way><way id="2125" timestamp="2026-03-12T11:09:39Z" uid="1" user="OSMnx" version="1" changeset="1"><nd ref="12330703645" /><nd ref="1646859182" /><tag k="highway" v="residential" /><tag k="oneway" v="no" /></way><way id="2126" timestamp="2026-03-12T11:09:39Z" uid="1" user="OSMnx" version="1" changeset="1"><nd ref="12330703646" /><nd ref="12330703647" /><tag k="highway" v="residential" /><tag k="oneway" v="no" /></way><way id="2127" timestamp="2026-03-12T11:09:39Z" uid="1" user="OSMnx" version="1" changeset="1"><nd ref="12330703646" /><nd ref="12330631591" /><tag k="highway" v="residential" /><tag k="oneway" v="no" /></way><way id="2128" timestamp="2026-03-12T11:09:39Z" uid="1" user="OSMnx" version="1" changeset="1"><nd ref="12330703647" /><nd ref="12330703645" /><tag k="highway" v="residential" /><tag k="oneway" v="no" /></way><way id="2129" timestamp="2026-03-12T11:09:39Z" uid="1" user="OSMnx" version="1" changeset="1"><nd ref="12330720009" /><nd ref="1646859177" /><tag k="highway" v="residential" /><tag k="oneway" v="no" /></way><way id="2130" timestamp="2026-03-12T11:09:39Z" uid="1" user="OSMnx" version="1" changeset="1"><nd ref="12330720009" /><nd ref="12330631589" /><tag k="highway" v="residential" /><tag k="oneway" v="no" /></way><way id="2131" timestamp="2026-03-12T11:09:39Z" uid="1" user="OSMnx" version="1" changeset="1"><nd ref="12353311379" /><nd ref="1634012673" /><tag k="highway" v="tertiary" /><tag k="name" v="Haji Bapu Road" /><tag k="oneway" v="no" /></way><way id="2132" timestamp="2026-03-12T11:09:39Z" uid="1" user="OSMnx" version="1" changeset="1"><nd ref="12408665370" /><nd ref="12408665372" /><tag k="highway" v="tertiary" /><tag k="name" v="Pannalal Ghosh Road" /><tag k="oneway" v="no" /></way><way id="2133" timestamp="2026-03-12T11:09:39Z" uid="1" user="OSMnx" version="1" changeset="1"><nd ref="12408665370" /><nd ref="245678918" /><tag k="highway" v="primary" /><tag k="name" v="Link Road" /><tag k="oneway" v="no" /></way><way id="2134" timestamp="2026-03-12T11:09:39Z" uid="1" user="OSMnx" version="1" changeset="1"><nd ref="12408665371" /><nd ref="10277547713" /><tag k="highway" v="tertiary" /><tag k="oneway" v="no" /></way><way id="2135" timestamp="2026-03-12T11:09:39Z" uid="1" user="OSMnx" version="1" changeset="1"><nd ref="12408665372" /><nd ref="12408665371" /><tag k="highway" v="tertiary" /><tag k="name" v="Pannalal Ghosh Road" /><tag k="oneway" v="no" /></way><way id="2136" timestamp="2026-03-12T11:09:39Z" uid="1" user="OSMnx" version="1" changeset="1"><nd ref="12408665372" /><nd ref="6204119845" /><tag k="highway" v="primary" /><tag k="lanes" v="2" /><tag k="name" v="['Link Road', 'Goregaon Link Road']" /><tag k="oneway" v="no" /></way><way id="2137" timestamp="2026-03-12T11:09:39Z" uid="1" user="OSMnx" version="1" changeset="1"><nd ref="12435004791" /><nd ref="12435013204" /><tag k="highway" v="primary" /><tag k="name" v="Link Road" /><tag k="oneway" v="no" /></way><way id="2138" timestamp="2026-03-12T11:09:39Z" uid="1" user="OSMnx" version="1" changeset="1"><nd ref="12435004791" /><nd ref="12435004792" /><tag k="highway" v="residential" /><tag k="oneway" v="no" /></way><way id="2139" timestamp="2026-03-12T11:09:39Z" uid="1" user="OSMnx" version="1" changeset="1"><nd ref="12435013204" /><nd ref="245679943" /><tag k="highway" v="primary" /><tag k="name" v="Link Road" /><tag k="oneway" v="no" /></way><way id="2140" timestamp="2026-03-12T11:09:39Z" uid="1" user="OSMnx" version="1" changeset="1"><nd ref="12435013205" /><nd ref="12435013204" /><tag k="highway" v="residential" /><tag k="oneway" v="no" /></way><way id="2141" timestamp="2026-03-12T11:09:39Z" uid="1" user="OSMnx" version="1" changeset="1"><nd ref="12873001089" /><nd ref="2222707952" /><tag k="highway" v="residential" /><tag k="oneway" v="no" /></way><way id="2142" timestamp="2026-03-12T11:09:39Z" uid="1" user="OSMnx" version="1" changeset="1"><nd ref="12873001089" /><nd ref="10936299074" /><tag k="highway" v="tertiary" /><tag k="name" v="Shankar Lane" /><tag k="oneway" v="no" /></way><way id="2143" timestamp="2026-03-12T11:09:39Z" uid="1" user="OSMnx" version="1" changeset="1"><nd ref="13037031255" /><nd ref="13037031267" /><tag k="highway" v="residential" /><tag k="oneway" v="no" /></way><way id="2144" timestamp="2026-03-12T11:09:39Z" uid="1" user="OSMnx" version="1" changeset="1"><nd ref="13037031255" /><nd ref="13037031263" /><tag k="highway" v="residential" /><tag k="oneway" v="no" /></way><way id="2145" timestamp="2026-03-12T11:09:39Z" uid="1" user="OSMnx" version="1" changeset="1"><nd ref="13037031263" /><nd ref="13037031267" /><tag k="highway" v="residential" /><tag k="oneway" v="no" /></way><way id="2146" timestamp="2026-03-12T11:09:39Z" uid="1" user="OSMnx" version="1" changeset="1"><nd ref="13037031263" /><nd ref="13037031266" /><tag k="highway" v="residential" /><tag k="oneway" v="no" /></way><way id="2147" timestamp="2026-03-12T11:09:39Z" uid="1" user="OSMnx" version="1" changeset="1"><nd ref="13037031267" /><nd ref="13037031254" /><tag k="highway" v="residential" /><tag k="oneway" v="no" /></way><way id="2148" timestamp="2026-03-12T11:09:39Z" uid="1" user="OSMnx" version="1" changeset="1"><nd ref="13279030993" /><nd ref="245678584" /><tag k="highway" v="tertiary" /><tag k="oneway" v="no" /></way><way id="2149" timestamp="2026-03-12T11:09:39Z" uid="1" user="OSMnx" version="1" changeset="1"><nd ref="13279030993" /><nd ref="13279121406" /><tag k="highway" v="tertiary" /><tag k="oneway" v="no" /></way><way id="2150" timestamp="2026-03-12T11:09:39Z" uid="1" user="OSMnx" version="1" changeset="1"><nd ref="13279121403" /><nd ref="13279121404" /><tag k="highway" v="tertiary" /><tag k="oneway" v="no" /></way><way id="2151" timestamp="2026-03-12T11:09:39Z" uid="1" user="OSMnx" version="1" changeset="1"><nd ref="13279121404" /><nd ref="245678362" /><tag k="highway" v="tertiary" /><tag k="name" v="Vasari Hl Road" /><tag k="oneway" v="no" /></way><way id="2152" timestamp="2026-03-12T11:09:39Z" uid="1" user="OSMnx" version="1" changeset="1"><nd ref="13279121405" /><nd ref="13279121406" /><tag k="highway" v="tertiary" /><tag k="oneway" v="no" /></way><way id="2153" timestamp="2026-03-12T11:09:39Z" uid="1" user="OSMnx" version="1" changeset="1"><nd ref="13279121405" /><nd ref="13279030993" /><tag k="highway" v="tertiary" /><tag k="oneway" v="no" /></way><way id="2154" timestamp="2026-03-12T11:09:39Z" uid="1" user="OSMnx" version="1" changeset="1"><nd ref="13279121406" /><nd ref="13279121403" /><tag k="highway" v="tertiary" /><tag k="oneway" v="no" /></way><way id="2155" timestamp="2026-03-12T11:09:39Z" uid="1" user="OSMnx" version="1" changeset="1"><nd ref="13298813735" /><nd ref="10216903203" /><tag k="highway" v="residential" /><tag k="oneway" v="no" /></way><way id="2156" timestamp="2026-03-12T11:09:39Z" uid="1" user="OSMnx" version="1" changeset="1"><nd ref="13298813735" /><nd ref="13298813736" /><tag k="highway" v="residential" /><tag k="oneway" v="no" /></way><way id="2157" timestamp="2026-03-12T11:09:39Z" uid="1" user="OSMnx" version="1" changeset="1"><nd ref="13327911427" /><nd ref="3794262418" /><tag k="highway" v="residential" /><tag k="oneway" v="no" /></way><way id="2158" timestamp="2026-03-12T11:09:39Z" uid="1" user="OSMnx" version="1" changeset="1"><nd ref="13327911427" /><nd ref="3794262441" /><tag k="highway" v="residential" /><tag k="oneway" v="no" /></way><way id="2159" timestamp="2026-03-12T11:09:39Z" uid="1" user="OSMnx" version="1" changeset="1"><nd ref="13335369195" /><nd ref="3795056211" /><tag k="highway" v="secondary" /><tag k="name" v="Kachipada Ramchandra Lane" /><tag k="oneway" v="no" /></way><way id="2160" timestamp="2026-03-12T11:09:39Z" uid="1" user="OSMnx" version="1" changeset="1"><nd ref="13335369195" /><nd ref="13335369196" /><tag k="highway" v="residential" /><tag k="oneway" v="no" /></way><way id="2161" timestamp="2026-03-12T11:09:39Z" uid="1" user="OSMnx" version="1" changeset="1"><nd ref="13352597190" /><nd ref="13366777569" /><tag k="highway" v="primary" /><tag k="name" v="Swami Vivekanand Road" /><tag k="oneway" v="no" /></way><way id="2162" timestamp="2026-03-12T11:09:39Z" uid="1" user="OSMnx" version="1" changeset="1"><nd ref="13361372177" /><nd ref="13361372178" /><tag k="highway" v="residential" /><tag k="oneway" v="no" /></way><way id="2163" timestamp="2026-03-12T11:09:39Z" uid="1" user="OSMnx" version="1" changeset="1"><nd ref="13366777569" /><nd ref="13366777570" /><tag k="highway" v="residential" /><tag k="oneway" v="no" /></way><way id="2164" timestamp="2026-03-12T11:09:39Z" uid="1" user="OSMnx" version="1" changeset="1"><nd ref="13366777569" /><nd ref="6581357785" /><tag k="highway" v="primary" /><tag k="name" v="Swami Vivekanand Road" /><tag k="oneway" v="no" /></way><way id="2165" timestamp="2026-03-12T11:09:39Z" uid="1" user="OSMnx" version="1" changeset="1"><nd ref="13382767043" /><nd ref="10936814955" /><tag k="highway" v="primary" /><tag k="name" v="Swami Vivekanand Road" /><tag k="oneway" v="no" /></way><way id="2166" timestamp="2026-03-12T11:09:39Z" uid="1" user="OSMnx" version="1" changeset="1"><nd ref="13382767043" /><nd ref="13382767044" /><tag k="highway" v="residential" /><tag k="oneway" v="no" /></way><way id="2167" timestamp="2026-03-12T11:09:39Z" uid="1" user="OSMnx" version="1" changeset="1"><nd ref="13382789420" /><nd ref="1343000027" /><tag k="highway" v="primary" /><tag k="name" v="Swami Vivekanand Road" /><tag k="oneway" v="no" /></way><way id="2168" timestamp="2026-03-12T11:09:39Z" uid="1" user="OSMnx" version="1" changeset="1"><nd ref="13382789420" /><nd ref="13382789424" /><tag k="highway" v="residential" /><tag k="oneway" v="no" /></way><way id="2169" timestamp="2026-03-12T11:09:39Z" uid="1" user="OSMnx" version="1" changeset="1"><nd ref="13382849643" /><nd ref="3795056161" /><tag k="highway" v="residential" /><tag k="oneway" v="no" /></way><way id="2170" timestamp="2026-03-12T11:09:39Z" uid="1" user="OSMnx" version="1" changeset="1"><nd ref="13382939447" /><nd ref="1343000434" /><tag k="highway" v="residential" /><tag k="oneway" v="no" /></way><way id="2171" timestamp="2026-03-12T11:09:39Z" uid="1" user="OSMnx" version="1" changeset="1"><nd ref="13382939447" /><nd ref="13382939452" /><tag k="highway" v="residential" /><tag k="oneway" v="no" /></way><way id="2172" timestamp="2026-03-12T11:09:39Z" uid="1" user="OSMnx" version="1" changeset="1"><nd ref="13382974525" /><nd ref="13361372178" /><tag k="highway" v="residential" /><tag k="oneway" v="no" /></way><way id="2173" timestamp="2026-03-12T11:09:39Z" uid="1" user="OSMnx" version="1" changeset="1"><nd ref="13382974525" /><nd ref="1343002718" /><tag k="highway" v="secondary" /><tag k="name" v="Kachipada Ramchandra Lane" /><tag k="oneway" v="no" /></way><way id="2174" timestamp="2026-03-12T11:09:39Z" uid="1" user="OSMnx" version="1" changeset="1"><nd ref="13428815703" /><nd ref="13428815705" /><tag k="highway" v="residential" /><tag k="oneway" v="no" /></way><way id="2175" timestamp="2026-03-12T11:09:39Z" uid="1" user="OSMnx" version="1" changeset="1"><nd ref="13428815703" /><nd ref="3795056346" /><tag k="highway" v="primary" /><tag k="name" v="Swami Vivekanand Road" /><tag k="oneway" v="no" /></way><way id="2176" timestamp="2026-03-12T11:09:39Z" uid="1" user="OSMnx" version="1" changeset="1"><nd ref="13437737155" /><nd ref="4347060266" /><tag k="highway" v="residential" /><tag k="oneway" v="no" /></way><way id="2177" timestamp="2026-03-12T11:09:39Z" uid="1" user="OSMnx" version="1" changeset="1"><nd ref="13441764119" /><nd ref="9179528279" /><tag k="highway" v="residential" /><tag k="oneway" v="no" /></way><way id="2178" timestamp="2026-03-12T11:09:39Z" uid="1" user="OSMnx" version="1" changeset="1"><nd ref="13441764119" /><nd ref="10214145737" /><tag k="highway" v="residential" /><tag k="oneway" v="no" /></way><way id="2179" timestamp="2026-03-12T11:09:39Z" uid="1" user="OSMnx" version="1" changeset="1"><nd ref="13441764123" /><nd ref="13441764124" /><tag k="highway" v="residential" /><tag k="oneway" v="no" /></way><way id="2180" timestamp="2026-03-12T11:09:39Z" uid="1" user="OSMnx" version="1" changeset="1"><nd ref="13441764123" /><nd ref="13441764119" /><tag k="highway" v="residential" /><tag k="oneway" v="no" /></way><way id="2181" timestamp="2026-03-12T11:09:39Z" uid="1" user="OSMnx" version="1" changeset="1"><nd ref="13441764124" /><nd ref="1646859133" /><tag k="highway" v="residential" /><tag k="oneway" v="no" /></way><way id="2182" timestamp="2026-03-12T11:09:39Z" uid="1" user="OSMnx" version="1" changeset="1"><nd ref="13572591173" /><nd ref="13572591174" /><tag k="highway" v="primary_link" /><tag k="oneway" v="no" /></way><way id="2183" timestamp="2026-03-12T11:09:39Z" uid="1" user="OSMnx" version="1" changeset="1"><nd ref="13572591173" /><nd ref="10570451670" /><tag k="highway" v="primary" /><tag k="lanes" v="2" /><tag k="name" v="Link Road" /><tag k="oneway" v="no" /></way><way id="2184" timestamp="2026-03-12T11:09:39Z" uid="1" user="OSMnx" version="1" changeset="1"><nd ref="13572591174" /><nd ref="3794269339" /><tag k="highway" v="primary" /><tag k="name" v="Link Road" /><tag k="oneway" v="no" /></way><way id="2185" timestamp="2026-03-12T11:09:39Z" uid="1" user="OSMnx" version="1" changeset="1"><nd ref="13597681621" /><nd ref="8909135910" /><tag k="highway" v="secondary" /><tag k="name" v="Bhoomi Park Road" /><tag k="oneway" v="no" /></way><way id="2186" timestamp="2026-03-12T11:09:39Z" uid="1" user="OSMnx" version="1" changeset="1"><nd ref="13597681621" /><nd ref="7345380788" /><tag k="highway" v="secondary" /><tag k="oneway" v="no" /></way></osm>